scenario,cost_line,time_line,plan_file
"/home/thomasverwaal/Robust-Rail-NL/mathematical-models/scenarios_solver_types_120/scenario_solver_32_trains_5_units5.json","Cost of next node: Cost = 2,770.1 : 2,771.42 | cr=44, dd=32, da=30, tlv=0, sm=64, rd=179.06, cd=0, um=0","Time elapsed: 4.33 seconds","/home/thomasverwaal/Robust-Rail-NL/mathematical-models/local_search_plans_discreet_120/plan_32_trains_5_units5.json"
"/home/thomasverwaal/Robust-Rail-NL/mathematical-models/scenarios_solver_types_120/scenario_solver_32_trains_5_units5.json","Cost of next node: Cost = 2,735.3 : 2,736.61 | cr=40, dd=32, da=30, tlv=0, sm=64, rd=181.88, cd=0, um=0","Time elapsed: 4.45 seconds","/home/thomasverwaal/Robust-Rail-NL/mathematical-models/local_search_plans_discreet_120/plan_32_trains_5_units5.json"
"/home/thomasverwaal/Robust-Rail-NL/mathematical-models/scenarios_solver_types_120/scenario_solver_32_trains_5_units5.json","Cost of next node: Cost = 2,701.0 : 2,707.25 | cr=41, dd=32, da=28, tlv=1, sm=64, rd=179.06, cd=0, um=0","Time elapsed: 4.55 seconds","/home/thomasverwaal/Robust-Rail-NL/mathematical-models/local_search_plans_discreet_120/plan_32_trains_5_units5.json"
"/home/thomasverwaal/Robust-Rail-NL/mathematical-models/scenarios_solver_types_120/scenario_solver_32_trains_5_units5.json","Cost of next node: Cost = 2,673.3 : 2,674.61 | cr=40, dd=32, da=28, tlv=0, sm=64, rd=177.19, cd=0, um=0","Time elapsed: 4.70 seconds","/home/thomasverwaal/Robust-Rail-NL/mathematical-models/local_search_plans_discreet_120/plan_32_trains_5_units5.json"
"/home/thomasverwaal/Robust-Rail-NL/mathematical-models/scenarios_solver_types_120/scenario_solver_32_trains_5_units5.json","Cost of next node: Cost = 2,617.5 : 2,618.74 | cr=41, dd=32, da=25, tlv=0, sm=64, rd=170.62, cd=0, um=0","Time elapsed: 4.83 seconds","/home/thomasverwaal/Robust-Rail-NL/mathematical-models/local_search_plans_discreet_120/plan_32_trains_5_units5.json"
"/home/thomasverwaal/Robust-Rail-NL/mathematical-models/scenarios_solver_types_120/scenario_solver_32_trains_5_units5.json","Cost of next node: Cost = 2,429.7 : 2,435.94 | cr=36, dd=32, da=16, tlv=1, sm=64, rd=175.31, cd=0, um=0","Time elapsed: 4.94 seconds","/home/thomasverwaal/Robust-Rail-NL/mathematical-models/local_search_plans_discreet_120/plan_32_trains_5_units5.json"
"/home/thomasverwaal/Robust-Rail-NL/mathematical-models/scenarios_solver_types_120/scenario_solver_32_trains_5_units5.json","Cost of next node: Cost = 2,359.8 : 2,371.09 | cr=36, dd=32, da=12, tlv=2, sm=64, rd=167.81, cd=0, um=0","Time elapsed: 5.13 seconds","/home/thomasverwaal/Robust-Rail-NL/mathematical-models/local_search_plans_discreet_120/plan_32_trains_5_units5.json"
"/home/thomasverwaal/Robust-Rail-NL/mathematical-models/scenarios_solver_types_120/scenario_solver_32_trains_5_units5.json","Cost of next node: Cost = 2,332.1 : 2,348.34 | cr=33, dd=32, da=12, tlv=3, sm=64, rd=164.06, cd=0, um=0","Time elapsed: 5.44 seconds","/home/thomasverwaal/Robust-Rail-NL/mathematical-models/local_search_plans_discreet_120/plan_32_trains_5_units5.json"
"/home/thomasverwaal/Robust-Rail-NL/mathematical-models/scenarios_solver_types_120/scenario_solver_32_trains_5_units5.json","Cost of next node: Cost = 2,280.4 : 2,301.67 | cr=27, dd=32, da=12, tlv=4, sm=64, rd=161.25, cd=0, um=0","Time elapsed: 5.89 seconds","/home/thomasverwaal/Robust-Rail-NL/mathematical-models/local_search_plans_discreet_120/plan_32_trains_5_units5.json"
"/home/thomasverwaal/Robust-Rail-NL/mathematical-models/scenarios_solver_types_120/scenario_solver_32_trains_5_units5.json","Cost of next node: Cost = 2,253.0 : 2,279.28 | cr=26, dd=32, da=10, tlv=5, sm=64, rd=162.19, cd=0, um=0","Time elapsed: 6.45 seconds","/home/thomasverwaal/Robust-Rail-NL/mathematical-models/local_search_plans_discreet_120/plan_32_trains_5_units5.json"
"/home/thomasverwaal/Robust-Rail-NL/mathematical-models/scenarios_solver_types_120/scenario_solver_32_trains_5_units5.json","Cost of next node: Cost = 2,232.5 : 2,253.83 | cr=26, dd=32, da=10, tlv=4, sm=64, rd=157.50, cd=0, um=0","Time elapsed: 6.66 seconds","/home/thomasverwaal/Robust-Rail-NL/mathematical-models/local_search_plans_discreet_120/plan_32_trains_5_units5.json"
"/home/thomasverwaal/Robust-Rail-NL/mathematical-models/scenarios_solver_types_120/scenario_solver_32_trains_5_units5.json","Cost of next node: Cost = 2,197.5 : 2,223.83 | cr=21, dd=32, da=10, tlv=5, sm=64, rd=157.50, cd=0, um=0","Time elapsed: 7.42 seconds","/home/thomasverwaal/Robust-Rail-NL/mathematical-models/local_search_plans_discreet_120/plan_32_trains_5_units5.json"
"/home/thomasverwaal/Robust-Rail-NL/mathematical-models/scenarios_solver_types_120/scenario_solver_32_trains_5_units5.json","Cost of next node: Cost = 2,159.3 : 2,190.62 | cr=19, dd=32, da=9, tlv=6, sm=64, rd=151.88, cd=0, um=0","Time elapsed: 7.67 seconds","/home/thomasverwaal/Robust-Rail-NL/mathematical-models/local_search_plans_discreet_120/plan_32_trains_5_units5.json"
"/home/thomasverwaal/Robust-Rail-NL/mathematical-models/scenarios_solver_types_120/scenario_solver_32_trains_5_units5.json","Cost of next node: Cost = 2,130.5 : 2,166.83 | cr=19, dd=32, da=8, tlv=7, sm=64, rd=144.38, cd=0, um=0","Time elapsed: 7.94 seconds","/home/thomasverwaal/Robust-Rail-NL/mathematical-models/local_search_plans_discreet_120/plan_32_trains_5_units5.json"
"/home/thomasverwaal/Robust-Rail-NL/mathematical-models/scenarios_solver_types_120/scenario_solver_32_trains_5_units5.json","Cost of next node: Cost = 2,108.0 : 2,149.28 | cr=18, dd=32, da=8, tlv=8, sm=64, rd=135.00, cd=0, um=0","Time elapsed: 8.24 seconds","/home/thomasverwaal/Robust-Rail-NL/mathematical-models/local_search_plans_discreet_120/plan_32_trains_5_units5.json"
"/home/thomasverwaal/Robust-Rail-NL/mathematical-models/scenarios_solver_types_120/scenario_solver_32_trains_5_units5.json","Cost of next node: Cost = 2,074.8 : 2,121.12 | cr=15, dd=32, da=8, tlv=9, sm=64, rd=129.38, cd=0, um=0","Time elapsed: 8.54 seconds","/home/thomasverwaal/Robust-Rail-NL/mathematical-models/local_search_plans_discreet_120/plan_32_trains_5_units5.json"
"/home/thomasverwaal/Robust-Rail-NL/mathematical-models/scenarios_solver_types_120/scenario_solver_32_trains_5_units5.json","Cost of next node: Cost = 1,930.9 : 1,977.18 | cr=16, dd=29, da=8, tlv=9, sm=64, rd=126.56, cd=0, um=0","Time elapsed: 8.65 seconds","/home/thomasverwaal/Robust-Rail-NL/mathematical-models/local_search_plans_discreet_120/plan_32_trains_5_units5.json"
"/home/thomasverwaal/Robust-Rail-NL/mathematical-models/scenarios_solver_types_120/scenario_solver_32_trains_5_units5.json","Cost of next node: Cost = 1,831.3 : 1,877.59 | cr=16, dd=27, da=8, tlv=9, sm=64, rd=126.56, cd=0, um=0","Time elapsed: 8.80 seconds","/home/thomasverwaal/Robust-Rail-NL/mathematical-models/local_search_plans_discreet_120/plan_32_trains_5_units5.json"
"/home/thomasverwaal/Robust-Rail-NL/mathematical-models/scenarios_solver_types_120/scenario_solver_32_trains_5_units5.json","Cost of next node: Cost = 1,629.3 : 1,675.61 | cr=16, dd=23, da=8, tlv=9, sm=64, rd=120.00, cd=0, um=0","Time elapsed: 8.92 seconds","/home/thomasverwaal/Robust-Rail-NL/mathematical-models/local_search_plans_discreet_120/plan_32_trains_5_units5.json"
"/home/thomasverwaal/Robust-Rail-NL/mathematical-models/scenarios_solver_types_120/scenario_solver_32_trains_5_units5.json","Cost of next node: Cost = 1,570.7 : 1,616.96 | cr=15, dd=22, da=8, tlv=9, sm=64, rd=120.00, cd=0, um=0","Time elapsed: 9.09 seconds","/home/thomasverwaal/Robust-Rail-NL/mathematical-models/local_search_plans_discreet_120/plan_32_trains_5_units5.json"
"/home/thomasverwaal/Robust-Rail-NL/mathematical-models/scenarios_solver_types_120/scenario_solver_32_trains_5_units5.json","Cost of next node: Cost = 1,511.3 : 1,557.62 | cr=14, dd=21, da=8, tlv=9, sm=64, rd=120.00, cd=0, um=0","Time elapsed: 9.23 seconds","/home/thomasverwaal/Robust-Rail-NL/mathematical-models/local_search_plans_discreet_120/plan_32_trains_5_units5.json"
"/home/thomasverwaal/Robust-Rail-NL/mathematical-models/scenarios_solver_types_120/scenario_solver_32_trains_5_units5.json","Cost of next node: Cost = 1,486.1 : 1,537.34 | cr=15, dd=20, da=8, tlv=10, sm=64, rd=116.25, cd=0, um=0","Time elapsed: 9.41 seconds","/home/thomasverwaal/Robust-Rail-NL/mathematical-models/local_search_plans_discreet_120/plan_32_trains_5_units5.json"
"/home/thomasverwaal/Robust-Rail-NL/mathematical-models/scenarios_solver_types_120/scenario_solver_32_trains_5_units5.json","Cost of next node: Cost = 1,431.5 : 1,482.79 | cr=20, dd=18, da=8, tlv=10, sm=64, rd=112.50, cd=0, um=0","Time elapsed: 9.73 seconds","/home/thomasverwaal/Robust-Rail-NL/mathematical-models/local_search_plans_discreet_120/plan_32_trains_5_units5.json"
"/home/thomasverwaal/Robust-Rail-NL/mathematical-models/scenarios_solver_types_120/scenario_solver_32_trains_5_units5.json","Cost of next node: Cost = 1,390.7 : 1,442.01 | cr=21, dd=17, da=8, tlv=10, sm=64, rd=112.50, cd=0, um=0","Time elapsed: 9.87 seconds","/home/thomasverwaal/Robust-Rail-NL/mathematical-models/local_search_plans_discreet_120/plan_32_trains_5_units5.json"
"/home/thomasverwaal/Robust-Rail-NL/mathematical-models/scenarios_solver_types_120/scenario_solver_32_trains_5_units5.json","Cost of next node: Cost = 1,325.9 : 1,382.18 | cr=22, dd=16, da=6, tlv=11, sm=64, rd=113.44, cd=0, um=0","Time elapsed: 10.18 seconds","/home/thomasverwaal/Robust-Rail-NL/mathematical-models/local_search_plans_discreet_120/plan_32_trains_5_units5.json"
"/home/thomasverwaal/Robust-Rail-NL/mathematical-models/scenarios_solver_types_120/scenario_solver_32_trains_5_units5.json","Cost of next node: Cost = 1,264.6 : 1,320.92 | cr=22, dd=16, da=3, tlv=11, sm=64, rd=109.69, cd=0, um=0","Time elapsed: 10.73 seconds","/home/thomasverwaal/Robust-Rail-NL/mathematical-models/local_search_plans_discreet_120/plan_32_trains_5_units5.json"
"/home/thomasverwaal/Robust-Rail-NL/mathematical-models/scenarios_solver_types_120/scenario_solver_32_trains_5_units5.json","Cost of next node: Cost = 1,239.9 : 1,301.22 | cr=20, dd=16, da=2, tlv=12, sm=64, rd=105.94, cd=0, um=0","Time elapsed: 11.12 seconds","/home/thomasverwaal/Robust-Rail-NL/mathematical-models/local_search_plans_discreet_120/plan_32_trains_5_units5.json"
"/home/thomasverwaal/Robust-Rail-NL/mathematical-models/scenarios_solver_types_120/scenario_solver_32_trains_5_units5.json","Cost of next node: Cost = 1,135.1 : 1,201.38 | cr=20, dd=14, da=1, tlv=13, sm=64, rd=102.19, cd=0, um=0","Time elapsed: 11.41 seconds","/home/thomasverwaal/Robust-Rail-NL/mathematical-models/local_search_plans_discreet_120/plan_32_trains_5_units5.json"
"/home/thomasverwaal/Robust-Rail-NL/mathematical-models/scenarios_solver_types_120/scenario_solver_32_trains_5_units5.json","Cost of next node: Cost = 953.2 : 1,024.53 | cr=18, dd=11, da=0, tlv=14, sm=64, rd=94.69, cd=0, um=0","Time elapsed: 11.85 seconds","/home/thomasverwaal/Robust-Rail-NL/mathematical-models/local_search_plans_discreet_120/plan_32_trains_5_units5.json"
"/home/thomasverwaal/Robust-Rail-NL/mathematical-models/scenarios_solver_types_120/scenario_solver_32_trains_5_units5.json","Cost of next node: Cost = 557.0 : 633.28 | cr=17, dd=3, da=0, tlv=15, sm=64, rd=83.44, cd=0, um=0","Time elapsed: 12.20 seconds","/home/thomasverwaal/Robust-Rail-NL/mathematical-models/local_search_plans_discreet_120/plan_32_trains_5_units5.json"
"/home/thomasverwaal/Robust-Rail-NL/mathematical-models/scenarios_solver_types_120/scenario_solver_32_trains_5_units5.json","Cost of next node: Cost = 532.0 : 603.28 | cr=16, dd=3, da=0, tlv=14, sm=64, rd=83.44, cd=0, um=0","Time elapsed: 12.45 seconds","/home/thomasverwaal/Robust-Rail-NL/mathematical-models/local_search_plans_discreet_120/plan_32_trains_5_units5.json"
"/home/thomasverwaal/Robust-Rail-NL/mathematical-models/scenarios_solver_types_120/scenario_solver_32_trains_5_units5.json","Cost of next node: Cost = 467.7 : 539.00 | cr=18, dd=0, da=3, tlv=15, sm=65, rd=79.38, cd=0, um=0","Time elapsed: 14.38 seconds","/home/thomasverwaal/Robust-Rail-NL/mathematical-models/local_search_plans_discreet_120/plan_32_trains_5_units5.json"
"/home/thomasverwaal/Robust-Rail-NL/mathematical-models/scenarios_solver_types_120/scenario_solver_32_trains_5_units5.json","Cost of next node: Cost = 415.9 : 487.20 | cr=17, dd=0, da=1, tlv=15, sm=65, rd=75.69, cd=0, um=0","Time elapsed: 14.52 seconds","/home/thomasverwaal/Robust-Rail-NL/mathematical-models/local_search_plans_discreet_120/plan_32_trains_5_units5.json"
"/home/thomasverwaal/Robust-Rail-NL/mathematical-models/scenarios_solver_types_120/scenario_solver_32_trains_5_units5.json","Cost of next node: Cost = 395.0 : 466.30 | cr=17, dd=0, da=0, tlv=15, sm=65, rd=75.69, cd=0, um=0","Time elapsed: 15.03 seconds","/home/thomasverwaal/Robust-Rail-NL/mathematical-models/local_search_plans_discreet_120/plan_32_trains_5_units5.json"
"/home/thomasverwaal/Robust-Rail-NL/mathematical-models/scenarios_solver_types_120/scenario_solver_32_trains_5_units5.json","Cost of next node: Cost = 385.0 : 456.30 | cr=16, dd=0, da=0, tlv=15, sm=65, rd=77.54, cd=0, um=0","Time elapsed: 20.74 seconds","/home/thomasverwaal/Robust-Rail-NL/mathematical-models/local_search_plans_discreet_120/plan_32_trains_5_units5.json"
"/home/thomasverwaal/Robust-Rail-NL/mathematical-models/scenarios_solver_types_120/scenario_solver_32_trains_5_units5.json","Cost of next node: Cost = 375.0 : 446.30 | cr=15, dd=0, da=0, tlv=15, sm=65, rd=77.54, cd=0, um=0","Time elapsed: 25.50 seconds","/home/thomasverwaal/Robust-Rail-NL/mathematical-models/local_search_plans_discreet_120/plan_32_trains_5_units5.json"
"/home/thomasverwaal/Robust-Rail-NL/mathematical-models/scenarios_solver_types_120/scenario_solver_32_trains_5_units5.json","Cost of next node: Cost = 365.0 : 436.30 | cr=14, dd=0, da=0, tlv=15, sm=65, rd=77.54, cd=0, um=0","Time elapsed: 29.71 seconds","/home/thomasverwaal/Robust-Rail-NL/mathematical-models/local_search_plans_discreet_120/plan_32_trains_5_units5.json"
"/home/thomasverwaal/Robust-Rail-NL/mathematical-models/scenarios_solver_types_120/scenario_solver_32_trains_5_units5.json","Cost of next node: Cost = 355.0 : 426.30 | cr=13, dd=0, da=0, tlv=15, sm=65, rd=77.54, cd=0, um=0","Time elapsed: 33.13 seconds","/home/thomasverwaal/Robust-Rail-NL/mathematical-models/local_search_plans_discreet_120/plan_32_trains_5_units5.json"
"/home/thomasverwaal/Robust-Rail-NL/mathematical-models/scenarios_solver_types_120/scenario_solver_32_trains_5_units5.json","Cost of next node: Cost = 345.0 : 416.30 | cr=12, dd=0, da=0, tlv=15, sm=65, rd=79.38, cd=0, um=0","Time elapsed: 36.71 seconds","/home/thomasverwaal/Robust-Rail-NL/mathematical-models/local_search_plans_discreet_120/plan_32_trains_5_units5.json"
"/home/thomasverwaal/Robust-Rail-NL/mathematical-models/scenarios_solver_types_120/scenario_solver_32_trains_5_units5.json","Cost of next node: Cost = 335.0 : 411.28 | cr=11, dd=0, da=0, tlv=15, sm=64, rd=78.75, cd=0, um=0","Time elapsed: 39.62 seconds","/home/thomasverwaal/Robust-Rail-NL/mathematical-models/local_search_plans_discreet_120/plan_32_trains_5_units5.json"
"/home/thomasverwaal/Robust-Rail-NL/mathematical-models/scenarios_solver_types_120/scenario_solver_32_trains_5_units5.json","Cost of next node: Cost = 320.0 : 391.30 | cr=11, dd=0, da=0, tlv=14, sm=65, rd=79.38, cd=0, um=0","Time elapsed: 43.16 seconds","/home/thomasverwaal/Robust-Rail-NL/mathematical-models/local_search_plans_discreet_120/plan_32_trains_5_units5.json"
"/home/thomasverwaal/Robust-Rail-NL/mathematical-models/scenarios_solver_types_120/scenario_solver_32_trains_5_units5.json","Cost of next node: Cost = 310.0 : 381.30 | cr=10, dd=0, da=0, tlv=14, sm=65, rd=79.38, cd=0, um=0","Time elapsed: 46.17 seconds","/home/thomasverwaal/Robust-Rail-NL/mathematical-models/local_search_plans_discreet_120/plan_32_trains_5_units5.json"
"/home/thomasverwaal/Robust-Rail-NL/mathematical-models/scenarios_solver_types_120/scenario_solver_32_trains_5_units5.json","Cost of next node: Cost = 300.0 : 371.30 | cr=9, dd=0, da=0, tlv=14, sm=65, rd=79.38, cd=0, um=0","Time elapsed: 48.66 seconds","/home/thomasverwaal/Robust-Rail-NL/mathematical-models/local_search_plans_discreet_120/plan_32_trains_5_units5.json"
"/home/thomasverwaal/Robust-Rail-NL/mathematical-models/scenarios_solver_types_120/scenario_solver_32_trains_5_units5.json","Cost of next node: Cost = 290.0 : 361.30 | cr=8, dd=0, da=0, tlv=14, sm=65, rd=79.38, cd=0, um=0","Time elapsed: 51.40 seconds","/home/thomasverwaal/Robust-Rail-NL/mathematical-models/local_search_plans_discreet_120/plan_32_trains_5_units5.json"
"/home/thomasverwaal/Robust-Rail-NL/mathematical-models/scenarios_solver_types_120/scenario_solver_32_trains_5_units5.json","Cost of next node: Cost = 280.0 : 351.30 | cr=7, dd=0, da=0, tlv=14, sm=65, rd=79.38, cd=0, um=0","Time elapsed: 59.52 seconds","/home/thomasverwaal/Robust-Rail-NL/mathematical-models/local_search_plans_discreet_120/plan_32_trains_5_units5.json"
"/home/thomasverwaal/Robust-Rail-NL/mathematical-models/scenarios_solver_types_120/scenario_solver_32_trains_5_units5.json","Cost of next node: Cost = 270.0 : 341.30 | cr=6, dd=0, da=0, tlv=14, sm=65, rd=79.38, cd=0, um=0","Time elapsed: 60.94 seconds","/home/thomasverwaal/Robust-Rail-NL/mathematical-models/local_search_plans_discreet_120/plan_32_trains_5_units5.json"
"/home/thomasverwaal/Robust-Rail-NL/mathematical-models/scenarios_solver_types_120/scenario_solver_32_trains_5_units5.json","Cost of next node: Cost = 260.0 : 331.30 | cr=5, dd=0, da=0, tlv=14, sm=65, rd=79.38, cd=0, um=0","Time elapsed: 62.10 seconds","/home/thomasverwaal/Robust-Rail-NL/mathematical-models/local_search_plans_discreet_120/plan_32_trains_5_units5.json"
"/home/thomasverwaal/Robust-Rail-NL/mathematical-models/scenarios_solver_types_120/scenario_solver_32_trains_5_units5.json","Cost of next node: Cost = 240.0 : 311.30 | cr=3, dd=0, da=0, tlv=14, sm=65, rd=79.38, cd=0, um=0","Time elapsed: 62.99 seconds","/home/thomasverwaal/Robust-Rail-NL/mathematical-models/local_search_plans_discreet_120/plan_32_trains_5_units5.json"
"/home/thomasverwaal/Robust-Rail-NL/mathematical-models/scenarios_solver_types_120/scenario_solver_32_trains_5_units5.json","Cost of next node: Cost = 235.0 : 301.30 | cr=4, dd=0, da=0, tlv=13, sm=65, rd=81.23, cd=0, um=0","Time elapsed: 96.80 seconds","/home/thomasverwaal/Robust-Rail-NL/mathematical-models/local_search_plans_discreet_120/plan_32_trains_5_units5.json"
"/home/thomasverwaal/Robust-Rail-NL/mathematical-models/scenarios_solver_types_120/scenario_solver_32_trains_5_units5.json","NO_COST_FOUND","NO_TIME_FOUND","NO_PLAN_CREATED"
"/home/thomasverwaal/Robust-Rail-NL/mathematical-models/scenarios_solver_types_120/scenario_solver_32_trains_5_units6.json","Cost of next node: Cost = 2,801.0 : 2,802.31 | cr=47, dd=32, da=30, tlv=0, sm=64, rd=180.00, cd=0, um=0","Time elapsed: 4.34 seconds","/home/thomasverwaal/Robust-Rail-NL/mathematical-models/local_search_plans_discreet_120/plan_32_trains_5_units6.json"
"/home/thomasverwaal/Robust-Rail-NL/mathematical-models/scenarios_solver_types_120/scenario_solver_32_trains_5_units6.json","Cost of next node: Cost = 2,768.3 : 2,769.59 | cr=44, dd=32, da=30, tlv=0, sm=64, rd=180.00, cd=0, um=0","Time elapsed: 4.43 seconds","/home/thomasverwaal/Robust-Rail-NL/mathematical-models/local_search_plans_discreet_120/plan_32_trains_5_units6.json"
"/home/thomasverwaal/Robust-Rail-NL/mathematical-models/scenarios_solver_types_120/scenario_solver_32_trains_5_units6.json","Cost of next node: Cost = 2,745.6 : 2,746.86 | cr=42, dd=32, da=30, tlv=0, sm=64, rd=180.00, cd=0, um=0","Time elapsed: 4.51 seconds","/home/thomasverwaal/Robust-Rail-NL/mathematical-models/local_search_plans_discreet_120/plan_32_trains_5_units6.json"
"/home/thomasverwaal/Robust-Rail-NL/mathematical-models/scenarios_solver_types_120/scenario_solver_32_trains_5_units6.json","Cost of next node: Cost = 2,710.4 : 2,716.67 | cr=41, dd=32, da=29, tlv=1, sm=64, rd=177.19, cd=0, um=0","Time elapsed: 4.60 seconds","/home/thomasverwaal/Robust-Rail-NL/mathematical-models/local_search_plans_discreet_120/plan_32_trains_5_units6.json"
"/home/thomasverwaal/Robust-Rail-NL/mathematical-models/scenarios_solver_types_120/scenario_solver_32_trains_5_units6.json","Cost of next node: Cost = 2,655.2 : 2,661.50 | cr=43, dd=32, da=26, tlv=1, sm=64, rd=170.62, cd=0, um=0","Time elapsed: 4.79 seconds","/home/thomasverwaal/Robust-Rail-NL/mathematical-models/local_search_plans_discreet_120/plan_32_trains_5_units6.json"
"/home/thomasverwaal/Robust-Rail-NL/mathematical-models/scenarios_solver_types_120/scenario_solver_32_trains_5_units6.json","Cost of next node: Cost = 2,627.3 : 2,628.59 | cr=42, dd=32, da=26, tlv=0, sm=64, rd=168.75, cd=0, um=0","Time elapsed: 4.91 seconds","/home/thomasverwaal/Robust-Rail-NL/mathematical-models/local_search_plans_discreet_120/plan_32_trains_5_units6.json"
"/home/thomasverwaal/Robust-Rail-NL/mathematical-models/scenarios_solver_types_120/scenario_solver_32_trains_5_units6.json","Cost of next node: Cost = 2,402.8 : 2,409.12 | cr=39, dd=32, da=15, tlv=1, sm=64, rd=165.94, cd=0, um=0","Time elapsed: 5.05 seconds","/home/thomasverwaal/Robust-Rail-NL/mathematical-models/local_search_plans_discreet_120/plan_32_trains_5_units6.json"
"/home/thomasverwaal/Robust-Rail-NL/mathematical-models/scenarios_solver_types_120/scenario_solver_32_trains_5_units6.json","Cost of next node: Cost = 2,382.1 : 2,388.42 | cr=39, dd=32, da=14, tlv=1, sm=64, rd=163.12, cd=0, um=0","Time elapsed: 5.20 seconds","/home/thomasverwaal/Robust-Rail-NL/mathematical-models/local_search_plans_discreet_120/plan_32_trains_5_units6.json"
"/home/thomasverwaal/Robust-Rail-NL/mathematical-models/scenarios_solver_types_120/scenario_solver_32_trains_5_units6.json","Cost of next node: Cost = 2,337.1 : 2,348.36 | cr=39, dd=32, da=11, tlv=2, sm=64, rd=159.38, cd=0, um=0","Time elapsed: 5.35 seconds","/home/thomasverwaal/Robust-Rail-NL/mathematical-models/local_search_plans_discreet_120/plan_32_trains_5_units6.json"
"/home/thomasverwaal/Robust-Rail-NL/mathematical-models/scenarios_solver_types_120/scenario_solver_32_trains_5_units6.json","Cost of next node: Cost = 2,317.0 : 2,333.25 | cr=37, dd=32, da=11, tlv=3, sm=64, rd=153.75, cd=0, um=0","Time elapsed: 5.67 seconds","/home/thomasverwaal/Robust-Rail-NL/mathematical-models/local_search_plans_discreet_120/plan_32_trains_5_units6.json"
"/home/thomasverwaal/Robust-Rail-NL/mathematical-models/scenarios_solver_types_120/scenario_solver_32_trains_5_units6.json","Cost of next node: Cost = 2,287.2 : 2,303.46 | cr=36, dd=32, da=10, tlv=3, sm=64, rd=151.88, cd=0, um=0","Time elapsed: 6.21 seconds","/home/thomasverwaal/Robust-Rail-NL/mathematical-models/local_search_plans_discreet_120/plan_32_trains_5_units6.json"
"/home/thomasverwaal/Robust-Rail-NL/mathematical-models/scenarios_solver_types_120/scenario_solver_32_trains_5_units6.json","Cost of next node: Cost = 2,265.1 : 2,286.41 | cr=31, dd=32, da=10, tlv=4, sm=64, rd=155.62, cd=0, um=0","Time elapsed: 6.31 seconds","/home/thomasverwaal/Robust-Rail-NL/mathematical-models/local_search_plans_discreet_120/plan_32_trains_5_units6.json"
"/home/thomasverwaal/Robust-Rail-NL/mathematical-models/scenarios_solver_types_120/scenario_solver_32_trains_5_units6.json","Cost of next node: Cost = 2,242.2 : 2,263.46 | cr=30, dd=32, da=10, tlv=4, sm=64, rd=151.88, cd=0, um=0","Time elapsed: 6.55 seconds","/home/thomasverwaal/Robust-Rail-NL/mathematical-models/local_search_plans_discreet_120/plan_32_trains_5_units6.json"
"/home/thomasverwaal/Robust-Rail-NL/mathematical-models/scenarios_solver_types_120/scenario_solver_32_trains_5_units6.json","Cost of next node: Cost = 2,221.5 : 2,247.83 | cr=29, dd=32, da=10, tlv=5, sm=64, rd=146.25, cd=0, um=0","Time elapsed: 6.92 seconds","/home/thomasverwaal/Robust-Rail-NL/mathematical-models/local_search_plans_discreet_120/plan_32_trains_5_units6.json"
"/home/thomasverwaal/Robust-Rail-NL/mathematical-models/scenarios_solver_types_120/scenario_solver_32_trains_5_units6.json","Cost of next node: Cost = 2,196.2 : 2,227.46 | cr=25, dd=32, da=10, tlv=6, sm=64, rd=144.38, cd=0, um=0","Time elapsed: 7.33 seconds","/home/thomasverwaal/Robust-Rail-NL/mathematical-models/local_search_plans_discreet_120/plan_32_trains_5_units6.json"
"/home/thomasverwaal/Robust-Rail-NL/mathematical-models/scenarios_solver_types_120/scenario_solver_32_trains_5_units6.json","Cost of next node: Cost = 2,174.6 : 2,210.88 | cr=18, dd=32, da=10, tlv=7, sm=64, rd=151.88, cd=0, um=0","Time elapsed: 7.78 seconds","/home/thomasverwaal/Robust-Rail-NL/mathematical-models/local_search_plans_discreet_120/plan_32_trains_5_units6.json"
"/home/thomasverwaal/Robust-Rail-NL/mathematical-models/scenarios_solver_types_120/scenario_solver_32_trains_5_units6.json","Cost of next node: Cost = 2,149.5 : 2,190.79 | cr=19, dd=32, da=9, tlv=8, sm=64, rd=140.62, cd=0, um=0","Time elapsed: 8.26 seconds","/home/thomasverwaal/Robust-Rail-NL/mathematical-models/local_search_plans_discreet_120/plan_32_trains_5_units6.json"
"/home/thomasverwaal/Robust-Rail-NL/mathematical-models/scenarios_solver_types_120/scenario_solver_32_trains_5_units6.json","Cost of next node: Cost = 2,120.7 : 2,166.94 | cr=17, dd=32, da=8, tlv=9, sm=64, rd=136.88, cd=0, um=0","Time elapsed: 8.80 seconds","/home/thomasverwaal/Robust-Rail-NL/mathematical-models/local_search_plans_discreet_120/plan_32_trains_5_units6.json"
"/home/thomasverwaal/Robust-Rail-NL/mathematical-models/scenarios_solver_types_120/scenario_solver_32_trains_5_units6.json","Cost of next node: Cost = 2,093.0 : 2,139.30 | cr=16, dd=32, da=7, tlv=9, sm=64, rd=136.88, cd=0, um=0","Time elapsed: 9.09 seconds","/home/thomasverwaal/Robust-Rail-NL/mathematical-models/local_search_plans_discreet_120/plan_32_trains_5_units6.json"
"/home/thomasverwaal/Robust-Rail-NL/mathematical-models/scenarios_solver_types_120/scenario_solver_32_trains_5_units6.json","Cost of next node: Cost = 2,070.4 : 2,116.64 | cr=20, dd=32, da=5, tlv=9, sm=64, rd=129.38, cd=0, um=0","Time elapsed: 9.57 seconds","/home/thomasverwaal/Robust-Rail-NL/mathematical-models/local_search_plans_discreet_120/plan_32_trains_5_units6.json"
"/home/thomasverwaal/Robust-Rail-NL/mathematical-models/scenarios_solver_types_120/scenario_solver_32_trains_5_units6.json","Cost of next node: Cost = 2,047.6 : 2,093.92 | cr=18, dd=32, da=5, tlv=9, sm=64, rd=132.19, cd=0, um=0","Time elapsed: 9.69 seconds","/home/thomasverwaal/Robust-Rail-NL/mathematical-models/local_search_plans_discreet_120/plan_32_trains_5_units6.json"
"/home/thomasverwaal/Robust-Rail-NL/mathematical-models/scenarios_solver_types_120/scenario_solver_32_trains_5_units6.json","Cost of next node: Cost = 2,007.4 : 2,053.72 | cr=19, dd=31, da=5, tlv=9, sm=64, rd=132.19, cd=0, um=0","Time elapsed: 9.83 seconds","/home/thomasverwaal/Robust-Rail-NL/mathematical-models/local_search_plans_discreet_120/plan_32_trains_5_units6.json"
"/home/thomasverwaal/Robust-Rail-NL/mathematical-models/scenarios_solver_types_120/scenario_solver_32_trains_5_units6.json","Cost of next node: Cost = 1,908.7 : 1,954.98 | cr=19, dd=29, da=5, tlv=9, sm=64, rd=130.31, cd=0, um=0","Time elapsed: 10.18 seconds","/home/thomasverwaal/Robust-Rail-NL/mathematical-models/local_search_plans_discreet_120/plan_32_trains_5_units6.json"
"/home/thomasverwaal/Robust-Rail-NL/mathematical-models/scenarios_solver_types_120/scenario_solver_32_trains_5_units6.json","Cost of next node: Cost = 1,884.3 : 1,935.63 | cr=20, dd=28, da=5, tlv=10, sm=64, rd=128.44, cd=0, um=0","Time elapsed: 10.58 seconds","/home/thomasverwaal/Robust-Rail-NL/mathematical-models/local_search_plans_discreet_120/plan_32_trains_5_units6.json"
"/home/thomasverwaal/Robust-Rail-NL/mathematical-models/scenarios_solver_types_120/scenario_solver_32_trains_5_units6.json","Cost of next node: Cost = 1,859.3 : 1,905.63 | cr=19, dd=28, da=5, tlv=9, sm=64, rd=128.44, cd=0, um=0","Time elapsed: 10.98 seconds","/home/thomasverwaal/Robust-Rail-NL/mathematical-models/local_search_plans_discreet_120/plan_32_trains_5_units6.json"
"/home/thomasverwaal/Robust-Rail-NL/mathematical-models/scenarios_solver_types_120/scenario_solver_32_trains_5_units6.json","Cost of next node: Cost = 1,663.6 : 1,714.91 | cr=23, dd=23, da=5, tlv=10, sm=64, rd=122.81, cd=0, um=0","Time elapsed: 11.49 seconds","/home/thomasverwaal/Robust-Rail-NL/mathematical-models/local_search_plans_discreet_120/plan_32_trains_5_units6.json"
"/home/thomasverwaal/Robust-Rail-NL/mathematical-models/scenarios_solver_types_120/scenario_solver_32_trains_5_units6.json","Cost of next node: Cost = 1,633.6 : 1,684.91 | cr=20, dd=23, da=5, tlv=10, sm=64, rd=122.81, cd=0, um=0","Time elapsed: 11.65 seconds","/home/thomasverwaal/Robust-Rail-NL/mathematical-models/local_search_plans_discreet_120/plan_32_trains_5_units6.json"
"/home/thomasverwaal/Robust-Rail-NL/mathematical-models/scenarios_solver_types_120/scenario_solver_32_trains_5_units6.json","Cost of next node: Cost = 1,559.2 : 1,615.51 | cr=23, dd=21, da=4, tlv=11, sm=64, rd=119.06, cd=0, um=0","Time elapsed: 12.54 seconds","/home/thomasverwaal/Robust-Rail-NL/mathematical-models/local_search_plans_discreet_120/plan_32_trains_5_units6.json"
"/home/thomasverwaal/Robust-Rail-NL/mathematical-models/scenarios_solver_types_120/scenario_solver_32_trains_5_units6.json","Cost of next node: Cost = 1,519.2 : 1,575.51 | cr=19, dd=21, da=4, tlv=11, sm=64, rd=119.06, cd=0, um=0","Time elapsed: 12.65 seconds","/home/thomasverwaal/Robust-Rail-NL/mathematical-models/local_search_plans_discreet_120/plan_32_trains_5_units6.json"
"/home/thomasverwaal/Robust-Rail-NL/mathematical-models/scenarios_solver_types_120/scenario_solver_32_trains_5_units6.json","Cost of next node: Cost = 1,262.9 : 1,324.21 | cr=20, dd=16, da=3, tlv=12, sm=64, rd=109.69, cd=0, um=0","Time elapsed: 13.05 seconds","/home/thomasverwaal/Robust-Rail-NL/mathematical-models/local_search_plans_discreet_120/plan_32_trains_5_units6.json"
"/home/thomasverwaal/Robust-Rail-NL/mathematical-models/scenarios_solver_types_120/scenario_solver_32_trains_5_units6.json","Cost of next node: Cost = 1,230.7 : 1,292.02 | cr=22, dd=15, da=3, tlv=12, sm=64, rd=107.81, cd=0, um=0","Time elapsed: 13.13 seconds","/home/thomasverwaal/Robust-Rail-NL/mathematical-models/local_search_plans_discreet_120/plan_32_trains_5_units6.json"
"/home/thomasverwaal/Robust-Rail-NL/mathematical-models/scenarios_solver_types_120/scenario_solver_32_trains_5_units6.json","Cost of next node: Cost = 1,050.4 : 1,116.70 | cr=20, dd=12, da=2, tlv=13, sm=64, rd=102.19, cd=0, um=0","Time elapsed: 13.62 seconds","/home/thomasverwaal/Robust-Rail-NL/mathematical-models/local_search_plans_discreet_120/plan_32_trains_5_units6.json"
"/home/thomasverwaal/Robust-Rail-NL/mathematical-models/scenarios_solver_types_120/scenario_solver_32_trains_5_units6.json","Cost of next node: Cost = 1,002.2 : 1,073.44 | cr=20, dd=10, da=4, tlv=14, sm=64, rd=99.38, cd=0, um=0","Time elapsed: 13.75 seconds","/home/thomasverwaal/Robust-Rail-NL/mathematical-models/local_search_plans_discreet_120/plan_32_trains_5_units6.json"
"/home/thomasverwaal/Robust-Rail-NL/mathematical-models/scenarios_solver_types_120/scenario_solver_32_trains_5_units6.json","Cost of next node: Cost = 972.2 : 1,043.44 | cr=19, dd=10, da=3, tlv=14, sm=64, rd=97.50, cd=0, um=0","Time elapsed: 14.25 seconds","/home/thomasverwaal/Robust-Rail-NL/mathematical-models/local_search_plans_discreet_120/plan_32_trains_5_units6.json"
"/home/thomasverwaal/Robust-Rail-NL/mathematical-models/scenarios_solver_types_120/scenario_solver_32_trains_5_units6.json","Cost of next node: Cost = 937.7 : 1,003.99 | cr=19, dd=10, da=2, tlv=13, sm=64, rd=97.50, cd=0, um=0","Time elapsed: 14.74 seconds","/home/thomasverwaal/Robust-Rail-NL/mathematical-models/local_search_plans_discreet_120/plan_32_trains_5_units6.json"
"/home/thomasverwaal/Robust-Rail-NL/mathematical-models/scenarios_solver_types_120/scenario_solver_32_trains_5_units6.json","Cost of next node: Cost = 831.9 : 903.18 | cr=19, dd=8, da=1, tlv=14, sm=64, rd=93.75, cd=0, um=0","Time elapsed: 15.07 seconds","/home/thomasverwaal/Robust-Rail-NL/mathematical-models/local_search_plans_discreet_120/plan_32_trains_5_units6.json"
"/home/thomasverwaal/Robust-Rail-NL/mathematical-models/scenarios_solver_types_120/scenario_solver_32_trains_5_units6.json","Cost of next node: Cost = 674.5 : 750.78 | cr=19, dd=5, da=0, tlv=15, sm=64, rd=86.25, cd=0, um=0","Time elapsed: 15.34 seconds","/home/thomasverwaal/Robust-Rail-NL/mathematical-models/local_search_plans_discreet_120/plan_32_trains_5_units6.json"
"/home/thomasverwaal/Robust-Rail-NL/mathematical-models/scenarios_solver_types_120/scenario_solver_32_trains_5_units6.json","Cost of next node: Cost = 537.0 : 618.28 | cr=19, dd=2, da=0, tlv=16, sm=64, rd=79.69, cd=0, um=0","Time elapsed: 15.74 seconds","/home/thomasverwaal/Robust-Rail-NL/mathematical-models/local_search_plans_discreet_120/plan_32_trains_5_units6.json"
"/home/thomasverwaal/Robust-Rail-NL/mathematical-models/scenarios_solver_types_120/scenario_solver_32_trains_5_units6.json","Cost of next node: Cost = 420.0 : 501.28 | cr=18, dd=0, da=0, tlv=16, sm=64, rd=75.00, cd=0, um=0","Time elapsed: 15.92 seconds","/home/thomasverwaal/Robust-Rail-NL/mathematical-models/local_search_plans_discreet_120/plan_32_trains_5_units6.json"
"/home/thomasverwaal/Robust-Rail-NL/mathematical-models/scenarios_solver_types_120/scenario_solver_32_trains_5_units6.json","Cost of next node: Cost = 395.0 : 471.28 | cr=17, dd=0, da=0, tlv=15, sm=64, rd=75.00, cd=0, um=0","Time elapsed: 16.29 seconds","/home/thomasverwaal/Robust-Rail-NL/mathematical-models/local_search_plans_discreet_120/plan_32_trains_5_units6.json"
"/home/thomasverwaal/Robust-Rail-NL/mathematical-models/scenarios_solver_types_120/scenario_solver_32_trains_5_units6.json","Cost of next node: Cost = 380.0 : 451.28 | cr=17, dd=0, da=0, tlv=14, sm=64, rd=76.88, cd=0, um=0","Time elapsed: 21.43 seconds","/home/thomasverwaal/Robust-Rail-NL/mathematical-models/local_search_plans_discreet_120/plan_32_trains_5_units6.json"
"/home/thomasverwaal/Robust-Rail-NL/mathematical-models/scenarios_solver_types_120/scenario_solver_32_trains_5_units6.json","Cost of next node: Cost = 370.0 : 441.28 | cr=16, dd=0, da=0, tlv=14, sm=64, rd=76.88, cd=0, um=0","Time elapsed: 26.05 seconds","/home/thomasverwaal/Robust-Rail-NL/mathematical-models/local_search_plans_discreet_120/plan_32_trains_5_units6.json"
"/home/thomasverwaal/Robust-Rail-NL/mathematical-models/scenarios_solver_types_120/scenario_solver_32_trains_5_units6.json","Cost of next node: Cost = 360.0 : 431.28 | cr=15, dd=0, da=0, tlv=14, sm=64, rd=76.88, cd=0, um=0","Time elapsed: 30.59 seconds","/home/thomasverwaal/Robust-Rail-NL/mathematical-models/local_search_plans_discreet_120/plan_32_trains_5_units6.json"
"/home/thomasverwaal/Robust-Rail-NL/mathematical-models/scenarios_solver_types_120/scenario_solver_32_trains_5_units6.json","Cost of next node: Cost = 350.0 : 421.28 | cr=14, dd=0, da=0, tlv=14, sm=64, rd=76.88, cd=0, um=0","Time elapsed: 34.88 seconds","/home/thomasverwaal/Robust-Rail-NL/mathematical-models/local_search_plans_discreet_120/plan_32_trains_5_units6.json"
"/home/thomasverwaal/Robust-Rail-NL/mathematical-models/scenarios_solver_types_120/scenario_solver_32_trains_5_units6.json","Cost of next node: Cost = 340.0 : 411.28 | cr=13, dd=0, da=0, tlv=14, sm=64, rd=76.88, cd=0, um=0","Time elapsed: 39.34 seconds","/home/thomasverwaal/Robust-Rail-NL/mathematical-models/local_search_plans_discreet_120/plan_32_trains_5_units6.json"
"/home/thomasverwaal/Robust-Rail-NL/mathematical-models/scenarios_solver_types_120/scenario_solver_32_trains_5_units6.json","Cost of next node: Cost = 330.0 : 401.28 | cr=12, dd=0, da=0, tlv=14, sm=64, rd=76.88, cd=0, um=0","Time elapsed: 43.04 seconds","/home/thomasverwaal/Robust-Rail-NL/mathematical-models/local_search_plans_discreet_120/plan_32_trains_5_units6.json"
"/home/thomasverwaal/Robust-Rail-NL/mathematical-models/scenarios_solver_types_120/scenario_solver_32_trains_5_units6.json","Cost of next node: Cost = 320.0 : 391.28 | cr=11, dd=0, da=0, tlv=14, sm=64, rd=76.88, cd=0, um=0","Time elapsed: 46.78 seconds","/home/thomasverwaal/Robust-Rail-NL/mathematical-models/local_search_plans_discreet_120/plan_32_trains_5_units6.json"
"/home/thomasverwaal/Robust-Rail-NL/mathematical-models/scenarios_solver_types_120/scenario_solver_32_trains_5_units6.json","Cost of next node: Cost = 310.0 : 381.28 | cr=10, dd=0, da=0, tlv=14, sm=64, rd=76.88, cd=0, um=0","Time elapsed: 50.29 seconds","/home/thomasverwaal/Robust-Rail-NL/mathematical-models/local_search_plans_discreet_120/plan_32_trains_5_units6.json"
"/home/thomasverwaal/Robust-Rail-NL/mathematical-models/scenarios_solver_types_120/scenario_solver_32_trains_5_units6.json","Cost of next node: Cost = 300.0 : 371.28 | cr=9, dd=0, da=0, tlv=14, sm=64, rd=76.88, cd=0, um=0","Time elapsed: 53.41 seconds","/home/thomasverwaal/Robust-Rail-NL/mathematical-models/local_search_plans_discreet_120/plan_32_trains_5_units6.json"
"/home/thomasverwaal/Robust-Rail-NL/mathematical-models/scenarios_solver_types_120/scenario_solver_32_trains_5_units6.json","Cost of next node: Cost = 290.0 : 361.28 | cr=8, dd=0, da=0, tlv=14, sm=64, rd=76.88, cd=0, um=0","Time elapsed: 55.84 seconds","/home/thomasverwaal/Robust-Rail-NL/mathematical-models/local_search_plans_discreet_120/plan_32_trains_5_units6.json"
"/home/thomasverwaal/Robust-Rail-NL/mathematical-models/scenarios_solver_types_120/scenario_solver_32_trains_5_units6.json","Cost of next node: Cost = 280.0 : 351.28 | cr=7, dd=0, da=0, tlv=14, sm=64, rd=76.88, cd=0, um=0","Time elapsed: 57.88 seconds","/home/thomasverwaal/Robust-Rail-NL/mathematical-models/local_search_plans_discreet_120/plan_32_trains_5_units6.json"
"/home/thomasverwaal/Robust-Rail-NL/mathematical-models/scenarios_solver_types_120/scenario_solver_32_trains_5_units6.json","Cost of next node: Cost = 270.0 : 341.30 | cr=6, dd=0, da=0, tlv=14, sm=65, rd=77.54, cd=0, um=0","Time elapsed: 67.55 seconds","/home/thomasverwaal/Robust-Rail-NL/mathematical-models/local_search_plans_discreet_120/plan_32_trains_5_units6.json"
"/home/thomasverwaal/Robust-Rail-NL/mathematical-models/scenarios_solver_types_120/scenario_solver_32_trains_5_units6.json","Cost of next node: Cost = 260.0 : 331.30 | cr=5, dd=0, da=0, tlv=14, sm=65, rd=77.54, cd=0, um=0","Time elapsed: 68.89 seconds","/home/thomasverwaal/Robust-Rail-NL/mathematical-models/local_search_plans_discreet_120/plan_32_trains_5_units6.json"
"/home/thomasverwaal/Robust-Rail-NL/mathematical-models/scenarios_solver_types_120/scenario_solver_32_trains_5_units6.json","Cost of next node: Cost = 250.0 : 321.30 | cr=4, dd=0, da=0, tlv=14, sm=65, rd=79.38, cd=0, um=0","Time elapsed: 70.28 seconds","/home/thomasverwaal/Robust-Rail-NL/mathematical-models/local_search_plans_discreet_120/plan_32_trains_5_units6.json"
"/home/thomasverwaal/Robust-Rail-NL/mathematical-models/scenarios_solver_types_120/scenario_solver_32_trains_5_units6.json","Cost of next node: Cost = 240.0 : 311.30 | cr=3, dd=0, da=0, tlv=14, sm=65, rd=79.38, cd=0, um=0","Time elapsed: 71.57 seconds","/home/thomasverwaal/Robust-Rail-NL/mathematical-models/local_search_plans_discreet_120/plan_32_trains_5_units6.json"
"/home/thomasverwaal/Robust-Rail-NL/mathematical-models/scenarios_solver_types_120/scenario_solver_32_trains_5_units6.json","Cost of next node: Cost = 230.0 : 301.30 | cr=2, dd=0, da=0, tlv=14, sm=65, rd=81.23, cd=0, um=0","Time elapsed: 144.26 seconds","/home/thomasverwaal/Robust-Rail-NL/mathematical-models/local_search_plans_discreet_120/plan_32_trains_5_units6.json"
"/home/thomasverwaal/Robust-Rail-NL/mathematical-models/scenarios_solver_types_120/scenario_solver_32_trains_5_units6.json","NO_COST_FOUND","NO_TIME_FOUND","NO_PLAN_CREATED"
"/home/thomasverwaal/Robust-Rail-NL/mathematical-models/scenarios_solver_types_120/scenario_solver_32_trains_5_units7.json","Cost of next node: Cost = 2,800.9 : 2,802.23 | cr=46, dd=32, da=30, tlv=0, sm=64, rd=181.88, cd=0, um=0","Time elapsed: 4.35 seconds","/home/thomasverwaal/Robust-Rail-NL/mathematical-models/local_search_plans_discreet_120/plan_32_trains_5_units7.json"
"/home/thomasverwaal/Robust-Rail-NL/mathematical-models/scenarios_solver_types_120/scenario_solver_32_trains_5_units7.json","Cost of next node: Cost = 2,779.1 : 2,780.41 | cr=44, dd=32, da=30, tlv=0, sm=64, rd=181.88, cd=0, um=0","Time elapsed: 4.44 seconds","/home/thomasverwaal/Robust-Rail-NL/mathematical-models/local_search_plans_discreet_120/plan_32_trains_5_units7.json"
"/home/thomasverwaal/Robust-Rail-NL/mathematical-models/scenarios_solver_types_120/scenario_solver_32_trains_5_units7.json","Cost of next node: Cost = 2,746.5 : 2,747.77 | cr=41, dd=32, da=30, tlv=0, sm=64, rd=180.94, cd=0, um=0","Time elapsed: 4.52 seconds","/home/thomasverwaal/Robust-Rail-NL/mathematical-models/local_search_plans_discreet_120/plan_32_trains_5_units7.json"
"/home/thomasverwaal/Robust-Rail-NL/mathematical-models/scenarios_solver_types_120/scenario_solver_32_trains_5_units7.json","Cost of next node: Cost = 2,722.7 : 2,723.95 | cr=39, dd=32, da=30, tlv=0, sm=64, rd=180.94, cd=0, um=0","Time elapsed: 4.59 seconds","/home/thomasverwaal/Robust-Rail-NL/mathematical-models/local_search_plans_discreet_120/plan_32_trains_5_units7.json"
"/home/thomasverwaal/Robust-Rail-NL/mathematical-models/scenarios_solver_types_120/scenario_solver_32_trains_5_units7.json","Cost of next node: Cost = 2,695.0 : 2,701.26 | cr=39, dd=32, da=29, tlv=1, sm=64, rd=176.25, cd=0, um=0","Time elapsed: 4.72 seconds","/home/thomasverwaal/Robust-Rail-NL/mathematical-models/local_search_plans_discreet_120/plan_32_trains_5_units7.json"
"/home/thomasverwaal/Robust-Rail-NL/mathematical-models/scenarios_solver_types_120/scenario_solver_32_trains_5_units7.json","Cost of next node: Cost = 2,674.3 : 2,685.62 | cr=35, dd=32, da=29, tlv=2, sm=64, rd=177.19, cd=0, um=0","Time elapsed: 4.86 seconds","/home/thomasverwaal/Robust-Rail-NL/mathematical-models/local_search_plans_discreet_120/plan_32_trains_5_units7.json"
"/home/thomasverwaal/Robust-Rail-NL/mathematical-models/scenarios_solver_types_120/scenario_solver_32_trains_5_units7.json","Cost of next node: Cost = 2,649.8 : 2,661.06 | cr=35, dd=32, da=28, tlv=2, sm=64, rd=173.44, cd=0, um=0","Time elapsed: 4.97 seconds","/home/thomasverwaal/Robust-Rail-NL/mathematical-models/local_search_plans_discreet_120/plan_32_trains_5_units7.json"
"/home/thomasverwaal/Robust-Rail-NL/mathematical-models/scenarios_solver_types_120/scenario_solver_32_trains_5_units7.json","Cost of next node: Cost = 2,592.9 : 2,609.14 | cr=29, dd=32, da=27, tlv=3, sm=64, rd=172.50, cd=0, um=0","Time elapsed: 5.10 seconds","/home/thomasverwaal/Robust-Rail-NL/mathematical-models/local_search_plans_discreet_120/plan_32_trains_5_units7.json"
"/home/thomasverwaal/Robust-Rail-NL/mathematical-models/scenarios_solver_types_120/scenario_solver_32_trains_5_units7.json","Cost of next node: Cost = 2,502.9 : 2,524.17 | cr=29, dd=32, da=22, tlv=4, sm=64, rd=167.81, cd=0, um=0","Time elapsed: 5.20 seconds","/home/thomasverwaal/Robust-Rail-NL/mathematical-models/local_search_plans_discreet_120/plan_32_trains_5_units7.json"
"/home/thomasverwaal/Robust-Rail-NL/mathematical-models/scenarios_solver_types_120/scenario_solver_32_trains_5_units7.json","Cost of next node: Cost = 2,459.2 : 2,485.46 | cr=29, dd=32, da=19, tlv=5, sm=64, rd=164.06, cd=0, um=0","Time elapsed: 5.34 seconds","/home/thomasverwaal/Robust-Rail-NL/mathematical-models/local_search_plans_discreet_120/plan_32_trains_5_units7.json"
"/home/thomasverwaal/Robust-Rail-NL/mathematical-models/scenarios_solver_types_120/scenario_solver_32_trains_5_units7.json","Cost of next node: Cost = 2,420.3 : 2,446.62 | cr=32, dd=32, da=16, tlv=5, sm=64, rd=163.12, cd=0, um=0","Time elapsed: 5.60 seconds","/home/thomasverwaal/Robust-Rail-NL/mathematical-models/local_search_plans_discreet_120/plan_32_trains_5_units7.json"
"/home/thomasverwaal/Robust-Rail-NL/mathematical-models/scenarios_solver_types_120/scenario_solver_32_trains_5_units7.json","Cost of next node: Cost = 2,397.6 : 2,423.90 | cr=30, dd=32, da=16, tlv=5, sm=64, rd=161.25, cd=0, um=0","Time elapsed: 5.89 seconds","/home/thomasverwaal/Robust-Rail-NL/mathematical-models/local_search_plans_discreet_120/plan_32_trains_5_units7.json"
"/home/thomasverwaal/Robust-Rail-NL/mathematical-models/scenarios_solver_types_120/scenario_solver_32_trains_5_units7.json","Cost of next node: Cost = 2,302.7 : 2,334.03 | cr=29, dd=32, da=12, tlv=6, sm=64, rd=151.88, cd=0, um=0","Time elapsed: 6.23 seconds","/home/thomasverwaal/Robust-Rail-NL/mathematical-models/local_search_plans_discreet_120/plan_32_trains_5_units7.json"
"/home/thomasverwaal/Robust-Rail-NL/mathematical-models/scenarios_solver_types_120/scenario_solver_32_trains_5_units7.json","Cost of next node: Cost = 2,256.2 : 2,292.45 | cr=27, dd=32, da=11, tlv=7, sm=64, rd=142.50, cd=0, um=0","Time elapsed: 6.53 seconds","/home/thomasverwaal/Robust-Rail-NL/mathematical-models/local_search_plans_discreet_120/plan_32_trains_5_units7.json"
"/home/thomasverwaal/Robust-Rail-NL/mathematical-models/scenarios_solver_types_120/scenario_solver_32_trains_5_units7.json","Cost of next node: Cost = 2,231.5 : 2,272.75 | cr=23, dd=32, da=11, tlv=8, sm=64, rd=144.38, cd=0, um=0","Time elapsed: 6.72 seconds","/home/thomasverwaal/Robust-Rail-NL/mathematical-models/local_search_plans_discreet_120/plan_32_trains_5_units7.json"
"/home/thomasverwaal/Robust-Rail-NL/mathematical-models/scenarios_solver_types_120/scenario_solver_32_trains_5_units7.json","Cost of next node: Cost = 2,210.9 : 2,252.19 | cr=23, dd=32, da=10, tlv=8, sm=64, rd=140.62, cd=0, um=0","Time elapsed: 7.08 seconds","/home/thomasverwaal/Robust-Rail-NL/mathematical-models/local_search_plans_discreet_120/plan_32_trains_5_units7.json"
"/home/thomasverwaal/Robust-Rail-NL/mathematical-models/scenarios_solver_types_120/scenario_solver_32_trains_5_units7.json","Cost of next node: Cost = 2,185.7 : 2,232.00 | cr=15, dd=32, da=11, tlv=9, sm=64, rd=146.25, cd=0, um=0","Time elapsed: 7.55 seconds","/home/thomasverwaal/Robust-Rail-NL/mathematical-models/local_search_plans_discreet_120/plan_32_trains_5_units7.json"
"/home/thomasverwaal/Robust-Rail-NL/mathematical-models/scenarios_solver_types_120/scenario_solver_32_trains_5_units7.json","Cost of next node: Cost = 2,158.6 : 2,204.85 | cr=15, dd=32, da=10, tlv=9, sm=64, rd=150.00, cd=0, um=0","Time elapsed: 7.89 seconds","/home/thomasverwaal/Robust-Rail-NL/mathematical-models/local_search_plans_discreet_120/plan_32_trains_5_units7.json"
"/home/thomasverwaal/Robust-Rail-NL/mathematical-models/scenarios_solver_types_120/scenario_solver_32_trains_5_units7.json","Cost of next node: Cost = 2,126.8 : 2,168.08 | cr=16, dd=32, da=9, tlv=8, sm=64, rd=149.06, cd=0, um=0","Time elapsed: 8.42 seconds","/home/thomasverwaal/Robust-Rail-NL/mathematical-models/local_search_plans_discreet_120/plan_32_trains_5_units7.json"
"/home/thomasverwaal/Robust-Rail-NL/mathematical-models/scenarios_solver_types_120/scenario_solver_32_trains_5_units7.json","Cost of next node: Cost = 2,104.2 : 2,150.52 | cr=18, dd=32, da=7, tlv=9, sm=64, rd=141.56, cd=0, um=0","Time elapsed: 8.96 seconds","/home/thomasverwaal/Robust-Rail-NL/mathematical-models/local_search_plans_discreet_120/plan_32_trains_5_units7.json"
"/home/thomasverwaal/Robust-Rail-NL/mathematical-models/scenarios_solver_types_120/scenario_solver_32_trains_5_units7.json","Cost of next node: Cost = 2,073.4 : 2,124.72 | cr=16, dd=32, da=6, tlv=10, sm=64, rd=137.81, cd=0, um=0","Time elapsed: 9.57 seconds","/home/thomasverwaal/Robust-Rail-NL/mathematical-models/local_search_plans_discreet_120/plan_32_trains_5_units7.json"
"/home/thomasverwaal/Robust-Rail-NL/mathematical-models/scenarios_solver_types_120/scenario_solver_32_trains_5_units7.json","Cost of next node: Cost = 2,049.2 : 2,100.50 | cr=19, dd=31, da=6, tlv=10, sm=64, rd=132.19, cd=0, um=0","Time elapsed: 10.06 seconds","/home/thomasverwaal/Robust-Rail-NL/mathematical-models/local_search_plans_discreet_120/plan_32_trains_5_units7.json"
"/home/thomasverwaal/Robust-Rail-NL/mathematical-models/scenarios_solver_types_120/scenario_solver_32_trains_5_units7.json","Cost of next node: Cost = 1,990.2 : 2,041.51 | cr=18, dd=30, da=6, tlv=10, sm=64, rd=132.19, cd=0, um=0","Time elapsed: 10.18 seconds","/home/thomasverwaal/Robust-Rail-NL/mathematical-models/local_search_plans_discreet_120/plan_32_trains_5_units7.json"
"/home/thomasverwaal/Robust-Rail-NL/mathematical-models/scenarios_solver_types_120/scenario_solver_32_trains_5_units7.json","Cost of next node: Cost = 1,941.0 : 1,992.30 | cr=18, dd=29, da=6, tlv=10, sm=64, rd=132.19, cd=0, um=0","Time elapsed: 10.31 seconds","/home/thomasverwaal/Robust-Rail-NL/mathematical-models/local_search_plans_discreet_120/plan_32_trains_5_units7.json"
"/home/thomasverwaal/Robust-Rail-NL/mathematical-models/scenarios_solver_types_120/scenario_solver_32_trains_5_units7.json","Cost of next node: Cost = 1,908.0 : 1,959.31 | cr=20, dd=28, da=6, tlv=10, sm=64, rd=127.50, cd=0, um=0","Time elapsed: 10.54 seconds","/home/thomasverwaal/Robust-Rail-NL/mathematical-models/local_search_plans_discreet_120/plan_32_trains_5_units7.json"
"/home/thomasverwaal/Robust-Rail-NL/mathematical-models/scenarios_solver_types_120/scenario_solver_32_trains_5_units7.json","Cost of next node: Cost = 1,829.0 : 1,885.30 | cr=19, dd=27, da=5, tlv=11, sm=64, rd=118.12, cd=0, um=0","Time elapsed: 11.47 seconds","/home/thomasverwaal/Robust-Rail-NL/mathematical-models/local_search_plans_discreet_120/plan_32_trains_5_units7.json"
"/home/thomasverwaal/Robust-Rail-NL/mathematical-models/scenarios_solver_types_120/scenario_solver_32_trains_5_units7.json","Cost of next node: Cost = 1,787.8 : 1,844.04 | cr=20, dd=26, da=5, tlv=11, sm=64, rd=118.12, cd=0, um=0","Time elapsed: 11.62 seconds","/home/thomasverwaal/Robust-Rail-NL/mathematical-models/local_search_plans_discreet_120/plan_32_trains_5_units7.json"
"/home/thomasverwaal/Robust-Rail-NL/mathematical-models/scenarios_solver_types_120/scenario_solver_32_trains_5_units7.json","Cost of next node: Cost = 1,767.1 : 1,823.37 | cr=18, dd=26, da=5, tlv=11, sm=64, rd=118.12, cd=0, um=0","Time elapsed: 11.77 seconds","/home/thomasverwaal/Robust-Rail-NL/mathematical-models/local_search_plans_discreet_120/plan_32_trains_5_units7.json"
"/home/thomasverwaal/Robust-Rail-NL/mathematical-models/scenarios_solver_types_120/scenario_solver_32_trains_5_units7.json","Cost of next node: Cost = 1,722.7 : 1,778.98 | cr=19, dd=25, da=5, tlv=11, sm=64, rd=118.12, cd=0, um=0","Time elapsed: 11.98 seconds","/home/thomasverwaal/Robust-Rail-NL/mathematical-models/local_search_plans_discreet_120/plan_32_trains_5_units7.json"
"/home/thomasverwaal/Robust-Rail-NL/mathematical-models/scenarios_solver_types_120/scenario_solver_32_trains_5_units7.json","Cost of next node: Cost = 1,694.2 : 1,750.48 | cr=21, dd=24, da=5, tlv=11, sm=64, rd=116.25, cd=0, um=0","Time elapsed: 12.15 seconds","/home/thomasverwaal/Robust-Rail-NL/mathematical-models/local_search_plans_discreet_120/plan_32_trains_5_units7.json"
"/home/thomasverwaal/Robust-Rail-NL/mathematical-models/scenarios_solver_types_120/scenario_solver_32_trains_5_units7.json","Cost of next node: Cost = 1,531.5 : 1,582.73 | cr=25, dd=21, da=3, tlv=10, sm=64, rd=110.62, cd=0, um=0","Time elapsed: 12.48 seconds","/home/thomasverwaal/Robust-Rail-NL/mathematical-models/local_search_plans_discreet_120/plan_32_trains_5_units7.json"
"/home/thomasverwaal/Robust-Rail-NL/mathematical-models/scenarios_solver_types_120/scenario_solver_32_trains_5_units7.json","Cost of next node: Cost = 1,485.2 : 1,541.52 | cr=24, dd=20, da=3, tlv=11, sm=64, rd=108.75, cd=0, um=0","Time elapsed: 12.83 seconds","/home/thomasverwaal/Robust-Rail-NL/mathematical-models/local_search_plans_discreet_120/plan_32_trains_5_units7.json"
"/home/thomasverwaal/Robust-Rail-NL/mathematical-models/scenarios_solver_types_120/scenario_solver_32_trains_5_units7.json","Cost of next node: Cost = 1,460.2 : 1,511.52 | cr=23, dd=20, da=3, tlv=10, sm=64, rd=110.62, cd=0, um=0","Time elapsed: 13.03 seconds","/home/thomasverwaal/Robust-Rail-NL/mathematical-models/local_search_plans_discreet_120/plan_32_trains_5_units7.json"
"/home/thomasverwaal/Robust-Rail-NL/mathematical-models/scenarios_solver_types_120/scenario_solver_32_trains_5_units7.json","Cost of next node: Cost = 1,424.8 : 1,481.08 | cr=23, dd=19, da=3, tlv=11, sm=64, rd=108.75, cd=0, um=0","Time elapsed: 13.34 seconds","/home/thomasverwaal/Robust-Rail-NL/mathematical-models/local_search_plans_discreet_120/plan_32_trains_5_units7.json"
"/home/thomasverwaal/Robust-Rail-NL/mathematical-models/scenarios_solver_types_120/scenario_solver_32_trains_5_units7.json","Cost of next node: Cost = 1,394.8 : 1,451.08 | cr=20, dd=19, da=3, tlv=11, sm=64, rd=108.75, cd=0, um=0","Time elapsed: 13.94 seconds","/home/thomasverwaal/Robust-Rail-NL/mathematical-models/local_search_plans_discreet_120/plan_32_trains_5_units7.json"
"/home/thomasverwaal/Robust-Rail-NL/mathematical-models/scenarios_solver_types_120/scenario_solver_32_trains_5_units7.json","Cost of next node: Cost = 1,350.4 : 1,411.70 | cr=19, dd=18, da=3, tlv=12, sm=64, rd=105.00, cd=0, um=0","Time elapsed: 14.21 seconds","/home/thomasverwaal/Robust-Rail-NL/mathematical-models/local_search_plans_discreet_120/plan_32_trains_5_units7.json"
"/home/thomasverwaal/Robust-Rail-NL/mathematical-models/scenarios_solver_types_120/scenario_solver_32_trains_5_units7.json","Cost of next node: Cost = 1,101.8 : 1,168.08 | cr=15, dd=14, da=2, tlv=13, sm=64, rd=99.38, cd=0, um=0","Time elapsed: 14.61 seconds","/home/thomasverwaal/Robust-Rail-NL/mathematical-models/local_search_plans_discreet_120/plan_32_trains_5_units7.json"
"/home/thomasverwaal/Robust-Rail-NL/mathematical-models/scenarios_solver_types_120/scenario_solver_32_trains_5_units7.json","Cost of next node: Cost = 1,071.5 : 1,137.78 | cr=17, dd=13, da=2, tlv=13, sm=64, rd=99.38, cd=0, um=0","Time elapsed: 14.71 seconds","/home/thomasverwaal/Robust-Rail-NL/mathematical-models/local_search_plans_discreet_120/plan_32_trains_5_units7.json"
"/home/thomasverwaal/Robust-Rail-NL/mathematical-models/scenarios_solver_types_120/scenario_solver_32_trains_5_units7.json","Cost of next node: Cost = 1,046.5 : 1,107.78 | cr=16, dd=13, da=2, tlv=12, sm=64, rd=101.25, cd=0, um=0","Time elapsed: 14.89 seconds","/home/thomasverwaal/Robust-Rail-NL/mathematical-models/local_search_plans_discreet_120/plan_32_trains_5_units7.json"
"/home/thomasverwaal/Robust-Rail-NL/mathematical-models/scenarios_solver_types_120/scenario_solver_32_trains_5_units7.json","Cost of next node: Cost = 973.0 : 1,039.28 | cr=17, dd=11, da=2, tlv=13, sm=64, rd=95.62, cd=0, um=0","Time elapsed: 15.21 seconds","/home/thomasverwaal/Robust-Rail-NL/mathematical-models/local_search_plans_discreet_120/plan_32_trains_5_units7.json"
"/home/thomasverwaal/Robust-Rail-NL/mathematical-models/scenarios_solver_types_120/scenario_solver_32_trains_5_units7.json","Cost of next node: Cost = 798.4 : 869.65 | cr=15, dd=8, da=1, tlv=14, sm=64, rd=91.88, cd=0, um=0","Time elapsed: 15.52 seconds","/home/thomasverwaal/Robust-Rail-NL/mathematical-models/local_search_plans_discreet_120/plan_32_trains_5_units7.json"
"/home/thomasverwaal/Robust-Rail-NL/mathematical-models/scenarios_solver_types_120/scenario_solver_32_trains_5_units7.json","Cost of next node: Cost = 724.8 : 801.03 | cr=14, dd=7, da=0, tlv=15, sm=64, rd=84.38, cd=0, um=0","Time elapsed: 15.81 seconds","/home/thomasverwaal/Robust-Rail-NL/mathematical-models/local_search_plans_discreet_120/plan_32_trains_5_units7.json"
"/home/thomasverwaal/Robust-Rail-NL/mathematical-models/scenarios_solver_types_120/scenario_solver_32_trains_5_units7.json","Cost of next node: Cost = 511.0 : 592.28 | cr=16, dd=2, da=0, tlv=16, sm=64, rd=79.69, cd=0, um=0","Time elapsed: 16.25 seconds","/home/thomasverwaal/Robust-Rail-NL/mathematical-models/local_search_plans_discreet_120/plan_32_trains_5_units7.json"
"/home/thomasverwaal/Robust-Rail-NL/mathematical-models/scenarios_solver_types_120/scenario_solver_32_trains_5_units7.json","Cost of next node: Cost = 471.0 : 552.28 | cr=12, dd=2, da=0, tlv=16, sm=64, rd=79.69, cd=0, um=0","Time elapsed: 16.56 seconds","/home/thomasverwaal/Robust-Rail-NL/mathematical-models/local_search_plans_discreet_120/plan_32_trains_5_units7.json"
"/home/thomasverwaal/Robust-Rail-NL/mathematical-models/scenarios_solver_types_120/scenario_solver_32_trains_5_units7.json","Cost of next node: Cost = 360.0 : 441.28 | cr=12, dd=0, da=0, tlv=16, sm=64, rd=73.12, cd=0, um=0","Time elapsed: 16.76 seconds","/home/thomasverwaal/Robust-Rail-NL/mathematical-models/local_search_plans_discreet_120/plan_32_trains_5_units7.json"
"/home/thomasverwaal/Robust-Rail-NL/mathematical-models/scenarios_solver_types_120/scenario_solver_32_trains_5_units7.json","Cost of next node: Cost = 340.0 : 421.30 | cr=10, dd=0, da=0, tlv=16, sm=65, rd=73.85, cd=0, um=0","Time elapsed: 22.47 seconds","/home/thomasverwaal/Robust-Rail-NL/mathematical-models/local_search_plans_discreet_120/plan_32_trains_5_units7.json"
"/home/thomasverwaal/Robust-Rail-NL/mathematical-models/scenarios_solver_types_120/scenario_solver_32_trains_5_units7.json","Cost of next node: Cost = 325.0 : 401.30 | cr=10, dd=0, da=0, tlv=15, sm=65, rd=75.69, cd=0, um=0","Time elapsed: 27.44 seconds","/home/thomasverwaal/Robust-Rail-NL/mathematical-models/local_search_plans_discreet_120/plan_32_trains_5_units7.json"
"/home/thomasverwaal/Robust-Rail-NL/mathematical-models/scenarios_solver_types_120/scenario_solver_32_trains_5_units7.json","Cost of next node: Cost = 310.0 : 381.30 | cr=10, dd=0, da=0, tlv=14, sm=65, rd=77.54, cd=0, um=0","Time elapsed: 32.86 seconds","/home/thomasverwaal/Robust-Rail-NL/mathematical-models/local_search_plans_discreet_120/plan_32_trains_5_units7.json"
"/home/thomasverwaal/Robust-Rail-NL/mathematical-models/scenarios_solver_types_120/scenario_solver_32_trains_5_units7.json","Cost of next node: Cost = 300.0 : 371.30 | cr=9, dd=0, da=0, tlv=14, sm=65, rd=77.54, cd=0, um=0","Time elapsed: 37.17 seconds","/home/thomasverwaal/Robust-Rail-NL/mathematical-models/local_search_plans_discreet_120/plan_32_trains_5_units7.json"
"/home/thomasverwaal/Robust-Rail-NL/mathematical-models/scenarios_solver_types_120/scenario_solver_32_trains_5_units7.json","Cost of next node: Cost = 290.0 : 361.30 | cr=8, dd=0, da=0, tlv=14, sm=65, rd=77.54, cd=0, um=0","Time elapsed: 41.48 seconds","/home/thomasverwaal/Robust-Rail-NL/mathematical-models/local_search_plans_discreet_120/plan_32_trains_5_units7.json"
"/home/thomasverwaal/Robust-Rail-NL/mathematical-models/scenarios_solver_types_120/scenario_solver_32_trains_5_units7.json","Cost of next node: Cost = 280.0 : 351.30 | cr=7, dd=0, da=0, tlv=14, sm=65, rd=77.54, cd=0, um=0","Time elapsed: 45.23 seconds","/home/thomasverwaal/Robust-Rail-NL/mathematical-models/local_search_plans_discreet_120/plan_32_trains_5_units7.json"
"/home/thomasverwaal/Robust-Rail-NL/mathematical-models/scenarios_solver_types_120/scenario_solver_32_trains_5_units7.json","Cost of next node: Cost = 270.0 : 341.30 | cr=6, dd=0, da=0, tlv=14, sm=65, rd=77.54, cd=0, um=0","Time elapsed: 48.30 seconds","/home/thomasverwaal/Robust-Rail-NL/mathematical-models/local_search_plans_discreet_120/plan_32_trains_5_units7.json"
"/home/thomasverwaal/Robust-Rail-NL/mathematical-models/scenarios_solver_types_120/scenario_solver_32_trains_5_units7.json","Cost of next node: Cost = 260.0 : 331.30 | cr=5, dd=0, da=0, tlv=14, sm=65, rd=77.54, cd=0, um=0","Time elapsed: 50.68 seconds","/home/thomasverwaal/Robust-Rail-NL/mathematical-models/local_search_plans_discreet_120/plan_32_trains_5_units7.json"
"/home/thomasverwaal/Robust-Rail-NL/mathematical-models/scenarios_solver_types_120/scenario_solver_32_trains_5_units7.json","Cost of next node: Cost = 250.0 : 321.30 | cr=4, dd=0, da=0, tlv=14, sm=65, rd=77.54, cd=0, um=0","Time elapsed: 54.20 seconds","/home/thomasverwaal/Robust-Rail-NL/mathematical-models/local_search_plans_discreet_120/plan_32_trains_5_units7.json"
"/home/thomasverwaal/Robust-Rail-NL/mathematical-models/scenarios_solver_types_120/scenario_solver_32_trains_5_units7.json","Cost of next node: Cost = 245.0 : 321.30 | cr=2, dd=0, da=0, tlv=15, sm=65, rd=75.69, cd=0, um=0","Time elapsed: 56.01 seconds","/home/thomasverwaal/Robust-Rail-NL/mathematical-models/local_search_plans_discreet_120/plan_32_trains_5_units7.json"
"/home/thomasverwaal/Robust-Rail-NL/mathematical-models/scenarios_solver_types_120/scenario_solver_32_trains_5_units7.json","Cost of next node: Cost = 230.0 : 301.30 | cr=2, dd=0, da=0, tlv=14, sm=65, rd=77.54, cd=0, um=0","Time elapsed: 57.48 seconds","/home/thomasverwaal/Robust-Rail-NL/mathematical-models/local_search_plans_discreet_120/plan_32_trains_5_units7.json"
"/home/thomasverwaal/Robust-Rail-NL/mathematical-models/scenarios_solver_types_120/scenario_solver_32_trains_5_units7.json","Cost of next node: Cost = 220.0 : 291.30 | cr=1, dd=0, da=0, tlv=14, sm=65, rd=81.23, cd=0, um=0","Time elapsed: 58.88 seconds","/home/thomasverwaal/Robust-Rail-NL/mathematical-models/local_search_plans_discreet_120/plan_32_trains_5_units7.json"
"/home/thomasverwaal/Robust-Rail-NL/mathematical-models/scenarios_solver_types_120/scenario_solver_32_trains_5_units7.json","NO_COST_FOUND","NO_TIME_FOUND","NO_PLAN_CREATED"
"/home/thomasverwaal/Robust-Rail-NL/mathematical-models/scenarios_solver_types_120/scenario_solver_32_trains_5_units8.json","Cost of next node: Cost = 2,809.2 : 2,810.52 | cr=47, dd=32, da=30, tlv=0, sm=64, rd=180.94, cd=0, um=0","Time elapsed: 4.33 seconds","/home/thomasverwaal/Robust-Rail-NL/mathematical-models/local_search_plans_discreet_120/plan_32_trains_5_units8.json"
"/home/thomasverwaal/Robust-Rail-NL/mathematical-models/scenarios_solver_types_120/scenario_solver_32_trains_5_units8.json","Cost of next node: Cost = 2,780.6 : 2,781.88 | cr=44, dd=32, da=30, tlv=0, sm=64, rd=182.81, cd=0, um=0","Time elapsed: 4.48 seconds","/home/thomasverwaal/Robust-Rail-NL/mathematical-models/local_search_plans_discreet_120/plan_32_trains_5_units8.json"
"/home/thomasverwaal/Robust-Rail-NL/mathematical-models/scenarios_solver_types_120/scenario_solver_32_trains_5_units8.json","Cost of next node: Cost = 2,746.5 : 2,747.79 | cr=41, dd=32, da=30, tlv=0, sm=64, rd=182.81, cd=0, um=0","Time elapsed: 4.53 seconds","/home/thomasverwaal/Robust-Rail-NL/mathematical-models/local_search_plans_discreet_120/plan_32_trains_5_units8.json"
"/home/thomasverwaal/Robust-Rail-NL/mathematical-models/scenarios_solver_types_120/scenario_solver_32_trains_5_units8.json","Cost of next node: Cost = 2,703.7 : 2,705.01 | cr=41, dd=32, da=29, tlv=0, sm=64, rd=178.12, cd=0, um=0","Time elapsed: 4.73 seconds","/home/thomasverwaal/Robust-Rail-NL/mathematical-models/local_search_plans_discreet_120/plan_32_trains_5_units8.json"
"/home/thomasverwaal/Robust-Rail-NL/mathematical-models/scenarios_solver_types_120/scenario_solver_32_trains_5_units8.json","Cost of next node: Cost = 2,653.9 : 2,660.21 | cr=36, dd=32, da=28, tlv=1, sm=64, rd=180.94, cd=0, um=0","Time elapsed: 4.88 seconds","/home/thomasverwaal/Robust-Rail-NL/mathematical-models/local_search_plans_discreet_120/plan_32_trains_5_units8.json"
"/home/thomasverwaal/Robust-Rail-NL/mathematical-models/scenarios_solver_types_120/scenario_solver_32_trains_5_units8.json","Cost of next node: Cost = 2,530.1 : 2,536.43 | cr=38, dd=32, da=21, tlv=1, sm=64, rd=174.38, cd=0, um=0","Time elapsed: 5.05 seconds","/home/thomasverwaal/Robust-Rail-NL/mathematical-models/local_search_plans_discreet_120/plan_32_trains_5_units8.json"
"/home/thomasverwaal/Robust-Rail-NL/mathematical-models/scenarios_solver_types_120/scenario_solver_32_trains_5_units8.json","Cost of next node: Cost = 2,499.0 : 2,505.25 | cr=34, dd=32, da=21, tlv=1, sm=64, rd=178.12, cd=0, um=0","Time elapsed: 5.17 seconds","/home/thomasverwaal/Robust-Rail-NL/mathematical-models/local_search_plans_discreet_120/plan_32_trains_5_units8.json"
"/home/thomasverwaal/Robust-Rail-NL/mathematical-models/scenarios_solver_types_120/scenario_solver_32_trains_5_units8.json","Cost of next node: Cost = 2,442.5 : 2,448.75 | cr=34, dd=32, da=18, tlv=1, sm=64, rd=179.06, cd=0, um=0","Time elapsed: 5.29 seconds","/home/thomasverwaal/Robust-Rail-NL/mathematical-models/local_search_plans_discreet_120/plan_32_trains_5_units8.json"
"/home/thomasverwaal/Robust-Rail-NL/mathematical-models/scenarios_solver_types_120/scenario_solver_32_trains_5_units8.json","Cost of next node: Cost = 2,393.3 : 2,404.59 | cr=32, dd=32, da=16, tlv=2, sm=64, rd=175.31, cd=0, um=0","Time elapsed: 5.41 seconds","/home/thomasverwaal/Robust-Rail-NL/mathematical-models/local_search_plans_discreet_120/plan_32_trains_5_units8.json"
"/home/thomasverwaal/Robust-Rail-NL/mathematical-models/scenarios_solver_types_120/scenario_solver_32_trains_5_units8.json","Cost of next node: Cost = 2,328.4 : 2,339.66 | cr=32, dd=32, da=13, tlv=2, sm=64, rd=169.69, cd=0, um=0","Time elapsed: 5.54 seconds","/home/thomasverwaal/Robust-Rail-NL/mathematical-models/local_search_plans_discreet_120/plan_32_trains_5_units8.json"
"/home/thomasverwaal/Robust-Rail-NL/mathematical-models/scenarios_solver_types_120/scenario_solver_32_trains_5_units8.json","Cost of next node: Cost = 2,308.1 : 2,319.36 | cr=31, dd=32, da=13, tlv=2, sm=64, rd=167.81, cd=0, um=0","Time elapsed: 5.81 seconds","/home/thomasverwaal/Robust-Rail-NL/mathematical-models/local_search_plans_discreet_120/plan_32_trains_5_units8.json"
"/home/thomasverwaal/Robust-Rail-NL/mathematical-models/scenarios_solver_types_120/scenario_solver_32_trains_5_units8.json","Cost of next node: Cost = 2,286.9 : 2,303.20 | cr=30, dd=32, da=13, tlv=3, sm=64, rd=160.31, cd=0, um=0","Time elapsed: 6.18 seconds","/home/thomasverwaal/Robust-Rail-NL/mathematical-models/local_search_plans_discreet_120/plan_32_trains_5_units8.json"
"/home/thomasverwaal/Robust-Rail-NL/mathematical-models/scenarios_solver_types_120/scenario_solver_32_trains_5_units8.json","Cost of next node: Cost = 2,252.1 : 2,273.40 | cr=28, dd=32, da=12, tlv=4, sm=64, rd=153.75, cd=0, um=0","Time elapsed: 6.60 seconds","/home/thomasverwaal/Robust-Rail-NL/mathematical-models/local_search_plans_discreet_120/plan_32_trains_5_units8.json"
"/home/thomasverwaal/Robust-Rail-NL/mathematical-models/scenarios_solver_types_120/scenario_solver_32_trains_5_units8.json","Cost of next node: Cost = 2,213.8 : 2,240.04 | cr=23, dd=32, da=12, tlv=5, sm=64, rd=150.94, cd=0, um=0","Time elapsed: 6.92 seconds","/home/thomasverwaal/Robust-Rail-NL/mathematical-models/local_search_plans_discreet_120/plan_32_trains_5_units8.json"
"/home/thomasverwaal/Robust-Rail-NL/mathematical-models/scenarios_solver_types_120/scenario_solver_32_trains_5_units8.json","Cost of next node: Cost = 2,176.4 : 2,202.69 | cr=17, dd=32, da=12, tlv=5, sm=64, rd=156.56, cd=0, um=0","Time elapsed: 7.38 seconds","/home/thomasverwaal/Robust-Rail-NL/mathematical-models/local_search_plans_discreet_120/plan_32_trains_5_units8.json"
"/home/thomasverwaal/Robust-Rail-NL/mathematical-models/scenarios_solver_types_120/scenario_solver_32_trains_5_units8.json","Cost of next node: Cost = 2,142.0 : 2,168.27 | cr=16, dd=32, da=11, tlv=5, sm=64, rd=154.69, cd=0, um=0","Time elapsed: 7.96 seconds","/home/thomasverwaal/Robust-Rail-NL/mathematical-models/local_search_plans_discreet_120/plan_32_trains_5_units8.json"
"/home/thomasverwaal/Robust-Rail-NL/mathematical-models/scenarios_solver_types_120/scenario_solver_32_trains_5_units8.json","Cost of next node: Cost = 2,121.8 : 2,153.12 | cr=16, dd=32, da=10, tlv=6, sm=64, rd=152.81, cd=0, um=0","Time elapsed: 8.54 seconds","/home/thomasverwaal/Robust-Rail-NL/mathematical-models/local_search_plans_discreet_120/plan_32_trains_5_units8.json"
"/home/thomasverwaal/Robust-Rail-NL/mathematical-models/scenarios_solver_types_120/scenario_solver_32_trains_5_units8.json","Cost of next node: Cost = 2,099.2 : 2,135.50 | cr=16, dd=32, da=9, tlv=7, sm=64, rd=150.94, cd=0, um=0","Time elapsed: 9.13 seconds","/home/thomasverwaal/Robust-Rail-NL/mathematical-models/local_search_plans_discreet_120/plan_32_trains_5_units8.json"
"/home/thomasverwaal/Robust-Rail-NL/mathematical-models/scenarios_solver_types_120/scenario_solver_32_trains_5_units8.json","Cost of next node: Cost = 2,064.3 : 2,105.62 | cr=17, dd=32, da=6, tlv=8, sm=64, rd=145.31, cd=0, um=0","Time elapsed: 9.71 seconds","/home/thomasverwaal/Robust-Rail-NL/mathematical-models/local_search_plans_discreet_120/plan_32_trains_5_units8.json"
"/home/thomasverwaal/Robust-Rail-NL/mathematical-models/scenarios_solver_types_120/scenario_solver_32_trains_5_units8.json","Cost of next node: Cost = 2,041.7 : 2,087.98 | cr=17, dd=32, da=5, tlv=9, sm=64, rd=135.94, cd=0, um=0","Time elapsed: 10.43 seconds","/home/thomasverwaal/Robust-Rail-NL/mathematical-models/local_search_plans_discreet_120/plan_32_trains_5_units8.json"
"/home/thomasverwaal/Robust-Rail-NL/mathematical-models/scenarios_solver_types_120/scenario_solver_32_trains_5_units8.json","Cost of next node: Cost = 1,851.4 : 1,897.64 | cr=20, dd=28, da=5, tlv=9, sm=64, rd=119.06, cd=0, um=0","Time elapsed: 10.53 seconds","/home/thomasverwaal/Robust-Rail-NL/mathematical-models/local_search_plans_discreet_120/plan_32_trains_5_units8.json"
"/home/thomasverwaal/Robust-Rail-NL/mathematical-models/scenarios_solver_types_120/scenario_solver_32_trains_5_units8.json","Cost of next node: Cost = 1,769.6 : 1,815.87 | cr=22, dd=26, da=5, tlv=9, sm=64, rd=118.12, cd=0, um=0","Time elapsed: 10.61 seconds","/home/thomasverwaal/Robust-Rail-NL/mathematical-models/local_search_plans_discreet_120/plan_32_trains_5_units8.json"
"/home/thomasverwaal/Robust-Rail-NL/mathematical-models/scenarios_solver_types_120/scenario_solver_32_trains_5_units8.json","Cost of next node: Cost = 1,699.8 : 1,746.10 | cr=20, dd=25, da=5, tlv=9, sm=64, rd=118.12, cd=0, um=0","Time elapsed: 10.70 seconds","/home/thomasverwaal/Robust-Rail-NL/mathematical-models/local_search_plans_discreet_120/plan_32_trains_5_units8.json"
"/home/thomasverwaal/Robust-Rail-NL/mathematical-models/scenarios_solver_types_120/scenario_solver_32_trains_5_units8.json","Cost of next node: Cost = 1,641.4 : 1,687.66 | cr=19, dd=24, da=5, tlv=9, sm=64, rd=118.12, cd=0, um=0","Time elapsed: 10.85 seconds","/home/thomasverwaal/Robust-Rail-NL/mathematical-models/local_search_plans_discreet_120/plan_32_trains_5_units8.json"
"/home/thomasverwaal/Robust-Rail-NL/mathematical-models/scenarios_solver_types_120/scenario_solver_32_trains_5_units8.json","Cost of next node: Cost = 1,591.1 : 1,637.36 | cr=19, dd=23, da=5, tlv=9, sm=64, rd=118.12, cd=0, um=0","Time elapsed: 10.98 seconds","/home/thomasverwaal/Robust-Rail-NL/mathematical-models/local_search_plans_discreet_120/plan_32_trains_5_units8.json"
"/home/thomasverwaal/Robust-Rail-NL/mathematical-models/scenarios_solver_types_120/scenario_solver_32_trains_5_units8.json","Cost of next node: Cost = 1,540.2 : 1,586.50 | cr=19, dd=22, da=5, tlv=9, sm=64, rd=118.12, cd=0, um=0","Time elapsed: 11.08 seconds","/home/thomasverwaal/Robust-Rail-NL/mathematical-models/local_search_plans_discreet_120/plan_32_trains_5_units8.json"
"/home/thomasverwaal/Robust-Rail-NL/mathematical-models/scenarios_solver_types_120/scenario_solver_32_trains_5_units8.json","Cost of next node: Cost = 1,500.7 : 1,546.94 | cr=20, dd=21, da=5, tlv=9, sm=64, rd=118.12, cd=0, um=0","Time elapsed: 11.19 seconds","/home/thomasverwaal/Robust-Rail-NL/mathematical-models/local_search_plans_discreet_120/plan_32_trains_5_units8.json"
"/home/thomasverwaal/Robust-Rail-NL/mathematical-models/scenarios_solver_types_120/scenario_solver_32_trains_5_units8.json","Cost of next node: Cost = 1,475.8 : 1,527.11 | cr=20, dd=21, da=3, tlv=10, sm=64, rd=116.25, cd=0, um=0","Time elapsed: 11.35 seconds","/home/thomasverwaal/Robust-Rail-NL/mathematical-models/local_search_plans_discreet_120/plan_32_trains_5_units8.json"
"/home/thomasverwaal/Robust-Rail-NL/mathematical-models/scenarios_solver_types_120/scenario_solver_32_trains_5_units8.json","Cost of next node: Cost = 1,391.7 : 1,447.93 | cr=20, dd=19, da=3, tlv=11, sm=64, rd=112.50, cd=0, um=0","Time elapsed: 11.45 seconds","/home/thomasverwaal/Robust-Rail-NL/mathematical-models/local_search_plans_discreet_120/plan_32_trains_5_units8.json"
"/home/thomasverwaal/Robust-Rail-NL/mathematical-models/scenarios_solver_types_120/scenario_solver_32_trains_5_units8.json","Cost of next node: Cost = 1,351.3 : 1,407.54 | cr=21, dd=18, da=3, tlv=11, sm=64, rd=112.50, cd=0, um=0","Time elapsed: 11.50 seconds","/home/thomasverwaal/Robust-Rail-NL/mathematical-models/local_search_plans_discreet_120/plan_32_trains_5_units8.json"
"/home/thomasverwaal/Robust-Rail-NL/mathematical-models/scenarios_solver_types_120/scenario_solver_32_trains_5_units8.json","Cost of next node: Cost = 1,326.8 : 1,388.10 | cr=22, dd=17, da=3, tlv=12, sm=64, rd=108.75, cd=0, um=0","Time elapsed: 11.77 seconds","/home/thomasverwaal/Robust-Rail-NL/mathematical-models/local_search_plans_discreet_120/plan_32_trains_5_units8.json"
"/home/thomasverwaal/Robust-Rail-NL/mathematical-models/scenarios_solver_types_120/scenario_solver_32_trains_5_units8.json","Cost of next node: Cost = 1,267.4 : 1,328.73 | cr=21, dd=16, da=3, tlv=12, sm=64, rd=106.88, cd=0, um=0","Time elapsed: 12.10 seconds","/home/thomasverwaal/Robust-Rail-NL/mathematical-models/local_search_plans_discreet_120/plan_32_trains_5_units8.json"
"/home/thomasverwaal/Robust-Rail-NL/mathematical-models/scenarios_solver_types_120/scenario_solver_32_trains_5_units8.json","Cost of next node: Cost = 1,212.0 : 1,278.31 | cr=19, dd=15, da=3, tlv=13, sm=64, rd=105.00, cd=0, um=0","Time elapsed: 12.33 seconds","/home/thomasverwaal/Robust-Rail-NL/mathematical-models/local_search_plans_discreet_120/plan_32_trains_5_units8.json"
"/home/thomasverwaal/Robust-Rail-NL/mathematical-models/scenarios_solver_types_120/scenario_solver_32_trains_5_units8.json","Cost of next node: Cost = 1,085.1 : 1,156.41 | cr=19, dd=13, da=1, tlv=14, sm=64, rd=99.38, cd=0, um=0","Time elapsed: 12.85 seconds","/home/thomasverwaal/Robust-Rail-NL/mathematical-models/local_search_plans_discreet_120/plan_32_trains_5_units8.json"
"/home/thomasverwaal/Robust-Rail-NL/mathematical-models/scenarios_solver_types_120/scenario_solver_32_trains_5_units8.json","Cost of next node: Cost = 1,060.2 : 1,136.44 | cr=20, dd=12, da=1, tlv=15, sm=64, rd=95.62, cd=0, um=0","Time elapsed: 13.23 seconds","/home/thomasverwaal/Robust-Rail-NL/mathematical-models/local_search_plans_discreet_120/plan_32_trains_5_units8.json"
"/home/thomasverwaal/Robust-Rail-NL/mathematical-models/scenarios_solver_types_120/scenario_solver_32_trains_5_units8.json","Cost of next node: Cost = 1,035.2 : 1,106.44 | cr=19, dd=12, da=1, tlv=14, sm=64, rd=95.62, cd=0, um=0","Time elapsed: 13.50 seconds","/home/thomasverwaal/Robust-Rail-NL/mathematical-models/local_search_plans_discreet_120/plan_32_trains_5_units8.json"
"/home/thomasverwaal/Robust-Rail-NL/mathematical-models/scenarios_solver_types_120/scenario_solver_32_trains_5_units8.json","Cost of next node: Cost = 991.0 : 1,067.23 | cr=18, dd=11, da=1, tlv=15, sm=64, rd=91.88, cd=0, um=0","Time elapsed: 13.82 seconds","/home/thomasverwaal/Robust-Rail-NL/mathematical-models/local_search_plans_discreet_120/plan_32_trains_5_units8.json"
"/home/thomasverwaal/Robust-Rail-NL/mathematical-models/scenarios_solver_types_120/scenario_solver_32_trains_5_units8.json","Cost of next node: Cost = 769.8 : 851.03 | cr=17, dd=7, da=0, tlv=16, sm=64, rd=84.38, cd=0, um=0","Time elapsed: 14.23 seconds","/home/thomasverwaal/Robust-Rail-NL/mathematical-models/local_search_plans_discreet_120/plan_32_trains_5_units8.json"
"/home/thomasverwaal/Robust-Rail-NL/mathematical-models/scenarios_solver_types_120/scenario_solver_32_trains_5_units8.json","Cost of next node: Cost = 544.0 : 630.28 | cr=18, dd=2, da=0, tlv=17, sm=64, rd=77.81, cd=0, um=0","Time elapsed: 14.71 seconds","/home/thomasverwaal/Robust-Rail-NL/mathematical-models/local_search_plans_discreet_120/plan_32_trains_5_units8.json"
"/home/thomasverwaal/Robust-Rail-NL/mathematical-models/scenarios_solver_types_120/scenario_solver_32_trains_5_units8.json","Cost of next node: Cost = 415.0 : 501.28 | cr=16, dd=0, da=0, tlv=17, sm=64, rd=75.00, cd=0, um=0","Time elapsed: 14.87 seconds","/home/thomasverwaal/Robust-Rail-NL/mathematical-models/local_search_plans_discreet_120/plan_32_trains_5_units8.json"
"/home/thomasverwaal/Robust-Rail-NL/mathematical-models/scenarios_solver_types_120/scenario_solver_32_trains_5_units8.json","Cost of next node: Cost = 390.0 : 471.28 | cr=15, dd=0, da=0, tlv=16, sm=64, rd=76.88, cd=0, um=0","Time elapsed: 15.05 seconds","/home/thomasverwaal/Robust-Rail-NL/mathematical-models/local_search_plans_discreet_120/plan_32_trains_5_units8.json"
"/home/thomasverwaal/Robust-Rail-NL/mathematical-models/scenarios_solver_types_120/scenario_solver_32_trains_5_units8.json","Cost of next node: Cost = 370.0 : 451.28 | cr=13, dd=0, da=0, tlv=16, sm=64, rd=76.88, cd=0, um=0","Time elapsed: 19.46 seconds","/home/thomasverwaal/Robust-Rail-NL/mathematical-models/local_search_plans_discreet_120/plan_32_trains_5_units8.json"
"/home/thomasverwaal/Robust-Rail-NL/mathematical-models/scenarios_solver_types_120/scenario_solver_32_trains_5_units8.json","Cost of next node: Cost = 355.0 : 431.28 | cr=13, dd=0, da=0, tlv=15, sm=64, rd=78.75, cd=0, um=0","Time elapsed: 23.00 seconds","/home/thomasverwaal/Robust-Rail-NL/mathematical-models/local_search_plans_discreet_120/plan_32_trains_5_units8.json"
"/home/thomasverwaal/Robust-Rail-NL/mathematical-models/scenarios_solver_types_120/scenario_solver_32_trains_5_units8.json","Cost of next node: Cost = 340.0 : 411.28 | cr=13, dd=0, da=0, tlv=14, sm=64, rd=78.75, cd=0, um=0","Time elapsed: 26.15 seconds","/home/thomasverwaal/Robust-Rail-NL/mathematical-models/local_search_plans_discreet_120/plan_32_trains_5_units8.json"
"/home/thomasverwaal/Robust-Rail-NL/mathematical-models/scenarios_solver_types_120/scenario_solver_32_trains_5_units8.json","Cost of next node: Cost = 330.0 : 401.28 | cr=12, dd=0, da=0, tlv=14, sm=64, rd=78.75, cd=0, um=0","Time elapsed: 29.72 seconds","/home/thomasverwaal/Robust-Rail-NL/mathematical-models/local_search_plans_discreet_120/plan_32_trains_5_units8.json"
"/home/thomasverwaal/Robust-Rail-NL/mathematical-models/scenarios_solver_types_120/scenario_solver_32_trains_5_units8.json","Cost of next node: Cost = 310.0 : 381.28 | cr=10, dd=0, da=0, tlv=14, sm=64, rd=78.75, cd=0, um=0","Time elapsed: 32.55 seconds","/home/thomasverwaal/Robust-Rail-NL/mathematical-models/local_search_plans_discreet_120/plan_32_trains_5_units8.json"
"/home/thomasverwaal/Robust-Rail-NL/mathematical-models/scenarios_solver_types_120/scenario_solver_32_trains_5_units8.json","Cost of next node: Cost = 300.0 : 371.28 | cr=9, dd=0, da=0, tlv=14, sm=64, rd=78.75, cd=0, um=0","Time elapsed: 35.31 seconds","/home/thomasverwaal/Robust-Rail-NL/mathematical-models/local_search_plans_discreet_120/plan_32_trains_5_units8.json"
"/home/thomasverwaal/Robust-Rail-NL/mathematical-models/scenarios_solver_types_120/scenario_solver_32_trains_5_units8.json","Cost of next node: Cost = 290.0 : 361.28 | cr=8, dd=0, da=0, tlv=14, sm=64, rd=78.75, cd=0, um=0","Time elapsed: 38.25 seconds","/home/thomasverwaal/Robust-Rail-NL/mathematical-models/local_search_plans_discreet_120/plan_32_trains_5_units8.json"
"/home/thomasverwaal/Robust-Rail-NL/mathematical-models/scenarios_solver_types_120/scenario_solver_32_trains_5_units8.json","Cost of next node: Cost = 280.0 : 351.28 | cr=7, dd=0, da=0, tlv=14, sm=64, rd=78.75, cd=0, um=0","Time elapsed: 41.06 seconds","/home/thomasverwaal/Robust-Rail-NL/mathematical-models/local_search_plans_discreet_120/plan_32_trains_5_units8.json"
"/home/thomasverwaal/Robust-Rail-NL/mathematical-models/scenarios_solver_types_120/scenario_solver_32_trains_5_units8.json","Cost of next node: Cost = 270.0 : 341.28 | cr=6, dd=0, da=0, tlv=14, sm=64, rd=78.75, cd=0, um=0","Time elapsed: 43.65 seconds","/home/thomasverwaal/Robust-Rail-NL/mathematical-models/local_search_plans_discreet_120/plan_32_trains_5_units8.json"
"/home/thomasverwaal/Robust-Rail-NL/mathematical-models/scenarios_solver_types_120/scenario_solver_32_trains_5_units8.json","Cost of next node: Cost = 260.0 : 331.28 | cr=5, dd=0, da=0, tlv=14, sm=64, rd=80.62, cd=0, um=0","Time elapsed: 46.22 seconds","/home/thomasverwaal/Robust-Rail-NL/mathematical-models/local_search_plans_discreet_120/plan_32_trains_5_units8.json"
"/home/thomasverwaal/Robust-Rail-NL/mathematical-models/scenarios_solver_types_120/scenario_solver_32_trains_5_units8.json","Cost of next node: Cost = 250.0 : 321.28 | cr=4, dd=0, da=0, tlv=14, sm=64, rd=80.62, cd=0, um=0","Time elapsed: 48.34 seconds","/home/thomasverwaal/Robust-Rail-NL/mathematical-models/local_search_plans_discreet_120/plan_32_trains_5_units8.json"
"/home/thomasverwaal/Robust-Rail-NL/mathematical-models/scenarios_solver_types_120/scenario_solver_32_trains_5_units8.json","Cost of next node: Cost = 240.0 : 311.28 | cr=3, dd=0, da=0, tlv=14, sm=64, rd=80.62, cd=0, um=0","Time elapsed: 50.20 seconds","/home/thomasverwaal/Robust-Rail-NL/mathematical-models/local_search_plans_discreet_120/plan_32_trains_5_units8.json"
"/home/thomasverwaal/Robust-Rail-NL/mathematical-models/scenarios_solver_types_120/scenario_solver_32_trains_5_units8.json","Cost of next node: Cost = 230.0 : 301.28 | cr=2, dd=0, da=0, tlv=14, sm=64, rd=80.62, cd=0, um=0","Time elapsed: 51.62 seconds","/home/thomasverwaal/Robust-Rail-NL/mathematical-models/local_search_plans_discreet_120/plan_32_trains_5_units8.json"
"/home/thomasverwaal/Robust-Rail-NL/mathematical-models/scenarios_solver_types_120/scenario_solver_32_trains_5_units8.json","Cost of next node: Cost = 220.0 : 291.30 | cr=1, dd=0, da=0, tlv=14, sm=65, rd=81.23, cd=0, um=0","Time elapsed: 52.65 seconds","/home/thomasverwaal/Robust-Rail-NL/mathematical-models/local_search_plans_discreet_120/plan_32_trains_5_units8.json"
"/home/thomasverwaal/Robust-Rail-NL/mathematical-models/scenarios_solver_types_120/scenario_solver_32_trains_5_units8.json","Cost of next node: Cost = 205.0 : 271.32 | cr=1, dd=0, da=0, tlv=13, sm=66, rd=83.64, cd=0, um=0","Time elapsed: 137.62 seconds","/home/thomasverwaal/Robust-Rail-NL/mathematical-models/local_search_plans_discreet_120/plan_32_trains_5_units8.json"
"/home/thomasverwaal/Robust-Rail-NL/mathematical-models/scenarios_solver_types_120/scenario_solver_32_trains_5_units8.json","NO_COST_FOUND","NO_TIME_FOUND","NO_PLAN_CREATED"
"/home/thomasverwaal/Robust-Rail-NL/mathematical-models/scenarios_solver_types_120/scenario_solver_32_trains_5_units9.json","Cost of next node: Cost = 2,771.3 : 2,772.57 | cr=43, dd=32, da=30, tlv=0, sm=64, rd=186.56, cd=0, um=0","Time elapsed: 4.39 seconds","/home/thomasverwaal/Robust-Rail-NL/mathematical-models/local_search_plans_discreet_120/plan_32_trains_5_units9.json"
"/home/thomasverwaal/Robust-Rail-NL/mathematical-models/scenarios_solver_types_120/scenario_solver_32_trains_5_units9.json","Cost of next node: Cost = 2,736.5 : 2,742.76 | cr=44, dd=32, da=28, tlv=1, sm=64, rd=183.75, cd=0, um=0","Time elapsed: 4.54 seconds","/home/thomasverwaal/Robust-Rail-NL/mathematical-models/local_search_plans_discreet_120/plan_32_trains_5_units9.json"
"/home/thomasverwaal/Robust-Rail-NL/mathematical-models/scenarios_solver_types_120/scenario_solver_32_trains_5_units9.json","Cost of next node: Cost = 2,704.5 : 2,710.76 | cr=41, dd=32, da=28, tlv=1, sm=64, rd=181.88, cd=0, um=0","Time elapsed: 4.66 seconds","/home/thomasverwaal/Robust-Rail-NL/mathematical-models/local_search_plans_discreet_120/plan_32_trains_5_units9.json"
"/home/thomasverwaal/Robust-Rail-NL/mathematical-models/scenarios_solver_types_120/scenario_solver_32_trains_5_units9.json","Cost of next node: Cost = 2,492.2 : 2,498.49 | cr=42, dd=32, da=17, tlv=1, sm=64, rd=175.31, cd=0, um=0","Time elapsed: 4.79 seconds","/home/thomasverwaal/Robust-Rail-NL/mathematical-models/local_search_plans_discreet_120/plan_32_trains_5_units9.json"
"/home/thomasverwaal/Robust-Rail-NL/mathematical-models/scenarios_solver_types_120/scenario_solver_32_trains_5_units9.json","Cost of next node: Cost = 2,423.9 : 2,435.22 | cr=39, dd=32, da=14, tlv=2, sm=64, rd=172.50, cd=0, um=0","Time elapsed: 4.90 seconds","/home/thomasverwaal/Robust-Rail-NL/mathematical-models/local_search_plans_discreet_120/plan_32_trains_5_units9.json"
"/home/thomasverwaal/Robust-Rail-NL/mathematical-models/scenarios_solver_types_120/scenario_solver_32_trains_5_units9.json","Cost of next node: Cost = 2,403.8 : 2,415.04 | cr=37, dd=32, da=14, tlv=2, sm=64, rd=172.50, cd=0, um=0","Time elapsed: 4.99 seconds","/home/thomasverwaal/Robust-Rail-NL/mathematical-models/local_search_plans_discreet_120/plan_32_trains_5_units9.json"
"/home/thomasverwaal/Robust-Rail-NL/mathematical-models/scenarios_solver_types_120/scenario_solver_32_trains_5_units9.json","Cost of next node: Cost = 2,373.8 : 2,390.11 | cr=35, dd=32, da=13, tlv=3, sm=64, rd=167.81, cd=0, um=0","Time elapsed: 5.14 seconds","/home/thomasverwaal/Robust-Rail-NL/mathematical-models/local_search_plans_discreet_120/plan_32_trains_5_units9.json"
"/home/thomasverwaal/Robust-Rail-NL/mathematical-models/scenarios_solver_types_120/scenario_solver_32_trains_5_units9.json","Cost of next node: Cost = 2,339.8 : 2,356.08 | cr=33, dd=32, da=13, tlv=3, sm=64, rd=162.19, cd=0, um=0","Time elapsed: 5.56 seconds","/home/thomasverwaal/Robust-Rail-NL/mathematical-models/local_search_plans_discreet_120/plan_32_trains_5_units9.json"
"/home/thomasverwaal/Robust-Rail-NL/mathematical-models/scenarios_solver_types_120/scenario_solver_32_trains_5_units9.json","Cost of next node: Cost = 2,317.8 : 2,334.08 | cr=32, dd=32, da=13, tlv=3, sm=64, rd=156.56, cd=0, um=0","Time elapsed: 5.89 seconds","/home/thomasverwaal/Robust-Rail-NL/mathematical-models/local_search_plans_discreet_120/plan_32_trains_5_units9.json"
"/home/thomasverwaal/Robust-Rail-NL/mathematical-models/scenarios_solver_types_120/scenario_solver_32_trains_5_units9.json","Cost of next node: Cost = 2,281.5 : 2,302.75 | cr=29, dd=32, da=12, tlv=4, sm=64, rd=151.88, cd=0, um=0","Time elapsed: 6.29 seconds","/home/thomasverwaal/Robust-Rail-NL/mathematical-models/local_search_plans_discreet_120/plan_32_trains_5_units9.json"
"/home/thomasverwaal/Robust-Rail-NL/mathematical-models/scenarios_solver_types_120/scenario_solver_32_trains_5_units9.json","Cost of next node: Cost = 2,261.3 : 2,287.55 | cr=28, dd=32, da=12, tlv=5, sm=64, rd=144.38, cd=0, um=0","Time elapsed: 6.66 seconds","/home/thomasverwaal/Robust-Rail-NL/mathematical-models/local_search_plans_discreet_120/plan_32_trains_5_units9.json"
"/home/thomasverwaal/Robust-Rail-NL/mathematical-models/scenarios_solver_types_120/scenario_solver_32_trains_5_units9.json","Cost of next node: Cost = 2,230.2 : 2,256.49 | cr=27, dd=32, da=11, tlv=5, sm=64, rd=142.50, cd=0, um=0","Time elapsed: 7.29 seconds","/home/thomasverwaal/Robust-Rail-NL/mathematical-models/local_search_plans_discreet_120/plan_32_trains_5_units9.json"
"/home/thomasverwaal/Robust-Rail-NL/mathematical-models/scenarios_solver_types_120/scenario_solver_32_trains_5_units9.json","Cost of next node: Cost = 2,208.4 : 2,239.71 | cr=20, dd=32, da=11, tlv=6, sm=64, rd=154.69, cd=0, um=0","Time elapsed: 7.81 seconds","/home/thomasverwaal/Robust-Rail-NL/mathematical-models/local_search_plans_discreet_120/plan_32_trains_5_units9.json"
"/home/thomasverwaal/Robust-Rail-NL/mathematical-models/scenarios_solver_types_120/scenario_solver_32_trains_5_units9.json","Cost of next node: Cost = 2,184.5 : 2,220.79 | cr=20, dd=32, da=11, tlv=7, sm=64, rd=145.31, cd=0, um=0","Time elapsed: 8.48 seconds","/home/thomasverwaal/Robust-Rail-NL/mathematical-models/local_search_plans_discreet_120/plan_32_trains_5_units9.json"
"/home/thomasverwaal/Robust-Rail-NL/mathematical-models/scenarios_solver_types_120/scenario_solver_32_trains_5_units9.json","Cost of next node: Cost = 2,160.6 : 2,201.88 | cr=19, dd=32, da=9, tlv=8, sm=64, rd=147.19, cd=0, um=0","Time elapsed: 9.01 seconds","/home/thomasverwaal/Robust-Rail-NL/mathematical-models/local_search_plans_discreet_120/plan_32_trains_5_units9.json"
"/home/thomasverwaal/Robust-Rail-NL/mathematical-models/scenarios_solver_types_120/scenario_solver_32_trains_5_units9.json","Cost of next node: Cost = 2,140.5 : 2,186.74 | cr=18, dd=32, da=9, tlv=9, sm=64, rd=137.81, cd=0, um=0","Time elapsed: 9.54 seconds","/home/thomasverwaal/Robust-Rail-NL/mathematical-models/local_search_plans_discreet_120/plan_32_trains_5_units9.json"
"/home/thomasverwaal/Robust-Rail-NL/mathematical-models/scenarios_solver_types_120/scenario_solver_32_trains_5_units9.json","Cost of next node: Cost = 2,114.9 : 2,161.19 | cr=16, dd=32, da=9, tlv=9, sm=64, rd=131.25, cd=0, um=0","Time elapsed: 9.65 seconds","/home/thomasverwaal/Robust-Rail-NL/mathematical-models/local_search_plans_discreet_120/plan_32_trains_5_units9.json"
"/home/thomasverwaal/Robust-Rail-NL/mathematical-models/scenarios_solver_types_120/scenario_solver_32_trains_5_units9.json","Cost of next node: Cost = 2,093.6 : 2,144.87 | cr=18, dd=32, da=7, tlv=10, sm=64, rd=125.62, cd=0, um=0","Time elapsed: 9.85 seconds","/home/thomasverwaal/Robust-Rail-NL/mathematical-models/local_search_plans_discreet_120/plan_32_trains_5_units9.json"
"/home/thomasverwaal/Robust-Rail-NL/mathematical-models/scenarios_solver_types_120/scenario_solver_32_trains_5_units9.json","Cost of next node: Cost = 2,047.0 : 2,098.25 | cr=19, dd=31, da=7, tlv=10, sm=64, rd=121.88, cd=0, um=0","Time elapsed: 9.89 seconds","/home/thomasverwaal/Robust-Rail-NL/mathematical-models/local_search_plans_discreet_120/plan_32_trains_5_units9.json"
"/home/thomasverwaal/Robust-Rail-NL/mathematical-models/scenarios_solver_types_120/scenario_solver_32_trains_5_units9.json","Cost of next node: Cost = 1,958.8 : 2,010.08 | cr=20, dd=29, da=7, tlv=10, sm=64, rd=122.81, cd=0, um=0","Time elapsed: 9.95 seconds","/home/thomasverwaal/Robust-Rail-NL/mathematical-models/local_search_plans_discreet_120/plan_32_trains_5_units9.json"
"/home/thomasverwaal/Robust-Rail-NL/mathematical-models/scenarios_solver_types_120/scenario_solver_32_trains_5_units9.json","Cost of next node: Cost = 1,856.7 : 1,908.00 | cr=20, dd=27, da=7, tlv=10, sm=64, rd=121.88, cd=0, um=0","Time elapsed: 10.06 seconds","/home/thomasverwaal/Robust-Rail-NL/mathematical-models/local_search_plans_discreet_120/plan_32_trains_5_units9.json"
"/home/thomasverwaal/Robust-Rail-NL/mathematical-models/scenarios_solver_types_120/scenario_solver_32_trains_5_units9.json","Cost of next node: Cost = 1,831.8 : 1,888.11 | cr=21, dd=26, da=7, tlv=11, sm=64, rd=120.00, cd=0, um=0","Time elapsed: 10.22 seconds","/home/thomasverwaal/Robust-Rail-NL/mathematical-models/local_search_plans_discreet_120/plan_32_trains_5_units9.json"
"/home/thomasverwaal/Robust-Rail-NL/mathematical-models/scenarios_solver_types_120/scenario_solver_32_trains_5_units9.json","Cost of next node: Cost = 1,732.6 : 1,788.86 | cr=21, dd=24, da=7, tlv=11, sm=64, rd=120.00, cd=0, um=0","Time elapsed: 10.34 seconds","/home/thomasverwaal/Robust-Rail-NL/mathematical-models/local_search_plans_discreet_120/plan_32_trains_5_units9.json"
"/home/thomasverwaal/Robust-Rail-NL/mathematical-models/scenarios_solver_types_120/scenario_solver_32_trains_5_units9.json","Cost of next node: Cost = 1,712.0 : 1,768.27 | cr=21, dd=24, da=6, tlv=11, sm=64, rd=116.25, cd=0, um=0","Time elapsed: 10.49 seconds","/home/thomasverwaal/Robust-Rail-NL/mathematical-models/local_search_plans_discreet_120/plan_32_trains_5_units9.json"
"/home/thomasverwaal/Robust-Rail-NL/mathematical-models/scenarios_solver_types_120/scenario_solver_32_trains_5_units9.json","Cost of next node: Cost = 1,667.4 : 1,728.66 | cr=20, dd=23, da=6, tlv=12, sm=64, rd=114.38, cd=0, um=0","Time elapsed: 10.68 seconds","/home/thomasverwaal/Robust-Rail-NL/mathematical-models/local_search_plans_discreet_120/plan_32_trains_5_units9.json"
"/home/thomasverwaal/Robust-Rail-NL/mathematical-models/scenarios_solver_types_120/scenario_solver_32_trains_5_units9.json","Cost of next node: Cost = 1,540.8 : 1,607.06 | cr=20, dd=21, da=4, tlv=13, sm=64, rd=108.75, cd=0, um=0","Time elapsed: 11.01 seconds","/home/thomasverwaal/Robust-Rail-NL/mathematical-models/local_search_plans_discreet_120/plan_32_trains_5_units9.json"
"/home/thomasverwaal/Robust-Rail-NL/mathematical-models/scenarios_solver_types_120/scenario_solver_32_trains_5_units9.json","Cost of next node: Cost = 1,515.4 : 1,586.73 | cr=22, dd=19, da=6, tlv=14, sm=64, rd=112.50, cd=0, um=0","Time elapsed: 11.11 seconds","/home/thomasverwaal/Robust-Rail-NL/mathematical-models/local_search_plans_discreet_120/plan_32_trains_5_units9.json"
"/home/thomasverwaal/Robust-Rail-NL/mathematical-models/scenarios_solver_types_120/scenario_solver_32_trains_5_units9.json","Cost of next node: Cost = 1,485.8 : 1,557.03 | cr=21, dd=19, da=5, tlv=14, sm=64, rd=110.62, cd=0, um=0","Time elapsed: 11.38 seconds","/home/thomasverwaal/Robust-Rail-NL/mathematical-models/local_search_plans_discreet_120/plan_32_trains_5_units9.json"
"/home/thomasverwaal/Robust-Rail-NL/mathematical-models/scenarios_solver_types_120/scenario_solver_32_trains_5_units9.json","Cost of next node: Cost = 1,451.2 : 1,527.50 | cr=21, dd=18, da=5, tlv=15, sm=64, rd=108.75, cd=0, um=0","Time elapsed: 11.56 seconds","/home/thomasverwaal/Robust-Rail-NL/mathematical-models/local_search_plans_discreet_120/plan_32_trains_5_units9.json"
"/home/thomasverwaal/Robust-Rail-NL/mathematical-models/scenarios_solver_types_120/scenario_solver_32_trains_5_units9.json","Cost of next node: Cost = 1,416.6 : 1,487.92 | cr=21, dd=18, da=4, tlv=14, sm=64, rd=106.88, cd=0, um=0","Time elapsed: 11.78 seconds","/home/thomasverwaal/Robust-Rail-NL/mathematical-models/local_search_plans_discreet_120/plan_32_trains_5_units9.json"
"/home/thomasverwaal/Robust-Rail-NL/mathematical-models/scenarios_solver_types_120/scenario_solver_32_trains_5_units9.json","Cost of next node: Cost = 1,376.5 : 1,447.77 | cr=22, dd=17, da=4, tlv=14, sm=64, rd=105.00, cd=0, um=0","Time elapsed: 12.12 seconds","/home/thomasverwaal/Robust-Rail-NL/mathematical-models/local_search_plans_discreet_120/plan_32_trains_5_units9.json"
"/home/thomasverwaal/Robust-Rail-NL/mathematical-models/scenarios_solver_types_120/scenario_solver_32_trains_5_units9.json","Cost of next node: Cost = 1,351.5 : 1,417.77 | cr=21, dd=17, da=4, tlv=13, sm=64, rd=105.00, cd=0, um=0","Time elapsed: 12.33 seconds","/home/thomasverwaal/Robust-Rail-NL/mathematical-models/local_search_plans_discreet_120/plan_32_trains_5_units9.json"
"/home/thomasverwaal/Robust-Rail-NL/mathematical-models/scenarios_solver_types_120/scenario_solver_32_trains_5_units9.json","Cost of next node: Cost = 1,297.7 : 1,368.94 | cr=21, dd=16, da=3, tlv=14, sm=64, rd=101.25, cd=0, um=0","Time elapsed: 12.52 seconds","/home/thomasverwaal/Robust-Rail-NL/mathematical-models/local_search_plans_discreet_120/plan_32_trains_5_units9.json"
"/home/thomasverwaal/Robust-Rail-NL/mathematical-models/scenarios_solver_types_120/scenario_solver_32_trains_5_units9.json","Cost of next node: Cost = 1,262.7 : 1,328.94 | cr=19, dd=16, da=3, tlv=13, sm=64, rd=101.25, cd=0, um=0","Time elapsed: 12.75 seconds","/home/thomasverwaal/Robust-Rail-NL/mathematical-models/local_search_plans_discreet_120/plan_32_trains_5_units9.json"
"/home/thomasverwaal/Robust-Rail-NL/mathematical-models/scenarios_solver_types_120/scenario_solver_32_trains_5_units9.json","Cost of next node: Cost = 1,044.5 : 1,115.82 | cr=18, dd=12, da=2, tlv=14, sm=64, rd=95.62, cd=0, um=0","Time elapsed: 13.08 seconds","/home/thomasverwaal/Robust-Rail-NL/mathematical-models/local_search_plans_discreet_120/plan_32_trains_5_units9.json"
"/home/thomasverwaal/Robust-Rail-NL/mathematical-models/scenarios_solver_types_120/scenario_solver_32_trains_5_units9.json","Cost of next node: Cost = 928.9 : 1,005.16 | cr=17, dd=10, da=1, tlv=15, sm=64, rd=91.88, cd=0, um=0","Time elapsed: 13.30 seconds","/home/thomasverwaal/Robust-Rail-NL/mathematical-models/local_search_plans_discreet_120/plan_32_trains_5_units9.json"
"/home/thomasverwaal/Robust-Rail-NL/mathematical-models/scenarios_solver_types_120/scenario_solver_32_trains_5_units9.json","Cost of next node: Cost = 708.6 : 789.85 | cr=16, dd=6, da=0, tlv=16, sm=64, rd=84.38, cd=0, um=0","Time elapsed: 13.53 seconds","/home/thomasverwaal/Robust-Rail-NL/mathematical-models/local_search_plans_discreet_120/plan_32_trains_5_units9.json"
"/home/thomasverwaal/Robust-Rail-NL/mathematical-models/scenarios_solver_types_120/scenario_solver_32_trains_5_units9.json","Cost of next node: Cost = 415.0 : 501.28 | cr=16, dd=0, da=0, tlv=17, sm=64, rd=73.12, cd=0, um=0","Time elapsed: 13.88 seconds","/home/thomasverwaal/Robust-Rail-NL/mathematical-models/local_search_plans_discreet_120/plan_32_trains_5_units9.json"
"/home/thomasverwaal/Robust-Rail-NL/mathematical-models/scenarios_solver_types_120/scenario_solver_32_trains_5_units9.json","Cost of next node: Cost = 400.0 : 481.28 | cr=16, dd=0, da=0, tlv=16, sm=64, rd=75.00, cd=0, um=0","Time elapsed: 17.64 seconds","/home/thomasverwaal/Robust-Rail-NL/mathematical-models/local_search_plans_discreet_120/plan_32_trains_5_units9.json"
"/home/thomasverwaal/Robust-Rail-NL/mathematical-models/scenarios_solver_types_120/scenario_solver_32_trains_5_units9.json","Cost of next node: Cost = 385.0 : 461.28 | cr=16, dd=0, da=0, tlv=15, sm=64, rd=76.88, cd=0, um=0","Time elapsed: 21.45 seconds","/home/thomasverwaal/Robust-Rail-NL/mathematical-models/local_search_plans_discreet_120/plan_32_trains_5_units9.json"
"/home/thomasverwaal/Robust-Rail-NL/mathematical-models/scenarios_solver_types_120/scenario_solver_32_trains_5_units9.json","Cost of next node: Cost = 370.0 : 441.28 | cr=16, dd=0, da=0, tlv=14, sm=64, rd=78.75, cd=0, um=0","Time elapsed: 24.56 seconds","/home/thomasverwaal/Robust-Rail-NL/mathematical-models/local_search_plans_discreet_120/plan_32_trains_5_units9.json"
"/home/thomasverwaal/Robust-Rail-NL/mathematical-models/scenarios_solver_types_120/scenario_solver_32_trains_5_units9.json","Cost of next node: Cost = 360.0 : 431.28 | cr=15, dd=0, da=0, tlv=14, sm=64, rd=78.75, cd=0, um=0","Time elapsed: 27.35 seconds","/home/thomasverwaal/Robust-Rail-NL/mathematical-models/local_search_plans_discreet_120/plan_32_trains_5_units9.json"
"/home/thomasverwaal/Robust-Rail-NL/mathematical-models/scenarios_solver_types_120/scenario_solver_32_trains_5_units9.json","Cost of next node: Cost = 350.0 : 421.28 | cr=14, dd=0, da=0, tlv=14, sm=64, rd=78.75, cd=0, um=0","Time elapsed: 29.55 seconds","/home/thomasverwaal/Robust-Rail-NL/mathematical-models/local_search_plans_discreet_120/plan_32_trains_5_units9.json"
"/home/thomasverwaal/Robust-Rail-NL/mathematical-models/scenarios_solver_types_120/scenario_solver_32_trains_5_units9.json","Cost of next node: Cost = 340.0 : 411.28 | cr=13, dd=0, da=0, tlv=14, sm=64, rd=78.75, cd=0, um=0","Time elapsed: 32.34 seconds","/home/thomasverwaal/Robust-Rail-NL/mathematical-models/local_search_plans_discreet_120/plan_32_trains_5_units9.json"
"/home/thomasverwaal/Robust-Rail-NL/mathematical-models/scenarios_solver_types_120/scenario_solver_32_trains_5_units9.json","Cost of next node: Cost = 330.0 : 401.28 | cr=12, dd=0, da=0, tlv=14, sm=64, rd=78.75, cd=0, um=0","Time elapsed: 34.67 seconds","/home/thomasverwaal/Robust-Rail-NL/mathematical-models/local_search_plans_discreet_120/plan_32_trains_5_units9.json"
"/home/thomasverwaal/Robust-Rail-NL/mathematical-models/scenarios_solver_types_120/scenario_solver_32_trains_5_units9.json","Cost of next node: Cost = 320.0 : 391.28 | cr=11, dd=0, da=0, tlv=14, sm=64, rd=78.75, cd=0, um=0","Time elapsed: 36.81 seconds","/home/thomasverwaal/Robust-Rail-NL/mathematical-models/local_search_plans_discreet_120/plan_32_trains_5_units9.json"
"/home/thomasverwaal/Robust-Rail-NL/mathematical-models/scenarios_solver_types_120/scenario_solver_32_trains_5_units9.json","Cost of next node: Cost = 310.0 : 381.28 | cr=10, dd=0, da=0, tlv=14, sm=64, rd=78.75, cd=0, um=0","Time elapsed: 39.01 seconds","/home/thomasverwaal/Robust-Rail-NL/mathematical-models/local_search_plans_discreet_120/plan_32_trains_5_units9.json"
"/home/thomasverwaal/Robust-Rail-NL/mathematical-models/scenarios_solver_types_120/scenario_solver_32_trains_5_units9.json","Cost of next node: Cost = 300.0 : 371.28 | cr=9, dd=0, da=0, tlv=14, sm=64, rd=78.75, cd=0, um=0","Time elapsed: 41.25 seconds","/home/thomasverwaal/Robust-Rail-NL/mathematical-models/local_search_plans_discreet_120/plan_32_trains_5_units9.json"
"/home/thomasverwaal/Robust-Rail-NL/mathematical-models/scenarios_solver_types_120/scenario_solver_32_trains_5_units9.json","Cost of next node: Cost = 290.0 : 361.28 | cr=8, dd=0, da=0, tlv=14, sm=64, rd=78.75, cd=0, um=0","Time elapsed: 43.26 seconds","/home/thomasverwaal/Robust-Rail-NL/mathematical-models/local_search_plans_discreet_120/plan_32_trains_5_units9.json"
"/home/thomasverwaal/Robust-Rail-NL/mathematical-models/scenarios_solver_types_120/scenario_solver_32_trains_5_units9.json","Cost of next node: Cost = 280.0 : 351.28 | cr=7, dd=0, da=0, tlv=14, sm=64, rd=78.75, cd=0, um=0","Time elapsed: 44.94 seconds","/home/thomasverwaal/Robust-Rail-NL/mathematical-models/local_search_plans_discreet_120/plan_32_trains_5_units9.json"
"/home/thomasverwaal/Robust-Rail-NL/mathematical-models/scenarios_solver_types_120/scenario_solver_32_trains_5_units9.json","Cost of next node: Cost = 270.0 : 341.28 | cr=6, dd=0, da=0, tlv=14, sm=64, rd=78.75, cd=0, um=0","Time elapsed: 46.39 seconds","/home/thomasverwaal/Robust-Rail-NL/mathematical-models/local_search_plans_discreet_120/plan_32_trains_5_units9.json"
"/home/thomasverwaal/Robust-Rail-NL/mathematical-models/scenarios_solver_types_120/scenario_solver_32_trains_5_units9.json","Cost of next node: Cost = 260.0 : 331.28 | cr=5, dd=0, da=0, tlv=14, sm=64, rd=78.75, cd=0, um=0","Time elapsed: 47.72 seconds","/home/thomasverwaal/Robust-Rail-NL/mathematical-models/local_search_plans_discreet_120/plan_32_trains_5_units9.json"
"/home/thomasverwaal/Robust-Rail-NL/mathematical-models/scenarios_solver_types_120/scenario_solver_32_trains_5_units9.json","Cost of next node: Cost = 255.0 : 321.30 | cr=6, dd=0, da=0, tlv=13, sm=65, rd=85.85, cd=0, um=0","Time elapsed: 121.77 seconds","/home/thomasverwaal/Robust-Rail-NL/mathematical-models/local_search_plans_discreet_120/plan_32_trains_5_units9.json"
"/home/thomasverwaal/Robust-Rail-NL/mathematical-models/scenarios_solver_types_120/scenario_solver_32_trains_5_units9.json","Cost of next node: Cost = 245.0 : 311.30 | cr=5, dd=0, da=0, tlv=13, sm=65, rd=85.85, cd=0, um=0","Time elapsed: 122.93 seconds","/home/thomasverwaal/Robust-Rail-NL/mathematical-models/local_search_plans_discreet_120/plan_32_trains_5_units9.json"
"/home/thomasverwaal/Robust-Rail-NL/mathematical-models/scenarios_solver_types_120/scenario_solver_32_trains_5_units9.json","Cost of next node: Cost = 240.0 : 311.30 | cr=3, dd=0, da=0, tlv=14, sm=65, rd=87.69, cd=0, um=0","Time elapsed: 124.00 seconds","/home/thomasverwaal/Robust-Rail-NL/mathematical-models/local_search_plans_discreet_120/plan_32_trains_5_units9.json"
"/home/thomasverwaal/Robust-Rail-NL/mathematical-models/scenarios_solver_types_120/scenario_solver_32_trains_5_units9.json","Cost of next node: Cost = 225.0 : 291.30 | cr=3, dd=0, da=0, tlv=13, sm=65, rd=87.69, cd=0, um=0","Time elapsed: 125.16 seconds","/home/thomasverwaal/Robust-Rail-NL/mathematical-models/local_search_plans_discreet_120/plan_32_trains_5_units9.json"
"/home/thomasverwaal/Robust-Rail-NL/mathematical-models/scenarios_solver_types_120/scenario_solver_32_trains_5_units9.json","Cost of next node: Cost = 215.0 : 281.30 | cr=2, dd=0, da=0, tlv=13, sm=65, rd=84.92, cd=0, um=0","Time elapsed: 130.84 seconds","/home/thomasverwaal/Robust-Rail-NL/mathematical-models/local_search_plans_discreet_120/plan_32_trains_5_units9.json"
"/home/thomasverwaal/Robust-Rail-NL/mathematical-models/scenarios_solver_types_120/scenario_solver_32_trains_5_units9.json","NO_COST_FOUND","NO_TIME_FOUND","NO_PLAN_CREATED"
