scenario,cost_line,time_line,plan_file
"/home/thomasverwaal/Robust-Rail-NL/mathematical-models/scenarios_solver_types_120/scenario_solver_33_trains_5_units5.json","Cost of next node: Cost = 2,886.7 : 2,888.00 | cr=48, dd=33, da=31, tlv=0, sm=66, rd=178.18, cd=0, um=0","Time elapsed: 4.42 seconds","/home/thomasverwaal/Robust-Rail-NL/mathematical-models/local_search_plans_discreet_120/plan_33_trains_5_units5.json"
"/home/thomasverwaal/Robust-Rail-NL/mathematical-models/scenarios_solver_types_120/scenario_solver_33_trains_5_units5.json","Cost of next node: Cost = 2,865.1 : 2,866.42 | cr=46, dd=33, da=31, tlv=0, sm=66, rd=176.36, cd=0, um=0","Time elapsed: 4.50 seconds","/home/thomasverwaal/Robust-Rail-NL/mathematical-models/local_search_plans_discreet_120/plan_33_trains_5_units5.json"
"/home/thomasverwaal/Robust-Rail-NL/mathematical-models/scenarios_solver_types_120/scenario_solver_33_trains_5_units5.json","Cost of next node: Cost = 2,842.3 : 2,843.59 | cr=44, dd=33, da=31, tlv=0, sm=66, rd=176.36, cd=0, um=0","Time elapsed: 4.63 seconds","/home/thomasverwaal/Robust-Rail-NL/mathematical-models/local_search_plans_discreet_120/plan_33_trains_5_units5.json"
"/home/thomasverwaal/Robust-Rail-NL/mathematical-models/scenarios_solver_types_120/scenario_solver_33_trains_5_units5.json","Cost of next node: Cost = 2,809.5 : 2,810.86 | cr=45, dd=33, da=30, tlv=0, sm=66, rd=171.82, cd=0, um=0","Time elapsed: 4.83 seconds","/home/thomasverwaal/Robust-Rail-NL/mathematical-models/local_search_plans_discreet_120/plan_33_trains_5_units5.json"
"/home/thomasverwaal/Robust-Rail-NL/mathematical-models/scenarios_solver_types_120/scenario_solver_33_trains_5_units5.json","Cost of next node: Cost = 2,755.4 : 2,761.76 | cr=42, dd=33, da=28, tlv=1, sm=66, rd=170.91, cd=0, um=0","Time elapsed: 4.96 seconds","/home/thomasverwaal/Robust-Rail-NL/mathematical-models/local_search_plans_discreet_120/plan_33_trains_5_units5.json"
"/home/thomasverwaal/Robust-Rail-NL/mathematical-models/scenarios_solver_types_120/scenario_solver_33_trains_5_units5.json","Cost of next node: Cost = 2,655.2 : 2,661.57 | cr=42, dd=33, da=23, tlv=1, sm=66, rd=167.27, cd=0, um=0","Time elapsed: 5.13 seconds","/home/thomasverwaal/Robust-Rail-NL/mathematical-models/local_search_plans_discreet_120/plan_33_trains_5_units5.json"
"/home/thomasverwaal/Robust-Rail-NL/mathematical-models/scenarios_solver_types_120/scenario_solver_33_trains_5_units5.json","Cost of next node: Cost = 2,621.0 : 2,632.33 | cr=35, dd=33, da=24, tlv=2, sm=66, rd=166.36, cd=0, um=0","Time elapsed: 5.26 seconds","/home/thomasverwaal/Robust-Rail-NL/mathematical-models/local_search_plans_discreet_120/plan_33_trains_5_units5.json"
"/home/thomasverwaal/Robust-Rail-NL/mathematical-models/scenarios_solver_types_120/scenario_solver_33_trains_5_units5.json","Cost of next node: Cost = 2,591.5 : 2,602.83 | cr=31, dd=33, da=24, tlv=2, sm=66, rd=170.00, cd=0, um=0","Time elapsed: 5.38 seconds","/home/thomasverwaal/Robust-Rail-NL/mathematical-models/local_search_plans_discreet_120/plan_33_trains_5_units5.json"
"/home/thomasverwaal/Robust-Rail-NL/mathematical-models/scenarios_solver_types_120/scenario_solver_33_trains_5_units5.json","Cost of next node: Cost = 2,548.8 : 2,565.12 | cr=30, dd=33, da=22, tlv=3, sm=66, rd=163.64, cd=0, um=0","Time elapsed: 5.50 seconds","/home/thomasverwaal/Robust-Rail-NL/mathematical-models/local_search_plans_discreet_120/plan_33_trains_5_units5.json"
"/home/thomasverwaal/Robust-Rail-NL/mathematical-models/scenarios_solver_types_120/scenario_solver_33_trains_5_units5.json","Cost of next node: Cost = 2,501.5 : 2,522.80 | cr=30, dd=33, da=19, tlv=4, sm=66, rd=160.00, cd=0, um=0","Time elapsed: 5.61 seconds","/home/thomasverwaal/Robust-Rail-NL/mathematical-models/local_search_plans_discreet_120/plan_33_trains_5_units5.json"
"/home/thomasverwaal/Robust-Rail-NL/mathematical-models/scenarios_solver_types_120/scenario_solver_33_trains_5_units5.json","Cost of next node: Cost = 2,448.1 : 2,464.38 | cr=34, dd=33, da=15, tlv=3, sm=66, rd=162.73, cd=0, um=0","Time elapsed: 5.82 seconds","/home/thomasverwaal/Robust-Rail-NL/mathematical-models/local_search_plans_discreet_120/plan_33_trains_5_units5.json"
"/home/thomasverwaal/Robust-Rail-NL/mathematical-models/scenarios_solver_types_120/scenario_solver_33_trains_5_units5.json","Cost of next node: Cost = 2,407.4 : 2,428.70 | cr=30, dd=33, da=15, tlv=4, sm=66, rd=159.09, cd=0, um=0","Time elapsed: 6.17 seconds","/home/thomasverwaal/Robust-Rail-NL/mathematical-models/local_search_plans_discreet_120/plan_33_trains_5_units5.json"
"/home/thomasverwaal/Robust-Rail-NL/mathematical-models/scenarios_solver_types_120/scenario_solver_33_trains_5_units5.json","Cost of next node: Cost = 2,386.0 : 2,412.28 | cr=29, dd=33, da=15, tlv=5, sm=66, rd=151.82, cd=0, um=0","Time elapsed: 6.46 seconds","/home/thomasverwaal/Robust-Rail-NL/mathematical-models/local_search_plans_discreet_120/plan_33_trains_5_units5.json"
"/home/thomasverwaal/Robust-Rail-NL/mathematical-models/scenarios_solver_types_120/scenario_solver_33_trains_5_units5.json","Cost of next node: Cost = 2,365.8 : 2,392.09 | cr=29, dd=33, da=14, tlv=5, sm=66, rd=148.18, cd=0, um=0","Time elapsed: 6.76 seconds","/home/thomasverwaal/Robust-Rail-NL/mathematical-models/local_search_plans_discreet_120/plan_33_trains_5_units5.json"
"/home/thomasverwaal/Robust-Rail-NL/mathematical-models/scenarios_solver_types_120/scenario_solver_33_trains_5_units5.json","Cost of next node: Cost = 2,345.3 : 2,376.65 | cr=24, dd=33, da=14, tlv=6, sm=66, rd=156.36, cd=0, um=0","Time elapsed: 7.04 seconds","/home/thomasverwaal/Robust-Rail-NL/mathematical-models/local_search_plans_discreet_120/plan_33_trains_5_units5.json"
"/home/thomasverwaal/Robust-Rail-NL/mathematical-models/scenarios_solver_types_120/scenario_solver_33_trains_5_units5.json","Cost of next node: Cost = 2,321.8 : 2,353.11 | cr=25, dd=33, da=13, tlv=6, sm=66, rd=148.18, cd=0, um=0","Time elapsed: 7.46 seconds","/home/thomasverwaal/Robust-Rail-NL/mathematical-models/local_search_plans_discreet_120/plan_33_trains_5_units5.json"
"/home/thomasverwaal/Robust-Rail-NL/mathematical-models/scenarios_solver_types_120/scenario_solver_33_trains_5_units5.json","Cost of next node: Cost = 2,301.5 : 2,337.79 | cr=19, dd=33, da=13, tlv=7, sm=66, rd=153.64, cd=0, um=0","Time elapsed: 7.93 seconds","/home/thomasverwaal/Robust-Rail-NL/mathematical-models/local_search_plans_discreet_120/plan_33_trains_5_units5.json"
"/home/thomasverwaal/Robust-Rail-NL/mathematical-models/scenarios_solver_types_120/scenario_solver_33_trains_5_units5.json","Cost of next node: Cost = 2,279.2 : 2,320.48 | cr=19, dd=33, da=13, tlv=8, sm=66, rd=144.55, cd=0, um=0","Time elapsed: 8.50 seconds","/home/thomasverwaal/Robust-Rail-NL/mathematical-models/local_search_plans_discreet_120/plan_33_trains_5_units5.json"
"/home/thomasverwaal/Robust-Rail-NL/mathematical-models/scenarios_solver_types_120/scenario_solver_33_trains_5_units5.json","Cost of next node: Cost = 2,258.3 : 2,304.67 | cr=19, dd=33, da=11, tlv=9, sm=66, rd=140.91, cd=0, um=0","Time elapsed: 9.03 seconds","/home/thomasverwaal/Robust-Rail-NL/mathematical-models/local_search_plans_discreet_120/plan_33_trains_5_units5.json"
"/home/thomasverwaal/Robust-Rail-NL/mathematical-models/scenarios_solver_types_120/scenario_solver_33_trains_5_units5.json","Cost of next node: Cost = 2,229.2 : 2,280.51 | cr=22, dd=32, da=11, tlv=10, sm=66, rd=133.64, cd=0, um=0","Time elapsed: 9.63 seconds","/home/thomasverwaal/Robust-Rail-NL/mathematical-models/local_search_plans_discreet_120/plan_33_trains_5_units5.json"
"/home/thomasverwaal/Robust-Rail-NL/mathematical-models/scenarios_solver_types_120/scenario_solver_33_trains_5_units5.json","Cost of next node: Cost = 2,208.4 : 2,259.69 | cr=20, dd=32, da=11, tlv=10, sm=66, rd=133.64, cd=0, um=0","Time elapsed: 9.73 seconds","/home/thomasverwaal/Robust-Rail-NL/mathematical-models/local_search_plans_discreet_120/plan_33_trains_5_units5.json"
"/home/thomasverwaal/Robust-Rail-NL/mathematical-models/scenarios_solver_types_120/scenario_solver_33_trains_5_units5.json","Cost of next node: Cost = 2,164.6 : 2,215.93 | cr=21, dd=31, da=11, tlv=10, sm=66, rd=130.91, cd=0, um=0","Time elapsed: 9.84 seconds","/home/thomasverwaal/Robust-Rail-NL/mathematical-models/local_search_plans_discreet_120/plan_33_trains_5_units5.json"
"/home/thomasverwaal/Robust-Rail-NL/mathematical-models/scenarios_solver_types_120/scenario_solver_33_trains_5_units5.json","Cost of next node: Cost = 2,080.4 : 2,136.77 | cr=21, dd=29, da=11, tlv=11, sm=66, rd=129.09, cd=0, um=0","Time elapsed: 10.47 seconds","/home/thomasverwaal/Robust-Rail-NL/mathematical-models/local_search_plans_discreet_120/plan_33_trains_5_units5.json"
"/home/thomasverwaal/Robust-Rail-NL/mathematical-models/scenarios_solver_types_120/scenario_solver_33_trains_5_units5.json","Cost of next node: Cost = 2,022.9 : 2,084.20 | cr=25, dd=28, da=8, tlv=12, sm=66, rd=123.64, cd=0, um=0","Time elapsed: 10.71 seconds","/home/thomasverwaal/Robust-Rail-NL/mathematical-models/local_search_plans_discreet_120/plan_33_trains_5_units5.json"
"/home/thomasverwaal/Robust-Rail-NL/mathematical-models/scenarios_solver_types_120/scenario_solver_33_trains_5_units5.json","Cost of next node: Cost = 1,962.0 : 2,023.33 | cr=24, dd=27, da=8, tlv=12, sm=66, rd=123.64, cd=0, um=0","Time elapsed: 10.82 seconds","/home/thomasverwaal/Robust-Rail-NL/mathematical-models/local_search_plans_discreet_120/plan_33_trains_5_units5.json"
"/home/thomasverwaal/Robust-Rail-NL/mathematical-models/scenarios_solver_types_120/scenario_solver_33_trains_5_units5.json","Cost of next node: Cost = 1,921.3 : 1,982.61 | cr=25, dd=26, da=8, tlv=12, sm=66, rd=119.09, cd=0, um=0","Time elapsed: 11.02 seconds","/home/thomasverwaal/Robust-Rail-NL/mathematical-models/local_search_plans_discreet_120/plan_33_trains_5_units5.json"
"/home/thomasverwaal/Robust-Rail-NL/mathematical-models/scenarios_solver_types_120/scenario_solver_33_trains_5_units5.json","Cost of next node: Cost = 1,841.7 : 1,903.04 | cr=27, dd=24, da=8, tlv=12, sm=66, rd=119.09, cd=0, um=0","Time elapsed: 11.12 seconds","/home/thomasverwaal/Robust-Rail-NL/mathematical-models/local_search_plans_discreet_120/plan_33_trains_5_units5.json"
"/home/thomasverwaal/Robust-Rail-NL/mathematical-models/scenarios_solver_types_120/scenario_solver_33_trains_5_units5.json","Cost of next node: Cost = 1,791.4 : 1,852.72 | cr=27, dd=23, da=8, tlv=12, sm=66, rd=119.09, cd=0, um=0","Time elapsed: 11.21 seconds","/home/thomasverwaal/Robust-Rail-NL/mathematical-models/local_search_plans_discreet_120/plan_33_trains_5_units5.json"
"/home/thomasverwaal/Robust-Rail-NL/mathematical-models/scenarios_solver_types_120/scenario_solver_33_trains_5_units5.json","Cost of next node: Cost = 1,768.8 : 1,835.11 | cr=27, dd=23, da=6, tlv=13, sm=66, rd=115.45, cd=0, um=0","Time elapsed: 11.48 seconds","/home/thomasverwaal/Robust-Rail-NL/mathematical-models/local_search_plans_discreet_120/plan_33_trains_5_units5.json"
"/home/thomasverwaal/Robust-Rail-NL/mathematical-models/scenarios_solver_types_120/scenario_solver_33_trains_5_units5.json","Cost of next node: Cost = 1,713.8 : 1,785.09 | cr=25, dd=22, da=6, tlv=14, sm=66, rd=113.64, cd=0, um=0","Time elapsed: 11.82 seconds","/home/thomasverwaal/Robust-Rail-NL/mathematical-models/local_search_plans_discreet_120/plan_33_trains_5_units5.json"
"/home/thomasverwaal/Robust-Rail-NL/mathematical-models/scenarios_solver_types_120/scenario_solver_33_trains_5_units5.json","Cost of next node: Cost = 1,692.7 : 1,764.04 | cr=23, dd=22, da=6, tlv=14, sm=66, rd=111.82, cd=0, um=0","Time elapsed: 12.04 seconds","/home/thomasverwaal/Robust-Rail-NL/mathematical-models/local_search_plans_discreet_120/plan_33_trains_5_units5.json"
"/home/thomasverwaal/Robust-Rail-NL/mathematical-models/scenarios_solver_types_120/scenario_solver_33_trains_5_units5.json","Cost of next node: Cost = 1,647.4 : 1,723.70 | cr=22, dd=21, da=6, tlv=15, sm=66, rd=110.00, cd=0, um=0","Time elapsed: 12.30 seconds","/home/thomasverwaal/Robust-Rail-NL/mathematical-models/local_search_plans_discreet_120/plan_33_trains_5_units5.json"
"/home/thomasverwaal/Robust-Rail-NL/mathematical-models/scenarios_solver_types_120/scenario_solver_33_trains_5_units5.json","Cost of next node: Cost = 1,622.4 : 1,693.70 | cr=21, dd=21, da=6, tlv=14, sm=66, rd=111.82, cd=0, um=0","Time elapsed: 12.47 seconds","/home/thomasverwaal/Robust-Rail-NL/mathematical-models/local_search_plans_discreet_120/plan_33_trains_5_units5.json"
"/home/thomasverwaal/Robust-Rail-NL/mathematical-models/scenarios_solver_types_120/scenario_solver_33_trains_5_units5.json","Cost of next node: Cost = 1,596.8 : 1,673.09 | cr=24, dd=20, da=5, tlv=15, sm=66, rd=108.18, cd=0, um=0","Time elapsed: 12.89 seconds","/home/thomasverwaal/Robust-Rail-NL/mathematical-models/local_search_plans_discreet_120/plan_33_trains_5_units5.json"
"/home/thomasverwaal/Robust-Rail-NL/mathematical-models/scenarios_solver_types_120/scenario_solver_33_trains_5_units5.json","Cost of next node: Cost = 1,359.3 : 1,440.66 | cr=22, dd=16, da=4, tlv=16, sm=66, rd=98.18, cd=0, um=0","Time elapsed: 13.29 seconds","/home/thomasverwaal/Robust-Rail-NL/mathematical-models/local_search_plans_discreet_120/plan_33_trains_5_units5.json"
"/home/thomasverwaal/Robust-Rail-NL/mathematical-models/scenarios_solver_types_120/scenario_solver_33_trains_5_units5.json","Cost of next node: Cost = 1,241.6 : 1,327.92 | cr=16, dd=15, da=2, tlv=17, sm=66, rd=107.27, cd=0, um=0","Time elapsed: 13.59 seconds","/home/thomasverwaal/Robust-Rail-NL/mathematical-models/local_search_plans_discreet_120/plan_33_trains_5_units5.json"
"/home/thomasverwaal/Robust-Rail-NL/mathematical-models/scenarios_solver_types_120/scenario_solver_33_trains_5_units5.json","Cost of next node: Cost = 1,179.8 : 1,266.12 | cr=16, dd=14, da=2, tlv=17, sm=66, rd=101.82, cd=0, um=0","Time elapsed: 13.72 seconds","/home/thomasverwaal/Robust-Rail-NL/mathematical-models/local_search_plans_discreet_120/plan_33_trains_5_units5.json"
"/home/thomasverwaal/Robust-Rail-NL/mathematical-models/scenarios_solver_types_120/scenario_solver_33_trains_5_units5.json","Cost of next node: Cost = 1,127.0 : 1,218.32 | cr=16, dd=13, da=1, tlv=18, sm=66, rd=98.18, cd=0, um=0","Time elapsed: 14.09 seconds","/home/thomasverwaal/Robust-Rail-NL/mathematical-models/local_search_plans_discreet_120/plan_33_trains_5_units5.json"
"/home/thomasverwaal/Robust-Rail-NL/mathematical-models/scenarios_solver_types_120/scenario_solver_33_trains_5_units5.json","Cost of next node: Cost = 1,102.0 : 1,188.32 | cr=15, dd=13, da=1, tlv=17, sm=66, rd=98.18, cd=0, um=0","Time elapsed: 14.23 seconds","/home/thomasverwaal/Robust-Rail-NL/mathematical-models/local_search_plans_discreet_120/plan_33_trains_5_units5.json"
"/home/thomasverwaal/Robust-Rail-NL/mathematical-models/scenarios_solver_types_120/scenario_solver_33_trains_5_units5.json","Cost of next node: Cost = 1,003.8 : 1,095.07 | cr=14, dd=11, da=1, tlv=18, sm=66, rd=90.00, cd=0, um=0","Time elapsed: 14.49 seconds","/home/thomasverwaal/Robust-Rail-NL/mathematical-models/local_search_plans_discreet_120/plan_33_trains_5_units5.json"
"/home/thomasverwaal/Robust-Rail-NL/mathematical-models/scenarios_solver_types_120/scenario_solver_33_trains_5_units5.json","Cost of next node: Cost = 893.2 : 984.49 | cr=19, dd=8, da=1, tlv=18, sm=66, rd=81.82, cd=0, um=0","Time elapsed: 14.76 seconds","/home/thomasverwaal/Robust-Rail-NL/mathematical-models/local_search_plans_discreet_120/plan_33_trains_5_units5.json"
"/home/thomasverwaal/Robust-Rail-NL/mathematical-models/scenarios_solver_types_120/scenario_solver_33_trains_5_units5.json","Cost of next node: Cost = 516.5 : 612.82 | cr=18, dd=1, da=0, tlv=19, sm=66, rd=70.91, cd=0, um=0","Time elapsed: 15.16 seconds","/home/thomasverwaal/Robust-Rail-NL/mathematical-models/local_search_plans_discreet_120/plan_33_trains_5_units5.json"
"/home/thomasverwaal/Robust-Rail-NL/mathematical-models/scenarios_solver_types_120/scenario_solver_33_trains_5_units5.json","Cost of next node: Cost = 460.0 : 561.32 | cr=16, dd=0, da=0, tlv=20, sm=66, rd=69.09, cd=0, um=0","Time elapsed: 15.47 seconds","/home/thomasverwaal/Robust-Rail-NL/mathematical-models/local_search_plans_discreet_120/plan_33_trains_5_units5.json"
"/home/thomasverwaal/Robust-Rail-NL/mathematical-models/scenarios_solver_types_120/scenario_solver_33_trains_5_units5.json","Cost of next node: Cost = 440.0 : 541.32 | cr=14, dd=0, da=0, tlv=20, sm=66, rd=69.09, cd=0, um=0","Time elapsed: 20.73 seconds","/home/thomasverwaal/Robust-Rail-NL/mathematical-models/local_search_plans_discreet_120/plan_33_trains_5_units5.json"
"/home/thomasverwaal/Robust-Rail-NL/mathematical-models/scenarios_solver_types_120/scenario_solver_33_trains_5_units5.json","Cost of next node: Cost = 425.0 : 521.32 | cr=14, dd=0, da=0, tlv=19, sm=66, rd=70.91, cd=0, um=0","Time elapsed: 25.62 seconds","/home/thomasverwaal/Robust-Rail-NL/mathematical-models/local_search_plans_discreet_120/plan_33_trains_5_units5.json"
"/home/thomasverwaal/Robust-Rail-NL/mathematical-models/scenarios_solver_types_120/scenario_solver_33_trains_5_units5.json","Cost of next node: Cost = 410.0 : 501.32 | cr=14, dd=0, da=0, tlv=18, sm=66, rd=70.91, cd=0, um=0","Time elapsed: 30.20 seconds","/home/thomasverwaal/Robust-Rail-NL/mathematical-models/local_search_plans_discreet_120/plan_33_trains_5_units5.json"
"/home/thomasverwaal/Robust-Rail-NL/mathematical-models/scenarios_solver_types_120/scenario_solver_33_trains_5_units5.json","Cost of next node: Cost = 395.0 : 481.32 | cr=14, dd=0, da=0, tlv=17, sm=66, rd=72.73, cd=0, um=0","Time elapsed: 34.63 seconds","/home/thomasverwaal/Robust-Rail-NL/mathematical-models/local_search_plans_discreet_120/plan_33_trains_5_units5.json"
"/home/thomasverwaal/Robust-Rail-NL/mathematical-models/scenarios_solver_types_120/scenario_solver_33_trains_5_units5.json","Cost of next node: Cost = 380.0 : 461.32 | cr=14, dd=0, da=0, tlv=16, sm=66, rd=74.55, cd=0, um=0","Time elapsed: 38.80 seconds","/home/thomasverwaal/Robust-Rail-NL/mathematical-models/local_search_plans_discreet_120/plan_33_trains_5_units5.json"
"/home/thomasverwaal/Robust-Rail-NL/mathematical-models/scenarios_solver_types_120/scenario_solver_33_trains_5_units5.json","Cost of next node: Cost = 370.0 : 451.32 | cr=13, dd=0, da=0, tlv=16, sm=66, rd=74.55, cd=0, um=0","Time elapsed: 42.88 seconds","/home/thomasverwaal/Robust-Rail-NL/mathematical-models/local_search_plans_discreet_120/plan_33_trains_5_units5.json"
"/home/thomasverwaal/Robust-Rail-NL/mathematical-models/scenarios_solver_types_120/scenario_solver_33_trains_5_units5.json","Cost of next node: Cost = 360.0 : 441.32 | cr=12, dd=0, da=0, tlv=16, sm=66, rd=74.55, cd=0, um=0","Time elapsed: 47.08 seconds","/home/thomasverwaal/Robust-Rail-NL/mathematical-models/local_search_plans_discreet_120/plan_33_trains_5_units5.json"
"/home/thomasverwaal/Robust-Rail-NL/mathematical-models/scenarios_solver_types_120/scenario_solver_33_trains_5_units5.json","Cost of next node: Cost = 345.0 : 421.32 | cr=12, dd=0, da=0, tlv=15, sm=66, rd=76.36, cd=0, um=0","Time elapsed: 51.19 seconds","/home/thomasverwaal/Robust-Rail-NL/mathematical-models/local_search_plans_discreet_120/plan_33_trains_5_units5.json"
"/home/thomasverwaal/Robust-Rail-NL/mathematical-models/scenarios_solver_types_120/scenario_solver_33_trains_5_units5.json","Cost of next node: Cost = 335.0 : 411.32 | cr=11, dd=0, da=0, tlv=15, sm=66, rd=76.36, cd=0, um=0","Time elapsed: 55.17 seconds","/home/thomasverwaal/Robust-Rail-NL/mathematical-models/local_search_plans_discreet_120/plan_33_trains_5_units5.json"
"/home/thomasverwaal/Robust-Rail-NL/mathematical-models/scenarios_solver_types_120/scenario_solver_33_trains_5_units5.json","Cost of next node: Cost = 325.0 : 401.32 | cr=10, dd=0, da=0, tlv=15, sm=66, rd=76.36, cd=0, um=0","Time elapsed: 59.13 seconds","/home/thomasverwaal/Robust-Rail-NL/mathematical-models/local_search_plans_discreet_120/plan_33_trains_5_units5.json"
"/home/thomasverwaal/Robust-Rail-NL/mathematical-models/scenarios_solver_types_120/scenario_solver_33_trains_5_units5.json","Cost of next node: Cost = 315.0 : 391.32 | cr=9, dd=0, da=0, tlv=15, sm=66, rd=76.36, cd=0, um=0","Time elapsed: 62.56 seconds","/home/thomasverwaal/Robust-Rail-NL/mathematical-models/local_search_plans_discreet_120/plan_33_trains_5_units5.json"
"/home/thomasverwaal/Robust-Rail-NL/mathematical-models/scenarios_solver_types_120/scenario_solver_33_trains_5_units5.json","Cost of next node: Cost = 305.0 : 381.32 | cr=8, dd=0, da=0, tlv=15, sm=66, rd=76.36, cd=0, um=0","Time elapsed: 65.24 seconds","/home/thomasverwaal/Robust-Rail-NL/mathematical-models/local_search_plans_discreet_120/plan_33_trains_5_units5.json"
"/home/thomasverwaal/Robust-Rail-NL/mathematical-models/scenarios_solver_types_120/scenario_solver_33_trains_5_units5.json","Cost of next node: Cost = 295.0 : 371.32 | cr=7, dd=0, da=0, tlv=15, sm=66, rd=76.36, cd=0, um=0","Time elapsed: 67.50 seconds","/home/thomasverwaal/Robust-Rail-NL/mathematical-models/local_search_plans_discreet_120/plan_33_trains_5_units5.json"
"/home/thomasverwaal/Robust-Rail-NL/mathematical-models/scenarios_solver_types_120/scenario_solver_33_trains_5_units5.json","Cost of next node: Cost = 285.0 : 361.32 | cr=6, dd=0, da=0, tlv=15, sm=66, rd=76.36, cd=0, um=0","Time elapsed: 69.53 seconds","/home/thomasverwaal/Robust-Rail-NL/mathematical-models/local_search_plans_discreet_120/plan_33_trains_5_units5.json"
"/home/thomasverwaal/Robust-Rail-NL/mathematical-models/scenarios_solver_types_120/scenario_solver_33_trains_5_units5.json","Cost of next node: Cost = 275.0 : 351.32 | cr=5, dd=0, da=0, tlv=15, sm=66, rd=76.36, cd=0, um=0","Time elapsed: 71.09 seconds","/home/thomasverwaal/Robust-Rail-NL/mathematical-models/local_search_plans_discreet_120/plan_33_trains_5_units5.json"
"/home/thomasverwaal/Robust-Rail-NL/mathematical-models/scenarios_solver_types_120/scenario_solver_33_trains_5_units5.json","Cost of next node: Cost = 265.0 : 341.32 | cr=4, dd=0, da=0, tlv=15, sm=66, rd=76.36, cd=0, um=0","Time elapsed: 151.86 seconds","/home/thomasverwaal/Robust-Rail-NL/mathematical-models/local_search_plans_discreet_120/plan_33_trains_5_units5.json"
"/home/thomasverwaal/Robust-Rail-NL/mathematical-models/scenarios_solver_types_120/scenario_solver_33_trains_5_units5.json","Cost of next node: Cost = 260.0 : 331.34 | cr=5, dd=0, da=0, tlv=14, sm=67, rd=82.39, cd=0, um=0","Time elapsed: 158.78 seconds","/home/thomasverwaal/Robust-Rail-NL/mathematical-models/local_search_plans_discreet_120/plan_33_trains_5_units5.json"
"/home/thomasverwaal/Robust-Rail-NL/mathematical-models/scenarios_solver_types_120/scenario_solver_33_trains_5_units5.json","Cost of next node: Cost = 250.0 : 321.34 | cr=4, dd=0, da=0, tlv=14, sm=67, rd=82.39, cd=0, um=0","Time elapsed: 164.71 seconds","/home/thomasverwaal/Robust-Rail-NL/mathematical-models/local_search_plans_discreet_120/plan_33_trains_5_units5.json"
"/home/thomasverwaal/Robust-Rail-NL/mathematical-models/scenarios_solver_types_120/scenario_solver_33_trains_5_units5.json","Cost of next node: Cost = 245.0 : 321.34 | cr=2, dd=0, da=0, tlv=15, sm=67, rd=84.18, cd=0, um=0","Time elapsed: 169.58 seconds","/home/thomasverwaal/Robust-Rail-NL/mathematical-models/local_search_plans_discreet_120/plan_33_trains_5_units5.json"
"/home/thomasverwaal/Robust-Rail-NL/mathematical-models/scenarios_solver_types_120/scenario_solver_33_trains_5_units5.json","Cost of next node: Cost = 230.0 : 301.34 | cr=2, dd=0, da=0, tlv=14, sm=67, rd=84.18, cd=0, um=0","Time elapsed: 170.99 seconds","/home/thomasverwaal/Robust-Rail-NL/mathematical-models/local_search_plans_discreet_120/plan_33_trains_5_units5.json"
"/home/thomasverwaal/Robust-Rail-NL/mathematical-models/scenarios_solver_types_120/scenario_solver_33_trains_5_units5.json","NO_COST_FOUND","NO_TIME_FOUND","NO_PLAN_CREATED"
"/home/thomasverwaal/Robust-Rail-NL/mathematical-models/scenarios_solver_types_120/scenario_solver_33_trains_5_units6.json","Cost of next node: Cost = 2,910.8 : 2,912.17 | cr=50, dd=33, da=31, tlv=0, sm=66, rd=178.18, cd=0, um=0","Time elapsed: 4.49 seconds","/home/thomasverwaal/Robust-Rail-NL/mathematical-models/local_search_plans_discreet_120/plan_33_trains_5_units6.json"
"/home/thomasverwaal/Robust-Rail-NL/mathematical-models/scenarios_solver_types_120/scenario_solver_33_trains_5_units6.json","Cost of next node: Cost = 2,883.3 : 2,884.64 | cr=47, dd=33, da=31, tlv=0, sm=66, rd=180.00, cd=0, um=0","Time elapsed: 4.58 seconds","/home/thomasverwaal/Robust-Rail-NL/mathematical-models/local_search_plans_discreet_120/plan_33_trains_5_units6.json"
"/home/thomasverwaal/Robust-Rail-NL/mathematical-models/scenarios_solver_types_120/scenario_solver_33_trains_5_units6.json","Cost of next node: Cost = 2,863.0 : 2,864.28 | cr=45, dd=33, da=31, tlv=0, sm=66, rd=180.00, cd=0, um=0","Time elapsed: 4.68 seconds","/home/thomasverwaal/Robust-Rail-NL/mathematical-models/local_search_plans_discreet_120/plan_33_trains_5_units6.json"
"/home/thomasverwaal/Robust-Rail-NL/mathematical-models/scenarios_solver_types_120/scenario_solver_33_trains_5_units6.json","Cost of next node: Cost = 2,830.2 : 2,831.54 | cr=46, dd=33, da=30, tlv=0, sm=66, rd=175.45, cd=0, um=0","Time elapsed: 4.88 seconds","/home/thomasverwaal/Robust-Rail-NL/mathematical-models/local_search_plans_discreet_120/plan_33_trains_5_units6.json"
"/home/thomasverwaal/Robust-Rail-NL/mathematical-models/scenarios_solver_types_120/scenario_solver_33_trains_5_units6.json","Cost of next node: Cost = 2,775.4 : 2,781.71 | cr=43, dd=33, da=28, tlv=1, sm=66, rd=174.55, cd=0, um=0","Time elapsed: 4.97 seconds","/home/thomasverwaal/Robust-Rail-NL/mathematical-models/local_search_plans_discreet_120/plan_33_trains_5_units6.json"
"/home/thomasverwaal/Robust-Rail-NL/mathematical-models/scenarios_solver_types_120/scenario_solver_33_trains_5_units6.json","Cost of next node: Cost = 2,634.1 : 2,640.41 | cr=43, dd=33, da=21, tlv=1, sm=66, rd=170.91, cd=0, um=0","Time elapsed: 5.10 seconds","/home/thomasverwaal/Robust-Rail-NL/mathematical-models/local_search_plans_discreet_120/plan_33_trains_5_units6.json"
"/home/thomasverwaal/Robust-Rail-NL/mathematical-models/scenarios_solver_types_120/scenario_solver_33_trains_5_units6.json","Cost of next node: Cost = 2,604.9 : 2,616.27 | cr=43, dd=33, da=19, tlv=2, sm=66, rd=164.55, cd=0, um=0","Time elapsed: 5.35 seconds","/home/thomasverwaal/Robust-Rail-NL/mathematical-models/local_search_plans_discreet_120/plan_33_trains_5_units6.json"
"/home/thomasverwaal/Robust-Rail-NL/mathematical-models/scenarios_solver_types_120/scenario_solver_33_trains_5_units6.json","Cost of next node: Cost = 2,578.8 : 2,595.10 | cr=36, dd=33, da=20, tlv=3, sm=66, rd=163.64, cd=0, um=0","Time elapsed: 5.46 seconds","/home/thomasverwaal/Robust-Rail-NL/mathematical-models/local_search_plans_discreet_120/plan_33_trains_5_units6.json"
"/home/thomasverwaal/Robust-Rail-NL/mathematical-models/scenarios_solver_types_120/scenario_solver_33_trains_5_units6.json","Cost of next node: Cost = 2,525.4 : 2,546.74 | cr=40, dd=33, da=15, tlv=4, sm=66, rd=160.91, cd=0, um=0","Time elapsed: 5.67 seconds","/home/thomasverwaal/Robust-Rail-NL/mathematical-models/local_search_plans_discreet_120/plan_33_trains_5_units6.json"
"/home/thomasverwaal/Robust-Rail-NL/mathematical-models/scenarios_solver_types_120/scenario_solver_33_trains_5_units6.json","Cost of next node: Cost = 2,502.3 : 2,528.64 | cr=38, dd=33, da=14, tlv=5, sm=66, rd=159.09, cd=0, um=0","Time elapsed: 6.13 seconds","/home/thomasverwaal/Robust-Rail-NL/mathematical-models/local_search_plans_discreet_120/plan_33_trains_5_units6.json"
"/home/thomasverwaal/Robust-Rail-NL/mathematical-models/scenarios_solver_types_120/scenario_solver_33_trains_5_units6.json","Cost of next node: Cost = 2,480.4 : 2,506.76 | cr=35, dd=33, da=14, tlv=5, sm=66, rd=160.91, cd=0, um=0","Time elapsed: 6.25 seconds","/home/thomasverwaal/Robust-Rail-NL/mathematical-models/local_search_plans_discreet_120/plan_33_trains_5_units6.json"
"/home/thomasverwaal/Robust-Rail-NL/mathematical-models/scenarios_solver_types_120/scenario_solver_33_trains_5_units6.json","Cost of next node: Cost = 2,459.4 : 2,485.70 | cr=33, dd=33, da=14, tlv=5, sm=66, rd=160.91, cd=0, um=0","Time elapsed: 6.52 seconds","/home/thomasverwaal/Robust-Rail-NL/mathematical-models/local_search_plans_discreet_120/plan_33_trains_5_units6.json"
"/home/thomasverwaal/Robust-Rail-NL/mathematical-models/scenarios_solver_types_120/scenario_solver_33_trains_5_units6.json","Cost of next node: Cost = 2,433.6 : 2,459.97 | cr=32, dd=33, da=14, tlv=5, sm=66, rd=156.36, cd=0, um=0","Time elapsed: 6.74 seconds","/home/thomasverwaal/Robust-Rail-NL/mathematical-models/local_search_plans_discreet_120/plan_33_trains_5_units6.json"
"/home/thomasverwaal/Robust-Rail-NL/mathematical-models/scenarios_solver_types_120/scenario_solver_33_trains_5_units6.json","Cost of next node: Cost = 2,411.7 : 2,442.99 | cr=30, dd=33, da=13, tlv=6, sm=66, rd=154.55, cd=0, um=0","Time elapsed: 7.22 seconds","/home/thomasverwaal/Robust-Rail-NL/mathematical-models/local_search_plans_discreet_120/plan_33_trains_5_units6.json"
"/home/thomasverwaal/Robust-Rail-NL/mathematical-models/scenarios_solver_types_120/scenario_solver_33_trains_5_units6.json","Cost of next node: Cost = 2,366.7 : 2,402.99 | cr=24, dd=33, da=13, tlv=7, sm=66, rd=154.55, cd=0, um=0","Time elapsed: 7.73 seconds","/home/thomasverwaal/Robust-Rail-NL/mathematical-models/local_search_plans_discreet_120/plan_33_trains_5_units6.json"
"/home/thomasverwaal/Robust-Rail-NL/mathematical-models/scenarios_solver_types_120/scenario_solver_33_trains_5_units6.json","Cost of next node: Cost = 2,345.6 : 2,386.89 | cr=24, dd=33, da=12, tlv=8, sm=66, rd=147.27, cd=0, um=0","Time elapsed: 8.43 seconds","/home/thomasverwaal/Robust-Rail-NL/mathematical-models/local_search_plans_discreet_120/plan_33_trains_5_units6.json"
"/home/thomasverwaal/Robust-Rail-NL/mathematical-models/scenarios_solver_types_120/scenario_solver_33_trains_5_units6.json","Cost of next node: Cost = 2,317.1 : 2,363.44 | cr=24, dd=33, da=11, tlv=9, sm=66, rd=140.00, cd=0, um=0","Time elapsed: 8.69 seconds","/home/thomasverwaal/Robust-Rail-NL/mathematical-models/local_search_plans_discreet_120/plan_33_trains_5_units6.json"
"/home/thomasverwaal/Robust-Rail-NL/mathematical-models/scenarios_solver_types_120/scenario_solver_33_trains_5_units6.json","Cost of next node: Cost = 2,288.2 : 2,339.53 | cr=23, dd=33, da=10, tlv=10, sm=66, rd=134.55, cd=0, um=0","Time elapsed: 8.93 seconds","/home/thomasverwaal/Robust-Rail-NL/mathematical-models/local_search_plans_discreet_120/plan_33_trains_5_units6.json"
"/home/thomasverwaal/Robust-Rail-NL/mathematical-models/scenarios_solver_types_120/scenario_solver_33_trains_5_units6.json","Cost of next node: Cost = 2,263.2 : 2,319.53 | cr=25, dd=33, da=7, tlv=11, sm=66, rd=133.64, cd=0, um=0","Time elapsed: 9.16 seconds","/home/thomasverwaal/Robust-Rail-NL/mathematical-models/local_search_plans_discreet_120/plan_33_trains_5_units6.json"
"/home/thomasverwaal/Robust-Rail-NL/mathematical-models/scenarios_solver_types_120/scenario_solver_33_trains_5_units6.json","Cost of next node: Cost = 2,229.7 : 2,286.06 | cr=24, dd=33, da=7, tlv=11, sm=66, rd=123.64, cd=0, um=0","Time elapsed: 9.27 seconds","/home/thomasverwaal/Robust-Rail-NL/mathematical-models/local_search_plans_discreet_120/plan_33_trains_5_units6.json"
"/home/thomasverwaal/Robust-Rail-NL/mathematical-models/scenarios_solver_types_120/scenario_solver_33_trains_5_units6.json","Cost of next node: Cost = 2,187.0 : 2,243.36 | cr=25, dd=32, da=7, tlv=11, sm=66, rd=121.82, cd=0, um=0","Time elapsed: 9.37 seconds","/home/thomasverwaal/Robust-Rail-NL/mathematical-models/local_search_plans_discreet_120/plan_33_trains_5_units6.json"
"/home/thomasverwaal/Robust-Rail-NL/mathematical-models/scenarios_solver_types_120/scenario_solver_33_trains_5_units6.json","Cost of next node: Cost = 2,124.9 : 2,181.23 | cr=24, dd=31, da=7, tlv=11, sm=66, rd=120.00, cd=0, um=0","Time elapsed: 9.45 seconds","/home/thomasverwaal/Robust-Rail-NL/mathematical-models/local_search_plans_discreet_120/plan_33_trains_5_units6.json"
"/home/thomasverwaal/Robust-Rail-NL/mathematical-models/scenarios_solver_types_120/scenario_solver_33_trains_5_units6.json","Cost of next node: Cost = 2,090.4 : 2,151.67 | cr=24, dd=30, da=7, tlv=12, sm=66, rd=118.18, cd=0, um=0","Time elapsed: 9.69 seconds","/home/thomasverwaal/Robust-Rail-NL/mathematical-models/local_search_plans_discreet_120/plan_33_trains_5_units6.json"
"/home/thomasverwaal/Robust-Rail-NL/mathematical-models/scenarios_solver_types_120/scenario_solver_33_trains_5_units6.json","Cost of next node: Cost = 2,030.1 : 2,091.45 | cr=23, dd=29, da=7, tlv=12, sm=66, rd=118.18, cd=0, um=0","Time elapsed: 9.80 seconds","/home/thomasverwaal/Robust-Rail-NL/mathematical-models/local_search_plans_discreet_120/plan_33_trains_5_units6.json"
"/home/thomasverwaal/Robust-Rail-NL/mathematical-models/scenarios_solver_types_120/scenario_solver_33_trains_5_units6.json","Cost of next node: Cost = 1,980.5 : 2,041.83 | cr=23, dd=28, da=7, tlv=12, sm=66, rd=118.18, cd=0, um=0","Time elapsed: 9.95 seconds","/home/thomasverwaal/Robust-Rail-NL/mathematical-models/local_search_plans_discreet_120/plan_33_trains_5_units6.json"
"/home/thomasverwaal/Robust-Rail-NL/mathematical-models/scenarios_solver_types_120/scenario_solver_33_trains_5_units6.json","Cost of next node: Cost = 1,929.3 : 1,990.62 | cr=23, dd=27, da=7, tlv=12, sm=66, rd=118.18, cd=0, um=0","Time elapsed: 10.08 seconds","/home/thomasverwaal/Robust-Rail-NL/mathematical-models/local_search_plans_discreet_120/plan_33_trains_5_units6.json"
"/home/thomasverwaal/Robust-Rail-NL/mathematical-models/scenarios_solver_types_120/scenario_solver_33_trains_5_units6.json","Cost of next node: Cost = 1,874.3 : 1,935.67 | cr=21, dd=27, da=5, tlv=12, sm=66, rd=119.09, cd=0, um=0","Time elapsed: 10.26 seconds","/home/thomasverwaal/Robust-Rail-NL/mathematical-models/local_search_plans_discreet_120/plan_33_trains_5_units6.json"
"/home/thomasverwaal/Robust-Rail-NL/mathematical-models/scenarios_solver_types_120/scenario_solver_33_trains_5_units6.json","Cost of next node: Cost = 1,777.5 : 1,838.84 | cr=21, dd=25, da=5, tlv=12, sm=66, rd=119.09, cd=0, um=0","Time elapsed: 10.33 seconds","/home/thomasverwaal/Robust-Rail-NL/mathematical-models/local_search_plans_discreet_120/plan_33_trains_5_units6.json"
"/home/thomasverwaal/Robust-Rail-NL/mathematical-models/scenarios_solver_types_120/scenario_solver_33_trains_5_units6.json","Cost of next node: Cost = 1,750.2 : 1,806.54 | cr=20, dd=25, da=5, tlv=11, sm=66, rd=118.18, cd=0, um=0","Time elapsed: 10.60 seconds","/home/thomasverwaal/Robust-Rail-NL/mathematical-models/local_search_plans_discreet_120/plan_33_trains_5_units6.json"
"/home/thomasverwaal/Robust-Rail-NL/mathematical-models/scenarios_solver_types_120/scenario_solver_33_trains_5_units6.json","Cost of next node: Cost = 1,716.0 : 1,777.32 | cr=20, dd=24, da=5, tlv=12, sm=66, rd=116.36, cd=0, um=0","Time elapsed: 10.96 seconds","/home/thomasverwaal/Robust-Rail-NL/mathematical-models/local_search_plans_discreet_120/plan_33_trains_5_units6.json"
"/home/thomasverwaal/Robust-Rail-NL/mathematical-models/scenarios_solver_types_120/scenario_solver_33_trains_5_units6.json","Cost of next node: Cost = 1,503.3 : 1,569.67 | cr=20, dd=20, da=4, tlv=13, sm=66, rd=107.27, cd=0, um=0","Time elapsed: 11.20 seconds","/home/thomasverwaal/Robust-Rail-NL/mathematical-models/local_search_plans_discreet_120/plan_33_trains_5_units6.json"
"/home/thomasverwaal/Robust-Rail-NL/mathematical-models/scenarios_solver_types_120/scenario_solver_33_trains_5_units6.json","Cost of next node: Cost = 1,477.8 : 1,544.10 | cr=17, dd=20, da=4, tlv=13, sm=66, rd=110.91, cd=0, um=0","Time elapsed: 11.25 seconds","/home/thomasverwaal/Robust-Rail-NL/mathematical-models/local_search_plans_discreet_120/plan_33_trains_5_units6.json"
"/home/thomasverwaal/Robust-Rail-NL/mathematical-models/scenarios_solver_types_120/scenario_solver_33_trains_5_units6.json","Cost of next node: Cost = 1,374.0 : 1,445.31 | cr=18, dd=18, da=3, tlv=14, sm=66, rd=103.64, cd=0, um=0","Time elapsed: 11.57 seconds","/home/thomasverwaal/Robust-Rail-NL/mathematical-models/local_search_plans_discreet_120/plan_33_trains_5_units6.json"
"/home/thomasverwaal/Robust-Rail-NL/mathematical-models/scenarios_solver_types_120/scenario_solver_33_trains_5_units6.json","Cost of next node: Cost = 1,326.0 : 1,397.29 | cr=18, dd=17, da=3, tlv=14, sm=66, rd=103.64, cd=0, um=0","Time elapsed: 11.64 seconds","/home/thomasverwaal/Robust-Rail-NL/mathematical-models/local_search_plans_discreet_120/plan_33_trains_5_units6.json"
"/home/thomasverwaal/Robust-Rail-NL/mathematical-models/scenarios_solver_types_120/scenario_solver_33_trains_5_units6.json","Cost of next node: Cost = 1,221.7 : 1,297.98 | cr=18, dd=15, da=2, tlv=15, sm=66, rd=100.00, cd=0, um=0","Time elapsed: 11.94 seconds","/home/thomasverwaal/Robust-Rail-NL/mathematical-models/local_search_plans_discreet_120/plan_33_trains_5_units6.json"
"/home/thomasverwaal/Robust-Rail-NL/mathematical-models/scenarios_solver_types_120/scenario_solver_33_trains_5_units6.json","Cost of next node: Cost = 1,196.7 : 1,267.98 | cr=17, dd=15, da=2, tlv=14, sm=66, rd=100.00, cd=0, um=0","Time elapsed: 12.22 seconds","/home/thomasverwaal/Robust-Rail-NL/mathematical-models/local_search_plans_discreet_120/plan_33_trains_5_units6.json"
"/home/thomasverwaal/Robust-Rail-NL/mathematical-models/scenarios_solver_types_120/scenario_solver_33_trains_5_units6.json","Cost of next node: Cost = 907.0 : 983.28 | cr=14, dd=10, da=1, tlv=15, sm=66, rd=92.73, cd=0, um=0","Time elapsed: 12.54 seconds","/home/thomasverwaal/Robust-Rail-NL/mathematical-models/local_search_plans_discreet_120/plan_33_trains_5_units6.json"
"/home/thomasverwaal/Robust-Rail-NL/mathematical-models/scenarios_solver_types_120/scenario_solver_33_trains_5_units6.json","Cost of next node: Cost = 711.6 : 792.89 | cr=16, dd=6, da=0, tlv=16, sm=66, rd=80.91, cd=0, um=0","Time elapsed: 12.79 seconds","/home/thomasverwaal/Robust-Rail-NL/mathematical-models/local_search_plans_discreet_120/plan_33_trains_5_units6.json"
"/home/thomasverwaal/Robust-Rail-NL/mathematical-models/scenarios_solver_types_120/scenario_solver_33_trains_5_units6.json","Cost of next node: Cost = 663.5 : 744.82 | cr=17, dd=5, da=0, tlv=16, sm=66, rd=78.18, cd=0, um=0","Time elapsed: 12.88 seconds","/home/thomasverwaal/Robust-Rail-NL/mathematical-models/local_search_plans_discreet_120/plan_33_trains_5_units6.json"
"/home/thomasverwaal/Robust-Rail-NL/mathematical-models/scenarios_solver_types_120/scenario_solver_33_trains_5_units6.json","Cost of next node: Cost = 613.6 : 694.92 | cr=17, dd=4, da=0, tlv=16, sm=66, rd=78.18, cd=0, um=0","Time elapsed: 12.95 seconds","/home/thomasverwaal/Robust-Rail-NL/mathematical-models/local_search_plans_discreet_120/plan_33_trains_5_units6.json"
"/home/thomasverwaal/Robust-Rail-NL/mathematical-models/scenarios_solver_types_120/scenario_solver_33_trains_5_units6.json","Cost of next node: Cost = 593.0 : 674.32 | cr=20, dd=3, da=0, tlv=16, sm=66, rd=76.36, cd=0, um=0","Time elapsed: 13.19 seconds","/home/thomasverwaal/Robust-Rail-NL/mathematical-models/local_search_plans_discreet_120/plan_33_trains_5_units6.json"
"/home/thomasverwaal/Robust-Rail-NL/mathematical-models/scenarios_solver_types_120/scenario_solver_33_trains_5_units6.json","Cost of next node: Cost = 563.0 : 644.32 | cr=17, dd=3, da=0, tlv=16, sm=66, rd=76.36, cd=0, um=0","Time elapsed: 13.47 seconds","/home/thomasverwaal/Robust-Rail-NL/mathematical-models/local_search_plans_discreet_120/plan_33_trains_5_units6.json"
"/home/thomasverwaal/Robust-Rail-NL/mathematical-models/scenarios_solver_types_120/scenario_solver_33_trains_5_units6.json","Cost of next node: Cost = 518.0 : 604.32 | cr=16, dd=2, da=0, tlv=17, sm=66, rd=72.73, cd=0, um=0","Time elapsed: 13.75 seconds","/home/thomasverwaal/Robust-Rail-NL/mathematical-models/local_search_plans_discreet_120/plan_33_trains_5_units6.json"
"/home/thomasverwaal/Robust-Rail-NL/mathematical-models/scenarios_solver_types_120/scenario_solver_33_trains_5_units6.json","Cost of next node: Cost = 493.0 : 574.32 | cr=15, dd=2, da=0, tlv=16, sm=66, rd=74.55, cd=0, um=0","Time elapsed: 14.16 seconds","/home/thomasverwaal/Robust-Rail-NL/mathematical-models/local_search_plans_discreet_120/plan_33_trains_5_units6.json"
"/home/thomasverwaal/Robust-Rail-NL/mathematical-models/scenarios_solver_types_120/scenario_solver_33_trains_5_units6.json","Cost of next node: Cost = 436.5 : 522.82 | cr=13, dd=1, da=0, tlv=17, sm=66, rd=72.73, cd=0, um=0","Time elapsed: 14.46 seconds","/home/thomasverwaal/Robust-Rail-NL/mathematical-models/local_search_plans_discreet_120/plan_33_trains_5_units6.json"
"/home/thomasverwaal/Robust-Rail-NL/mathematical-models/scenarios_solver_types_120/scenario_solver_33_trains_5_units6.json","Cost of next node: Cost = 400.0 : 491.32 | cr=13, dd=0, da=0, tlv=18, sm=66, rd=70.91, cd=0, um=0","Time elapsed: 14.63 seconds","/home/thomasverwaal/Robust-Rail-NL/mathematical-models/local_search_plans_discreet_120/plan_33_trains_5_units6.json"
"/home/thomasverwaal/Robust-Rail-NL/mathematical-models/scenarios_solver_types_120/scenario_solver_33_trains_5_units6.json","Cost of next node: Cost = 385.0 : 471.32 | cr=13, dd=0, da=0, tlv=17, sm=66, rd=72.73, cd=0, um=0","Time elapsed: 19.04 seconds","/home/thomasverwaal/Robust-Rail-NL/mathematical-models/local_search_plans_discreet_120/plan_33_trains_5_units6.json"
"/home/thomasverwaal/Robust-Rail-NL/mathematical-models/scenarios_solver_types_120/scenario_solver_33_trains_5_units6.json","Cost of next node: Cost = 370.0 : 451.32 | cr=13, dd=0, da=0, tlv=16, sm=66, rd=74.55, cd=0, um=0","Time elapsed: 23.44 seconds","/home/thomasverwaal/Robust-Rail-NL/mathematical-models/local_search_plans_discreet_120/plan_33_trains_5_units6.json"
"/home/thomasverwaal/Robust-Rail-NL/mathematical-models/scenarios_solver_types_120/scenario_solver_33_trains_5_units6.json","Cost of next node: Cost = 360.0 : 441.32 | cr=12, dd=0, da=0, tlv=16, sm=66, rd=74.55, cd=0, um=0","Time elapsed: 27.05 seconds","/home/thomasverwaal/Robust-Rail-NL/mathematical-models/local_search_plans_discreet_120/plan_33_trains_5_units6.json"
"/home/thomasverwaal/Robust-Rail-NL/mathematical-models/scenarios_solver_types_120/scenario_solver_33_trains_5_units6.json","Cost of next node: Cost = 350.0 : 431.32 | cr=11, dd=0, da=0, tlv=16, sm=66, rd=74.55, cd=0, um=0","Time elapsed: 30.66 seconds","/home/thomasverwaal/Robust-Rail-NL/mathematical-models/local_search_plans_discreet_120/plan_33_trains_5_units6.json"
"/home/thomasverwaal/Robust-Rail-NL/mathematical-models/scenarios_solver_types_120/scenario_solver_33_trains_5_units6.json","Cost of next node: Cost = 335.0 : 411.32 | cr=11, dd=0, da=0, tlv=15, sm=66, rd=76.36, cd=0, um=0","Time elapsed: 34.11 seconds","/home/thomasverwaal/Robust-Rail-NL/mathematical-models/local_search_plans_discreet_120/plan_33_trains_5_units6.json"
"/home/thomasverwaal/Robust-Rail-NL/mathematical-models/scenarios_solver_types_120/scenario_solver_33_trains_5_units6.json","Cost of next node: Cost = 325.0 : 401.32 | cr=10, dd=0, da=0, tlv=15, sm=66, rd=76.36, cd=0, um=0","Time elapsed: 37.76 seconds","/home/thomasverwaal/Robust-Rail-NL/mathematical-models/local_search_plans_discreet_120/plan_33_trains_5_units6.json"
"/home/thomasverwaal/Robust-Rail-NL/mathematical-models/scenarios_solver_types_120/scenario_solver_33_trains_5_units6.json","Cost of next node: Cost = 315.0 : 391.32 | cr=9, dd=0, da=0, tlv=15, sm=66, rd=76.36, cd=0, um=0","Time elapsed: 41.08 seconds","/home/thomasverwaal/Robust-Rail-NL/mathematical-models/local_search_plans_discreet_120/plan_33_trains_5_units6.json"
"/home/thomasverwaal/Robust-Rail-NL/mathematical-models/scenarios_solver_types_120/scenario_solver_33_trains_5_units6.json","Cost of next node: Cost = 305.0 : 381.32 | cr=8, dd=0, da=0, tlv=15, sm=66, rd=76.36, cd=0, um=0","Time elapsed: 44.05 seconds","/home/thomasverwaal/Robust-Rail-NL/mathematical-models/local_search_plans_discreet_120/plan_33_trains_5_units6.json"
"/home/thomasverwaal/Robust-Rail-NL/mathematical-models/scenarios_solver_types_120/scenario_solver_33_trains_5_units6.json","Cost of next node: Cost = 295.0 : 371.32 | cr=7, dd=0, da=0, tlv=15, sm=66, rd=76.36, cd=0, um=0","Time elapsed: 46.35 seconds","/home/thomasverwaal/Robust-Rail-NL/mathematical-models/local_search_plans_discreet_120/plan_33_trains_5_units6.json"
"/home/thomasverwaal/Robust-Rail-NL/mathematical-models/scenarios_solver_types_120/scenario_solver_33_trains_5_units6.json","Cost of next node: Cost = 285.0 : 361.32 | cr=6, dd=0, da=0, tlv=15, sm=66, rd=76.36, cd=0, um=0","Time elapsed: 48.26 seconds","/home/thomasverwaal/Robust-Rail-NL/mathematical-models/local_search_plans_discreet_120/plan_33_trains_5_units6.json"
"/home/thomasverwaal/Robust-Rail-NL/mathematical-models/scenarios_solver_types_120/scenario_solver_33_trains_5_units6.json","Cost of next node: Cost = 275.0 : 351.32 | cr=5, dd=0, da=0, tlv=15, sm=66, rd=76.36, cd=0, um=0","Time elapsed: 50.28 seconds","/home/thomasverwaal/Robust-Rail-NL/mathematical-models/local_search_plans_discreet_120/plan_33_trains_5_units6.json"
"/home/thomasverwaal/Robust-Rail-NL/mathematical-models/scenarios_solver_types_120/scenario_solver_33_trains_5_units6.json","Cost of next node: Cost = 265.0 : 341.32 | cr=4, dd=0, da=0, tlv=15, sm=66, rd=76.36, cd=0, um=0","Time elapsed: 51.78 seconds","/home/thomasverwaal/Robust-Rail-NL/mathematical-models/local_search_plans_discreet_120/plan_33_trains_5_units6.json"
"/home/thomasverwaal/Robust-Rail-NL/mathematical-models/scenarios_solver_types_120/scenario_solver_33_trains_5_units6.json","Cost of next node: Cost = 260.0 : 341.32 | cr=2, dd=0, da=0, tlv=16, sm=66, rd=76.36, cd=0, um=0","Time elapsed: 53.05 seconds","/home/thomasverwaal/Robust-Rail-NL/mathematical-models/local_search_plans_discreet_120/plan_33_trains_5_units6.json"
"/home/thomasverwaal/Robust-Rail-NL/mathematical-models/scenarios_solver_types_120/scenario_solver_33_trains_5_units6.json","Cost of next node: Cost = 245.0 : 321.32 | cr=2, dd=0, da=0, tlv=15, sm=66, rd=78.18, cd=0, um=0","Time elapsed: 54.29 seconds","/home/thomasverwaal/Robust-Rail-NL/mathematical-models/local_search_plans_discreet_120/plan_33_trains_5_units6.json"
"/home/thomasverwaal/Robust-Rail-NL/mathematical-models/scenarios_solver_types_120/scenario_solver_33_trains_5_units6.json","Cost of next node: Cost = 235.0 : 311.34 | cr=1, dd=0, da=0, tlv=15, sm=67, rd=78.81, cd=0, um=0","Time elapsed: 56.38 seconds","/home/thomasverwaal/Robust-Rail-NL/mathematical-models/local_search_plans_discreet_120/plan_33_trains_5_units6.json"
"/home/thomasverwaal/Robust-Rail-NL/mathematical-models/scenarios_solver_types_120/scenario_solver_33_trains_5_units6.json","NO_COST_FOUND","NO_TIME_FOUND","NO_PLAN_CREATED"
"/home/thomasverwaal/Robust-Rail-NL/mathematical-models/scenarios_solver_types_120/scenario_solver_33_trains_5_units7.json","Cost of next node: Cost = 2,878.7 : 2,880.04 | cr=47, dd=33, da=31, tlv=0, sm=66, rd=181.82, cd=0, um=0","Time elapsed: 5.04 seconds","/home/thomasverwaal/Robust-Rail-NL/mathematical-models/local_search_plans_discreet_120/plan_33_trains_5_units7.json"
"/home/thomasverwaal/Robust-Rail-NL/mathematical-models/scenarios_solver_types_120/scenario_solver_33_trains_5_units7.json","Cost of next node: Cost = 2,858.2 : 2,859.51 | cr=45, dd=33, da=31, tlv=0, sm=66, rd=181.82, cd=0, um=0","Time elapsed: 5.13 seconds","/home/thomasverwaal/Robust-Rail-NL/mathematical-models/local_search_plans_discreet_120/plan_33_trains_5_units7.json"
"/home/thomasverwaal/Robust-Rail-NL/mathematical-models/scenarios_solver_types_120/scenario_solver_33_trains_5_units7.json","Cost of next node: Cost = 2,835.7 : 2,837.04 | cr=43, dd=33, da=31, tlv=0, sm=66, rd=181.82, cd=0, um=0","Time elapsed: 5.20 seconds","/home/thomasverwaal/Robust-Rail-NL/mathematical-models/local_search_plans_discreet_120/plan_33_trains_5_units7.json"
"/home/thomasverwaal/Robust-Rail-NL/mathematical-models/scenarios_solver_types_120/scenario_solver_33_trains_5_units7.json","Cost of next node: Cost = 2,808.5 : 2,809.86 | cr=40, dd=33, da=31, tlv=0, sm=66, rd=181.82, cd=0, um=0","Time elapsed: 5.27 seconds","/home/thomasverwaal/Robust-Rail-NL/mathematical-models/local_search_plans_discreet_120/plan_33_trains_5_units7.json"
"/home/thomasverwaal/Robust-Rail-NL/mathematical-models/scenarios_solver_types_120/scenario_solver_33_trains_5_units7.json","Cost of next node: Cost = 2,775.8 : 2,777.10 | cr=41, dd=33, da=30, tlv=0, sm=66, rd=177.27, cd=0, um=0","Time elapsed: 5.45 seconds","/home/thomasverwaal/Robust-Rail-NL/mathematical-models/local_search_plans_discreet_120/plan_33_trains_5_units7.json"
"/home/thomasverwaal/Robust-Rail-NL/mathematical-models/scenarios_solver_types_120/scenario_solver_33_trains_5_units7.json","Cost of next node: Cost = 2,752.8 : 2,759.10 | cr=36, dd=33, da=30, tlv=1, sm=66, rd=180.91, cd=0, um=0","Time elapsed: 5.56 seconds","/home/thomasverwaal/Robust-Rail-NL/mathematical-models/local_search_plans_discreet_120/plan_33_trains_5_units7.json"
"/home/thomasverwaal/Robust-Rail-NL/mathematical-models/scenarios_solver_types_120/scenario_solver_33_trains_5_units7.json","Cost of next node: Cost = 2,729.4 : 2,735.75 | cr=36, dd=33, da=29, tlv=1, sm=66, rd=178.18, cd=0, um=0","Time elapsed: 5.67 seconds","/home/thomasverwaal/Robust-Rail-NL/mathematical-models/local_search_plans_discreet_120/plan_33_trains_5_units7.json"
"/home/thomasverwaal/Robust-Rail-NL/mathematical-models/scenarios_solver_types_120/scenario_solver_33_trains_5_units7.json","Cost of next node: Cost = 2,656.9 : 2,668.20 | cr=29, dd=33, da=28, tlv=2, sm=66, rd=177.27, cd=0, um=0","Time elapsed: 5.77 seconds","/home/thomasverwaal/Robust-Rail-NL/mathematical-models/local_search_plans_discreet_120/plan_33_trains_5_units7.json"
"/home/thomasverwaal/Robust-Rail-NL/mathematical-models/scenarios_solver_types_120/scenario_solver_33_trains_5_units7.json","Cost of next node: Cost = 2,513.2 : 2,529.54 | cr=30, dd=33, da=20, tlv=3, sm=66, rd=170.91, cd=0, um=0","Time elapsed: 5.90 seconds","/home/thomasverwaal/Robust-Rail-NL/mathematical-models/local_search_plans_discreet_120/plan_33_trains_5_units7.json"
"/home/thomasverwaal/Robust-Rail-NL/mathematical-models/scenarios_solver_types_120/scenario_solver_33_trains_5_units7.json","Cost of next node: Cost = 2,471.9 : 2,488.21 | cr=35, dd=33, da=16, tlv=3, sm=66, rd=170.00, cd=0, um=0","Time elapsed: 6.03 seconds","/home/thomasverwaal/Robust-Rail-NL/mathematical-models/local_search_plans_discreet_120/plan_33_trains_5_units7.json"
"/home/thomasverwaal/Robust-Rail-NL/mathematical-models/scenarios_solver_types_120/scenario_solver_33_trains_5_units7.json","Cost of next node: Cost = 2,440.3 : 2,456.63 | cr=34, dd=33, da=15, tlv=3, sm=66, rd=168.18, cd=0, um=0","Time elapsed: 6.23 seconds","/home/thomasverwaal/Robust-Rail-NL/mathematical-models/local_search_plans_discreet_120/plan_33_trains_5_units7.json"
"/home/thomasverwaal/Robust-Rail-NL/mathematical-models/scenarios_solver_types_120/scenario_solver_33_trains_5_units7.json","Cost of next node: Cost = 2,409.9 : 2,431.25 | cr=31, dd=33, da=15, tlv=4, sm=66, rd=162.73, cd=0, um=0","Time elapsed: 6.46 seconds","/home/thomasverwaal/Robust-Rail-NL/mathematical-models/local_search_plans_discreet_120/plan_33_trains_5_units7.json"
"/home/thomasverwaal/Robust-Rail-NL/mathematical-models/scenarios_solver_types_120/scenario_solver_33_trains_5_units7.json","Cost of next node: Cost = 2,389.1 : 2,410.41 | cr=31, dd=33, da=14, tlv=4, sm=66, rd=160.91, cd=0, um=0","Time elapsed: 6.83 seconds","/home/thomasverwaal/Robust-Rail-NL/mathematical-models/local_search_plans_discreet_120/plan_33_trains_5_units7.json"
"/home/thomasverwaal/Robust-Rail-NL/mathematical-models/scenarios_solver_types_120/scenario_solver_33_trains_5_units7.json","Cost of next node: Cost = 2,367.4 : 2,393.75 | cr=30, dd=33, da=14, tlv=5, sm=66, rd=153.64, cd=0, um=0","Time elapsed: 7.24 seconds","/home/thomasverwaal/Robust-Rail-NL/mathematical-models/local_search_plans_discreet_120/plan_33_trains_5_units7.json"
"/home/thomasverwaal/Robust-Rail-NL/mathematical-models/scenarios_solver_types_120/scenario_solver_33_trains_5_units7.json","Cost of next node: Cost = 2,336.9 : 2,368.23 | cr=28, dd=33, da=13, tlv=6, sm=66, rd=148.18, cd=0, um=0","Time elapsed: 7.61 seconds","/home/thomasverwaal/Robust-Rail-NL/mathematical-models/local_search_plans_discreet_120/plan_33_trains_5_units7.json"
"/home/thomasverwaal/Robust-Rail-NL/mathematical-models/scenarios_solver_types_120/scenario_solver_33_trains_5_units7.json","Cost of next node: Cost = 2,313.3 : 2,349.65 | cr=24, dd=33, da=13, tlv=7, sm=66, rd=149.09, cd=0, um=0","Time elapsed: 7.89 seconds","/home/thomasverwaal/Robust-Rail-NL/mathematical-models/local_search_plans_discreet_120/plan_33_trains_5_units7.json"
"/home/thomasverwaal/Robust-Rail-NL/mathematical-models/scenarios_solver_types_120/scenario_solver_33_trains_5_units7.json","Cost of next node: Cost = 2,290.9 : 2,332.20 | cr=18, dd=33, da=13, tlv=8, sm=66, rd=152.73, cd=0, um=0","Time elapsed: 8.35 seconds","/home/thomasverwaal/Robust-Rail-NL/mathematical-models/local_search_plans_discreet_120/plan_33_trains_5_units7.json"
"/home/thomasverwaal/Robust-Rail-NL/mathematical-models/scenarios_solver_types_120/scenario_solver_33_trains_5_units7.json","Cost of next node: Cost = 2,247.9 : 2,294.17 | cr=19, dd=33, da=11, tlv=9, sm=66, rd=148.18, cd=0, um=0","Time elapsed: 8.88 seconds","/home/thomasverwaal/Robust-Rail-NL/mathematical-models/local_search_plans_discreet_120/plan_33_trains_5_units7.json"
"/home/thomasverwaal/Robust-Rail-NL/mathematical-models/scenarios_solver_types_120/scenario_solver_33_trains_5_units7.json","Cost of next node: Cost = 2,210.7 : 2,261.98 | cr=19, dd=33, da=9, tlv=10, sm=66, rd=142.73, cd=0, um=0","Time elapsed: 9.48 seconds","/home/thomasverwaal/Robust-Rail-NL/mathematical-models/local_search_plans_discreet_120/plan_33_trains_5_units7.json"
"/home/thomasverwaal/Robust-Rail-NL/mathematical-models/scenarios_solver_types_120/scenario_solver_33_trains_5_units7.json","Cost of next node: Cost = 2,186.7 : 2,238.04 | cr=19, dd=33, da=8, tlv=10, sm=66, rd=140.91, cd=0, um=0","Time elapsed: 10.12 seconds","/home/thomasverwaal/Robust-Rail-NL/mathematical-models/local_search_plans_discreet_120/plan_33_trains_5_units7.json"
"/home/thomasverwaal/Robust-Rail-NL/mathematical-models/scenarios_solver_types_120/scenario_solver_33_trains_5_units7.json","Cost of next node: Cost = 2,088.5 : 2,139.83 | cr=20, dd=31, da=8, tlv=10, sm=66, rd=135.45, cd=0, um=0","Time elapsed: 10.25 seconds","/home/thomasverwaal/Robust-Rail-NL/mathematical-models/local_search_plans_discreet_120/plan_33_trains_5_units7.json"
"/home/thomasverwaal/Robust-Rail-NL/mathematical-models/scenarios_solver_types_120/scenario_solver_33_trains_5_units7.json","Cost of next node: Cost = 1,957.2 : 2,008.51 | cr=21, dd=28, da=8, tlv=10, sm=66, rd=134.55, cd=0, um=0","Time elapsed: 10.31 seconds","/home/thomasverwaal/Robust-Rail-NL/mathematical-models/local_search_plans_discreet_120/plan_33_trains_5_units7.json"
"/home/thomasverwaal/Robust-Rail-NL/mathematical-models/scenarios_solver_types_120/scenario_solver_33_trains_5_units7.json","Cost of next node: Cost = 1,917.8 : 1,969.14 | cr=22, dd=27, da=8, tlv=10, sm=66, rd=134.55, cd=0, um=0","Time elapsed: 10.42 seconds","/home/thomasverwaal/Robust-Rail-NL/mathematical-models/local_search_plans_discreet_120/plan_33_trains_5_units7.json"
"/home/thomasverwaal/Robust-Rail-NL/mathematical-models/scenarios_solver_types_120/scenario_solver_33_trains_5_units7.json","Cost of next node: Cost = 1,865.2 : 1,916.53 | cr=23, dd=27, da=5, tlv=10, sm=66, rd=125.45, cd=0, um=0","Time elapsed: 10.72 seconds","/home/thomasverwaal/Robust-Rail-NL/mathematical-models/local_search_plans_discreet_120/plan_33_trains_5_units7.json"
"/home/thomasverwaal/Robust-Rail-NL/mathematical-models/scenarios_solver_types_120/scenario_solver_33_trains_5_units7.json","Cost of next node: Cost = 1,549.9 : 1,606.20 | cr=18, dd=22, da=4, tlv=11, sm=66, rd=116.36, cd=0, um=0","Time elapsed: 11.39 seconds","/home/thomasverwaal/Robust-Rail-NL/mathematical-models/local_search_plans_discreet_120/plan_33_trains_5_units7.json"
"/home/thomasverwaal/Robust-Rail-NL/mathematical-models/scenarios_solver_types_120/scenario_solver_33_trains_5_units7.json","Cost of next node: Cost = 1,509.3 : 1,565.60 | cr=19, dd=21, da=4, tlv=11, sm=66, rd=116.36, cd=0, um=0","Time elapsed: 11.48 seconds","/home/thomasverwaal/Robust-Rail-NL/mathematical-models/local_search_plans_discreet_120/plan_33_trains_5_units7.json"
"/home/thomasverwaal/Robust-Rail-NL/mathematical-models/scenarios_solver_types_120/scenario_solver_33_trains_5_units7.json","Cost of next node: Cost = 1,459.9 : 1,516.24 | cr=19, dd=20, da=4, tlv=11, sm=66, rd=116.36, cd=0, um=0","Time elapsed: 11.71 seconds","/home/thomasverwaal/Robust-Rail-NL/mathematical-models/local_search_plans_discreet_120/plan_33_trains_5_units7.json"
"/home/thomasverwaal/Robust-Rail-NL/mathematical-models/scenarios_solver_types_120/scenario_solver_33_trains_5_units7.json","Cost of next node: Cost = 1,390.9 : 1,452.24 | cr=21, dd=18, da=4, tlv=12, sm=66, rd=112.73, cd=0, um=0","Time elapsed: 12.54 seconds","/home/thomasverwaal/Robust-Rail-NL/mathematical-models/local_search_plans_discreet_120/plan_33_trains_5_units7.json"
"/home/thomasverwaal/Robust-Rail-NL/mathematical-models/scenarios_solver_types_120/scenario_solver_33_trains_5_units7.json","Cost of next node: Cost = 967.9 : 1,034.19 | cr=20, dd=10, da=3, tlv=13, sm=66, rd=105.45, cd=0, um=0","Time elapsed: 13.26 seconds","/home/thomasverwaal/Robust-Rail-NL/mathematical-models/local_search_plans_discreet_120/plan_33_trains_5_units7.json"
"/home/thomasverwaal/Robust-Rail-NL/mathematical-models/scenarios_solver_types_120/scenario_solver_33_trains_5_units7.json","Cost of next node: Cost = 918.5 : 984.82 | cr=20, dd=9, da=3, tlv=13, sm=66, rd=105.45, cd=0, um=0","Time elapsed: 13.34 seconds","/home/thomasverwaal/Robust-Rail-NL/mathematical-models/local_search_plans_discreet_120/plan_33_trains_5_units7.json"
"/home/thomasverwaal/Robust-Rail-NL/mathematical-models/scenarios_solver_types_120/scenario_solver_33_trains_5_units7.json","Cost of next node: Cost = 892.6 : 963.92 | cr=21, dd=8, da=3, tlv=14, sm=66, rd=101.82, cd=0, um=0","Time elapsed: 13.68 seconds","/home/thomasverwaal/Robust-Rail-NL/mathematical-models/local_search_plans_discreet_120/plan_33_trains_5_units7.json"
"/home/thomasverwaal/Robust-Rail-NL/mathematical-models/scenarios_solver_types_120/scenario_solver_33_trains_5_units7.json","Cost of next node: Cost = 769.8 : 846.11 | cr=21, dd=6, da=1, tlv=15, sm=66, rd=96.36, cd=0, um=0","Time elapsed: 13.97 seconds","/home/thomasverwaal/Robust-Rail-NL/mathematical-models/local_search_plans_discreet_120/plan_33_trains_5_units7.json"
"/home/thomasverwaal/Robust-Rail-NL/mathematical-models/scenarios_solver_types_120/scenario_solver_33_trains_5_units7.json","Cost of next node: Cost = 749.8 : 826.11 | cr=19, dd=6, da=1, tlv=15, sm=66, rd=94.55, cd=0, um=0","Time elapsed: 14.22 seconds","/home/thomasverwaal/Robust-Rail-NL/mathematical-models/local_search_plans_discreet_120/plan_33_trains_5_units7.json"
"/home/thomasverwaal/Robust-Rail-NL/mathematical-models/scenarios_solver_types_120/scenario_solver_33_trains_5_units7.json","Cost of next node: Cost = 711.5 : 792.82 | cr=19, dd=5, da=1, tlv=16, sm=66, rd=90.00, cd=0, um=0","Time elapsed: 14.49 seconds","/home/thomasverwaal/Robust-Rail-NL/mathematical-models/local_search_plans_discreet_120/plan_33_trains_5_units7.json"
"/home/thomasverwaal/Robust-Rail-NL/mathematical-models/scenarios_solver_types_120/scenario_solver_33_trains_5_units7.json","Cost of next node: Cost = 566.8 : 648.12 | cr=20, dd=2, da=1, tlv=16, sm=66, rd=87.27, cd=0, um=0","Time elapsed: 14.57 seconds","/home/thomasverwaal/Robust-Rail-NL/mathematical-models/local_search_plans_discreet_120/plan_33_trains_5_units7.json"
"/home/thomasverwaal/Robust-Rail-NL/mathematical-models/scenarios_solver_types_120/scenario_solver_33_trains_5_units7.json","Cost of next node: Cost = 541.8 : 618.12 | cr=19, dd=2, da=1, tlv=15, sm=66, rd=85.45, cd=0, um=0","Time elapsed: 14.77 seconds","/home/thomasverwaal/Robust-Rail-NL/mathematical-models/local_search_plans_discreet_120/plan_33_trains_5_units7.json"
"/home/thomasverwaal/Robust-Rail-NL/mathematical-models/scenarios_solver_types_120/scenario_solver_33_trains_5_units7.json","Cost of next node: Cost = 506.3 : 587.62 | cr=19, dd=1, da=1, tlv=16, sm=66, rd=80.00, cd=0, um=0","Time elapsed: 15.13 seconds","/home/thomasverwaal/Robust-Rail-NL/mathematical-models/local_search_plans_discreet_120/plan_33_trains_5_units7.json"
"/home/thomasverwaal/Robust-Rail-NL/mathematical-models/scenarios_solver_types_120/scenario_solver_33_trains_5_units7.json","Cost of next node: Cost = 481.3 : 557.62 | cr=18, dd=1, da=1, tlv=15, sm=66, rd=80.00, cd=0, um=0","Time elapsed: 15.48 seconds","/home/thomasverwaal/Robust-Rail-NL/mathematical-models/local_search_plans_discreet_120/plan_33_trains_5_units7.json"
"/home/thomasverwaal/Robust-Rail-NL/mathematical-models/scenarios_solver_types_120/scenario_solver_33_trains_5_units7.json","Cost of next node: Cost = 446.5 : 522.84 | cr=17, dd=1, da=0, tlv=15, sm=67, rd=77.01, cd=0, um=0","Time elapsed: 15.84 seconds","/home/thomasverwaal/Robust-Rail-NL/mathematical-models/local_search_plans_discreet_120/plan_33_trains_5_units7.json"
"/home/thomasverwaal/Robust-Rail-NL/mathematical-models/scenarios_solver_types_120/scenario_solver_33_trains_5_units7.json","Cost of next node: Cost = 410.0 : 491.34 | cr=17, dd=0, da=0, tlv=16, sm=67, rd=75.22, cd=0, um=0","Time elapsed: 16.11 seconds","/home/thomasverwaal/Robust-Rail-NL/mathematical-models/local_search_plans_discreet_120/plan_33_trains_5_units7.json"
"/home/thomasverwaal/Robust-Rail-NL/mathematical-models/scenarios_solver_types_120/scenario_solver_33_trains_5_units7.json","Cost of next node: Cost = 395.0 : 471.34 | cr=17, dd=0, da=0, tlv=15, sm=67, rd=77.01, cd=0, um=0","Time elapsed: 19.88 seconds","/home/thomasverwaal/Robust-Rail-NL/mathematical-models/local_search_plans_discreet_120/plan_33_trains_5_units7.json"
"/home/thomasverwaal/Robust-Rail-NL/mathematical-models/scenarios_solver_types_120/scenario_solver_33_trains_5_units7.json","Cost of next node: Cost = 385.0 : 461.34 | cr=16, dd=0, da=0, tlv=15, sm=67, rd=77.01, cd=0, um=0","Time elapsed: 23.20 seconds","/home/thomasverwaal/Robust-Rail-NL/mathematical-models/local_search_plans_discreet_120/plan_33_trains_5_units7.json"
"/home/thomasverwaal/Robust-Rail-NL/mathematical-models/scenarios_solver_types_120/scenario_solver_33_trains_5_units7.json","Cost of next node: Cost = 375.0 : 451.34 | cr=15, dd=0, da=0, tlv=15, sm=67, rd=80.60, cd=0, um=0","Time elapsed: 26.25 seconds","/home/thomasverwaal/Robust-Rail-NL/mathematical-models/local_search_plans_discreet_120/plan_33_trains_5_units7.json"
"/home/thomasverwaal/Robust-Rail-NL/mathematical-models/scenarios_solver_types_120/scenario_solver_33_trains_5_units7.json","Cost of next node: Cost = 360.0 : 431.36 | cr=15, dd=0, da=0, tlv=14, sm=68, rd=79.41, cd=0, um=0","Time elapsed: 28.97 seconds","/home/thomasverwaal/Robust-Rail-NL/mathematical-models/local_search_plans_discreet_120/plan_33_trains_5_units7.json"
"/home/thomasverwaal/Robust-Rail-NL/mathematical-models/scenarios_solver_types_120/scenario_solver_33_trains_5_units7.json","Cost of next node: Cost = 350.0 : 421.36 | cr=14, dd=0, da=0, tlv=14, sm=68, rd=79.41, cd=0, um=0","Time elapsed: 31.70 seconds","/home/thomasverwaal/Robust-Rail-NL/mathematical-models/local_search_plans_discreet_120/plan_33_trains_5_units7.json"
"/home/thomasverwaal/Robust-Rail-NL/mathematical-models/scenarios_solver_types_120/scenario_solver_33_trains_5_units7.json","Cost of next node: Cost = 340.0 : 411.36 | cr=13, dd=0, da=0, tlv=14, sm=68, rd=81.18, cd=0, um=0","Time elapsed: 34.35 seconds","/home/thomasverwaal/Robust-Rail-NL/mathematical-models/local_search_plans_discreet_120/plan_33_trains_5_units7.json"
"/home/thomasverwaal/Robust-Rail-NL/mathematical-models/scenarios_solver_types_120/scenario_solver_33_trains_5_units7.json","Cost of next node: Cost = 330.0 : 401.36 | cr=12, dd=0, da=0, tlv=14, sm=68, rd=81.18, cd=0, um=0","Time elapsed: 36.64 seconds","/home/thomasverwaal/Robust-Rail-NL/mathematical-models/local_search_plans_discreet_120/plan_33_trains_5_units7.json"
"/home/thomasverwaal/Robust-Rail-NL/mathematical-models/scenarios_solver_types_120/scenario_solver_33_trains_5_units7.json","Cost of next node: Cost = 320.0 : 391.36 | cr=11, dd=0, da=0, tlv=14, sm=68, rd=82.94, cd=0, um=0","Time elapsed: 38.30 seconds","/home/thomasverwaal/Robust-Rail-NL/mathematical-models/local_search_plans_discreet_120/plan_33_trains_5_units7.json"
"/home/thomasverwaal/Robust-Rail-NL/mathematical-models/scenarios_solver_types_120/scenario_solver_33_trains_5_units7.json","Cost of next node: Cost = 310.0 : 381.36 | cr=10, dd=0, da=0, tlv=14, sm=68, rd=82.94, cd=0, um=0","Time elapsed: 39.81 seconds","/home/thomasverwaal/Robust-Rail-NL/mathematical-models/local_search_plans_discreet_120/plan_33_trains_5_units7.json"
"/home/thomasverwaal/Robust-Rail-NL/mathematical-models/scenarios_solver_types_120/scenario_solver_33_trains_5_units7.json","Cost of next node: Cost = 300.0 : 371.36 | cr=9, dd=0, da=0, tlv=14, sm=68, rd=81.18, cd=0, um=0","Time elapsed: 41.24 seconds","/home/thomasverwaal/Robust-Rail-NL/mathematical-models/local_search_plans_discreet_120/plan_33_trains_5_units7.json"
"/home/thomasverwaal/Robust-Rail-NL/mathematical-models/scenarios_solver_types_120/scenario_solver_33_trains_5_units7.json","Cost of next node: Cost = 290.0 : 361.36 | cr=8, dd=0, da=0, tlv=14, sm=68, rd=81.18, cd=0, um=0","Time elapsed: 42.82 seconds","/home/thomasverwaal/Robust-Rail-NL/mathematical-models/local_search_plans_discreet_120/plan_33_trains_5_units7.json"
"/home/thomasverwaal/Robust-Rail-NL/mathematical-models/scenarios_solver_types_120/scenario_solver_33_trains_5_units7.json","Cost of next node: Cost = 280.0 : 351.36 | cr=7, dd=0, da=0, tlv=14, sm=68, rd=81.18, cd=0, um=0","Time elapsed: 44.01 seconds","/home/thomasverwaal/Robust-Rail-NL/mathematical-models/local_search_plans_discreet_120/plan_33_trains_5_units7.json"
"/home/thomasverwaal/Robust-Rail-NL/mathematical-models/scenarios_solver_types_120/scenario_solver_33_trains_5_units7.json","Cost of next node: Cost = 270.0 : 341.38 | cr=6, dd=0, da=0, tlv=14, sm=69, rd=81.74, cd=0, um=0","Time elapsed: 45.03 seconds","/home/thomasverwaal/Robust-Rail-NL/mathematical-models/local_search_plans_discreet_120/plan_33_trains_5_units7.json"
"/home/thomasverwaal/Robust-Rail-NL/mathematical-models/scenarios_solver_types_120/scenario_solver_33_trains_5_units7.json","Cost of next node: Cost = 260.0 : 331.38 | cr=5, dd=0, da=0, tlv=14, sm=69, rd=81.74, cd=0, um=0","Time elapsed: 56.58 seconds","/home/thomasverwaal/Robust-Rail-NL/mathematical-models/local_search_plans_discreet_120/plan_33_trains_5_units7.json"
"/home/thomasverwaal/Robust-Rail-NL/mathematical-models/scenarios_solver_types_120/scenario_solver_33_trains_5_units7.json","NO_COST_FOUND","NO_TIME_FOUND","NO_PLAN_CREATED"
"/home/thomasverwaal/Robust-Rail-NL/mathematical-models/scenarios_solver_types_120/scenario_solver_33_trains_5_units8.json","Cost of next node: Cost = 2,930.6 : 2,931.94 | cr=52, dd=33, da=31, tlv=0, sm=66, rd=178.18, cd=0, um=0","Time elapsed: 5.64 seconds","/home/thomasverwaal/Robust-Rail-NL/mathematical-models/local_search_plans_discreet_120/plan_33_trains_5_units8.json"
"/home/thomasverwaal/Robust-Rail-NL/mathematical-models/scenarios_solver_types_120/scenario_solver_33_trains_5_units8.json","Cost of next node: Cost = 2,897.4 : 2,898.76 | cr=49, dd=33, da=31, tlv=0, sm=66, rd=178.18, cd=0, um=0","Time elapsed: 5.72 seconds","/home/thomasverwaal/Robust-Rail-NL/mathematical-models/local_search_plans_discreet_120/plan_33_trains_5_units8.json"
"/home/thomasverwaal/Robust-Rail-NL/mathematical-models/scenarios_solver_types_120/scenario_solver_33_trains_5_units8.json","Cost of next node: Cost = 2,872.0 : 2,873.29 | cr=47, dd=33, da=31, tlv=0, sm=66, rd=176.36, cd=0, um=0","Time elapsed: 5.82 seconds","/home/thomasverwaal/Robust-Rail-NL/mathematical-models/local_search_plans_discreet_120/plan_33_trains_5_units8.json"
"/home/thomasverwaal/Robust-Rail-NL/mathematical-models/scenarios_solver_types_120/scenario_solver_33_trains_5_units8.json","Cost of next node: Cost = 2,836.7 : 2,838.00 | cr=44, dd=33, da=31, tlv=0, sm=66, rd=176.36, cd=0, um=0","Time elapsed: 5.89 seconds","/home/thomasverwaal/Robust-Rail-NL/mathematical-models/local_search_plans_discreet_120/plan_33_trains_5_units8.json"
"/home/thomasverwaal/Robust-Rail-NL/mathematical-models/scenarios_solver_types_120/scenario_solver_33_trains_5_units8.json","Cost of next node: Cost = 2,806.1 : 2,807.47 | cr=41, dd=33, da=31, tlv=0, sm=66, rd=177.27, cd=0, um=0","Time elapsed: 5.99 seconds","/home/thomasverwaal/Robust-Rail-NL/mathematical-models/local_search_plans_discreet_120/plan_33_trains_5_units8.json"
"/home/thomasverwaal/Robust-Rail-NL/mathematical-models/scenarios_solver_types_120/scenario_solver_33_trains_5_units8.json","Cost of next node: Cost = 2,773.4 : 2,774.72 | cr=42, dd=33, da=30, tlv=0, sm=66, rd=172.73, cd=0, um=0","Time elapsed: 6.18 seconds","/home/thomasverwaal/Robust-Rail-NL/mathematical-models/local_search_plans_discreet_120/plan_33_trains_5_units8.json"
"/home/thomasverwaal/Robust-Rail-NL/mathematical-models/scenarios_solver_types_120/scenario_solver_33_trains_5_units8.json","Cost of next node: Cost = 2,718.6 : 2,724.96 | cr=39, dd=33, da=28, tlv=1, sm=66, rd=171.82, cd=0, um=0","Time elapsed: 6.29 seconds","/home/thomasverwaal/Robust-Rail-NL/mathematical-models/local_search_plans_discreet_120/plan_33_trains_5_units8.json"
"/home/thomasverwaal/Robust-Rail-NL/mathematical-models/scenarios_solver_types_120/scenario_solver_33_trains_5_units8.json","Cost of next node: Cost = 2,599.3 : 2,605.67 | cr=39, dd=33, da=22, tlv=1, sm=66, rd=168.18, cd=0, um=0","Time elapsed: 6.38 seconds","/home/thomasverwaal/Robust-Rail-NL/mathematical-models/local_search_plans_discreet_120/plan_33_trains_5_units8.json"
"/home/thomasverwaal/Robust-Rail-NL/mathematical-models/scenarios_solver_types_120/scenario_solver_33_trains_5_units8.json","Cost of next node: Cost = 2,549.8 : 2,561.08 | cr=39, dd=33, da=19, tlv=2, sm=66, rd=161.82, cd=0, um=0","Time elapsed: 6.62 seconds","/home/thomasverwaal/Robust-Rail-NL/mathematical-models/local_search_plans_discreet_120/plan_33_trains_5_units8.json"
"/home/thomasverwaal/Robust-Rail-NL/mathematical-models/scenarios_solver_types_120/scenario_solver_33_trains_5_units8.json","Cost of next node: Cost = 2,525.7 : 2,541.98 | cr=37, dd=33, da=18, tlv=3, sm=66, rd=161.82, cd=0, um=0","Time elapsed: 6.80 seconds","/home/thomasverwaal/Robust-Rail-NL/mathematical-models/local_search_plans_discreet_120/plan_33_trains_5_units8.json"
"/home/thomasverwaal/Robust-Rail-NL/mathematical-models/scenarios_solver_types_120/scenario_solver_33_trains_5_units8.json","Cost of next node: Cost = 2,489.0 : 2,510.31 | cr=38, dd=33, da=15, tlv=4, sm=66, rd=158.18, cd=0, um=0","Time elapsed: 6.89 seconds","/home/thomasverwaal/Robust-Rail-NL/mathematical-models/local_search_plans_discreet_120/plan_33_trains_5_units8.json"
"/home/thomasverwaal/Robust-Rail-NL/mathematical-models/scenarios_solver_types_120/scenario_solver_33_trains_5_units8.json","Cost of next node: Cost = 2,463.2 : 2,489.51 | cr=36, dd=33, da=14, tlv=5, sm=66, rd=154.55, cd=0, um=0","Time elapsed: 7.40 seconds","/home/thomasverwaal/Robust-Rail-NL/mathematical-models/local_search_plans_discreet_120/plan_33_trains_5_units8.json"
"/home/thomasverwaal/Robust-Rail-NL/mathematical-models/scenarios_solver_types_120/scenario_solver_33_trains_5_units8.json","Cost of next node: Cost = 2,438.9 : 2,470.27 | cr=34, dd=33, da=13, tlv=6, sm=66, rd=152.73, cd=0, um=0","Time elapsed: 7.96 seconds","/home/thomasverwaal/Robust-Rail-NL/mathematical-models/local_search_plans_discreet_120/plan_33_trains_5_units8.json"
"/home/thomasverwaal/Robust-Rail-NL/mathematical-models/scenarios_solver_types_120/scenario_solver_33_trains_5_units8.json","Cost of next node: Cost = 2,418.3 : 2,454.61 | cr=32, dd=33, da=13, tlv=7, sm=66, rd=147.27, cd=0, um=0","Time elapsed: 8.28 seconds","/home/thomasverwaal/Robust-Rail-NL/mathematical-models/local_search_plans_discreet_120/plan_33_trains_5_units8.json"
"/home/thomasverwaal/Robust-Rail-NL/mathematical-models/scenarios_solver_types_120/scenario_solver_33_trains_5_units8.json","Cost of next node: Cost = 2,393.3 : 2,434.61 | cr=28, dd=33, da=13, tlv=8, sm=66, rd=147.27, cd=0, um=0","Time elapsed: 8.52 seconds","/home/thomasverwaal/Robust-Rail-NL/mathematical-models/local_search_plans_discreet_120/plan_33_trains_5_units8.json"
"/home/thomasverwaal/Robust-Rail-NL/mathematical-models/scenarios_solver_types_120/scenario_solver_33_trains_5_units8.json","Cost of next node: Cost = 2,338.3 : 2,384.61 | cr=21, dd=33, da=13, tlv=9, sm=66, rd=147.27, cd=0, um=0","Time elapsed: 9.28 seconds","/home/thomasverwaal/Robust-Rail-NL/mathematical-models/local_search_plans_discreet_120/plan_33_trains_5_units8.json"
"/home/thomasverwaal/Robust-Rail-NL/mathematical-models/scenarios_solver_types_120/scenario_solver_33_trains_5_units8.json","Cost of next node: Cost = 2,309.3 : 2,360.64 | cr=20, dd=33, da=12, tlv=10, sm=66, rd=141.82, cd=0, um=0","Time elapsed: 9.54 seconds","/home/thomasverwaal/Robust-Rail-NL/mathematical-models/local_search_plans_discreet_120/plan_33_trains_5_units8.json"
"/home/thomasverwaal/Robust-Rail-NL/mathematical-models/scenarios_solver_types_120/scenario_solver_33_trains_5_units8.json","Cost of next node: Cost = 2,280.1 : 2,336.38 | cr=20, dd=33, da=11, tlv=11, sm=66, rd=134.55, cd=0, um=0","Time elapsed: 9.86 seconds","/home/thomasverwaal/Robust-Rail-NL/mathematical-models/local_search_plans_discreet_120/plan_33_trains_5_units8.json"
"/home/thomasverwaal/Robust-Rail-NL/mathematical-models/scenarios_solver_types_120/scenario_solver_33_trains_5_units8.json","Cost of next node: Cost = 2,173.7 : 2,235.07 | cr=21, dd=31, da=10, tlv=12, sm=66, rd=129.09, cd=0, um=0","Time elapsed: 10.16 seconds","/home/thomasverwaal/Robust-Rail-NL/mathematical-models/local_search_plans_discreet_120/plan_33_trains_5_units8.json"
"/home/thomasverwaal/Robust-Rail-NL/mathematical-models/scenarios_solver_types_120/scenario_solver_33_trains_5_units8.json","Cost of next node: Cost = 2,143.7 : 2,205.07 | cr=18, dd=31, da=10, tlv=12, sm=66, rd=129.09, cd=0, um=0","Time elapsed: 10.30 seconds","/home/thomasverwaal/Robust-Rail-NL/mathematical-models/local_search_plans_discreet_120/plan_33_trains_5_units8.json"
"/home/thomasverwaal/Robust-Rail-NL/mathematical-models/scenarios_solver_types_120/scenario_solver_33_trains_5_units8.json","Cost of next node: Cost = 2,094.2 : 2,155.53 | cr=18, dd=30, da=10, tlv=12, sm=66, rd=129.09, cd=0, um=0","Time elapsed: 10.49 seconds","/home/thomasverwaal/Robust-Rail-NL/mathematical-models/local_search_plans_discreet_120/plan_33_trains_5_units8.json"
"/home/thomasverwaal/Robust-Rail-NL/mathematical-models/scenarios_solver_types_120/scenario_solver_33_trains_5_units8.json","Cost of next node: Cost = 1,980.6 : 2,041.96 | cr=24, dd=27, da=9, tlv=12, sm=66, rd=125.45, cd=0, um=0","Time elapsed: 10.73 seconds","/home/thomasverwaal/Robust-Rail-NL/mathematical-models/local_search_plans_discreet_120/plan_33_trains_5_units8.json"
"/home/thomasverwaal/Robust-Rail-NL/mathematical-models/scenarios_solver_types_120/scenario_solver_33_trains_5_units8.json","Cost of next node: Cost = 1,945.3 : 2,011.67 | cr=24, dd=26, da=9, tlv=13, sm=66, rd=123.64, cd=0, um=0","Time elapsed: 10.92 seconds","/home/thomasverwaal/Robust-Rail-NL/mathematical-models/local_search_plans_discreet_120/plan_33_trains_5_units8.json"
"/home/thomasverwaal/Robust-Rail-NL/mathematical-models/scenarios_solver_types_120/scenario_solver_33_trains_5_units8.json","Cost of next node: Cost = 1,880.6 : 1,951.94 | cr=21, dd=25, da=9, tlv=14, sm=66, rd=121.82, cd=0, um=0","Time elapsed: 11.40 seconds","/home/thomasverwaal/Robust-Rail-NL/mathematical-models/local_search_plans_discreet_120/plan_33_trains_5_units8.json"
"/home/thomasverwaal/Robust-Rail-NL/mathematical-models/scenarios_solver_types_120/scenario_solver_33_trains_5_units8.json","Cost of next node: Cost = 1,834.4 : 1,910.76 | cr=22, dd=24, da=8, tlv=15, sm=66, rd=118.18, cd=0, um=0","Time elapsed: 11.82 seconds","/home/thomasverwaal/Robust-Rail-NL/mathematical-models/local_search_plans_discreet_120/plan_33_trains_5_units8.json"
"/home/thomasverwaal/Robust-Rail-NL/mathematical-models/scenarios_solver_types_120/scenario_solver_33_trains_5_units8.json","Cost of next node: Cost = 1,804.4 : 1,880.76 | cr=19, dd=24, da=8, tlv=15, sm=66, rd=118.18, cd=0, um=0","Time elapsed: 11.99 seconds","/home/thomasverwaal/Robust-Rail-NL/mathematical-models/local_search_plans_discreet_120/plan_33_trains_5_units8.json"
"/home/thomasverwaal/Robust-Rail-NL/mathematical-models/scenarios_solver_types_120/scenario_solver_33_trains_5_units8.json","Cost of next node: Cost = 1,782.7 : 1,859.04 | cr=17, dd=24, da=8, tlv=15, sm=66, rd=116.36, cd=0, um=0","Time elapsed: 12.19 seconds","/home/thomasverwaal/Robust-Rail-NL/mathematical-models/local_search_plans_discreet_120/plan_33_trains_5_units8.json"
"/home/thomasverwaal/Robust-Rail-NL/mathematical-models/scenarios_solver_types_120/scenario_solver_33_trains_5_units8.json","Cost of next node: Cost = 1,758.8 : 1,830.12 | cr=16, dd=24, da=8, tlv=14, sm=66, rd=118.18, cd=0, um=0","Time elapsed: 12.35 seconds","/home/thomasverwaal/Robust-Rail-NL/mathematical-models/local_search_plans_discreet_120/plan_33_trains_5_units8.json"
"/home/thomasverwaal/Robust-Rail-NL/mathematical-models/scenarios_solver_types_120/scenario_solver_33_trains_5_units8.json","Cost of next node: Cost = 1,734.6 : 1,810.89 | cr=16, dd=24, da=6, tlv=15, sm=66, rd=112.73, cd=0, um=0","Time elapsed: 12.62 seconds","/home/thomasverwaal/Robust-Rail-NL/mathematical-models/local_search_plans_discreet_120/plan_33_trains_5_units8.json"
"/home/thomasverwaal/Robust-Rail-NL/mathematical-models/scenarios_solver_types_120/scenario_solver_33_trains_5_units8.json","Cost of next node: Cost = 1,697.1 : 1,773.47 | cr=17, dd=23, da=6, tlv=15, sm=66, rd=112.73, cd=0, um=0","Time elapsed: 12.74 seconds","/home/thomasverwaal/Robust-Rail-NL/mathematical-models/local_search_plans_discreet_120/plan_33_trains_5_units8.json"
"/home/thomasverwaal/Robust-Rail-NL/mathematical-models/scenarios_solver_types_120/scenario_solver_33_trains_5_units8.json","Cost of next node: Cost = 1,658.0 : 1,734.31 | cr=18, dd=22, da=6, tlv=15, sm=66, rd=110.91, cd=0, um=0","Time elapsed: 13.04 seconds","/home/thomasverwaal/Robust-Rail-NL/mathematical-models/local_search_plans_discreet_120/plan_33_trains_5_units8.json"
"/home/thomasverwaal/Robust-Rail-NL/mathematical-models/scenarios_solver_types_120/scenario_solver_33_trains_5_units8.json","Cost of next node: Cost = 1,521.5 : 1,602.77 | cr=21, dd=19, da=5, tlv=16, sm=66, rd=101.82, cd=0, um=0","Time elapsed: 13.37 seconds","/home/thomasverwaal/Robust-Rail-NL/mathematical-models/local_search_plans_discreet_120/plan_33_trains_5_units8.json"
"/home/thomasverwaal/Robust-Rail-NL/mathematical-models/scenarios_solver_types_120/scenario_solver_33_trains_5_units8.json","Cost of next node: Cost = 1,481.5 : 1,562.77 | cr=17, dd=19, da=5, tlv=16, sm=66, rd=101.82, cd=0, um=0","Time elapsed: 13.54 seconds","/home/thomasverwaal/Robust-Rail-NL/mathematical-models/local_search_plans_discreet_120/plan_33_trains_5_units8.json"
"/home/thomasverwaal/Robust-Rail-NL/mathematical-models/scenarios_solver_types_120/scenario_solver_33_trains_5_units8.json","Cost of next node: Cost = 1,461.2 : 1,542.53 | cr=17, dd=19, da=4, tlv=16, sm=66, rd=98.18, cd=0, um=0","Time elapsed: 13.93 seconds","/home/thomasverwaal/Robust-Rail-NL/mathematical-models/local_search_plans_discreet_120/plan_33_trains_5_units8.json"
"/home/thomasverwaal/Robust-Rail-NL/mathematical-models/scenarios_solver_types_120/scenario_solver_33_trains_5_units8.json","Cost of next node: Cost = 1,435.5 : 1,516.82 | cr=14, dd=19, da=4, tlv=16, sm=66, rd=100.00, cd=0, um=0","Time elapsed: 14.21 seconds","/home/thomasverwaal/Robust-Rail-NL/mathematical-models/local_search_plans_discreet_120/plan_33_trains_5_units8.json"
"/home/thomasverwaal/Robust-Rail-NL/mathematical-models/scenarios_solver_types_120/scenario_solver_33_trains_5_units8.json","Cost of next node: Cost = 1,415.1 : 1,501.42 | cr=13, dd=19, da=3, tlv=17, sm=66, rd=96.36, cd=0, um=0","Time elapsed: 14.50 seconds","/home/thomasverwaal/Robust-Rail-NL/mathematical-models/local_search_plans_discreet_120/plan_33_trains_5_units8.json"
"/home/thomasverwaal/Robust-Rail-NL/mathematical-models/scenarios_solver_types_120/scenario_solver_33_trains_5_units8.json","Cost of next node: Cost = 1,388.4 : 1,479.70 | cr=16, dd=18, da=2, tlv=18, sm=66, rd=95.45, cd=0, um=0","Time elapsed: 14.88 seconds","/home/thomasverwaal/Robust-Rail-NL/mathematical-models/local_search_plans_discreet_120/plan_33_trains_5_units8.json"
"/home/thomasverwaal/Robust-Rail-NL/mathematical-models/scenarios_solver_types_120/scenario_solver_33_trains_5_units8.json","Cost of next node: Cost = 1,304.1 : 1,395.45 | cr=13, dd=17, da=2, tlv=18, sm=66, rd=90.91, cd=0, um=0","Time elapsed: 15.06 seconds","/home/thomasverwaal/Robust-Rail-NL/mathematical-models/local_search_plans_discreet_120/plan_33_trains_5_units8.json"
"/home/thomasverwaal/Robust-Rail-NL/mathematical-models/scenarios_solver_types_120/scenario_solver_33_trains_5_units8.json","Cost of next node: Cost = 1,212.5 : 1,303.81 | cr=14, dd=15, da=2, tlv=18, sm=66, rd=90.00, cd=0, um=0","Time elapsed: 15.40 seconds","/home/thomasverwaal/Robust-Rail-NL/mathematical-models/local_search_plans_discreet_120/plan_33_trains_5_units8.json"
"/home/thomasverwaal/Robust-Rail-NL/mathematical-models/scenarios_solver_types_120/scenario_solver_33_trains_5_units8.json","Cost of next node: Cost = 710.7 : 807.02 | cr=15, dd=5, da=1, tlv=19, sm=66, rd=79.09, cd=0, um=0","Time elapsed: 15.70 seconds","/home/thomasverwaal/Robust-Rail-NL/mathematical-models/local_search_plans_discreet_120/plan_33_trains_5_units8.json"
"/home/thomasverwaal/Robust-Rail-NL/mathematical-models/scenarios_solver_types_120/scenario_solver_33_trains_5_units8.json","Cost of next node: Cost = 665.7 : 767.02 | cr=14, dd=4, da=1, tlv=20, sm=66, rd=77.27, cd=0, um=0","Time elapsed: 16.12 seconds","/home/thomasverwaal/Robust-Rail-NL/mathematical-models/local_search_plans_discreet_120/plan_33_trains_5_units8.json"
"/home/thomasverwaal/Robust-Rail-NL/mathematical-models/scenarios_solver_types_120/scenario_solver_33_trains_5_units8.json","Cost of next node: Cost = 649.8 : 746.12 | cr=14, dd=4, da=1, tlv=19, sm=66, rd=76.36, cd=0, um=0","Time elapsed: 22.21 seconds","/home/thomasverwaal/Robust-Rail-NL/mathematical-models/local_search_plans_discreet_120/plan_33_trains_5_units8.json"
"/home/thomasverwaal/Robust-Rail-NL/mathematical-models/scenarios_solver_types_120/scenario_solver_33_trains_5_units8.json","Cost of next node: Cost = 634.8 : 726.12 | cr=14, dd=4, da=1, tlv=18, sm=66, rd=78.18, cd=0, um=0","Time elapsed: 28.07 seconds","/home/thomasverwaal/Robust-Rail-NL/mathematical-models/local_search_plans_discreet_120/plan_33_trains_5_units8.json"
"/home/thomasverwaal/Robust-Rail-NL/mathematical-models/scenarios_solver_types_120/scenario_solver_33_trains_5_units8.json","Cost of next node: Cost = 619.8 : 706.12 | cr=14, dd=4, da=1, tlv=17, sm=66, rd=80.00, cd=0, um=0","Time elapsed: 33.68 seconds","/home/thomasverwaal/Robust-Rail-NL/mathematical-models/local_search_plans_discreet_120/plan_33_trains_5_units8.json"
"/home/thomasverwaal/Robust-Rail-NL/mathematical-models/scenarios_solver_types_120/scenario_solver_33_trains_5_units8.json","Cost of next node: Cost = 599.8 : 686.12 | cr=12, dd=4, da=1, tlv=17, sm=66, rd=80.00, cd=0, um=0","Time elapsed: 38.79 seconds","/home/thomasverwaal/Robust-Rail-NL/mathematical-models/local_search_plans_discreet_120/plan_33_trains_5_units8.json"
"/home/thomasverwaal/Robust-Rail-NL/mathematical-models/scenarios_solver_types_120/scenario_solver_33_trains_5_units8.json","Cost of next node: Cost = 584.8 : 666.12 | cr=12, dd=4, da=1, tlv=16, sm=66, rd=81.82, cd=0, um=0","Time elapsed: 43.66 seconds","/home/thomasverwaal/Robust-Rail-NL/mathematical-models/local_search_plans_discreet_120/plan_33_trains_5_units8.json"
"/home/thomasverwaal/Robust-Rail-NL/mathematical-models/scenarios_solver_types_120/scenario_solver_33_trains_5_units8.json","Cost of next node: Cost = 564.8 : 646.12 | cr=10, dd=4, da=1, tlv=16, sm=66, rd=81.82, cd=0, um=0","Time elapsed: 47.75 seconds","/home/thomasverwaal/Robust-Rail-NL/mathematical-models/local_search_plans_discreet_120/plan_33_trains_5_units8.json"
"/home/thomasverwaal/Robust-Rail-NL/mathematical-models/scenarios_solver_types_120/scenario_solver_33_trains_5_units8.json","Cost of next node: Cost = 544.8 : 626.12 | cr=8, dd=4, da=1, tlv=16, sm=66, rd=81.82, cd=0, um=0","Time elapsed: 51.42 seconds","/home/thomasverwaal/Robust-Rail-NL/mathematical-models/local_search_plans_discreet_120/plan_33_trains_5_units8.json"
"/home/thomasverwaal/Robust-Rail-NL/mathematical-models/scenarios_solver_types_120/scenario_solver_33_trains_5_units8.json","Cost of next node: Cost = 529.8 : 606.12 | cr=8, dd=4, da=1, tlv=15, sm=66, rd=83.64, cd=0, um=0","Time elapsed: 54.98 seconds","/home/thomasverwaal/Robust-Rail-NL/mathematical-models/local_search_plans_discreet_120/plan_33_trains_5_units8.json"
"/home/thomasverwaal/Robust-Rail-NL/mathematical-models/scenarios_solver_types_120/scenario_solver_33_trains_5_units8.json","Cost of next node: Cost = 514.8 : 586.12 | cr=8, dd=4, da=1, tlv=14, sm=66, rd=83.64, cd=0, um=0","Time elapsed: 57.99 seconds","/home/thomasverwaal/Robust-Rail-NL/mathematical-models/local_search_plans_discreet_120/plan_33_trains_5_units8.json"
"/home/thomasverwaal/Robust-Rail-NL/mathematical-models/scenarios_solver_types_120/scenario_solver_33_trains_5_units8.json","Cost of next node: Cost = 439.8 : 516.12 | cr=9, dd=2, da=1, tlv=15, sm=66, rd=81.82, cd=0, um=0","Time elapsed: 58.23 seconds","/home/thomasverwaal/Robust-Rail-NL/mathematical-models/local_search_plans_discreet_120/plan_33_trains_5_units8.json"
"/home/thomasverwaal/Robust-Rail-NL/mathematical-models/scenarios_solver_types_120/scenario_solver_33_trains_5_units8.json","Cost of next node: Cost = 351.8 : 433.12 | cr=9, dd=0, da=1, tlv=16, sm=66, rd=80.00, cd=0, um=0","Time elapsed: 58.47 seconds","/home/thomasverwaal/Robust-Rail-NL/mathematical-models/local_search_plans_discreet_120/plan_33_trains_5_units8.json"
"/home/thomasverwaal/Robust-Rail-NL/mathematical-models/scenarios_solver_types_120/scenario_solver_33_trains_5_units8.json","Cost of next node: Cost = 330.0 : 411.34 | cr=9, dd=0, da=0, tlv=16, sm=67, rd=77.01, cd=0, um=0","Time elapsed: 59.40 seconds","/home/thomasverwaal/Robust-Rail-NL/mathematical-models/local_search_plans_discreet_120/plan_33_trains_5_units8.json"
"/home/thomasverwaal/Robust-Rail-NL/mathematical-models/scenarios_solver_types_120/scenario_solver_33_trains_5_units8.json","Cost of next node: Cost = 315.0 : 391.34 | cr=9, dd=0, da=0, tlv=15, sm=67, rd=78.81, cd=0, um=0","Time elapsed: 62.63 seconds","/home/thomasverwaal/Robust-Rail-NL/mathematical-models/local_search_plans_discreet_120/plan_33_trains_5_units8.json"
"/home/thomasverwaal/Robust-Rail-NL/mathematical-models/scenarios_solver_types_120/scenario_solver_33_trains_5_units8.json","Cost of next node: Cost = 295.0 : 371.34 | cr=7, dd=0, da=0, tlv=15, sm=67, rd=78.81, cd=0, um=0","Time elapsed: 65.68 seconds","/home/thomasverwaal/Robust-Rail-NL/mathematical-models/local_search_plans_discreet_120/plan_33_trains_5_units8.json"
"/home/thomasverwaal/Robust-Rail-NL/mathematical-models/scenarios_solver_types_120/scenario_solver_33_trains_5_units8.json","Cost of next node: Cost = 285.0 : 361.34 | cr=6, dd=0, da=0, tlv=15, sm=67, rd=78.81, cd=0, um=0","Time elapsed: 68.70 seconds","/home/thomasverwaal/Robust-Rail-NL/mathematical-models/local_search_plans_discreet_120/plan_33_trains_5_units8.json"
"/home/thomasverwaal/Robust-Rail-NL/mathematical-models/scenarios_solver_types_120/scenario_solver_33_trains_5_units8.json","Cost of next node: Cost = 275.0 : 351.34 | cr=5, dd=0, da=0, tlv=15, sm=67, rd=78.81, cd=0, um=0","Time elapsed: 71.61 seconds","/home/thomasverwaal/Robust-Rail-NL/mathematical-models/local_search_plans_discreet_120/plan_33_trains_5_units8.json"
"/home/thomasverwaal/Robust-Rail-NL/mathematical-models/scenarios_solver_types_120/scenario_solver_33_trains_5_units8.json","Cost of next node: Cost = 265.0 : 341.34 | cr=4, dd=0, da=0, tlv=15, sm=67, rd=78.81, cd=0, um=0","Time elapsed: 73.89 seconds","/home/thomasverwaal/Robust-Rail-NL/mathematical-models/local_search_plans_discreet_120/plan_33_trains_5_units8.json"
"/home/thomasverwaal/Robust-Rail-NL/mathematical-models/scenarios_solver_types_120/scenario_solver_33_trains_5_units8.json","Cost of next node: Cost = 255.0 : 331.34 | cr=3, dd=0, da=0, tlv=15, sm=67, rd=78.81, cd=0, um=0","Time elapsed: 75.83 seconds","/home/thomasverwaal/Robust-Rail-NL/mathematical-models/local_search_plans_discreet_120/plan_33_trains_5_units8.json"
"/home/thomasverwaal/Robust-Rail-NL/mathematical-models/scenarios_solver_types_120/scenario_solver_33_trains_5_units8.json","Cost of next node: Cost = 245.0 : 321.34 | cr=2, dd=0, da=0, tlv=15, sm=67, rd=78.81, cd=0, um=0","Time elapsed: 95.53 seconds","/home/thomasverwaal/Robust-Rail-NL/mathematical-models/local_search_plans_discreet_120/plan_33_trains_5_units8.json"
"/home/thomasverwaal/Robust-Rail-NL/mathematical-models/scenarios_solver_types_120/scenario_solver_33_trains_5_units8.json","Cost of next node: Cost = 240.0 : 311.34 | cr=3, dd=0, da=0, tlv=14, sm=67, rd=84.18, cd=0, um=0","Time elapsed: 150.76 seconds","/home/thomasverwaal/Robust-Rail-NL/mathematical-models/local_search_plans_discreet_120/plan_33_trains_5_units8.json"
"/home/thomasverwaal/Robust-Rail-NL/mathematical-models/scenarios_solver_types_120/scenario_solver_33_trains_5_units8.json","Cost of next node: Cost = 235.0 : 301.36 | cr=4, dd=0, da=0, tlv=13, sm=68, rd=86.47, cd=0, um=0","Time elapsed: 192.67 seconds","/home/thomasverwaal/Robust-Rail-NL/mathematical-models/local_search_plans_discreet_120/plan_33_trains_5_units8.json"
"/home/thomasverwaal/Robust-Rail-NL/mathematical-models/scenarios_solver_types_120/scenario_solver_33_trains_5_units8.json","Cost of next node: Cost = 225.0 : 291.36 | cr=3, dd=0, da=0, tlv=13, sm=68, rd=86.47, cd=0, um=0","Time elapsed: 193.88 seconds","/home/thomasverwaal/Robust-Rail-NL/mathematical-models/local_search_plans_discreet_120/plan_33_trains_5_units8.json"
"/home/thomasverwaal/Robust-Rail-NL/mathematical-models/scenarios_solver_types_120/scenario_solver_33_trains_5_units8.json","Cost of next node: Cost = 215.0 : 281.40 | cr=2, dd=0, da=0, tlv=13, sm=70, rd=87.43, cd=0, um=0","Time elapsed: 221.92 seconds","/home/thomasverwaal/Robust-Rail-NL/mathematical-models/local_search_plans_discreet_120/plan_33_trains_5_units8.json"
"/home/thomasverwaal/Robust-Rail-NL/mathematical-models/scenarios_solver_types_120/scenario_solver_33_trains_5_units8.json","NO_COST_FOUND","NO_TIME_FOUND","NO_PLAN_CREATED"
"/home/thomasverwaal/Robust-Rail-NL/mathematical-models/scenarios_solver_types_120/scenario_solver_33_trains_5_units9.json","Cost of next node: Cost = 2,888.5 : 2,889.79 | cr=49, dd=33, da=31, tlv=0, sm=66, rd=176.36, cd=0, um=0","Time elapsed: 4.88 seconds","/home/thomasverwaal/Robust-Rail-NL/mathematical-models/local_search_plans_discreet_120/plan_33_trains_5_units9.json"
"/home/thomasverwaal/Robust-Rail-NL/mathematical-models/scenarios_solver_types_120/scenario_solver_33_trains_5_units9.json","Cost of next node: Cost = 2,865.8 : 2,867.14 | cr=47, dd=33, da=31, tlv=0, sm=66, rd=176.36, cd=0, um=0","Time elapsed: 4.97 seconds","/home/thomasverwaal/Robust-Rail-NL/mathematical-models/local_search_plans_discreet_120/plan_33_trains_5_units9.json"
"/home/thomasverwaal/Robust-Rail-NL/mathematical-models/scenarios_solver_types_120/scenario_solver_33_trains_5_units9.json","Cost of next node: Cost = 2,844.9 : 2,846.26 | cr=45, dd=33, da=31, tlv=0, sm=66, rd=178.18, cd=0, um=0","Time elapsed: 5.08 seconds","/home/thomasverwaal/Robust-Rail-NL/mathematical-models/local_search_plans_discreet_120/plan_33_trains_5_units9.json"
"/home/thomasverwaal/Robust-Rail-NL/mathematical-models/scenarios_solver_types_120/scenario_solver_33_trains_5_units9.json","Cost of next node: Cost = 2,822.6 : 2,823.88 | cr=43, dd=33, da=31, tlv=0, sm=66, rd=178.18, cd=0, um=0","Time elapsed: 5.17 seconds","/home/thomasverwaal/Robust-Rail-NL/mathematical-models/local_search_plans_discreet_120/plan_33_trains_5_units9.json"
"/home/thomasverwaal/Robust-Rail-NL/mathematical-models/scenarios_solver_types_120/scenario_solver_33_trains_5_units9.json","Cost of next node: Cost = 2,801.6 : 2,802.91 | cr=41, dd=33, da=31, tlv=0, sm=66, rd=178.18, cd=0, um=0","Time elapsed: 5.30 seconds","/home/thomasverwaal/Robust-Rail-NL/mathematical-models/local_search_plans_discreet_120/plan_33_trains_5_units9.json"
"/home/thomasverwaal/Robust-Rail-NL/mathematical-models/scenarios_solver_types_120/scenario_solver_33_trains_5_units9.json","Cost of next node: Cost = 2,747.5 : 2,753.82 | cr=42, dd=33, da=28, tlv=1, sm=66, rd=175.45, cd=0, um=0","Time elapsed: 5.42 seconds","/home/thomasverwaal/Robust-Rail-NL/mathematical-models/local_search_plans_discreet_120/plan_33_trains_5_units9.json"
"/home/thomasverwaal/Robust-Rail-NL/mathematical-models/scenarios_solver_types_120/scenario_solver_33_trains_5_units9.json","Cost of next node: Cost = 2,721.2 : 2,722.49 | cr=41, dd=33, da=28, tlv=0, sm=66, rd=173.64, cd=0, um=0","Time elapsed: 5.57 seconds","/home/thomasverwaal/Robust-Rail-NL/mathematical-models/local_search_plans_discreet_120/plan_33_trains_5_units9.json"
"/home/thomasverwaal/Robust-Rail-NL/mathematical-models/scenarios_solver_types_120/scenario_solver_33_trains_5_units9.json","Cost of next node: Cost = 2,527.2 : 2,528.48 | cr=42, dd=33, da=18, tlv=0, sm=66, rd=167.27, cd=0, um=0","Time elapsed: 5.69 seconds","/home/thomasverwaal/Robust-Rail-NL/mathematical-models/local_search_plans_discreet_120/plan_33_trains_5_units9.json"
"/home/thomasverwaal/Robust-Rail-NL/mathematical-models/scenarios_solver_types_120/scenario_solver_33_trains_5_units9.json","Cost of next node: Cost = 2,505.7 : 2,507.07 | cr=40, dd=33, da=18, tlv=0, sm=66, rd=167.27, cd=0, um=0","Time elapsed: 5.75 seconds","/home/thomasverwaal/Robust-Rail-NL/mathematical-models/local_search_plans_discreet_120/plan_33_trains_5_units9.json"
"/home/thomasverwaal/Robust-Rail-NL/mathematical-models/scenarios_solver_types_120/scenario_solver_33_trains_5_units9.json","Cost of next node: Cost = 2,415.3 : 2,421.66 | cr=38, dd=33, da=13, tlv=1, sm=66, rd=164.55, cd=0, um=0","Time elapsed: 5.84 seconds","/home/thomasverwaal/Robust-Rail-NL/mathematical-models/local_search_plans_discreet_120/plan_33_trains_5_units9.json"
"/home/thomasverwaal/Robust-Rail-NL/mathematical-models/scenarios_solver_types_120/scenario_solver_33_trains_5_units9.json","Cost of next node: Cost = 2,386.2 : 2,397.50 | cr=35, dd=33, da=13, tlv=2, sm=66, rd=159.09, cd=0, um=0","Time elapsed: 6.26 seconds","/home/thomasverwaal/Robust-Rail-NL/mathematical-models/local_search_plans_discreet_120/plan_33_trains_5_units9.json"
"/home/thomasverwaal/Robust-Rail-NL/mathematical-models/scenarios_solver_types_120/scenario_solver_33_trains_5_units9.json","Cost of next node: Cost = 2,357.5 : 2,373.81 | cr=29, dd=33, da=14, tlv=3, sm=66, rd=157.27, cd=0, um=0","Time elapsed: 6.71 seconds","/home/thomasverwaal/Robust-Rail-NL/mathematical-models/local_search_plans_discreet_120/plan_33_trains_5_units9.json"
"/home/thomasverwaal/Robust-Rail-NL/mathematical-models/scenarios_solver_types_120/scenario_solver_33_trains_5_units9.json","Cost of next node: Cost = 2,335.0 : 2,356.28 | cr=25, dd=33, da=14, tlv=4, sm=66, rd=159.09, cd=0, um=0","Time elapsed: 6.97 seconds","/home/thomasverwaal/Robust-Rail-NL/mathematical-models/local_search_plans_discreet_120/plan_33_trains_5_units9.json"
"/home/thomasverwaal/Robust-Rail-NL/mathematical-models/scenarios_solver_types_120/scenario_solver_33_trains_5_units9.json","Cost of next node: Cost = 2,312.7 : 2,334.07 | cr=23, dd=33, da=14, tlv=4, sm=66, rd=157.27, cd=0, um=0","Time elapsed: 7.30 seconds","/home/thomasverwaal/Robust-Rail-NL/mathematical-models/local_search_plans_discreet_120/plan_33_trains_5_units9.json"
"/home/thomasverwaal/Robust-Rail-NL/mathematical-models/scenarios_solver_types_120/scenario_solver_33_trains_5_units9.json","Cost of next node: Cost = 2,266.6 : 2,292.94 | cr=23, dd=33, da=11, tlv=5, sm=66, rd=151.82, cd=0, um=0","Time elapsed: 7.70 seconds","/home/thomasverwaal/Robust-Rail-NL/mathematical-models/local_search_plans_discreet_120/plan_33_trains_5_units9.json"
"/home/thomasverwaal/Robust-Rail-NL/mathematical-models/scenarios_solver_types_120/scenario_solver_33_trains_5_units9.json","Cost of next node: Cost = 2,221.6 : 2,252.94 | cr=17, dd=33, da=11, tlv=6, sm=66, rd=151.82, cd=0, um=0","Time elapsed: 8.22 seconds","/home/thomasverwaal/Robust-Rail-NL/mathematical-models/local_search_plans_discreet_120/plan_33_trains_5_units9.json"
"/home/thomasverwaal/Robust-Rail-NL/mathematical-models/scenarios_solver_types_120/scenario_solver_33_trains_5_units9.json","Cost of next node: Cost = 2,200.3 : 2,231.61 | cr=15, dd=33, da=11, tlv=6, sm=66, rd=149.09, cd=0, um=0","Time elapsed: 9.08 seconds","/home/thomasverwaal/Robust-Rail-NL/mathematical-models/local_search_plans_discreet_120/plan_33_trains_5_units9.json"
"/home/thomasverwaal/Robust-Rail-NL/mathematical-models/scenarios_solver_types_120/scenario_solver_33_trains_5_units9.json","Cost of next node: Cost = 2,170.2 : 2,201.54 | cr=13, dd=33, da=11, tlv=6, sm=66, rd=145.45, cd=0, um=0","Time elapsed: 9.98 seconds","/home/thomasverwaal/Robust-Rail-NL/mathematical-models/local_search_plans_discreet_120/plan_33_trains_5_units9.json"
"/home/thomasverwaal/Robust-Rail-NL/mathematical-models/scenarios_solver_types_120/scenario_solver_33_trains_5_units9.json","Cost of next node: Cost = 2,149.9 : 2,186.22 | cr=11, dd=33, da=11, tlv=7, sm=66, rd=138.18, cd=0, um=0","Time elapsed: 10.85 seconds","/home/thomasverwaal/Robust-Rail-NL/mathematical-models/local_search_plans_discreet_120/plan_33_trains_5_units9.json"
"/home/thomasverwaal/Robust-Rail-NL/mathematical-models/scenarios_solver_types_120/scenario_solver_33_trains_5_units9.json","Cost of next node: Cost = 2,116.2 : 2,152.55 | cr=10, dd=33, da=11, tlv=7, sm=66, rd=127.27, cd=0, um=0","Time elapsed: 11.20 seconds","/home/thomasverwaal/Robust-Rail-NL/mathematical-models/local_search_plans_discreet_120/plan_33_trains_5_units9.json"
"/home/thomasverwaal/Robust-Rail-NL/mathematical-models/scenarios_solver_types_120/scenario_solver_33_trains_5_units9.json","Cost of next node: Cost = 1,976.0 : 2,012.35 | cr=11, dd=30, da=11, tlv=7, sm=66, rd=127.27, cd=0, um=0","Time elapsed: 11.32 seconds","/home/thomasverwaal/Robust-Rail-NL/mathematical-models/local_search_plans_discreet_120/plan_33_trains_5_units9.json"
"/home/thomasverwaal/Robust-Rail-NL/mathematical-models/scenarios_solver_types_120/scenario_solver_33_trains_5_units9.json","Cost of next node: Cost = 1,925.1 : 1,961.47 | cr=11, dd=29, da=11, tlv=7, sm=66, rd=125.45, cd=0, um=0","Time elapsed: 11.41 seconds","/home/thomasverwaal/Robust-Rail-NL/mathematical-models/local_search_plans_discreet_120/plan_33_trains_5_units9.json"
"/home/thomasverwaal/Robust-Rail-NL/mathematical-models/scenarios_solver_types_120/scenario_solver_33_trains_5_units9.json","Cost of next node: Cost = 1,884.7 : 1,921.05 | cr=12, dd=28, da=11, tlv=7, sm=66, rd=125.45, cd=0, um=0","Time elapsed: 11.49 seconds","/home/thomasverwaal/Robust-Rail-NL/mathematical-models/local_search_plans_discreet_120/plan_33_trains_5_units9.json"
"/home/thomasverwaal/Robust-Rail-NL/mathematical-models/scenarios_solver_types_120/scenario_solver_33_trains_5_units9.json","Cost of next node: Cost = 1,687.9 : 1,724.19 | cr=12, dd=24, da=11, tlv=7, sm=66, rd=125.45, cd=0, um=0","Time elapsed: 11.57 seconds","/home/thomasverwaal/Robust-Rail-NL/mathematical-models/local_search_plans_discreet_120/plan_33_trains_5_units9.json"
"/home/thomasverwaal/Robust-Rail-NL/mathematical-models/scenarios_solver_types_120/scenario_solver_33_trains_5_units9.json","Cost of next node: Cost = 1,648.0 : 1,684.30 | cr=13, dd=23, da=11, tlv=7, sm=66, rd=125.45, cd=0, um=0","Time elapsed: 11.74 seconds","/home/thomasverwaal/Robust-Rail-NL/mathematical-models/local_search_plans_discreet_120/plan_33_trains_5_units9.json"
"/home/thomasverwaal/Robust-Rail-NL/mathematical-models/scenarios_solver_types_120/scenario_solver_33_trains_5_units9.json","Cost of next node: Cost = 1,615.4 : 1,651.72 | cr=15, dd=22, da=11, tlv=7, sm=66, rd=124.55, cd=0, um=0","Time elapsed: 11.91 seconds","/home/thomasverwaal/Robust-Rail-NL/mathematical-models/local_search_plans_discreet_120/plan_33_trains_5_units9.json"
"/home/thomasverwaal/Robust-Rail-NL/mathematical-models/scenarios_solver_types_120/scenario_solver_33_trains_5_units9.json","Cost of next node: Cost = 1,571.6 : 1,612.97 | cr=16, dd=21, da=10, tlv=8, sm=66, rd=120.00, cd=0, um=0","Time elapsed: 12.06 seconds","/home/thomasverwaal/Robust-Rail-NL/mathematical-models/local_search_plans_discreet_120/plan_33_trains_5_units9.json"
"/home/thomasverwaal/Robust-Rail-NL/mathematical-models/scenarios_solver_types_120/scenario_solver_33_trains_5_units9.json","Cost of next node: Cost = 1,511.4 : 1,552.67 | cr=19, dd=19, da=11, tlv=8, sm=66, rd=120.00, cd=0, um=0","Time elapsed: 12.21 seconds","/home/thomasverwaal/Robust-Rail-NL/mathematical-models/local_search_plans_discreet_120/plan_33_trains_5_units9.json"
"/home/thomasverwaal/Robust-Rail-NL/mathematical-models/scenarios_solver_types_120/scenario_solver_33_trains_5_units9.json","Cost of next node: Cost = 1,479.2 : 1,520.57 | cr=16, dd=19, da=11, tlv=8, sm=66, rd=120.00, cd=0, um=0","Time elapsed: 12.33 seconds","/home/thomasverwaal/Robust-Rail-NL/mathematical-models/local_search_plans_discreet_120/plan_33_trains_5_units9.json"
"/home/thomasverwaal/Robust-Rail-NL/mathematical-models/scenarios_solver_types_120/scenario_solver_33_trains_5_units9.json","Cost of next node: Cost = 1,443.0 : 1,489.28 | cr=16, dd=18, da=11, tlv=9, sm=66, rd=116.36, cd=0, um=0","Time elapsed: 12.48 seconds","/home/thomasverwaal/Robust-Rail-NL/mathematical-models/local_search_plans_discreet_120/plan_33_trains_5_units9.json"
"/home/thomasverwaal/Robust-Rail-NL/mathematical-models/scenarios_solver_types_120/scenario_solver_33_trains_5_units9.json","Cost of next node: Cost = 1,333.3 : 1,379.61 | cr=15, dd=16, da=11, tlv=9, sm=66, rd=114.55, cd=0, um=0","Time elapsed: 12.73 seconds","/home/thomasverwaal/Robust-Rail-NL/mathematical-models/local_search_plans_discreet_120/plan_33_trains_5_units9.json"
"/home/thomasverwaal/Robust-Rail-NL/mathematical-models/scenarios_solver_types_120/scenario_solver_33_trains_5_units9.json","Cost of next node: Cost = 1,294.7 : 1,346.02 | cr=20, dd=14, da=11, tlv=10, sm=66, rd=110.91, cd=0, um=0","Time elapsed: 12.96 seconds","/home/thomasverwaal/Robust-Rail-NL/mathematical-models/local_search_plans_discreet_120/plan_33_trains_5_units9.json"
"/home/thomasverwaal/Robust-Rail-NL/mathematical-models/scenarios_solver_types_120/scenario_solver_33_trains_5_units9.json","Cost of next node: Cost = 1,253.1 : 1,304.40 | cr=23, dd=13, da=10, tlv=10, sm=66, rd=107.27, cd=0, um=0","Time elapsed: 13.40 seconds","/home/thomasverwaal/Robust-Rail-NL/mathematical-models/local_search_plans_discreet_120/plan_33_trains_5_units9.json"
"/home/thomasverwaal/Robust-Rail-NL/mathematical-models/scenarios_solver_types_120/scenario_solver_33_trains_5_units9.json","Cost of next node: Cost = 1,227.3 : 1,283.61 | cr=21, dd=13, da=9, tlv=11, sm=66, rd=103.64, cd=0, um=0","Time elapsed: 13.63 seconds","/home/thomasverwaal/Robust-Rail-NL/mathematical-models/local_search_plans_discreet_120/plan_33_trains_5_units9.json"
"/home/thomasverwaal/Robust-Rail-NL/mathematical-models/scenarios_solver_types_120/scenario_solver_33_trains_5_units9.json","Cost of next node: Cost = 1,202.3 : 1,253.61 | cr=20, dd=13, da=9, tlv=10, sm=66, rd=105.45, cd=0, um=0","Time elapsed: 13.80 seconds","/home/thomasverwaal/Robust-Rail-NL/mathematical-models/local_search_plans_discreet_120/plan_33_trains_5_units9.json"
"/home/thomasverwaal/Robust-Rail-NL/mathematical-models/scenarios_solver_types_120/scenario_solver_33_trains_5_units9.json","Cost of next node: Cost = 1,006.4 : 1,062.73 | cr=19, dd=10, da=7, tlv=11, sm=66, rd=98.18, cd=0, um=0","Time elapsed: 14.16 seconds","/home/thomasverwaal/Robust-Rail-NL/mathematical-models/local_search_plans_discreet_120/plan_33_trains_5_units9.json"
"/home/thomasverwaal/Robust-Rail-NL/mathematical-models/scenarios_solver_types_120/scenario_solver_33_trains_5_units9.json","Cost of next node: Cost = 955.6 : 1,011.97 | cr=19, dd=9, da=7, tlv=11, sm=66, rd=98.18, cd=0, um=0","Time elapsed: 14.28 seconds","/home/thomasverwaal/Robust-Rail-NL/mathematical-models/local_search_plans_discreet_120/plan_33_trains_5_units9.json"
"/home/thomasverwaal/Robust-Rail-NL/mathematical-models/scenarios_solver_types_120/scenario_solver_33_trains_5_units9.json","Cost of next node: Cost = 879.3 : 940.62 | cr=20, dd=7, da=7, tlv=12, sm=66, rd=92.73, cd=0, um=0","Time elapsed: 14.64 seconds","/home/thomasverwaal/Robust-Rail-NL/mathematical-models/local_search_plans_discreet_120/plan_33_trains_5_units9.json"
"/home/thomasverwaal/Robust-Rail-NL/mathematical-models/scenarios_solver_types_120/scenario_solver_33_trains_5_units9.json","Cost of next node: Cost = 752.6 : 818.91 | cr=18, dd=5, da=6, tlv=13, sm=66, rd=89.09, cd=0, um=0","Time elapsed: 14.89 seconds","/home/thomasverwaal/Robust-Rail-NL/mathematical-models/local_search_plans_discreet_120/plan_33_trains_5_units9.json"
"/home/thomasverwaal/Robust-Rail-NL/mathematical-models/scenarios_solver_types_120/scenario_solver_33_trains_5_units9.json","Cost of next node: Cost = 675.7 : 747.02 | cr=16, dd=4, da=5, tlv=14, sm=66, rd=85.45, cd=0, um=0","Time elapsed: 15.15 seconds","/home/thomasverwaal/Robust-Rail-NL/mathematical-models/local_search_plans_discreet_120/plan_33_trains_5_units9.json"
"/home/thomasverwaal/Robust-Rail-NL/mathematical-models/scenarios_solver_types_120/scenario_solver_33_trains_5_units9.json","Cost of next node: Cost = 584.8 : 656.12 | cr=16, dd=3, da=3, tlv=14, sm=66, rd=85.45, cd=0, um=0","Time elapsed: 15.41 seconds","/home/thomasverwaal/Robust-Rail-NL/mathematical-models/local_search_plans_discreet_120/plan_33_trains_5_units9.json"
"/home/thomasverwaal/Robust-Rail-NL/mathematical-models/scenarios_solver_types_120/scenario_solver_33_trains_5_units9.json","Cost of next node: Cost = 559.8 : 626.12 | cr=15, dd=3, da=3, tlv=13, sm=66, rd=85.45, cd=0, um=0","Time elapsed: 15.84 seconds","/home/thomasverwaal/Robust-Rail-NL/mathematical-models/local_search_plans_discreet_120/plan_33_trains_5_units9.json"
"/home/thomasverwaal/Robust-Rail-NL/mathematical-models/scenarios_solver_types_120/scenario_solver_33_trains_5_units9.json","Cost of next node: Cost = 524.8 : 596.12 | cr=15, dd=2, da=3, tlv=14, sm=66, rd=83.64, cd=0, um=0","Time elapsed: 16.11 seconds","/home/thomasverwaal/Robust-Rail-NL/mathematical-models/local_search_plans_discreet_120/plan_33_trains_5_units9.json"
"/home/thomasverwaal/Robust-Rail-NL/mathematical-models/scenarios_solver_types_120/scenario_solver_33_trains_5_units9.json","Cost of next node: Cost = 499.8 : 566.12 | cr=14, dd=2, da=3, tlv=13, sm=66, rd=85.45, cd=0, um=0","Time elapsed: 16.45 seconds","/home/thomasverwaal/Robust-Rail-NL/mathematical-models/local_search_plans_discreet_120/plan_33_trains_5_units9.json"
"/home/thomasverwaal/Robust-Rail-NL/mathematical-models/scenarios_solver_types_120/scenario_solver_33_trains_5_units9.json","Cost of next node: Cost = 489.8 : 556.12 | cr=13, dd=2, da=3, tlv=13, sm=66, rd=85.45, cd=0, um=0","Time elapsed: 20.43 seconds","/home/thomasverwaal/Robust-Rail-NL/mathematical-models/local_search_plans_discreet_120/plan_33_trains_5_units9.json"
"/home/thomasverwaal/Robust-Rail-NL/mathematical-models/scenarios_solver_types_120/scenario_solver_33_trains_5_units9.json","Cost of next node: Cost = 479.8 : 546.12 | cr=12, dd=2, da=3, tlv=13, sm=66, rd=85.45, cd=0, um=0","Time elapsed: 24.38 seconds","/home/thomasverwaal/Robust-Rail-NL/mathematical-models/local_search_plans_discreet_120/plan_33_trains_5_units9.json"
"/home/thomasverwaal/Robust-Rail-NL/mathematical-models/scenarios_solver_types_120/scenario_solver_33_trains_5_units9.json","Cost of next node: Cost = 469.8 : 536.12 | cr=11, dd=2, da=3, tlv=13, sm=66, rd=85.45, cd=0, um=0","Time elapsed: 28.05 seconds","/home/thomasverwaal/Robust-Rail-NL/mathematical-models/local_search_plans_discreet_120/plan_33_trains_5_units9.json"
"/home/thomasverwaal/Robust-Rail-NL/mathematical-models/scenarios_solver_types_120/scenario_solver_33_trains_5_units9.json","Cost of next node: Cost = 459.8 : 526.12 | cr=10, dd=2, da=3, tlv=13, sm=66, rd=87.27, cd=0, um=0","Time elapsed: 31.29 seconds","/home/thomasverwaal/Robust-Rail-NL/mathematical-models/local_search_plans_discreet_120/plan_33_trains_5_units9.json"
"/home/thomasverwaal/Robust-Rail-NL/mathematical-models/scenarios_solver_types_120/scenario_solver_33_trains_5_units9.json","Cost of next node: Cost = 449.8 : 516.12 | cr=9, dd=2, da=3, tlv=13, sm=66, rd=89.09, cd=0, um=0","Time elapsed: 34.13 seconds","/home/thomasverwaal/Robust-Rail-NL/mathematical-models/local_search_plans_discreet_120/plan_33_trains_5_units9.json"
"/home/thomasverwaal/Robust-Rail-NL/mathematical-models/scenarios_solver_types_120/scenario_solver_33_trains_5_units9.json","Cost of next node: Cost = 439.8 : 506.12 | cr=8, dd=2, da=3, tlv=13, sm=66, rd=90.91, cd=0, um=0","Time elapsed: 36.99 seconds","/home/thomasverwaal/Robust-Rail-NL/mathematical-models/local_search_plans_discreet_120/plan_33_trains_5_units9.json"
"/home/thomasverwaal/Robust-Rail-NL/mathematical-models/scenarios_solver_types_120/scenario_solver_33_trains_5_units9.json","Cost of next node: Cost = 429.8 : 496.12 | cr=7, dd=2, da=3, tlv=13, sm=66, rd=92.73, cd=0, um=0","Time elapsed: 39.24 seconds","/home/thomasverwaal/Robust-Rail-NL/mathematical-models/local_search_plans_discreet_120/plan_33_trains_5_units9.json"
"/home/thomasverwaal/Robust-Rail-NL/mathematical-models/scenarios_solver_types_120/scenario_solver_33_trains_5_units9.json","Cost of next node: Cost = 419.8 : 486.14 | cr=6, dd=2, da=3, tlv=13, sm=67, rd=93.13, cd=0, um=0","Time elapsed: 41.16 seconds","/home/thomasverwaal/Robust-Rail-NL/mathematical-models/local_search_plans_discreet_120/plan_33_trains_5_units9.json"
"/home/thomasverwaal/Robust-Rail-NL/mathematical-models/scenarios_solver_types_120/scenario_solver_33_trains_5_units9.json","Cost of next node: Cost = 414.8 : 486.14 | cr=6, dd=2, da=2, tlv=14, sm=67, rd=91.34, cd=0, um=0","Time elapsed: 42.95 seconds","/home/thomasverwaal/Robust-Rail-NL/mathematical-models/local_search_plans_discreet_120/plan_33_trains_5_units9.json"
"/home/thomasverwaal/Robust-Rail-NL/mathematical-models/scenarios_solver_types_120/scenario_solver_33_trains_5_units9.json","Cost of next node: Cost = 409.8 : 486.18 | cr=4, dd=2, da=2, tlv=15, sm=69, rd=90.43, cd=0, um=0","Time elapsed: 63.52 seconds","/home/thomasverwaal/Robust-Rail-NL/mathematical-models/local_search_plans_discreet_120/plan_33_trains_5_units9.json"
"/home/thomasverwaal/Robust-Rail-NL/mathematical-models/scenarios_solver_types_120/scenario_solver_33_trains_5_units9.json","Cost of next node: Cost = 404.8 : 476.16 | cr=5, dd=2, da=2, tlv=14, sm=68, rd=90.00, cd=0, um=0","Time elapsed: 105.20 seconds","/home/thomasverwaal/Robust-Rail-NL/mathematical-models/local_search_plans_discreet_120/plan_33_trains_5_units9.json"
"/home/thomasverwaal/Robust-Rail-NL/mathematical-models/scenarios_solver_types_120/scenario_solver_33_trains_5_units9.json","Cost of next node: Cost = 394.8 : 466.16 | cr=4, dd=2, da=2, tlv=14, sm=68, rd=90.00, cd=0, um=0","Time elapsed: 106.92 seconds","/home/thomasverwaal/Robust-Rail-NL/mathematical-models/local_search_plans_discreet_120/plan_33_trains_5_units9.json"
"/home/thomasverwaal/Robust-Rail-NL/mathematical-models/scenarios_solver_types_120/scenario_solver_33_trains_5_units9.json","Cost of next node: Cost = 389.8 : 456.18 | cr=5, dd=2, da=2, tlv=13, sm=69, rd=90.43, cd=0, um=0","Time elapsed: 108.24 seconds","/home/thomasverwaal/Robust-Rail-NL/mathematical-models/local_search_plans_discreet_120/plan_33_trains_5_units9.json"
"/home/thomasverwaal/Robust-Rail-NL/mathematical-models/scenarios_solver_types_120/scenario_solver_33_trains_5_units9.json","Cost of next node: Cost = 331.8 : 403.20 | cr=8, dd=0, da=2, tlv=14, sm=70, rd=92.57, cd=0, um=0","Time elapsed: 133.15 seconds","/home/thomasverwaal/Robust-Rail-NL/mathematical-models/local_search_plans_discreet_120/plan_33_trains_5_units9.json"
"/home/thomasverwaal/Robust-Rail-NL/mathematical-models/scenarios_solver_types_120/scenario_solver_33_trains_5_units9.json","Cost of next node: Cost = 321.8 : 393.20 | cr=7, dd=0, da=2, tlv=14, sm=70, rd=90.86, cd=0, um=0","Time elapsed: 134.69 seconds","/home/thomasverwaal/Robust-Rail-NL/mathematical-models/local_search_plans_discreet_120/plan_33_trains_5_units9.json"
"/home/thomasverwaal/Robust-Rail-NL/mathematical-models/scenarios_solver_types_120/scenario_solver_33_trains_5_units9.json","Cost of next node: Cost = 270.0 : 341.42 | cr=6, dd=0, da=0, tlv=14, sm=71, rd=87.89, cd=0, um=0","Time elapsed: 135.31 seconds","/home/thomasverwaal/Robust-Rail-NL/mathematical-models/local_search_plans_discreet_120/plan_33_trains_5_units9.json"
"/home/thomasverwaal/Robust-Rail-NL/mathematical-models/scenarios_solver_types_120/scenario_solver_33_trains_5_units9.json","Cost of next node: Cost = 250.0 : 321.42 | cr=4, dd=0, da=0, tlv=14, sm=71, rd=87.89, cd=0, um=0","Time elapsed: 145.58 seconds","/home/thomasverwaal/Robust-Rail-NL/mathematical-models/local_search_plans_discreet_120/plan_33_trains_5_units9.json"
"/home/thomasverwaal/Robust-Rail-NL/mathematical-models/scenarios_solver_types_120/scenario_solver_33_trains_5_units9.json","Cost of next node: Cost = 240.0 : 311.44 | cr=3, dd=0, da=0, tlv=14, sm=72, rd=86.67, cd=0, um=0","Time elapsed: 168.54 seconds","/home/thomasverwaal/Robust-Rail-NL/mathematical-models/local_search_plans_discreet_120/plan_33_trains_5_units9.json"
"/home/thomasverwaal/Robust-Rail-NL/mathematical-models/scenarios_solver_types_120/scenario_solver_33_trains_5_units9.json","Cost of next node: Cost = 230.0 : 301.46 | cr=2, dd=0, da=0, tlv=14, sm=73, rd=83.84, cd=0, um=0","Time elapsed: 181.60 seconds","/home/thomasverwaal/Robust-Rail-NL/mathematical-models/local_search_plans_discreet_120/plan_33_trains_5_units9.json"
"/home/thomasverwaal/Robust-Rail-NL/mathematical-models/scenarios_solver_types_120/scenario_solver_33_trains_5_units9.json","NO_COST_FOUND","NO_TIME_FOUND","NO_PLAN_CREATED"
