scenario,cost_line,time_line,plan_file
"/home/thomasverwaal/Robust-Rail-NL/mathematical-models/scenarios_solver_types_120/scenario_solver_31_trains_5_units23.json","Cost of next node: Cost = 2,505.8 : 2,512.02 | cr=40, dd=31, da=22, tlv=1, sm=62, rd=167.42, cd=0, um=0","Time elapsed: 4.47 seconds","/home/thomasverwaal/Robust-Rail-NL/mathematical-models/local_search_plans_discreet_120/plan_31_trains_5_units23.json"
"/home/thomasverwaal/Robust-Rail-NL/mathematical-models/scenarios_solver_types_120/scenario_solver_31_trains_5_units23.json","Cost of next node: Cost = 2,401.4 : 2,407.66 | cr=42, dd=31, da=16, tlv=1, sm=62, rd=160.65, cd=0, um=0","Time elapsed: 4.71 seconds","/home/thomasverwaal/Robust-Rail-NL/mathematical-models/local_search_plans_discreet_120/plan_31_trains_5_units23.json"
"/home/thomasverwaal/Robust-Rail-NL/mathematical-models/scenarios_solver_types_120/scenario_solver_31_trains_5_units23.json","Cost of next node: Cost = 2,373.6 : 2,374.85 | cr=41, dd=31, da=16, tlv=0, sm=62, rd=158.71, cd=0, um=0","Time elapsed: 4.91 seconds","/home/thomasverwaal/Robust-Rail-NL/mathematical-models/local_search_plans_discreet_120/plan_31_trains_5_units23.json"
"/home/thomasverwaal/Robust-Rail-NL/mathematical-models/scenarios_solver_types_120/scenario_solver_31_trains_5_units23.json","Cost of next node: Cost = 2,328.2 : 2,334.42 | cr=38, dd=31, da=14, tlv=1, sm=62, rd=156.77, cd=0, um=0","Time elapsed: 5.02 seconds","/home/thomasverwaal/Robust-Rail-NL/mathematical-models/local_search_plans_discreet_120/plan_31_trains_5_units23.json"
"/home/thomasverwaal/Robust-Rail-NL/mathematical-models/scenarios_solver_types_120/scenario_solver_31_trains_5_units23.json","Cost of next node: Cost = 2,252.6 : 2,263.81 | cr=36, dd=31, da=11, tlv=2, sm=62, rd=148.06, cd=0, um=0","Time elapsed: 5.29 seconds","/home/thomasverwaal/Robust-Rail-NL/mathematical-models/local_search_plans_discreet_120/plan_31_trains_5_units23.json"
"/home/thomasverwaal/Robust-Rail-NL/mathematical-models/scenarios_solver_types_120/scenario_solver_31_trains_5_units23.json","Cost of next node: Cost = 2,229.8 : 2,246.03 | cr=33, dd=31, da=11, tlv=3, sm=62, rd=147.10, cd=0, um=0","Time elapsed: 5.65 seconds","/home/thomasverwaal/Robust-Rail-NL/mathematical-models/local_search_plans_discreet_120/plan_31_trains_5_units23.json"
"/home/thomasverwaal/Robust-Rail-NL/mathematical-models/scenarios_solver_types_120/scenario_solver_31_trains_5_units23.json","Cost of next node: Cost = 2,208.8 : 2,230.07 | cr=31, dd=31, da=11, tlv=4, sm=62, rd=145.16, cd=0, um=0","Time elapsed: 6.07 seconds","/home/thomasverwaal/Robust-Rail-NL/mathematical-models/local_search_plans_discreet_120/plan_31_trains_5_units23.json"
"/home/thomasverwaal/Robust-Rail-NL/mathematical-models/scenarios_solver_types_120/scenario_solver_31_trains_5_units23.json","Cost of next node: Cost = 2,183.0 : 2,209.21 | cr=25, dd=31, da=12, tlv=5, sm=62, rd=147.10, cd=0, um=0","Time elapsed: 6.44 seconds","/home/thomasverwaal/Robust-Rail-NL/mathematical-models/local_search_plans_discreet_120/plan_31_trains_5_units23.json"
"/home/thomasverwaal/Robust-Rail-NL/mathematical-models/scenarios_solver_types_120/scenario_solver_31_trains_5_units23.json","Cost of next node: Cost = 2,159.9 : 2,181.18 | cr=24, dd=31, da=12, tlv=4, sm=62, rd=149.03, cd=0, um=0","Time elapsed: 6.66 seconds","/home/thomasverwaal/Robust-Rail-NL/mathematical-models/local_search_plans_discreet_120/plan_31_trains_5_units23.json"
"/home/thomasverwaal/Robust-Rail-NL/mathematical-models/scenarios_solver_types_120/scenario_solver_31_trains_5_units23.json","Cost of next node: Cost = 2,129.6 : 2,150.80 | cr=22, dd=31, da=12, tlv=4, sm=62, rd=145.16, cd=0, um=0","Time elapsed: 7.37 seconds","/home/thomasverwaal/Robust-Rail-NL/mathematical-models/local_search_plans_discreet_120/plan_31_trains_5_units23.json"
"/home/thomasverwaal/Robust-Rail-NL/mathematical-models/scenarios_solver_types_120/scenario_solver_31_trains_5_units23.json","Cost of next node: Cost = 2,100.2 : 2,126.46 | cr=20, dd=31, da=11, tlv=5, sm=62, rd=141.29, cd=0, um=0","Time elapsed: 7.84 seconds","/home/thomasverwaal/Robust-Rail-NL/mathematical-models/local_search_plans_discreet_120/plan_31_trains_5_units23.json"
"/home/thomasverwaal/Robust-Rail-NL/mathematical-models/scenarios_solver_types_120/scenario_solver_31_trains_5_units23.json","Cost of next node: Cost = 2,072.8 : 2,104.07 | cr=15, dd=31, da=11, tlv=6, sm=62, rd=143.23, cd=0, um=0","Time elapsed: 8.35 seconds","/home/thomasverwaal/Robust-Rail-NL/mathematical-models/local_search_plans_discreet_120/plan_31_trains_5_units23.json"
"/home/thomasverwaal/Robust-Rail-NL/mathematical-models/scenarios_solver_types_120/scenario_solver_31_trains_5_units23.json","Cost of next node: Cost = 2,046.3 : 2,082.56 | cr=14, dd=31, da=10, tlv=7, sm=62, rd=137.42, cd=0, um=0","Time elapsed: 8.90 seconds","/home/thomasverwaal/Robust-Rail-NL/mathematical-models/local_search_plans_discreet_120/plan_31_trains_5_units23.json"
"/home/thomasverwaal/Robust-Rail-NL/mathematical-models/scenarios_solver_types_120/scenario_solver_31_trains_5_units23.json","Cost of next node: Cost = 2,021.6 : 2,057.85 | cr=14, dd=31, da=9, tlv=7, sm=62, rd=133.55, cd=0, um=0","Time elapsed: 9.55 seconds","/home/thomasverwaal/Robust-Rail-NL/mathematical-models/local_search_plans_discreet_120/plan_31_trains_5_units23.json"
"/home/thomasverwaal/Robust-Rail-NL/mathematical-models/scenarios_solver_types_120/scenario_solver_31_trains_5_units23.json","Cost of next node: Cost = 2,001.1 : 2,037.37 | cr=14, dd=31, da=8, tlv=7, sm=62, rd=129.68, cd=0, um=0","Time elapsed: 9.80 seconds","/home/thomasverwaal/Robust-Rail-NL/mathematical-models/local_search_plans_discreet_120/plan_31_trains_5_units23.json"
"/home/thomasverwaal/Robust-Rail-NL/mathematical-models/scenarios_solver_types_120/scenario_solver_31_trains_5_units23.json","Cost of next node: Cost = 1,824.7 : 1,865.97 | cr=12, dd=28, da=8, tlv=8, sm=62, rd=120.00, cd=0, um=0","Time elapsed: 10.11 seconds","/home/thomasverwaal/Robust-Rail-NL/mathematical-models/local_search_plans_discreet_120/plan_31_trains_5_units23.json"
"/home/thomasverwaal/Robust-Rail-NL/mathematical-models/scenarios_solver_types_120/scenario_solver_31_trains_5_units23.json","Cost of next node: Cost = 1,775.1 : 1,816.31 | cr=12, dd=27, da=8, tlv=8, sm=62, rd=120.00, cd=0, um=0","Time elapsed: 10.25 seconds","/home/thomasverwaal/Robust-Rail-NL/mathematical-models/local_search_plans_discreet_120/plan_31_trains_5_units23.json"
"/home/thomasverwaal/Robust-Rail-NL/mathematical-models/scenarios_solver_types_120/scenario_solver_31_trains_5_units23.json","Cost of next node: Cost = 1,675.2 : 1,716.40 | cr=12, dd=25, da=8, tlv=8, sm=62, rd=120.00, cd=0, um=0","Time elapsed: 10.40 seconds","/home/thomasverwaal/Robust-Rail-NL/mathematical-models/local_search_plans_discreet_120/plan_31_trains_5_units23.json"
"/home/thomasverwaal/Robust-Rail-NL/mathematical-models/scenarios_solver_types_120/scenario_solver_31_trains_5_units23.json","Cost of next node: Cost = 1,635.2 : 1,676.44 | cr=13, dd=24, da=8, tlv=8, sm=62, rd=120.00, cd=0, um=0","Time elapsed: 10.47 seconds","/home/thomasverwaal/Robust-Rail-NL/mathematical-models/local_search_plans_discreet_120/plan_31_trains_5_units23.json"
"/home/thomasverwaal/Robust-Rail-NL/mathematical-models/scenarios_solver_types_120/scenario_solver_31_trains_5_units23.json","Cost of next node: Cost = 1,605.2 : 1,646.44 | cr=10, dd=24, da=8, tlv=8, sm=62, rd=120.00, cd=0, um=0","Time elapsed: 10.57 seconds","/home/thomasverwaal/Robust-Rail-NL/mathematical-models/local_search_plans_discreet_120/plan_31_trains_5_units23.json"
"/home/thomasverwaal/Robust-Rail-NL/mathematical-models/scenarios_solver_types_120/scenario_solver_31_trains_5_units23.json","Cost of next node: Cost = 1,505.3 : 1,546.55 | cr=10, dd=22, da=8, tlv=8, sm=62, rd=120.00, cd=0, um=0","Time elapsed: 10.72 seconds","/home/thomasverwaal/Robust-Rail-NL/mathematical-models/local_search_plans_discreet_120/plan_31_trains_5_units23.json"
"/home/thomasverwaal/Robust-Rail-NL/mathematical-models/scenarios_solver_types_120/scenario_solver_31_trains_5_units23.json","Cost of next node: Cost = 1,469.4 : 1,515.65 | cr=10, dd=21, da=8, tlv=9, sm=62, rd=118.06, cd=0, um=0","Time elapsed: 10.80 seconds","/home/thomasverwaal/Robust-Rail-NL/mathematical-models/local_search_plans_discreet_120/plan_31_trains_5_units23.json"
"/home/thomasverwaal/Robust-Rail-NL/mathematical-models/scenarios_solver_types_120/scenario_solver_31_trains_5_units23.json","Cost of next node: Cost = 1,425.9 : 1,477.14 | cr=11, dd=20, da=7, tlv=10, sm=62, rd=114.19, cd=0, um=0","Time elapsed: 11.01 seconds","/home/thomasverwaal/Robust-Rail-NL/mathematical-models/local_search_plans_discreet_120/plan_31_trains_5_units23.json"
"/home/thomasverwaal/Robust-Rail-NL/mathematical-models/scenarios_solver_types_120/scenario_solver_31_trains_5_units23.json","Cost of next node: Cost = 1,351.8 : 1,408.04 | cr=12, dd=18, da=7, tlv=11, sm=62, rd=112.26, cd=0, um=0","Time elapsed: 11.16 seconds","/home/thomasverwaal/Robust-Rail-NL/mathematical-models/local_search_plans_discreet_120/plan_31_trains_5_units23.json"
"/home/thomasverwaal/Robust-Rail-NL/mathematical-models/scenarios_solver_types_120/scenario_solver_31_trains_5_units23.json","Cost of next node: Cost = 1,316.7 : 1,377.97 | cr=12, dd=17, da=7, tlv=12, sm=62, rd=108.39, cd=0, um=0","Time elapsed: 11.48 seconds","/home/thomasverwaal/Robust-Rail-NL/mathematical-models/local_search_plans_discreet_120/plan_31_trains_5_units23.json"
"/home/thomasverwaal/Robust-Rail-NL/mathematical-models/scenarios_solver_types_120/scenario_solver_31_trains_5_units23.json","Cost of next node: Cost = 1,291.7 : 1,347.97 | cr=11, dd=17, da=7, tlv=11, sm=62, rd=110.32, cd=0, um=0","Time elapsed: 11.65 seconds","/home/thomasverwaal/Robust-Rail-NL/mathematical-models/local_search_plans_discreet_120/plan_31_trains_5_units23.json"
"/home/thomasverwaal/Robust-Rail-NL/mathematical-models/scenarios_solver_types_120/scenario_solver_31_trains_5_units23.json","Cost of next node: Cost = 1,247.2 : 1,303.44 | cr=17, dd=15, da=7, tlv=11, sm=62, rd=106.45, cd=0, um=0","Time elapsed: 11.95 seconds","/home/thomasverwaal/Robust-Rail-NL/mathematical-models/local_search_plans_discreet_120/plan_31_trains_5_units23.json"
"/home/thomasverwaal/Robust-Rail-NL/mathematical-models/scenarios_solver_types_120/scenario_solver_31_trains_5_units23.json","Cost of next node: Cost = 1,205.8 : 1,267.07 | cr=19, dd=14, da=6, tlv=12, sm=62, rd=100.65, cd=0, um=0","Time elapsed: 12.32 seconds","/home/thomasverwaal/Robust-Rail-NL/mathematical-models/local_search_plans_discreet_120/plan_31_trains_5_units23.json"
"/home/thomasverwaal/Robust-Rail-NL/mathematical-models/scenarios_solver_types_120/scenario_solver_31_trains_5_units23.json","Cost of next node: Cost = 1,175.8 : 1,237.07 | cr=16, dd=14, da=6, tlv=12, sm=62, rd=100.65, cd=0, um=0","Time elapsed: 12.44 seconds","/home/thomasverwaal/Robust-Rail-NL/mathematical-models/local_search_plans_discreet_120/plan_31_trains_5_units23.json"
"/home/thomasverwaal/Robust-Rail-NL/mathematical-models/scenarios_solver_types_120/scenario_solver_31_trains_5_units23.json","Cost of next node: Cost = 1,011.7 : 1,072.94 | cr=16, dd=12, da=3, tlv=12, sm=62, rd=96.77, cd=0, um=0","Time elapsed: 12.79 seconds","/home/thomasverwaal/Robust-Rail-NL/mathematical-models/local_search_plans_discreet_120/plan_31_trains_5_units23.json"
"/home/thomasverwaal/Robust-Rail-NL/mathematical-models/scenarios_solver_types_120/scenario_solver_31_trains_5_units23.json","Cost of next node: Cost = 972.2 : 1,033.44 | cr=17, dd=11, da=3, tlv=12, sm=62, rd=98.71, cd=0, um=0","Time elapsed: 13.15 seconds","/home/thomasverwaal/Robust-Rail-NL/mathematical-models/local_search_plans_discreet_120/plan_31_trains_5_units23.json"
"/home/thomasverwaal/Robust-Rail-NL/mathematical-models/scenarios_solver_types_120/scenario_solver_31_trains_5_units23.json","Cost of next node: Cost = 902.5 : 963.76 | cr=15, dd=10, da=3, tlv=12, sm=62, rd=96.77, cd=0, um=0","Time elapsed: 13.28 seconds","/home/thomasverwaal/Robust-Rail-NL/mathematical-models/local_search_plans_discreet_120/plan_31_trains_5_units23.json"
"/home/thomasverwaal/Robust-Rail-NL/mathematical-models/scenarios_solver_types_120/scenario_solver_31_trains_5_units23.json","Cost of next node: Cost = 848.5 : 914.74 | cr=15, dd=9, da=2, tlv=13, sm=62, rd=92.90, cd=0, um=0","Time elapsed: 13.64 seconds","/home/thomasverwaal/Robust-Rail-NL/mathematical-models/local_search_plans_discreet_120/plan_31_trains_5_units23.json"
"/home/thomasverwaal/Robust-Rail-NL/mathematical-models/scenarios_solver_types_120/scenario_solver_31_trains_5_units23.json","Cost of next node: Cost = 798.3 : 864.57 | cr=15, dd=8, da=2, tlv=13, sm=62, rd=92.90, cd=0, um=0","Time elapsed: 13.84 seconds","/home/thomasverwaal/Robust-Rail-NL/mathematical-models/local_search_plans_discreet_120/plan_31_trains_5_units23.json"
"/home/thomasverwaal/Robust-Rail-NL/mathematical-models/scenarios_solver_types_120/scenario_solver_31_trains_5_units23.json","Cost of next node: Cost = 688.6 : 759.86 | cr=15, dd=6, da=1, tlv=14, sm=62, rd=87.10, cd=0, um=0","Time elapsed: 14.36 seconds","/home/thomasverwaal/Robust-Rail-NL/mathematical-models/local_search_plans_discreet_120/plan_31_trains_5_units23.json"
"/home/thomasverwaal/Robust-Rail-NL/mathematical-models/scenarios_solver_types_120/scenario_solver_31_trains_5_units23.json","Cost of next node: Cost = 601.5 : 677.74 | cr=12, dd=5, da=0, tlv=15, sm=62, rd=83.23, cd=0, um=0","Time elapsed: 15.01 seconds","/home/thomasverwaal/Robust-Rail-NL/mathematical-models/local_search_plans_discreet_120/plan_31_trains_5_units23.json"
"/home/thomasverwaal/Robust-Rail-NL/mathematical-models/scenarios_solver_types_120/scenario_solver_31_trains_5_units23.json","Cost of next node: Cost = 572.8 : 653.99 | cr=17, dd=3, da=0, tlv=16, sm=62, rd=82.26, cd=0, um=0","Time elapsed: 15.43 seconds","/home/thomasverwaal/Robust-Rail-NL/mathematical-models/local_search_plans_discreet_120/plan_31_trains_5_units23.json"
"/home/thomasverwaal/Robust-Rail-NL/mathematical-models/scenarios_solver_types_120/scenario_solver_31_trains_5_units23.json","Cost of next node: Cost = 380.0 : 461.24 | cr=14, dd=0, da=0, tlv=16, sm=62, rd=75.48, cd=0, um=0","Time elapsed: 15.67 seconds","/home/thomasverwaal/Robust-Rail-NL/mathematical-models/local_search_plans_discreet_120/plan_31_trains_5_units23.json"
"/home/thomasverwaal/Robust-Rail-NL/mathematical-models/scenarios_solver_types_120/scenario_solver_31_trains_5_units23.json","Cost of next node: Cost = 355.0 : 431.24 | cr=13, dd=0, da=0, tlv=15, sm=62, rd=75.48, cd=0, um=0","Time elapsed: 16.23 seconds","/home/thomasverwaal/Robust-Rail-NL/mathematical-models/local_search_plans_discreet_120/plan_31_trains_5_units23.json"
"/home/thomasverwaal/Robust-Rail-NL/mathematical-models/scenarios_solver_types_120/scenario_solver_31_trains_5_units23.json","Cost of next node: Cost = 340.0 : 411.24 | cr=13, dd=0, da=0, tlv=14, sm=62, rd=77.42, cd=0, um=0","Time elapsed: 22.63 seconds","/home/thomasverwaal/Robust-Rail-NL/mathematical-models/local_search_plans_discreet_120/plan_31_trains_5_units23.json"
"/home/thomasverwaal/Robust-Rail-NL/mathematical-models/scenarios_solver_types_120/scenario_solver_31_trains_5_units23.json","Cost of next node: Cost = 325.0 : 391.24 | cr=13, dd=0, da=0, tlv=13, sm=62, rd=79.35, cd=0, um=0","Time elapsed: 28.13 seconds","/home/thomasverwaal/Robust-Rail-NL/mathematical-models/local_search_plans_discreet_120/plan_31_trains_5_units23.json"
"/home/thomasverwaal/Robust-Rail-NL/mathematical-models/scenarios_solver_types_120/scenario_solver_31_trains_5_units23.json","Cost of next node: Cost = 315.0 : 381.24 | cr=12, dd=0, da=0, tlv=13, sm=62, rd=79.35, cd=0, um=0","Time elapsed: 32.76 seconds","/home/thomasverwaal/Robust-Rail-NL/mathematical-models/local_search_plans_discreet_120/plan_31_trains_5_units23.json"
"/home/thomasverwaal/Robust-Rail-NL/mathematical-models/scenarios_solver_types_120/scenario_solver_31_trains_5_units23.json","Cost of next node: Cost = 305.0 : 371.24 | cr=11, dd=0, da=0, tlv=13, sm=62, rd=79.35, cd=0, um=0","Time elapsed: 36.75 seconds","/home/thomasverwaal/Robust-Rail-NL/mathematical-models/local_search_plans_discreet_120/plan_31_trains_5_units23.json"
"/home/thomasverwaal/Robust-Rail-NL/mathematical-models/scenarios_solver_types_120/scenario_solver_31_trains_5_units23.json","Cost of next node: Cost = 295.0 : 361.24 | cr=10, dd=0, da=0, tlv=13, sm=62, rd=79.35, cd=0, um=0","Time elapsed: 39.73 seconds","/home/thomasverwaal/Robust-Rail-NL/mathematical-models/local_search_plans_discreet_120/plan_31_trains_5_units23.json"
"/home/thomasverwaal/Robust-Rail-NL/mathematical-models/scenarios_solver_types_120/scenario_solver_31_trains_5_units23.json","Cost of next node: Cost = 285.0 : 351.24 | cr=9, dd=0, da=0, tlv=13, sm=62, rd=79.35, cd=0, um=0","Time elapsed: 42.66 seconds","/home/thomasverwaal/Robust-Rail-NL/mathematical-models/local_search_plans_discreet_120/plan_31_trains_5_units23.json"
"/home/thomasverwaal/Robust-Rail-NL/mathematical-models/scenarios_solver_types_120/scenario_solver_31_trains_5_units23.json","Cost of next node: Cost = 275.0 : 341.24 | cr=8, dd=0, da=0, tlv=13, sm=62, rd=79.35, cd=0, um=0","Time elapsed: 44.78 seconds","/home/thomasverwaal/Robust-Rail-NL/mathematical-models/local_search_plans_discreet_120/plan_31_trains_5_units23.json"
"/home/thomasverwaal/Robust-Rail-NL/mathematical-models/scenarios_solver_types_120/scenario_solver_31_trains_5_units23.json","Cost of next node: Cost = 265.0 : 331.24 | cr=7, dd=0, da=0, tlv=13, sm=62, rd=79.35, cd=0, um=0","Time elapsed: 46.62 seconds","/home/thomasverwaal/Robust-Rail-NL/mathematical-models/local_search_plans_discreet_120/plan_31_trains_5_units23.json"
"/home/thomasverwaal/Robust-Rail-NL/mathematical-models/scenarios_solver_types_120/scenario_solver_31_trains_5_units23.json","Cost of next node: Cost = 255.0 : 321.24 | cr=6, dd=0, da=0, tlv=13, sm=62, rd=79.35, cd=0, um=0","Time elapsed: 48.07 seconds","/home/thomasverwaal/Robust-Rail-NL/mathematical-models/local_search_plans_discreet_120/plan_31_trains_5_units23.json"
"/home/thomasverwaal/Robust-Rail-NL/mathematical-models/scenarios_solver_types_120/scenario_solver_31_trains_5_units23.json","Cost of next node: Cost = 245.0 : 311.24 | cr=5, dd=0, da=0, tlv=13, sm=62, rd=79.35, cd=0, um=0","Time elapsed: 49.60 seconds","/home/thomasverwaal/Robust-Rail-NL/mathematical-models/local_search_plans_discreet_120/plan_31_trains_5_units23.json"
"/home/thomasverwaal/Robust-Rail-NL/mathematical-models/scenarios_solver_types_120/scenario_solver_31_trains_5_units23.json","Cost of next node: Cost = 235.0 : 301.24 | cr=4, dd=0, da=0, tlv=13, sm=62, rd=79.35, cd=0, um=0","Time elapsed: 50.62 seconds","/home/thomasverwaal/Robust-Rail-NL/mathematical-models/local_search_plans_discreet_120/plan_31_trains_5_units23.json"
"/home/thomasverwaal/Robust-Rail-NL/mathematical-models/scenarios_solver_types_120/scenario_solver_31_trains_5_units23.json","Cost of next node: Cost = 225.0 : 291.26 | cr=3, dd=0, da=0, tlv=13, sm=63, rd=80.00, cd=0, um=0","Time elapsed: 74.38 seconds","/home/thomasverwaal/Robust-Rail-NL/mathematical-models/local_search_plans_discreet_120/plan_31_trains_5_units23.json"
"/home/thomasverwaal/Robust-Rail-NL/mathematical-models/scenarios_solver_types_120/scenario_solver_31_trains_5_units23.json","Cost of next node: Cost = 210.0 : 271.28 | cr=3, dd=0, da=0, tlv=12, sm=64, rd=82.50, cd=0, um=0","Time elapsed: 144.47 seconds","/home/thomasverwaal/Robust-Rail-NL/mathematical-models/local_search_plans_discreet_120/plan_31_trains_5_units23.json"
"/home/thomasverwaal/Robust-Rail-NL/mathematical-models/scenarios_solver_types_120/scenario_solver_31_trains_5_units23.json","NO_COST_FOUND","NO_TIME_FOUND","NO_PLAN_CREATED"
"/home/thomasverwaal/Robust-Rail-NL/mathematical-models/scenarios_solver_types_120/scenario_solver_31_trains_5_units24.json","Cost of next node: Cost = 2,626.4 : 2,632.67 | cr=40, dd=31, da=28, tlv=1, sm=62, rd=170.32, cd=0, um=0","Time elapsed: 4.41 seconds","/home/thomasverwaal/Robust-Rail-NL/mathematical-models/local_search_plans_discreet_120/plan_31_trains_5_units24.json"
"/home/thomasverwaal/Robust-Rail-NL/mathematical-models/scenarios_solver_types_120/scenario_solver_31_trains_5_units24.json","Cost of next node: Cost = 2,602.8 : 2,614.07 | cr=36, dd=31, da=28, tlv=2, sm=62, rd=172.26, cd=0, um=0","Time elapsed: 4.58 seconds","/home/thomasverwaal/Robust-Rail-NL/mathematical-models/local_search_plans_discreet_120/plan_31_trains_5_units24.json"
"/home/thomasverwaal/Robust-Rail-NL/mathematical-models/scenarios_solver_types_120/scenario_solver_31_trains_5_units24.json","Cost of next node: Cost = 2,465.3 : 2,471.53 | cr=39, dd=31, da=21, tlv=1, sm=62, rd=165.48, cd=0, um=0","Time elapsed: 4.70 seconds","/home/thomasverwaal/Robust-Rail-NL/mathematical-models/local_search_plans_discreet_120/plan_31_trains_5_units24.json"
"/home/thomasverwaal/Robust-Rail-NL/mathematical-models/scenarios_solver_types_120/scenario_solver_31_trains_5_units24.json","Cost of next node: Cost = 2,432.0 : 2,443.29 | cr=36, dd=31, da=20, tlv=2, sm=62, rd=161.61, cd=0, um=0","Time elapsed: 4.84 seconds","/home/thomasverwaal/Robust-Rail-NL/mathematical-models/local_search_plans_discreet_120/plan_31_trains_5_units24.json"
"/home/thomasverwaal/Robust-Rail-NL/mathematical-models/scenarios_solver_types_120/scenario_solver_31_trains_5_units24.json","Cost of next node: Cost = 2,353.3 : 2,369.50 | cr=37, dd=31, da=15, tlv=3, sm=62, rd=155.81, cd=0, um=0","Time elapsed: 5.00 seconds","/home/thomasverwaal/Robust-Rail-NL/mathematical-models/local_search_plans_discreet_120/plan_31_trains_5_units24.json"
"/home/thomasverwaal/Robust-Rail-NL/mathematical-models/scenarios_solver_types_120/scenario_solver_31_trains_5_units24.json","Cost of next node: Cost = 2,305.2 : 2,326.47 | cr=37, dd=31, da=12, tlv=4, sm=62, rd=151.94, cd=0, um=0","Time elapsed: 5.17 seconds","/home/thomasverwaal/Robust-Rail-NL/mathematical-models/local_search_plans_discreet_120/plan_31_trains_5_units24.json"
"/home/thomasverwaal/Robust-Rail-NL/mathematical-models/scenarios_solver_types_120/scenario_solver_31_trains_5_units24.json","Cost of next node: Cost = 2,272.8 : 2,294.03 | cr=34, dd=31, da=12, tlv=4, sm=62, rd=150.00, cd=0, um=0","Time elapsed: 5.43 seconds","/home/thomasverwaal/Robust-Rail-NL/mathematical-models/local_search_plans_discreet_120/plan_31_trains_5_units24.json"
"/home/thomasverwaal/Robust-Rail-NL/mathematical-models/scenarios_solver_types_120/scenario_solver_31_trains_5_units24.json","Cost of next node: Cost = 2,248.4 : 2,274.62 | cr=31, dd=31, da=12, tlv=5, sm=62, rd=147.10, cd=0, um=0","Time elapsed: 5.63 seconds","/home/thomasverwaal/Robust-Rail-NL/mathematical-models/local_search_plans_discreet_120/plan_31_trains_5_units24.json"
"/home/thomasverwaal/Robust-Rail-NL/mathematical-models/scenarios_solver_types_120/scenario_solver_31_trains_5_units24.json","Cost of next node: Cost = 2,225.7 : 2,251.90 | cr=29, dd=31, da=12, tlv=5, sm=62, rd=145.16, cd=0, um=0","Time elapsed: 6.01 seconds","/home/thomasverwaal/Robust-Rail-NL/mathematical-models/local_search_plans_discreet_120/plan_31_trains_5_units24.json"
"/home/thomasverwaal/Robust-Rail-NL/mathematical-models/scenarios_solver_types_120/scenario_solver_31_trains_5_units24.json","Cost of next node: Cost = 2,190.4 : 2,216.69 | cr=25, dd=31, da=12, tlv=5, sm=62, rd=148.06, cd=0, um=0","Time elapsed: 6.32 seconds","/home/thomasverwaal/Robust-Rail-NL/mathematical-models/local_search_plans_discreet_120/plan_31_trains_5_units24.json"
"/home/thomasverwaal/Robust-Rail-NL/mathematical-models/scenarios_solver_types_120/scenario_solver_31_trains_5_units24.json","Cost of next node: Cost = 2,166.4 : 2,192.60 | cr=25, dd=31, da=11, tlv=5, sm=62, rd=144.19, cd=0, um=0","Time elapsed: 6.60 seconds","/home/thomasverwaal/Robust-Rail-NL/mathematical-models/local_search_plans_discreet_120/plan_31_trains_5_units24.json"
"/home/thomasverwaal/Robust-Rail-NL/mathematical-models/scenarios_solver_types_120/scenario_solver_31_trains_5_units24.json","Cost of next node: Cost = 2,145.2 : 2,176.41 | cr=24, dd=31, da=11, tlv=6, sm=62, rd=136.45, cd=0, um=0","Time elapsed: 6.92 seconds","/home/thomasverwaal/Robust-Rail-NL/mathematical-models/local_search_plans_discreet_120/plan_31_trains_5_units24.json"
"/home/thomasverwaal/Robust-Rail-NL/mathematical-models/scenarios_solver_types_120/scenario_solver_31_trains_5_units24.json","Cost of next node: Cost = 2,124.9 : 2,156.13 | cr=24, dd=31, da=10, tlv=6, sm=62, rd=134.52, cd=0, um=0","Time elapsed: 7.28 seconds","/home/thomasverwaal/Robust-Rail-NL/mathematical-models/local_search_plans_discreet_120/plan_31_trains_5_units24.json"
"/home/thomasverwaal/Robust-Rail-NL/mathematical-models/scenarios_solver_types_120/scenario_solver_31_trains_5_units24.json","Cost of next node: Cost = 2,100.6 : 2,136.83 | cr=18, dd=31, da=10, tlv=7, sm=62, rd=138.39, cd=0, um=0","Time elapsed: 7.69 seconds","/home/thomasverwaal/Robust-Rail-NL/mathematical-models/local_search_plans_discreet_120/plan_31_trains_5_units24.json"
"/home/thomasverwaal/Robust-Rail-NL/mathematical-models/scenarios_solver_types_120/scenario_solver_31_trains_5_units24.json","Cost of next node: Cost = 2,075.9 : 2,117.09 | cr=17, dd=31, da=9, tlv=8, sm=62, rd=132.58, cd=0, um=0","Time elapsed: 8.26 seconds","/home/thomasverwaal/Robust-Rail-NL/mathematical-models/local_search_plans_discreet_120/plan_31_trains_5_units24.json"
"/home/thomasverwaal/Robust-Rail-NL/mathematical-models/scenarios_solver_types_120/scenario_solver_31_trains_5_units24.json","Cost of next node: Cost = 2,054.6 : 2,100.82 | cr=19, dd=31, da=7, tlv=9, sm=62, rd=126.77, cd=0, um=0","Time elapsed: 8.69 seconds","/home/thomasverwaal/Robust-Rail-NL/mathematical-models/local_search_plans_discreet_120/plan_31_trains_5_units24.json"
"/home/thomasverwaal/Robust-Rail-NL/mathematical-models/scenarios_solver_types_120/scenario_solver_31_trains_5_units24.json","Cost of next node: Cost = 2,019.8 : 2,066.04 | cr=16, dd=31, da=7, tlv=9, sm=62, rd=123.87, cd=0, um=0","Time elapsed: 8.82 seconds","/home/thomasverwaal/Robust-Rail-NL/mathematical-models/local_search_plans_discreet_120/plan_31_trains_5_units24.json"
"/home/thomasverwaal/Robust-Rail-NL/mathematical-models/scenarios_solver_types_120/scenario_solver_31_trains_5_units24.json","Cost of next node: Cost = 1,999.7 : 2,040.92 | cr=15, dd=31, da=7, tlv=8, sm=62, rd=128.71, cd=0, um=0","Time elapsed: 9.04 seconds","/home/thomasverwaal/Robust-Rail-NL/mathematical-models/local_search_plans_discreet_120/plan_31_trains_5_units24.json"
"/home/thomasverwaal/Robust-Rail-NL/mathematical-models/scenarios_solver_types_120/scenario_solver_31_trains_5_units24.json","Cost of next node: Cost = 1,977.7 : 2,023.91 | cr=14, dd=31, da=6, tlv=9, sm=62, rd=121.94, cd=0, um=0","Time elapsed: 9.19 seconds","/home/thomasverwaal/Robust-Rail-NL/mathematical-models/local_search_plans_discreet_120/plan_31_trains_5_units24.json"
"/home/thomasverwaal/Robust-Rail-NL/mathematical-models/scenarios_solver_types_120/scenario_solver_31_trains_5_units24.json","Cost of next node: Cost = 1,876.9 : 1,923.16 | cr=14, dd=29, da=6, tlv=9, sm=62, rd=120.00, cd=0, um=0","Time elapsed: 9.29 seconds","/home/thomasverwaal/Robust-Rail-NL/mathematical-models/local_search_plans_discreet_120/plan_31_trains_5_units24.json"
"/home/thomasverwaal/Robust-Rail-NL/mathematical-models/scenarios_solver_types_120/scenario_solver_31_trains_5_units24.json","Cost of next node: Cost = 1,827.6 : 1,873.82 | cr=14, dd=28, da=6, tlv=9, sm=62, rd=120.00, cd=0, um=0","Time elapsed: 9.40 seconds","/home/thomasverwaal/Robust-Rail-NL/mathematical-models/local_search_plans_discreet_120/plan_31_trains_5_units24.json"
"/home/thomasverwaal/Robust-Rail-NL/mathematical-models/scenarios_solver_types_120/scenario_solver_31_trains_5_units24.json","Cost of next node: Cost = 1,780.4 : 1,826.67 | cr=20, dd=26, da=6, tlv=9, sm=62, rd=116.13, cd=0, um=0","Time elapsed: 9.86 seconds","/home/thomasverwaal/Robust-Rail-NL/mathematical-models/local_search_plans_discreet_120/plan_31_trains_5_units24.json"
"/home/thomasverwaal/Robust-Rail-NL/mathematical-models/scenarios_solver_types_120/scenario_solver_31_trains_5_units24.json","Cost of next node: Cost = 1,744.4 : 1,795.67 | cr=20, dd=25, da=6, tlv=10, sm=62, rd=114.19, cd=0, um=0","Time elapsed: 10.20 seconds","/home/thomasverwaal/Robust-Rail-NL/mathematical-models/local_search_plans_discreet_120/plan_31_trains_5_units24.json"
"/home/thomasverwaal/Robust-Rail-NL/mathematical-models/scenarios_solver_types_120/scenario_solver_31_trains_5_units24.json","Cost of next node: Cost = 1,703.0 : 1,754.23 | cr=21, dd=24, da=6, tlv=10, sm=62, rd=112.26, cd=0, um=0","Time elapsed: 10.27 seconds","/home/thomasverwaal/Robust-Rail-NL/mathematical-models/local_search_plans_discreet_120/plan_31_trains_5_units24.json"
"/home/thomasverwaal/Robust-Rail-NL/mathematical-models/scenarios_solver_types_120/scenario_solver_31_trains_5_units24.json","Cost of next node: Cost = 1,673.7 : 1,724.92 | cr=23, dd=23, da=6, tlv=10, sm=62, rd=112.26, cd=0, um=0","Time elapsed: 10.51 seconds","/home/thomasverwaal/Robust-Rail-NL/mathematical-models/local_search_plans_discreet_120/plan_31_trains_5_units24.json"
"/home/thomasverwaal/Robust-Rail-NL/mathematical-models/scenarios_solver_types_120/scenario_solver_31_trains_5_units24.json","Cost of next node: Cost = 1,538.6 : 1,594.81 | cr=23, dd=20, da=6, tlv=11, sm=62, rd=106.45, cd=0, um=0","Time elapsed: 11.27 seconds","/home/thomasverwaal/Robust-Rail-NL/mathematical-models/local_search_plans_discreet_120/plan_31_trains_5_units24.json"
"/home/thomasverwaal/Robust-Rail-NL/mathematical-models/scenarios_solver_types_120/scenario_solver_31_trains_5_units24.json","Cost of next node: Cost = 1,513.6 : 1,564.81 | cr=22, dd=20, da=6, tlv=10, sm=62, rd=108.39, cd=0, um=0","Time elapsed: 11.62 seconds","/home/thomasverwaal/Robust-Rail-NL/mathematical-models/local_search_plans_discreet_120/plan_31_trains_5_units24.json"
"/home/thomasverwaal/Robust-Rail-NL/mathematical-models/scenarios_solver_types_120/scenario_solver_31_trains_5_units24.json","Cost of next node: Cost = 1,403.0 : 1,454.19 | cr=22, dd=19, da=3, tlv=10, sm=62, rd=104.52, cd=0, um=0","Time elapsed: 12.58 seconds","/home/thomasverwaal/Robust-Rail-NL/mathematical-models/local_search_plans_discreet_120/plan_31_trains_5_units24.json"
"/home/thomasverwaal/Robust-Rail-NL/mathematical-models/scenarios_solver_types_120/scenario_solver_31_trains_5_units24.json","Cost of next node: Cost = 1,277.5 : 1,333.72 | cr=18, dd=17, da=3, tlv=11, sm=62, rd=102.58, cd=0, um=0","Time elapsed: 13.34 seconds","/home/thomasverwaal/Robust-Rail-NL/mathematical-models/local_search_plans_discreet_120/plan_31_trains_5_units24.json"
"/home/thomasverwaal/Robust-Rail-NL/mathematical-models/scenarios_solver_types_120/scenario_solver_31_trains_5_units24.json","Cost of next node: Cost = 1,032.9 : 1,094.16 | cr=20, dd=12, da=2, tlv=12, sm=62, rd=92.90, cd=0, um=0","Time elapsed: 14.18 seconds","/home/thomasverwaal/Robust-Rail-NL/mathematical-models/local_search_plans_discreet_120/plan_31_trains_5_units24.json"
"/home/thomasverwaal/Robust-Rail-NL/mathematical-models/scenarios_solver_types_120/scenario_solver_31_trains_5_units24.json","Cost of next node: Cost = 983.5 : 1,044.74 | cr=20, dd=11, da=2, tlv=12, sm=62, rd=92.90, cd=0, um=0","Time elapsed: 14.30 seconds","/home/thomasverwaal/Robust-Rail-NL/mathematical-models/local_search_plans_discreet_120/plan_31_trains_5_units24.json"
"/home/thomasverwaal/Robust-Rail-NL/mathematical-models/scenarios_solver_types_120/scenario_solver_31_trains_5_units24.json","Cost of next node: Cost = 935.3 : 1,001.50 | cr=19, dd=10, da=2, tlv=13, sm=62, rd=90.97, cd=0, um=0","Time elapsed: 15.19 seconds","/home/thomasverwaal/Robust-Rail-NL/mathematical-models/local_search_plans_discreet_120/plan_31_trains_5_units24.json"
"/home/thomasverwaal/Robust-Rail-NL/mathematical-models/scenarios_solver_types_120/scenario_solver_31_trains_5_units24.json","Cost of next node: Cost = 861.1 : 932.37 | cr=18, dd=8, da=3, tlv=14, sm=62, rd=92.90, cd=0, um=0","Time elapsed: 15.40 seconds","/home/thomasverwaal/Robust-Rail-NL/mathematical-models/local_search_plans_discreet_120/plan_31_trains_5_units24.json"
"/home/thomasverwaal/Robust-Rail-NL/mathematical-models/scenarios_solver_types_120/scenario_solver_31_trains_5_units24.json","Cost of next node: Cost = 826.1 : 892.37 | cr=18, dd=8, da=2, tlv=13, sm=62, rd=92.90, cd=0, um=0","Time elapsed: 15.52 seconds","/home/thomasverwaal/Robust-Rail-NL/mathematical-models/local_search_plans_discreet_120/plan_31_trains_5_units24.json"
"/home/thomasverwaal/Robust-Rail-NL/mathematical-models/scenarios_solver_types_120/scenario_solver_31_trains_5_units24.json","Cost of next node: Cost = 726.4 : 797.62 | cr=16, dd=7, da=0, tlv=14, sm=62, rd=87.10, cd=0, um=0","Time elapsed: 15.97 seconds","/home/thomasverwaal/Robust-Rail-NL/mathematical-models/local_search_plans_discreet_120/plan_31_trains_5_units24.json"
"/home/thomasverwaal/Robust-Rail-NL/mathematical-models/scenarios_solver_types_120/scenario_solver_31_trains_5_units24.json","Cost of next node: Cost = 646.5 : 717.74 | cr=18, dd=5, da=0, tlv=14, sm=62, rd=87.10, cd=0, um=0","Time elapsed: 16.09 seconds","/home/thomasverwaal/Robust-Rail-NL/mathematical-models/local_search_plans_discreet_120/plan_31_trains_5_units24.json"
"/home/thomasverwaal/Robust-Rail-NL/mathematical-models/scenarios_solver_types_120/scenario_solver_31_trains_5_units24.json","Cost of next node: Cost = 385.0 : 461.24 | cr=16, dd=0, da=0, tlv=15, sm=62, rd=79.35, cd=0, um=0","Time elapsed: 16.58 seconds","/home/thomasverwaal/Robust-Rail-NL/mathematical-models/local_search_plans_discreet_120/plan_31_trains_5_units24.json"
"/home/thomasverwaal/Robust-Rail-NL/mathematical-models/scenarios_solver_types_120/scenario_solver_31_trains_5_units24.json","Cost of next node: Cost = 360.0 : 431.24 | cr=15, dd=0, da=0, tlv=14, sm=62, rd=81.29, cd=0, um=0","Time elapsed: 16.78 seconds","/home/thomasverwaal/Robust-Rail-NL/mathematical-models/local_search_plans_discreet_120/plan_31_trains_5_units24.json"
"/home/thomasverwaal/Robust-Rail-NL/mathematical-models/scenarios_solver_types_120/scenario_solver_31_trains_5_units24.json","Cost of next node: Cost = 340.0 : 411.24 | cr=13, dd=0, da=0, tlv=14, sm=62, rd=81.29, cd=0, um=0","Time elapsed: 20.85 seconds","/home/thomasverwaal/Robust-Rail-NL/mathematical-models/local_search_plans_discreet_120/plan_31_trains_5_units24.json"
"/home/thomasverwaal/Robust-Rail-NL/mathematical-models/scenarios_solver_types_120/scenario_solver_31_trains_5_units24.json","Cost of next node: Cost = 325.0 : 391.24 | cr=13, dd=0, da=0, tlv=13, sm=62, rd=83.23, cd=0, um=0","Time elapsed: 23.95 seconds","/home/thomasverwaal/Robust-Rail-NL/mathematical-models/local_search_plans_discreet_120/plan_31_trains_5_units24.json"
"/home/thomasverwaal/Robust-Rail-NL/mathematical-models/scenarios_solver_types_120/scenario_solver_31_trains_5_units24.json","Cost of next node: Cost = 310.0 : 371.24 | cr=13, dd=0, da=0, tlv=12, sm=62, rd=85.16, cd=0, um=0","Time elapsed: 26.67 seconds","/home/thomasverwaal/Robust-Rail-NL/mathematical-models/local_search_plans_discreet_120/plan_31_trains_5_units24.json"
"/home/thomasverwaal/Robust-Rail-NL/mathematical-models/scenarios_solver_types_120/scenario_solver_31_trains_5_units24.json","Cost of next node: Cost = 295.0 : 351.26 | cr=13, dd=0, da=0, tlv=11, sm=63, rd=90.48, cd=0, um=0","Time elapsed: 29.45 seconds","/home/thomasverwaal/Robust-Rail-NL/mathematical-models/local_search_plans_discreet_120/plan_31_trains_5_units24.json"
"/home/thomasverwaal/Robust-Rail-NL/mathematical-models/scenarios_solver_types_120/scenario_solver_31_trains_5_units24.json","Cost of next node: Cost = 280.0 : 331.28 | cr=13, dd=0, da=0, tlv=10, sm=64, rd=89.06, cd=0, um=0","Time elapsed: 32.42 seconds","/home/thomasverwaal/Robust-Rail-NL/mathematical-models/local_search_plans_discreet_120/plan_31_trains_5_units24.json"
"/home/thomasverwaal/Robust-Rail-NL/mathematical-models/scenarios_solver_types_120/scenario_solver_31_trains_5_units24.json","Cost of next node: Cost = 270.0 : 321.28 | cr=12, dd=0, da=0, tlv=10, sm=64, rd=89.06, cd=0, um=0","Time elapsed: 35.24 seconds","/home/thomasverwaal/Robust-Rail-NL/mathematical-models/local_search_plans_discreet_120/plan_31_trains_5_units24.json"
"/home/thomasverwaal/Robust-Rail-NL/mathematical-models/scenarios_solver_types_120/scenario_solver_31_trains_5_units24.json","Cost of next node: Cost = 260.0 : 311.28 | cr=11, dd=0, da=0, tlv=10, sm=64, rd=89.06, cd=0, um=0","Time elapsed: 37.85 seconds","/home/thomasverwaal/Robust-Rail-NL/mathematical-models/local_search_plans_discreet_120/plan_31_trains_5_units24.json"
"/home/thomasverwaal/Robust-Rail-NL/mathematical-models/scenarios_solver_types_120/scenario_solver_31_trains_5_units24.json","Cost of next node: Cost = 250.0 : 301.28 | cr=10, dd=0, da=0, tlv=10, sm=64, rd=89.06, cd=0, um=0","Time elapsed: 40.44 seconds","/home/thomasverwaal/Robust-Rail-NL/mathematical-models/local_search_plans_discreet_120/plan_31_trains_5_units24.json"
"/home/thomasverwaal/Robust-Rail-NL/mathematical-models/scenarios_solver_types_120/scenario_solver_31_trains_5_units24.json","Cost of next node: Cost = 240.0 : 291.28 | cr=9, dd=0, da=0, tlv=10, sm=64, rd=89.06, cd=0, um=0","Time elapsed: 42.40 seconds","/home/thomasverwaal/Robust-Rail-NL/mathematical-models/local_search_plans_discreet_120/plan_31_trains_5_units24.json"
"/home/thomasverwaal/Robust-Rail-NL/mathematical-models/scenarios_solver_types_120/scenario_solver_31_trains_5_units24.json","Cost of next node: Cost = 230.0 : 281.28 | cr=8, dd=0, da=0, tlv=10, sm=64, rd=89.06, cd=0, um=0","Time elapsed: 44.07 seconds","/home/thomasverwaal/Robust-Rail-NL/mathematical-models/local_search_plans_discreet_120/plan_31_trains_5_units24.json"
"/home/thomasverwaal/Robust-Rail-NL/mathematical-models/scenarios_solver_types_120/scenario_solver_31_trains_5_units24.json","Cost of next node: Cost = 220.0 : 271.28 | cr=7, dd=0, da=0, tlv=10, sm=64, rd=89.06, cd=0, um=0","Time elapsed: 45.40 seconds","/home/thomasverwaal/Robust-Rail-NL/mathematical-models/local_search_plans_discreet_120/plan_31_trains_5_units24.json"
"/home/thomasverwaal/Robust-Rail-NL/mathematical-models/scenarios_solver_types_120/scenario_solver_31_trains_5_units24.json","Cost of next node: Cost = 210.0 : 261.28 | cr=6, dd=0, da=0, tlv=10, sm=64, rd=89.06, cd=0, um=0","Time elapsed: 46.37 seconds","/home/thomasverwaal/Robust-Rail-NL/mathematical-models/local_search_plans_discreet_120/plan_31_trains_5_units24.json"
"/home/thomasverwaal/Robust-Rail-NL/mathematical-models/scenarios_solver_types_120/scenario_solver_31_trains_5_units24.json","Cost of next node: Cost = 200.0 : 251.28 | cr=5, dd=0, da=0, tlv=10, sm=64, rd=89.06, cd=0, um=0","Time elapsed: 50.67 seconds","/home/thomasverwaal/Robust-Rail-NL/mathematical-models/local_search_plans_discreet_120/plan_31_trains_5_units24.json"
"/home/thomasverwaal/Robust-Rail-NL/mathematical-models/scenarios_solver_types_120/scenario_solver_31_trains_5_units24.json","Cost of next node: Cost = 190.0 : 241.28 | cr=4, dd=0, da=0, tlv=10, sm=64, rd=94.69, cd=0, um=0","Time elapsed: 112.36 seconds","/home/thomasverwaal/Robust-Rail-NL/mathematical-models/local_search_plans_discreet_120/plan_31_trains_5_units24.json"
"/home/thomasverwaal/Robust-Rail-NL/mathematical-models/scenarios_solver_types_120/scenario_solver_31_trains_5_units24.json","Cost of next node: Cost = 180.0 : 231.28 | cr=3, dd=0, da=0, tlv=10, sm=64, rd=94.69, cd=0, um=0","Time elapsed: 142.41 seconds","/home/thomasverwaal/Robust-Rail-NL/mathematical-models/local_search_plans_discreet_120/plan_31_trains_5_units24.json"
"/home/thomasverwaal/Robust-Rail-NL/mathematical-models/scenarios_solver_types_120/scenario_solver_31_trains_5_units24.json","Cost of next node: Cost = 170.0 : 221.28 | cr=2, dd=0, da=0, tlv=10, sm=64, rd=92.81, cd=0, um=0","Time elapsed: 145.14 seconds","/home/thomasverwaal/Robust-Rail-NL/mathematical-models/local_search_plans_discreet_120/plan_31_trains_5_units24.json"
"/home/thomasverwaal/Robust-Rail-NL/mathematical-models/scenarios_solver_types_120/scenario_solver_31_trains_5_units24.json","NO_COST_FOUND","NO_TIME_FOUND","NO_PLAN_CREATED"
"/home/thomasverwaal/Robust-Rail-NL/mathematical-models/scenarios_solver_types_120/scenario_solver_31_trains_5_units25.json","Cost of next node: Cost = 2,691.2 : 2,692.41 | cr=43, dd=31, da=29, tlv=0, sm=62, rd=178.06, cd=0, um=0","Time elapsed: 4.26 seconds","/home/thomasverwaal/Robust-Rail-NL/mathematical-models/local_search_plans_discreet_120/plan_31_trains_5_units25.json"
"/home/thomasverwaal/Robust-Rail-NL/mathematical-models/scenarios_solver_types_120/scenario_solver_31_trains_5_units25.json","Cost of next node: Cost = 2,670.9 : 2,672.19 | cr=42, dd=31, da=29, tlv=0, sm=62, rd=174.19, cd=0, um=0","Time elapsed: 4.30 seconds","/home/thomasverwaal/Robust-Rail-NL/mathematical-models/local_search_plans_discreet_120/plan_31_trains_5_units25.json"
"/home/thomasverwaal/Robust-Rail-NL/mathematical-models/scenarios_solver_types_120/scenario_solver_31_trains_5_units25.json","Cost of next node: Cost = 2,640.3 : 2,641.53 | cr=39, dd=31, da=29, tlv=0, sm=62, rd=174.19, cd=0, um=0","Time elapsed: 4.38 seconds","/home/thomasverwaal/Robust-Rail-NL/mathematical-models/local_search_plans_discreet_120/plan_31_trains_5_units25.json"
"/home/thomasverwaal/Robust-Rail-NL/mathematical-models/scenarios_solver_types_120/scenario_solver_31_trains_5_units25.json","Cost of next node: Cost = 2,617.4 : 2,618.66 | cr=36, dd=31, da=29, tlv=0, sm=62, rd=177.10, cd=0, um=0","Time elapsed: 4.45 seconds","/home/thomasverwaal/Robust-Rail-NL/mathematical-models/local_search_plans_discreet_120/plan_31_trains_5_units25.json"
"/home/thomasverwaal/Robust-Rail-NL/mathematical-models/scenarios_solver_types_120/scenario_solver_31_trains_5_units25.json","Cost of next node: Cost = 2,596.0 : 2,597.25 | cr=34, dd=31, da=29, tlv=0, sm=62, rd=175.16, cd=0, um=0","Time elapsed: 4.52 seconds","/home/thomasverwaal/Robust-Rail-NL/mathematical-models/local_search_plans_discreet_120/plan_31_trains_5_units25.json"
"/home/thomasverwaal/Robust-Rail-NL/mathematical-models/scenarios_solver_types_120/scenario_solver_31_trains_5_units25.json","Cost of next node: Cost = 2,574.9 : 2,576.12 | cr=32, dd=31, da=29, tlv=0, sm=62, rd=175.16, cd=0, um=0","Time elapsed: 4.61 seconds","/home/thomasverwaal/Robust-Rail-NL/mathematical-models/local_search_plans_discreet_120/plan_31_trains_5_units25.json"
"/home/thomasverwaal/Robust-Rail-NL/mathematical-models/scenarios_solver_types_120/scenario_solver_31_trains_5_units25.json","Cost of next node: Cost = 2,539.8 : 2,546.02 | cr=33, dd=31, da=27, tlv=1, sm=62, rd=172.26, cd=0, um=0","Time elapsed: 4.74 seconds","/home/thomasverwaal/Robust-Rail-NL/mathematical-models/local_search_plans_discreet_120/plan_31_trains_5_units25.json"
"/home/thomasverwaal/Robust-Rail-NL/mathematical-models/scenarios_solver_types_120/scenario_solver_31_trains_5_units25.json","Cost of next node: Cost = 2,512.8 : 2,514.05 | cr=32, dd=31, da=27, tlv=0, sm=62, rd=170.32, cd=0, um=0","Time elapsed: 4.87 seconds","/home/thomasverwaal/Robust-Rail-NL/mathematical-models/local_search_plans_discreet_120/plan_31_trains_5_units25.json"
"/home/thomasverwaal/Robust-Rail-NL/mathematical-models/scenarios_solver_types_120/scenario_solver_31_trains_5_units25.json","Cost of next node: Cost = 2,479.6 : 2,485.83 | cr=31, dd=31, da=25, tlv=1, sm=62, rd=168.39, cd=0, um=0","Time elapsed: 4.99 seconds","/home/thomasverwaal/Robust-Rail-NL/mathematical-models/local_search_plans_discreet_120/plan_31_trains_5_units25.json"
"/home/thomasverwaal/Robust-Rail-NL/mathematical-models/scenarios_solver_types_120/scenario_solver_31_trains_5_units25.json","Cost of next node: Cost = 2,306.4 : 2,312.61 | cr=32, dd=31, da=16, tlv=1, sm=62, rd=161.61, cd=0, um=0","Time elapsed: 5.08 seconds","/home/thomasverwaal/Robust-Rail-NL/mathematical-models/local_search_plans_discreet_120/plan_31_trains_5_units25.json"
"/home/thomasverwaal/Robust-Rail-NL/mathematical-models/scenarios_solver_types_120/scenario_solver_31_trains_5_units25.json","Cost of next node: Cost = 2,267.4 : 2,278.63 | cr=31, dd=31, da=14, tlv=2, sm=62, rd=157.74, cd=0, um=0","Time elapsed: 5.19 seconds","/home/thomasverwaal/Robust-Rail-NL/mathematical-models/local_search_plans_discreet_120/plan_31_trains_5_units25.json"
"/home/thomasverwaal/Robust-Rail-NL/mathematical-models/scenarios_solver_types_120/scenario_solver_31_trains_5_units25.json","Cost of next node: Cost = 2,213.0 : 2,224.28 | cr=32, dd=31, da=11, tlv=2, sm=62, rd=151.94, cd=0, um=0","Time elapsed: 5.29 seconds","/home/thomasverwaal/Robust-Rail-NL/mathematical-models/local_search_plans_discreet_120/plan_31_trains_5_units25.json"
"/home/thomasverwaal/Robust-Rail-NL/mathematical-models/scenarios_solver_types_120/scenario_solver_31_trains_5_units25.json","Cost of next node: Cost = 2,188.6 : 2,204.81 | cr=29, dd=31, da=11, tlv=3, sm=62, rd=149.03, cd=0, um=0","Time elapsed: 5.54 seconds","/home/thomasverwaal/Robust-Rail-NL/mathematical-models/local_search_plans_discreet_120/plan_31_trains_5_units25.json"
"/home/thomasverwaal/Robust-Rail-NL/mathematical-models/scenarios_solver_types_120/scenario_solver_31_trains_5_units25.json","Cost of next node: Cost = 2,157.3 : 2,178.50 | cr=23, dd=31, da=12, tlv=4, sm=62, rd=147.10, cd=0, um=0","Time elapsed: 5.87 seconds","/home/thomasverwaal/Robust-Rail-NL/mathematical-models/local_search_plans_discreet_120/plan_31_trains_5_units25.json"
"/home/thomasverwaal/Robust-Rail-NL/mathematical-models/scenarios_solver_types_120/scenario_solver_31_trains_5_units25.json","Cost of next node: Cost = 2,134.4 : 2,160.64 | cr=23, dd=31, da=10, tlv=5, sm=62, rd=145.16, cd=0, um=0","Time elapsed: 6.05 seconds","/home/thomasverwaal/Robust-Rail-NL/mathematical-models/local_search_plans_discreet_120/plan_31_trains_5_units25.json"
"/home/thomasverwaal/Robust-Rail-NL/mathematical-models/scenarios_solver_types_120/scenario_solver_31_trains_5_units25.json","Cost of next node: Cost = 2,110.1 : 2,136.33 | cr=22, dd=31, da=9, tlv=5, sm=62, rd=145.16, cd=0, um=0","Time elapsed: 6.45 seconds","/home/thomasverwaal/Robust-Rail-NL/mathematical-models/local_search_plans_discreet_120/plan_31_trains_5_units25.json"
"/home/thomasverwaal/Robust-Rail-NL/mathematical-models/scenarios_solver_types_120/scenario_solver_31_trains_5_units25.json","Cost of next node: Cost = 2,085.9 : 2,117.11 | cr=17, dd=31, da=9, tlv=6, sm=62, rd=150.00, cd=0, um=0","Time elapsed: 6.69 seconds","/home/thomasverwaal/Robust-Rail-NL/mathematical-models/local_search_plans_discreet_120/plan_31_trains_5_units25.json"
"/home/thomasverwaal/Robust-Rail-NL/mathematical-models/scenarios_solver_types_120/scenario_solver_31_trains_5_units25.json","Cost of next node: Cost = 2,062.0 : 2,098.27 | cr=12, dd=31, da=9, tlv=7, sm=62, rd=156.77, cd=0, um=0","Time elapsed: 7.13 seconds","/home/thomasverwaal/Robust-Rail-NL/mathematical-models/local_search_plans_discreet_120/plan_31_trains_5_units25.json"
"/home/thomasverwaal/Robust-Rail-NL/mathematical-models/scenarios_solver_types_120/scenario_solver_31_trains_5_units25.json","Cost of next node: Cost = 2,019.2 : 2,055.43 | cr=9, dd=31, da=9, tlv=7, sm=62, rd=150.00, cd=0, um=0","Time elapsed: 7.19 seconds","/home/thomasverwaal/Robust-Rail-NL/mathematical-models/local_search_plans_discreet_120/plan_31_trains_5_units25.json"
"/home/thomasverwaal/Robust-Rail-NL/mathematical-models/scenarios_solver_types_120/scenario_solver_31_trains_5_units25.json","Cost of next node: Cost = 1,998.4 : 2,034.65 | cr=8, dd=31, da=9, tlv=7, sm=62, rd=145.16, cd=0, um=0","Time elapsed: 7.29 seconds","/home/thomasverwaal/Robust-Rail-NL/mathematical-models/local_search_plans_discreet_120/plan_31_trains_5_units25.json"
"/home/thomasverwaal/Robust-Rail-NL/mathematical-models/scenarios_solver_types_120/scenario_solver_31_trains_5_units25.json","Cost of next node: Cost = 1,970.1 : 2,011.39 | cr=7, dd=31, da=8, tlv=8, sm=62, rd=139.35, cd=0, um=0","Time elapsed: 7.78 seconds","/home/thomasverwaal/Robust-Rail-NL/mathematical-models/local_search_plans_discreet_120/plan_31_trains_5_units25.json"
"/home/thomasverwaal/Robust-Rail-NL/mathematical-models/scenarios_solver_types_120/scenario_solver_31_trains_5_units25.json","Cost of next node: Cost = 1,947.7 : 1,993.89 | cr=7, dd=31, da=7, tlv=9, sm=62, rd=137.42, cd=0, um=0","Time elapsed: 8.21 seconds","/home/thomasverwaal/Robust-Rail-NL/mathematical-models/local_search_plans_discreet_120/plan_31_trains_5_units25.json"
"/home/thomasverwaal/Robust-Rail-NL/mathematical-models/scenarios_solver_types_120/scenario_solver_31_trains_5_units25.json","Cost of next node: Cost = 1,838.1 : 1,889.32 | cr=11, dd=28, da=7, tlv=10, sm=62, rd=134.52, cd=0, um=0","Time elapsed: 8.74 seconds","/home/thomasverwaal/Robust-Rail-NL/mathematical-models/local_search_plans_discreet_120/plan_31_trains_5_units25.json"
"/home/thomasverwaal/Robust-Rail-NL/mathematical-models/scenarios_solver_types_120/scenario_solver_31_trains_5_units25.json","Cost of next node: Cost = 1,777.8 : 1,829.09 | cr=11, dd=27, da=7, tlv=10, sm=62, rd=124.84, cd=0, um=0","Time elapsed: 8.82 seconds","/home/thomasverwaal/Robust-Rail-NL/mathematical-models/local_search_plans_discreet_120/plan_31_trains_5_units25.json"
"/home/thomasverwaal/Robust-Rail-NL/mathematical-models/scenarios_solver_types_120/scenario_solver_31_trains_5_units25.json","Cost of next node: Cost = 1,691.4 : 1,742.69 | cr=12, dd=25, da=7, tlv=10, sm=62, rd=124.84, cd=0, um=0","Time elapsed: 8.93 seconds","/home/thomasverwaal/Robust-Rail-NL/mathematical-models/local_search_plans_discreet_120/plan_31_trains_5_units25.json"
"/home/thomasverwaal/Robust-Rail-NL/mathematical-models/scenarios_solver_types_120/scenario_solver_31_trains_5_units25.json","Cost of next node: Cost = 1,640.8 : 1,692.01 | cr=12, dd=24, da=7, tlv=10, sm=62, rd=120.00, cd=0, um=0","Time elapsed: 9.01 seconds","/home/thomasverwaal/Robust-Rail-NL/mathematical-models/local_search_plans_discreet_120/plan_31_trains_5_units25.json"
"/home/thomasverwaal/Robust-Rail-NL/mathematical-models/scenarios_solver_types_120/scenario_solver_31_trains_5_units25.json","Cost of next node: Cost = 1,552.7 : 1,608.93 | cr=13, dd=23, da=4, tlv=11, sm=62, rd=112.26, cd=0, um=0","Time elapsed: 9.70 seconds","/home/thomasverwaal/Robust-Rail-NL/mathematical-models/local_search_plans_discreet_120/plan_31_trains_5_units25.json"
"/home/thomasverwaal/Robust-Rail-NL/mathematical-models/scenarios_solver_types_120/scenario_solver_31_trains_5_units25.json","Cost of next node: Cost = 1,497.6 : 1,558.89 | cr=11, dd=22, da=4, tlv=12, sm=62, rd=110.32, cd=0, um=0","Time elapsed: 10.36 seconds","/home/thomasverwaal/Robust-Rail-NL/mathematical-models/local_search_plans_discreet_120/plan_31_trains_5_units25.json"
"/home/thomasverwaal/Robust-Rail-NL/mathematical-models/scenarios_solver_types_120/scenario_solver_31_trains_5_units25.json","Cost of next node: Cost = 1,387.5 : 1,448.75 | cr=12, dd=20, da=3, tlv=12, sm=62, rd=106.45, cd=0, um=0","Time elapsed: 11.20 seconds","/home/thomasverwaal/Robust-Rail-NL/mathematical-models/local_search_plans_discreet_120/plan_31_trains_5_units25.json"
"/home/thomasverwaal/Robust-Rail-NL/mathematical-models/scenarios_solver_types_120/scenario_solver_31_trains_5_units25.json","Cost of next node: Cost = 1,287.6 : 1,353.87 | cr=14, dd=18, da=2, tlv=13, sm=62, rd=96.77, cd=0, um=0","Time elapsed: 12.02 seconds","/home/thomasverwaal/Robust-Rail-NL/mathematical-models/local_search_plans_discreet_120/plan_31_trains_5_units25.json"
"/home/thomasverwaal/Robust-Rail-NL/mathematical-models/scenarios_solver_types_120/scenario_solver_31_trains_5_units25.json","Cost of next node: Cost = 1,169.1 : 1,235.36 | cr=12, dd=16, da=2, tlv=13, sm=62, rd=96.77, cd=0, um=0","Time elapsed: 12.15 seconds","/home/thomasverwaal/Robust-Rail-NL/mathematical-models/local_search_plans_discreet_120/plan_31_trains_5_units25.json"
"/home/thomasverwaal/Robust-Rail-NL/mathematical-models/scenarios_solver_types_120/scenario_solver_31_trains_5_units25.json","Cost of next node: Cost = 1,017.8 : 1,089.00 | cr=13, dd=13, da=1, tlv=14, sm=62, rd=90.97, cd=0, um=0","Time elapsed: 13.10 seconds","/home/thomasverwaal/Robust-Rail-NL/mathematical-models/local_search_plans_discreet_120/plan_31_trains_5_units25.json"
"/home/thomasverwaal/Robust-Rail-NL/mathematical-models/scenarios_solver_types_120/scenario_solver_31_trains_5_units25.json","Cost of next node: Cost = 927.6 : 998.89 | cr=14, dd=11, da=1, tlv=14, sm=62, rd=90.97, cd=0, um=0","Time elapsed: 13.29 seconds","/home/thomasverwaal/Robust-Rail-NL/mathematical-models/local_search_plans_discreet_120/plan_31_trains_5_units25.json"
"/home/thomasverwaal/Robust-Rail-NL/mathematical-models/scenarios_solver_types_120/scenario_solver_31_trains_5_units25.json","Cost of next node: Cost = 888.0 : 959.23 | cr=15, dd=10, da=1, tlv=14, sm=62, rd=90.97, cd=0, um=0","Time elapsed: 13.51 seconds","/home/thomasverwaal/Robust-Rail-NL/mathematical-models/local_search_plans_discreet_120/plan_31_trains_5_units25.json"
"/home/thomasverwaal/Robust-Rail-NL/mathematical-models/scenarios_solver_types_120/scenario_solver_31_trains_5_units25.json","Cost of next node: Cost = 803.6 : 879.81 | cr=15, dd=8, da=1, tlv=15, sm=62, rd=87.10, cd=0, um=0","Time elapsed: 13.86 seconds","/home/thomasverwaal/Robust-Rail-NL/mathematical-models/local_search_plans_discreet_120/plan_31_trains_5_units25.json"
"/home/thomasverwaal/Robust-Rail-NL/mathematical-models/scenarios_solver_types_120/scenario_solver_31_trains_5_units25.json","Cost of next node: Cost = 778.6 : 849.81 | cr=14, dd=8, da=1, tlv=14, sm=62, rd=87.10, cd=0, um=0","Time elapsed: 14.05 seconds","/home/thomasverwaal/Robust-Rail-NL/mathematical-models/local_search_plans_discreet_120/plan_31_trains_5_units25.json"
"/home/thomasverwaal/Robust-Rail-NL/mathematical-models/scenarios_solver_types_120/scenario_solver_31_trains_5_units25.json","Cost of next node: Cost = 753.6 : 819.81 | cr=13, dd=8, da=1, tlv=13, sm=62, rd=87.10, cd=0, um=0","Time elapsed: 14.37 seconds","/home/thomasverwaal/Robust-Rail-NL/mathematical-models/local_search_plans_discreet_120/plan_31_trains_5_units25.json"
"/home/thomasverwaal/Robust-Rail-NL/mathematical-models/scenarios_solver_types_120/scenario_solver_31_trains_5_units25.json","Cost of next node: Cost = 626.4 : 697.67 | cr=11, dd=6, da=0, tlv=14, sm=62, rd=83.23, cd=0, um=0","Time elapsed: 14.63 seconds","/home/thomasverwaal/Robust-Rail-NL/mathematical-models/local_search_plans_discreet_120/plan_31_trains_5_units25.json"
"/home/thomasverwaal/Robust-Rail-NL/mathematical-models/scenarios_solver_types_120/scenario_solver_31_trains_5_units25.json","Cost of next node: Cost = 325.0 : 401.24 | cr=10, dd=0, da=0, tlv=15, sm=62, rd=75.48, cd=0, um=0","Time elapsed: 14.90 seconds","/home/thomasverwaal/Robust-Rail-NL/mathematical-models/local_search_plans_discreet_120/plan_31_trains_5_units25.json"
"/home/thomasverwaal/Robust-Rail-NL/mathematical-models/scenarios_solver_types_120/scenario_solver_31_trains_5_units25.json","Cost of next node: Cost = 300.0 : 371.24 | cr=9, dd=0, da=0, tlv=14, sm=62, rd=77.42, cd=0, um=0","Time elapsed: 15.04 seconds","/home/thomasverwaal/Robust-Rail-NL/mathematical-models/local_search_plans_discreet_120/plan_31_trains_5_units25.json"
"/home/thomasverwaal/Robust-Rail-NL/mathematical-models/scenarios_solver_types_120/scenario_solver_31_trains_5_units25.json","Cost of next node: Cost = 285.0 : 351.24 | cr=9, dd=0, da=0, tlv=13, sm=62, rd=79.35, cd=0, um=0","Time elapsed: 18.41 seconds","/home/thomasverwaal/Robust-Rail-NL/mathematical-models/local_search_plans_discreet_120/plan_31_trains_5_units25.json"
"/home/thomasverwaal/Robust-Rail-NL/mathematical-models/scenarios_solver_types_120/scenario_solver_31_trains_5_units25.json","Cost of next node: Cost = 275.0 : 341.24 | cr=8, dd=0, da=0, tlv=13, sm=62, rd=79.35, cd=0, um=0","Time elapsed: 21.80 seconds","/home/thomasverwaal/Robust-Rail-NL/mathematical-models/local_search_plans_discreet_120/plan_31_trains_5_units25.json"
"/home/thomasverwaal/Robust-Rail-NL/mathematical-models/scenarios_solver_types_120/scenario_solver_31_trains_5_units25.json","Cost of next node: Cost = 265.0 : 331.24 | cr=7, dd=0, da=0, tlv=13, sm=62, rd=81.29, cd=0, um=0","Time elapsed: 24.90 seconds","/home/thomasverwaal/Robust-Rail-NL/mathematical-models/local_search_plans_discreet_120/plan_31_trains_5_units25.json"
"/home/thomasverwaal/Robust-Rail-NL/mathematical-models/scenarios_solver_types_120/scenario_solver_31_trains_5_units25.json","Cost of next node: Cost = 255.0 : 321.24 | cr=6, dd=0, da=0, tlv=13, sm=62, rd=81.29, cd=0, um=0","Time elapsed: 27.48 seconds","/home/thomasverwaal/Robust-Rail-NL/mathematical-models/local_search_plans_discreet_120/plan_31_trains_5_units25.json"
"/home/thomasverwaal/Robust-Rail-NL/mathematical-models/scenarios_solver_types_120/scenario_solver_31_trains_5_units25.json","Cost of next node: Cost = 245.0 : 311.24 | cr=5, dd=0, da=0, tlv=13, sm=62, rd=81.29, cd=0, um=0","Time elapsed: 29.73 seconds","/home/thomasverwaal/Robust-Rail-NL/mathematical-models/local_search_plans_discreet_120/plan_31_trains_5_units25.json"
"/home/thomasverwaal/Robust-Rail-NL/mathematical-models/scenarios_solver_types_120/scenario_solver_31_trains_5_units25.json","Cost of next node: Cost = 235.0 : 301.24 | cr=4, dd=0, da=0, tlv=13, sm=62, rd=81.29, cd=0, um=0","Time elapsed: 31.54 seconds","/home/thomasverwaal/Robust-Rail-NL/mathematical-models/local_search_plans_discreet_120/plan_31_trains_5_units25.json"
"/home/thomasverwaal/Robust-Rail-NL/mathematical-models/scenarios_solver_types_120/scenario_solver_31_trains_5_units25.json","Cost of next node: Cost = 225.0 : 291.24 | cr=3, dd=0, da=0, tlv=13, sm=62, rd=81.29, cd=0, um=0","Time elapsed: 32.84 seconds","/home/thomasverwaal/Robust-Rail-NL/mathematical-models/local_search_plans_discreet_120/plan_31_trains_5_units25.json"
"/home/thomasverwaal/Robust-Rail-NL/mathematical-models/scenarios_solver_types_120/scenario_solver_31_trains_5_units25.json","Cost of next node: Cost = 215.0 : 281.24 | cr=2, dd=0, da=0, tlv=13, sm=62, rd=81.29, cd=0, um=0","Time elapsed: 33.91 seconds","/home/thomasverwaal/Robust-Rail-NL/mathematical-models/local_search_plans_discreet_120/plan_31_trains_5_units25.json"
"/home/thomasverwaal/Robust-Rail-NL/mathematical-models/scenarios_solver_types_120/scenario_solver_31_trains_5_units25.json","Cost of next node: Cost = 205.0 : 271.24 | cr=1, dd=0, da=0, tlv=13, sm=62, rd=81.29, cd=0, um=0","Time elapsed: 34.76 seconds","/home/thomasverwaal/Robust-Rail-NL/mathematical-models/local_search_plans_discreet_120/plan_31_trains_5_units25.json"
"/home/thomasverwaal/Robust-Rail-NL/mathematical-models/scenarios_solver_types_120/scenario_solver_31_trains_5_units25.json","Cost of next node: Cost = 195.0 : 261.24 | cr=0, dd=0, da=0, tlv=13, sm=62, rd=81.29, cd=0, um=0","Time elapsed: 35.47 seconds","/home/thomasverwaal/Robust-Rail-NL/mathematical-models/local_search_plans_discreet_120/plan_31_trains_5_units25.json"
"/home/thomasverwaal/Robust-Rail-NL/mathematical-models/scenarios_solver_types_120/scenario_solver_31_trains_5_units25.json","NO_COST_FOUND","NO_TIME_FOUND","NO_PLAN_CREATED"
"/home/thomasverwaal/Robust-Rail-NL/mathematical-models/scenarios_solver_types_120/scenario_solver_31_trains_5_units26.json","Cost of next node: Cost = 2,681.1 : 2,682.33 | cr=43, dd=31, da=29, tlv=0, sm=62, rd=175.16, cd=0, um=0","Time elapsed: 4.38 seconds","/home/thomasverwaal/Robust-Rail-NL/mathematical-models/local_search_plans_discreet_120/plan_31_trains_5_units26.json"
"/home/thomasverwaal/Robust-Rail-NL/mathematical-models/scenarios_solver_types_120/scenario_solver_31_trains_5_units26.json","Cost of next node: Cost = 2,616.2 : 2,622.43 | cr=41, dd=31, da=27, tlv=1, sm=62, rd=172.26, cd=0, um=0","Time elapsed: 4.52 seconds","/home/thomasverwaal/Robust-Rail-NL/mathematical-models/local_search_plans_discreet_120/plan_31_trains_5_units26.json"
"/home/thomasverwaal/Robust-Rail-NL/mathematical-models/scenarios_solver_types_120/scenario_solver_31_trains_5_units26.json","Cost of next node: Cost = 2,594.6 : 2,600.88 | cr=48, dd=31, da=22, tlv=1, sm=62, rd=173.23, cd=0, um=0","Time elapsed: 4.70 seconds","/home/thomasverwaal/Robust-Rail-NL/mathematical-models/local_search_plans_discreet_120/plan_31_trains_5_units26.json"
"/home/thomasverwaal/Robust-Rail-NL/mathematical-models/scenarios_solver_types_120/scenario_solver_31_trains_5_units26.json","Cost of next node: Cost = 2,567.3 : 2,573.50 | cr=46, dd=31, da=22, tlv=1, sm=62, rd=169.35, cd=0, um=0","Time elapsed: 4.79 seconds","/home/thomasverwaal/Robust-Rail-NL/mathematical-models/local_search_plans_discreet_120/plan_31_trains_5_units26.json"
"/home/thomasverwaal/Robust-Rail-NL/mathematical-models/scenarios_solver_types_120/scenario_solver_31_trains_5_units26.json","Cost of next node: Cost = 2,486.2 : 2,497.40 | cr=44, dd=31, da=18, tlv=2, sm=62, rd=165.48, cd=0, um=0","Time elapsed: 4.94 seconds","/home/thomasverwaal/Robust-Rail-NL/mathematical-models/local_search_plans_discreet_120/plan_31_trains_5_units26.json"
"/home/thomasverwaal/Robust-Rail-NL/mathematical-models/scenarios_solver_types_120/scenario_solver_31_trains_5_units26.json","Cost of next node: Cost = 2,453.6 : 2,464.87 | cr=41, dd=31, da=18, tlv=2, sm=62, rd=164.52, cd=0, um=0","Time elapsed: 5.02 seconds","/home/thomasverwaal/Robust-Rail-NL/mathematical-models/local_search_plans_discreet_120/plan_31_trains_5_units26.json"
"/home/thomasverwaal/Robust-Rail-NL/mathematical-models/scenarios_solver_types_120/scenario_solver_31_trains_5_units26.json","Cost of next node: Cost = 2,432.9 : 2,444.12 | cr=39, dd=31, da=18, tlv=2, sm=62, rd=162.58, cd=0, um=0","Time elapsed: 5.11 seconds","/home/thomasverwaal/Robust-Rail-NL/mathematical-models/local_search_plans_discreet_120/plan_31_trains_5_units26.json"
"/home/thomasverwaal/Robust-Rail-NL/mathematical-models/scenarios_solver_types_120/scenario_solver_31_trains_5_units26.json","Cost of next node: Cost = 2,373.3 : 2,389.58 | cr=36, dd=31, da=16, tlv=3, sm=62, rd=158.71, cd=0, um=0","Time elapsed: 5.24 seconds","/home/thomasverwaal/Robust-Rail-NL/mathematical-models/local_search_plans_discreet_120/plan_31_trains_5_units26.json"
"/home/thomasverwaal/Robust-Rail-NL/mathematical-models/scenarios_solver_types_120/scenario_solver_31_trains_5_units26.json","Cost of next node: Cost = 2,343.4 : 2,364.67 | cr=37, dd=31, da=13, tlv=4, sm=62, rd=157.74, cd=0, um=0","Time elapsed: 5.35 seconds","/home/thomasverwaal/Robust-Rail-NL/mathematical-models/local_search_plans_discreet_120/plan_31_trains_5_units26.json"
"/home/thomasverwaal/Robust-Rail-NL/mathematical-models/scenarios_solver_types_120/scenario_solver_31_trains_5_units26.json","Cost of next node: Cost = 2,318.4 : 2,344.67 | cr=33, dd=31, da=13, tlv=5, sm=62, rd=157.74, cd=0, um=0","Time elapsed: 5.53 seconds","/home/thomasverwaal/Robust-Rail-NL/mathematical-models/local_search_plans_discreet_120/plan_31_trains_5_units26.json"
"/home/thomasverwaal/Robust-Rail-NL/mathematical-models/scenarios_solver_types_120/scenario_solver_31_trains_5_units26.json","Cost of next node: Cost = 2,288.4 : 2,314.67 | cr=30, dd=31, da=13, tlv=5, sm=62, rd=157.74, cd=0, um=0","Time elapsed: 5.73 seconds","/home/thomasverwaal/Robust-Rail-NL/mathematical-models/local_search_plans_discreet_120/plan_31_trains_5_units26.json"
"/home/thomasverwaal/Robust-Rail-NL/mathematical-models/scenarios_solver_types_120/scenario_solver_31_trains_5_units26.json","Cost of next node: Cost = 2,261.3 : 2,287.55 | cr=28, dd=31, da=13, tlv=5, sm=62, rd=156.77, cd=0, um=0","Time elapsed: 5.93 seconds","/home/thomasverwaal/Robust-Rail-NL/mathematical-models/local_search_plans_discreet_120/plan_31_trains_5_units26.json"
"/home/thomasverwaal/Robust-Rail-NL/mathematical-models/scenarios_solver_types_120/scenario_solver_31_trains_5_units26.json","Cost of next node: Cost = 2,238.2 : 2,264.46 | cr=28, dd=31, da=13, tlv=5, sm=62, rd=150.97, cd=0, um=0","Time elapsed: 6.23 seconds","/home/thomasverwaal/Robust-Rail-NL/mathematical-models/local_search_plans_discreet_120/plan_31_trains_5_units26.json"
"/home/thomasverwaal/Robust-Rail-NL/mathematical-models/scenarios_solver_types_120/scenario_solver_31_trains_5_units26.json","Cost of next node: Cost = 2,214.3 : 2,240.51 | cr=28, dd=31, da=12, tlv=5, sm=62, rd=147.10, cd=0, um=0","Time elapsed: 6.50 seconds","/home/thomasverwaal/Robust-Rail-NL/mathematical-models/local_search_plans_discreet_120/plan_31_trains_5_units26.json"
"/home/thomasverwaal/Robust-Rail-NL/mathematical-models/scenarios_solver_types_120/scenario_solver_31_trains_5_units26.json","Cost of next node: Cost = 2,185.6 : 2,216.85 | cr=26, dd=31, da=11, tlv=6, sm=62, rd=143.23, cd=0, um=0","Time elapsed: 6.87 seconds","/home/thomasverwaal/Robust-Rail-NL/mathematical-models/local_search_plans_discreet_120/plan_31_trains_5_units26.json"
"/home/thomasverwaal/Robust-Rail-NL/mathematical-models/scenarios_solver_types_120/scenario_solver_31_trains_5_units26.json","Cost of next node: Cost = 2,164.2 : 2,195.44 | cr=24, dd=31, da=11, tlv=6, sm=62, rd=143.23, cd=0, um=0","Time elapsed: 6.94 seconds","/home/thomasverwaal/Robust-Rail-NL/mathematical-models/local_search_plans_discreet_120/plan_31_trains_5_units26.json"
"/home/thomasverwaal/Robust-Rail-NL/mathematical-models/scenarios_solver_types_120/scenario_solver_31_trains_5_units26.json","Cost of next node: Cost = 2,133.2 : 2,169.48 | cr=17, dd=31, da=11, tlv=7, sm=62, rd=149.03, cd=0, um=0","Time elapsed: 7.33 seconds","/home/thomasverwaal/Robust-Rail-NL/mathematical-models/local_search_plans_discreet_120/plan_31_trains_5_units26.json"
"/home/thomasverwaal/Robust-Rail-NL/mathematical-models/scenarios_solver_types_120/scenario_solver_31_trains_5_units26.json","Cost of next node: Cost = 2,107.3 : 2,148.50 | cr=16, dd=31, da=10, tlv=8, sm=62, rd=141.29, cd=0, um=0","Time elapsed: 7.81 seconds","/home/thomasverwaal/Robust-Rail-NL/mathematical-models/local_search_plans_discreet_120/plan_31_trains_5_units26.json"
"/home/thomasverwaal/Robust-Rail-NL/mathematical-models/scenarios_solver_types_120/scenario_solver_31_trains_5_units26.json","Cost of next node: Cost = 2,078.1 : 2,124.37 | cr=16, dd=31, da=9, tlv=9, sm=62, rd=133.55, cd=0, um=0","Time elapsed: 8.36 seconds","/home/thomasverwaal/Robust-Rail-NL/mathematical-models/local_search_plans_discreet_120/plan_31_trains_5_units26.json"
"/home/thomasverwaal/Robust-Rail-NL/mathematical-models/scenarios_solver_types_120/scenario_solver_31_trains_5_units26.json","Cost of next node: Cost = 2,051.7 : 2,102.90 | cr=15, dd=31, da=8, tlv=10, sm=62, rd=127.74, cd=0, um=0","Time elapsed: 8.88 seconds","/home/thomasverwaal/Robust-Rail-NL/mathematical-models/local_search_plans_discreet_120/plan_31_trains_5_units26.json"
"/home/thomasverwaal/Robust-Rail-NL/mathematical-models/scenarios_solver_types_120/scenario_solver_31_trains_5_units26.json","Cost of next node: Cost = 1,997.4 : 2,043.68 | cr=17, dd=28, da=13, tlv=9, sm=62, rd=130.65, cd=0, um=0","Time elapsed: 9.21 seconds","/home/thomasverwaal/Robust-Rail-NL/mathematical-models/local_search_plans_discreet_120/plan_31_trains_5_units26.json"
"/home/thomasverwaal/Robust-Rail-NL/mathematical-models/scenarios_solver_types_120/scenario_solver_31_trains_5_units26.json","Cost of next node: Cost = 1,934.5 : 1,980.79 | cr=17, dd=28, da=10, tlv=9, sm=62, rd=127.74, cd=0, um=0","Time elapsed: 9.36 seconds","/home/thomasverwaal/Robust-Rail-NL/mathematical-models/local_search_plans_discreet_120/plan_31_trains_5_units26.json"
"/home/thomasverwaal/Robust-Rail-NL/mathematical-models/scenarios_solver_types_120/scenario_solver_31_trains_5_units26.json","Cost of next node: Cost = 1,900.3 : 1,941.55 | cr=19, dd=28, da=8, tlv=8, sm=62, rd=125.81, cd=0, um=0","Time elapsed: 9.63 seconds","/home/thomasverwaal/Robust-Rail-NL/mathematical-models/local_search_plans_discreet_120/plan_31_trains_5_units26.json"
"/home/thomasverwaal/Robust-Rail-NL/mathematical-models/scenarios_solver_types_120/scenario_solver_31_trains_5_units26.json","Cost of next node: Cost = 1,834.3 : 1,875.57 | cr=23, dd=26, da=8, tlv=8, sm=62, rd=118.06, cd=0, um=0","Time elapsed: 9.70 seconds","/home/thomasverwaal/Robust-Rail-NL/mathematical-models/local_search_plans_discreet_120/plan_31_trains_5_units26.json"
"/home/thomasverwaal/Robust-Rail-NL/mathematical-models/scenarios_solver_types_120/scenario_solver_31_trains_5_units26.json","Cost of next node: Cost = 1,813.3 : 1,854.57 | cr=21, dd=26, da=8, tlv=8, sm=62, rd=118.06, cd=0, um=0","Time elapsed: 9.87 seconds","/home/thomasverwaal/Robust-Rail-NL/mathematical-models/local_search_plans_discreet_120/plan_31_trains_5_units26.json"
"/home/thomasverwaal/Robust-Rail-NL/mathematical-models/scenarios_solver_types_120/scenario_solver_31_trains_5_units26.json","Cost of next node: Cost = 1,762.7 : 1,803.97 | cr=21, dd=25, da=8, tlv=8, sm=62, rd=118.06, cd=0, um=0","Time elapsed: 9.97 seconds","/home/thomasverwaal/Robust-Rail-NL/mathematical-models/local_search_plans_discreet_120/plan_31_trains_5_units26.json"
"/home/thomasverwaal/Robust-Rail-NL/mathematical-models/scenarios_solver_types_120/scenario_solver_31_trains_5_units26.json","Cost of next node: Cost = 1,722.0 : 1,763.20 | cr=22, dd=24, da=8, tlv=8, sm=62, rd=118.06, cd=0, um=0","Time elapsed: 10.15 seconds","/home/thomasverwaal/Robust-Rail-NL/mathematical-models/local_search_plans_discreet_120/plan_31_trains_5_units26.json"
"/home/thomasverwaal/Robust-Rail-NL/mathematical-models/scenarios_solver_types_120/scenario_solver_31_trains_5_units26.json","Cost of next node: Cost = 1,701.8 : 1,743.05 | cr=22, dd=24, da=7, tlv=8, sm=62, rd=114.19, cd=0, um=0","Time elapsed: 10.28 seconds","/home/thomasverwaal/Robust-Rail-NL/mathematical-models/local_search_plans_discreet_120/plan_31_trains_5_units26.json"
"/home/thomasverwaal/Robust-Rail-NL/mathematical-models/scenarios_solver_types_120/scenario_solver_31_trains_5_units26.json","Cost of next node: Cost = 1,640.5 : 1,681.76 | cr=22, dd=24, da=4, tlv=8, sm=62, rd=110.32, cd=0, um=0","Time elapsed: 11.04 seconds","/home/thomasverwaal/Robust-Rail-NL/mathematical-models/local_search_plans_discreet_120/plan_31_trains_5_units26.json"
"/home/thomasverwaal/Robust-Rail-NL/mathematical-models/scenarios_solver_types_120/scenario_solver_31_trains_5_units26.json","Cost of next node: Cost = 1,601.0 : 1,642.22 | cr=23, dd=23, da=4, tlv=8, sm=62, rd=110.32, cd=0, um=0","Time elapsed: 11.13 seconds","/home/thomasverwaal/Robust-Rail-NL/mathematical-models/local_search_plans_discreet_120/plan_31_trains_5_units26.json"
"/home/thomasverwaal/Robust-Rail-NL/mathematical-models/scenarios_solver_types_120/scenario_solver_31_trains_5_units26.json","Cost of next node: Cost = 1,541.5 : 1,582.72 | cr=22, dd=22, da=4, tlv=8, sm=62, rd=110.32, cd=0, um=0","Time elapsed: 11.30 seconds","/home/thomasverwaal/Robust-Rail-NL/mathematical-models/local_search_plans_discreet_120/plan_31_trains_5_units26.json"
"/home/thomasverwaal/Robust-Rail-NL/mathematical-models/scenarios_solver_types_120/scenario_solver_31_trains_5_units26.json","Cost of next node: Cost = 1,465.7 : 1,511.90 | cr=18, dd=21, da=4, tlv=9, sm=62, rd=108.39, cd=0, um=0","Time elapsed: 11.74 seconds","/home/thomasverwaal/Robust-Rail-NL/mathematical-models/local_search_plans_discreet_120/plan_31_trains_5_units26.json"
"/home/thomasverwaal/Robust-Rail-NL/mathematical-models/scenarios_solver_types_120/scenario_solver_31_trains_5_units26.json","Cost of next node: Cost = 1,430.3 : 1,481.58 | cr=18, dd=20, da=4, tlv=10, sm=62, rd=104.52, cd=0, um=0","Time elapsed: 11.95 seconds","/home/thomasverwaal/Robust-Rail-NL/mathematical-models/local_search_plans_discreet_120/plan_31_trains_5_units26.json"
"/home/thomasverwaal/Robust-Rail-NL/mathematical-models/scenarios_solver_types_120/scenario_solver_31_trains_5_units26.json","Cost of next node: Cost = 1,138.1 : 1,194.34 | cr=20, dd=14, da=3, tlv=11, sm=62, rd=94.84, cd=0, um=0","Time elapsed: 12.27 seconds","/home/thomasverwaal/Robust-Rail-NL/mathematical-models/local_search_plans_discreet_120/plan_31_trains_5_units26.json"
"/home/thomasverwaal/Robust-Rail-NL/mathematical-models/scenarios_solver_types_120/scenario_solver_31_trains_5_units26.json","Cost of next node: Cost = 1,085.2 : 1,141.44 | cr=20, dd=13, da=3, tlv=11, sm=62, rd=94.84, cd=0, um=0","Time elapsed: 12.33 seconds","/home/thomasverwaal/Robust-Rail-NL/mathematical-models/local_search_plans_discreet_120/plan_31_trains_5_units26.json"
"/home/thomasverwaal/Robust-Rail-NL/mathematical-models/scenarios_solver_types_120/scenario_solver_31_trains_5_units26.json","Cost of next node: Cost = 1,001.0 : 1,062.19 | cr=20, dd=11, da=3, tlv=12, sm=62, rd=92.90, cd=0, um=0","Time elapsed: 12.43 seconds","/home/thomasverwaal/Robust-Rail-NL/mathematical-models/local_search_plans_discreet_120/plan_31_trains_5_units26.json"
"/home/thomasverwaal/Robust-Rail-NL/mathematical-models/scenarios_solver_types_120/scenario_solver_31_trains_5_units26.json","Cost of next node: Cost = 976.0 : 1,032.19 | cr=19, dd=11, da=3, tlv=11, sm=62, rd=94.84, cd=0, um=0","Time elapsed: 12.50 seconds","/home/thomasverwaal/Robust-Rail-NL/mathematical-models/local_search_plans_discreet_120/plan_31_trains_5_units26.json"
"/home/thomasverwaal/Robust-Rail-NL/mathematical-models/scenarios_solver_types_120/scenario_solver_31_trains_5_units26.json","Cost of next node: Cost = 797.2 : 858.44 | cr=17, dd=8, da=2, tlv=12, sm=62, rd=89.03, cd=0, um=0","Time elapsed: 12.86 seconds","/home/thomasverwaal/Robust-Rail-NL/mathematical-models/local_search_plans_discreet_120/plan_31_trains_5_units26.json"
"/home/thomasverwaal/Robust-Rail-NL/mathematical-models/scenarios_solver_types_120/scenario_solver_31_trains_5_units26.json","Cost of next node: Cost = 742.3 : 808.52 | cr=17, dd=7, da=1, tlv=13, sm=62, rd=87.10, cd=0, um=0","Time elapsed: 12.94 seconds","/home/thomasverwaal/Robust-Rail-NL/mathematical-models/local_search_plans_discreet_120/plan_31_trains_5_units26.json"
"/home/thomasverwaal/Robust-Rail-NL/mathematical-models/scenarios_solver_types_120/scenario_solver_31_trains_5_units26.json","Cost of next node: Cost = 625.5 : 696.74 | cr=16, dd=5, da=0, tlv=14, sm=62, rd=83.23, cd=0, um=0","Time elapsed: 13.41 seconds","/home/thomasverwaal/Robust-Rail-NL/mathematical-models/local_search_plans_discreet_120/plan_31_trains_5_units26.json"
"/home/thomasverwaal/Robust-Rail-NL/mathematical-models/scenarios_solver_types_120/scenario_solver_31_trains_5_units26.json","Cost of next node: Cost = 600.5 : 666.74 | cr=15, dd=5, da=0, tlv=13, sm=62, rd=85.16, cd=0, um=0","Time elapsed: 13.61 seconds","/home/thomasverwaal/Robust-Rail-NL/mathematical-models/local_search_plans_discreet_120/plan_31_trains_5_units26.json"
"/home/thomasverwaal/Robust-Rail-NL/mathematical-models/scenarios_solver_types_120/scenario_solver_31_trains_5_units26.json","Cost of next node: Cost = 370.0 : 441.24 | cr=16, dd=0, da=0, tlv=14, sm=62, rd=77.42, cd=0, um=0","Time elapsed: 13.86 seconds","/home/thomasverwaal/Robust-Rail-NL/mathematical-models/local_search_plans_discreet_120/plan_31_trains_5_units26.json"
"/home/thomasverwaal/Robust-Rail-NL/mathematical-models/scenarios_solver_types_120/scenario_solver_31_trains_5_units26.json","Cost of next node: Cost = 350.0 : 421.24 | cr=14, dd=0, da=0, tlv=14, sm=62, rd=77.42, cd=0, um=0","Time elapsed: 16.19 seconds","/home/thomasverwaal/Robust-Rail-NL/mathematical-models/local_search_plans_discreet_120/plan_31_trains_5_units26.json"
"/home/thomasverwaal/Robust-Rail-NL/mathematical-models/scenarios_solver_types_120/scenario_solver_31_trains_5_units26.json","Cost of next node: Cost = 335.0 : 401.26 | cr=14, dd=0, da=0, tlv=13, sm=63, rd=78.10, cd=0, um=0","Time elapsed: 18.31 seconds","/home/thomasverwaal/Robust-Rail-NL/mathematical-models/local_search_plans_discreet_120/plan_31_trains_5_units26.json"
"/home/thomasverwaal/Robust-Rail-NL/mathematical-models/scenarios_solver_types_120/scenario_solver_31_trains_5_units26.json","Cost of next node: Cost = 325.0 : 391.26 | cr=13, dd=0, da=0, tlv=13, sm=63, rd=76.19, cd=0, um=0","Time elapsed: 20.72 seconds","/home/thomasverwaal/Robust-Rail-NL/mathematical-models/local_search_plans_discreet_120/plan_31_trains_5_units26.json"
"/home/thomasverwaal/Robust-Rail-NL/mathematical-models/scenarios_solver_types_120/scenario_solver_31_trains_5_units26.json","Cost of next node: Cost = 315.0 : 381.26 | cr=12, dd=0, da=0, tlv=13, sm=63, rd=76.19, cd=0, um=0","Time elapsed: 22.82 seconds","/home/thomasverwaal/Robust-Rail-NL/mathematical-models/local_search_plans_discreet_120/plan_31_trains_5_units26.json"
"/home/thomasverwaal/Robust-Rail-NL/mathematical-models/scenarios_solver_types_120/scenario_solver_31_trains_5_units26.json","Cost of next node: Cost = 305.0 : 371.26 | cr=11, dd=0, da=0, tlv=13, sm=63, rd=76.19, cd=0, um=0","Time elapsed: 24.56 seconds","/home/thomasverwaal/Robust-Rail-NL/mathematical-models/local_search_plans_discreet_120/plan_31_trains_5_units26.json"
"/home/thomasverwaal/Robust-Rail-NL/mathematical-models/scenarios_solver_types_120/scenario_solver_31_trains_5_units26.json","Cost of next node: Cost = 295.0 : 361.26 | cr=10, dd=0, da=0, tlv=13, sm=63, rd=76.19, cd=0, um=0","Time elapsed: 26.04 seconds","/home/thomasverwaal/Robust-Rail-NL/mathematical-models/local_search_plans_discreet_120/plan_31_trains_5_units26.json"
"/home/thomasverwaal/Robust-Rail-NL/mathematical-models/scenarios_solver_types_120/scenario_solver_31_trains_5_units26.json","Cost of next node: Cost = 285.0 : 351.26 | cr=9, dd=0, da=0, tlv=13, sm=63, rd=76.19, cd=0, um=0","Time elapsed: 27.61 seconds","/home/thomasverwaal/Robust-Rail-NL/mathematical-models/local_search_plans_discreet_120/plan_31_trains_5_units26.json"
"/home/thomasverwaal/Robust-Rail-NL/mathematical-models/scenarios_solver_types_120/scenario_solver_31_trains_5_units26.json","Cost of next node: Cost = 265.0 : 331.26 | cr=7, dd=0, da=0, tlv=13, sm=63, rd=76.19, cd=0, um=0","Time elapsed: 28.76 seconds","/home/thomasverwaal/Robust-Rail-NL/mathematical-models/local_search_plans_discreet_120/plan_31_trains_5_units26.json"
"/home/thomasverwaal/Robust-Rail-NL/mathematical-models/scenarios_solver_types_120/scenario_solver_31_trains_5_units26.json","Cost of next node: Cost = 245.0 : 311.26 | cr=5, dd=0, da=0, tlv=13, sm=63, rd=76.19, cd=0, um=0","Time elapsed: 32.15 seconds","/home/thomasverwaal/Robust-Rail-NL/mathematical-models/local_search_plans_discreet_120/plan_31_trains_5_units26.json"
"/home/thomasverwaal/Robust-Rail-NL/mathematical-models/scenarios_solver_types_120/scenario_solver_31_trains_5_units26.json","Cost of next node: Cost = 235.0 : 301.26 | cr=4, dd=0, da=0, tlv=13, sm=63, rd=80.00, cd=0, um=0","Time elapsed: 50.15 seconds","/home/thomasverwaal/Robust-Rail-NL/mathematical-models/local_search_plans_discreet_120/plan_31_trains_5_units26.json"
"/home/thomasverwaal/Robust-Rail-NL/mathematical-models/scenarios_solver_types_120/scenario_solver_31_trains_5_units26.json","Cost of next node: Cost = 225.0 : 291.26 | cr=3, dd=0, da=0, tlv=13, sm=63, rd=78.10, cd=0, um=0","Time elapsed: 55.05 seconds","/home/thomasverwaal/Robust-Rail-NL/mathematical-models/local_search_plans_discreet_120/plan_31_trains_5_units26.json"
"/home/thomasverwaal/Robust-Rail-NL/mathematical-models/scenarios_solver_types_120/scenario_solver_31_trains_5_units26.json","Cost of next node: Cost = 215.0 : 281.26 | cr=2, dd=0, da=0, tlv=13, sm=63, rd=78.10, cd=0, um=0","Time elapsed: 66.61 seconds","/home/thomasverwaal/Robust-Rail-NL/mathematical-models/local_search_plans_discreet_120/plan_31_trains_5_units26.json"
"/home/thomasverwaal/Robust-Rail-NL/mathematical-models/scenarios_solver_types_120/scenario_solver_31_trains_5_units26.json","Cost of next node: Cost = 205.0 : 271.26 | cr=1, dd=0, da=0, tlv=13, sm=63, rd=80.00, cd=0, um=0","Time elapsed: 106.09 seconds","/home/thomasverwaal/Robust-Rail-NL/mathematical-models/local_search_plans_discreet_120/plan_31_trains_5_units26.json"
"/home/thomasverwaal/Robust-Rail-NL/mathematical-models/scenarios_solver_types_120/scenario_solver_31_trains_5_units26.json","NO_COST_FOUND","NO_TIME_FOUND","NO_PLAN_CREATED"
"/home/thomasverwaal/Robust-Rail-NL/mathematical-models/scenarios_solver_types_120/scenario_solver_31_trains_5_units27.json","Cost of next node: Cost = 2,699.4 : 2,700.67 | cr=44, dd=31, da=29, tlv=0, sm=62, rd=177.10, cd=0, um=0","Time elapsed: 4.29 seconds","/home/thomasverwaal/Robust-Rail-NL/mathematical-models/local_search_plans_discreet_120/plan_31_trains_5_units27.json"
"/home/thomasverwaal/Robust-Rail-NL/mathematical-models/scenarios_solver_types_120/scenario_solver_31_trains_5_units27.json","Cost of next node: Cost = 2,678.2 : 2,679.39 | cr=41, dd=31, da=29, tlv=0, sm=62, rd=180.97, cd=0, um=0","Time elapsed: 4.33 seconds","/home/thomasverwaal/Robust-Rail-NL/mathematical-models/local_search_plans_discreet_120/plan_31_trains_5_units27.json"
"/home/thomasverwaal/Robust-Rail-NL/mathematical-models/scenarios_solver_types_120/scenario_solver_31_trains_5_units27.json","Cost of next node: Cost = 2,655.7 : 2,656.92 | cr=40, dd=31, da=29, tlv=0, sm=62, rd=177.10, cd=0, um=0","Time elapsed: 4.49 seconds","/home/thomasverwaal/Robust-Rail-NL/mathematical-models/local_search_plans_discreet_120/plan_31_trains_5_units27.json"
"/home/thomasverwaal/Robust-Rail-NL/mathematical-models/scenarios_solver_types_120/scenario_solver_31_trains_5_units27.json","Cost of next node: Cost = 2,520.3 : 2,526.51 | cr=40, dd=31, da=22, tlv=1, sm=62, rd=174.19, cd=0, um=0","Time elapsed: 4.59 seconds","/home/thomasverwaal/Robust-Rail-NL/mathematical-models/local_search_plans_discreet_120/plan_31_trains_5_units27.json"
"/home/thomasverwaal/Robust-Rail-NL/mathematical-models/scenarios_solver_types_120/scenario_solver_31_trains_5_units27.json","Cost of next node: Cost = 2,498.0 : 2,504.26 | cr=38, dd=31, da=22, tlv=1, sm=62, rd=172.26, cd=0, um=0","Time elapsed: 4.70 seconds","/home/thomasverwaal/Robust-Rail-NL/mathematical-models/local_search_plans_discreet_120/plan_31_trains_5_units27.json"
"/home/thomasverwaal/Robust-Rail-NL/mathematical-models/scenarios_solver_types_120/scenario_solver_31_trains_5_units27.json","Cost of next node: Cost = 2,475.4 : 2,481.64 | cr=36, dd=31, da=22, tlv=1, sm=62, rd=172.26, cd=0, um=0","Time elapsed: 4.79 seconds","/home/thomasverwaal/Robust-Rail-NL/mathematical-models/local_search_plans_discreet_120/plan_31_trains_5_units27.json"
"/home/thomasverwaal/Robust-Rail-NL/mathematical-models/scenarios_solver_types_120/scenario_solver_31_trains_5_units27.json","Cost of next node: Cost = 2,340.4 : 2,346.68 | cr=35, dd=31, da=16, tlv=1, sm=62, rd=165.48, cd=0, um=0","Time elapsed: 4.88 seconds","/home/thomasverwaal/Robust-Rail-NL/mathematical-models/local_search_plans_discreet_120/plan_31_trains_5_units27.json"
"/home/thomasverwaal/Robust-Rail-NL/mathematical-models/scenarios_solver_types_120/scenario_solver_31_trains_5_units27.json","Cost of next node: Cost = 2,308.5 : 2,319.79 | cr=34, dd=31, da=14, tlv=2, sm=62, rd=161.61, cd=0, um=0","Time elapsed: 5.00 seconds","/home/thomasverwaal/Robust-Rail-NL/mathematical-models/local_search_plans_discreet_120/plan_31_trains_5_units27.json"
"/home/thomasverwaal/Robust-Rail-NL/mathematical-models/scenarios_solver_types_120/scenario_solver_31_trains_5_units27.json","Cost of next node: Cost = 2,259.5 : 2,275.74 | cr=36, dd=31, da=10, tlv=3, sm=62, rd=153.87, cd=0, um=0","Time elapsed: 5.12 seconds","/home/thomasverwaal/Robust-Rail-NL/mathematical-models/local_search_plans_discreet_120/plan_31_trains_5_units27.json"
"/home/thomasverwaal/Robust-Rail-NL/mathematical-models/scenarios_solver_types_120/scenario_solver_31_trains_5_units27.json","Cost of next node: Cost = 2,237.3 : 2,253.59 | cr=34, dd=31, da=10, tlv=3, sm=62, rd=151.94, cd=0, um=0","Time elapsed: 5.45 seconds","/home/thomasverwaal/Robust-Rail-NL/mathematical-models/local_search_plans_discreet_120/plan_31_trains_5_units27.json"
"/home/thomasverwaal/Robust-Rail-NL/mathematical-models/scenarios_solver_types_120/scenario_solver_31_trains_5_units27.json","Cost of next node: Cost = 2,216.6 : 2,237.80 | cr=31, dd=31, da=10, tlv=4, sm=62, rd=155.81, cd=0, um=0","Time elapsed: 5.69 seconds","/home/thomasverwaal/Robust-Rail-NL/mathematical-models/local_search_plans_discreet_120/plan_31_trains_5_units27.json"
"/home/thomasverwaal/Robust-Rail-NL/mathematical-models/scenarios_solver_types_120/scenario_solver_31_trains_5_units27.json","Cost of next node: Cost = 2,195.2 : 2,216.39 | cr=29, dd=31, da=10, tlv=4, sm=62, rd=153.87, cd=0, um=0","Time elapsed: 5.97 seconds","/home/thomasverwaal/Robust-Rail-NL/mathematical-models/local_search_plans_discreet_120/plan_31_trains_5_units27.json"
"/home/thomasverwaal/Robust-Rail-NL/mathematical-models/scenarios_solver_types_120/scenario_solver_31_trains_5_units27.json","Cost of next node: Cost = 2,167.2 : 2,193.49 | cr=25, dd=31, da=10, tlv=5, sm=62, rd=151.94, cd=0, um=0","Time elapsed: 6.25 seconds","/home/thomasverwaal/Robust-Rail-NL/mathematical-models/local_search_plans_discreet_120/plan_31_trains_5_units27.json"
"/home/thomasverwaal/Robust-Rail-NL/mathematical-models/scenarios_solver_types_120/scenario_solver_31_trains_5_units27.json","Cost of next node: Cost = 2,145.1 : 2,176.32 | cr=24, dd=31, da=10, tlv=6, sm=62, rd=144.19, cd=0, um=0","Time elapsed: 6.48 seconds","/home/thomasverwaal/Robust-Rail-NL/mathematical-models/local_search_plans_discreet_120/plan_31_trains_5_units27.json"
"/home/thomasverwaal/Robust-Rail-NL/mathematical-models/scenarios_solver_types_120/scenario_solver_31_trains_5_units27.json","Cost of next node: Cost = 2,121.1 : 2,147.35 | cr=23, dd=31, da=10, tlv=5, sm=62, rd=146.13, cd=0, um=0","Time elapsed: 6.69 seconds","/home/thomasverwaal/Robust-Rail-NL/mathematical-models/local_search_plans_discreet_120/plan_31_trains_5_units27.json"
"/home/thomasverwaal/Robust-Rail-NL/mathematical-models/scenarios_solver_types_120/scenario_solver_31_trains_5_units27.json","Cost of next node: Cost = 2,100.3 : 2,126.51 | cr=23, dd=31, da=9, tlv=5, sm=62, rd=142.26, cd=0, um=0","Time elapsed: 7.19 seconds","/home/thomasverwaal/Robust-Rail-NL/mathematical-models/local_search_plans_discreet_120/plan_31_trains_5_units27.json"
"/home/thomasverwaal/Robust-Rail-NL/mathematical-models/scenarios_solver_types_120/scenario_solver_31_trains_5_units27.json","Cost of next node: Cost = 2,079.8 : 2,111.05 | cr=16, dd=31, da=9, tlv=6, sm=62, rd=154.84, cd=0, um=0","Time elapsed: 7.62 seconds","/home/thomasverwaal/Robust-Rail-NL/mathematical-models/local_search_plans_discreet_120/plan_31_trains_5_units27.json"
"/home/thomasverwaal/Robust-Rail-NL/mathematical-models/scenarios_solver_types_120/scenario_solver_31_trains_5_units27.json","Cost of next node: Cost = 2,053.1 : 2,089.29 | cr=15, dd=31, da=8, tlv=7, sm=62, rd=147.10, cd=0, um=0","Time elapsed: 8.15 seconds","/home/thomasverwaal/Robust-Rail-NL/mathematical-models/local_search_plans_discreet_120/plan_31_trains_5_units27.json"
"/home/thomasverwaal/Robust-Rail-NL/mathematical-models/scenarios_solver_types_120/scenario_solver_31_trains_5_units27.json","Cost of next node: Cost = 2,017.2 : 2,058.42 | cr=14, dd=31, da=7, tlv=8, sm=62, rd=141.29, cd=0, um=0","Time elapsed: 8.65 seconds","/home/thomasverwaal/Robust-Rail-NL/mathematical-models/local_search_plans_discreet_120/plan_31_trains_5_units27.json"
"/home/thomasverwaal/Robust-Rail-NL/mathematical-models/scenarios_solver_types_120/scenario_solver_31_trains_5_units27.json","Cost of next node: Cost = 1,986.2 : 2,032.47 | cr=13, dd=31, da=6, tlv=9, sm=62, rd=133.55, cd=0, um=0","Time elapsed: 9.23 seconds","/home/thomasverwaal/Robust-Rail-NL/mathematical-models/local_search_plans_discreet_120/plan_31_trains_5_units27.json"
"/home/thomasverwaal/Robust-Rail-NL/mathematical-models/scenarios_solver_types_120/scenario_solver_31_trains_5_units27.json","Cost of next node: Cost = 1,961.1 : 2,012.33 | cr=15, dd=31, da=4, tlv=10, sm=62, rd=125.81, cd=0, um=0","Time elapsed: 9.66 seconds","/home/thomasverwaal/Robust-Rail-NL/mathematical-models/local_search_plans_discreet_120/plan_31_trains_5_units27.json"
"/home/thomasverwaal/Robust-Rail-NL/mathematical-models/scenarios_solver_types_120/scenario_solver_31_trains_5_units27.json","Cost of next node: Cost = 1,875.9 : 1,927.10 | cr=17, dd=29, da=4, tlv=10, sm=62, rd=119.03, cd=0, um=0","Time elapsed: 9.76 seconds","/home/thomasverwaal/Robust-Rail-NL/mathematical-models/local_search_plans_discreet_120/plan_31_trains_5_units27.json"
"/home/thomasverwaal/Robust-Rail-NL/mathematical-models/scenarios_solver_types_120/scenario_solver_31_trains_5_units27.json","Cost of next node: Cost = 1,826.7 : 1,877.94 | cr=17, dd=28, da=4, tlv=10, sm=62, rd=118.06, cd=0, um=0","Time elapsed: 9.92 seconds","/home/thomasverwaal/Robust-Rail-NL/mathematical-models/local_search_plans_discreet_120/plan_31_trains_5_units27.json"
"/home/thomasverwaal/Robust-Rail-NL/mathematical-models/scenarios_solver_types_120/scenario_solver_31_trains_5_units27.json","Cost of next node: Cost = 1,737.0 : 1,788.25 | cr=18, dd=26, da=4, tlv=10, sm=62, rd=118.06, cd=0, um=0","Time elapsed: 9.99 seconds","/home/thomasverwaal/Robust-Rail-NL/mathematical-models/local_search_plans_discreet_120/plan_31_trains_5_units27.json"
"/home/thomasverwaal/Robust-Rail-NL/mathematical-models/scenarios_solver_types_120/scenario_solver_31_trains_5_units27.json","Cost of next node: Cost = 1,636.8 : 1,688.00 | cr=18, dd=24, da=4, tlv=10, sm=62, rd=118.06, cd=0, um=0","Time elapsed: 10.10 seconds","/home/thomasverwaal/Robust-Rail-NL/mathematical-models/local_search_plans_discreet_120/plan_31_trains_5_units27.json"
"/home/thomasverwaal/Robust-Rail-NL/mathematical-models/scenarios_solver_types_120/scenario_solver_31_trains_5_units27.json","Cost of next node: Cost = 1,563.2 : 1,619.41 | cr=19, dd=22, da=4, tlv=11, sm=62, rd=114.19, cd=0, um=0","Time elapsed: 10.27 seconds","/home/thomasverwaal/Robust-Rail-NL/mathematical-models/local_search_plans_discreet_120/plan_31_trains_5_units27.json"
"/home/thomasverwaal/Robust-Rail-NL/mathematical-models/scenarios_solver_types_120/scenario_solver_31_trains_5_units27.json","Cost of next node: Cost = 1,528.3 : 1,589.53 | cr=19, dd=21, da=4, tlv=12, sm=62, rd=112.26, cd=0, um=0","Time elapsed: 10.56 seconds","/home/thomasverwaal/Robust-Rail-NL/mathematical-models/local_search_plans_discreet_120/plan_31_trains_5_units27.json"
"/home/thomasverwaal/Robust-Rail-NL/mathematical-models/scenarios_solver_types_120/scenario_solver_31_trains_5_units27.json","Cost of next node: Cost = 1,503.3 : 1,559.53 | cr=18, dd=21, da=4, tlv=11, sm=62, rd=110.32, cd=0, um=0","Time elapsed: 10.75 seconds","/home/thomasverwaal/Robust-Rail-NL/mathematical-models/local_search_plans_discreet_120/plan_31_trains_5_units27.json"
"/home/thomasverwaal/Robust-Rail-NL/mathematical-models/scenarios_solver_types_120/scenario_solver_31_trains_5_units27.json","Cost of next node: Cost = 1,465.9 : 1,527.18 | cr=20, dd=20, da=3, tlv=12, sm=62, rd=106.45, cd=0, um=0","Time elapsed: 10.98 seconds","/home/thomasverwaal/Robust-Rail-NL/mathematical-models/local_search_plans_discreet_120/plan_31_trains_5_units27.json"
"/home/thomasverwaal/Robust-Rail-NL/mathematical-models/scenarios_solver_types_120/scenario_solver_31_trains_5_units27.json","Cost of next node: Cost = 1,430.9 : 1,492.18 | cr=16, dd=20, da=3, tlv=12, sm=62, rd=113.23, cd=0, um=0","Time elapsed: 11.18 seconds","/home/thomasverwaal/Robust-Rail-NL/mathematical-models/local_search_plans_discreet_120/plan_31_trains_5_units27.json"
"/home/thomasverwaal/Robust-Rail-NL/mathematical-models/scenarios_solver_types_120/scenario_solver_31_trains_5_units27.json","Cost of next node: Cost = 1,184.7 : 1,250.93 | cr=18, dd=15, da=2, tlv=13, sm=62, rd=103.55, cd=0, um=0","Time elapsed: 11.43 seconds","/home/thomasverwaal/Robust-Rail-NL/mathematical-models/local_search_plans_discreet_120/plan_31_trains_5_units27.json"
"/home/thomasverwaal/Robust-Rail-NL/mathematical-models/scenarios_solver_types_120/scenario_solver_31_trains_5_units27.json","Cost of next node: Cost = 1,154.7 : 1,220.93 | cr=15, dd=15, da=2, tlv=13, sm=62, rd=103.55, cd=0, um=0","Time elapsed: 11.52 seconds","/home/thomasverwaal/Robust-Rail-NL/mathematical-models/local_search_plans_discreet_120/plan_31_trains_5_units27.json"
"/home/thomasverwaal/Robust-Rail-NL/mathematical-models/scenarios_solver_types_120/scenario_solver_31_trains_5_units27.json","Cost of next node: Cost = 1,099.9 : 1,166.19 | cr=16, dd=13, da=4, tlv=13, sm=62, rd=97.74, cd=0, um=0","Time elapsed: 11.75 seconds","/home/thomasverwaal/Robust-Rail-NL/mathematical-models/local_search_plans_discreet_120/plan_31_trains_5_units27.json"
"/home/thomasverwaal/Robust-Rail-NL/mathematical-models/scenarios_solver_types_120/scenario_solver_31_trains_5_units27.json","Cost of next node: Cost = 1,060.4 : 1,126.68 | cr=17, dd=12, da=4, tlv=13, sm=62, rd=97.74, cd=0, um=0","Time elapsed: 11.95 seconds","/home/thomasverwaal/Robust-Rail-NL/mathematical-models/local_search_plans_discreet_120/plan_31_trains_5_units27.json"
"/home/thomasverwaal/Robust-Rail-NL/mathematical-models/scenarios_solver_types_120/scenario_solver_31_trains_5_units27.json","Cost of next node: Cost = 986.5 : 1,057.74 | cr=17, dd=11, da=2, tlv=14, sm=62, rd=90.97, cd=0, um=0","Time elapsed: 12.10 seconds","/home/thomasverwaal/Robust-Rail-NL/mathematical-models/local_search_plans_discreet_120/plan_31_trains_5_units27.json"
"/home/thomasverwaal/Robust-Rail-NL/mathematical-models/scenarios_solver_types_120/scenario_solver_31_trains_5_units27.json","Cost of next node: Cost = 951.6 : 1,027.88 | cr=17, dd=10, da=2, tlv=15, sm=62, rd=89.03, cd=0, um=0","Time elapsed: 12.46 seconds","/home/thomasverwaal/Robust-Rail-NL/mathematical-models/local_search_plans_discreet_120/plan_31_trains_5_units27.json"
"/home/thomasverwaal/Robust-Rail-NL/mathematical-models/scenarios_solver_types_120/scenario_solver_31_trains_5_units27.json","Cost of next node: Cost = 758.0 : 839.27 | cr=14, dd=7, da=1, tlv=16, sm=62, rd=83.23, cd=0, um=0","Time elapsed: 12.87 seconds","/home/thomasverwaal/Robust-Rail-NL/mathematical-models/local_search_plans_discreet_120/plan_31_trains_5_units27.json"
"/home/thomasverwaal/Robust-Rail-NL/mathematical-models/scenarios_solver_types_120/scenario_solver_31_trains_5_units27.json","Cost of next node: Cost = 733.0 : 809.27 | cr=13, dd=7, da=1, tlv=15, sm=62, rd=83.23, cd=0, um=0","Time elapsed: 13.12 seconds","/home/thomasverwaal/Robust-Rail-NL/mathematical-models/local_search_plans_discreet_120/plan_31_trains_5_units27.json"
"/home/thomasverwaal/Robust-Rail-NL/mathematical-models/scenarios_solver_types_120/scenario_solver_31_trains_5_units27.json","Cost of next node: Cost = 676.5 : 757.74 | cr=18, dd=5, da=0, tlv=16, sm=62, rd=79.35, cd=0, um=0","Time elapsed: 13.36 seconds","/home/thomasverwaal/Robust-Rail-NL/mathematical-models/local_search_plans_discreet_120/plan_31_trains_5_units27.json"
"/home/thomasverwaal/Robust-Rail-NL/mathematical-models/scenarios_solver_types_120/scenario_solver_31_trains_5_units27.json","Cost of next node: Cost = 643.4 : 729.64 | cr=18, dd=4, da=0, tlv=17, sm=62, rd=78.39, cd=0, um=0","Time elapsed: 13.79 seconds","/home/thomasverwaal/Robust-Rail-NL/mathematical-models/local_search_plans_discreet_120/plan_31_trains_5_units27.json"
"/home/thomasverwaal/Robust-Rail-NL/mathematical-models/scenarios_solver_types_120/scenario_solver_31_trains_5_units27.json","Cost of next node: Cost = 425.0 : 511.24 | cr=17, dd=0, da=0, tlv=17, sm=62, rd=71.61, cd=0, um=0","Time elapsed: 13.98 seconds","/home/thomasverwaal/Robust-Rail-NL/mathematical-models/local_search_plans_discreet_120/plan_31_trains_5_units27.json"
"/home/thomasverwaal/Robust-Rail-NL/mathematical-models/scenarios_solver_types_120/scenario_solver_31_trains_5_units27.json","Cost of next node: Cost = 405.0 : 491.24 | cr=15, dd=0, da=0, tlv=17, sm=62, rd=71.61, cd=0, um=0","Time elapsed: 19.54 seconds","/home/thomasverwaal/Robust-Rail-NL/mathematical-models/local_search_plans_discreet_120/plan_31_trains_5_units27.json"
"/home/thomasverwaal/Robust-Rail-NL/mathematical-models/scenarios_solver_types_120/scenario_solver_31_trains_5_units27.json","Cost of next node: Cost = 380.0 : 461.24 | cr=14, dd=0, da=0, tlv=16, sm=62, rd=73.55, cd=0, um=0","Time elapsed: 19.79 seconds","/home/thomasverwaal/Robust-Rail-NL/mathematical-models/local_search_plans_discreet_120/plan_31_trains_5_units27.json"
"/home/thomasverwaal/Robust-Rail-NL/mathematical-models/scenarios_solver_types_120/scenario_solver_31_trains_5_units27.json","Cost of next node: Cost = 365.0 : 441.24 | cr=14, dd=0, da=0, tlv=15, sm=62, rd=75.48, cd=0, um=0","Time elapsed: 24.64 seconds","/home/thomasverwaal/Robust-Rail-NL/mathematical-models/local_search_plans_discreet_120/plan_31_trains_5_units27.json"
"/home/thomasverwaal/Robust-Rail-NL/mathematical-models/scenarios_solver_types_120/scenario_solver_31_trains_5_units27.json","Cost of next node: Cost = 350.0 : 421.24 | cr=14, dd=0, da=0, tlv=14, sm=62, rd=77.42, cd=0, um=0","Time elapsed: 29.74 seconds","/home/thomasverwaal/Robust-Rail-NL/mathematical-models/local_search_plans_discreet_120/plan_31_trains_5_units27.json"
"/home/thomasverwaal/Robust-Rail-NL/mathematical-models/scenarios_solver_types_120/scenario_solver_31_trains_5_units27.json","Cost of next node: Cost = 335.0 : 401.24 | cr=14, dd=0, da=0, tlv=13, sm=62, rd=79.35, cd=0, um=0","Time elapsed: 34.18 seconds","/home/thomasverwaal/Robust-Rail-NL/mathematical-models/local_search_plans_discreet_120/plan_31_trains_5_units27.json"
"/home/thomasverwaal/Robust-Rail-NL/mathematical-models/scenarios_solver_types_120/scenario_solver_31_trains_5_units27.json","Cost of next node: Cost = 320.0 : 381.24 | cr=14, dd=0, da=0, tlv=12, sm=62, rd=81.29, cd=0, um=0","Time elapsed: 37.80 seconds","/home/thomasverwaal/Robust-Rail-NL/mathematical-models/local_search_plans_discreet_120/plan_31_trains_5_units27.json"
"/home/thomasverwaal/Robust-Rail-NL/mathematical-models/scenarios_solver_types_120/scenario_solver_31_trains_5_units27.json","Cost of next node: Cost = 310.0 : 371.24 | cr=13, dd=0, da=0, tlv=12, sm=62, rd=81.29, cd=0, um=0","Time elapsed: 41.14 seconds","/home/thomasverwaal/Robust-Rail-NL/mathematical-models/local_search_plans_discreet_120/plan_31_trains_5_units27.json"
"/home/thomasverwaal/Robust-Rail-NL/mathematical-models/scenarios_solver_types_120/scenario_solver_31_trains_5_units27.json","Cost of next node: Cost = 300.0 : 361.24 | cr=12, dd=0, da=0, tlv=12, sm=62, rd=81.29, cd=0, um=0","Time elapsed: 44.15 seconds","/home/thomasverwaal/Robust-Rail-NL/mathematical-models/local_search_plans_discreet_120/plan_31_trains_5_units27.json"
"/home/thomasverwaal/Robust-Rail-NL/mathematical-models/scenarios_solver_types_120/scenario_solver_31_trains_5_units27.json","Cost of next node: Cost = 290.0 : 351.24 | cr=11, dd=0, da=0, tlv=12, sm=62, rd=81.29, cd=0, um=0","Time elapsed: 46.91 seconds","/home/thomasverwaal/Robust-Rail-NL/mathematical-models/local_search_plans_discreet_120/plan_31_trains_5_units27.json"
"/home/thomasverwaal/Robust-Rail-NL/mathematical-models/scenarios_solver_types_120/scenario_solver_31_trains_5_units27.json","Cost of next node: Cost = 280.0 : 341.24 | cr=10, dd=0, da=0, tlv=12, sm=62, rd=81.29, cd=0, um=0","Time elapsed: 49.09 seconds","/home/thomasverwaal/Robust-Rail-NL/mathematical-models/local_search_plans_discreet_120/plan_31_trains_5_units27.json"
"/home/thomasverwaal/Robust-Rail-NL/mathematical-models/scenarios_solver_types_120/scenario_solver_31_trains_5_units27.json","Cost of next node: Cost = 270.0 : 331.24 | cr=9, dd=0, da=0, tlv=12, sm=62, rd=81.29, cd=0, um=0","Time elapsed: 51.20 seconds","/home/thomasverwaal/Robust-Rail-NL/mathematical-models/local_search_plans_discreet_120/plan_31_trains_5_units27.json"
"/home/thomasverwaal/Robust-Rail-NL/mathematical-models/scenarios_solver_types_120/scenario_solver_31_trains_5_units27.json","Cost of next node: Cost = 260.0 : 321.24 | cr=8, dd=0, da=0, tlv=12, sm=62, rd=81.29, cd=0, um=0","Time elapsed: 53.24 seconds","/home/thomasverwaal/Robust-Rail-NL/mathematical-models/local_search_plans_discreet_120/plan_31_trains_5_units27.json"
"/home/thomasverwaal/Robust-Rail-NL/mathematical-models/scenarios_solver_types_120/scenario_solver_31_trains_5_units27.json","Cost of next node: Cost = 250.0 : 311.24 | cr=7, dd=0, da=0, tlv=12, sm=62, rd=81.29, cd=0, um=0","Time elapsed: 55.06 seconds","/home/thomasverwaal/Robust-Rail-NL/mathematical-models/local_search_plans_discreet_120/plan_31_trains_5_units27.json"
"/home/thomasverwaal/Robust-Rail-NL/mathematical-models/scenarios_solver_types_120/scenario_solver_31_trains_5_units27.json","Cost of next node: Cost = 240.0 : 301.24 | cr=6, dd=0, da=0, tlv=12, sm=62, rd=81.29, cd=0, um=0","Time elapsed: 56.44 seconds","/home/thomasverwaal/Robust-Rail-NL/mathematical-models/local_search_plans_discreet_120/plan_31_trains_5_units27.json"
"/home/thomasverwaal/Robust-Rail-NL/mathematical-models/scenarios_solver_types_120/scenario_solver_31_trains_5_units27.json","Cost of next node: Cost = 230.0 : 291.24 | cr=5, dd=0, da=0, tlv=12, sm=62, rd=81.29, cd=0, um=0","Time elapsed: 57.75 seconds","/home/thomasverwaal/Robust-Rail-NL/mathematical-models/local_search_plans_discreet_120/plan_31_trains_5_units27.json"
"/home/thomasverwaal/Robust-Rail-NL/mathematical-models/scenarios_solver_types_120/scenario_solver_31_trains_5_units27.json","Cost of next node: Cost = 220.0 : 281.24 | cr=4, dd=0, da=0, tlv=12, sm=62, rd=81.29, cd=0, um=0","Time elapsed: 58.76 seconds","/home/thomasverwaal/Robust-Rail-NL/mathematical-models/local_search_plans_discreet_120/plan_31_trains_5_units27.json"
"/home/thomasverwaal/Robust-Rail-NL/mathematical-models/scenarios_solver_types_120/scenario_solver_31_trains_5_units27.json","Cost of next node: Cost = 210.0 : 271.24 | cr=3, dd=0, da=0, tlv=12, sm=62, rd=81.29, cd=0, um=0","Time elapsed: 59.62 seconds","/home/thomasverwaal/Robust-Rail-NL/mathematical-models/local_search_plans_discreet_120/plan_31_trains_5_units27.json"
"/home/thomasverwaal/Robust-Rail-NL/mathematical-models/scenarios_solver_types_120/scenario_solver_31_trains_5_units27.json","Cost of next node: Cost = 200.0 : 261.24 | cr=2, dd=0, da=0, tlv=12, sm=62, rd=83.23, cd=0, um=0","Time elapsed: 75.24 seconds","/home/thomasverwaal/Robust-Rail-NL/mathematical-models/local_search_plans_discreet_120/plan_31_trains_5_units27.json"
"/home/thomasverwaal/Robust-Rail-NL/mathematical-models/scenarios_solver_types_120/scenario_solver_31_trains_5_units27.json","Cost of next node: Cost = 190.0 : 251.24 | cr=1, dd=0, da=0, tlv=12, sm=62, rd=83.23, cd=0, um=0","Time elapsed: 76.35 seconds","/home/thomasverwaal/Robust-Rail-NL/mathematical-models/local_search_plans_discreet_120/plan_31_trains_5_units27.json"
"/home/thomasverwaal/Robust-Rail-NL/mathematical-models/scenarios_solver_types_120/scenario_solver_31_trains_5_units27.json","NO_COST_FOUND","NO_TIME_FOUND","NO_PLAN_CREATED"
