scenario,cost_line,time_line,plan_file
"/home/thomasverwaal/Robust-Rail-NL/mathematical-models/scenarios_solver_types_120/scenario_solver_30_trains_30_units5.json","Cost of next node: Cost = 2,591.2 : 2,597.39 | cr=38, dd=30, da=26, tlv=1, sm=60, rd=187.00, cd=0, um=0","Time elapsed: 2.43 seconds","/home/thomasverwaal/Robust-Rail-NL/mathematical-models/local_search_plans_discreet_120/plan_30_trains_30_units5.json"
"/home/thomasverwaal/Robust-Rail-NL/mathematical-models/scenarios_solver_types_120/scenario_solver_30_trains_30_units5.json","Cost of next node: Cost = 2,568.7 : 2,579.91 | cr=36, dd=30, da=26, tlv=2, sm=60, rd=183.00, cd=0, um=0","Time elapsed: 2.55 seconds","/home/thomasverwaal/Robust-Rail-NL/mathematical-models/local_search_plans_discreet_120/plan_30_trains_30_units5.json"
"/home/thomasverwaal/Robust-Rail-NL/mathematical-models/scenarios_solver_types_120/scenario_solver_30_trains_30_units5.json","Cost of next node: Cost = 2,537.3 : 2,553.51 | cr=32, dd=30, da=25, tlv=3, sm=60, rd=184.00, cd=0, um=0","Time elapsed: 2.64 seconds","/home/thomasverwaal/Robust-Rail-NL/mathematical-models/local_search_plans_discreet_120/plan_30_trains_30_units5.json"
"/home/thomasverwaal/Robust-Rail-NL/mathematical-models/scenarios_solver_types_120/scenario_solver_30_trains_30_units5.json","Cost of next node: Cost = 2,498.3 : 2,519.53 | cr=40, dd=30, da=21, tlv=4, sm=60, rd=165.00, cd=0, um=0","Time elapsed: 2.77 seconds","/home/thomasverwaal/Robust-Rail-NL/mathematical-models/local_search_plans_discreet_120/plan_30_trains_30_units5.json"
"/home/thomasverwaal/Robust-Rail-NL/mathematical-models/scenarios_solver_types_120/scenario_solver_30_trains_30_units5.json","Cost of next node: Cost = 2,476.8 : 2,503.00 | cr=34, dd=30, da=21, tlv=5, sm=60, rd=176.00, cd=0, um=0","Time elapsed: 2.92 seconds","/home/thomasverwaal/Robust-Rail-NL/mathematical-models/local_search_plans_discreet_120/plan_30_trains_30_units5.json"
"/home/thomasverwaal/Robust-Rail-NL/mathematical-models/scenarios_solver_types_120/scenario_solver_30_trains_30_units5.json","Cost of next node: Cost = 2,433.9 : 2,460.12 | cr=34, dd=30, da=19, tlv=5, sm=60, rd=174.00, cd=0, um=0","Time elapsed: 3.10 seconds","/home/thomasverwaal/Robust-Rail-NL/mathematical-models/local_search_plans_discreet_120/plan_30_trains_30_units5.json"
"/home/thomasverwaal/Robust-Rail-NL/mathematical-models/scenarios_solver_types_120/scenario_solver_30_trains_30_units5.json","Cost of next node: Cost = 2,403.5 : 2,434.74 | cr=35, dd=30, da=17, tlv=6, sm=60, rd=166.00, cd=0, um=0","Time elapsed: 3.26 seconds","/home/thomasverwaal/Robust-Rail-NL/mathematical-models/local_search_plans_discreet_120/plan_30_trains_30_units5.json"
"/home/thomasverwaal/Robust-Rail-NL/mathematical-models/scenarios_solver_types_120/scenario_solver_30_trains_30_units5.json","Cost of next node: Cost = 2,372.9 : 2,404.13 | cr=38, dd=30, da=16, tlv=6, sm=60, rd=158.00, cd=0, um=0","Time elapsed: 3.36 seconds","/home/thomasverwaal/Robust-Rail-NL/mathematical-models/local_search_plans_discreet_120/plan_30_trains_30_units5.json"
"/home/thomasverwaal/Robust-Rail-NL/mathematical-models/scenarios_solver_types_120/scenario_solver_30_trains_30_units5.json","Cost of next node: Cost = 2,268.6 : 2,294.85 | cr=42, dd=30, da=10, tlv=5, sm=60, rd=150.00, cd=0, um=0","Time elapsed: 3.43 seconds","/home/thomasverwaal/Robust-Rail-NL/mathematical-models/local_search_plans_discreet_120/plan_30_trains_30_units5.json"
"/home/thomasverwaal/Robust-Rail-NL/mathematical-models/scenarios_solver_types_120/scenario_solver_30_trains_30_units5.json","Cost of next node: Cost = 2,246.9 : 2,273.15 | cr=42, dd=30, da=9, tlv=5, sm=60, rd=148.00, cd=0, um=0","Time elapsed: 3.60 seconds","/home/thomasverwaal/Robust-Rail-NL/mathematical-models/local_search_plans_discreet_120/plan_30_trains_30_units5.json"
"/home/thomasverwaal/Robust-Rail-NL/mathematical-models/scenarios_solver_types_120/scenario_solver_30_trains_30_units5.json","Cost of next node: Cost = 2,219.3 : 2,245.54 | cr=40, dd=30, da=9, tlv=5, sm=60, rd=146.00, cd=0, um=0","Time elapsed: 3.75 seconds","/home/thomasverwaal/Robust-Rail-NL/mathematical-models/local_search_plans_discreet_120/plan_30_trains_30_units5.json"
"/home/thomasverwaal/Robust-Rail-NL/mathematical-models/scenarios_solver_types_120/scenario_solver_30_trains_30_units5.json","Cost of next node: Cost = 2,180.8 : 2,211.96 | cr=37, dd=30, da=8, tlv=6, sm=60, rd=142.00, cd=0, um=0","Time elapsed: 3.90 seconds","/home/thomasverwaal/Robust-Rail-NL/mathematical-models/local_search_plans_discreet_120/plan_30_trains_30_units5.json"
"/home/thomasverwaal/Robust-Rail-NL/mathematical-models/scenarios_solver_types_120/scenario_solver_30_trains_30_units5.json","Cost of next node: Cost = 2,153.1 : 2,189.25 | cr=33, dd=30, da=8, tlv=7, sm=60, rd=140.00, cd=0, um=0","Time elapsed: 4.05 seconds","/home/thomasverwaal/Robust-Rail-NL/mathematical-models/local_search_plans_discreet_120/plan_30_trains_30_units5.json"
"/home/thomasverwaal/Robust-Rail-NL/mathematical-models/scenarios_solver_types_120/scenario_solver_30_trains_30_units5.json","Cost of next node: Cost = 2,130.1 : 2,166.35 | cr=31, dd=30, da=8, tlv=7, sm=60, rd=138.00, cd=0, um=0","Time elapsed: 4.35 seconds","/home/thomasverwaal/Robust-Rail-NL/mathematical-models/local_search_plans_discreet_120/plan_30_trains_30_units5.json"
"/home/thomasverwaal/Robust-Rail-NL/mathematical-models/scenarios_solver_types_120/scenario_solver_30_trains_30_units5.json","Cost of next node: Cost = 2,081.2 : 2,122.38 | cr=23, dd=30, da=8, tlv=8, sm=60, rd=144.00, cd=0, um=0","Time elapsed: 4.58 seconds","/home/thomasverwaal/Robust-Rail-NL/mathematical-models/local_search_plans_discreet_120/plan_30_trains_30_units5.json"
"/home/thomasverwaal/Robust-Rail-NL/mathematical-models/scenarios_solver_types_120/scenario_solver_30_trains_30_units5.json","Cost of next node: Cost = 2,043.9 : 2,090.13 | cr=15, dd=30, da=9, tlv=9, sm=60, rd=148.00, cd=0, um=0","Time elapsed: 4.82 seconds","/home/thomasverwaal/Robust-Rail-NL/mathematical-models/local_search_plans_discreet_120/plan_30_trains_30_units5.json"
"/home/thomasverwaal/Robust-Rail-NL/mathematical-models/scenarios_solver_types_120/scenario_solver_30_trains_30_units5.json","Cost of next node: Cost = 1,993.4 : 2,039.61 | cr=15, dd=30, da=7, tlv=9, sm=60, rd=140.00, cd=0, um=0","Time elapsed: 5.16 seconds","/home/thomasverwaal/Robust-Rail-NL/mathematical-models/local_search_plans_discreet_120/plan_30_trains_30_units5.json"
"/home/thomasverwaal/Robust-Rail-NL/mathematical-models/scenarios_solver_types_120/scenario_solver_30_trains_30_units5.json","Cost of next node: Cost = 1,966.3 : 2,007.55 | cr=13, dd=30, da=7, tlv=8, sm=60, rd=146.00, cd=0, um=0","Time elapsed: 5.25 seconds","/home/thomasverwaal/Robust-Rail-NL/mathematical-models/local_search_plans_discreet_120/plan_30_trains_30_units5.json"
"/home/thomasverwaal/Robust-Rail-NL/mathematical-models/scenarios_solver_types_120/scenario_solver_30_trains_30_units5.json","Cost of next node: Cost = 1,944.1 : 1,990.32 | cr=12, dd=30, da=6, tlv=9, sm=60, rd=142.00, cd=0, um=0","Time elapsed: 5.68 seconds","/home/thomasverwaal/Robust-Rail-NL/mathematical-models/local_search_plans_discreet_120/plan_30_trains_30_units5.json"
"/home/thomasverwaal/Robust-Rail-NL/mathematical-models/scenarios_solver_types_120/scenario_solver_30_trains_30_units5.json","Cost of next node: Cost = 1,911.9 : 1,963.07 | cr=12, dd=30, da=5, tlv=10, sm=60, rd=132.00, cd=0, um=0","Time elapsed: 6.13 seconds","/home/thomasverwaal/Robust-Rail-NL/mathematical-models/local_search_plans_discreet_120/plan_30_trains_30_units5.json"
"/home/thomasverwaal/Robust-Rail-NL/mathematical-models/scenarios_solver_types_120/scenario_solver_30_trains_30_units5.json","Cost of next node: Cost = 1,747.4 : 1,803.61 | cr=12, dd=27, da=4, tlv=11, sm=60, rd=126.00, cd=0, um=0","Time elapsed: 6.62 seconds","/home/thomasverwaal/Robust-Rail-NL/mathematical-models/local_search_plans_discreet_120/plan_30_trains_30_units5.json"
"/home/thomasverwaal/Robust-Rail-NL/mathematical-models/scenarios_solver_types_120/scenario_solver_30_trains_30_units5.json","Cost of next node: Cost = 1,713.0 : 1,764.24 | cr=15, dd=26, da=4, tlv=10, sm=60, rd=124.00, cd=0, um=0","Time elapsed: 6.69 seconds","/home/thomasverwaal/Robust-Rail-NL/mathematical-models/local_search_plans_discreet_120/plan_30_trains_30_units5.json"
"/home/thomasverwaal/Robust-Rail-NL/mathematical-models/scenarios_solver_types_120/scenario_solver_30_trains_30_units5.json","Cost of next node: Cost = 1,671.6 : 1,722.80 | cr=17, dd=25, da=4, tlv=10, sm=60, rd=112.00, cd=0, um=0","Time elapsed: 6.85 seconds","/home/thomasverwaal/Robust-Rail-NL/mathematical-models/local_search_plans_discreet_120/plan_30_trains_30_units5.json"
"/home/thomasverwaal/Robust-Rail-NL/mathematical-models/scenarios_solver_types_120/scenario_solver_30_trains_30_units5.json","Cost of next node: Cost = 1,636.2 : 1,692.44 | cr=17, dd=24, da=4, tlv=11, sm=60, rd=110.00, cd=0, um=0","Time elapsed: 6.93 seconds","/home/thomasverwaal/Robust-Rail-NL/mathematical-models/local_search_plans_discreet_120/plan_30_trains_30_units5.json"
"/home/thomasverwaal/Robust-Rail-NL/mathematical-models/scenarios_solver_types_120/scenario_solver_30_trains_30_units5.json","Cost of next node: Cost = 1,607.4 : 1,663.61 | cr=16, dd=24, da=3, tlv=11, sm=60, rd=108.00, cd=0, um=0","Time elapsed: 7.05 seconds","/home/thomasverwaal/Robust-Rail-NL/mathematical-models/local_search_plans_discreet_120/plan_30_trains_30_units5.json"
"/home/thomasverwaal/Robust-Rail-NL/mathematical-models/scenarios_solver_types_120/scenario_solver_30_trains_30_units5.json","Cost of next node: Cost = 1,572.4 : 1,633.60 | cr=16, dd=23, da=3, tlv=12, sm=60, rd=106.00, cd=0, um=0","Time elapsed: 7.22 seconds","/home/thomasverwaal/Robust-Rail-NL/mathematical-models/local_search_plans_discreet_120/plan_30_trains_30_units5.json"
"/home/thomasverwaal/Robust-Rail-NL/mathematical-models/scenarios_solver_types_120/scenario_solver_30_trains_30_units5.json","Cost of next node: Cost = 1,527.4 : 1,593.59 | cr=15, dd=22, da=3, tlv=13, sm=60, rd=104.00, cd=0, um=0","Time elapsed: 7.40 seconds","/home/thomasverwaal/Robust-Rail-NL/mathematical-models/local_search_plans_discreet_120/plan_30_trains_30_units5.json"
"/home/thomasverwaal/Robust-Rail-NL/mathematical-models/scenarios_solver_types_120/scenario_solver_30_trains_30_units5.json","Cost of next node: Cost = 1,472.4 : 1,543.58 | cr=13, dd=21, da=3, tlv=14, sm=60, rd=102.00, cd=0, um=0","Time elapsed: 7.60 seconds","/home/thomasverwaal/Robust-Rail-NL/mathematical-models/local_search_plans_discreet_120/plan_30_trains_30_units5.json"
"/home/thomasverwaal/Robust-Rail-NL/mathematical-models/scenarios_solver_types_120/scenario_solver_30_trains_30_units5.json","Cost of next node: Cost = 1,274.3 : 1,350.47 | cr=14, dd=17, da=2, tlv=15, sm=60, rd=96.00, cd=0, um=0","Time elapsed: 7.77 seconds","/home/thomasverwaal/Robust-Rail-NL/mathematical-models/local_search_plans_discreet_120/plan_30_trains_30_units5.json"
"/home/thomasverwaal/Robust-Rail-NL/mathematical-models/scenarios_solver_types_120/scenario_solver_30_trains_30_units5.json","Cost of next node: Cost = 842.6 : 923.80 | cr=12, dd=9, da=1, tlv=16, sm=60, rd=86.00, cd=0, um=0","Time elapsed: 8.04 seconds","/home/thomasverwaal/Robust-Rail-NL/mathematical-models/local_search_plans_discreet_120/plan_30_trains_30_units5.json"
"/home/thomasverwaal/Robust-Rail-NL/mathematical-models/scenarios_solver_types_120/scenario_solver_30_trains_30_units5.json","Cost of next node: Cost = 554.0 : 640.20 | cr=14, dd=3, da=0, tlv=17, sm=60, rd=78.00, cd=0, um=0","Time elapsed: 8.27 seconds","/home/thomasverwaal/Robust-Rail-NL/mathematical-models/local_search_plans_discreet_120/plan_30_trains_30_units5.json"
"/home/thomasverwaal/Robust-Rail-NL/mathematical-models/scenarios_solver_types_120/scenario_solver_30_trains_30_units5.json","Cost of next node: Cost = 529.0 : 610.20 | cr=13, dd=3, da=0, tlv=16, sm=60, rd=80.00, cd=0, um=0","Time elapsed: 8.58 seconds","/home/thomasverwaal/Robust-Rail-NL/mathematical-models/local_search_plans_discreet_120/plan_30_trains_30_units5.json"
"/home/thomasverwaal/Robust-Rail-NL/mathematical-models/scenarios_solver_types_120/scenario_solver_30_trains_30_units5.json","Cost of next node: Cost = 504.0 : 590.20 | cr=14, dd=2, da=0, tlv=17, sm=60, rd=73.00, cd=0, um=0","Time elapsed: 8.90 seconds","/home/thomasverwaal/Robust-Rail-NL/mathematical-models/local_search_plans_discreet_120/plan_30_trains_30_units5.json"
"/home/thomasverwaal/Robust-Rail-NL/mathematical-models/scenarios_solver_types_120/scenario_solver_30_trains_30_units5.json","Cost of next node: Cost = 479.0 : 560.20 | cr=13, dd=2, da=0, tlv=16, sm=60, rd=75.00, cd=0, um=0","Time elapsed: 9.08 seconds","/home/thomasverwaal/Robust-Rail-NL/mathematical-models/local_search_plans_discreet_120/plan_30_trains_30_units5.json"
"/home/thomasverwaal/Robust-Rail-NL/mathematical-models/scenarios_solver_types_120/scenario_solver_30_trains_30_units5.json","Cost of next node: Cost = 439.5 : 525.72 | cr=13, dd=1, da=0, tlv=17, sm=61, rd=72.79, cd=0, um=0","Time elapsed: 11.12 seconds","/home/thomasverwaal/Robust-Rail-NL/mathematical-models/local_search_plans_discreet_120/plan_30_trains_30_units5.json"
"/home/thomasverwaal/Robust-Rail-NL/mathematical-models/scenarios_solver_types_120/scenario_solver_30_trains_30_units5.json","Cost of next node: Cost = 370.0 : 451.20 | cr=13, dd=0, da=0, tlv=16, sm=60, rd=72.00, cd=0, um=0","Time elapsed: 11.35 seconds","/home/thomasverwaal/Robust-Rail-NL/mathematical-models/local_search_plans_discreet_120/plan_30_trains_30_units5.json"
"/home/thomasverwaal/Robust-Rail-NL/mathematical-models/scenarios_solver_types_120/scenario_solver_30_trains_30_units5.json","Cost of next node: Cost = 350.0 : 431.22 | cr=11, dd=0, da=0, tlv=16, sm=61, rd=74.75, cd=0, um=0","Time elapsed: 14.64 seconds","/home/thomasverwaal/Robust-Rail-NL/mathematical-models/local_search_plans_discreet_120/plan_30_trains_30_units5.json"
"/home/thomasverwaal/Robust-Rail-NL/mathematical-models/scenarios_solver_types_120/scenario_solver_30_trains_30_units5.json","Cost of next node: Cost = 335.0 : 411.22 | cr=11, dd=0, da=0, tlv=15, sm=61, rd=76.72, cd=0, um=0","Time elapsed: 17.71 seconds","/home/thomasverwaal/Robust-Rail-NL/mathematical-models/local_search_plans_discreet_120/plan_30_trains_30_units5.json"
"/home/thomasverwaal/Robust-Rail-NL/mathematical-models/scenarios_solver_types_120/scenario_solver_30_trains_30_units5.json","Cost of next node: Cost = 320.0 : 391.22 | cr=11, dd=0, da=0, tlv=14, sm=61, rd=76.72, cd=0, um=0","Time elapsed: 20.99 seconds","/home/thomasverwaal/Robust-Rail-NL/mathematical-models/local_search_plans_discreet_120/plan_30_trains_30_units5.json"
"/home/thomasverwaal/Robust-Rail-NL/mathematical-models/scenarios_solver_types_120/scenario_solver_30_trains_30_units5.json","Cost of next node: Cost = 305.0 : 371.20 | cr=11, dd=0, da=0, tlv=13, sm=60, rd=76.00, cd=0, um=0","Time elapsed: 24.07 seconds","/home/thomasverwaal/Robust-Rail-NL/mathematical-models/local_search_plans_discreet_120/plan_30_trains_30_units5.json"
"/home/thomasverwaal/Robust-Rail-NL/mathematical-models/scenarios_solver_types_120/scenario_solver_30_trains_30_units5.json","Cost of next node: Cost = 295.0 : 361.20 | cr=10, dd=0, da=0, tlv=13, sm=60, rd=76.00, cd=0, um=0","Time elapsed: 26.87 seconds","/home/thomasverwaal/Robust-Rail-NL/mathematical-models/local_search_plans_discreet_120/plan_30_trains_30_units5.json"
"/home/thomasverwaal/Robust-Rail-NL/mathematical-models/scenarios_solver_types_120/scenario_solver_30_trains_30_units5.json","Cost of next node: Cost = 285.0 : 351.20 | cr=9, dd=0, da=0, tlv=13, sm=60, rd=76.00, cd=0, um=0","Time elapsed: 29.65 seconds","/home/thomasverwaal/Robust-Rail-NL/mathematical-models/local_search_plans_discreet_120/plan_30_trains_30_units5.json"
"/home/thomasverwaal/Robust-Rail-NL/mathematical-models/scenarios_solver_types_120/scenario_solver_30_trains_30_units5.json","Cost of next node: Cost = 275.0 : 341.20 | cr=8, dd=0, da=0, tlv=13, sm=60, rd=76.00, cd=0, um=0","Time elapsed: 31.95 seconds","/home/thomasverwaal/Robust-Rail-NL/mathematical-models/local_search_plans_discreet_120/plan_30_trains_30_units5.json"
"/home/thomasverwaal/Robust-Rail-NL/mathematical-models/scenarios_solver_types_120/scenario_solver_30_trains_30_units5.json","Cost of next node: Cost = 265.0 : 331.20 | cr=7, dd=0, da=0, tlv=13, sm=60, rd=76.00, cd=0, um=0","Time elapsed: 34.08 seconds","/home/thomasverwaal/Robust-Rail-NL/mathematical-models/local_search_plans_discreet_120/plan_30_trains_30_units5.json"
"/home/thomasverwaal/Robust-Rail-NL/mathematical-models/scenarios_solver_types_120/scenario_solver_30_trains_30_units5.json","Cost of next node: Cost = 255.0 : 321.20 | cr=6, dd=0, da=0, tlv=13, sm=60, rd=76.00, cd=0, um=0","Time elapsed: 35.74 seconds","/home/thomasverwaal/Robust-Rail-NL/mathematical-models/local_search_plans_discreet_120/plan_30_trains_30_units5.json"
"/home/thomasverwaal/Robust-Rail-NL/mathematical-models/scenarios_solver_types_120/scenario_solver_30_trains_30_units5.json","Cost of next node: Cost = 240.0 : 301.20 | cr=6, dd=0, da=0, tlv=12, sm=60, rd=78.00, cd=0, um=0","Time elapsed: 37.19 seconds","/home/thomasverwaal/Robust-Rail-NL/mathematical-models/local_search_plans_discreet_120/plan_30_trains_30_units5.json"
"/home/thomasverwaal/Robust-Rail-NL/mathematical-models/scenarios_solver_types_120/scenario_solver_30_trains_30_units5.json","Cost of next node: Cost = 230.0 : 291.20 | cr=5, dd=0, da=0, tlv=12, sm=60, rd=78.00, cd=0, um=0","Time elapsed: 38.59 seconds","/home/thomasverwaal/Robust-Rail-NL/mathematical-models/local_search_plans_discreet_120/plan_30_trains_30_units5.json"
"/home/thomasverwaal/Robust-Rail-NL/mathematical-models/scenarios_solver_types_120/scenario_solver_30_trains_30_units5.json","Cost of next node: Cost = 220.0 : 281.20 | cr=4, dd=0, da=0, tlv=12, sm=60, rd=78.00, cd=0, um=0","Time elapsed: 39.71 seconds","/home/thomasverwaal/Robust-Rail-NL/mathematical-models/local_search_plans_discreet_120/plan_30_trains_30_units5.json"
"/home/thomasverwaal/Robust-Rail-NL/mathematical-models/scenarios_solver_types_120/scenario_solver_30_trains_30_units5.json","Cost of next node: Cost = 210.0 : 271.20 | cr=3, dd=0, da=0, tlv=12, sm=60, rd=78.00, cd=0, um=0","Time elapsed: 40.74 seconds","/home/thomasverwaal/Robust-Rail-NL/mathematical-models/local_search_plans_discreet_120/plan_30_trains_30_units5.json"
"/home/thomasverwaal/Robust-Rail-NL/mathematical-models/scenarios_solver_types_120/scenario_solver_30_trains_30_units5.json","Cost of next node: Cost = 200.0 : 261.20 | cr=2, dd=0, da=0, tlv=12, sm=60, rd=78.00, cd=0, um=0","Time elapsed: 41.72 seconds","/home/thomasverwaal/Robust-Rail-NL/mathematical-models/local_search_plans_discreet_120/plan_30_trains_30_units5.json"
"/home/thomasverwaal/Robust-Rail-NL/mathematical-models/scenarios_solver_types_120/scenario_solver_30_trains_30_units5.json","NO_COST_FOUND","NO_TIME_FOUND","NO_PLAN_CREATED"
"/home/thomasverwaal/Robust-Rail-NL/mathematical-models/scenarios_solver_types_120/scenario_solver_30_trains_30_units6.json","Cost of next node: Cost = 2,537.7 : 2,538.94 | cr=35, dd=30, da=26, tlv=0, sm=60, rd=187.00, cd=0, um=0","Time elapsed: 2.38 seconds","/home/thomasverwaal/Robust-Rail-NL/mathematical-models/local_search_plans_discreet_120/plan_30_trains_30_units6.json"
"/home/thomasverwaal/Robust-Rail-NL/mathematical-models/scenarios_solver_types_120/scenario_solver_30_trains_30_units6.json","Cost of next node: Cost = 2,513.5 : 2,519.69 | cr=30, dd=30, da=26, tlv=1, sm=60, rd=192.00, cd=0, um=0","Time elapsed: 2.44 seconds","/home/thomasverwaal/Robust-Rail-NL/mathematical-models/local_search_plans_discreet_120/plan_30_trains_30_units6.json"
"/home/thomasverwaal/Robust-Rail-NL/mathematical-models/scenarios_solver_types_120/scenario_solver_30_trains_30_units6.json","Cost of next node: Cost = 2,484.8 : 2,496.04 | cr=29, dd=30, da=26, tlv=2, sm=60, rd=186.00, cd=0, um=0","Time elapsed: 2.49 seconds","/home/thomasverwaal/Robust-Rail-NL/mathematical-models/local_search_plans_discreet_120/plan_30_trains_30_units6.json"
"/home/thomasverwaal/Robust-Rail-NL/mathematical-models/scenarios_solver_types_120/scenario_solver_30_trains_30_units6.json","Cost of next node: Cost = 2,431.3 : 2,442.51 | cr=32, dd=30, da=22, tlv=2, sm=60, rd=179.00, cd=0, um=0","Time elapsed: 2.52 seconds","/home/thomasverwaal/Robust-Rail-NL/mathematical-models/local_search_plans_discreet_120/plan_30_trains_30_units6.json"
"/home/thomasverwaal/Robust-Rail-NL/mathematical-models/scenarios_solver_types_120/scenario_solver_30_trains_30_units6.json","Cost of next node: Cost = 2,409.3 : 2,420.48 | cr=30, dd=30, da=22, tlv=2, sm=60, rd=177.00, cd=0, um=0","Time elapsed: 2.66 seconds","/home/thomasverwaal/Robust-Rail-NL/mathematical-models/local_search_plans_discreet_120/plan_30_trains_30_units6.json"
"/home/thomasverwaal/Robust-Rail-NL/mathematical-models/scenarios_solver_types_120/scenario_solver_30_trains_30_units6.json","Cost of next node: Cost = 2,369.8 : 2,385.98 | cr=34, dd=30, da=19, tlv=3, sm=60, rd=167.00, cd=0, um=0","Time elapsed: 2.80 seconds","/home/thomasverwaal/Robust-Rail-NL/mathematical-models/local_search_plans_discreet_120/plan_30_trains_30_units6.json"
"/home/thomasverwaal/Robust-Rail-NL/mathematical-models/scenarios_solver_types_120/scenario_solver_30_trains_30_units6.json","Cost of next node: Cost = 2,328.9 : 2,350.09 | cr=30, dd=30, da=18, tlv=4, sm=60, rd=169.00, cd=0, um=0","Time elapsed: 2.85 seconds","/home/thomasverwaal/Robust-Rail-NL/mathematical-models/local_search_plans_discreet_120/plan_30_trains_30_units6.json"
"/home/thomasverwaal/Robust-Rail-NL/mathematical-models/scenarios_solver_types_120/scenario_solver_30_trains_30_units6.json","Cost of next node: Cost = 2,304.7 : 2,330.92 | cr=30, dd=30, da=16, tlv=5, sm=60, rd=169.00, cd=0, um=0","Time elapsed: 2.91 seconds","/home/thomasverwaal/Robust-Rail-NL/mathematical-models/local_search_plans_discreet_120/plan_30_trains_30_units6.json"
"/home/thomasverwaal/Robust-Rail-NL/mathematical-models/scenarios_solver_types_120/scenario_solver_30_trains_30_units6.json","Cost of next node: Cost = 2,186.2 : 2,212.42 | cr=30, dd=30, da=10, tlv=5, sm=60, rd=165.00, cd=0, um=0","Time elapsed: 3.00 seconds","/home/thomasverwaal/Robust-Rail-NL/mathematical-models/local_search_plans_discreet_120/plan_30_trains_30_units6.json"
"/home/thomasverwaal/Robust-Rail-NL/mathematical-models/scenarios_solver_types_120/scenario_solver_30_trains_30_units6.json","Cost of next node: Cost = 2,155.0 : 2,181.23 | cr=30, dd=30, da=9, tlv=5, sm=60, rd=159.00, cd=0, um=0","Time elapsed: 3.15 seconds","/home/thomasverwaal/Robust-Rail-NL/mathematical-models/local_search_plans_discreet_120/plan_30_trains_30_units6.json"
"/home/thomasverwaal/Robust-Rail-NL/mathematical-models/scenarios_solver_types_120/scenario_solver_30_trains_30_units6.json","Cost of next node: Cost = 2,134.7 : 2,160.87 | cr=30, dd=30, da=8, tlv=5, sm=60, rd=157.00, cd=0, um=0","Time elapsed: 3.40 seconds","/home/thomasverwaal/Robust-Rail-NL/mathematical-models/local_search_plans_discreet_120/plan_30_trains_30_units6.json"
"/home/thomasverwaal/Robust-Rail-NL/mathematical-models/scenarios_solver_types_120/scenario_solver_30_trains_30_units6.json","Cost of next node: Cost = 2,110.8 : 2,142.00 | cr=27, dd=30, da=8, tlv=6, sm=60, rd=153.00, cd=0, um=0","Time elapsed: 3.61 seconds","/home/thomasverwaal/Robust-Rail-NL/mathematical-models/local_search_plans_discreet_120/plan_30_trains_30_units6.json"
"/home/thomasverwaal/Robust-Rail-NL/mathematical-models/scenarios_solver_types_120/scenario_solver_30_trains_30_units6.json","Cost of next node: Cost = 2,089.3 : 2,125.45 | cr=23, dd=30, da=8, tlv=7, sm=60, rd=151.00, cd=0, um=0","Time elapsed: 3.90 seconds","/home/thomasverwaal/Robust-Rail-NL/mathematical-models/local_search_plans_discreet_120/plan_30_trains_30_units6.json"
"/home/thomasverwaal/Robust-Rail-NL/mathematical-models/scenarios_solver_types_120/scenario_solver_30_trains_30_units6.json","Cost of next node: Cost = 2,068.1 : 2,109.29 | cr=18, dd=30, da=8, tlv=8, sm=60, rd=155.00, cd=0, um=0","Time elapsed: 4.24 seconds","/home/thomasverwaal/Robust-Rail-NL/mathematical-models/local_search_plans_discreet_120/plan_30_trains_30_units6.json"
"/home/thomasverwaal/Robust-Rail-NL/mathematical-models/scenarios_solver_types_120/scenario_solver_30_trains_30_units6.json","Cost of next node: Cost = 2,017.3 : 2,058.47 | cr=16, dd=30, da=7, tlv=8, sm=60, rd=149.00, cd=0, um=0","Time elapsed: 4.63 seconds","/home/thomasverwaal/Robust-Rail-NL/mathematical-models/local_search_plans_discreet_120/plan_30_trains_30_units6.json"
"/home/thomasverwaal/Robust-Rail-NL/mathematical-models/scenarios_solver_types_120/scenario_solver_30_trains_30_units6.json","Cost of next node: Cost = 1,995.4 : 2,036.57 | cr=16, dd=30, da=6, tlv=8, sm=60, rd=149.00, cd=0, um=0","Time elapsed: 4.79 seconds","/home/thomasverwaal/Robust-Rail-NL/mathematical-models/local_search_plans_discreet_120/plan_30_trains_30_units6.json"
"/home/thomasverwaal/Robust-Rail-NL/mathematical-models/scenarios_solver_types_120/scenario_solver_30_trains_30_units6.json","Cost of next node: Cost = 1,969.7 : 2,010.86 | cr=16, dd=30, da=5, tlv=8, sm=60, rd=145.00, cd=0, um=0","Time elapsed: 5.21 seconds","/home/thomasverwaal/Robust-Rail-NL/mathematical-models/local_search_plans_discreet_120/plan_30_trains_30_units6.json"
"/home/thomasverwaal/Robust-Rail-NL/mathematical-models/scenarios_solver_types_120/scenario_solver_30_trains_30_units6.json","Cost of next node: Cost = 1,931.9 : 1,978.07 | cr=15, dd=30, da=4, tlv=9, sm=60, rd=137.00, cd=0, um=0","Time elapsed: 5.42 seconds","/home/thomasverwaal/Robust-Rail-NL/mathematical-models/local_search_plans_discreet_120/plan_30_trains_30_units6.json"
"/home/thomasverwaal/Robust-Rail-NL/mathematical-models/scenarios_solver_types_120/scenario_solver_30_trains_30_units6.json","Cost of next node: Cost = 1,876.7 : 1,927.86 | cr=11, dd=30, da=4, tlv=10, sm=60, rd=127.00, cd=0, um=0","Time elapsed: 5.66 seconds","/home/thomasverwaal/Robust-Rail-NL/mathematical-models/local_search_plans_discreet_120/plan_30_trains_30_units6.json"
"/home/thomasverwaal/Robust-Rail-NL/mathematical-models/scenarios_solver_types_120/scenario_solver_30_trains_30_units6.json","Cost of next node: Cost = 1,855.8 : 1,907.03 | cr=12, dd=30, da=3, tlv=10, sm=60, rd=123.00, cd=0, um=0","Time elapsed: 5.93 seconds","/home/thomasverwaal/Robust-Rail-NL/mathematical-models/local_search_plans_discreet_120/plan_30_trains_30_units6.json"
"/home/thomasverwaal/Robust-Rail-NL/mathematical-models/scenarios_solver_types_120/scenario_solver_30_trains_30_units6.json","Cost of next node: Cost = 1,771.1 : 1,827.32 | cr=12, dd=27, da=6, tlv=11, sm=60, rd=119.00, cd=0, um=0","Time elapsed: 5.99 seconds","/home/thomasverwaal/Robust-Rail-NL/mathematical-models/local_search_plans_discreet_120/plan_30_trains_30_units6.json"
"/home/thomasverwaal/Robust-Rail-NL/mathematical-models/scenarios_solver_types_120/scenario_solver_30_trains_30_units6.json","Cost of next node: Cost = 1,746.0 : 1,807.19 | cr=14, dd=27, da=3, tlv=12, sm=60, rd=117.00, cd=0, um=0","Time elapsed: 6.10 seconds","/home/thomasverwaal/Robust-Rail-NL/mathematical-models/local_search_plans_discreet_120/plan_30_trains_30_units6.json"
"/home/thomasverwaal/Robust-Rail-NL/mathematical-models/scenarios_solver_types_120/scenario_solver_30_trains_30_units6.json","Cost of next node: Cost = 1,706.4 : 1,767.57 | cr=15, dd=26, da=3, tlv=12, sm=60, rd=115.00, cd=0, um=0","Time elapsed: 6.17 seconds","/home/thomasverwaal/Robust-Rail-NL/mathematical-models/local_search_plans_discreet_120/plan_30_trains_30_units6.json"
"/home/thomasverwaal/Robust-Rail-NL/mathematical-models/scenarios_solver_types_120/scenario_solver_30_trains_30_units6.json","Cost of next node: Cost = 1,654.5 : 1,715.67 | cr=15, dd=25, da=3, tlv=12, sm=60, rd=108.00, cd=0, um=0","Time elapsed: 6.27 seconds","/home/thomasverwaal/Robust-Rail-NL/mathematical-models/local_search_plans_discreet_120/plan_30_trains_30_units6.json"
"/home/thomasverwaal/Robust-Rail-NL/mathematical-models/scenarios_solver_types_120/scenario_solver_30_trains_30_units6.json","Cost of next node: Cost = 1,582.8 : 1,649.00 | cr=14, dd=21, da=9, tlv=13, sm=60, rd=110.00, cd=0, um=0","Time elapsed: 6.47 seconds","/home/thomasverwaal/Robust-Rail-NL/mathematical-models/local_search_plans_discreet_120/plan_30_trains_30_units6.json"
"/home/thomasverwaal/Robust-Rail-NL/mathematical-models/scenarios_solver_types_120/scenario_solver_30_trains_30_units6.json","Cost of next node: Cost = 1,469.6 : 1,535.76 | cr=15, dd=21, da=3, tlv=13, sm=60, rd=104.00, cd=0, um=0","Time elapsed: 6.56 seconds","/home/thomasverwaal/Robust-Rail-NL/mathematical-models/local_search_plans_discreet_120/plan_30_trains_30_units6.json"
"/home/thomasverwaal/Robust-Rail-NL/mathematical-models/scenarios_solver_types_120/scenario_solver_30_trains_30_units6.json","Cost of next node: Cost = 1,370.5 : 1,436.65 | cr=15, dd=19, da=3, tlv=13, sm=60, rd=102.00, cd=0, um=0","Time elapsed: 6.74 seconds","/home/thomasverwaal/Robust-Rail-NL/mathematical-models/local_search_plans_discreet_120/plan_30_trains_30_units6.json"
"/home/thomasverwaal/Robust-Rail-NL/mathematical-models/scenarios_solver_types_120/scenario_solver_30_trains_30_units6.json","Cost of next node: Cost = 1,309.0 : 1,375.23 | cr=19, dd=17, da=3, tlv=13, sm=60, rd=102.00, cd=0, um=0","Time elapsed: 6.97 seconds","/home/thomasverwaal/Robust-Rail-NL/mathematical-models/local_search_plans_discreet_120/plan_30_trains_30_units6.json"
"/home/thomasverwaal/Robust-Rail-NL/mathematical-models/scenarios_solver_types_120/scenario_solver_30_trains_30_units6.json","Cost of next node: Cost = 1,284.0 : 1,345.23 | cr=18, dd=17, da=3, tlv=12, sm=60, rd=104.00, cd=0, um=0","Time elapsed: 7.08 seconds","/home/thomasverwaal/Robust-Rail-NL/mathematical-models/local_search_plans_discreet_120/plan_30_trains_30_units6.json"
"/home/thomasverwaal/Robust-Rail-NL/mathematical-models/scenarios_solver_types_120/scenario_solver_30_trains_30_units6.json","Cost of next node: Cost = 1,213.6 : 1,274.84 | cr=16, dd=16, da=3, tlv=12, sm=60, rd=102.00, cd=0, um=0","Time elapsed: 7.42 seconds","/home/thomasverwaal/Robust-Rail-NL/mathematical-models/local_search_plans_discreet_120/plan_30_trains_30_units6.json"
"/home/thomasverwaal/Robust-Rail-NL/mathematical-models/scenarios_solver_types_120/scenario_solver_30_trains_30_units6.json","Cost of next node: Cost = 1,188.6 : 1,254.84 | cr=16, dd=16, da=1, tlv=13, sm=60, rd=96.00, cd=0, um=0","Time elapsed: 7.69 seconds","/home/thomasverwaal/Robust-Rail-NL/mathematical-models/local_search_plans_discreet_120/plan_30_trains_30_units6.json"
"/home/thomasverwaal/Robust-Rail-NL/mathematical-models/scenarios_solver_types_120/scenario_solver_30_trains_30_units6.json","Cost of next node: Cost = 1,163.6 : 1,224.84 | cr=15, dd=16, da=1, tlv=12, sm=60, rd=96.00, cd=0, um=0","Time elapsed: 7.95 seconds","/home/thomasverwaal/Robust-Rail-NL/mathematical-models/local_search_plans_discreet_120/plan_30_trains_30_units6.json"
"/home/thomasverwaal/Robust-Rail-NL/mathematical-models/scenarios_solver_types_120/scenario_solver_30_trains_30_units6.json","Cost of next node: Cost = 1,118.2 : 1,184.40 | cr=14, dd=15, da=1, tlv=13, sm=60, rd=94.00, cd=0, um=0","Time elapsed: 8.10 seconds","/home/thomasverwaal/Robust-Rail-NL/mathematical-models/local_search_plans_discreet_120/plan_30_trains_30_units6.json"
"/home/thomasverwaal/Robust-Rail-NL/mathematical-models/scenarios_solver_types_120/scenario_solver_30_trains_30_units6.json","Cost of next node: Cost = 809.6 : 880.80 | cr=14, dd=9, da=0, tlv=14, sm=60, rd=86.00, cd=0, um=0","Time elapsed: 8.42 seconds","/home/thomasverwaal/Robust-Rail-NL/mathematical-models/local_search_plans_discreet_120/plan_30_trains_30_units6.json"
"/home/thomasverwaal/Robust-Rail-NL/mathematical-models/scenarios_solver_types_120/scenario_solver_30_trains_30_units6.json","Cost of next node: Cost = 365.0 : 441.20 | cr=14, dd=0, da=0, tlv=15, sm=60, rd=74.00, cd=0, um=0","Time elapsed: 8.81 seconds","/home/thomasverwaal/Robust-Rail-NL/mathematical-models/local_search_plans_discreet_120/plan_30_trains_30_units6.json"
"/home/thomasverwaal/Robust-Rail-NL/mathematical-models/scenarios_solver_types_120/scenario_solver_30_trains_30_units6.json","Cost of next node: Cost = 340.0 : 411.20 | cr=13, dd=0, da=0, tlv=14, sm=60, rd=74.00, cd=0, um=0","Time elapsed: 9.09 seconds","/home/thomasverwaal/Robust-Rail-NL/mathematical-models/local_search_plans_discreet_120/plan_30_trains_30_units6.json"
"/home/thomasverwaal/Robust-Rail-NL/mathematical-models/scenarios_solver_types_120/scenario_solver_30_trains_30_units6.json","Cost of next node: Cost = 325.0 : 391.20 | cr=13, dd=0, da=0, tlv=13, sm=60, rd=76.00, cd=0, um=0","Time elapsed: 11.45 seconds","/home/thomasverwaal/Robust-Rail-NL/mathematical-models/local_search_plans_discreet_120/plan_30_trains_30_units6.json"
"/home/thomasverwaal/Robust-Rail-NL/mathematical-models/scenarios_solver_types_120/scenario_solver_30_trains_30_units6.json","Cost of next node: Cost = 310.0 : 371.20 | cr=13, dd=0, da=0, tlv=12, sm=60, rd=78.00, cd=0, um=0","Time elapsed: 13.47 seconds","/home/thomasverwaal/Robust-Rail-NL/mathematical-models/local_search_plans_discreet_120/plan_30_trains_30_units6.json"
"/home/thomasverwaal/Robust-Rail-NL/mathematical-models/scenarios_solver_types_120/scenario_solver_30_trains_30_units6.json","Cost of next node: Cost = 300.0 : 361.20 | cr=12, dd=0, da=0, tlv=12, sm=60, rd=78.00, cd=0, um=0","Time elapsed: 15.52 seconds","/home/thomasverwaal/Robust-Rail-NL/mathematical-models/local_search_plans_discreet_120/plan_30_trains_30_units6.json"
"/home/thomasverwaal/Robust-Rail-NL/mathematical-models/scenarios_solver_types_120/scenario_solver_30_trains_30_units6.json","Cost of next node: Cost = 290.0 : 351.20 | cr=11, dd=0, da=0, tlv=12, sm=60, rd=80.00, cd=0, um=0","Time elapsed: 17.09 seconds","/home/thomasverwaal/Robust-Rail-NL/mathematical-models/local_search_plans_discreet_120/plan_30_trains_30_units6.json"
"/home/thomasverwaal/Robust-Rail-NL/mathematical-models/scenarios_solver_types_120/scenario_solver_30_trains_30_units6.json","Cost of next node: Cost = 280.0 : 341.22 | cr=10, dd=0, da=0, tlv=12, sm=61, rd=80.66, cd=0, um=0","Time elapsed: 18.70 seconds","/home/thomasverwaal/Robust-Rail-NL/mathematical-models/local_search_plans_discreet_120/plan_30_trains_30_units6.json"
"/home/thomasverwaal/Robust-Rail-NL/mathematical-models/scenarios_solver_types_120/scenario_solver_30_trains_30_units6.json","Cost of next node: Cost = 270.0 : 331.22 | cr=9, dd=0, da=0, tlv=12, sm=61, rd=80.66, cd=0, um=0","Time elapsed: 20.21 seconds","/home/thomasverwaal/Robust-Rail-NL/mathematical-models/local_search_plans_discreet_120/plan_30_trains_30_units6.json"
"/home/thomasverwaal/Robust-Rail-NL/mathematical-models/scenarios_solver_types_120/scenario_solver_30_trains_30_units6.json","Cost of next node: Cost = 260.0 : 321.24 | cr=8, dd=0, da=0, tlv=12, sm=62, rd=81.29, cd=0, um=0","Time elapsed: 21.64 seconds","/home/thomasverwaal/Robust-Rail-NL/mathematical-models/local_search_plans_discreet_120/plan_30_trains_30_units6.json"
"/home/thomasverwaal/Robust-Rail-NL/mathematical-models/scenarios_solver_types_120/scenario_solver_30_trains_30_units6.json","Cost of next node: Cost = 255.0 : 321.24 | cr=6, dd=0, da=0, tlv=13, sm=62, rd=79.35, cd=0, um=0","Time elapsed: 25.22 seconds","/home/thomasverwaal/Robust-Rail-NL/mathematical-models/local_search_plans_discreet_120/plan_30_trains_30_units6.json"
"/home/thomasverwaal/Robust-Rail-NL/mathematical-models/scenarios_solver_types_120/scenario_solver_30_trains_30_units6.json","Cost of next node: Cost = 245.0 : 311.24 | cr=5, dd=0, da=0, tlv=13, sm=62, rd=79.35, cd=0, um=0","Time elapsed: 26.41 seconds","/home/thomasverwaal/Robust-Rail-NL/mathematical-models/local_search_plans_discreet_120/plan_30_trains_30_units6.json"
"/home/thomasverwaal/Robust-Rail-NL/mathematical-models/scenarios_solver_types_120/scenario_solver_30_trains_30_units6.json","Cost of next node: Cost = 235.0 : 301.24 | cr=4, dd=0, da=0, tlv=13, sm=62, rd=79.35, cd=0, um=0","Time elapsed: 27.33 seconds","/home/thomasverwaal/Robust-Rail-NL/mathematical-models/local_search_plans_discreet_120/plan_30_trains_30_units6.json"
"/home/thomasverwaal/Robust-Rail-NL/mathematical-models/scenarios_solver_types_120/scenario_solver_30_trains_30_units6.json","Cost of next node: Cost = 225.0 : 291.24 | cr=3, dd=0, da=0, tlv=13, sm=62, rd=79.35, cd=0, um=0","Time elapsed: 57.54 seconds","/home/thomasverwaal/Robust-Rail-NL/mathematical-models/local_search_plans_discreet_120/plan_30_trains_30_units6.json"
"/home/thomasverwaal/Robust-Rail-NL/mathematical-models/scenarios_solver_types_120/scenario_solver_30_trains_30_units6.json","Cost of next node: Cost = 220.0 : 281.24 | cr=4, dd=0, da=0, tlv=12, sm=62, rd=81.29, cd=0, um=0","Time elapsed: 86.54 seconds","/home/thomasverwaal/Robust-Rail-NL/mathematical-models/local_search_plans_discreet_120/plan_30_trains_30_units6.json"
"/home/thomasverwaal/Robust-Rail-NL/mathematical-models/scenarios_solver_types_120/scenario_solver_30_trains_30_units6.json","Cost of next node: Cost = 210.0 : 271.26 | cr=3, dd=0, da=0, tlv=12, sm=63, rd=81.90, cd=0, um=0","Time elapsed: 87.80 seconds","/home/thomasverwaal/Robust-Rail-NL/mathematical-models/local_search_plans_discreet_120/plan_30_trains_30_units6.json"
"/home/thomasverwaal/Robust-Rail-NL/mathematical-models/scenarios_solver_types_120/scenario_solver_30_trains_30_units6.json","Cost of next node: Cost = 205.0 : 261.30 | cr=4, dd=0, da=0, tlv=11, sm=65, rd=83.08, cd=0, um=0","Time elapsed: 95.39 seconds","/home/thomasverwaal/Robust-Rail-NL/mathematical-models/local_search_plans_discreet_120/plan_30_trains_30_units6.json"
"/home/thomasverwaal/Robust-Rail-NL/mathematical-models/scenarios_solver_types_120/scenario_solver_30_trains_30_units6.json","NO_COST_FOUND","NO_TIME_FOUND","NO_PLAN_CREATED"
"/home/thomasverwaal/Robust-Rail-NL/mathematical-models/scenarios_solver_types_120/scenario_solver_30_trains_30_units7.json","Cost of next node: Cost = 2,604.7 : 2,610.92 | cr=39, dd=30, da=26, tlv=1, sm=60, rd=193.00, cd=0, um=0","Time elapsed: 2.01 seconds","/home/thomasverwaal/Robust-Rail-NL/mathematical-models/local_search_plans_discreet_120/plan_30_trains_30_units7.json"
"/home/thomasverwaal/Robust-Rail-NL/mathematical-models/scenarios_solver_types_120/scenario_solver_30_trains_30_units7.json","Cost of next node: Cost = 2,572.2 : 2,583.44 | cr=36, dd=30, da=26, tlv=2, sm=60, rd=189.00, cd=0, um=0","Time elapsed: 2.12 seconds","/home/thomasverwaal/Robust-Rail-NL/mathematical-models/local_search_plans_discreet_120/plan_30_trains_30_units7.json"
"/home/thomasverwaal/Robust-Rail-NL/mathematical-models/scenarios_solver_types_120/scenario_solver_30_trains_30_units7.json","Cost of next node: Cost = 2,546.6 : 2,562.79 | cr=32, dd=30, da=25, tlv=3, sm=60, rd=195.00, cd=0, um=0","Time elapsed: 2.22 seconds","/home/thomasverwaal/Robust-Rail-NL/mathematical-models/local_search_plans_discreet_120/plan_30_trains_30_units7.json"
"/home/thomasverwaal/Robust-Rail-NL/mathematical-models/scenarios_solver_types_120/scenario_solver_30_trains_30_units7.json","Cost of next node: Cost = 2,512.0 : 2,533.22 | cr=29, dd=30, da=24, tlv=4, sm=60, rd=194.00, cd=0, um=0","Time elapsed: 2.34 seconds","/home/thomasverwaal/Robust-Rail-NL/mathematical-models/local_search_plans_discreet_120/plan_30_trains_30_units7.json"
"/home/thomasverwaal/Robust-Rail-NL/mathematical-models/scenarios_solver_types_120/scenario_solver_30_trains_30_units7.json","Cost of next node: Cost = 2,458.3 : 2,484.46 | cr=29, dd=30, da=21, tlv=5, sm=60, rd=182.00, cd=0, um=0","Time elapsed: 2.44 seconds","/home/thomasverwaal/Robust-Rail-NL/mathematical-models/local_search_plans_discreet_120/plan_30_trains_30_units7.json"
"/home/thomasverwaal/Robust-Rail-NL/mathematical-models/scenarios_solver_types_120/scenario_solver_30_trains_30_units7.json","Cost of next node: Cost = 2,432.3 : 2,458.50 | cr=31, dd=30, da=20, tlv=5, sm=60, rd=177.00, cd=0, um=0","Time elapsed: 2.54 seconds","/home/thomasverwaal/Robust-Rail-NL/mathematical-models/local_search_plans_discreet_120/plan_30_trains_30_units7.json"
"/home/thomasverwaal/Robust-Rail-NL/mathematical-models/scenarios_solver_types_120/scenario_solver_30_trains_30_units7.json","Cost of next node: Cost = 2,398.8 : 2,424.97 | cr=32, dd=30, da=18, tlv=5, sm=60, rd=176.00, cd=0, um=0","Time elapsed: 2.65 seconds","/home/thomasverwaal/Robust-Rail-NL/mathematical-models/local_search_plans_discreet_120/plan_30_trains_30_units7.json"
"/home/thomasverwaal/Robust-Rail-NL/mathematical-models/scenarios_solver_types_120/scenario_solver_30_trains_30_units7.json","Cost of next node: Cost = 2,325.2 : 2,356.41 | cr=33, dd=30, da=14, tlv=6, sm=60, rd=170.00, cd=0, um=0","Time elapsed: 2.73 seconds","/home/thomasverwaal/Robust-Rail-NL/mathematical-models/local_search_plans_discreet_120/plan_30_trains_30_units7.json"
"/home/thomasverwaal/Robust-Rail-NL/mathematical-models/scenarios_solver_types_120/scenario_solver_30_trains_30_units7.json","Cost of next node: Cost = 2,246.2 : 2,282.39 | cr=32, dd=30, da=10, tlv=7, sm=60, rd=163.00, cd=0, um=0","Time elapsed: 2.80 seconds","/home/thomasverwaal/Robust-Rail-NL/mathematical-models/local_search_plans_discreet_120/plan_30_trains_30_units7.json"
"/home/thomasverwaal/Robust-Rail-NL/mathematical-models/scenarios_solver_types_120/scenario_solver_30_trains_30_units7.json","Cost of next node: Cost = 2,205.3 : 2,241.55 | cr=29, dd=30, da=10, tlv=7, sm=60, rd=158.00, cd=0, um=0","Time elapsed: 2.91 seconds","/home/thomasverwaal/Robust-Rail-NL/mathematical-models/local_search_plans_discreet_120/plan_30_trains_30_units7.json"
"/home/thomasverwaal/Robust-Rail-NL/mathematical-models/scenarios_solver_types_120/scenario_solver_30_trains_30_units7.json","Cost of next node: Cost = 2,166.6 : 2,207.83 | cr=26, dd=30, da=9, tlv=8, sm=60, rd=156.00, cd=0, um=0","Time elapsed: 3.00 seconds","/home/thomasverwaal/Robust-Rail-NL/mathematical-models/local_search_plans_discreet_120/plan_30_trains_30_units7.json"
"/home/thomasverwaal/Robust-Rail-NL/mathematical-models/scenarios_solver_types_120/scenario_solver_30_trains_30_units7.json","Cost of next node: Cost = 2,141.3 : 2,187.50 | cr=24, dd=30, da=9, tlv=9, sm=60, rd=152.00, cd=0, um=0","Time elapsed: 3.06 seconds","/home/thomasverwaal/Robust-Rail-NL/mathematical-models/local_search_plans_discreet_120/plan_30_trains_30_units7.json"
"/home/thomasverwaal/Robust-Rail-NL/mathematical-models/scenarios_solver_types_120/scenario_solver_30_trains_30_units7.json","Cost of next node: Cost = 2,114.2 : 2,155.37 | cr=23, dd=30, da=9, tlv=8, sm=60, rd=150.00, cd=0, um=0","Time elapsed: 3.20 seconds","/home/thomasverwaal/Robust-Rail-NL/mathematical-models/local_search_plans_discreet_120/plan_30_trains_30_units7.json"
"/home/thomasverwaal/Robust-Rail-NL/mathematical-models/scenarios_solver_types_120/scenario_solver_30_trains_30_units7.json","Cost of next node: Cost = 2,093.7 : 2,134.92 | cr=22, dd=30, da=9, tlv=8, sm=60, rd=140.00, cd=0, um=0","Time elapsed: 3.54 seconds","/home/thomasverwaal/Robust-Rail-NL/mathematical-models/local_search_plans_discreet_120/plan_30_trains_30_units7.json"
"/home/thomasverwaal/Robust-Rail-NL/mathematical-models/scenarios_solver_types_120/scenario_solver_30_trains_30_units7.json","Cost of next node: Cost = 2,064.1 : 2,110.30 | cr=17, dd=30, da=9, tlv=9, sm=60, rd=140.00, cd=0, um=0","Time elapsed: 3.79 seconds","/home/thomasverwaal/Robust-Rail-NL/mathematical-models/local_search_plans_discreet_120/plan_30_trains_30_units7.json"
"/home/thomasverwaal/Robust-Rail-NL/mathematical-models/scenarios_solver_types_120/scenario_solver_30_trains_30_units7.json","Cost of next node: Cost = 2,034.8 : 2,086.00 | cr=10, dd=30, da=9, tlv=10, sm=60, rd=146.00, cd=0, um=0","Time elapsed: 4.05 seconds","/home/thomasverwaal/Robust-Rail-NL/mathematical-models/local_search_plans_discreet_120/plan_30_trains_30_units7.json"
"/home/thomasverwaal/Robust-Rail-NL/mathematical-models/scenarios_solver_types_120/scenario_solver_30_trains_30_units7.json","Cost of next node: Cost = 2,004.6 : 2,060.80 | cr=10, dd=30, da=8, tlv=11, sm=60, rd=138.00, cd=0, um=0","Time elapsed: 4.38 seconds","/home/thomasverwaal/Robust-Rail-NL/mathematical-models/local_search_plans_discreet_120/plan_30_trains_30_units7.json"
"/home/thomasverwaal/Robust-Rail-NL/mathematical-models/scenarios_solver_types_120/scenario_solver_30_trains_30_units7.json","Cost of next node: Cost = 1,972.1 : 2,028.32 | cr=10, dd=30, da=7, tlv=11, sm=60, rd=132.00, cd=0, um=0","Time elapsed: 4.77 seconds","/home/thomasverwaal/Robust-Rail-NL/mathematical-models/local_search_plans_discreet_120/plan_30_trains_30_units7.json"
"/home/thomasverwaal/Robust-Rail-NL/mathematical-models/scenarios_solver_types_120/scenario_solver_30_trains_30_units7.json","Cost of next node: Cost = 1,951.8 : 2,002.96 | cr=9, dd=30, da=7, tlv=10, sm=60, rd=136.00, cd=0, um=0","Time elapsed: 4.93 seconds","/home/thomasverwaal/Robust-Rail-NL/mathematical-models/local_search_plans_discreet_120/plan_30_trains_30_units7.json"
"/home/thomasverwaal/Robust-Rail-NL/mathematical-models/scenarios_solver_types_120/scenario_solver_30_trains_30_units7.json","Cost of next node: Cost = 1,931.7 : 1,987.93 | cr=8, dd=30, da=6, tlv=11, sm=60, rd=132.00, cd=0, um=0","Time elapsed: 5.35 seconds","/home/thomasverwaal/Robust-Rail-NL/mathematical-models/local_search_plans_discreet_120/plan_30_trains_30_units7.json"
"/home/thomasverwaal/Robust-Rail-NL/mathematical-models/scenarios_solver_types_120/scenario_solver_30_trains_30_units7.json","Cost of next node: Cost = 1,910.8 : 1,971.96 | cr=7, dd=30, da=5, tlv=12, sm=60, rd=130.00, cd=0, um=0","Time elapsed: 5.89 seconds","/home/thomasverwaal/Robust-Rail-NL/mathematical-models/local_search_plans_discreet_120/plan_30_trains_30_units7.json"
"/home/thomasverwaal/Robust-Rail-NL/mathematical-models/scenarios_solver_types_120/scenario_solver_30_trains_30_units7.json","Cost of next node: Cost = 1,890.3 : 1,956.53 | cr=7, dd=30, da=4, tlv=13, sm=60, rd=124.00, cd=0, um=0","Time elapsed: 6.08 seconds","/home/thomasverwaal/Robust-Rail-NL/mathematical-models/local_search_plans_discreet_120/plan_30_trains_30_units7.json"
"/home/thomasverwaal/Robust-Rail-NL/mathematical-models/scenarios_solver_types_120/scenario_solver_30_trains_30_units7.json","Cost of next node: Cost = 1,862.7 : 1,928.89 | cr=8, dd=30, da=3, tlv=13, sm=60, rd=116.00, cd=0, um=0","Time elapsed: 6.27 seconds","/home/thomasverwaal/Robust-Rail-NL/mathematical-models/local_search_plans_discreet_120/plan_30_trains_30_units7.json"
"/home/thomasverwaal/Robust-Rail-NL/mathematical-models/scenarios_solver_types_120/scenario_solver_30_trains_30_units7.json","Cost of next node: Cost = 1,830.9 : 1,902.10 | cr=9, dd=29, da=3, tlv=14, sm=60, rd=108.00, cd=0, um=0","Time elapsed: 6.44 seconds","/home/thomasverwaal/Robust-Rail-NL/mathematical-models/local_search_plans_discreet_120/plan_30_trains_30_units7.json"
"/home/thomasverwaal/Robust-Rail-NL/mathematical-models/scenarios_solver_types_120/scenario_solver_30_trains_30_units7.json","Cost of next node: Cost = 1,805.4 : 1,881.60 | cr=10, dd=28, da=3, tlv=15, sm=60, rd=106.00, cd=0, um=0","Time elapsed: 6.60 seconds","/home/thomasverwaal/Robust-Rail-NL/mathematical-models/local_search_plans_discreet_120/plan_30_trains_30_units7.json"
"/home/thomasverwaal/Robust-Rail-NL/mathematical-models/scenarios_solver_types_120/scenario_solver_30_trains_30_units7.json","Cost of next node: Cost = 1,765.1 : 1,841.28 | cr=11, dd=27, da=3, tlv=15, sm=60, rd=106.00, cd=0, um=0","Time elapsed: 6.78 seconds","/home/thomasverwaal/Robust-Rail-NL/mathematical-models/local_search_plans_discreet_120/plan_30_trains_30_units7.json"
"/home/thomasverwaal/Robust-Rail-NL/mathematical-models/scenarios_solver_types_120/scenario_solver_30_trains_30_units7.json","Cost of next node: Cost = 1,616.4 : 1,692.56 | cr=11, dd=24, da=3, tlv=15, sm=60, rd=104.00, cd=0, um=0","Time elapsed: 6.96 seconds","/home/thomasverwaal/Robust-Rail-NL/mathematical-models/local_search_plans_discreet_120/plan_30_trains_30_units7.json"
"/home/thomasverwaal/Robust-Rail-NL/mathematical-models/scenarios_solver_types_120/scenario_solver_30_trains_30_units7.json","Cost of next node: Cost = 1,516.6 : 1,592.77 | cr=11, dd=22, da=3, tlv=15, sm=60, rd=102.00, cd=0, um=0","Time elapsed: 7.18 seconds","/home/thomasverwaal/Robust-Rail-NL/mathematical-models/local_search_plans_discreet_120/plan_30_trains_30_units7.json"
"/home/thomasverwaal/Robust-Rail-NL/mathematical-models/scenarios_solver_types_120/scenario_solver_30_trains_30_units7.json","Cost of next node: Cost = 1,413.6 : 1,494.80 | cr=11, dd=20, da=2, tlv=16, sm=60, rd=98.00, cd=0, um=0","Time elapsed: 7.37 seconds","/home/thomasverwaal/Robust-Rail-NL/mathematical-models/local_search_plans_discreet_120/plan_30_trains_30_units7.json"
"/home/thomasverwaal/Robust-Rail-NL/mathematical-models/scenarios_solver_types_120/scenario_solver_30_trains_30_units7.json","Cost of next node: Cost = 1,388.6 : 1,464.80 | cr=10, dd=20, da=2, tlv=15, sm=60, rd=100.00, cd=0, um=0","Time elapsed: 7.63 seconds","/home/thomasverwaal/Robust-Rail-NL/mathematical-models/local_search_plans_discreet_120/plan_30_trains_30_units7.json"
"/home/thomasverwaal/Robust-Rail-NL/mathematical-models/scenarios_solver_types_120/scenario_solver_30_trains_30_units7.json","Cost of next node: Cost = 1,368.2 : 1,444.37 | cr=8, dd=20, da=2, tlv=15, sm=60, rd=97.00, cd=0, um=0","Time elapsed: 7.92 seconds","/home/thomasverwaal/Robust-Rail-NL/mathematical-models/local_search_plans_discreet_120/plan_30_trains_30_units7.json"
"/home/thomasverwaal/Robust-Rail-NL/mathematical-models/scenarios_solver_types_120/scenario_solver_30_trains_30_units7.json","Cost of next node: Cost = 1,336.0 : 1,407.25 | cr=12, dd=19, da=2, tlv=14, sm=60, rd=95.00, cd=0, um=0","Time elapsed: 8.11 seconds","/home/thomasverwaal/Robust-Rail-NL/mathematical-models/local_search_plans_discreet_120/plan_30_trains_30_units7.json"
"/home/thomasverwaal/Robust-Rail-NL/mathematical-models/scenarios_solver_types_120/scenario_solver_30_trains_30_units7.json","Cost of next node: Cost = 1,305.6 : 1,376.83 | cr=14, dd=18, da=2, tlv=14, sm=60, rd=92.00, cd=0, um=0","Time elapsed: 8.34 seconds","/home/thomasverwaal/Robust-Rail-NL/mathematical-models/local_search_plans_discreet_120/plan_30_trains_30_units7.json"
"/home/thomasverwaal/Robust-Rail-NL/mathematical-models/scenarios_solver_types_120/scenario_solver_30_trains_30_units7.json","Cost of next node: Cost = 1,280.6 : 1,346.83 | cr=13, dd=18, da=2, tlv=13, sm=60, rd=94.00, cd=0, um=0","Time elapsed: 8.52 seconds","/home/thomasverwaal/Robust-Rail-NL/mathematical-models/local_search_plans_discreet_120/plan_30_trains_30_units7.json"
"/home/thomasverwaal/Robust-Rail-NL/mathematical-models/scenarios_solver_types_120/scenario_solver_30_trains_30_units7.json","Cost of next node: Cost = 1,019.9 : 1,091.10 | cr=13, dd=13, da=1, tlv=14, sm=60, rd=86.00, cd=0, um=0","Time elapsed: 8.78 seconds","/home/thomasverwaal/Robust-Rail-NL/mathematical-models/local_search_plans_discreet_120/plan_30_trains_30_units7.json"
"/home/thomasverwaal/Robust-Rail-NL/mathematical-models/scenarios_solver_types_120/scenario_solver_30_trains_30_units7.json","Cost of next node: Cost = 417.4 : 493.60 | cr=12, dd=1, da=1, tlv=15, sm=60, rd=74.00, cd=0, um=0","Time elapsed: 9.07 seconds","/home/thomasverwaal/Robust-Rail-NL/mathematical-models/local_search_plans_discreet_120/plan_30_trains_30_units7.json"
"/home/thomasverwaal/Robust-Rail-NL/mathematical-models/scenarios_solver_types_120/scenario_solver_30_trains_30_units7.json","Cost of next node: Cost = 402.4 : 473.60 | cr=12, dd=1, da=1, tlv=14, sm=60, rd=76.00, cd=0, um=0","Time elapsed: 13.22 seconds","/home/thomasverwaal/Robust-Rail-NL/mathematical-models/local_search_plans_discreet_120/plan_30_trains_30_units7.json"
"/home/thomasverwaal/Robust-Rail-NL/mathematical-models/scenarios_solver_types_120/scenario_solver_30_trains_30_units7.json","Cost of next node: Cost = 387.4 : 453.60 | cr=12, dd=1, da=1, tlv=13, sm=60, rd=78.00, cd=0, um=0","Time elapsed: 16.86 seconds","/home/thomasverwaal/Robust-Rail-NL/mathematical-models/local_search_plans_discreet_120/plan_30_trains_30_units7.json"
"/home/thomasverwaal/Robust-Rail-NL/mathematical-models/scenarios_solver_types_120/scenario_solver_30_trains_30_units7.json","Cost of next node: Cost = 377.4 : 443.60 | cr=11, dd=1, da=1, tlv=13, sm=60, rd=78.00, cd=0, um=0","Time elapsed: 19.89 seconds","/home/thomasverwaal/Robust-Rail-NL/mathematical-models/local_search_plans_discreet_120/plan_30_trains_30_units7.json"
"/home/thomasverwaal/Robust-Rail-NL/mathematical-models/scenarios_solver_types_120/scenario_solver_30_trains_30_units7.json","Cost of next node: Cost = 362.4 : 423.62 | cr=11, dd=1, da=1, tlv=12, sm=61, rd=78.69, cd=0, um=0","Time elapsed: 22.45 seconds","/home/thomasverwaal/Robust-Rail-NL/mathematical-models/local_search_plans_discreet_120/plan_30_trains_30_units7.json"
"/home/thomasverwaal/Robust-Rail-NL/mathematical-models/scenarios_solver_types_120/scenario_solver_30_trains_30_units7.json","Cost of next node: Cost = 352.4 : 413.62 | cr=10, dd=1, da=1, tlv=12, sm=61, rd=78.69, cd=0, um=0","Time elapsed: 25.42 seconds","/home/thomasverwaal/Robust-Rail-NL/mathematical-models/local_search_plans_discreet_120/plan_30_trains_30_units7.json"
"/home/thomasverwaal/Robust-Rail-NL/mathematical-models/scenarios_solver_types_120/scenario_solver_30_trains_30_units7.json","Cost of next node: Cost = 342.4 : 403.62 | cr=9, dd=1, da=1, tlv=12, sm=61, rd=80.66, cd=0, um=0","Time elapsed: 27.67 seconds","/home/thomasverwaal/Robust-Rail-NL/mathematical-models/local_search_plans_discreet_120/plan_30_trains_30_units7.json"
"/home/thomasverwaal/Robust-Rail-NL/mathematical-models/scenarios_solver_types_120/scenario_solver_30_trains_30_units7.json","Cost of next node: Cost = 332.4 : 393.62 | cr=8, dd=1, da=1, tlv=12, sm=61, rd=80.66, cd=0, um=0","Time elapsed: 29.65 seconds","/home/thomasverwaal/Robust-Rail-NL/mathematical-models/local_search_plans_discreet_120/plan_30_trains_30_units7.json"
"/home/thomasverwaal/Robust-Rail-NL/mathematical-models/scenarios_solver_types_120/scenario_solver_30_trains_30_units7.json","Cost of next node: Cost = 322.4 : 383.62 | cr=7, dd=1, da=1, tlv=12, sm=61, rd=80.66, cd=0, um=0","Time elapsed: 31.21 seconds","/home/thomasverwaal/Robust-Rail-NL/mathematical-models/local_search_plans_discreet_120/plan_30_trains_30_units7.json"
"/home/thomasverwaal/Robust-Rail-NL/mathematical-models/scenarios_solver_types_120/scenario_solver_30_trains_30_units7.json","Cost of next node: Cost = 312.4 : 373.62 | cr=6, dd=1, da=1, tlv=12, sm=61, rd=80.66, cd=0, um=0","Time elapsed: 32.62 seconds","/home/thomasverwaal/Robust-Rail-NL/mathematical-models/local_search_plans_discreet_120/plan_30_trains_30_units7.json"
"/home/thomasverwaal/Robust-Rail-NL/mathematical-models/scenarios_solver_types_120/scenario_solver_30_trains_30_units7.json","Cost of next node: Cost = 302.4 : 363.64 | cr=5, dd=1, da=1, tlv=12, sm=62, rd=81.29, cd=0, um=0","Time elapsed: 33.67 seconds","/home/thomasverwaal/Robust-Rail-NL/mathematical-models/local_search_plans_discreet_120/plan_30_trains_30_units7.json"
"/home/thomasverwaal/Robust-Rail-NL/mathematical-models/scenarios_solver_types_120/scenario_solver_30_trains_30_units7.json","Cost of next node: Cost = 297.4 : 353.64 | cr=6, dd=1, da=1, tlv=11, sm=62, rd=83.23, cd=0, um=0","Time elapsed: 34.83 seconds","/home/thomasverwaal/Robust-Rail-NL/mathematical-models/local_search_plans_discreet_120/plan_30_trains_30_units7.json"
"/home/thomasverwaal/Robust-Rail-NL/mathematical-models/scenarios_solver_types_120/scenario_solver_30_trains_30_units7.json","Cost of next node: Cost = 240.0 : 301.24 | cr=6, dd=0, da=0, tlv=12, sm=62, rd=79.35, cd=0, um=0","Time elapsed: 35.02 seconds","/home/thomasverwaal/Robust-Rail-NL/mathematical-models/local_search_plans_discreet_120/plan_30_trains_30_units7.json"
"/home/thomasverwaal/Robust-Rail-NL/mathematical-models/scenarios_solver_types_120/scenario_solver_30_trains_30_units7.json","Cost of next node: Cost = 230.0 : 291.24 | cr=5, dd=0, da=0, tlv=12, sm=62, rd=79.35, cd=0, um=0","Time elapsed: 36.14 seconds","/home/thomasverwaal/Robust-Rail-NL/mathematical-models/local_search_plans_discreet_120/plan_30_trains_30_units7.json"
"/home/thomasverwaal/Robust-Rail-NL/mathematical-models/scenarios_solver_types_120/scenario_solver_30_trains_30_units7.json","Cost of next node: Cost = 220.0 : 281.26 | cr=4, dd=0, da=0, tlv=12, sm=63, rd=80.00, cd=0, um=0","Time elapsed: 60.52 seconds","/home/thomasverwaal/Robust-Rail-NL/mathematical-models/local_search_plans_discreet_120/plan_30_trains_30_units7.json"
"/home/thomasverwaal/Robust-Rail-NL/mathematical-models/scenarios_solver_types_120/scenario_solver_30_trains_30_units7.json","Cost of next node: Cost = 210.0 : 271.26 | cr=3, dd=0, da=0, tlv=12, sm=63, rd=80.00, cd=0, um=0","Time elapsed: 91.86 seconds","/home/thomasverwaal/Robust-Rail-NL/mathematical-models/local_search_plans_discreet_120/plan_30_trains_30_units7.json"
"/home/thomasverwaal/Robust-Rail-NL/mathematical-models/scenarios_solver_types_120/scenario_solver_30_trains_30_units7.json","NO_COST_FOUND","NO_TIME_FOUND","NO_PLAN_CREATED"
"/home/thomasverwaal/Robust-Rail-NL/mathematical-models/scenarios_solver_types_120/scenario_solver_30_trains_30_units8.json","Cost of next node: Cost = 2,634.6 : 2,640.82 | cr=41, dd=30, da=26, tlv=1, sm=60, rd=187.00, cd=0, um=0","Time elapsed: 2.39 seconds","/home/thomasverwaal/Robust-Rail-NL/mathematical-models/local_search_plans_discreet_120/plan_30_trains_30_units8.json"
"/home/thomasverwaal/Robust-Rail-NL/mathematical-models/scenarios_solver_types_120/scenario_solver_30_trains_30_units8.json","Cost of next node: Cost = 2,609.6 : 2,610.82 | cr=40, dd=30, da=26, tlv=0, sm=60, rd=187.00, cd=0, um=0","Time elapsed: 2.49 seconds","/home/thomasverwaal/Robust-Rail-NL/mathematical-models/local_search_plans_discreet_120/plan_30_trains_30_units8.json"
"/home/thomasverwaal/Robust-Rail-NL/mathematical-models/scenarios_solver_types_120/scenario_solver_30_trains_30_units8.json","Cost of next node: Cost = 2,587.8 : 2,594.02 | cr=37, dd=30, da=25, tlv=1, sm=60, rd=188.00, cd=0, um=0","Time elapsed: 2.58 seconds","/home/thomasverwaal/Robust-Rail-NL/mathematical-models/local_search_plans_discreet_120/plan_30_trains_30_units8.json"
"/home/thomasverwaal/Robust-Rail-NL/mathematical-models/scenarios_solver_types_120/scenario_solver_30_trains_30_units8.json","Cost of next node: Cost = 2,557.4 : 2,568.59 | cr=34, dd=30, da=24, tlv=2, sm=60, rd=186.00, cd=0, um=0","Time elapsed: 2.69 seconds","/home/thomasverwaal/Robust-Rail-NL/mathematical-models/local_search_plans_discreet_120/plan_30_trains_30_units8.json"
"/home/thomasverwaal/Robust-Rail-NL/mathematical-models/scenarios_solver_types_120/scenario_solver_30_trains_30_units8.json","Cost of next node: Cost = 2,528.3 : 2,539.47 | cr=36, dd=30, da=23, tlv=2, sm=60, rd=186.00, cd=0, um=0","Time elapsed: 2.75 seconds","/home/thomasverwaal/Robust-Rail-NL/mathematical-models/local_search_plans_discreet_120/plan_30_trains_30_units8.json"
"/home/thomasverwaal/Robust-Rail-NL/mathematical-models/scenarios_solver_types_120/scenario_solver_30_trains_30_units8.json","Cost of next node: Cost = 2,492.3 : 2,508.48 | cr=30, dd=30, da=23, tlv=3, sm=60, rd=193.00, cd=0, um=0","Time elapsed: 2.88 seconds","/home/thomasverwaal/Robust-Rail-NL/mathematical-models/local_search_plans_discreet_120/plan_30_trains_30_units8.json"
"/home/thomasverwaal/Robust-Rail-NL/mathematical-models/scenarios_solver_types_120/scenario_solver_30_trains_30_units8.json","Cost of next node: Cost = 2,470.3 : 2,491.48 | cr=33, dd=30, da=21, tlv=4, sm=60, rd=186.00, cd=0, um=0","Time elapsed: 3.02 seconds","/home/thomasverwaal/Robust-Rail-NL/mathematical-models/local_search_plans_discreet_120/plan_30_trains_30_units8.json"
"/home/thomasverwaal/Robust-Rail-NL/mathematical-models/scenarios_solver_types_120/scenario_solver_30_trains_30_units8.json","Cost of next node: Cost = 2,445.7 : 2,471.91 | cr=34, dd=30, da=19, tlv=5, sm=60, rd=181.00, cd=0, um=0","Time elapsed: 3.09 seconds","/home/thomasverwaal/Robust-Rail-NL/mathematical-models/local_search_plans_discreet_120/plan_30_trains_30_units8.json"
"/home/thomasverwaal/Robust-Rail-NL/mathematical-models/scenarios_solver_types_120/scenario_solver_30_trains_30_units8.json","Cost of next node: Cost = 2,364.5 : 2,390.71 | cr=34, dd=30, da=15, tlv=5, sm=60, rd=177.00, cd=0, um=0","Time elapsed: 3.17 seconds","/home/thomasverwaal/Robust-Rail-NL/mathematical-models/local_search_plans_discreet_120/plan_30_trains_30_units8.json"
"/home/thomasverwaal/Robust-Rail-NL/mathematical-models/scenarios_solver_types_120/scenario_solver_30_trains_30_units8.json","Cost of next node: Cost = 2,333.4 : 2,364.63 | cr=29, dd=30, da=15, tlv=6, sm=60, rd=177.00, cd=0, um=0","Time elapsed: 3.23 seconds","/home/thomasverwaal/Robust-Rail-NL/mathematical-models/local_search_plans_discreet_120/plan_30_trains_30_units8.json"
"/home/thomasverwaal/Robust-Rail-NL/mathematical-models/scenarios_solver_types_120/scenario_solver_30_trains_30_units8.json","Cost of next node: Cost = 2,302.6 : 2,338.82 | cr=25, dd=30, da=15, tlv=7, sm=60, rd=175.00, cd=0, um=0","Time elapsed: 3.27 seconds","/home/thomasverwaal/Robust-Rail-NL/mathematical-models/local_search_plans_discreet_120/plan_30_trains_30_units8.json"
"/home/thomasverwaal/Robust-Rail-NL/mathematical-models/scenarios_solver_types_120/scenario_solver_30_trains_30_units8.json","Cost of next node: Cost = 2,265.4 : 2,301.64 | cr=24, dd=30, da=15, tlv=7, sm=60, rd=169.00, cd=0, um=0","Time elapsed: 3.36 seconds","/home/thomasverwaal/Robust-Rail-NL/mathematical-models/local_search_plans_discreet_120/plan_30_trains_30_units8.json"
"/home/thomasverwaal/Robust-Rail-NL/mathematical-models/scenarios_solver_types_120/scenario_solver_30_trains_30_units8.json","Cost of next node: Cost = 2,168.5 : 2,204.68 | cr=25, dd=30, da=11, tlv=7, sm=60, rd=159.00, cd=0, um=0","Time elapsed: 3.48 seconds","/home/thomasverwaal/Robust-Rail-NL/mathematical-models/local_search_plans_discreet_120/plan_30_trains_30_units8.json"
"/home/thomasverwaal/Robust-Rail-NL/mathematical-models/scenarios_solver_types_120/scenario_solver_30_trains_30_units8.json","Cost of next node: Cost = 2,146.7 : 2,182.94 | cr=23, dd=30, da=11, tlv=7, sm=60, rd=157.00, cd=0, um=0","Time elapsed: 3.75 seconds","/home/thomasverwaal/Robust-Rail-NL/mathematical-models/local_search_plans_discreet_120/plan_30_trains_30_units8.json"
"/home/thomasverwaal/Robust-Rail-NL/mathematical-models/scenarios_solver_types_120/scenario_solver_30_trains_30_units8.json","Cost of next node: Cost = 2,122.3 : 2,163.54 | cr=18, dd=30, da=11, tlv=8, sm=60, rd=159.00, cd=0, um=0","Time elapsed: 4.04 seconds","/home/thomasverwaal/Robust-Rail-NL/mathematical-models/local_search_plans_discreet_120/plan_30_trains_30_units8.json"
"/home/thomasverwaal/Robust-Rail-NL/mathematical-models/scenarios_solver_types_120/scenario_solver_30_trains_30_units8.json","Cost of next node: Cost = 2,097.1 : 2,143.27 | cr=11, dd=30, da=11, tlv=9, sm=60, rd=167.00, cd=0, um=0","Time elapsed: 4.40 seconds","/home/thomasverwaal/Robust-Rail-NL/mathematical-models/local_search_plans_discreet_120/plan_30_trains_30_units8.json"
"/home/thomasverwaal/Robust-Rail-NL/mathematical-models/scenarios_solver_types_120/scenario_solver_30_trains_30_units8.json","Cost of next node: Cost = 2,077.0 : 2,128.23 | cr=12, dd=30, da=10, tlv=10, sm=60, rd=160.00, cd=0, um=0","Time elapsed: 4.69 seconds","/home/thomasverwaal/Robust-Rail-NL/mathematical-models/local_search_plans_discreet_120/plan_30_trains_30_units8.json"
"/home/thomasverwaal/Robust-Rail-NL/mathematical-models/scenarios_solver_types_120/scenario_solver_30_trains_30_units8.json","Cost of next node: Cost = 2,028.8 : 2,079.99 | cr=11, dd=30, da=8, tlv=10, sm=60, rd=157.00, cd=0, um=0","Time elapsed: 4.77 seconds","/home/thomasverwaal/Robust-Rail-NL/mathematical-models/local_search_plans_discreet_120/plan_30_trains_30_units8.json"
"/home/thomasverwaal/Robust-Rail-NL/mathematical-models/scenarios_solver_types_120/scenario_solver_30_trains_30_units8.json","Cost of next node: Cost = 2,006.7 : 2,057.94 | cr=12, dd=30, da=7, tlv=10, sm=60, rd=153.00, cd=0, um=0","Time elapsed: 5.17 seconds","/home/thomasverwaal/Robust-Rail-NL/mathematical-models/local_search_plans_discreet_120/plan_30_trains_30_units8.json"
"/home/thomasverwaal/Robust-Rail-NL/mathematical-models/scenarios_solver_types_120/scenario_solver_30_trains_30_units8.json","Cost of next node: Cost = 1,984.4 : 2,035.61 | cr=10, dd=30, da=7, tlv=10, sm=60, rd=151.00, cd=0, um=0","Time elapsed: 5.59 seconds","/home/thomasverwaal/Robust-Rail-NL/mathematical-models/local_search_plans_discreet_120/plan_30_trains_30_units8.json"
"/home/thomasverwaal/Robust-Rail-NL/mathematical-models/scenarios_solver_types_120/scenario_solver_30_trains_30_units8.json","Cost of next node: Cost = 1,961.7 : 2,017.87 | cr=9, dd=30, da=6, tlv=11, sm=60, rd=147.00, cd=0, um=0","Time elapsed: 5.92 seconds","/home/thomasverwaal/Robust-Rail-NL/mathematical-models/local_search_plans_discreet_120/plan_30_trains_30_units8.json"
"/home/thomasverwaal/Robust-Rail-NL/mathematical-models/scenarios_solver_types_120/scenario_solver_30_trains_30_units8.json","Cost of next node: Cost = 1,922.7 : 1,983.93 | cr=8, dd=30, da=5, tlv=12, sm=60, rd=139.00, cd=0, um=0","Time elapsed: 6.27 seconds","/home/thomasverwaal/Robust-Rail-NL/mathematical-models/local_search_plans_discreet_120/plan_30_trains_30_units8.json"
"/home/thomasverwaal/Robust-Rail-NL/mathematical-models/scenarios_solver_types_120/scenario_solver_30_trains_30_units8.json","Cost of next node: Cost = 1,900.5 : 1,966.74 | cr=7, dd=30, da=5, tlv=13, sm=60, rd=129.00, cd=0, um=0","Time elapsed: 6.63 seconds","/home/thomasverwaal/Robust-Rail-NL/mathematical-models/local_search_plans_discreet_120/plan_30_trains_30_units8.json"
"/home/thomasverwaal/Robust-Rail-NL/mathematical-models/scenarios_solver_types_120/scenario_solver_30_trains_30_units8.json","Cost of next node: Cost = 1,868.1 : 1,934.29 | cr=6, dd=30, da=4, tlv=13, sm=60, rd=125.00, cd=0, um=0","Time elapsed: 6.83 seconds","/home/thomasverwaal/Robust-Rail-NL/mathematical-models/local_search_plans_discreet_120/plan_30_trains_30_units8.json"
"/home/thomasverwaal/Robust-Rail-NL/mathematical-models/scenarios_solver_types_120/scenario_solver_30_trains_30_units8.json","Cost of next node: Cost = 1,845.5 : 1,916.65 | cr=7, dd=30, da=2, tlv=14, sm=60, rd=119.00, cd=0, um=0","Time elapsed: 7.15 seconds","/home/thomasverwaal/Robust-Rail-NL/mathematical-models/local_search_plans_discreet_120/plan_30_trains_30_units8.json"
"/home/thomasverwaal/Robust-Rail-NL/mathematical-models/scenarios_solver_types_120/scenario_solver_30_trains_30_units8.json","Cost of next node: Cost = 1,700.1 : 1,776.28 | cr=7, dd=24, da=9, tlv=15, sm=60, rd=117.00, cd=0, um=0","Time elapsed: 7.26 seconds","/home/thomasverwaal/Robust-Rail-NL/mathematical-models/local_search_plans_discreet_120/plan_30_trains_30_units8.json"
"/home/thomasverwaal/Robust-Rail-NL/mathematical-models/scenarios_solver_types_120/scenario_solver_30_trains_30_units8.json","Cost of next node: Cost = 1,670.5 : 1,741.69 | cr=10, dd=24, da=7, tlv=14, sm=60, rd=114.00, cd=0, um=0","Time elapsed: 7.40 seconds","/home/thomasverwaal/Robust-Rail-NL/mathematical-models/local_search_plans_discreet_120/plan_30_trains_30_units8.json"
"/home/thomasverwaal/Robust-Rail-NL/mathematical-models/scenarios_solver_types_120/scenario_solver_30_trains_30_units8.json","Cost of next node: Cost = 1,625.5 : 1,701.68 | cr=11, dd=23, da=6, tlv=15, sm=60, rd=112.00, cd=0, um=0","Time elapsed: 7.59 seconds","/home/thomasverwaal/Robust-Rail-NL/mathematical-models/local_search_plans_discreet_120/plan_30_trains_30_units8.json"
"/home/thomasverwaal/Robust-Rail-NL/mathematical-models/scenarios_solver_types_120/scenario_solver_30_trains_30_units8.json","Cost of next node: Cost = 1,541.8 : 1,617.98 | cr=11, dd=21, da=7, tlv=15, sm=60, rd=109.00, cd=0, um=0","Time elapsed: 7.75 seconds","/home/thomasverwaal/Robust-Rail-NL/mathematical-models/local_search_plans_discreet_120/plan_30_trains_30_units8.json"
"/home/thomasverwaal/Robust-Rail-NL/mathematical-models/scenarios_solver_types_120/scenario_solver_30_trains_30_units8.json","Cost of next node: Cost = 1,516.8 : 1,587.98 | cr=10, dd=21, da=7, tlv=14, sm=60, rd=109.00, cd=0, um=0","Time elapsed: 8.02 seconds","/home/thomasverwaal/Robust-Rail-NL/mathematical-models/local_search_plans_discreet_120/plan_30_trains_30_units8.json"
"/home/thomasverwaal/Robust-Rail-NL/mathematical-models/scenarios_solver_types_120/scenario_solver_30_trains_30_units8.json","Cost of next node: Cost = 1,362.9 : 1,439.13 | cr=11, dd=17, da=8, tlv=15, sm=60, rd=109.00, cd=0, um=0","Time elapsed: 8.22 seconds","/home/thomasverwaal/Robust-Rail-NL/mathematical-models/local_search_plans_discreet_120/plan_30_trains_30_units8.json"
"/home/thomasverwaal/Robust-Rail-NL/mathematical-models/scenarios_solver_types_120/scenario_solver_30_trains_30_units8.json","Cost of next node: Cost = 1,254.3 : 1,330.55 | cr=10, dd=15, da=8, tlv=15, sm=60, rd=105.00, cd=0, um=0","Time elapsed: 8.47 seconds","/home/thomasverwaal/Robust-Rail-NL/mathematical-models/local_search_plans_discreet_120/plan_30_trains_30_units8.json"
"/home/thomasverwaal/Robust-Rail-NL/mathematical-models/scenarios_solver_types_120/scenario_solver_30_trains_30_units8.json","Cost of next node: Cost = 1,171.0 : 1,252.16 | cr=12, dd=13, da=7, tlv=16, sm=60, rd=99.00, cd=0, um=0","Time elapsed: 8.76 seconds","/home/thomasverwaal/Robust-Rail-NL/mathematical-models/local_search_plans_discreet_120/plan_30_trains_30_units8.json"
"/home/thomasverwaal/Robust-Rail-NL/mathematical-models/scenarios_solver_types_120/scenario_solver_30_trains_30_units8.json","Cost of next node: Cost = 1,146.0 : 1,222.16 | cr=11, dd=13, da=7, tlv=15, sm=60, rd=99.00, cd=0, um=0","Time elapsed: 8.92 seconds","/home/thomasverwaal/Robust-Rail-NL/mathematical-models/local_search_plans_discreet_120/plan_30_trains_30_units8.json"
"/home/thomasverwaal/Robust-Rail-NL/mathematical-models/scenarios_solver_types_120/scenario_solver_30_trains_30_units8.json","Cost of next node: Cost = 874.0 : 955.21 | cr=10, dd=8, da=6, tlv=16, sm=60, rd=91.00, cd=0, um=0","Time elapsed: 9.09 seconds","/home/thomasverwaal/Robust-Rail-NL/mathematical-models/local_search_plans_discreet_120/plan_30_trains_30_units8.json"
"/home/thomasverwaal/Robust-Rail-NL/mathematical-models/scenarios_solver_types_120/scenario_solver_30_trains_30_units8.json","Cost of next node: Cost = 692.1 : 778.29 | cr=16, dd=3, da=6, tlv=17, sm=60, rd=82.00, cd=0, um=0","Time elapsed: 9.27 seconds","/home/thomasverwaal/Robust-Rail-NL/mathematical-models/local_search_plans_discreet_120/plan_30_trains_30_units8.json"
"/home/thomasverwaal/Robust-Rail-NL/mathematical-models/scenarios_solver_types_120/scenario_solver_30_trains_30_units8.json","Cost of next node: Cost = 667.1 : 748.29 | cr=15, dd=3, da=6, tlv=16, sm=60, rd=82.00, cd=0, um=0","Time elapsed: 9.50 seconds","/home/thomasverwaal/Robust-Rail-NL/mathematical-models/local_search_plans_discreet_120/plan_30_trains_30_units8.json"
"/home/thomasverwaal/Robust-Rail-NL/mathematical-models/scenarios_solver_types_120/scenario_solver_30_trains_30_units8.json","Cost of next node: Cost = 624.7 : 705.90 | cr=17, dd=1, da=8, tlv=16, sm=60, rd=85.00, cd=0, um=0","Time elapsed: 9.73 seconds","/home/thomasverwaal/Robust-Rail-NL/mathematical-models/local_search_plans_discreet_120/plan_30_trains_30_units8.json"
"/home/thomasverwaal/Robust-Rail-NL/mathematical-models/scenarios_solver_types_120/scenario_solver_30_trains_30_units8.json","Cost of next node: Cost = 599.7 : 675.90 | cr=16, dd=1, da=8, tlv=15, sm=60, rd=85.00, cd=0, um=0","Time elapsed: 9.85 seconds","/home/thomasverwaal/Robust-Rail-NL/mathematical-models/local_search_plans_discreet_120/plan_30_trains_30_units8.json"
"/home/thomasverwaal/Robust-Rail-NL/mathematical-models/scenarios_solver_types_120/scenario_solver_30_trains_30_units8.json","Cost of next node: Cost = 574.7 : 645.90 | cr=15, dd=1, da=8, tlv=14, sm=60, rd=85.00, cd=0, um=0","Time elapsed: 10.08 seconds","/home/thomasverwaal/Robust-Rail-NL/mathematical-models/local_search_plans_discreet_120/plan_30_trains_30_units8.json"
"/home/thomasverwaal/Robust-Rail-NL/mathematical-models/scenarios_solver_types_120/scenario_solver_30_trains_30_units8.json","Cost of next node: Cost = 553.5 : 624.75 | cr=15, dd=1, da=7, tlv=14, sm=61, rd=82.62, cd=0, um=0","Time elapsed: 10.35 seconds","/home/thomasverwaal/Robust-Rail-NL/mathematical-models/local_search_plans_discreet_120/plan_30_trains_30_units8.json"
"/home/thomasverwaal/Robust-Rail-NL/mathematical-models/scenarios_solver_types_120/scenario_solver_30_trains_30_units8.json","Cost of next node: Cost = 533.3 : 604.52 | cr=15, dd=1, da=6, tlv=14, sm=61, rd=82.62, cd=0, um=0","Time elapsed: 10.60 seconds","/home/thomasverwaal/Robust-Rail-NL/mathematical-models/local_search_plans_discreet_120/plan_30_trains_30_units8.json"
"/home/thomasverwaal/Robust-Rail-NL/mathematical-models/scenarios_solver_types_120/scenario_solver_30_trains_30_units8.json","Cost of next node: Cost = 493.3 : 564.50 | cr=15, dd=1, da=4, tlv=14, sm=60, rd=82.00, cd=0, um=0","Time elapsed: 10.70 seconds","/home/thomasverwaal/Robust-Rail-NL/mathematical-models/local_search_plans_discreet_120/plan_30_trains_30_units8.json"
"/home/thomasverwaal/Robust-Rail-NL/mathematical-models/scenarios_solver_types_120/scenario_solver_30_trains_30_units8.json","Cost of next node: Cost = 453.3 : 524.52 | cr=11, dd=1, da=4, tlv=14, sm=61, rd=84.59, cd=0, um=0","Time elapsed: 11.79 seconds","/home/thomasverwaal/Robust-Rail-NL/mathematical-models/local_search_plans_discreet_120/plan_30_trains_30_units8.json"
"/home/thomasverwaal/Robust-Rail-NL/mathematical-models/scenarios_solver_types_120/scenario_solver_30_trains_30_units8.json","Cost of next node: Cost = 433.3 : 504.52 | cr=9, dd=1, da=4, tlv=14, sm=61, rd=84.59, cd=0, um=0","Time elapsed: 13.97 seconds","/home/thomasverwaal/Robust-Rail-NL/mathematical-models/local_search_plans_discreet_120/plan_30_trains_30_units8.json"
"/home/thomasverwaal/Robust-Rail-NL/mathematical-models/scenarios_solver_types_120/scenario_solver_30_trains_30_units8.json","Cost of next node: Cost = 413.3 : 484.52 | cr=9, dd=1, da=3, tlv=14, sm=61, rd=82.62, cd=0, um=0","Time elapsed: 15.70 seconds","/home/thomasverwaal/Robust-Rail-NL/mathematical-models/local_search_plans_discreet_120/plan_30_trains_30_units8.json"
"/home/thomasverwaal/Robust-Rail-NL/mathematical-models/scenarios_solver_types_120/scenario_solver_30_trains_30_units8.json","Cost of next node: Cost = 398.3 : 464.52 | cr=9, dd=1, da=3, tlv=13, sm=61, rd=84.59, cd=0, um=0","Time elapsed: 17.59 seconds","/home/thomasverwaal/Robust-Rail-NL/mathematical-models/local_search_plans_discreet_120/plan_30_trains_30_units8.json"
"/home/thomasverwaal/Robust-Rail-NL/mathematical-models/scenarios_solver_types_120/scenario_solver_30_trains_30_units8.json","Cost of next node: Cost = 351.8 : 423.02 | cr=10, dd=0, da=2, tlv=14, sm=61, rd=80.66, cd=0, um=0","Time elapsed: 17.70 seconds","/home/thomasverwaal/Robust-Rail-NL/mathematical-models/local_search_plans_discreet_120/plan_30_trains_30_units8.json"
"/home/thomasverwaal/Robust-Rail-NL/mathematical-models/scenarios_solver_types_120/scenario_solver_30_trains_30_units8.json","Cost of next node: Cost = 336.8 : 403.02 | cr=10, dd=0, da=2, tlv=13, sm=61, rd=84.59, cd=0, um=0","Time elapsed: 19.58 seconds","/home/thomasverwaal/Robust-Rail-NL/mathematical-models/local_search_plans_discreet_120/plan_30_trains_30_units8.json"
"/home/thomasverwaal/Robust-Rail-NL/mathematical-models/scenarios_solver_types_120/scenario_solver_30_trains_30_units8.json","Cost of next node: Cost = 316.8 : 383.02 | cr=8, dd=0, da=2, tlv=13, sm=61, rd=82.62, cd=0, um=0","Time elapsed: 21.32 seconds","/home/thomasverwaal/Robust-Rail-NL/mathematical-models/local_search_plans_discreet_120/plan_30_trains_30_units8.json"
"/home/thomasverwaal/Robust-Rail-NL/mathematical-models/scenarios_solver_types_120/scenario_solver_30_trains_30_units8.json","Cost of next node: Cost = 301.8 : 363.02 | cr=8, dd=0, da=2, tlv=12, sm=61, rd=84.59, cd=0, um=0","Time elapsed: 22.69 seconds","/home/thomasverwaal/Robust-Rail-NL/mathematical-models/local_search_plans_discreet_120/plan_30_trains_30_units8.json"
"/home/thomasverwaal/Robust-Rail-NL/mathematical-models/scenarios_solver_types_120/scenario_solver_30_trains_30_units8.json","Cost of next node: Cost = 291.8 : 353.02 | cr=7, dd=0, da=2, tlv=12, sm=61, rd=84.59, cd=0, um=0","Time elapsed: 24.09 seconds","/home/thomasverwaal/Robust-Rail-NL/mathematical-models/local_search_plans_discreet_120/plan_30_trains_30_units8.json"
"/home/thomasverwaal/Robust-Rail-NL/mathematical-models/scenarios_solver_types_120/scenario_solver_30_trains_30_units8.json","Cost of next node: Cost = 281.8 : 343.02 | cr=6, dd=0, da=2, tlv=12, sm=61, rd=84.59, cd=0, um=0","Time elapsed: 25.42 seconds","/home/thomasverwaal/Robust-Rail-NL/mathematical-models/local_search_plans_discreet_120/plan_30_trains_30_units8.json"
"/home/thomasverwaal/Robust-Rail-NL/mathematical-models/scenarios_solver_types_120/scenario_solver_30_trains_30_units8.json","Cost of next node: Cost = 271.8 : 333.02 | cr=5, dd=0, da=2, tlv=12, sm=61, rd=84.59, cd=0, um=0","Time elapsed: 26.47 seconds","/home/thomasverwaal/Robust-Rail-NL/mathematical-models/local_search_plans_discreet_120/plan_30_trains_30_units8.json"
"/home/thomasverwaal/Robust-Rail-NL/mathematical-models/scenarios_solver_types_120/scenario_solver_30_trains_30_units8.json","Cost of next node: Cost = 261.8 : 323.02 | cr=4, dd=0, da=2, tlv=12, sm=61, rd=84.59, cd=0, um=0","Time elapsed: 27.68 seconds","/home/thomasverwaal/Robust-Rail-NL/mathematical-models/local_search_plans_discreet_120/plan_30_trains_30_units8.json"
"/home/thomasverwaal/Robust-Rail-NL/mathematical-models/scenarios_solver_types_120/scenario_solver_30_trains_30_units8.json","Cost of next node: Cost = 260.0 : 331.24 | cr=5, dd=0, da=0, tlv=14, sm=62, rd=77.42, cd=0, um=0","Time elapsed: 40.09 seconds","/home/thomasverwaal/Robust-Rail-NL/mathematical-models/local_search_plans_discreet_120/plan_30_trains_30_units8.json"
"/home/thomasverwaal/Robust-Rail-NL/mathematical-models/scenarios_solver_types_120/scenario_solver_30_trains_30_units8.json","Cost of next node: Cost = 245.0 : 311.26 | cr=5, dd=0, da=0, tlv=13, sm=63, rd=78.10, cd=0, um=0","Time elapsed: 41.05 seconds","/home/thomasverwaal/Robust-Rail-NL/mathematical-models/local_search_plans_discreet_120/plan_30_trains_30_units8.json"
"/home/thomasverwaal/Robust-Rail-NL/mathematical-models/scenarios_solver_types_120/scenario_solver_30_trains_30_units8.json","Cost of next node: Cost = 235.0 : 301.26 | cr=4, dd=0, da=0, tlv=13, sm=63, rd=80.00, cd=0, um=0","Time elapsed: 51.36 seconds","/home/thomasverwaal/Robust-Rail-NL/mathematical-models/local_search_plans_discreet_120/plan_30_trains_30_units8.json"
"/home/thomasverwaal/Robust-Rail-NL/mathematical-models/scenarios_solver_types_120/scenario_solver_30_trains_30_units8.json","Cost of next node: Cost = 220.0 : 281.26 | cr=4, dd=0, da=0, tlv=12, sm=63, rd=81.90, cd=0, um=0","Time elapsed: 52.35 seconds","/home/thomasverwaal/Robust-Rail-NL/mathematical-models/local_search_plans_discreet_120/plan_30_trains_30_units8.json"
"/home/thomasverwaal/Robust-Rail-NL/mathematical-models/scenarios_solver_types_120/scenario_solver_30_trains_30_units8.json","Cost of next node: Cost = 215.0 : 271.30 | cr=5, dd=0, da=0, tlv=11, sm=65, rd=83.08, cd=0, um=0","Time elapsed: 90.28 seconds","/home/thomasverwaal/Robust-Rail-NL/mathematical-models/local_search_plans_discreet_120/plan_30_trains_30_units8.json"
"/home/thomasverwaal/Robust-Rail-NL/mathematical-models/scenarios_solver_types_120/scenario_solver_30_trains_30_units8.json","NO_COST_FOUND","NO_TIME_FOUND","NO_PLAN_CREATED"
"/home/thomasverwaal/Robust-Rail-NL/mathematical-models/scenarios_solver_types_120/scenario_solver_30_trains_30_units9.json","Cost of next node: Cost = 2,624.1 : 2,630.26 | cr=40, dd=30, da=26, tlv=1, sm=60, rd=194.00, cd=0, um=0","Time elapsed: 2.24 seconds","/home/thomasverwaal/Robust-Rail-NL/mathematical-models/local_search_plans_discreet_120/plan_30_trains_30_units9.json"
"/home/thomasverwaal/Robust-Rail-NL/mathematical-models/scenarios_solver_types_120/scenario_solver_30_trains_30_units9.json","Cost of next node: Cost = 2,593.0 : 2,599.17 | cr=36, dd=30, da=26, tlv=1, sm=60, rd=197.00, cd=0, um=0","Time elapsed: 2.34 seconds","/home/thomasverwaal/Robust-Rail-NL/mathematical-models/local_search_plans_discreet_120/plan_30_trains_30_units9.json"
"/home/thomasverwaal/Robust-Rail-NL/mathematical-models/scenarios_solver_types_120/scenario_solver_30_trains_30_units9.json","Cost of next node: Cost = 2,572.6 : 2,583.82 | cr=34, dd=30, da=26, tlv=2, sm=60, rd=194.00, cd=0, um=0","Time elapsed: 2.40 seconds","/home/thomasverwaal/Robust-Rail-NL/mathematical-models/local_search_plans_discreet_120/plan_30_trains_30_units9.json"
"/home/thomasverwaal/Robust-Rail-NL/mathematical-models/scenarios_solver_types_120/scenario_solver_30_trains_30_units9.json","Cost of next node: Cost = 2,520.8 : 2,532.01 | cr=35, dd=30, da=24, tlv=2, sm=60, rd=187.00, cd=0, um=0","Time elapsed: 2.48 seconds","/home/thomasverwaal/Robust-Rail-NL/mathematical-models/local_search_plans_discreet_120/plan_30_trains_30_units9.json"
"/home/thomasverwaal/Robust-Rail-NL/mathematical-models/scenarios_solver_types_120/scenario_solver_30_trains_30_units9.json","Cost of next node: Cost = 2,495.9 : 2,512.06 | cr=36, dd=30, da=21, tlv=3, sm=60, rd=183.00, cd=0, um=0","Time elapsed: 2.54 seconds","/home/thomasverwaal/Robust-Rail-NL/mathematical-models/local_search_plans_discreet_120/plan_30_trains_30_units9.json"
"/home/thomasverwaal/Robust-Rail-NL/mathematical-models/scenarios_solver_types_120/scenario_solver_30_trains_30_units9.json","Cost of next node: Cost = 2,473.3 : 2,489.55 | cr=34, dd=30, da=21, tlv=3, sm=60, rd=181.00, cd=0, um=0","Time elapsed: 2.61 seconds","/home/thomasverwaal/Robust-Rail-NL/mathematical-models/local_search_plans_discreet_120/plan_30_trains_30_units9.json"
"/home/thomasverwaal/Robust-Rail-NL/mathematical-models/scenarios_solver_types_120/scenario_solver_30_trains_30_units9.json","Cost of next node: Cost = 2,425.5 : 2,446.71 | cr=30, dd=30, da=20, tlv=4, sm=60, rd=179.00, cd=0, um=0","Time elapsed: 2.66 seconds","/home/thomasverwaal/Robust-Rail-NL/mathematical-models/local_search_plans_discreet_120/plan_30_trains_30_units9.json"
"/home/thomasverwaal/Robust-Rail-NL/mathematical-models/scenarios_solver_types_120/scenario_solver_30_trains_30_units9.json","Cost of next node: Cost = 2,404.7 : 2,430.95 | cr=24, dd=30, da=20, tlv=5, sm=60, rd=186.00, cd=0, um=0","Time elapsed: 2.78 seconds","/home/thomasverwaal/Robust-Rail-NL/mathematical-models/local_search_plans_discreet_120/plan_30_trains_30_units9.json"
"/home/thomasverwaal/Robust-Rail-NL/mathematical-models/scenarios_solver_types_120/scenario_solver_30_trains_30_units9.json","Cost of next node: Cost = 2,381.5 : 2,412.74 | cr=24, dd=30, da=19, tlv=6, sm=60, rd=180.00, cd=0, um=0","Time elapsed: 2.91 seconds","/home/thomasverwaal/Robust-Rail-NL/mathematical-models/local_search_plans_discreet_120/plan_30_trains_30_units9.json"
"/home/thomasverwaal/Robust-Rail-NL/mathematical-models/scenarios_solver_types_120/scenario_solver_30_trains_30_units9.json","Cost of next node: Cost = 2,336.6 : 2,372.82 | cr=25, dd=30, da=16, tlv=7, sm=60, rd=172.00, cd=0, um=0","Time elapsed: 3.02 seconds","/home/thomasverwaal/Robust-Rail-NL/mathematical-models/local_search_plans_discreet_120/plan_30_trains_30_units9.json"
"/home/thomasverwaal/Robust-Rail-NL/mathematical-models/scenarios_solver_types_120/scenario_solver_30_trains_30_units9.json","Cost of next node: Cost = 2,272.4 : 2,308.63 | cr=30, dd=30, da=12, tlv=7, sm=60, rd=164.00, cd=0, um=0","Time elapsed: 3.13 seconds","/home/thomasverwaal/Robust-Rail-NL/mathematical-models/local_search_plans_discreet_120/plan_30_trains_30_units9.json"
"/home/thomasverwaal/Robust-Rail-NL/mathematical-models/scenarios_solver_types_120/scenario_solver_30_trains_30_units9.json","Cost of next node: Cost = 2,245.4 : 2,286.64 | cr=30, dd=30, da=10, tlv=8, sm=60, rd=158.00, cd=0, um=0","Time elapsed: 3.23 seconds","/home/thomasverwaal/Robust-Rail-NL/mathematical-models/local_search_plans_discreet_120/plan_30_trains_30_units9.json"
"/home/thomasverwaal/Robust-Rail-NL/mathematical-models/scenarios_solver_types_120/scenario_solver_30_trains_30_units9.json","Cost of next node: Cost = 2,220.4 : 2,266.59 | cr=27, dd=30, da=10, tlv=9, sm=60, rd=154.00, cd=0, um=0","Time elapsed: 3.47 seconds","/home/thomasverwaal/Robust-Rail-NL/mathematical-models/local_search_plans_discreet_120/plan_30_trains_30_units9.json"
"/home/thomasverwaal/Robust-Rail-NL/mathematical-models/scenarios_solver_types_120/scenario_solver_30_trains_30_units9.json","Cost of next node: Cost = 2,194.0 : 2,245.23 | cr=23, dd=30, da=10, tlv=10, sm=60, rd=152.00, cd=0, um=0","Time elapsed: 3.75 seconds","/home/thomasverwaal/Robust-Rail-NL/mathematical-models/local_search_plans_discreet_120/plan_30_trains_30_units9.json"
"/home/thomasverwaal/Robust-Rail-NL/mathematical-models/scenarios_solver_types_120/scenario_solver_30_trains_30_units9.json","Cost of next node: Cost = 2,165.1 : 2,216.26 | cr=23, dd=30, da=9, tlv=10, sm=60, rd=147.00, cd=0, um=0","Time elapsed: 3.90 seconds","/home/thomasverwaal/Robust-Rail-NL/mathematical-models/local_search_plans_discreet_120/plan_30_trains_30_units9.json"
"/home/thomasverwaal/Robust-Rail-NL/mathematical-models/scenarios_solver_types_120/scenario_solver_30_trains_30_units9.json","Cost of next node: Cost = 2,136.2 : 2,192.41 | cr=18, dd=30, da=9, tlv=11, sm=60, rd=147.00, cd=0, um=0","Time elapsed: 4.14 seconds","/home/thomasverwaal/Robust-Rail-NL/mathematical-models/local_search_plans_discreet_120/plan_30_trains_30_units9.json"
"/home/thomasverwaal/Robust-Rail-NL/mathematical-models/scenarios_solver_types_120/scenario_solver_30_trains_30_units9.json","Cost of next node: Cost = 2,103.5 : 2,164.74 | cr=13, dd=30, da=9, tlv=12, sm=60, rd=145.00, cd=0, um=0","Time elapsed: 4.43 seconds","/home/thomasverwaal/Robust-Rail-NL/mathematical-models/local_search_plans_discreet_120/plan_30_trains_30_units9.json"
"/home/thomasverwaal/Robust-Rail-NL/mathematical-models/scenarios_solver_types_120/scenario_solver_30_trains_30_units9.json","Cost of next node: Cost = 2,040.8 : 2,101.97 | cr=9, dd=30, da=8, tlv=12, sm=60, rd=143.00, cd=0, um=0","Time elapsed: 4.78 seconds","/home/thomasverwaal/Robust-Rail-NL/mathematical-models/local_search_plans_discreet_120/plan_30_trains_30_units9.json"
"/home/thomasverwaal/Robust-Rail-NL/mathematical-models/scenarios_solver_types_120/scenario_solver_30_trains_30_units9.json","Cost of next node: Cost = 2,011.5 : 2,072.75 | cr=8, dd=30, da=8, tlv=12, sm=60, rd=135.00, cd=0, um=0","Time elapsed: 5.34 seconds","/home/thomasverwaal/Robust-Rail-NL/mathematical-models/local_search_plans_discreet_120/plan_30_trains_30_units9.json"
"/home/thomasverwaal/Robust-Rail-NL/mathematical-models/scenarios_solver_types_120/scenario_solver_30_trains_30_units9.json","Cost of next node: Cost = 1,970.5 : 2,036.67 | cr=6, dd=30, da=8, tlv=13, sm=60, rd=123.00, cd=0, um=0","Time elapsed: 5.90 seconds","/home/thomasverwaal/Robust-Rail-NL/mathematical-models/local_search_plans_discreet_120/plan_30_trains_30_units9.json"
"/home/thomasverwaal/Robust-Rail-NL/mathematical-models/scenarios_solver_types_120/scenario_solver_30_trains_30_units9.json","Cost of next node: Cost = 1,950.4 : 2,016.59 | cr=7, dd=30, da=7, tlv=13, sm=60, rd=119.00, cd=0, um=0","Time elapsed: 6.25 seconds","/home/thomasverwaal/Robust-Rail-NL/mathematical-models/local_search_plans_discreet_120/plan_30_trains_30_units9.json"
"/home/thomasverwaal/Robust-Rail-NL/mathematical-models/scenarios_solver_types_120/scenario_solver_30_trains_30_units9.json","Cost of next node: Cost = 1,899.8 : 1,971.03 | cr=7, dd=30, da=5, tlv=14, sm=60, rd=111.00, cd=0, um=0","Time elapsed: 6.79 seconds","/home/thomasverwaal/Robust-Rail-NL/mathematical-models/local_search_plans_discreet_120/plan_30_trains_30_units9.json"
"/home/thomasverwaal/Robust-Rail-NL/mathematical-models/scenarios_solver_types_120/scenario_solver_30_trains_30_units9.json","Cost of next node: Cost = 1,617.6 : 1,688.85 | cr=7, dd=22, da=11, tlv=14, sm=60, rd=109.00, cd=0, um=0","Time elapsed: 6.88 seconds","/home/thomasverwaal/Robust-Rail-NL/mathematical-models/local_search_plans_discreet_120/plan_30_trains_30_units9.json"
"/home/thomasverwaal/Robust-Rail-NL/mathematical-models/scenarios_solver_types_120/scenario_solver_30_trains_30_units9.json","Cost of next node: Cost = 1,535.0 : 1,606.21 | cr=9, dd=20, da=11, tlv=14, sm=60, rd=107.00, cd=0, um=0","Time elapsed: 7.07 seconds","/home/thomasverwaal/Robust-Rail-NL/mathematical-models/local_search_plans_discreet_120/plan_30_trains_30_units9.json"
"/home/thomasverwaal/Robust-Rail-NL/mathematical-models/scenarios_solver_types_120/scenario_solver_30_trains_30_units9.json","Cost of next node: Cost = 1,484.8 : 1,556.00 | cr=10, dd=20, da=8, tlv=14, sm=60, rd=109.00, cd=0, um=0","Time elapsed: 7.17 seconds","/home/thomasverwaal/Robust-Rail-NL/mathematical-models/local_search_plans_discreet_120/plan_30_trains_30_units9.json"
"/home/thomasverwaal/Robust-Rail-NL/mathematical-models/scenarios_solver_types_120/scenario_solver_30_trains_30_units9.json","Cost of next node: Cost = 1,459.8 : 1,526.00 | cr=9, dd=20, da=8, tlv=13, sm=60, rd=109.00, cd=0, um=0","Time elapsed: 7.37 seconds","/home/thomasverwaal/Robust-Rail-NL/mathematical-models/local_search_plans_discreet_120/plan_30_trains_30_units9.json"
"/home/thomasverwaal/Robust-Rail-NL/mathematical-models/scenarios_solver_types_120/scenario_solver_30_trains_30_units9.json","Cost of next node: Cost = 1,434.8 : 1,496.00 | cr=8, dd=20, da=8, tlv=12, sm=60, rd=109.00, cd=0, um=0","Time elapsed: 7.57 seconds","/home/thomasverwaal/Robust-Rail-NL/mathematical-models/local_search_plans_discreet_120/plan_30_trains_30_units9.json"
"/home/thomasverwaal/Robust-Rail-NL/mathematical-models/scenarios_solver_types_120/scenario_solver_30_trains_30_units9.json","Cost of next node: Cost = 1,339.8 : 1,405.97 | cr=9, dd=18, da=7, tlv=13, sm=60, rd=105.00, cd=0, um=0","Time elapsed: 7.70 seconds","/home/thomasverwaal/Robust-Rail-NL/mathematical-models/local_search_plans_discreet_120/plan_30_trains_30_units9.json"
"/home/thomasverwaal/Robust-Rail-NL/mathematical-models/scenarios_solver_types_120/scenario_solver_30_trains_30_units9.json","Cost of next node: Cost = 1,315.4 : 1,386.62 | cr=12, dd=17, da=6, tlv=14, sm=60, rd=101.00, cd=0, um=0","Time elapsed: 7.98 seconds","/home/thomasverwaal/Robust-Rail-NL/mathematical-models/local_search_plans_discreet_120/plan_30_trains_30_units9.json"
"/home/thomasverwaal/Robust-Rail-NL/mathematical-models/scenarios_solver_types_120/scenario_solver_30_trains_30_units9.json","Cost of next node: Cost = 1,250.9 : 1,327.15 | cr=13, dd=16, da=4, tlv=15, sm=60, rd=95.00, cd=0, um=0","Time elapsed: 8.34 seconds","/home/thomasverwaal/Robust-Rail-NL/mathematical-models/local_search_plans_discreet_120/plan_30_trains_30_units9.json"
"/home/thomasverwaal/Robust-Rail-NL/mathematical-models/scenarios_solver_types_120/scenario_solver_30_trains_30_units9.json","Cost of next node: Cost = 1,225.9 : 1,297.15 | cr=12, dd=16, da=4, tlv=14, sm=60, rd=97.00, cd=0, um=0","Time elapsed: 8.57 seconds","/home/thomasverwaal/Robust-Rail-NL/mathematical-models/local_search_plans_discreet_120/plan_30_trains_30_units9.json"
"/home/thomasverwaal/Robust-Rail-NL/mathematical-models/scenarios_solver_types_120/scenario_solver_30_trains_30_units9.json","Cost of next node: Cost = 1,200.8 : 1,277.00 | cr=13, dd=15, da=4, tlv=15, sm=60, rd=95.00, cd=0, um=0","Time elapsed: 8.86 seconds","/home/thomasverwaal/Robust-Rail-NL/mathematical-models/local_search_plans_discreet_120/plan_30_trains_30_units9.json"
"/home/thomasverwaal/Robust-Rail-NL/mathematical-models/scenarios_solver_types_120/scenario_solver_30_trains_30_units9.json","Cost of next node: Cost = 1,175.8 : 1,247.00 | cr=12, dd=15, da=4, tlv=14, sm=60, rd=97.00, cd=0, um=0","Time elapsed: 9.20 seconds","/home/thomasverwaal/Robust-Rail-NL/mathematical-models/local_search_plans_discreet_120/plan_30_trains_30_units9.json"
"/home/thomasverwaal/Robust-Rail-NL/mathematical-models/scenarios_solver_types_120/scenario_solver_30_trains_30_units9.json","Cost of next node: Cost = 997.0 : 1,073.15 | cr=15, dd=11, da=3, tlv=15, sm=60, rd=89.00, cd=0, um=0","Time elapsed: 9.47 seconds","/home/thomasverwaal/Robust-Rail-NL/mathematical-models/local_search_plans_discreet_120/plan_30_trains_30_units9.json"
"/home/thomasverwaal/Robust-Rail-NL/mathematical-models/scenarios_solver_types_120/scenario_solver_30_trains_30_units9.json","Cost of next node: Cost = 452.7 : 533.90 | cr=15, dd=0, da=3, tlv=16, sm=60, rd=77.00, cd=0, um=0","Time elapsed: 9.83 seconds","/home/thomasverwaal/Robust-Rail-NL/mathematical-models/local_search_plans_discreet_120/plan_30_trains_30_units9.json"
"/home/thomasverwaal/Robust-Rail-NL/mathematical-models/scenarios_solver_types_120/scenario_solver_30_trains_30_units9.json","Cost of next node: Cost = 427.7 : 503.90 | cr=14, dd=0, da=3, tlv=15, sm=60, rd=79.00, cd=0, um=0","Time elapsed: 10.03 seconds","/home/thomasverwaal/Robust-Rail-NL/mathematical-models/local_search_plans_discreet_120/plan_30_trains_30_units9.json"
"/home/thomasverwaal/Robust-Rail-NL/mathematical-models/scenarios_solver_types_120/scenario_solver_30_trains_30_units9.json","Cost of next node: Cost = 385.9 : 462.12 | cr=14, dd=0, da=1, tlv=15, sm=61, rd=74.75, cd=0, um=0","Time elapsed: 10.45 seconds","/home/thomasverwaal/Robust-Rail-NL/mathematical-models/local_search_plans_discreet_120/plan_30_trains_30_units9.json"
"/home/thomasverwaal/Robust-Rail-NL/mathematical-models/scenarios_solver_types_120/scenario_solver_30_trains_30_units9.json","Cost of next node: Cost = 365.0 : 441.22 | cr=14, dd=0, da=0, tlv=15, sm=61, rd=74.75, cd=0, um=0","Time elapsed: 10.73 seconds","/home/thomasverwaal/Robust-Rail-NL/mathematical-models/local_search_plans_discreet_120/plan_30_trains_30_units9.json"
"/home/thomasverwaal/Robust-Rail-NL/mathematical-models/scenarios_solver_types_120/scenario_solver_30_trains_30_units9.json","Cost of next node: Cost = 350.0 : 421.22 | cr=14, dd=0, da=0, tlv=14, sm=61, rd=76.72, cd=0, um=0","Time elapsed: 16.11 seconds","/home/thomasverwaal/Robust-Rail-NL/mathematical-models/local_search_plans_discreet_120/plan_30_trains_30_units9.json"
"/home/thomasverwaal/Robust-Rail-NL/mathematical-models/scenarios_solver_types_120/scenario_solver_30_trains_30_units9.json","Cost of next node: Cost = 335.0 : 401.22 | cr=14, dd=0, da=0, tlv=13, sm=61, rd=78.69, cd=0, um=0","Time elapsed: 20.91 seconds","/home/thomasverwaal/Robust-Rail-NL/mathematical-models/local_search_plans_discreet_120/plan_30_trains_30_units9.json"
"/home/thomasverwaal/Robust-Rail-NL/mathematical-models/scenarios_solver_types_120/scenario_solver_30_trains_30_units9.json","Cost of next node: Cost = 320.0 : 381.22 | cr=14, dd=0, da=0, tlv=12, sm=61, rd=80.66, cd=0, um=0","Time elapsed: 25.05 seconds","/home/thomasverwaal/Robust-Rail-NL/mathematical-models/local_search_plans_discreet_120/plan_30_trains_30_units9.json"
"/home/thomasverwaal/Robust-Rail-NL/mathematical-models/scenarios_solver_types_120/scenario_solver_30_trains_30_units9.json","Cost of next node: Cost = 310.0 : 371.22 | cr=13, dd=0, da=0, tlv=12, sm=61, rd=80.66, cd=0, um=0","Time elapsed: 28.70 seconds","/home/thomasverwaal/Robust-Rail-NL/mathematical-models/local_search_plans_discreet_120/plan_30_trains_30_units9.json"
"/home/thomasverwaal/Robust-Rail-NL/mathematical-models/scenarios_solver_types_120/scenario_solver_30_trains_30_units9.json","Cost of next node: Cost = 300.0 : 361.22 | cr=12, dd=0, da=0, tlv=12, sm=61, rd=80.66, cd=0, um=0","Time elapsed: 31.71 seconds","/home/thomasverwaal/Robust-Rail-NL/mathematical-models/local_search_plans_discreet_120/plan_30_trains_30_units9.json"
"/home/thomasverwaal/Robust-Rail-NL/mathematical-models/scenarios_solver_types_120/scenario_solver_30_trains_30_units9.json","Cost of next node: Cost = 290.0 : 351.22 | cr=11, dd=0, da=0, tlv=12, sm=61, rd=80.66, cd=0, um=0","Time elapsed: 34.25 seconds","/home/thomasverwaal/Robust-Rail-NL/mathematical-models/local_search_plans_discreet_120/plan_30_trains_30_units9.json"
"/home/thomasverwaal/Robust-Rail-NL/mathematical-models/scenarios_solver_types_120/scenario_solver_30_trains_30_units9.json","Cost of next node: Cost = 280.0 : 341.22 | cr=10, dd=0, da=0, tlv=12, sm=61, rd=80.66, cd=0, um=0","Time elapsed: 36.27 seconds","/home/thomasverwaal/Robust-Rail-NL/mathematical-models/local_search_plans_discreet_120/plan_30_trains_30_units9.json"
"/home/thomasverwaal/Robust-Rail-NL/mathematical-models/scenarios_solver_types_120/scenario_solver_30_trains_30_units9.json","Cost of next node: Cost = 270.0 : 331.22 | cr=9, dd=0, da=0, tlv=12, sm=61, rd=80.66, cd=0, um=0","Time elapsed: 37.98 seconds","/home/thomasverwaal/Robust-Rail-NL/mathematical-models/local_search_plans_discreet_120/plan_30_trains_30_units9.json"
"/home/thomasverwaal/Robust-Rail-NL/mathematical-models/scenarios_solver_types_120/scenario_solver_30_trains_30_units9.json","Cost of next node: Cost = 260.0 : 321.22 | cr=8, dd=0, da=0, tlv=12, sm=61, rd=78.69, cd=0, um=0","Time elapsed: 39.49 seconds","/home/thomasverwaal/Robust-Rail-NL/mathematical-models/local_search_plans_discreet_120/plan_30_trains_30_units9.json"
"/home/thomasverwaal/Robust-Rail-NL/mathematical-models/scenarios_solver_types_120/scenario_solver_30_trains_30_units9.json","Cost of next node: Cost = 250.0 : 311.22 | cr=7, dd=0, da=0, tlv=12, sm=61, rd=78.69, cd=0, um=0","Time elapsed: 40.91 seconds","/home/thomasverwaal/Robust-Rail-NL/mathematical-models/local_search_plans_discreet_120/plan_30_trains_30_units9.json"
"/home/thomasverwaal/Robust-Rail-NL/mathematical-models/scenarios_solver_types_120/scenario_solver_30_trains_30_units9.json","Cost of next node: Cost = 240.0 : 301.22 | cr=6, dd=0, da=0, tlv=12, sm=61, rd=78.69, cd=0, um=0","Time elapsed: 41.99 seconds","/home/thomasverwaal/Robust-Rail-NL/mathematical-models/local_search_plans_discreet_120/plan_30_trains_30_units9.json"
"/home/thomasverwaal/Robust-Rail-NL/mathematical-models/scenarios_solver_types_120/scenario_solver_30_trains_30_units9.json","Cost of next node: Cost = 230.0 : 291.22 | cr=5, dd=0, da=0, tlv=12, sm=61, rd=78.69, cd=0, um=0","Time elapsed: 42.94 seconds","/home/thomasverwaal/Robust-Rail-NL/mathematical-models/local_search_plans_discreet_120/plan_30_trains_30_units9.json"
"/home/thomasverwaal/Robust-Rail-NL/mathematical-models/scenarios_solver_types_120/scenario_solver_30_trains_30_units9.json","Cost of next node: Cost = 220.0 : 281.22 | cr=4, dd=0, da=0, tlv=12, sm=61, rd=78.69, cd=0, um=0","Time elapsed: 43.67 seconds","/home/thomasverwaal/Robust-Rail-NL/mathematical-models/local_search_plans_discreet_120/plan_30_trains_30_units9.json"
"/home/thomasverwaal/Robust-Rail-NL/mathematical-models/scenarios_solver_types_120/scenario_solver_30_trains_30_units9.json","Cost of next node: Cost = 210.0 : 271.24 | cr=3, dd=0, da=0, tlv=12, sm=62, rd=79.35, cd=0, um=0","Time elapsed: 44.36 seconds","/home/thomasverwaal/Robust-Rail-NL/mathematical-models/local_search_plans_discreet_120/plan_30_trains_30_units9.json"
"/home/thomasverwaal/Robust-Rail-NL/mathematical-models/scenarios_solver_types_120/scenario_solver_30_trains_30_units9.json","Cost of next node: Cost = 200.0 : 261.24 | cr=2, dd=0, da=0, tlv=12, sm=62, rd=79.35, cd=0, um=0","Time elapsed: 106.69 seconds","/home/thomasverwaal/Robust-Rail-NL/mathematical-models/local_search_plans_discreet_120/plan_30_trains_30_units9.json"
"/home/thomasverwaal/Robust-Rail-NL/mathematical-models/scenarios_solver_types_120/scenario_solver_30_trains_30_units9.json","NO_COST_FOUND","NO_TIME_FOUND","NO_PLAN_CREATED"
