scenario,cost_line,time_line,plan_file
"/home/thomasverwaal/Robust-Rail-NL/mathematical-models/scenarios_solver_types_120/scenario_solver_31_trains_31_units19.json","Cost of next node: Cost = 2,786.5 : 2,792.70 | cr=48, dd=31, da=27, tlv=1, sm=62, rd=199.35, cd=0, um=0","Time elapsed: 1.63 seconds","/home/thomasverwaal/Robust-Rail-NL/mathematical-models/local_search_plans_discreet_120/plan_31_trains_31_units19.json"
"/home/thomasverwaal/Robust-Rail-NL/mathematical-models/scenarios_solver_types_120/scenario_solver_31_trains_31_units19.json","Cost of next node: Cost = 2,757.7 : 2,768.98 | cr=47, dd=31, da=27, tlv=2, sm=62, rd=193.55, cd=0, um=0","Time elapsed: 1.80 seconds","/home/thomasverwaal/Robust-Rail-NL/mathematical-models/local_search_plans_discreet_120/plan_31_trains_31_units19.json"
"/home/thomasverwaal/Robust-Rail-NL/mathematical-models/scenarios_solver_types_120/scenario_solver_31_trains_31_units19.json","Cost of next node: Cost = 2,697.5 : 2,713.76 | cr=40, dd=31, da=26, tlv=3, sm=62, rd=196.45, cd=0, um=0","Time elapsed: 1.96 seconds","/home/thomasverwaal/Robust-Rail-NL/mathematical-models/local_search_plans_discreet_120/plan_31_trains_31_units19.json"
"/home/thomasverwaal/Robust-Rail-NL/mathematical-models/scenarios_solver_types_120/scenario_solver_31_trains_31_units19.json","Cost of next node: Cost = 2,666.2 : 2,682.45 | cr=45, dd=31, da=23, tlv=3, sm=62, rd=191.61, cd=0, um=0","Time elapsed: 2.05 seconds","/home/thomasverwaal/Robust-Rail-NL/mathematical-models/local_search_plans_discreet_120/plan_31_trains_31_units19.json"
"/home/thomasverwaal/Robust-Rail-NL/mathematical-models/scenarios_solver_types_120/scenario_solver_31_trains_31_units19.json","Cost of next node: Cost = 2,602.9 : 2,624.16 | cr=45, dd=31, da=19, tlv=4, sm=62, rd=187.74, cd=0, um=0","Time elapsed: 2.17 seconds","/home/thomasverwaal/Robust-Rail-NL/mathematical-models/local_search_plans_discreet_120/plan_31_trains_31_units19.json"
"/home/thomasverwaal/Robust-Rail-NL/mathematical-models/scenarios_solver_types_120/scenario_solver_31_trains_31_units19.json","Cost of next node: Cost = 2,577.4 : 2,603.67 | cr=38, dd=31, da=20, tlv=5, sm=62, rd=188.71, cd=0, um=0","Time elapsed: 2.25 seconds","/home/thomasverwaal/Robust-Rail-NL/mathematical-models/local_search_plans_discreet_120/plan_31_trains_31_units19.json"
"/home/thomasverwaal/Robust-Rail-NL/mathematical-models/scenarios_solver_types_120/scenario_solver_31_trains_31_units19.json","Cost of next node: Cost = 2,526.3 : 2,552.52 | cr=43, dd=31, da=17, tlv=5, sm=62, rd=177.10, cd=0, um=0","Time elapsed: 2.42 seconds","/home/thomasverwaal/Robust-Rail-NL/mathematical-models/local_search_plans_discreet_120/plan_31_trains_31_units19.json"
"/home/thomasverwaal/Robust-Rail-NL/mathematical-models/scenarios_solver_types_120/scenario_solver_31_trains_31_units19.json","Cost of next node: Cost = 2,479.6 : 2,510.86 | cr=43, dd=31, da=14, tlv=6, sm=62, rd=174.19, cd=0, um=0","Time elapsed: 2.51 seconds","/home/thomasverwaal/Robust-Rail-NL/mathematical-models/local_search_plans_discreet_120/plan_31_trains_31_units19.json"
"/home/thomasverwaal/Robust-Rail-NL/mathematical-models/scenarios_solver_types_120/scenario_solver_31_trains_31_units19.json","Cost of next node: Cost = 2,398.9 : 2,435.15 | cr=41, dd=31, da=11, tlv=7, sm=62, rd=165.48, cd=0, um=0","Time elapsed: 2.75 seconds","/home/thomasverwaal/Robust-Rail-NL/mathematical-models/local_search_plans_discreet_120/plan_31_trains_31_units19.json"
"/home/thomasverwaal/Robust-Rail-NL/mathematical-models/scenarios_solver_types_120/scenario_solver_31_trains_31_units19.json","Cost of next node: Cost = 2,376.3 : 2,417.54 | cr=38, dd=31, da=11, tlv=8, sm=62, rd=163.55, cd=0, um=0","Time elapsed: 3.04 seconds","/home/thomasverwaal/Robust-Rail-NL/mathematical-models/local_search_plans_discreet_120/plan_31_trains_31_units19.json"
"/home/thomasverwaal/Robust-Rail-NL/mathematical-models/scenarios_solver_types_120/scenario_solver_31_trains_31_units19.json","Cost of next node: Cost = 2,353.6 : 2,394.80 | cr=36, dd=31, da=11, tlv=8, sm=62, rd=158.71, cd=0, um=0","Time elapsed: 3.44 seconds","/home/thomasverwaal/Robust-Rail-NL/mathematical-models/local_search_plans_discreet_120/plan_31_trains_31_units19.json"
"/home/thomasverwaal/Robust-Rail-NL/mathematical-models/scenarios_solver_types_120/scenario_solver_31_trains_31_units19.json","Cost of next node: Cost = 2,324.3 : 2,370.54 | cr=34, dd=31, da=10, tlv=9, sm=62, rd=154.84, cd=0, um=0","Time elapsed: 3.72 seconds","/home/thomasverwaal/Robust-Rail-NL/mathematical-models/local_search_plans_discreet_120/plan_31_trains_31_units19.json"
"/home/thomasverwaal/Robust-Rail-NL/mathematical-models/scenarios_solver_types_120/scenario_solver_31_trains_31_units19.json","Cost of next node: Cost = 2,290.5 : 2,331.76 | cr=32, dd=31, da=10, tlv=8, sm=62, rd=156.77, cd=0, um=0","Time elapsed: 3.96 seconds","/home/thomasverwaal/Robust-Rail-NL/mathematical-models/local_search_plans_discreet_120/plan_31_trains_31_units19.json"
"/home/thomasverwaal/Robust-Rail-NL/mathematical-models/scenarios_solver_types_120/scenario_solver_31_trains_31_units19.json","Cost of next node: Cost = 2,261.2 : 2,302.46 | cr=27, dd=31, da=10, tlv=8, sm=62, rd=160.65, cd=0, um=0","Time elapsed: 4.25 seconds","/home/thomasverwaal/Robust-Rail-NL/mathematical-models/local_search_plans_discreet_120/plan_31_trains_31_units19.json"
"/home/thomasverwaal/Robust-Rail-NL/mathematical-models/scenarios_solver_types_120/scenario_solver_31_trains_31_units19.json","Cost of next node: Cost = 2,238.9 : 2,280.12 | cr=25, dd=31, da=10, tlv=8, sm=62, rd=158.71, cd=0, um=0","Time elapsed: 4.59 seconds","/home/thomasverwaal/Robust-Rail-NL/mathematical-models/local_search_plans_discreet_120/plan_31_trains_31_units19.json"
"/home/thomasverwaal/Robust-Rail-NL/mathematical-models/scenarios_solver_types_120/scenario_solver_31_trains_31_units19.json","Cost of next node: Cost = 2,207.9 : 2,254.13 | cr=24, dd=31, da=10, tlv=9, sm=62, rd=143.23, cd=0, um=0","Time elapsed: 4.90 seconds","/home/thomasverwaal/Robust-Rail-NL/mathematical-models/local_search_plans_discreet_120/plan_31_trains_31_units19.json"
"/home/thomasverwaal/Robust-Rail-NL/mathematical-models/scenarios_solver_types_120/scenario_solver_31_trains_31_units19.json","Cost of next node: Cost = 2,179.1 : 2,230.34 | cr=18, dd=31, da=10, tlv=10, sm=62, rd=147.10, cd=0, um=0","Time elapsed: 5.28 seconds","/home/thomasverwaal/Robust-Rail-NL/mathematical-models/local_search_plans_discreet_120/plan_31_trains_31_units19.json"
"/home/thomasverwaal/Robust-Rail-NL/mathematical-models/scenarios_solver_types_120/scenario_solver_31_trains_31_units19.json","Cost of next node: Cost = 2,150.4 : 2,201.61 | cr=18, dd=31, da=9, tlv=10, sm=62, rd=143.23, cd=0, um=0","Time elapsed: 5.63 seconds","/home/thomasverwaal/Robust-Rail-NL/mathematical-models/local_search_plans_discreet_120/plan_31_trains_31_units19.json"
"/home/thomasverwaal/Robust-Rail-NL/mathematical-models/scenarios_solver_types_120/scenario_solver_31_trains_31_units19.json","Cost of next node: Cost = 2,129.2 : 2,180.46 | cr=17, dd=31, da=9, tlv=10, sm=62, rd=139.35, cd=0, um=0","Time elapsed: 5.96 seconds","/home/thomasverwaal/Robust-Rail-NL/mathematical-models/local_search_plans_discreet_120/plan_31_trains_31_units19.json"
"/home/thomasverwaal/Robust-Rail-NL/mathematical-models/scenarios_solver_types_120/scenario_solver_31_trains_31_units19.json","Cost of next node: Cost = 2,102.4 : 2,153.69 | cr=18, dd=31, da=7, tlv=10, sm=62, rd=141.29, cd=0, um=0","Time elapsed: 6.14 seconds","/home/thomasverwaal/Robust-Rail-NL/mathematical-models/local_search_plans_discreet_120/plan_31_trains_31_units19.json"
"/home/thomasverwaal/Robust-Rail-NL/mathematical-models/scenarios_solver_types_120/scenario_solver_31_trains_31_units19.json","Cost of next node: Cost = 2,077.8 : 2,124.06 | cr=17, dd=31, da=7, tlv=9, sm=62, rd=141.29, cd=0, um=0","Time elapsed: 6.50 seconds","/home/thomasverwaal/Robust-Rail-NL/mathematical-models/local_search_plans_discreet_120/plan_31_trains_31_units19.json"
"/home/thomasverwaal/Robust-Rail-NL/mathematical-models/scenarios_solver_types_120/scenario_solver_31_trains_31_units19.json","Cost of next node: Cost = 2,057.5 : 2,108.76 | cr=17, dd=31, da=6, tlv=10, sm=62, rd=135.48, cd=0, um=0","Time elapsed: 6.81 seconds","/home/thomasverwaal/Robust-Rail-NL/mathematical-models/local_search_plans_discreet_120/plan_31_trains_31_units19.json"
"/home/thomasverwaal/Robust-Rail-NL/mathematical-models/scenarios_solver_types_120/scenario_solver_31_trains_31_units19.json","Cost of next node: Cost = 2,037.2 : 2,088.48 | cr=15, dd=31, da=6, tlv=10, sm=62, rd=132.58, cd=0, um=0","Time elapsed: 7.23 seconds","/home/thomasverwaal/Robust-Rail-NL/mathematical-models/local_search_plans_discreet_120/plan_31_trains_31_units19.json"
"/home/thomasverwaal/Robust-Rail-NL/mathematical-models/scenarios_solver_types_120/scenario_solver_31_trains_31_units19.json","Cost of next node: Cost = 2,009.9 : 2,066.17 | cr=13, dd=31, da=6, tlv=11, sm=62, rd=124.84, cd=0, um=0","Time elapsed: 7.76 seconds","/home/thomasverwaal/Robust-Rail-NL/mathematical-models/local_search_plans_discreet_120/plan_31_trains_31_units19.json"
"/home/thomasverwaal/Robust-Rail-NL/mathematical-models/scenarios_solver_types_120/scenario_solver_31_trains_31_units19.json","Cost of next node: Cost = 1,981.1 : 2,037.32 | cr=19, dd=30, da=5, tlv=11, sm=62, rd=118.06, cd=0, um=0","Time elapsed: 8.04 seconds","/home/thomasverwaal/Robust-Rail-NL/mathematical-models/local_search_plans_discreet_120/plan_31_trains_31_units19.json"
"/home/thomasverwaal/Robust-Rail-NL/mathematical-models/scenarios_solver_types_120/scenario_solver_31_trains_31_units19.json","Cost of next node: Cost = 1,951.9 : 2,008.14 | cr=22, dd=29, da=5, tlv=11, sm=62, rd=110.32, cd=0, um=0","Time elapsed: 8.23 seconds","/home/thomasverwaal/Robust-Rail-NL/mathematical-models/local_search_plans_discreet_120/plan_31_trains_31_units19.json"
"/home/thomasverwaal/Robust-Rail-NL/mathematical-models/scenarios_solver_types_120/scenario_solver_31_trains_31_units19.json","Cost of next node: Cost = 1,886.0 : 1,947.25 | cr=21, dd=28, da=4, tlv=12, sm=62, rd=106.45, cd=0, um=0","Time elapsed: 8.43 seconds","/home/thomasverwaal/Robust-Rail-NL/mathematical-models/local_search_plans_discreet_120/plan_31_trains_31_units19.json"
"/home/thomasverwaal/Robust-Rail-NL/mathematical-models/scenarios_solver_types_120/scenario_solver_31_trains_31_units19.json","Cost of next node: Cost = 1,856.3 : 1,917.53 | cr=23, dd=27, da=4, tlv=12, sm=62, rd=104.52, cd=0, um=0","Time elapsed: 8.59 seconds","/home/thomasverwaal/Robust-Rail-NL/mathematical-models/local_search_plans_discreet_120/plan_31_trains_31_units19.json"
"/home/thomasverwaal/Robust-Rail-NL/mathematical-models/scenarios_solver_types_120/scenario_solver_31_trains_31_units19.json","Cost of next node: Cost = 1,755.7 : 1,816.96 | cr=28, dd=24, da=4, tlv=12, sm=62, rd=100.65, cd=0, um=0","Time elapsed: 8.94 seconds","/home/thomasverwaal/Robust-Rail-NL/mathematical-models/local_search_plans_discreet_120/plan_31_trains_31_units19.json"
"/home/thomasverwaal/Robust-Rail-NL/mathematical-models/scenarios_solver_types_120/scenario_solver_31_trains_31_units19.json","Cost of next node: Cost = 1,656.4 : 1,717.63 | cr=28, dd=22, da=4, tlv=12, sm=62, rd=98.71, cd=0, um=0","Time elapsed: 9.29 seconds","/home/thomasverwaal/Robust-Rail-NL/mathematical-models/local_search_plans_discreet_120/plan_31_trains_31_units19.json"
"/home/thomasverwaal/Robust-Rail-NL/mathematical-models/scenarios_solver_types_120/scenario_solver_31_trains_31_units19.json","Cost of next node: Cost = 1,369.1 : 1,435.34 | cr=27, dd=17, da=2, tlv=13, sm=62, rd=92.90, cd=0, um=0","Time elapsed: 9.72 seconds","/home/thomasverwaal/Robust-Rail-NL/mathematical-models/local_search_plans_discreet_120/plan_31_trains_31_units19.json"
"/home/thomasverwaal/Robust-Rail-NL/mathematical-models/scenarios_solver_types_120/scenario_solver_31_trains_31_units19.json","Cost of next node: Cost = 1,347.0 : 1,418.26 | cr=24, dd=16, da=4, tlv=14, sm=62, rd=94.84, cd=0, um=0","Time elapsed: 10.13 seconds","/home/thomasverwaal/Robust-Rail-NL/mathematical-models/local_search_plans_discreet_120/plan_31_trains_31_units19.json"
"/home/thomasverwaal/Robust-Rail-NL/mathematical-models/scenarios_solver_types_120/scenario_solver_31_trains_31_units19.json","Cost of next node: Cost = 1,301.5 : 1,367.77 | cr=25, dd=14, da=7, tlv=13, sm=62, rd=97.74, cd=0, um=0","Time elapsed: 10.31 seconds","/home/thomasverwaal/Robust-Rail-NL/mathematical-models/local_search_plans_discreet_120/plan_31_trains_31_units19.json"
"/home/thomasverwaal/Robust-Rail-NL/mathematical-models/scenarios_solver_types_120/scenario_solver_31_trains_31_units19.json","Cost of next node: Cost = 808.6 : 879.86 | cr=22, dd=5, da=6, tlv=14, sm=62, rd=86.13, cd=0, um=0","Time elapsed: 10.79 seconds","/home/thomasverwaal/Robust-Rail-NL/mathematical-models/local_search_plans_discreet_120/plan_31_trains_31_units19.json"
"/home/thomasverwaal/Robust-Rail-NL/mathematical-models/scenarios_solver_types_120/scenario_solver_31_trains_31_units19.json","Cost of next node: Cost = 600.6 : 676.86 | cr=20, dd=1, da=6, tlv=15, sm=62, rd=80.32, cd=0, um=0","Time elapsed: 11.33 seconds","/home/thomasverwaal/Robust-Rail-NL/mathematical-models/local_search_plans_discreet_120/plan_31_trains_31_units19.json"
"/home/thomasverwaal/Robust-Rail-NL/mathematical-models/scenarios_solver_types_120/scenario_solver_31_trains_31_units19.json","Cost of next node: Cost = 517.7 : 593.96 | cr=20, dd=1, da=2, tlv=15, sm=63, rd=76.19, cd=0, um=0","Time elapsed: 11.73 seconds","/home/thomasverwaal/Robust-Rail-NL/mathematical-models/local_search_plans_discreet_120/plan_31_trains_31_units19.json"
"/home/thomasverwaal/Robust-Rail-NL/mathematical-models/scenarios_solver_types_120/scenario_solver_31_trains_31_units19.json","Cost of next node: Cost = 497.7 : 573.96 | cr=18, dd=1, da=2, tlv=15, sm=63, rd=76.19, cd=0, um=0","Time elapsed: 17.95 seconds","/home/thomasverwaal/Robust-Rail-NL/mathematical-models/local_search_plans_discreet_120/plan_31_trains_31_units19.json"
"/home/thomasverwaal/Robust-Rail-NL/mathematical-models/scenarios_solver_types_120/scenario_solver_31_trains_31_units19.json","Cost of next node: Cost = 482.7 : 553.96 | cr=18, dd=1, da=2, tlv=14, sm=63, rd=78.10, cd=0, um=0","Time elapsed: 23.78 seconds","/home/thomasverwaal/Robust-Rail-NL/mathematical-models/local_search_plans_discreet_120/plan_31_trains_31_units19.json"
"/home/thomasverwaal/Robust-Rail-NL/mathematical-models/scenarios_solver_types_120/scenario_solver_31_trains_31_units19.json","Cost of next node: Cost = 467.7 : 533.96 | cr=18, dd=1, da=2, tlv=13, sm=63, rd=80.00, cd=0, um=0","Time elapsed: 29.21 seconds","/home/thomasverwaal/Robust-Rail-NL/mathematical-models/local_search_plans_discreet_120/plan_31_trains_31_units19.json"
"/home/thomasverwaal/Robust-Rail-NL/mathematical-models/scenarios_solver_types_120/scenario_solver_31_trains_31_units19.json","Cost of next node: Cost = 400.9 : 472.16 | cr=17, dd=0, da=1, tlv=14, sm=63, rd=76.19, cd=0, um=0","Time elapsed: 29.58 seconds","/home/thomasverwaal/Robust-Rail-NL/mathematical-models/local_search_plans_discreet_120/plan_31_trains_31_units19.json"
"/home/thomasverwaal/Robust-Rail-NL/mathematical-models/scenarios_solver_types_120/scenario_solver_31_trains_31_units19.json","Cost of next node: Cost = 380.9 : 452.16 | cr=15, dd=0, da=1, tlv=14, sm=63, rd=76.19, cd=0, um=0","Time elapsed: 34.70 seconds","/home/thomasverwaal/Robust-Rail-NL/mathematical-models/local_search_plans_discreet_120/plan_31_trains_31_units19.json"
"/home/thomasverwaal/Robust-Rail-NL/mathematical-models/scenarios_solver_types_120/scenario_solver_31_trains_31_units19.json","Cost of next node: Cost = 370.9 : 442.16 | cr=14, dd=0, da=1, tlv=14, sm=63, rd=76.19, cd=0, um=0","Time elapsed: 39.12 seconds","/home/thomasverwaal/Robust-Rail-NL/mathematical-models/local_search_plans_discreet_120/plan_31_trains_31_units19.json"
"/home/thomasverwaal/Robust-Rail-NL/mathematical-models/scenarios_solver_types_120/scenario_solver_31_trains_31_units19.json","Cost of next node: Cost = 360.9 : 432.16 | cr=13, dd=0, da=1, tlv=14, sm=63, rd=76.19, cd=0, um=0","Time elapsed: 42.74 seconds","/home/thomasverwaal/Robust-Rail-NL/mathematical-models/local_search_plans_discreet_120/plan_31_trains_31_units19.json"
"/home/thomasverwaal/Robust-Rail-NL/mathematical-models/scenarios_solver_types_120/scenario_solver_31_trains_31_units19.json","Cost of next node: Cost = 350.9 : 422.16 | cr=12, dd=0, da=1, tlv=14, sm=63, rd=76.19, cd=0, um=0","Time elapsed: 45.90 seconds","/home/thomasverwaal/Robust-Rail-NL/mathematical-models/local_search_plans_discreet_120/plan_31_trains_31_units19.json"
"/home/thomasverwaal/Robust-Rail-NL/mathematical-models/scenarios_solver_types_120/scenario_solver_31_trains_31_units19.json","Cost of next node: Cost = 340.9 : 412.16 | cr=11, dd=0, da=1, tlv=14, sm=63, rd=76.19, cd=0, um=0","Time elapsed: 48.88 seconds","/home/thomasverwaal/Robust-Rail-NL/mathematical-models/local_search_plans_discreet_120/plan_31_trains_31_units19.json"
"/home/thomasverwaal/Robust-Rail-NL/mathematical-models/scenarios_solver_types_120/scenario_solver_31_trains_31_units19.json","Cost of next node: Cost = 330.9 : 402.16 | cr=10, dd=0, da=1, tlv=14, sm=63, rd=76.19, cd=0, um=0","Time elapsed: 51.37 seconds","/home/thomasverwaal/Robust-Rail-NL/mathematical-models/local_search_plans_discreet_120/plan_31_trains_31_units19.json"
"/home/thomasverwaal/Robust-Rail-NL/mathematical-models/scenarios_solver_types_120/scenario_solver_31_trains_31_units19.json","Cost of next node: Cost = 320.9 : 392.16 | cr=9, dd=0, da=1, tlv=14, sm=63, rd=76.19, cd=0, um=0","Time elapsed: 53.32 seconds","/home/thomasverwaal/Robust-Rail-NL/mathematical-models/local_search_plans_discreet_120/plan_31_trains_31_units19.json"
"/home/thomasverwaal/Robust-Rail-NL/mathematical-models/scenarios_solver_types_120/scenario_solver_31_trains_31_units19.json","Cost of next node: Cost = 310.9 : 382.16 | cr=8, dd=0, da=1, tlv=14, sm=63, rd=76.19, cd=0, um=0","Time elapsed: 55.36 seconds","/home/thomasverwaal/Robust-Rail-NL/mathematical-models/local_search_plans_discreet_120/plan_31_trains_31_units19.json"
"/home/thomasverwaal/Robust-Rail-NL/mathematical-models/scenarios_solver_types_120/scenario_solver_31_trains_31_units19.json","Cost of next node: Cost = 300.9 : 372.16 | cr=7, dd=0, da=1, tlv=14, sm=63, rd=76.19, cd=0, um=0","Time elapsed: 57.02 seconds","/home/thomasverwaal/Robust-Rail-NL/mathematical-models/local_search_plans_discreet_120/plan_31_trains_31_units19.json"
"/home/thomasverwaal/Robust-Rail-NL/mathematical-models/scenarios_solver_types_120/scenario_solver_31_trains_31_units19.json","Cost of next node: Cost = 295.9 : 362.16 | cr=8, dd=0, da=1, tlv=13, sm=63, rd=78.10, cd=0, um=0","Time elapsed: 58.51 seconds","/home/thomasverwaal/Robust-Rail-NL/mathematical-models/local_search_plans_discreet_120/plan_31_trains_31_units19.json"
"/home/thomasverwaal/Robust-Rail-NL/mathematical-models/scenarios_solver_types_120/scenario_solver_31_trains_31_units19.json","Cost of next node: Cost = 285.9 : 352.16 | cr=7, dd=0, da=1, tlv=13, sm=63, rd=78.10, cd=0, um=0","Time elapsed: 60.42 seconds","/home/thomasverwaal/Robust-Rail-NL/mathematical-models/local_search_plans_discreet_120/plan_31_trains_31_units19.json"
"/home/thomasverwaal/Robust-Rail-NL/mathematical-models/scenarios_solver_types_120/scenario_solver_31_trains_31_units19.json","Cost of next node: Cost = 285.0 : 351.24 | cr=9, dd=0, da=0, tlv=13, sm=62, rd=77.42, cd=0, um=0","Time elapsed: 66.19 seconds","/home/thomasverwaal/Robust-Rail-NL/mathematical-models/local_search_plans_discreet_120/plan_31_trains_31_units19.json"
"/home/thomasverwaal/Robust-Rail-NL/mathematical-models/scenarios_solver_types_120/scenario_solver_31_trains_31_units19.json","Cost of next node: Cost = 275.0 : 341.24 | cr=8, dd=0, da=0, tlv=13, sm=62, rd=77.42, cd=0, um=0","Time elapsed: 67.53 seconds","/home/thomasverwaal/Robust-Rail-NL/mathematical-models/local_search_plans_discreet_120/plan_31_trains_31_units19.json"
"/home/thomasverwaal/Robust-Rail-NL/mathematical-models/scenarios_solver_types_120/scenario_solver_31_trains_31_units19.json","Cost of next node: Cost = 270.0 : 341.24 | cr=6, dd=0, da=0, tlv=14, sm=62, rd=75.48, cd=0, um=0","Time elapsed: 69.09 seconds","/home/thomasverwaal/Robust-Rail-NL/mathematical-models/local_search_plans_discreet_120/plan_31_trains_31_units19.json"
"/home/thomasverwaal/Robust-Rail-NL/mathematical-models/scenarios_solver_types_120/scenario_solver_31_trains_31_units19.json","Cost of next node: Cost = 255.0 : 321.24 | cr=6, dd=0, da=0, tlv=13, sm=62, rd=77.42, cd=0, um=0","Time elapsed: 70.59 seconds","/home/thomasverwaal/Robust-Rail-NL/mathematical-models/local_search_plans_discreet_120/plan_31_trains_31_units19.json"
"/home/thomasverwaal/Robust-Rail-NL/mathematical-models/scenarios_solver_types_120/scenario_solver_31_trains_31_units19.json","Cost of next node: Cost = 245.0 : 311.26 | cr=5, dd=0, da=0, tlv=13, sm=63, rd=78.10, cd=0, um=0","Time elapsed: 104.17 seconds","/home/thomasverwaal/Robust-Rail-NL/mathematical-models/local_search_plans_discreet_120/plan_31_trains_31_units19.json"
"/home/thomasverwaal/Robust-Rail-NL/mathematical-models/scenarios_solver_types_120/scenario_solver_31_trains_31_units19.json","Cost of next node: Cost = 235.0 : 301.26 | cr=4, dd=0, da=0, tlv=13, sm=63, rd=78.10, cd=0, um=0","Time elapsed: 149.54 seconds","/home/thomasverwaal/Robust-Rail-NL/mathematical-models/local_search_plans_discreet_120/plan_31_trains_31_units19.json"
"/home/thomasverwaal/Robust-Rail-NL/mathematical-models/scenarios_solver_types_120/scenario_solver_31_trains_31_units19.json","Cost of next node: Cost = 225.0 : 291.26 | cr=3, dd=0, da=0, tlv=13, sm=63, rd=78.10, cd=0, um=0","Time elapsed: 192.31 seconds","/home/thomasverwaal/Robust-Rail-NL/mathematical-models/local_search_plans_discreet_120/plan_31_trains_31_units19.json"
"/home/thomasverwaal/Robust-Rail-NL/mathematical-models/scenarios_solver_types_120/scenario_solver_31_trains_31_units19.json","NO_COST_FOUND","NO_TIME_FOUND","NO_PLAN_CREATED"
"/home/thomasverwaal/Robust-Rail-NL/mathematical-models/scenarios_solver_types_120/scenario_solver_31_trains_31_units2.json","Cost of next node: Cost = 2,784.9 : 2,786.11 | cr=51, dd=31, da=27, tlv=0, sm=62, rd=189.68, cd=0, um=0","Time elapsed: 1.79 seconds","/home/thomasverwaal/Robust-Rail-NL/mathematical-models/local_search_plans_discreet_120/plan_31_trains_31_units2.json"
"/home/thomasverwaal/Robust-Rail-NL/mathematical-models/scenarios_solver_types_120/scenario_solver_31_trains_31_units2.json","Cost of next node: Cost = 2,731.2 : 2,737.41 | cr=42, dd=31, da=27, tlv=1, sm=62, rd=203.23, cd=0, um=0","Time elapsed: 1.86 seconds","/home/thomasverwaal/Robust-Rail-NL/mathematical-models/local_search_plans_discreet_120/plan_31_trains_31_units2.json"
"/home/thomasverwaal/Robust-Rail-NL/mathematical-models/scenarios_solver_types_120/scenario_solver_31_trains_31_units2.json","Cost of next node: Cost = 2,706.4 : 2,712.65 | cr=42, dd=31, da=27, tlv=1, sm=62, rd=196.45, cd=0, um=0","Time elapsed: 2.02 seconds","/home/thomasverwaal/Robust-Rail-NL/mathematical-models/local_search_plans_discreet_120/plan_31_trains_31_units2.json"
"/home/thomasverwaal/Robust-Rail-NL/mathematical-models/scenarios_solver_types_120/scenario_solver_31_trains_31_units2.json","Cost of next node: Cost = 2,619.1 : 2,625.35 | cr=42, dd=31, da=23, tlv=1, sm=62, rd=189.68, cd=0, um=0","Time elapsed: 2.12 seconds","/home/thomasverwaal/Robust-Rail-NL/mathematical-models/local_search_plans_discreet_120/plan_31_trains_31_units2.json"
"/home/thomasverwaal/Robust-Rail-NL/mathematical-models/scenarios_solver_types_120/scenario_solver_31_trains_31_units2.json","Cost of next node: Cost = 2,592.0 : 2,603.26 | cr=39, dd=31, da=22, tlv=2, sm=62, rd=186.77, cd=0, um=0","Time elapsed: 2.29 seconds","/home/thomasverwaal/Robust-Rail-NL/mathematical-models/local_search_plans_discreet_120/plan_31_trains_31_units2.json"
"/home/thomasverwaal/Robust-Rail-NL/mathematical-models/scenarios_solver_types_120/scenario_solver_31_trains_31_units2.json","Cost of next node: Cost = 2,561.1 : 2,567.31 | cr=39, dd=31, da=22, tlv=1, sm=62, rd=182.90, cd=0, um=0","Time elapsed: 2.40 seconds","/home/thomasverwaal/Robust-Rail-NL/mathematical-models/local_search_plans_discreet_120/plan_31_trains_31_units2.json"
"/home/thomasverwaal/Robust-Rail-NL/mathematical-models/scenarios_solver_types_120/scenario_solver_31_trains_31_units2.json","Cost of next node: Cost = 2,540.8 : 2,551.99 | cr=40, dd=31, da=22, tlv=2, sm=62, rd=173.23, cd=0, um=0","Time elapsed: 2.49 seconds","/home/thomasverwaal/Robust-Rail-NL/mathematical-models/local_search_plans_discreet_120/plan_31_trains_31_units2.json"
"/home/thomasverwaal/Robust-Rail-NL/mathematical-models/scenarios_solver_types_120/scenario_solver_31_trains_31_units2.json","Cost of next node: Cost = 2,473.5 : 2,489.77 | cr=42, dd=31, da=18, tlv=3, sm=62, rd=160.65, cd=0, um=0","Time elapsed: 2.64 seconds","/home/thomasverwaal/Robust-Rail-NL/mathematical-models/local_search_plans_discreet_120/plan_31_trains_31_units2.json"
"/home/thomasverwaal/Robust-Rail-NL/mathematical-models/scenarios_solver_types_120/scenario_solver_31_trains_31_units2.json","Cost of next node: Cost = 2,345.3 : 2,366.55 | cr=36, dd=31, da=13, tlv=4, sm=62, rd=162.58, cd=0, um=0","Time elapsed: 2.73 seconds","/home/thomasverwaal/Robust-Rail-NL/mathematical-models/local_search_plans_discreet_120/plan_31_trains_31_units2.json"
"/home/thomasverwaal/Robust-Rail-NL/mathematical-models/scenarios_solver_types_120/scenario_solver_31_trains_31_units2.json","Cost of next node: Cost = 2,312.3 : 2,338.56 | cr=35, dd=31, da=12, tlv=5, sm=62, rd=152.90, cd=0, um=0","Time elapsed: 2.85 seconds","/home/thomasverwaal/Robust-Rail-NL/mathematical-models/local_search_plans_discreet_120/plan_31_trains_31_units2.json"
"/home/thomasverwaal/Robust-Rail-NL/mathematical-models/scenarios_solver_types_120/scenario_solver_31_trains_31_units2.json","Cost of next node: Cost = 2,278.7 : 2,304.92 | cr=28, dd=31, da=14, tlv=5, sm=62, rd=150.97, cd=0, um=0","Time elapsed: 2.94 seconds","/home/thomasverwaal/Robust-Rail-NL/mathematical-models/local_search_plans_discreet_120/plan_31_trains_31_units2.json"
"/home/thomasverwaal/Robust-Rail-NL/mathematical-models/scenarios_solver_types_120/scenario_solver_31_trains_31_units2.json","Cost of next node: Cost = 2,256.4 : 2,287.66 | cr=25, dd=31, da=14, tlv=6, sm=62, rd=149.03, cd=0, um=0","Time elapsed: 3.05 seconds","/home/thomasverwaal/Robust-Rail-NL/mathematical-models/local_search_plans_discreet_120/plan_31_trains_31_units2.json"
"/home/thomasverwaal/Robust-Rail-NL/mathematical-models/scenarios_solver_types_120/scenario_solver_31_trains_31_units2.json","Cost of next node: Cost = 2,211.2 : 2,247.45 | cr=25, dd=31, da=11, tlv=7, sm=62, rd=145.16, cd=0, um=0","Time elapsed: 3.12 seconds","/home/thomasverwaal/Robust-Rail-NL/mathematical-models/local_search_plans_discreet_120/plan_31_trains_31_units2.json"
"/home/thomasverwaal/Robust-Rail-NL/mathematical-models/scenarios_solver_types_120/scenario_solver_31_trains_31_units2.json","Cost of next node: Cost = 2,182.1 : 2,223.38 | cr=20, dd=31, da=11, tlv=8, sm=62, rd=145.16, cd=0, um=0","Time elapsed: 3.61 seconds","/home/thomasverwaal/Robust-Rail-NL/mathematical-models/local_search_plans_discreet_120/plan_31_trains_31_units2.json"
"/home/thomasverwaal/Robust-Rail-NL/mathematical-models/scenarios_solver_types_120/scenario_solver_31_trains_31_units2.json","Cost of next node: Cost = 2,141.0 : 2,187.22 | cr=13, dd=31, da=11, tlv=9, sm=62, rd=149.03, cd=0, um=0","Time elapsed: 4.00 seconds","/home/thomasverwaal/Robust-Rail-NL/mathematical-models/local_search_plans_discreet_120/plan_31_trains_31_units2.json"
"/home/thomasverwaal/Robust-Rail-NL/mathematical-models/scenarios_solver_types_120/scenario_solver_31_trains_31_units2.json","Cost of next node: Cost = 2,114.2 : 2,160.44 | cr=13, dd=31, da=10, tlv=9, sm=62, rd=145.16, cd=0, um=0","Time elapsed: 6.08 seconds","/home/thomasverwaal/Robust-Rail-NL/mathematical-models/local_search_plans_discreet_120/plan_31_trains_31_units2.json"
"/home/thomasverwaal/Robust-Rail-NL/mathematical-models/scenarios_solver_types_120/scenario_solver_31_trains_31_units2.json","Cost of next node: Cost = 2,091.4 : 2,137.59 | cr=14, dd=31, da=9, tlv=9, sm=62, rd=141.29, cd=0, um=0","Time elapsed: 6.30 seconds","/home/thomasverwaal/Robust-Rail-NL/mathematical-models/local_search_plans_discreet_120/plan_31_trains_31_units2.json"
"/home/thomasverwaal/Robust-Rail-NL/mathematical-models/scenarios_solver_types_120/scenario_solver_31_trains_31_units2.json","Cost of next node: Cost = 2,059.4 : 2,110.64 | cr=12, dd=31, da=8, tlv=10, sm=62, rd=137.42, cd=0, um=0","Time elapsed: 6.55 seconds","/home/thomasverwaal/Robust-Rail-NL/mathematical-models/local_search_plans_discreet_120/plan_31_trains_31_units2.json"
"/home/thomasverwaal/Robust-Rail-NL/mathematical-models/scenarios_solver_types_120/scenario_solver_31_trains_31_units2.json","Cost of next node: Cost = 2,034.0 : 2,085.29 | cr=13, dd=31, da=7, tlv=10, sm=62, rd=132.58, cd=0, um=0","Time elapsed: 6.77 seconds","/home/thomasverwaal/Robust-Rail-NL/mathematical-models/local_search_plans_discreet_120/plan_31_trains_31_units2.json"
"/home/thomasverwaal/Robust-Rail-NL/mathematical-models/scenarios_solver_types_120/scenario_solver_31_trains_31_units2.json","Cost of next node: Cost = 2,011.7 : 2,062.95 | cr=14, dd=31, da=6, tlv=10, sm=62, rd=126.77, cd=0, um=0","Time elapsed: 7.08 seconds","/home/thomasverwaal/Robust-Rail-NL/mathematical-models/local_search_plans_discreet_120/plan_31_trains_31_units2.json"
"/home/thomasverwaal/Robust-Rail-NL/mathematical-models/scenarios_solver_types_120/scenario_solver_31_trains_31_units2.json","Cost of next node: Cost = 1,987.7 : 2,033.98 | cr=13, dd=31, da=6, tlv=9, sm=62, rd=128.71, cd=0, um=0","Time elapsed: 7.17 seconds","/home/thomasverwaal/Robust-Rail-NL/mathematical-models/local_search_plans_discreet_120/plan_31_trains_31_units2.json"
"/home/thomasverwaal/Robust-Rail-NL/mathematical-models/scenarios_solver_types_120/scenario_solver_31_trains_31_units2.json","Cost of next node: Cost = 1,958.1 : 2,009.30 | cr=12, dd=31, da=5, tlv=10, sm=62, rd=122.90, cd=0, um=0","Time elapsed: 7.57 seconds","/home/thomasverwaal/Robust-Rail-NL/mathematical-models/local_search_plans_discreet_120/plan_31_trains_31_units2.json"
"/home/thomasverwaal/Robust-Rail-NL/mathematical-models/scenarios_solver_types_120/scenario_solver_31_trains_31_units2.json","Cost of next node: Cost = 1,923.5 : 1,979.71 | cr=12, dd=30, da=5, tlv=11, sm=62, rd=120.97, cd=0, um=0","Time elapsed: 7.64 seconds","/home/thomasverwaal/Robust-Rail-NL/mathematical-models/local_search_plans_discreet_120/plan_31_trains_31_units2.json"
"/home/thomasverwaal/Robust-Rail-NL/mathematical-models/scenarios_solver_types_120/scenario_solver_31_trains_31_units2.json","Cost of next node: Cost = 1,850.2 : 1,911.43 | cr=13, dd=28, da=5, tlv=12, sm=62, rd=119.03, cd=0, um=0","Time elapsed: 7.76 seconds","/home/thomasverwaal/Robust-Rail-NL/mathematical-models/local_search_plans_discreet_120/plan_31_trains_31_units2.json"
"/home/thomasverwaal/Robust-Rail-NL/mathematical-models/scenarios_solver_types_120/scenario_solver_31_trains_31_units2.json","Cost of next node: Cost = 1,797.4 : 1,863.63 | cr=13, dd=27, da=4, tlv=13, sm=62, rd=117.10, cd=0, um=0","Time elapsed: 8.17 seconds","/home/thomasverwaal/Robust-Rail-NL/mathematical-models/local_search_plans_discreet_120/plan_31_trains_31_units2.json"
"/home/thomasverwaal/Robust-Rail-NL/mathematical-models/scenarios_solver_types_120/scenario_solver_31_trains_31_units2.json","Cost of next node: Cost = 1,761.2 : 1,832.44 | cr=13, dd=26, da=4, tlv=14, sm=62, rd=115.16, cd=0, um=0","Time elapsed: 8.63 seconds","/home/thomasverwaal/Robust-Rail-NL/mathematical-models/local_search_plans_discreet_120/plan_31_trains_31_units2.json"
"/home/thomasverwaal/Robust-Rail-NL/mathematical-models/scenarios_solver_types_120/scenario_solver_31_trains_31_units2.json","Cost of next node: Cost = 1,736.2 : 1,802.44 | cr=12, dd=26, da=4, tlv=13, sm=62, rd=117.10, cd=0, um=0","Time elapsed: 8.84 seconds","/home/thomasverwaal/Robust-Rail-NL/mathematical-models/local_search_plans_discreet_120/plan_31_trains_31_units2.json"
"/home/thomasverwaal/Robust-Rail-NL/mathematical-models/scenarios_solver_types_120/scenario_solver_31_trains_31_units2.json","Cost of next node: Cost = 1,707.5 : 1,773.74 | cr=9, dd=26, da=4, tlv=13, sm=62, rd=114.19, cd=0, um=0","Time elapsed: 9.12 seconds","/home/thomasverwaal/Robust-Rail-NL/mathematical-models/local_search_plans_discreet_120/plan_31_trains_31_units2.json"
"/home/thomasverwaal/Robust-Rail-NL/mathematical-models/scenarios_solver_types_120/scenario_solver_31_trains_31_units2.json","Cost of next node: Cost = 1,645.3 : 1,706.50 | cr=10, dd=25, da=4, tlv=12, sm=62, rd=117.10, cd=0, um=0","Time elapsed: 9.25 seconds","/home/thomasverwaal/Robust-Rail-NL/mathematical-models/local_search_plans_discreet_120/plan_31_trains_31_units2.json"
"/home/thomasverwaal/Robust-Rail-NL/mathematical-models/scenarios_solver_types_120/scenario_solver_31_trains_31_units2.json","Cost of next node: Cost = 1,623.9 : 1,690.12 | cr=9, dd=25, da=3, tlv=13, sm=62, rd=114.19, cd=0, um=0","Time elapsed: 9.72 seconds","/home/thomasverwaal/Robust-Rail-NL/mathematical-models/local_search_plans_discreet_120/plan_31_trains_31_units2.json"
"/home/thomasverwaal/Robust-Rail-NL/mathematical-models/scenarios_solver_types_120/scenario_solver_31_trains_31_units2.json","Cost of next node: Cost = 1,530.1 : 1,596.30 | cr=15, dd=22, da=3, tlv=13, sm=62, rd=101.61, cd=0, um=0","Time elapsed: 9.95 seconds","/home/thomasverwaal/Robust-Rail-NL/mathematical-models/local_search_plans_discreet_120/plan_31_trains_31_units2.json"
"/home/thomasverwaal/Robust-Rail-NL/mathematical-models/scenarios_solver_types_120/scenario_solver_31_trains_31_units2.json","Cost of next node: Cost = 1,427.3 : 1,498.56 | cr=15, dd=20, da=2, tlv=14, sm=62, rd=97.74, cd=0, um=0","Time elapsed: 10.20 seconds","/home/thomasverwaal/Robust-Rail-NL/mathematical-models/local_search_plans_discreet_120/plan_31_trains_31_units2.json"
"/home/thomasverwaal/Robust-Rail-NL/mathematical-models/scenarios_solver_types_120/scenario_solver_31_trains_31_units2.json","Cost of next node: Cost = 1,398.3 : 1,469.59 | cr=17, dd=19, da=2, tlv=14, sm=62, rd=95.81, cd=0, um=0","Time elapsed: 10.57 seconds","/home/thomasverwaal/Robust-Rail-NL/mathematical-models/local_search_plans_discreet_120/plan_31_trains_31_units2.json"
"/home/thomasverwaal/Robust-Rail-NL/mathematical-models/scenarios_solver_types_120/scenario_solver_31_trains_31_units2.json","Cost of next node: Cost = 1,371.8 : 1,448.05 | cr=18, dd=18, da=2, tlv=15, sm=62, rd=93.87, cd=0, um=0","Time elapsed: 10.88 seconds","/home/thomasverwaal/Robust-Rail-NL/mathematical-models/local_search_plans_discreet_120/plan_31_trains_31_units2.json"
"/home/thomasverwaal/Robust-Rail-NL/mathematical-models/scenarios_solver_types_120/scenario_solver_31_trains_31_units2.json","Cost of next node: Cost = 1,346.8 : 1,418.05 | cr=17, dd=18, da=2, tlv=14, sm=62, rd=93.87, cd=0, um=0","Time elapsed: 11.25 seconds","/home/thomasverwaal/Robust-Rail-NL/mathematical-models/local_search_plans_discreet_120/plan_31_trains_31_units2.json"
"/home/thomasverwaal/Robust-Rail-NL/mathematical-models/scenarios_solver_types_120/scenario_solver_31_trains_31_units2.json","Cost of next node: Cost = 801.9 : 878.14 | cr=15, dd=8, da=1, tlv=15, sm=62, rd=82.26, cd=0, um=0","Time elapsed: 11.68 seconds","/home/thomasverwaal/Robust-Rail-NL/mathematical-models/local_search_plans_discreet_120/plan_31_trains_31_units2.json"
"/home/thomasverwaal/Robust-Rail-NL/mathematical-models/scenarios_solver_types_120/scenario_solver_31_trains_31_units2.json","Cost of next node: Cost = 545.4 : 626.64 | cr=13, dd=3, da=1, tlv=16, sm=62, rd=77.42, cd=0, um=0","Time elapsed: 12.05 seconds","/home/thomasverwaal/Robust-Rail-NL/mathematical-models/local_search_plans_discreet_120/plan_31_trains_31_units2.json"
"/home/thomasverwaal/Robust-Rail-NL/mathematical-models/scenarios_solver_types_120/scenario_solver_31_trains_31_units2.json","Cost of next node: Cost = 530.4 : 606.64 | cr=13, dd=3, da=1, tlv=15, sm=62, rd=79.35, cd=0, um=0","Time elapsed: 17.99 seconds","/home/thomasverwaal/Robust-Rail-NL/mathematical-models/local_search_plans_discreet_120/plan_31_trains_31_units2.json"
"/home/thomasverwaal/Robust-Rail-NL/mathematical-models/scenarios_solver_types_120/scenario_solver_31_trains_31_units2.json","Cost of next node: Cost = 498.9 : 575.14 | cr=15, dd=2, da=1, tlv=15, sm=62, rd=78.39, cd=0, um=0","Time elapsed: 18.17 seconds","/home/thomasverwaal/Robust-Rail-NL/mathematical-models/local_search_plans_discreet_120/plan_31_trains_31_units2.json"
"/home/thomasverwaal/Robust-Rail-NL/mathematical-models/scenarios_solver_types_120/scenario_solver_31_trains_31_units2.json","Cost of next node: Cost = 473.9 : 545.14 | cr=14, dd=2, da=1, tlv=14, sm=62, rd=80.32, cd=0, um=0","Time elapsed: 18.77 seconds","/home/thomasverwaal/Robust-Rail-NL/mathematical-models/local_search_plans_discreet_120/plan_31_trains_31_units2.json"
"/home/thomasverwaal/Robust-Rail-NL/mathematical-models/scenarios_solver_types_120/scenario_solver_31_trains_31_units2.json","Cost of next node: Cost = 458.9 : 525.14 | cr=14, dd=2, da=1, tlv=13, sm=62, rd=82.26, cd=0, um=0","Time elapsed: 24.50 seconds","/home/thomasverwaal/Robust-Rail-NL/mathematical-models/local_search_plans_discreet_120/plan_31_trains_31_units2.json"
"/home/thomasverwaal/Robust-Rail-NL/mathematical-models/scenarios_solver_types_120/scenario_solver_31_trains_31_units2.json","Cost of next node: Cost = 438.0 : 504.24 | cr=14, dd=2, da=0, tlv=13, sm=62, rd=83.23, cd=0, um=0","Time elapsed: 24.66 seconds","/home/thomasverwaal/Robust-Rail-NL/mathematical-models/local_search_plans_discreet_120/plan_31_trains_31_units2.json"
"/home/thomasverwaal/Robust-Rail-NL/mathematical-models/scenarios_solver_types_120/scenario_solver_31_trains_31_units2.json","Cost of next node: Cost = 423.0 : 484.24 | cr=14, dd=2, da=0, tlv=12, sm=62, rd=85.16, cd=0, um=0","Time elapsed: 29.13 seconds","/home/thomasverwaal/Robust-Rail-NL/mathematical-models/local_search_plans_discreet_120/plan_31_trains_31_units2.json"
"/home/thomasverwaal/Robust-Rail-NL/mathematical-models/scenarios_solver_types_120/scenario_solver_31_trains_31_units2.json","Cost of next node: Cost = 413.0 : 474.24 | cr=13, dd=2, da=0, tlv=12, sm=62, rd=85.16, cd=0, um=0","Time elapsed: 32.60 seconds","/home/thomasverwaal/Robust-Rail-NL/mathematical-models/local_search_plans_discreet_120/plan_31_trains_31_units2.json"
"/home/thomasverwaal/Robust-Rail-NL/mathematical-models/scenarios_solver_types_120/scenario_solver_31_trains_31_units2.json","Cost of next node: Cost = 403.0 : 464.24 | cr=12, dd=2, da=0, tlv=12, sm=62, rd=85.16, cd=0, um=0","Time elapsed: 35.80 seconds","/home/thomasverwaal/Robust-Rail-NL/mathematical-models/local_search_plans_discreet_120/plan_31_trains_31_units2.json"
"/home/thomasverwaal/Robust-Rail-NL/mathematical-models/scenarios_solver_types_120/scenario_solver_31_trains_31_units2.json","Cost of next node: Cost = 305.0 : 371.24 | cr=11, dd=0, da=0, tlv=13, sm=62, rd=79.35, cd=0, um=0","Time elapsed: 35.90 seconds","/home/thomasverwaal/Robust-Rail-NL/mathematical-models/local_search_plans_discreet_120/plan_31_trains_31_units2.json"
"/home/thomasverwaal/Robust-Rail-NL/mathematical-models/scenarios_solver_types_120/scenario_solver_31_trains_31_units2.json","Cost of next node: Cost = 295.0 : 361.24 | cr=10, dd=0, da=0, tlv=13, sm=62, rd=79.35, cd=0, um=0","Time elapsed: 38.65 seconds","/home/thomasverwaal/Robust-Rail-NL/mathematical-models/local_search_plans_discreet_120/plan_31_trains_31_units2.json"
"/home/thomasverwaal/Robust-Rail-NL/mathematical-models/scenarios_solver_types_120/scenario_solver_31_trains_31_units2.json","Cost of next node: Cost = 285.0 : 351.24 | cr=9, dd=0, da=0, tlv=13, sm=62, rd=79.35, cd=0, um=0","Time elapsed: 40.96 seconds","/home/thomasverwaal/Robust-Rail-NL/mathematical-models/local_search_plans_discreet_120/plan_31_trains_31_units2.json"
"/home/thomasverwaal/Robust-Rail-NL/mathematical-models/scenarios_solver_types_120/scenario_solver_31_trains_31_units2.json","Cost of next node: Cost = 275.0 : 341.24 | cr=8, dd=0, da=0, tlv=13, sm=62, rd=79.35, cd=0, um=0","Time elapsed: 46.82 seconds","/home/thomasverwaal/Robust-Rail-NL/mathematical-models/local_search_plans_discreet_120/plan_31_trains_31_units2.json"
"/home/thomasverwaal/Robust-Rail-NL/mathematical-models/scenarios_solver_types_120/scenario_solver_31_trains_31_units2.json","Cost of next node: Cost = 265.0 : 331.24 | cr=7, dd=0, da=0, tlv=13, sm=62, rd=79.35, cd=0, um=0","Time elapsed: 51.74 seconds","/home/thomasverwaal/Robust-Rail-NL/mathematical-models/local_search_plans_discreet_120/plan_31_trains_31_units2.json"
"/home/thomasverwaal/Robust-Rail-NL/mathematical-models/scenarios_solver_types_120/scenario_solver_31_trains_31_units2.json","Cost of next node: Cost = 255.0 : 321.26 | cr=6, dd=0, da=0, tlv=13, sm=63, rd=80.00, cd=0, um=0","Time elapsed: 53.29 seconds","/home/thomasverwaal/Robust-Rail-NL/mathematical-models/local_search_plans_discreet_120/plan_31_trains_31_units2.json"
"/home/thomasverwaal/Robust-Rail-NL/mathematical-models/scenarios_solver_types_120/scenario_solver_31_trains_31_units2.json","Cost of next node: Cost = 245.0 : 311.28 | cr=5, dd=0, da=0, tlv=13, sm=64, rd=80.62, cd=0, um=0","Time elapsed: 64.85 seconds","/home/thomasverwaal/Robust-Rail-NL/mathematical-models/local_search_plans_discreet_120/plan_31_trains_31_units2.json"
"/home/thomasverwaal/Robust-Rail-NL/mathematical-models/scenarios_solver_types_120/scenario_solver_31_trains_31_units2.json","Cost of next node: Cost = 235.0 : 301.26 | cr=4, dd=0, da=0, tlv=13, sm=63, rd=80.00, cd=0, um=0","Time elapsed: 66.05 seconds","/home/thomasverwaal/Robust-Rail-NL/mathematical-models/local_search_plans_discreet_120/plan_31_trains_31_units2.json"
"/home/thomasverwaal/Robust-Rail-NL/mathematical-models/scenarios_solver_types_120/scenario_solver_31_trains_31_units2.json","Cost of next node: Cost = 230.0 : 291.30 | cr=5, dd=0, da=0, tlv=12, sm=65, rd=81.23, cd=0, um=0","Time elapsed: 83.95 seconds","/home/thomasverwaal/Robust-Rail-NL/mathematical-models/local_search_plans_discreet_120/plan_31_trains_31_units2.json"
"/home/thomasverwaal/Robust-Rail-NL/mathematical-models/scenarios_solver_types_120/scenario_solver_31_trains_31_units2.json","Cost of next node: Cost = 225.0 : 281.32 | cr=6, dd=0, da=0, tlv=11, sm=66, rd=81.82, cd=0, um=0","Time elapsed: 102.02 seconds","/home/thomasverwaal/Robust-Rail-NL/mathematical-models/local_search_plans_discreet_120/plan_31_trains_31_units2.json"
"/home/thomasverwaal/Robust-Rail-NL/mathematical-models/scenarios_solver_types_120/scenario_solver_31_trains_31_units2.json","Cost of next node: Cost = 220.0 : 281.32 | cr=4, dd=0, da=0, tlv=12, sm=66, rd=80.00, cd=0, um=0","Time elapsed: 103.75 seconds","/home/thomasverwaal/Robust-Rail-NL/mathematical-models/local_search_plans_discreet_120/plan_31_trains_31_units2.json"
"/home/thomasverwaal/Robust-Rail-NL/mathematical-models/scenarios_solver_types_120/scenario_solver_31_trains_31_units2.json","Cost of next node: Cost = 210.0 : 271.34 | cr=3, dd=0, da=0, tlv=12, sm=67, rd=80.60, cd=0, um=0","Time elapsed: 149.35 seconds","/home/thomasverwaal/Robust-Rail-NL/mathematical-models/local_search_plans_discreet_120/plan_31_trains_31_units2.json"
"/home/thomasverwaal/Robust-Rail-NL/mathematical-models/scenarios_solver_types_120/scenario_solver_31_trains_31_units2.json","NO_COST_FOUND","NO_TIME_FOUND","NO_PLAN_CREATED"
"/home/thomasverwaal/Robust-Rail-NL/mathematical-models/scenarios_solver_types_120/scenario_solver_31_trains_31_units20.json","Cost of next node: Cost = 2,701.6 : 2,707.85 | cr=42, dd=31, da=27, tlv=1, sm=62, rd=184.84, cd=0, um=0","Time elapsed: 1.88 seconds","/home/thomasverwaal/Robust-Rail-NL/mathematical-models/local_search_plans_discreet_120/plan_31_trains_31_units20.json"
"/home/thomasverwaal/Robust-Rail-NL/mathematical-models/scenarios_solver_types_120/scenario_solver_31_trains_31_units20.json","Cost of next node: Cost = 2,674.5 : 2,685.74 | cr=39, dd=31, da=27, tlv=2, sm=62, rd=183.87, cd=0, um=0","Time elapsed: 2.03 seconds","/home/thomasverwaal/Robust-Rail-NL/mathematical-models/local_search_plans_discreet_120/plan_31_trains_31_units20.json"
"/home/thomasverwaal/Robust-Rail-NL/mathematical-models/scenarios_solver_types_120/scenario_solver_31_trains_31_units20.json","Cost of next node: Cost = 2,621.8 : 2,638.04 | cr=33, dd=31, da=26, tlv=3, sm=62, rd=185.81, cd=0, um=0","Time elapsed: 2.21 seconds","/home/thomasverwaal/Robust-Rail-NL/mathematical-models/local_search_plans_discreet_120/plan_31_trains_31_units20.json"
"/home/thomasverwaal/Robust-Rail-NL/mathematical-models/scenarios_solver_types_120/scenario_solver_31_trains_31_units20.json","Cost of next node: Cost = 2,598.3 : 2,619.53 | cr=33, dd=31, da=25, tlv=4, sm=62, rd=180.00, cd=0, um=0","Time elapsed: 2.37 seconds","/home/thomasverwaal/Robust-Rail-NL/mathematical-models/local_search_plans_discreet_120/plan_31_trains_31_units20.json"
"/home/thomasverwaal/Robust-Rail-NL/mathematical-models/scenarios_solver_types_120/scenario_solver_31_trains_31_units20.json","Cost of next node: Cost = 2,558.4 : 2,579.62 | cr=38, dd=31, da=22, tlv=4, sm=62, rd=172.26, cd=0, um=0","Time elapsed: 2.50 seconds","/home/thomasverwaal/Robust-Rail-NL/mathematical-models/local_search_plans_discreet_120/plan_31_trains_31_units20.json"
"/home/thomasverwaal/Robust-Rail-NL/mathematical-models/scenarios_solver_types_120/scenario_solver_31_trains_31_units20.json","Cost of next node: Cost = 2,513.4 : 2,539.61 | cr=31, dd=31, da=22, tlv=5, sm=62, rd=173.23, cd=0, um=0","Time elapsed: 2.59 seconds","/home/thomasverwaal/Robust-Rail-NL/mathematical-models/local_search_plans_discreet_120/plan_31_trains_31_units20.json"
"/home/thomasverwaal/Robust-Rail-NL/mathematical-models/scenarios_solver_types_120/scenario_solver_31_trains_31_units20.json","Cost of next node: Cost = 2,470.4 : 2,501.65 | cr=30, dd=31, da=20, tlv=6, sm=62, rd=169.35, cd=0, um=0","Time elapsed: 2.84 seconds","/home/thomasverwaal/Robust-Rail-NL/mathematical-models/local_search_plans_discreet_120/plan_31_trains_31_units20.json"
"/home/thomasverwaal/Robust-Rail-NL/mathematical-models/scenarios_solver_types_120/scenario_solver_31_trains_31_units20.json","Cost of next node: Cost = 2,448.1 : 2,484.36 | cr=31, dd=31, da=18, tlv=7, sm=62, rd=167.42, cd=0, um=0","Time elapsed: 2.95 seconds","/home/thomasverwaal/Robust-Rail-NL/mathematical-models/local_search_plans_discreet_120/plan_31_trains_31_units20.json"
"/home/thomasverwaal/Robust-Rail-NL/mathematical-models/scenarios_solver_types_120/scenario_solver_31_trains_31_units20.json","Cost of next node: Cost = 2,407.8 : 2,444.07 | cr=31, dd=31, da=17, tlv=7, sm=62, rd=158.71, cd=0, um=0","Time elapsed: 3.22 seconds","/home/thomasverwaal/Robust-Rail-NL/mathematical-models/local_search_plans_discreet_120/plan_31_trains_31_units20.json"
"/home/thomasverwaal/Robust-Rail-NL/mathematical-models/scenarios_solver_types_120/scenario_solver_31_trains_31_units20.json","Cost of next node: Cost = 2,385.8 : 2,422.09 | cr=37, dd=31, da=15, tlv=7, sm=62, rd=149.03, cd=0, um=0","Time elapsed: 3.32 seconds","/home/thomasverwaal/Robust-Rail-NL/mathematical-models/local_search_plans_discreet_120/plan_31_trains_31_units20.json"
"/home/thomasverwaal/Robust-Rail-NL/mathematical-models/scenarios_solver_types_120/scenario_solver_31_trains_31_units20.json","Cost of next node: Cost = 2,357.4 : 2,393.61 | cr=40, dd=31, da=12, tlv=7, sm=62, rd=149.03, cd=0, um=0","Time elapsed: 3.51 seconds","/home/thomasverwaal/Robust-Rail-NL/mathematical-models/local_search_plans_discreet_120/plan_31_trains_31_units20.json"
"/home/thomasverwaal/Robust-Rail-NL/mathematical-models/scenarios_solver_types_120/scenario_solver_31_trains_31_units20.json","Cost of next node: Cost = 2,334.9 : 2,376.14 | cr=37, dd=31, da=12, tlv=8, sm=62, rd=147.10, cd=0, um=0","Time elapsed: 3.60 seconds","/home/thomasverwaal/Robust-Rail-NL/mathematical-models/local_search_plans_discreet_120/plan_31_trains_31_units20.json"
"/home/thomasverwaal/Robust-Rail-NL/mathematical-models/scenarios_solver_types_120/scenario_solver_31_trains_31_units20.json","Cost of next node: Cost = 2,302.8 : 2,344.07 | cr=34, dd=31, da=12, tlv=8, sm=62, rd=145.16, cd=0, um=0","Time elapsed: 3.71 seconds","/home/thomasverwaal/Robust-Rail-NL/mathematical-models/local_search_plans_discreet_120/plan_31_trains_31_units20.json"
"/home/thomasverwaal/Robust-Rail-NL/mathematical-models/scenarios_solver_types_120/scenario_solver_31_trains_31_units20.json","Cost of next node: Cost = 2,280.7 : 2,321.96 | cr=34, dd=31, da=11, tlv=8, sm=62, rd=141.29, cd=0, um=0","Time elapsed: 3.83 seconds","/home/thomasverwaal/Robust-Rail-NL/mathematical-models/local_search_plans_discreet_120/plan_31_trains_31_units20.json"
"/home/thomasverwaal/Robust-Rail-NL/mathematical-models/scenarios_solver_types_120/scenario_solver_31_trains_31_units20.json","Cost of next node: Cost = 2,250.4 : 2,296.67 | cr=29, dd=31, da=11, tlv=9, sm=62, rd=141.29, cd=0, um=0","Time elapsed: 4.31 seconds","/home/thomasverwaal/Robust-Rail-NL/mathematical-models/local_search_plans_discreet_120/plan_31_trains_31_units20.json"
"/home/thomasverwaal/Robust-Rail-NL/mathematical-models/scenarios_solver_types_120/scenario_solver_31_trains_31_units20.json","Cost of next node: Cost = 2,227.2 : 2,278.40 | cr=26, dd=31, da=11, tlv=10, sm=62, rd=137.42, cd=0, um=0","Time elapsed: 4.50 seconds","/home/thomasverwaal/Robust-Rail-NL/mathematical-models/local_search_plans_discreet_120/plan_31_trains_31_units20.json"
"/home/thomasverwaal/Robust-Rail-NL/mathematical-models/scenarios_solver_types_120/scenario_solver_31_trains_31_units20.json","Cost of next node: Cost = 2,206.5 : 2,262.76 | cr=21, dd=31, da=11, tlv=11, sm=62, rd=143.23, cd=0, um=0","Time elapsed: 4.91 seconds","/home/thomasverwaal/Robust-Rail-NL/mathematical-models/local_search_plans_discreet_120/plan_31_trains_31_units20.json"
"/home/thomasverwaal/Robust-Rail-NL/mathematical-models/scenarios_solver_types_120/scenario_solver_31_trains_31_units20.json","Cost of next node: Cost = 2,181.5 : 2,232.76 | cr=20, dd=31, da=11, tlv=10, sm=62, rd=143.23, cd=0, um=0","Time elapsed: 5.07 seconds","/home/thomasverwaal/Robust-Rail-NL/mathematical-models/local_search_plans_discreet_120/plan_31_trains_31_units20.json"
"/home/thomasverwaal/Robust-Rail-NL/mathematical-models/scenarios_solver_types_120/scenario_solver_31_trains_31_units20.json","Cost of next node: Cost = 2,138.4 : 2,189.65 | cr=20, dd=31, da=9, tlv=10, sm=62, rd=139.35, cd=0, um=0","Time elapsed: 5.52 seconds","/home/thomasverwaal/Robust-Rail-NL/mathematical-models/local_search_plans_discreet_120/plan_31_trains_31_units20.json"
"/home/thomasverwaal/Robust-Rail-NL/mathematical-models/scenarios_solver_types_120/scenario_solver_31_trains_31_units20.json","Cost of next node: Cost = 2,107.2 : 2,163.47 | cr=21, dd=31, da=7, tlv=11, sm=62, rd=131.61, cd=0, um=0","Time elapsed: 6.07 seconds","/home/thomasverwaal/Robust-Rail-NL/mathematical-models/local_search_plans_discreet_120/plan_31_trains_31_units20.json"
"/home/thomasverwaal/Robust-Rail-NL/mathematical-models/scenarios_solver_types_120/scenario_solver_31_trains_31_units20.json","Cost of next node: Cost = 2,085.3 : 2,141.54 | cr=21, dd=31, da=6, tlv=11, sm=62, rd=129.68, cd=0, um=0","Time elapsed: 6.64 seconds","/home/thomasverwaal/Robust-Rail-NL/mathematical-models/local_search_plans_discreet_120/plan_31_trains_31_units20.json"
"/home/thomasverwaal/Robust-Rail-NL/mathematical-models/scenarios_solver_types_120/scenario_solver_31_trains_31_units20.json","Cost of next node: Cost = 2,050.9 : 2,112.18 | cr=20, dd=31, da=5, tlv=12, sm=62, rd=120.00, cd=0, um=0","Time elapsed: 7.54 seconds","/home/thomasverwaal/Robust-Rail-NL/mathematical-models/local_search_plans_discreet_120/plan_31_trains_31_units20.json"
"/home/thomasverwaal/Robust-Rail-NL/mathematical-models/scenarios_solver_types_120/scenario_solver_31_trains_31_units20.json","Cost of next node: Cost = 2,015.6 : 2,081.87 | cr=20, dd=30, da=5, tlv=13, sm=62, rd=118.06, cd=0, um=0","Time elapsed: 7.70 seconds","/home/thomasverwaal/Robust-Rail-NL/mathematical-models/local_search_plans_discreet_120/plan_31_trains_31_units20.json"
"/home/thomasverwaal/Robust-Rail-NL/mathematical-models/scenarios_solver_types_120/scenario_solver_31_trains_31_units20.json","Cost of next node: Cost = 1,966.1 : 2,032.34 | cr=20, dd=29, da=5, tlv=13, sm=62, rd=116.13, cd=0, um=0","Time elapsed: 7.96 seconds","/home/thomasverwaal/Robust-Rail-NL/mathematical-models/local_search_plans_discreet_120/plan_31_trains_31_units20.json"
"/home/thomasverwaal/Robust-Rail-NL/mathematical-models/scenarios_solver_types_120/scenario_solver_31_trains_31_units20.json","Cost of next node: Cost = 1,941.1 : 2,002.34 | cr=19, dd=29, da=5, tlv=12, sm=62, rd=116.13, cd=0, um=0","Time elapsed: 8.09 seconds","/home/thomasverwaal/Robust-Rail-NL/mathematical-models/local_search_plans_discreet_120/plan_31_trains_31_units20.json"
"/home/thomasverwaal/Robust-Rail-NL/mathematical-models/scenarios_solver_types_120/scenario_solver_31_trains_31_units20.json","Cost of next node: Cost = 1,914.5 : 1,980.73 | cr=19, dd=27, da=8, tlv=13, sm=62, rd=120.00, cd=0, um=0","Time elapsed: 8.40 seconds","/home/thomasverwaal/Robust-Rail-NL/mathematical-models/local_search_plans_discreet_120/plan_31_trains_31_units20.json"
"/home/thomasverwaal/Robust-Rail-NL/mathematical-models/scenarios_solver_types_120/scenario_solver_31_trains_31_units20.json","Cost of next node: Cost = 1,879.6 : 1,940.79 | cr=19, dd=27, da=7, tlv=12, sm=62, rd=118.06, cd=0, um=0","Time elapsed: 8.77 seconds","/home/thomasverwaal/Robust-Rail-NL/mathematical-models/local_search_plans_discreet_120/plan_31_trains_31_units20.json"
"/home/thomasverwaal/Robust-Rail-NL/mathematical-models/scenarios_solver_types_120/scenario_solver_31_trains_31_units20.json","Cost of next node: Cost = 1,815.6 : 1,881.81 | cr=20, dd=26, da=5, tlv=13, sm=62, rd=114.19, cd=0, um=0","Time elapsed: 8.93 seconds","/home/thomasverwaal/Robust-Rail-NL/mathematical-models/local_search_plans_discreet_120/plan_31_trains_31_units20.json"
"/home/thomasverwaal/Robust-Rail-NL/mathematical-models/scenarios_solver_types_120/scenario_solver_31_trains_31_units20.json","Cost of next node: Cost = 1,727.8 : 1,799.06 | cr=20, dd=24, da=5, tlv=14, sm=62, rd=108.39, cd=0, um=0","Time elapsed: 9.20 seconds","/home/thomasverwaal/Robust-Rail-NL/mathematical-models/local_search_plans_discreet_120/plan_31_trains_31_units20.json"
"/home/thomasverwaal/Robust-Rail-NL/mathematical-models/scenarios_solver_types_120/scenario_solver_31_trains_31_units20.json","Cost of next node: Cost = 1,624.2 : 1,700.41 | cr=23, dd=21, da=5, tlv=15, sm=62, rd=102.58, cd=0, um=0","Time elapsed: 9.61 seconds","/home/thomasverwaal/Robust-Rail-NL/mathematical-models/local_search_plans_discreet_120/plan_31_trains_31_units20.json"
"/home/thomasverwaal/Robust-Rail-NL/mathematical-models/scenarios_solver_types_120/scenario_solver_31_trains_31_units20.json","Cost of next node: Cost = 1,599.2 : 1,670.41 | cr=22, dd=21, da=5, tlv=14, sm=62, rd=102.58, cd=0, um=0","Time elapsed: 9.99 seconds","/home/thomasverwaal/Robust-Rail-NL/mathematical-models/local_search_plans_discreet_120/plan_31_trains_31_units20.json"
"/home/thomasverwaal/Robust-Rail-NL/mathematical-models/scenarios_solver_types_120/scenario_solver_31_trains_31_units20.json","Cost of next node: Cost = 1,513.0 : 1,589.21 | cr=24, dd=19, da=4, tlv=15, sm=62, rd=98.71, cd=0, um=0","Time elapsed: 10.14 seconds","/home/thomasverwaal/Robust-Rail-NL/mathematical-models/local_search_plans_discreet_120/plan_31_trains_31_units20.json"
"/home/thomasverwaal/Robust-Rail-NL/mathematical-models/scenarios_solver_types_120/scenario_solver_31_trains_31_units20.json","Cost of next node: Cost = 1,163.6 : 1,244.87 | cr=20, dd=13, da=3, tlv=16, sm=62, rd=90.97, cd=0, um=0","Time elapsed: 10.67 seconds","/home/thomasverwaal/Robust-Rail-NL/mathematical-models/local_search_plans_discreet_120/plan_31_trains_31_units20.json"
"/home/thomasverwaal/Robust-Rail-NL/mathematical-models/scenarios_solver_types_120/scenario_solver_31_trains_31_units20.json","Cost of next node: Cost = 1,138.6 : 1,214.87 | cr=19, dd=13, da=3, tlv=15, sm=62, rd=92.90, cd=0, um=0","Time elapsed: 10.88 seconds","/home/thomasverwaal/Robust-Rail-NL/mathematical-models/local_search_plans_discreet_120/plan_31_trains_31_units20.json"
"/home/thomasverwaal/Robust-Rail-NL/mathematical-models/scenarios_solver_types_120/scenario_solver_31_trains_31_units20.json","Cost of next node: Cost = 1,088.6 : 1,164.87 | cr=18, dd=13, da=1, tlv=15, sm=62, rd=89.03, cd=0, um=0","Time elapsed: 11.38 seconds","/home/thomasverwaal/Robust-Rail-NL/mathematical-models/local_search_plans_discreet_120/plan_31_trains_31_units20.json"
"/home/thomasverwaal/Robust-Rail-NL/mathematical-models/scenarios_solver_types_120/scenario_solver_31_trains_31_units20.json","Cost of next node: Cost = 794.5 : 875.74 | cr=20, dd=7, da=0, tlv=16, sm=62, rd=77.42, cd=0, um=0","Time elapsed: 11.72 seconds","/home/thomasverwaal/Robust-Rail-NL/mathematical-models/local_search_plans_discreet_120/plan_31_trains_31_units20.json"
"/home/thomasverwaal/Robust-Rail-NL/mathematical-models/scenarios_solver_types_120/scenario_solver_31_trains_31_units20.json","Cost of next node: Cost = 538.0 : 624.24 | cr=18, dd=2, da=0, tlv=17, sm=62, rd=71.61, cd=0, um=0","Time elapsed: 12.12 seconds","/home/thomasverwaal/Robust-Rail-NL/mathematical-models/local_search_plans_discreet_120/plan_31_trains_31_units20.json"
"/home/thomasverwaal/Robust-Rail-NL/mathematical-models/scenarios_solver_types_120/scenario_solver_31_trains_31_units20.json","Cost of next node: Cost = 488.0 : 574.26 | cr=18, dd=1, da=0, tlv=17, sm=63, rd=72.38, cd=0, um=0","Time elapsed: 14.28 seconds","/home/thomasverwaal/Robust-Rail-NL/mathematical-models/local_search_plans_discreet_120/plan_31_trains_31_units20.json"
"/home/thomasverwaal/Robust-Rail-NL/mathematical-models/scenarios_solver_types_120/scenario_solver_31_trains_31_units20.json","Cost of next node: Cost = 463.0 : 544.26 | cr=17, dd=1, da=0, tlv=16, sm=63, rd=74.29, cd=0, um=0","Time elapsed: 14.67 seconds","/home/thomasverwaal/Robust-Rail-NL/mathematical-models/local_search_plans_discreet_120/plan_31_trains_31_units20.json"
"/home/thomasverwaal/Robust-Rail-NL/mathematical-models/scenarios_solver_types_120/scenario_solver_31_trains_31_units20.json","Cost of next node: Cost = 420.0 : 501.26 | cr=18, dd=0, da=0, tlv=16, sm=63, rd=72.38, cd=0, um=0","Time elapsed: 15.31 seconds","/home/thomasverwaal/Robust-Rail-NL/mathematical-models/local_search_plans_discreet_120/plan_31_trains_31_units20.json"
"/home/thomasverwaal/Robust-Rail-NL/mathematical-models/scenarios_solver_types_120/scenario_solver_31_trains_31_units20.json","Cost of next node: Cost = 405.0 : 481.26 | cr=18, dd=0, da=0, tlv=15, sm=63, rd=74.29, cd=0, um=0","Time elapsed: 20.37 seconds","/home/thomasverwaal/Robust-Rail-NL/mathematical-models/local_search_plans_discreet_120/plan_31_trains_31_units20.json"
"/home/thomasverwaal/Robust-Rail-NL/mathematical-models/scenarios_solver_types_120/scenario_solver_31_trains_31_units20.json","Cost of next node: Cost = 390.0 : 461.26 | cr=18, dd=0, da=0, tlv=14, sm=63, rd=76.19, cd=0, um=0","Time elapsed: 24.90 seconds","/home/thomasverwaal/Robust-Rail-NL/mathematical-models/local_search_plans_discreet_120/plan_31_trains_31_units20.json"
"/home/thomasverwaal/Robust-Rail-NL/mathematical-models/scenarios_solver_types_120/scenario_solver_31_trains_31_units20.json","Cost of next node: Cost = 375.0 : 441.24 | cr=18, dd=0, da=0, tlv=13, sm=62, rd=77.42, cd=0, um=0","Time elapsed: 29.06 seconds","/home/thomasverwaal/Robust-Rail-NL/mathematical-models/local_search_plans_discreet_120/plan_31_trains_31_units20.json"
"/home/thomasverwaal/Robust-Rail-NL/mathematical-models/scenarios_solver_types_120/scenario_solver_31_trains_31_units20.json","Cost of next node: Cost = 365.0 : 431.24 | cr=17, dd=0, da=0, tlv=13, sm=62, rd=77.42, cd=0, um=0","Time elapsed: 32.69 seconds","/home/thomasverwaal/Robust-Rail-NL/mathematical-models/local_search_plans_discreet_120/plan_31_trains_31_units20.json"
"/home/thomasverwaal/Robust-Rail-NL/mathematical-models/scenarios_solver_types_120/scenario_solver_31_trains_31_units20.json","Cost of next node: Cost = 345.0 : 411.24 | cr=15, dd=0, da=0, tlv=13, sm=62, rd=77.42, cd=0, um=0","Time elapsed: 35.69 seconds","/home/thomasverwaal/Robust-Rail-NL/mathematical-models/local_search_plans_discreet_120/plan_31_trains_31_units20.json"
"/home/thomasverwaal/Robust-Rail-NL/mathematical-models/scenarios_solver_types_120/scenario_solver_31_trains_31_units20.json","Cost of next node: Cost = 335.0 : 401.24 | cr=14, dd=0, da=0, tlv=13, sm=62, rd=77.42, cd=0, um=0","Time elapsed: 38.48 seconds","/home/thomasverwaal/Robust-Rail-NL/mathematical-models/local_search_plans_discreet_120/plan_31_trains_31_units20.json"
"/home/thomasverwaal/Robust-Rail-NL/mathematical-models/scenarios_solver_types_120/scenario_solver_31_trains_31_units20.json","Cost of next node: Cost = 325.0 : 391.24 | cr=13, dd=0, da=0, tlv=13, sm=62, rd=77.42, cd=0, um=0","Time elapsed: 40.96 seconds","/home/thomasverwaal/Robust-Rail-NL/mathematical-models/local_search_plans_discreet_120/plan_31_trains_31_units20.json"
"/home/thomasverwaal/Robust-Rail-NL/mathematical-models/scenarios_solver_types_120/scenario_solver_31_trains_31_units20.json","Cost of next node: Cost = 315.0 : 381.24 | cr=12, dd=0, da=0, tlv=13, sm=62, rd=77.42, cd=0, um=0","Time elapsed: 43.20 seconds","/home/thomasverwaal/Robust-Rail-NL/mathematical-models/local_search_plans_discreet_120/plan_31_trains_31_units20.json"
"/home/thomasverwaal/Robust-Rail-NL/mathematical-models/scenarios_solver_types_120/scenario_solver_31_trains_31_units20.json","Cost of next node: Cost = 305.0 : 371.24 | cr=11, dd=0, da=0, tlv=13, sm=62, rd=77.42, cd=0, um=0","Time elapsed: 45.12 seconds","/home/thomasverwaal/Robust-Rail-NL/mathematical-models/local_search_plans_discreet_120/plan_31_trains_31_units20.json"
"/home/thomasverwaal/Robust-Rail-NL/mathematical-models/scenarios_solver_types_120/scenario_solver_31_trains_31_units20.json","Cost of next node: Cost = 295.0 : 361.24 | cr=10, dd=0, da=0, tlv=13, sm=62, rd=77.42, cd=0, um=0","Time elapsed: 46.80 seconds","/home/thomasverwaal/Robust-Rail-NL/mathematical-models/local_search_plans_discreet_120/plan_31_trains_31_units20.json"
"/home/thomasverwaal/Robust-Rail-NL/mathematical-models/scenarios_solver_types_120/scenario_solver_31_trains_31_units20.json","Cost of next node: Cost = 285.0 : 351.24 | cr=9, dd=0, da=0, tlv=13, sm=62, rd=77.42, cd=0, um=0","Time elapsed: 48.59 seconds","/home/thomasverwaal/Robust-Rail-NL/mathematical-models/local_search_plans_discreet_120/plan_31_trains_31_units20.json"
"/home/thomasverwaal/Robust-Rail-NL/mathematical-models/scenarios_solver_types_120/scenario_solver_31_trains_31_units20.json","Cost of next node: Cost = 275.0 : 341.24 | cr=8, dd=0, da=0, tlv=13, sm=62, rd=77.42, cd=0, um=0","Time elapsed: 49.98 seconds","/home/thomasverwaal/Robust-Rail-NL/mathematical-models/local_search_plans_discreet_120/plan_31_trains_31_units20.json"
"/home/thomasverwaal/Robust-Rail-NL/mathematical-models/scenarios_solver_types_120/scenario_solver_31_trains_31_units20.json","Cost of next node: Cost = 265.0 : 331.24 | cr=7, dd=0, da=0, tlv=13, sm=62, rd=77.42, cd=0, um=0","Time elapsed: 51.62 seconds","/home/thomasverwaal/Robust-Rail-NL/mathematical-models/local_search_plans_discreet_120/plan_31_trains_31_units20.json"
"/home/thomasverwaal/Robust-Rail-NL/mathematical-models/scenarios_solver_types_120/scenario_solver_31_trains_31_units20.json","Cost of next node: Cost = 255.0 : 321.24 | cr=6, dd=0, da=0, tlv=13, sm=62, rd=79.35, cd=0, um=0","Time elapsed: 110.65 seconds","/home/thomasverwaal/Robust-Rail-NL/mathematical-models/local_search_plans_discreet_120/plan_31_trains_31_units20.json"
"/home/thomasverwaal/Robust-Rail-NL/mathematical-models/scenarios_solver_types_120/scenario_solver_31_trains_31_units20.json","Cost of next node: Cost = 245.0 : 311.24 | cr=5, dd=0, da=0, tlv=13, sm=62, rd=79.35, cd=0, um=0","Time elapsed: 113.50 seconds","/home/thomasverwaal/Robust-Rail-NL/mathematical-models/local_search_plans_discreet_120/plan_31_trains_31_units20.json"
"/home/thomasverwaal/Robust-Rail-NL/mathematical-models/scenarios_solver_types_120/scenario_solver_31_trains_31_units20.json","Cost of next node: Cost = 235.0 : 301.24 | cr=4, dd=0, da=0, tlv=13, sm=62, rd=77.42, cd=0, um=0","Time elapsed: 190.87 seconds","/home/thomasverwaal/Robust-Rail-NL/mathematical-models/local_search_plans_discreet_120/plan_31_trains_31_units20.json"
"/home/thomasverwaal/Robust-Rail-NL/mathematical-models/scenarios_solver_types_120/scenario_solver_31_trains_31_units20.json","Cost of next node: Cost = 225.0 : 291.26 | cr=3, dd=0, da=0, tlv=13, sm=63, rd=78.10, cd=0, um=0","Time elapsed: 215.09 seconds","/home/thomasverwaal/Robust-Rail-NL/mathematical-models/local_search_plans_discreet_120/plan_31_trains_31_units20.json"
"/home/thomasverwaal/Robust-Rail-NL/mathematical-models/scenarios_solver_types_120/scenario_solver_31_trains_31_units20.json","Cost of next node: Cost = 215.0 : 281.28 | cr=2, dd=0, da=0, tlv=13, sm=64, rd=78.75, cd=0, um=0","Time elapsed: 216.51 seconds","/home/thomasverwaal/Robust-Rail-NL/mathematical-models/local_search_plans_discreet_120/plan_31_trains_31_units20.json"
"/home/thomasverwaal/Robust-Rail-NL/mathematical-models/scenarios_solver_types_120/scenario_solver_31_trains_31_units20.json","NO_COST_FOUND","NO_TIME_FOUND","NO_PLAN_CREATED"
"/home/thomasverwaal/Robust-Rail-NL/mathematical-models/scenarios_solver_types_120/scenario_solver_31_trains_31_units21.json","Cost of next node: Cost = 2,810.7 : 2,816.94 | cr=51, dd=31, da=27, tlv=1, sm=62, rd=194.52, cd=0, um=0","Time elapsed: 2.30 seconds","/home/thomasverwaal/Robust-Rail-NL/mathematical-models/local_search_plans_discreet_120/plan_31_trains_31_units21.json"
"/home/thomasverwaal/Robust-Rail-NL/mathematical-models/scenarios_solver_types_120/scenario_solver_31_trains_31_units21.json","Cost of next node: Cost = 2,785.7 : 2,786.94 | cr=50, dd=31, da=27, tlv=0, sm=62, rd=194.52, cd=0, um=0","Time elapsed: 2.47 seconds","/home/thomasverwaal/Robust-Rail-NL/mathematical-models/local_search_plans_discreet_120/plan_31_trains_31_units21.json"
"/home/thomasverwaal/Robust-Rail-NL/mathematical-models/scenarios_solver_types_120/scenario_solver_31_trains_31_units21.json","Cost of next node: Cost = 2,708.2 : 2,714.48 | cr=41, dd=31, da=26, tlv=1, sm=62, rd=198.39, cd=0, um=0","Time elapsed: 2.65 seconds","/home/thomasverwaal/Robust-Rail-NL/mathematical-models/local_search_plans_discreet_120/plan_31_trains_31_units21.json"
"/home/thomasverwaal/Robust-Rail-NL/mathematical-models/scenarios_solver_types_120/scenario_solver_31_trains_31_units21.json","Cost of next node: Cost = 2,685.8 : 2,697.01 | cr=40, dd=31, da=25, tlv=2, sm=62, rd=195.48, cd=0, um=0","Time elapsed: 2.79 seconds","/home/thomasverwaal/Robust-Rail-NL/mathematical-models/local_search_plans_discreet_120/plan_31_trains_31_units21.json"
"/home/thomasverwaal/Robust-Rail-NL/mathematical-models/scenarios_solver_types_120/scenario_solver_31_trains_31_units21.json","Cost of next node: Cost = 2,607.4 : 2,623.66 | cr=35, dd=31, da=24, tlv=3, sm=62, rd=188.71, cd=0, um=0","Time elapsed: 2.95 seconds","/home/thomasverwaal/Robust-Rail-NL/mathematical-models/local_search_plans_discreet_120/plan_31_trains_31_units21.json"
"/home/thomasverwaal/Robust-Rail-NL/mathematical-models/scenarios_solver_types_120/scenario_solver_31_trains_31_units21.json","Cost of next node: Cost = 2,584.5 : 2,605.77 | cr=36, dd=31, da=22, tlv=4, sm=62, rd=183.87, cd=0, um=0","Time elapsed: 3.02 seconds","/home/thomasverwaal/Robust-Rail-NL/mathematical-models/local_search_plans_discreet_120/plan_31_trains_31_units21.json"
"/home/thomasverwaal/Robust-Rail-NL/mathematical-models/scenarios_solver_types_120/scenario_solver_31_trains_31_units21.json","Cost of next node: Cost = 2,524.5 : 2,550.74 | cr=41, dd=31, da=17, tlv=5, sm=62, rd=175.16, cd=0, um=0","Time elapsed: 3.16 seconds","/home/thomasverwaal/Robust-Rail-NL/mathematical-models/local_search_plans_discreet_120/plan_31_trains_31_units21.json"
"/home/thomasverwaal/Robust-Rail-NL/mathematical-models/scenarios_solver_types_120/scenario_solver_31_trains_31_units21.json","Cost of next node: Cost = 2,489.4 : 2,515.67 | cr=37, dd=31, da=17, tlv=5, sm=62, rd=180.97, cd=0, um=0","Time elapsed: 3.33 seconds","/home/thomasverwaal/Robust-Rail-NL/mathematical-models/local_search_plans_discreet_120/plan_31_trains_31_units21.json"
"/home/thomasverwaal/Robust-Rail-NL/mathematical-models/scenarios_solver_types_120/scenario_solver_31_trains_31_units21.json","Cost of next node: Cost = 2,388.1 : 2,419.36 | cr=37, dd=31, da=11, tlv=6, sm=62, rd=178.06, cd=0, um=0","Time elapsed: 3.50 seconds","/home/thomasverwaal/Robust-Rail-NL/mathematical-models/local_search_plans_discreet_120/plan_31_trains_31_units21.json"
"/home/thomasverwaal/Robust-Rail-NL/mathematical-models/scenarios_solver_types_120/scenario_solver_31_trains_31_units21.json","Cost of next node: Cost = 2,366.3 : 2,402.53 | cr=37, dd=31, da=10, tlv=7, sm=62, rd=167.42, cd=0, um=0","Time elapsed: 3.63 seconds","/home/thomasverwaal/Robust-Rail-NL/mathematical-models/local_search_plans_discreet_120/plan_31_trains_31_units21.json"
"/home/thomasverwaal/Robust-Rail-NL/mathematical-models/scenarios_solver_types_120/scenario_solver_31_trains_31_units21.json","Cost of next node: Cost = 2,343.0 : 2,384.26 | cr=35, dd=31, da=10, tlv=8, sm=62, rd=160.65, cd=0, um=0","Time elapsed: 3.80 seconds","/home/thomasverwaal/Robust-Rail-NL/mathematical-models/local_search_plans_discreet_120/plan_31_trains_31_units21.json"
"/home/thomasverwaal/Robust-Rail-NL/mathematical-models/scenarios_solver_types_120/scenario_solver_31_trains_31_units21.json","Cost of next node: Cost = 2,321.2 : 2,362.41 | cr=35, dd=31, da=9, tlv=8, sm=62, rd=157.74, cd=0, um=0","Time elapsed: 4.18 seconds","/home/thomasverwaal/Robust-Rail-NL/mathematical-models/local_search_plans_discreet_120/plan_31_trains_31_units21.json"
"/home/thomasverwaal/Robust-Rail-NL/mathematical-models/scenarios_solver_types_120/scenario_solver_31_trains_31_units21.json","Cost of next node: Cost = 2,292.8 : 2,334.05 | cr=31, dd=31, da=9, tlv=8, sm=62, rd=152.90, cd=0, um=0","Time elapsed: 4.54 seconds","/home/thomasverwaal/Robust-Rail-NL/mathematical-models/local_search_plans_discreet_120/plan_31_trains_31_units21.json"
"/home/thomasverwaal/Robust-Rail-NL/mathematical-models/scenarios_solver_types_120/scenario_solver_31_trains_31_units21.json","Cost of next node: Cost = 2,262.5 : 2,308.72 | cr=29, dd=31, da=9, tlv=9, sm=62, rd=145.16, cd=0, um=0","Time elapsed: 4.96 seconds","/home/thomasverwaal/Robust-Rail-NL/mathematical-models/local_search_plans_discreet_120/plan_31_trains_31_units21.json"
"/home/thomasverwaal/Robust-Rail-NL/mathematical-models/scenarios_solver_types_120/scenario_solver_31_trains_31_units21.json","Cost of next node: Cost = 2,229.6 : 2,280.83 | cr=22, dd=31, da=9, tlv=10, sm=62, rd=150.97, cd=0, um=0","Time elapsed: 5.54 seconds","/home/thomasverwaal/Robust-Rail-NL/mathematical-models/local_search_plans_discreet_120/plan_31_trains_31_units21.json"
"/home/thomasverwaal/Robust-Rail-NL/mathematical-models/scenarios_solver_types_120/scenario_solver_31_trains_31_units21.json","Cost of next node: Cost = 2,194.2 : 2,245.44 | cr=21, dd=31, da=8, tlv=10, sm=62, rd=147.10, cd=0, um=0","Time elapsed: 5.80 seconds","/home/thomasverwaal/Robust-Rail-NL/mathematical-models/local_search_plans_discreet_120/plan_31_trains_31_units21.json"
"/home/thomasverwaal/Robust-Rail-NL/mathematical-models/scenarios_solver_types_120/scenario_solver_31_trains_31_units21.json","Cost of next node: Cost = 2,174.1 : 2,225.38 | cr=23, dd=31, da=7, tlv=10, sm=62, rd=137.42, cd=0, um=0","Time elapsed: 6.04 seconds","/home/thomasverwaal/Robust-Rail-NL/mathematical-models/local_search_plans_discreet_120/plan_31_trains_31_units21.json"
"/home/thomasverwaal/Robust-Rail-NL/mathematical-models/scenarios_solver_types_120/scenario_solver_31_trains_31_units21.json","Cost of next node: Cost = 2,149.1 : 2,195.38 | cr=22, dd=31, da=7, tlv=9, sm=62, rd=137.42, cd=0, um=0","Time elapsed: 6.17 seconds","/home/thomasverwaal/Robust-Rail-NL/mathematical-models/local_search_plans_discreet_120/plan_31_trains_31_units21.json"
"/home/thomasverwaal/Robust-Rail-NL/mathematical-models/scenarios_solver_types_120/scenario_solver_31_trains_31_units21.json","Cost of next node: Cost = 2,127.6 : 2,178.86 | cr=21, dd=31, da=6, tlv=10, sm=62, rd=133.55, cd=0, um=0","Time elapsed: 6.49 seconds","/home/thomasverwaal/Robust-Rail-NL/mathematical-models/local_search_plans_discreet_120/plan_31_trains_31_units21.json"
"/home/thomasverwaal/Robust-Rail-NL/mathematical-models/scenarios_solver_types_120/scenario_solver_31_trains_31_units21.json","Cost of next node: Cost = 2,090.1 : 2,146.35 | cr=20, dd=31, da=5, tlv=11, sm=62, rd=125.81, cd=0, um=0","Time elapsed: 6.79 seconds","/home/thomasverwaal/Robust-Rail-NL/mathematical-models/local_search_plans_discreet_120/plan_31_trains_31_units21.json"
"/home/thomasverwaal/Robust-Rail-NL/mathematical-models/scenarios_solver_types_120/scenario_solver_31_trains_31_units21.json","Cost of next node: Cost = 2,069.5 : 2,125.74 | cr=21, dd=31, da=4, tlv=11, sm=62, rd=120.00, cd=0, um=0","Time elapsed: 7.01 seconds","/home/thomasverwaal/Robust-Rail-NL/mathematical-models/local_search_plans_discreet_120/plan_31_trains_31_units21.json"
"/home/thomasverwaal/Robust-Rail-NL/mathematical-models/scenarios_solver_types_120/scenario_solver_31_trains_31_units21.json","Cost of next node: Cost = 2,044.5 : 2,095.74 | cr=20, dd=31, da=4, tlv=10, sm=62, rd=120.00, cd=0, um=0","Time elapsed: 7.15 seconds","/home/thomasverwaal/Robust-Rail-NL/mathematical-models/local_search_plans_discreet_120/plan_31_trains_31_units21.json"
"/home/thomasverwaal/Robust-Rail-NL/mathematical-models/scenarios_solver_types_120/scenario_solver_31_trains_31_units21.json","Cost of next node: Cost = 2,018.4 : 2,074.62 | cr=19, dd=31, da=3, tlv=11, sm=62, rd=114.19, cd=0, um=0","Time elapsed: 7.51 seconds","/home/thomasverwaal/Robust-Rail-NL/mathematical-models/local_search_plans_discreet_120/plan_31_trains_31_units21.json"
"/home/thomasverwaal/Robust-Rail-NL/mathematical-models/scenarios_solver_types_120/scenario_solver_31_trains_31_units21.json","Cost of next node: Cost = 1,554.6 : 1,615.84 | cr=15, dd=23, da=2, tlv=12, sm=62, rd=104.52, cd=0, um=0","Time elapsed: 7.96 seconds","/home/thomasverwaal/Robust-Rail-NL/mathematical-models/local_search_plans_discreet_120/plan_31_trains_31_units21.json"
"/home/thomasverwaal/Robust-Rail-NL/mathematical-models/scenarios_solver_types_120/scenario_solver_31_trains_31_units21.json","Cost of next node: Cost = 1,474.3 : 1,535.52 | cr=17, dd=21, da=2, tlv=12, sm=62, rd=100.65, cd=0, um=0","Time elapsed: 8.15 seconds","/home/thomasverwaal/Robust-Rail-NL/mathematical-models/local_search_plans_discreet_120/plan_31_trains_31_units21.json"
"/home/thomasverwaal/Robust-Rail-NL/mathematical-models/scenarios_solver_types_120/scenario_solver_31_trains_31_units21.json","Cost of next node: Cost = 1,374.8 : 1,436.04 | cr=17, dd=19, da=2, tlv=12, sm=62, rd=98.71, cd=0, um=0","Time elapsed: 8.34 seconds","/home/thomasverwaal/Robust-Rail-NL/mathematical-models/local_search_plans_discreet_120/plan_31_trains_31_units21.json"
"/home/thomasverwaal/Robust-Rail-NL/mathematical-models/scenarios_solver_types_120/scenario_solver_31_trains_31_units21.json","Cost of next node: Cost = 1,350.7 : 1,416.89 | cr=18, dd=18, da=2, tlv=13, sm=62, rd=96.77, cd=0, um=0","Time elapsed: 8.64 seconds","/home/thomasverwaal/Robust-Rail-NL/mathematical-models/local_search_plans_discreet_120/plan_31_trains_31_units21.json"
"/home/thomasverwaal/Robust-Rail-NL/mathematical-models/scenarios_solver_types_120/scenario_solver_31_trains_31_units21.json","Cost of next node: Cost = 1,325.7 : 1,386.89 | cr=17, dd=18, da=2, tlv=12, sm=62, rd=98.71, cd=0, um=0","Time elapsed: 8.78 seconds","/home/thomasverwaal/Robust-Rail-NL/mathematical-models/local_search_plans_discreet_120/plan_31_trains_31_units21.json"
"/home/thomasverwaal/Robust-Rail-NL/mathematical-models/scenarios_solver_types_120/scenario_solver_31_trains_31_units21.json","Cost of next node: Cost = 1,279.8 : 1,346.01 | cr=16, dd=17, da=2, tlv=13, sm=62, rd=96.77, cd=0, um=0","Time elapsed: 9.07 seconds","/home/thomasverwaal/Robust-Rail-NL/mathematical-models/local_search_plans_discreet_120/plan_31_trains_31_units21.json"
"/home/thomasverwaal/Robust-Rail-NL/mathematical-models/scenarios_solver_types_120/scenario_solver_31_trains_31_units21.json","Cost of next node: Cost = 1,211.2 : 1,277.49 | cr=14, dd=16, da=2, tlv=13, sm=62, rd=95.81, cd=0, um=0","Time elapsed: 9.45 seconds","/home/thomasverwaal/Robust-Rail-NL/mathematical-models/local_search_plans_discreet_120/plan_31_trains_31_units21.json"
"/home/thomasverwaal/Robust-Rail-NL/mathematical-models/scenarios_solver_types_120/scenario_solver_31_trains_31_units21.json","Cost of next node: Cost = 1,186.2 : 1,247.49 | cr=13, dd=16, da=2, tlv=12, sm=62, rd=99.68, cd=0, um=0","Time elapsed: 9.69 seconds","/home/thomasverwaal/Robust-Rail-NL/mathematical-models/local_search_plans_discreet_120/plan_31_trains_31_units21.json"
"/home/thomasverwaal/Robust-Rail-NL/mathematical-models/scenarios_solver_types_120/scenario_solver_31_trains_31_units21.json","Cost of next node: Cost = 659.6 : 725.81 | cr=11, dd=6, da=2, tlv=13, sm=62, rd=88.06, cd=0, um=0","Time elapsed: 9.98 seconds","/home/thomasverwaal/Robust-Rail-NL/mathematical-models/local_search_plans_discreet_120/plan_31_trains_31_units21.json"
"/home/thomasverwaal/Robust-Rail-NL/mathematical-models/scenarios_solver_types_120/scenario_solver_31_trains_31_units21.json","Cost of next node: Cost = 627.3 : 693.54 | cr=13, dd=5, da=2, tlv=13, sm=62, rd=89.03, cd=0, um=0","Time elapsed: 10.18 seconds","/home/thomasverwaal/Robust-Rail-NL/mathematical-models/local_search_plans_discreet_120/plan_31_trains_31_units21.json"
"/home/thomasverwaal/Robust-Rail-NL/mathematical-models/scenarios_solver_types_120/scenario_solver_31_trains_31_units21.json","Cost of next node: Cost = 602.3 : 663.54 | cr=12, dd=5, da=2, tlv=12, sm=62, rd=89.03, cd=0, um=0","Time elapsed: 10.58 seconds","/home/thomasverwaal/Robust-Rail-NL/mathematical-models/local_search_plans_discreet_120/plan_31_trains_31_units21.json"
"/home/thomasverwaal/Robust-Rail-NL/mathematical-models/scenarios_solver_types_120/scenario_solver_31_trains_31_units21.json","Cost of next node: Cost = 368.3 : 434.54 | cr=8, dd=1, da=2, tlv=13, sm=62, rd=83.23, cd=0, um=0","Time elapsed: 10.87 seconds","/home/thomasverwaal/Robust-Rail-NL/mathematical-models/local_search_plans_discreet_120/plan_31_trains_31_units21.json"
"/home/thomasverwaal/Robust-Rail-NL/mathematical-models/scenarios_solver_types_120/scenario_solver_31_trains_31_units21.json","Cost of next node: Cost = 353.3 : 414.54 | cr=8, dd=1, da=2, tlv=12, sm=62, rd=85.16, cd=0, um=0","Time elapsed: 14.30 seconds","/home/thomasverwaal/Robust-Rail-NL/mathematical-models/local_search_plans_discreet_120/plan_31_trains_31_units21.json"
"/home/thomasverwaal/Robust-Rail-NL/mathematical-models/scenarios_solver_types_120/scenario_solver_31_trains_31_units21.json","Cost of next node: Cost = 343.3 : 404.54 | cr=7, dd=1, da=2, tlv=12, sm=62, rd=85.16, cd=0, um=0","Time elapsed: 17.08 seconds","/home/thomasverwaal/Robust-Rail-NL/mathematical-models/local_search_plans_discreet_120/plan_31_trains_31_units21.json"
"/home/thomasverwaal/Robust-Rail-NL/mathematical-models/scenarios_solver_types_120/scenario_solver_31_trains_31_units21.json","Cost of next node: Cost = 338.3 : 404.54 | cr=5, dd=1, da=2, tlv=13, sm=62, rd=83.23, cd=0, um=0","Time elapsed: 19.35 seconds","/home/thomasverwaal/Robust-Rail-NL/mathematical-models/local_search_plans_discreet_120/plan_31_trains_31_units21.json"
"/home/thomasverwaal/Robust-Rail-NL/mathematical-models/scenarios_solver_types_120/scenario_solver_31_trains_31_units21.json","Cost of next node: Cost = 323.3 : 384.54 | cr=5, dd=1, da=2, tlv=12, sm=62, rd=85.16, cd=0, um=0","Time elapsed: 21.55 seconds","/home/thomasverwaal/Robust-Rail-NL/mathematical-models/local_search_plans_discreet_120/plan_31_trains_31_units21.json"
"/home/thomasverwaal/Robust-Rail-NL/mathematical-models/scenarios_solver_types_120/scenario_solver_31_trains_31_units21.json","Cost of next node: Cost = 313.3 : 374.54 | cr=4, dd=1, da=2, tlv=12, sm=62, rd=85.16, cd=0, um=0","Time elapsed: 32.61 seconds","/home/thomasverwaal/Robust-Rail-NL/mathematical-models/local_search_plans_discreet_120/plan_31_trains_31_units21.json"
"/home/thomasverwaal/Robust-Rail-NL/mathematical-models/scenarios_solver_types_120/scenario_solver_31_trains_31_units21.json","Cost of next node: Cost = 250.9 : 312.14 | cr=5, dd=0, da=1, tlv=12, sm=62, rd=83.23, cd=0, um=0","Time elapsed: 36.69 seconds","/home/thomasverwaal/Robust-Rail-NL/mathematical-models/local_search_plans_discreet_120/plan_31_trains_31_units21.json"
"/home/thomasverwaal/Robust-Rail-NL/mathematical-models/scenarios_solver_types_120/scenario_solver_31_trains_31_units21.json","Cost of next node: Cost = 240.9 : 302.14 | cr=4, dd=0, da=1, tlv=12, sm=62, rd=83.23, cd=0, um=0","Time elapsed: 60.49 seconds","/home/thomasverwaal/Robust-Rail-NL/mathematical-models/local_search_plans_discreet_120/plan_31_trains_31_units21.json"
"/home/thomasverwaal/Robust-Rail-NL/mathematical-models/scenarios_solver_types_120/scenario_solver_31_trains_31_units21.json","Cost of next node: Cost = 235.0 : 301.24 | cr=4, dd=0, da=0, tlv=13, sm=62, rd=79.35, cd=0, um=0","Time elapsed: 63.53 seconds","/home/thomasverwaal/Robust-Rail-NL/mathematical-models/local_search_plans_discreet_120/plan_31_trains_31_units21.json"
"/home/thomasverwaal/Robust-Rail-NL/mathematical-models/scenarios_solver_types_120/scenario_solver_31_trains_31_units21.json","Cost of next node: Cost = 225.0 : 291.24 | cr=3, dd=0, da=0, tlv=13, sm=62, rd=79.35, cd=0, um=0","Time elapsed: 108.83 seconds","/home/thomasverwaal/Robust-Rail-NL/mathematical-models/local_search_plans_discreet_120/plan_31_trains_31_units21.json"
"/home/thomasverwaal/Robust-Rail-NL/mathematical-models/scenarios_solver_types_120/scenario_solver_31_trains_31_units21.json","Cost of next node: Cost = 215.0 : 281.24 | cr=2, dd=0, da=0, tlv=13, sm=62, rd=79.35, cd=0, um=0","Time elapsed: 141.89 seconds","/home/thomasverwaal/Robust-Rail-NL/mathematical-models/local_search_plans_discreet_120/plan_31_trains_31_units21.json"
"/home/thomasverwaal/Robust-Rail-NL/mathematical-models/scenarios_solver_types_120/scenario_solver_31_trains_31_units21.json","NO_COST_FOUND","NO_TIME_FOUND","NO_PLAN_CREATED"
"/home/thomasverwaal/Robust-Rail-NL/mathematical-models/scenarios_solver_types_120/scenario_solver_31_trains_31_units22.json","Cost of next node: Cost = 2,741.1 : 2,747.33 | cr=47, dd=31, da=27, tlv=1, sm=62, rd=186.77, cd=0, um=0","Time elapsed: 2.26 seconds","/home/thomasverwaal/Robust-Rail-NL/mathematical-models/local_search_plans_discreet_120/plan_31_trains_31_units22.json"
"/home/thomasverwaal/Robust-Rail-NL/mathematical-models/scenarios_solver_types_120/scenario_solver_31_trains_31_units22.json","Cost of next node: Cost = 2,715.4 : 2,726.66 | cr=41, dd=31, da=27, tlv=2, sm=62, rd=197.42, cd=0, um=0","Time elapsed: 2.36 seconds","/home/thomasverwaal/Robust-Rail-NL/mathematical-models/local_search_plans_discreet_120/plan_31_trains_31_units22.json"
"/home/thomasverwaal/Robust-Rail-NL/mathematical-models/scenarios_solver_types_120/scenario_solver_31_trains_31_units22.json","Cost of next node: Cost = 2,677.9 : 2,689.12 | cr=39, dd=31, da=27, tlv=2, sm=62, rd=193.55, cd=0, um=0","Time elapsed: 2.48 seconds","/home/thomasverwaal/Robust-Rail-NL/mathematical-models/local_search_plans_discreet_120/plan_31_trains_31_units22.json"
"/home/thomasverwaal/Robust-Rail-NL/mathematical-models/scenarios_solver_types_120/scenario_solver_31_trains_31_units22.json","Cost of next node: Cost = 2,537.6 : 2,548.80 | cr=39, dd=31, da=21, tlv=2, sm=62, rd=186.77, cd=0, um=0","Time elapsed: 2.60 seconds","/home/thomasverwaal/Robust-Rail-NL/mathematical-models/local_search_plans_discreet_120/plan_31_trains_31_units22.json"
"/home/thomasverwaal/Robust-Rail-NL/mathematical-models/scenarios_solver_types_120/scenario_solver_31_trains_31_units22.json","Cost of next node: Cost = 2,517.4 : 2,528.62 | cr=39, dd=31, da=20, tlv=2, sm=62, rd=184.84, cd=0, um=0","Time elapsed: 2.81 seconds","/home/thomasverwaal/Robust-Rail-NL/mathematical-models/local_search_plans_discreet_120/plan_31_trains_31_units22.json"
"/home/thomasverwaal/Robust-Rail-NL/mathematical-models/scenarios_solver_types_120/scenario_solver_31_trains_31_units22.json","Cost of next node: Cost = 2,493.7 : 2,509.92 | cr=39, dd=31, da=18, tlv=3, sm=62, rd=182.90, cd=0, um=0","Time elapsed: 2.90 seconds","/home/thomasverwaal/Robust-Rail-NL/mathematical-models/local_search_plans_discreet_120/plan_31_trains_31_units22.json"
"/home/thomasverwaal/Robust-Rail-NL/mathematical-models/scenarios_solver_types_120/scenario_solver_31_trains_31_units22.json","Cost of next node: Cost = 2,456.2 : 2,477.48 | cr=34, dd=31, da=18, tlv=4, sm=62, rd=180.97, cd=0, um=0","Time elapsed: 3.08 seconds","/home/thomasverwaal/Robust-Rail-NL/mathematical-models/local_search_plans_discreet_120/plan_31_trains_31_units22.json"
"/home/thomasverwaal/Robust-Rail-NL/mathematical-models/scenarios_solver_types_120/scenario_solver_31_trains_31_units22.json","Cost of next node: Cost = 2,427.7 : 2,453.99 | cr=34, dd=31, da=16, tlv=5, sm=62, rd=180.97, cd=0, um=0","Time elapsed: 3.19 seconds","/home/thomasverwaal/Robust-Rail-NL/mathematical-models/local_search_plans_discreet_120/plan_31_trains_31_units22.json"
"/home/thomasverwaal/Robust-Rail-NL/mathematical-models/scenarios_solver_types_120/scenario_solver_31_trains_31_units22.json","Cost of next node: Cost = 2,353.6 : 2,379.88 | cr=37, dd=31, da=12, tlv=5, sm=62, rd=169.35, cd=0, um=0","Time elapsed: 3.29 seconds","/home/thomasverwaal/Robust-Rail-NL/mathematical-models/local_search_plans_discreet_120/plan_31_trains_31_units22.json"
"/home/thomasverwaal/Robust-Rail-NL/mathematical-models/scenarios_solver_types_120/scenario_solver_31_trains_31_units22.json","Cost of next node: Cost = 2,332.8 : 2,364.05 | cr=37, dd=31, da=11, tlv=6, sm=62, rd=159.68, cd=0, um=0","Time elapsed: 3.45 seconds","/home/thomasverwaal/Robust-Rail-NL/mathematical-models/local_search_plans_discreet_120/plan_31_trains_31_units22.json"
"/home/thomasverwaal/Robust-Rail-NL/mathematical-models/scenarios_solver_types_120/scenario_solver_31_trains_31_units22.json","Cost of next node: Cost = 2,306.6 : 2,342.88 | cr=35, dd=31, da=11, tlv=7, sm=62, rd=158.71, cd=0, um=0","Time elapsed: 3.62 seconds","/home/thomasverwaal/Robust-Rail-NL/mathematical-models/local_search_plans_discreet_120/plan_31_trains_31_units22.json"
"/home/thomasverwaal/Robust-Rail-NL/mathematical-models/scenarios_solver_types_120/scenario_solver_31_trains_31_units22.json","Cost of next node: Cost = 2,284.0 : 2,320.25 | cr=33, dd=31, da=11, tlv=7, sm=62, rd=156.77, cd=0, um=0","Time elapsed: 3.81 seconds","/home/thomasverwaal/Robust-Rail-NL/mathematical-models/local_search_plans_discreet_120/plan_31_trains_31_units22.json"
"/home/thomasverwaal/Robust-Rail-NL/mathematical-models/scenarios_solver_types_120/scenario_solver_31_trains_31_units22.json","Cost of next node: Cost = 2,262.4 : 2,298.66 | cr=33, dd=31, da=10, tlv=7, sm=62, rd=154.84, cd=0, um=0","Time elapsed: 3.94 seconds","/home/thomasverwaal/Robust-Rail-NL/mathematical-models/local_search_plans_discreet_120/plan_31_trains_31_units22.json"
"/home/thomasverwaal/Robust-Rail-NL/mathematical-models/scenarios_solver_types_120/scenario_solver_31_trains_31_units22.json","Cost of next node: Cost = 2,237.4 : 2,278.66 | cr=29, dd=31, da=10, tlv=8, sm=62, rd=154.84, cd=0, um=0","Time elapsed: 4.14 seconds","/home/thomasverwaal/Robust-Rail-NL/mathematical-models/local_search_plans_discreet_120/plan_31_trains_31_units22.json"
"/home/thomasverwaal/Robust-Rail-NL/mathematical-models/scenarios_solver_types_120/scenario_solver_31_trains_31_units22.json","Cost of next node: Cost = 2,214.5 : 2,255.75 | cr=27, dd=31, da=10, tlv=8, sm=62, rd=152.90, cd=0, um=0","Time elapsed: 4.45 seconds","/home/thomasverwaal/Robust-Rail-NL/mathematical-models/local_search_plans_discreet_120/plan_31_trains_31_units22.json"
"/home/thomasverwaal/Robust-Rail-NL/mathematical-models/scenarios_solver_types_120/scenario_solver_31_trains_31_units22.json","Cost of next node: Cost = 2,175.4 : 2,221.65 | cr=21, dd=31, da=10, tlv=9, sm=62, rd=152.90, cd=0, um=0","Time elapsed: 4.69 seconds","/home/thomasverwaal/Robust-Rail-NL/mathematical-models/local_search_plans_discreet_120/plan_31_trains_31_units22.json"
"/home/thomasverwaal/Robust-Rail-NL/mathematical-models/scenarios_solver_types_120/scenario_solver_31_trains_31_units22.json","Cost of next node: Cost = 2,150.3 : 2,201.54 | cr=14, dd=31, da=10, tlv=10, sm=62, rd=160.65, cd=0, um=0","Time elapsed: 5.05 seconds","/home/thomasverwaal/Robust-Rail-NL/mathematical-models/local_search_plans_discreet_120/plan_31_trains_31_units22.json"
"/home/thomasverwaal/Robust-Rail-NL/mathematical-models/scenarios_solver_types_120/scenario_solver_31_trains_31_units22.json","Cost of next node: Cost = 2,109.1 : 2,165.37 | cr=13, dd=31, da=9, tlv=11, sm=62, rd=152.90, cd=0, um=0","Time elapsed: 5.41 seconds","/home/thomasverwaal/Robust-Rail-NL/mathematical-models/local_search_plans_discreet_120/plan_31_trains_31_units22.json"
"/home/thomasverwaal/Robust-Rail-NL/mathematical-models/scenarios_solver_types_120/scenario_solver_31_trains_31_units22.json","Cost of next node: Cost = 2,077.6 : 2,133.84 | cr=13, dd=31, da=8, tlv=11, sm=62, rd=149.03, cd=0, um=0","Time elapsed: 5.78 seconds","/home/thomasverwaal/Robust-Rail-NL/mathematical-models/local_search_plans_discreet_120/plan_31_trains_31_units22.json"
"/home/thomasverwaal/Robust-Rail-NL/mathematical-models/scenarios_solver_types_120/scenario_solver_31_trains_31_units22.json","Cost of next node: Cost = 2,055.0 : 2,116.23 | cr=12, dd=31, da=7, tlv=12, sm=62, rd=145.16, cd=0, um=0","Time elapsed: 6.17 seconds","/home/thomasverwaal/Robust-Rail-NL/mathematical-models/local_search_plans_discreet_120/plan_31_trains_31_units22.json"
"/home/thomasverwaal/Robust-Rail-NL/mathematical-models/scenarios_solver_types_120/scenario_solver_31_trains_31_units22.json","Cost of next node: Cost = 2,003.4 : 2,069.63 | cr=13, dd=31, da=4, tlv=13, sm=62, rd=137.42, cd=0, um=0","Time elapsed: 6.70 seconds","/home/thomasverwaal/Robust-Rail-NL/mathematical-models/local_search_plans_discreet_120/plan_31_trains_31_units22.json"
"/home/thomasverwaal/Robust-Rail-NL/mathematical-models/scenarios_solver_types_120/scenario_solver_31_trains_31_units22.json","Cost of next node: Cost = 1,961.0 : 2,032.20 | cr=13, dd=30, da=4, tlv=14, sm=62, rd=131.61, cd=0, um=0","Time elapsed: 7.28 seconds","/home/thomasverwaal/Robust-Rail-NL/mathematical-models/local_search_plans_discreet_120/plan_31_trains_31_units22.json"
"/home/thomasverwaal/Robust-Rail-NL/mathematical-models/scenarios_solver_types_120/scenario_solver_31_trains_31_units22.json","Cost of next node: Cost = 1,936.7 : 2,012.98 | cr=14, dd=29, da=4, tlv=15, sm=62, rd=129.68, cd=0, um=0","Time elapsed: 7.78 seconds","/home/thomasverwaal/Robust-Rail-NL/mathematical-models/local_search_plans_discreet_120/plan_31_trains_31_units22.json"
"/home/thomasverwaal/Robust-Rail-NL/mathematical-models/scenarios_solver_types_120/scenario_solver_31_trains_31_units22.json","Cost of next node: Cost = 1,911.7 : 1,982.98 | cr=13, dd=29, da=4, tlv=14, sm=62, rd=129.68, cd=0, um=0","Time elapsed: 8.09 seconds","/home/thomasverwaal/Robust-Rail-NL/mathematical-models/local_search_plans_discreet_120/plan_31_trains_31_units22.json"
"/home/thomasverwaal/Robust-Rail-NL/mathematical-models/scenarios_solver_types_120/scenario_solver_31_trains_31_units22.json","Cost of next node: Cost = 1,636.1 : 1,712.32 | cr=12, dd=24, da=3, tlv=15, sm=62, rd=120.00, cd=0, um=0","Time elapsed: 8.65 seconds","/home/thomasverwaal/Robust-Rail-NL/mathematical-models/local_search_plans_discreet_120/plan_31_trains_31_units22.json"
"/home/thomasverwaal/Robust-Rail-NL/mathematical-models/scenarios_solver_types_120/scenario_solver_31_trains_31_units22.json","Cost of next node: Cost = 1,602.4 : 1,683.64 | cr=13, dd=23, da=3, tlv=16, sm=62, rd=113.23, cd=0, um=0","Time elapsed: 9.06 seconds","/home/thomasverwaal/Robust-Rail-NL/mathematical-models/local_search_plans_discreet_120/plan_31_trains_31_units22.json"
"/home/thomasverwaal/Robust-Rail-NL/mathematical-models/scenarios_solver_types_120/scenario_solver_31_trains_31_units22.json","Cost of next node: Cost = 1,537.3 : 1,618.53 | cr=13, dd=21, da=5, tlv=16, sm=62, rd=108.39, cd=0, um=0","Time elapsed: 9.38 seconds","/home/thomasverwaal/Robust-Rail-NL/mathematical-models/local_search_plans_discreet_120/plan_31_trains_31_units22.json"
"/home/thomasverwaal/Robust-Rail-NL/mathematical-models/scenarios_solver_types_120/scenario_solver_31_trains_31_units22.json","Cost of next node: Cost = 1,512.0 : 1,588.23 | cr=16, dd=21, da=3, tlv=15, sm=62, rd=104.52, cd=0, um=0","Time elapsed: 9.96 seconds","/home/thomasverwaal/Robust-Rail-NL/mathematical-models/local_search_plans_discreet_120/plan_31_trains_31_units22.json"
"/home/thomasverwaal/Robust-Rail-NL/mathematical-models/scenarios_solver_types_120/scenario_solver_31_trains_31_units22.json","Cost of next node: Cost = 1,472.4 : 1,548.64 | cr=17, dd=20, da=3, tlv=15, sm=62, rd=102.58, cd=0, um=0","Time elapsed: 10.51 seconds","/home/thomasverwaal/Robust-Rail-NL/mathematical-models/local_search_plans_discreet_120/plan_31_trains_31_units22.json"
"/home/thomasverwaal/Robust-Rail-NL/mathematical-models/scenarios_solver_types_120/scenario_solver_31_trains_31_units22.json","Cost of next node: Cost = 1,447.9 : 1,529.09 | cr=18, dd=19, da=3, tlv=16, sm=62, rd=100.65, cd=0, um=0","Time elapsed: 10.79 seconds","/home/thomasverwaal/Robust-Rail-NL/mathematical-models/local_search_plans_discreet_120/plan_31_trains_31_units22.json"
"/home/thomasverwaal/Robust-Rail-NL/mathematical-models/scenarios_solver_types_120/scenario_solver_31_trains_31_units22.json","Cost of next node: Cost = 1,422.9 : 1,499.09 | cr=17, dd=19, da=3, tlv=15, sm=62, rd=102.58, cd=0, um=0","Time elapsed: 11.20 seconds","/home/thomasverwaal/Robust-Rail-NL/mathematical-models/local_search_plans_discreet_120/plan_31_trains_31_units22.json"
"/home/thomasverwaal/Robust-Rail-NL/mathematical-models/scenarios_solver_types_120/scenario_solver_31_trains_31_units22.json","Cost of next node: Cost = 1,397.9 : 1,469.09 | cr=16, dd=19, da=3, tlv=14, sm=62, rd=106.45, cd=0, um=0","Time elapsed: 11.47 seconds","/home/thomasverwaal/Robust-Rail-NL/mathematical-models/local_search_plans_discreet_120/plan_31_trains_31_units22.json"
"/home/thomasverwaal/Robust-Rail-NL/mathematical-models/scenarios_solver_types_120/scenario_solver_31_trains_31_units22.json","Cost of next node: Cost = 1,373.0 : 1,449.27 | cr=17, dd=18, da=3, tlv=15, sm=62, rd=104.52, cd=0, um=0","Time elapsed: 11.95 seconds","/home/thomasverwaal/Robust-Rail-NL/mathematical-models/local_search_plans_discreet_120/plan_31_trains_31_units22.json"
"/home/thomasverwaal/Robust-Rail-NL/mathematical-models/scenarios_solver_types_120/scenario_solver_31_trains_31_units22.json","Cost of next node: Cost = 1,348.0 : 1,419.27 | cr=16, dd=18, da=3, tlv=14, sm=62, rd=104.52, cd=0, um=0","Time elapsed: 12.39 seconds","/home/thomasverwaal/Robust-Rail-NL/mathematical-models/local_search_plans_discreet_120/plan_31_trains_31_units22.json"
"/home/thomasverwaal/Robust-Rail-NL/mathematical-models/scenarios_solver_types_120/scenario_solver_31_trains_31_units22.json","Cost of next node: Cost = 1,223.7 : 1,299.95 | cr=17, dd=15, da=3, tlv=15, sm=62, rd=98.71, cd=0, um=0","Time elapsed: 12.77 seconds","/home/thomasverwaal/Robust-Rail-NL/mathematical-models/local_search_plans_discreet_120/plan_31_trains_31_units22.json"
"/home/thomasverwaal/Robust-Rail-NL/mathematical-models/scenarios_solver_types_120/scenario_solver_31_trains_31_units22.json","Cost of next node: Cost = 1,198.7 : 1,269.95 | cr=16, dd=15, da=3, tlv=14, sm=62, rd=98.71, cd=0, um=0","Time elapsed: 13.08 seconds","/home/thomasverwaal/Robust-Rail-NL/mathematical-models/local_search_plans_discreet_120/plan_31_trains_31_units22.json"
"/home/thomasverwaal/Robust-Rail-NL/mathematical-models/scenarios_solver_types_120/scenario_solver_31_trains_31_units22.json","Cost of next node: Cost = 1,049.0 : 1,125.23 | cr=17, dd=12, da=2, tlv=15, sm=62, rd=90.97, cd=0, um=0","Time elapsed: 13.65 seconds","/home/thomasverwaal/Robust-Rail-NL/mathematical-models/local_search_plans_discreet_120/plan_31_trains_31_units22.json"
"/home/thomasverwaal/Robust-Rail-NL/mathematical-models/scenarios_solver_types_120/scenario_solver_31_trains_31_units22.json","Cost of next node: Cost = 1,005.5 : 1,086.74 | cr=18, dd=11, da=1, tlv=16, sm=62, rd=87.10, cd=0, um=0","Time elapsed: 14.11 seconds","/home/thomasverwaal/Robust-Rail-NL/mathematical-models/local_search_plans_discreet_120/plan_31_trains_31_units22.json"
"/home/thomasverwaal/Robust-Rail-NL/mathematical-models/scenarios_solver_types_120/scenario_solver_31_trains_31_units22.json","Cost of next node: Cost = 679.5 : 765.74 | cr=17, dd=5, da=0, tlv=17, sm=62, rd=75.48, cd=0, um=0","Time elapsed: 14.48 seconds","/home/thomasverwaal/Robust-Rail-NL/mathematical-models/local_search_plans_discreet_120/plan_31_trains_31_units22.json"
"/home/thomasverwaal/Robust-Rail-NL/mathematical-models/scenarios_solver_types_120/scenario_solver_31_trains_31_units22.json","Cost of next node: Cost = 440.0 : 531.24 | cr=17, dd=0, da=0, tlv=18, sm=62, rd=69.68, cd=0, um=0","Time elapsed: 15.10 seconds","/home/thomasverwaal/Robust-Rail-NL/mathematical-models/local_search_plans_discreet_120/plan_31_trains_31_units22.json"
"/home/thomasverwaal/Robust-Rail-NL/mathematical-models/scenarios_solver_types_120/scenario_solver_31_trains_31_units22.json","Cost of next node: Cost = 425.0 : 511.24 | cr=17, dd=0, da=0, tlv=17, sm=62, rd=71.61, cd=0, um=0","Time elapsed: 22.50 seconds","/home/thomasverwaal/Robust-Rail-NL/mathematical-models/local_search_plans_discreet_120/plan_31_trains_31_units22.json"
"/home/thomasverwaal/Robust-Rail-NL/mathematical-models/scenarios_solver_types_120/scenario_solver_31_trains_31_units22.json","Cost of next node: Cost = 410.0 : 491.24 | cr=17, dd=0, da=0, tlv=16, sm=62, rd=73.55, cd=0, um=0","Time elapsed: 28.86 seconds","/home/thomasverwaal/Robust-Rail-NL/mathematical-models/local_search_plans_discreet_120/plan_31_trains_31_units22.json"
"/home/thomasverwaal/Robust-Rail-NL/mathematical-models/scenarios_solver_types_120/scenario_solver_31_trains_31_units22.json","Cost of next node: Cost = 395.0 : 471.24 | cr=17, dd=0, da=0, tlv=15, sm=62, rd=75.48, cd=0, um=0","Time elapsed: 34.41 seconds","/home/thomasverwaal/Robust-Rail-NL/mathematical-models/local_search_plans_discreet_120/plan_31_trains_31_units22.json"
"/home/thomasverwaal/Robust-Rail-NL/mathematical-models/scenarios_solver_types_120/scenario_solver_31_trains_31_units22.json","Cost of next node: Cost = 380.0 : 451.24 | cr=17, dd=0, da=0, tlv=14, sm=62, rd=77.42, cd=0, um=0","Time elapsed: 40.45 seconds","/home/thomasverwaal/Robust-Rail-NL/mathematical-models/local_search_plans_discreet_120/plan_31_trains_31_units22.json"
"/home/thomasverwaal/Robust-Rail-NL/mathematical-models/scenarios_solver_types_120/scenario_solver_31_trains_31_units22.json","Cost of next node: Cost = 370.0 : 441.24 | cr=16, dd=0, da=0, tlv=14, sm=62, rd=77.42, cd=0, um=0","Time elapsed: 45.34 seconds","/home/thomasverwaal/Robust-Rail-NL/mathematical-models/local_search_plans_discreet_120/plan_31_trains_31_units22.json"
"/home/thomasverwaal/Robust-Rail-NL/mathematical-models/scenarios_solver_types_120/scenario_solver_31_trains_31_units22.json","Cost of next node: Cost = 360.0 : 431.24 | cr=15, dd=0, da=0, tlv=14, sm=62, rd=77.42, cd=0, um=0","Time elapsed: 49.60 seconds","/home/thomasverwaal/Robust-Rail-NL/mathematical-models/local_search_plans_discreet_120/plan_31_trains_31_units22.json"
"/home/thomasverwaal/Robust-Rail-NL/mathematical-models/scenarios_solver_types_120/scenario_solver_31_trains_31_units22.json","Cost of next node: Cost = 350.0 : 421.24 | cr=14, dd=0, da=0, tlv=14, sm=62, rd=77.42, cd=0, um=0","Time elapsed: 53.14 seconds","/home/thomasverwaal/Robust-Rail-NL/mathematical-models/local_search_plans_discreet_120/plan_31_trains_31_units22.json"
"/home/thomasverwaal/Robust-Rail-NL/mathematical-models/scenarios_solver_types_120/scenario_solver_31_trains_31_units22.json","Cost of next node: Cost = 340.0 : 411.24 | cr=13, dd=0, da=0, tlv=14, sm=62, rd=77.42, cd=0, um=0","Time elapsed: 56.26 seconds","/home/thomasverwaal/Robust-Rail-NL/mathematical-models/local_search_plans_discreet_120/plan_31_trains_31_units22.json"
"/home/thomasverwaal/Robust-Rail-NL/mathematical-models/scenarios_solver_types_120/scenario_solver_31_trains_31_units22.json","Cost of next node: Cost = 325.0 : 391.26 | cr=13, dd=0, da=0, tlv=13, sm=63, rd=78.10, cd=0, um=0","Time elapsed: 59.26 seconds","/home/thomasverwaal/Robust-Rail-NL/mathematical-models/local_search_plans_discreet_120/plan_31_trains_31_units22.json"
"/home/thomasverwaal/Robust-Rail-NL/mathematical-models/scenarios_solver_types_120/scenario_solver_31_trains_31_units22.json","Cost of next node: Cost = 315.0 : 381.26 | cr=12, dd=0, da=0, tlv=13, sm=63, rd=78.10, cd=0, um=0","Time elapsed: 62.28 seconds","/home/thomasverwaal/Robust-Rail-NL/mathematical-models/local_search_plans_discreet_120/plan_31_trains_31_units22.json"
"/home/thomasverwaal/Robust-Rail-NL/mathematical-models/scenarios_solver_types_120/scenario_solver_31_trains_31_units22.json","Cost of next node: Cost = 305.0 : 371.26 | cr=11, dd=0, da=0, tlv=13, sm=63, rd=78.10, cd=0, um=0","Time elapsed: 64.67 seconds","/home/thomasverwaal/Robust-Rail-NL/mathematical-models/local_search_plans_discreet_120/plan_31_trains_31_units22.json"
"/home/thomasverwaal/Robust-Rail-NL/mathematical-models/scenarios_solver_types_120/scenario_solver_31_trains_31_units22.json","Cost of next node: Cost = 295.0 : 361.26 | cr=10, dd=0, da=0, tlv=13, sm=63, rd=78.10, cd=0, um=0","Time elapsed: 66.54 seconds","/home/thomasverwaal/Robust-Rail-NL/mathematical-models/local_search_plans_discreet_120/plan_31_trains_31_units22.json"
"/home/thomasverwaal/Robust-Rail-NL/mathematical-models/scenarios_solver_types_120/scenario_solver_31_trains_31_units22.json","Cost of next node: Cost = 285.0 : 351.26 | cr=9, dd=0, da=0, tlv=13, sm=63, rd=78.10, cd=0, um=0","Time elapsed: 68.08 seconds","/home/thomasverwaal/Robust-Rail-NL/mathematical-models/local_search_plans_discreet_120/plan_31_trains_31_units22.json"
"/home/thomasverwaal/Robust-Rail-NL/mathematical-models/scenarios_solver_types_120/scenario_solver_31_trains_31_units22.json","Cost of next node: Cost = 275.0 : 341.26 | cr=8, dd=0, da=0, tlv=13, sm=63, rd=78.10, cd=0, um=0","Time elapsed: 69.41 seconds","/home/thomasverwaal/Robust-Rail-NL/mathematical-models/local_search_plans_discreet_120/plan_31_trains_31_units22.json"
"/home/thomasverwaal/Robust-Rail-NL/mathematical-models/scenarios_solver_types_120/scenario_solver_31_trains_31_units22.json","Cost of next node: Cost = 265.0 : 331.26 | cr=7, dd=0, da=0, tlv=13, sm=63, rd=78.10, cd=0, um=0","Time elapsed: 70.62 seconds","/home/thomasverwaal/Robust-Rail-NL/mathematical-models/local_search_plans_discreet_120/plan_31_trains_31_units22.json"
"/home/thomasverwaal/Robust-Rail-NL/mathematical-models/scenarios_solver_types_120/scenario_solver_31_trains_31_units22.json","Cost of next node: Cost = 255.0 : 321.26 | cr=6, dd=0, da=0, tlv=13, sm=63, rd=78.10, cd=0, um=0","Time elapsed: 71.76 seconds","/home/thomasverwaal/Robust-Rail-NL/mathematical-models/local_search_plans_discreet_120/plan_31_trains_31_units22.json"
"/home/thomasverwaal/Robust-Rail-NL/mathematical-models/scenarios_solver_types_120/scenario_solver_31_trains_31_units22.json","Cost of next node: Cost = 245.0 : 311.26 | cr=5, dd=0, da=0, tlv=13, sm=63, rd=78.10, cd=0, um=0","Time elapsed: 72.86 seconds","/home/thomasverwaal/Robust-Rail-NL/mathematical-models/local_search_plans_discreet_120/plan_31_trains_31_units22.json"
"/home/thomasverwaal/Robust-Rail-NL/mathematical-models/scenarios_solver_types_120/scenario_solver_31_trains_31_units22.json","Cost of next node: Cost = 240.0 : 311.26 | cr=3, dd=0, da=0, tlv=14, sm=63, rd=76.19, cd=0, um=0","Time elapsed: 74.60 seconds","/home/thomasverwaal/Robust-Rail-NL/mathematical-models/local_search_plans_discreet_120/plan_31_trains_31_units22.json"
"/home/thomasverwaal/Robust-Rail-NL/mathematical-models/scenarios_solver_types_120/scenario_solver_31_trains_31_units22.json","Cost of next node: Cost = 225.0 : 291.26 | cr=3, dd=0, da=0, tlv=13, sm=63, rd=78.10, cd=0, um=0","Time elapsed: 75.67 seconds","/home/thomasverwaal/Robust-Rail-NL/mathematical-models/local_search_plans_discreet_120/plan_31_trains_31_units22.json"
"/home/thomasverwaal/Robust-Rail-NL/mathematical-models/scenarios_solver_types_120/scenario_solver_31_trains_31_units22.json","Cost of next node: Cost = 215.0 : 281.28 | cr=2, dd=0, da=0, tlv=13, sm=64, rd=76.88, cd=0, um=0","Time elapsed: 93.08 seconds","/home/thomasverwaal/Robust-Rail-NL/mathematical-models/local_search_plans_discreet_120/plan_31_trains_31_units22.json"
"/home/thomasverwaal/Robust-Rail-NL/mathematical-models/scenarios_solver_types_120/scenario_solver_31_trains_31_units22.json","NO_COST_FOUND","NO_TIME_FOUND","NO_PLAN_CREATED"
