scenario,cost_line,time_line,plan_file
"/home/thomasverwaal/Robust-Rail-NL/mathematical-models/scenarios_solver_types_120/scenario_solver_33_trains_11_units5.json","Cost of next node: Cost = 2,884.8 : 2,886.09 | cr=48, dd=33, da=31, tlv=0, sm=66, rd=178.18, cd=0, um=0","Time elapsed: 4.21 seconds","/home/thomasverwaal/Robust-Rail-NL/mathematical-models/local_search_plans_discreet_120/plan_33_trains_11_units5.json"
"/home/thomasverwaal/Robust-Rail-NL/mathematical-models/scenarios_solver_types_120/scenario_solver_33_trains_11_units5.json","Cost of next node: Cost = 2,863.2 : 2,864.50 | cr=46, dd=33, da=31, tlv=0, sm=66, rd=178.18, cd=0, um=0","Time elapsed: 4.31 seconds","/home/thomasverwaal/Robust-Rail-NL/mathematical-models/local_search_plans_discreet_120/plan_33_trains_11_units5.json"
"/home/thomasverwaal/Robust-Rail-NL/mathematical-models/scenarios_solver_types_120/scenario_solver_33_trains_11_units5.json","Cost of next node: Cost = 2,836.9 : 2,843.25 | cr=45, dd=33, da=30, tlv=1, sm=66, rd=175.45, cd=0, um=0","Time elapsed: 4.40 seconds","/home/thomasverwaal/Robust-Rail-NL/mathematical-models/local_search_plans_discreet_120/plan_33_trains_11_units5.json"
"/home/thomasverwaal/Robust-Rail-NL/mathematical-models/scenarios_solver_types_120/scenario_solver_33_trains_11_units5.json","Cost of next node: Cost = 2,716.9 : 2,723.22 | cr=53, dd=33, da=20, tlv=1, sm=66, rd=175.45, cd=0, um=0","Time elapsed: 4.51 seconds","/home/thomasverwaal/Robust-Rail-NL/mathematical-models/local_search_plans_discreet_120/plan_33_trains_11_units5.json"
"/home/thomasverwaal/Robust-Rail-NL/mathematical-models/scenarios_solver_types_120/scenario_solver_33_trains_11_units5.json","Cost of next node: Cost = 2,674.3 : 2,680.58 | cr=53, dd=33, da=18, tlv=1, sm=66, rd=171.82, cd=0, um=0","Time elapsed: 4.63 seconds","/home/thomasverwaal/Robust-Rail-NL/mathematical-models/local_search_plans_discreet_120/plan_33_trains_11_units5.json"
"/home/thomasverwaal/Robust-Rail-NL/mathematical-models/scenarios_solver_types_120/scenario_solver_33_trains_11_units5.json","Cost of next node: Cost = 2,593.3 : 2,604.61 | cr=48, dd=33, da=15, tlv=2, sm=66, rd=170.00, cd=0, um=0","Time elapsed: 4.72 seconds","/home/thomasverwaal/Robust-Rail-NL/mathematical-models/local_search_plans_discreet_120/plan_33_trains_11_units5.json"
"/home/thomasverwaal/Robust-Rail-NL/mathematical-models/scenarios_solver_types_120/scenario_solver_33_trains_11_units5.json","Cost of next node: Cost = 2,548.2 : 2,564.49 | cr=46, dd=33, da=13, tlv=3, sm=66, rd=166.36, cd=0, um=0","Time elapsed: 4.82 seconds","/home/thomasverwaal/Robust-Rail-NL/mathematical-models/local_search_plans_discreet_120/plan_33_trains_11_units5.json"
"/home/thomasverwaal/Robust-Rail-NL/mathematical-models/scenarios_solver_types_120/scenario_solver_33_trains_11_units5.json","Cost of next node: Cost = 2,510.0 : 2,531.30 | cr=42, dd=33, da=13, tlv=4, sm=66, rd=162.73, cd=0, um=0","Time elapsed: 5.14 seconds","/home/thomasverwaal/Robust-Rail-NL/mathematical-models/local_search_plans_discreet_120/plan_33_trains_11_units5.json"
"/home/thomasverwaal/Robust-Rail-NL/mathematical-models/scenarios_solver_types_120/scenario_solver_33_trains_11_units5.json","Cost of next node: Cost = 2,487.1 : 2,508.38 | cr=40, dd=33, da=13, tlv=4, sm=66, rd=161.82, cd=0, um=0","Time elapsed: 5.46 seconds","/home/thomasverwaal/Robust-Rail-NL/mathematical-models/local_search_plans_discreet_120/plan_33_trains_11_units5.json"
"/home/thomasverwaal/Robust-Rail-NL/mathematical-models/scenarios_solver_types_120/scenario_solver_33_trains_11_units5.json","Cost of next node: Cost = 2,439.6 : 2,465.91 | cr=34, dd=33, da=13, tlv=5, sm=66, rd=160.00, cd=0, um=0","Time elapsed: 5.68 seconds","/home/thomasverwaal/Robust-Rail-NL/mathematical-models/local_search_plans_discreet_120/plan_33_trains_11_units5.json"
"/home/thomasverwaal/Robust-Rail-NL/mathematical-models/scenarios_solver_types_120/scenario_solver_33_trains_11_units5.json","Cost of next node: Cost = 2,417.4 : 2,448.68 | cr=33, dd=33, da=13, tlv=6, sm=66, rd=152.73, cd=0, um=0","Time elapsed: 5.97 seconds","/home/thomasverwaal/Robust-Rail-NL/mathematical-models/local_search_plans_discreet_120/plan_33_trains_11_units5.json"
"/home/thomasverwaal/Robust-Rail-NL/mathematical-models/scenarios_solver_types_120/scenario_solver_33_trains_11_units5.json","Cost of next node: Cost = 2,379.8 : 2,416.14 | cr=30, dd=33, da=12, tlv=7, sm=66, rd=149.09, cd=0, um=0","Time elapsed: 6.28 seconds","/home/thomasverwaal/Robust-Rail-NL/mathematical-models/local_search_plans_discreet_120/plan_33_trains_11_units5.json"
"/home/thomasverwaal/Robust-Rail-NL/mathematical-models/scenarios_solver_types_120/scenario_solver_33_trains_11_units5.json","Cost of next node: Cost = 2,350.3 : 2,391.65 | cr=28, dd=33, da=11, tlv=8, sm=66, rd=145.45, cd=0, um=0","Time elapsed: 6.68 seconds","/home/thomasverwaal/Robust-Rail-NL/mathematical-models/local_search_plans_discreet_120/plan_33_trains_11_units5.json"
"/home/thomasverwaal/Robust-Rail-NL/mathematical-models/scenarios_solver_types_120/scenario_solver_33_trains_11_units5.json","Cost of next node: Cost = 2,329.5 : 2,370.77 | cr=25, dd=33, da=11, tlv=8, sm=66, rd=147.27, cd=0, um=0","Time elapsed: 7.07 seconds","/home/thomasverwaal/Robust-Rail-NL/mathematical-models/local_search_plans_discreet_120/plan_33_trains_11_units5.json"
"/home/thomasverwaal/Robust-Rail-NL/mathematical-models/scenarios_solver_types_120/scenario_solver_33_trains_11_units5.json","Cost of next node: Cost = 2,303.2 : 2,349.53 | cr=22, dd=33, da=11, tlv=9, sm=66, rd=143.64, cd=0, um=0","Time elapsed: 7.57 seconds","/home/thomasverwaal/Robust-Rail-NL/mathematical-models/local_search_plans_discreet_120/plan_33_trains_11_units5.json"
"/home/thomasverwaal/Robust-Rail-NL/mathematical-models/scenarios_solver_types_120/scenario_solver_33_trains_11_units5.json","Cost of next node: Cost = 2,283.2 : 2,334.51 | cr=19, dd=33, da=11, tlv=10, sm=66, rd=141.82, cd=0, um=0","Time elapsed: 8.32 seconds","/home/thomasverwaal/Robust-Rail-NL/mathematical-models/local_search_plans_discreet_120/plan_33_trains_11_units5.json"
"/home/thomasverwaal/Robust-Rail-NL/mathematical-models/scenarios_solver_types_120/scenario_solver_33_trains_11_units5.json","Cost of next node: Cost = 2,254.1 : 2,310.47 | cr=17, dd=33, da=11, tlv=11, sm=66, rd=132.73, cd=0, um=0","Time elapsed: 9.01 seconds","/home/thomasverwaal/Robust-Rail-NL/mathematical-models/local_search_plans_discreet_120/plan_33_trains_11_units5.json"
"/home/thomasverwaal/Robust-Rail-NL/mathematical-models/scenarios_solver_types_120/scenario_solver_33_trains_11_units5.json","Cost of next node: Cost = 2,220.0 : 2,271.29 | cr=14, dd=33, da=11, tlv=10, sm=66, rd=141.82, cd=0, um=0","Time elapsed: 9.77 seconds","/home/thomasverwaal/Robust-Rail-NL/mathematical-models/local_search_plans_discreet_120/plan_33_trains_11_units5.json"
"/home/thomasverwaal/Robust-Rail-NL/mathematical-models/scenarios_solver_types_120/scenario_solver_33_trains_11_units5.json","Cost of next node: Cost = 2,184.4 : 2,235.74 | cr=19, dd=32, da=11, tlv=10, sm=66, rd=121.82, cd=0, um=0","Time elapsed: 10.55 seconds","/home/thomasverwaal/Robust-Rail-NL/mathematical-models/local_search_plans_discreet_120/plan_33_trains_11_units5.json"
"/home/thomasverwaal/Robust-Rail-NL/mathematical-models/scenarios_solver_types_120/scenario_solver_33_trains_11_units5.json","Cost of next node: Cost = 1,860.4 : 1,911.70 | cr=17, dd=26, da=11, tlv=10, sm=66, rd=121.82, cd=0, um=0","Time elapsed: 10.63 seconds","/home/thomasverwaal/Robust-Rail-NL/mathematical-models/local_search_plans_discreet_120/plan_33_trains_11_units5.json"
"/home/thomasverwaal/Robust-Rail-NL/mathematical-models/scenarios_solver_types_120/scenario_solver_33_trains_11_units5.json","Cost of next node: Cost = 1,795.8 : 1,852.08 | cr=19, dd=24, da=11, tlv=11, sm=66, rd=116.36, cd=0, um=0","Time elapsed: 10.85 seconds","/home/thomasverwaal/Robust-Rail-NL/mathematical-models/local_search_plans_discreet_120/plan_33_trains_11_units5.json"
"/home/thomasverwaal/Robust-Rail-NL/mathematical-models/scenarios_solver_types_120/scenario_solver_33_trains_11_units5.json","Cost of next node: Cost = 1,754.6 : 1,815.91 | cr=23, dd=23, da=9, tlv=12, sm=66, rd=110.91, cd=0, um=0","Time elapsed: 11.15 seconds","/home/thomasverwaal/Robust-Rail-NL/mathematical-models/local_search_plans_discreet_120/plan_33_trains_11_units5.json"
"/home/thomasverwaal/Robust-Rail-NL/mathematical-models/scenarios_solver_types_120/scenario_solver_33_trains_11_units5.json","Cost of next node: Cost = 1,658.7 : 1,720.01 | cr=23, dd=21, da=9, tlv=12, sm=66, rd=110.91, cd=0, um=0","Time elapsed: 11.29 seconds","/home/thomasverwaal/Robust-Rail-NL/mathematical-models/local_search_plans_discreet_120/plan_33_trains_11_units5.json"
"/home/thomasverwaal/Robust-Rail-NL/mathematical-models/scenarios_solver_types_120/scenario_solver_33_trains_11_units5.json","Cost of next node: Cost = 1,604.9 : 1,671.25 | cr=22, dd=21, da=6, tlv=13, sm=66, rd=109.09, cd=0, um=0","Time elapsed: 11.68 seconds","/home/thomasverwaal/Robust-Rail-NL/mathematical-models/local_search_plans_discreet_120/plan_33_trains_11_units5.json"
"/home/thomasverwaal/Robust-Rail-NL/mathematical-models/scenarios_solver_types_120/scenario_solver_33_trains_11_units5.json","Cost of next node: Cost = 1,581.4 : 1,647.71 | cr=20, dd=21, da=6, tlv=13, sm=66, rd=107.27, cd=0, um=0","Time elapsed: 11.82 seconds","/home/thomasverwaal/Robust-Rail-NL/mathematical-models/local_search_plans_discreet_120/plan_33_trains_11_units5.json"
"/home/thomasverwaal/Robust-Rail-NL/mathematical-models/scenarios_solver_types_120/scenario_solver_33_trains_11_units5.json","Cost of next node: Cost = 1,530.3 : 1,596.58 | cr=20, dd=20, da=6, tlv=13, sm=66, rd=107.27, cd=0, um=0","Time elapsed: 11.96 seconds","/home/thomasverwaal/Robust-Rail-NL/mathematical-models/local_search_plans_discreet_120/plan_33_trains_11_units5.json"
"/home/thomasverwaal/Robust-Rail-NL/mathematical-models/scenarios_solver_types_120/scenario_solver_33_trains_11_units5.json","Cost of next node: Cost = 1,480.2 : 1,546.54 | cr=20, dd=19, da=6, tlv=13, sm=66, rd=107.27, cd=0, um=0","Time elapsed: 12.20 seconds","/home/thomasverwaal/Robust-Rail-NL/mathematical-models/local_search_plans_discreet_120/plan_33_trains_11_units5.json"
"/home/thomasverwaal/Robust-Rail-NL/mathematical-models/scenarios_solver_types_120/scenario_solver_33_trains_11_units5.json","Cost of next node: Cost = 1,455.2 : 1,516.54 | cr=19, dd=19, da=6, tlv=12, sm=66, rd=109.09, cd=0, um=0","Time elapsed: 12.53 seconds","/home/thomasverwaal/Robust-Rail-NL/mathematical-models/local_search_plans_discreet_120/plan_33_trains_11_units5.json"
"/home/thomasverwaal/Robust-Rail-NL/mathematical-models/scenarios_solver_types_120/scenario_solver_33_trains_11_units5.json","Cost of next node: Cost = 1,430.6 : 1,496.96 | cr=20, dd=18, da=6, tlv=13, sm=66, rd=107.27, cd=0, um=0","Time elapsed: 12.89 seconds","/home/thomasverwaal/Robust-Rail-NL/mathematical-models/local_search_plans_discreet_120/plan_33_trains_11_units5.json"
"/home/thomasverwaal/Robust-Rail-NL/mathematical-models/scenarios_solver_types_120/scenario_solver_33_trains_11_units5.json","Cost of next node: Cost = 1,405.6 : 1,466.96 | cr=19, dd=18, da=6, tlv=12, sm=66, rd=109.09, cd=0, um=0","Time elapsed: 13.18 seconds","/home/thomasverwaal/Robust-Rail-NL/mathematical-models/local_search_plans_discreet_120/plan_33_trains_11_units5.json"
"/home/thomasverwaal/Robust-Rail-NL/mathematical-models/scenarios_solver_types_120/scenario_solver_33_trains_11_units5.json","Cost of next node: Cost = 1,380.9 : 1,447.27 | cr=20, dd=17, da=6, tlv=13, sm=66, rd=107.27, cd=0, um=0","Time elapsed: 13.43 seconds","/home/thomasverwaal/Robust-Rail-NL/mathematical-models/local_search_plans_discreet_120/plan_33_trains_11_units5.json"
"/home/thomasverwaal/Robust-Rail-NL/mathematical-models/scenarios_solver_types_120/scenario_solver_33_trains_11_units5.json","Cost of next node: Cost = 1,355.9 : 1,417.27 | cr=19, dd=17, da=6, tlv=12, sm=66, rd=109.09, cd=0, um=0","Time elapsed: 13.68 seconds","/home/thomasverwaal/Robust-Rail-NL/mathematical-models/local_search_plans_discreet_120/plan_33_trains_11_units5.json"
"/home/thomasverwaal/Robust-Rail-NL/mathematical-models/scenarios_solver_types_120/scenario_solver_33_trains_11_units5.json","Cost of next node: Cost = 1,262.4 : 1,328.75 | cr=22, dd=15, da=4, tlv=13, sm=66, rd=103.64, cd=0, um=0","Time elapsed: 14.06 seconds","/home/thomasverwaal/Robust-Rail-NL/mathematical-models/local_search_plans_discreet_120/plan_33_trains_11_units5.json"
"/home/thomasverwaal/Robust-Rail-NL/mathematical-models/scenarios_solver_types_120/scenario_solver_33_trains_11_units5.json","Cost of next node: Cost = 1,232.4 : 1,298.75 | cr=19, dd=15, da=4, tlv=13, sm=66, rd=103.64, cd=0, um=0","Time elapsed: 14.18 seconds","/home/thomasverwaal/Robust-Rail-NL/mathematical-models/local_search_plans_discreet_120/plan_33_trains_11_units5.json"
"/home/thomasverwaal/Robust-Rail-NL/mathematical-models/scenarios_solver_types_120/scenario_solver_33_trains_11_units5.json","Cost of next node: Cost = 1,212.4 : 1,278.75 | cr=17, dd=15, da=4, tlv=13, sm=66, rd=103.64, cd=0, um=0","Time elapsed: 14.60 seconds","/home/thomasverwaal/Robust-Rail-NL/mathematical-models/local_search_plans_discreet_120/plan_33_trains_11_units5.json"
"/home/thomasverwaal/Robust-Rail-NL/mathematical-models/scenarios_solver_types_120/scenario_solver_33_trains_11_units5.json","Cost of next node: Cost = 1,106.8 : 1,178.08 | cr=17, dd=13, da=3, tlv=14, sm=66, rd=100.00, cd=0, um=0","Time elapsed: 14.84 seconds","/home/thomasverwaal/Robust-Rail-NL/mathematical-models/local_search_plans_discreet_120/plan_33_trains_11_units5.json"
"/home/thomasverwaal/Robust-Rail-NL/mathematical-models/scenarios_solver_types_120/scenario_solver_33_trains_11_units5.json","Cost of next node: Cost = 1,041.4 : 1,117.72 | cr=21, dd=11, da=2, tlv=15, sm=66, rd=96.36, cd=0, um=0","Time elapsed: 15.11 seconds","/home/thomasverwaal/Robust-Rail-NL/mathematical-models/local_search_plans_discreet_120/plan_33_trains_11_units5.json"
"/home/thomasverwaal/Robust-Rail-NL/mathematical-models/scenarios_solver_types_120/scenario_solver_33_trains_11_units5.json","Cost of next node: Cost = 1,016.4 : 1,087.72 | cr=20, dd=11, da=2, tlv=14, sm=66, rd=96.36, cd=0, um=0","Time elapsed: 15.26 seconds","/home/thomasverwaal/Robust-Rail-NL/mathematical-models/local_search_plans_discreet_120/plan_33_trains_11_units5.json"
"/home/thomasverwaal/Robust-Rail-NL/mathematical-models/scenarios_solver_types_120/scenario_solver_33_trains_11_units5.json","Cost of next node: Cost = 991.4 : 1,057.72 | cr=19, dd=11, da=2, tlv=13, sm=66, rd=98.18, cd=0, um=0","Time elapsed: 15.84 seconds","/home/thomasverwaal/Robust-Rail-NL/mathematical-models/local_search_plans_discreet_120/plan_33_trains_11_units5.json"
"/home/thomasverwaal/Robust-Rail-NL/mathematical-models/scenarios_solver_types_120/scenario_solver_33_trains_11_units5.json","Cost of next node: Cost = 880.2 : 951.52 | cr=19, dd=9, da=1, tlv=14, sm=66, rd=95.45, cd=0, um=0","Time elapsed: 16.15 seconds","/home/thomasverwaal/Robust-Rail-NL/mathematical-models/local_search_plans_discreet_120/plan_33_trains_11_units5.json"
"/home/thomasverwaal/Robust-Rail-NL/mathematical-models/scenarios_solver_types_120/scenario_solver_33_trains_11_units5.json","Cost of next node: Cost = 598.0 : 674.32 | cr=17, dd=4, da=0, tlv=15, sm=66, rd=84.55, cd=0, um=0","Time elapsed: 16.45 seconds","/home/thomasverwaal/Robust-Rail-NL/mathematical-models/local_search_plans_discreet_120/plan_33_trains_11_units5.json"
"/home/thomasverwaal/Robust-Rail-NL/mathematical-models/scenarios_solver_types_120/scenario_solver_33_trains_11_units5.json","Cost of next node: Cost = 553.0 : 634.32 | cr=16, dd=3, da=0, tlv=16, sm=66, rd=82.73, cd=0, um=0","Time elapsed: 16.92 seconds","/home/thomasverwaal/Robust-Rail-NL/mathematical-models/local_search_plans_discreet_120/plan_33_trains_11_units5.json"
"/home/thomasverwaal/Robust-Rail-NL/mathematical-models/scenarios_solver_types_120/scenario_solver_33_trains_11_units5.json","Cost of next node: Cost = 528.0 : 604.32 | cr=15, dd=3, da=0, tlv=15, sm=66, rd=84.55, cd=0, um=0","Time elapsed: 17.13 seconds","/home/thomasverwaal/Robust-Rail-NL/mathematical-models/local_search_plans_discreet_120/plan_33_trains_11_units5.json"
"/home/thomasverwaal/Robust-Rail-NL/mathematical-models/scenarios_solver_types_120/scenario_solver_33_trains_11_units5.json","Cost of next node: Cost = 513.0 : 584.32 | cr=15, dd=3, da=0, tlv=14, sm=66, rd=86.36, cd=0, um=0","Time elapsed: 23.09 seconds","/home/thomasverwaal/Robust-Rail-NL/mathematical-models/local_search_plans_discreet_120/plan_33_trains_11_units5.json"
"/home/thomasverwaal/Robust-Rail-NL/mathematical-models/scenarios_solver_types_120/scenario_solver_33_trains_11_units5.json","Cost of next node: Cost = 436.5 : 512.82 | cr=16, dd=1, da=0, tlv=15, sm=66, rd=80.91, cd=0, um=0","Time elapsed: 23.27 seconds","/home/thomasverwaal/Robust-Rail-NL/mathematical-models/local_search_plans_discreet_120/plan_33_trains_11_units5.json"
"/home/thomasverwaal/Robust-Rail-NL/mathematical-models/scenarios_solver_types_120/scenario_solver_33_trains_11_units5.json","Cost of next node: Cost = 416.5 : 492.82 | cr=14, dd=1, da=0, tlv=15, sm=66, rd=80.91, cd=0, um=0","Time elapsed: 30.22 seconds","/home/thomasverwaal/Robust-Rail-NL/mathematical-models/local_search_plans_discreet_120/plan_33_trains_11_units5.json"
"/home/thomasverwaal/Robust-Rail-NL/mathematical-models/scenarios_solver_types_120/scenario_solver_33_trains_11_units5.json","Cost of next node: Cost = 385.9 : 462.22 | cr=14, dd=0, da=1, tlv=15, sm=66, rd=80.91, cd=0, um=0","Time elapsed: 30.39 seconds","/home/thomasverwaal/Robust-Rail-NL/mathematical-models/local_search_plans_discreet_120/plan_33_trains_11_units5.json"
"/home/thomasverwaal/Robust-Rail-NL/mathematical-models/scenarios_solver_types_120/scenario_solver_33_trains_11_units5.json","Cost of next node: Cost = 370.9 : 442.24 | cr=14, dd=0, da=1, tlv=14, sm=67, rd=81.49, cd=0, um=0","Time elapsed: 36.57 seconds","/home/thomasverwaal/Robust-Rail-NL/mathematical-models/local_search_plans_discreet_120/plan_33_trains_11_units5.json"
"/home/thomasverwaal/Robust-Rail-NL/mathematical-models/scenarios_solver_types_120/scenario_solver_33_trains_11_units5.json","Cost of next node: Cost = 360.9 : 432.24 | cr=13, dd=0, da=1, tlv=14, sm=67, rd=81.49, cd=0, um=0","Time elapsed: 42.27 seconds","/home/thomasverwaal/Robust-Rail-NL/mathematical-models/local_search_plans_discreet_120/plan_33_trains_11_units5.json"
"/home/thomasverwaal/Robust-Rail-NL/mathematical-models/scenarios_solver_types_120/scenario_solver_33_trains_11_units5.json","Cost of next node: Cost = 350.9 : 422.24 | cr=12, dd=0, da=1, tlv=14, sm=67, rd=81.49, cd=0, um=0","Time elapsed: 46.94 seconds","/home/thomasverwaal/Robust-Rail-NL/mathematical-models/local_search_plans_discreet_120/plan_33_trains_11_units5.json"
"/home/thomasverwaal/Robust-Rail-NL/mathematical-models/scenarios_solver_types_120/scenario_solver_33_trains_11_units5.json","Cost of next node: Cost = 340.9 : 412.24 | cr=11, dd=0, da=1, tlv=14, sm=67, rd=81.49, cd=0, um=0","Time elapsed: 50.92 seconds","/home/thomasverwaal/Robust-Rail-NL/mathematical-models/local_search_plans_discreet_120/plan_33_trains_11_units5.json"
"/home/thomasverwaal/Robust-Rail-NL/mathematical-models/scenarios_solver_types_120/scenario_solver_33_trains_11_units5.json","Cost of next node: Cost = 330.9 : 402.24 | cr=10, dd=0, da=1, tlv=14, sm=67, rd=81.49, cd=0, um=0","Time elapsed: 54.56 seconds","/home/thomasverwaal/Robust-Rail-NL/mathematical-models/local_search_plans_discreet_120/plan_33_trains_11_units5.json"
"/home/thomasverwaal/Robust-Rail-NL/mathematical-models/scenarios_solver_types_120/scenario_solver_33_trains_11_units5.json","Cost of next node: Cost = 320.9 : 392.24 | cr=9, dd=0, da=1, tlv=14, sm=67, rd=81.49, cd=0, um=0","Time elapsed: 57.57 seconds","/home/thomasverwaal/Robust-Rail-NL/mathematical-models/local_search_plans_discreet_120/plan_33_trains_11_units5.json"
"/home/thomasverwaal/Robust-Rail-NL/mathematical-models/scenarios_solver_types_120/scenario_solver_33_trains_11_units5.json","Cost of next node: Cost = 310.9 : 382.24 | cr=8, dd=0, da=1, tlv=14, sm=67, rd=81.49, cd=0, um=0","Time elapsed: 59.94 seconds","/home/thomasverwaal/Robust-Rail-NL/mathematical-models/local_search_plans_discreet_120/plan_33_trains_11_units5.json"
"/home/thomasverwaal/Robust-Rail-NL/mathematical-models/scenarios_solver_types_120/scenario_solver_33_trains_11_units5.json","Cost of next node: Cost = 300.9 : 372.24 | cr=7, dd=0, da=1, tlv=14, sm=67, rd=81.49, cd=0, um=0","Time elapsed: 61.89 seconds","/home/thomasverwaal/Robust-Rail-NL/mathematical-models/local_search_plans_discreet_120/plan_33_trains_11_units5.json"
"/home/thomasverwaal/Robust-Rail-NL/mathematical-models/scenarios_solver_types_120/scenario_solver_33_trains_11_units5.json","Cost of next node: Cost = 290.9 : 362.24 | cr=6, dd=0, da=1, tlv=14, sm=67, rd=81.49, cd=0, um=0","Time elapsed: 63.57 seconds","/home/thomasverwaal/Robust-Rail-NL/mathematical-models/local_search_plans_discreet_120/plan_33_trains_11_units5.json"
"/home/thomasverwaal/Robust-Rail-NL/mathematical-models/scenarios_solver_types_120/scenario_solver_33_trains_11_units5.json","Cost of next node: Cost = 280.9 : 352.24 | cr=5, dd=0, da=1, tlv=14, sm=67, rd=81.49, cd=0, um=0","Time elapsed: 65.01 seconds","/home/thomasverwaal/Robust-Rail-NL/mathematical-models/local_search_plans_discreet_120/plan_33_trains_11_units5.json"
"/home/thomasverwaal/Robust-Rail-NL/mathematical-models/scenarios_solver_types_120/scenario_solver_33_trains_11_units5.json","Cost of next node: Cost = 270.9 : 342.24 | cr=4, dd=0, da=1, tlv=14, sm=67, rd=81.49, cd=0, um=0","Time elapsed: 66.30 seconds","/home/thomasverwaal/Robust-Rail-NL/mathematical-models/local_search_plans_discreet_120/plan_33_trains_11_units5.json"
"/home/thomasverwaal/Robust-Rail-NL/mathematical-models/scenarios_solver_types_120/scenario_solver_33_trains_11_units5.json","Cost of next node: Cost = 260.9 : 332.24 | cr=3, dd=0, da=1, tlv=14, sm=67, rd=81.49, cd=0, um=0","Time elapsed: 67.56 seconds","/home/thomasverwaal/Robust-Rail-NL/mathematical-models/local_search_plans_discreet_120/plan_33_trains_11_units5.json"
"/home/thomasverwaal/Robust-Rail-NL/mathematical-models/scenarios_solver_types_120/scenario_solver_33_trains_11_units5.json","Cost of next node: Cost = 255.0 : 331.34 | cr=3, dd=0, da=0, tlv=15, sm=67, rd=78.81, cd=0, um=0","Time elapsed: 80.74 seconds","/home/thomasverwaal/Robust-Rail-NL/mathematical-models/local_search_plans_discreet_120/plan_33_trains_11_units5.json"
"/home/thomasverwaal/Robust-Rail-NL/mathematical-models/scenarios_solver_types_120/scenario_solver_33_trains_11_units5.json","NO_COST_FOUND","NO_TIME_FOUND","NO_PLAN_CREATED"
"/home/thomasverwaal/Robust-Rail-NL/mathematical-models/scenarios_solver_types_120/scenario_solver_33_trains_11_units6.json","Cost of next node: Cost = 2,942.5 : 2,943.83 | cr=52, dd=33, da=31, tlv=0, sm=66, rd=180.91, cd=0, um=0","Time elapsed: 4.19 seconds","/home/thomasverwaal/Robust-Rail-NL/mathematical-models/local_search_plans_discreet_120/plan_33_trains_11_units6.json"
"/home/thomasverwaal/Robust-Rail-NL/mathematical-models/scenarios_solver_types_120/scenario_solver_33_trains_11_units6.json","Cost of next node: Cost = 2,908.4 : 2,914.69 | cr=51, dd=33, da=30, tlv=1, sm=66, rd=179.09, cd=0, um=0","Time elapsed: 4.33 seconds","/home/thomasverwaal/Robust-Rail-NL/mathematical-models/local_search_plans_discreet_120/plan_33_trains_11_units6.json"
"/home/thomasverwaal/Robust-Rail-NL/mathematical-models/scenarios_solver_types_120/scenario_solver_33_trains_11_units6.json","Cost of next node: Cost = 2,885.7 : 2,892.04 | cr=49, dd=33, da=30, tlv=1, sm=66, rd=177.27, cd=0, um=0","Time elapsed: 4.42 seconds","/home/thomasverwaal/Robust-Rail-NL/mathematical-models/local_search_plans_discreet_120/plan_33_trains_11_units6.json"
"/home/thomasverwaal/Robust-Rail-NL/mathematical-models/scenarios_solver_types_120/scenario_solver_33_trains_11_units6.json","Cost of next node: Cost = 2,761.4 : 2,767.74 | cr=48, dd=33, da=25, tlv=1, sm=66, rd=170.91, cd=0, um=0","Time elapsed: 4.59 seconds","/home/thomasverwaal/Robust-Rail-NL/mathematical-models/local_search_plans_discreet_120/plan_33_trains_11_units6.json"
"/home/thomasverwaal/Robust-Rail-NL/mathematical-models/scenarios_solver_types_120/scenario_solver_33_trains_11_units6.json","Cost of next node: Cost = 2,582.7 : 2,594.02 | cr=42, dd=33, da=18, tlv=2, sm=66, rd=168.18, cd=0, um=0","Time elapsed: 4.72 seconds","/home/thomasverwaal/Robust-Rail-NL/mathematical-models/local_search_plans_discreet_120/plan_33_trains_11_units6.json"
"/home/thomasverwaal/Robust-Rail-NL/mathematical-models/scenarios_solver_types_120/scenario_solver_33_trains_11_units6.json","Cost of next node: Cost = 2,534.3 : 2,550.64 | cr=42, dd=33, da=15, tlv=3, sm=66, rd=163.64, cd=0, um=0","Time elapsed: 4.90 seconds","/home/thomasverwaal/Robust-Rail-NL/mathematical-models/local_search_plans_discreet_120/plan_33_trains_11_units6.json"
"/home/thomasverwaal/Robust-Rail-NL/mathematical-models/scenarios_solver_types_120/scenario_solver_33_trains_11_units6.json","Cost of next node: Cost = 2,511.4 : 2,527.73 | cr=40, dd=33, da=15, tlv=3, sm=66, rd=162.73, cd=0, um=0","Time elapsed: 4.96 seconds","/home/thomasverwaal/Robust-Rail-NL/mathematical-models/local_search_plans_discreet_120/plan_33_trains_11_units6.json"
"/home/thomasverwaal/Robust-Rail-NL/mathematical-models/scenarios_solver_types_120/scenario_solver_33_trains_11_units6.json","Cost of next node: Cost = 2,467.0 : 2,488.35 | cr=40, dd=33, da=12, tlv=4, sm=66, rd=159.09, cd=0, um=0","Time elapsed: 5.14 seconds","/home/thomasverwaal/Robust-Rail-NL/mathematical-models/local_search_plans_discreet_120/plan_33_trains_11_units6.json"
"/home/thomasverwaal/Robust-Rail-NL/mathematical-models/scenarios_solver_types_120/scenario_solver_33_trains_11_units6.json","Cost of next node: Cost = 2,443.7 : 2,465.05 | cr=39, dd=33, da=12, tlv=4, sm=66, rd=155.45, cd=0, um=0","Time elapsed: 5.41 seconds","/home/thomasverwaal/Robust-Rail-NL/mathematical-models/local_search_plans_discreet_120/plan_33_trains_11_units6.json"
"/home/thomasverwaal/Robust-Rail-NL/mathematical-models/scenarios_solver_types_120/scenario_solver_33_trains_11_units6.json","Cost of next node: Cost = 2,422.2 : 2,448.50 | cr=38, dd=33, da=12, tlv=5, sm=66, rd=148.18, cd=0, um=0","Time elapsed: 5.78 seconds","/home/thomasverwaal/Robust-Rail-NL/mathematical-models/local_search_plans_discreet_120/plan_33_trains_11_units6.json"
"/home/thomasverwaal/Robust-Rail-NL/mathematical-models/scenarios_solver_types_120/scenario_solver_33_trains_11_units6.json","Cost of next node: Cost = 2,362.1 : 2,393.38 | cr=31, dd=33, da=12, tlv=6, sm=66, rd=145.45, cd=0, um=0","Time elapsed: 6.14 seconds","/home/thomasverwaal/Robust-Rail-NL/mathematical-models/local_search_plans_discreet_120/plan_33_trains_11_units6.json"
"/home/thomasverwaal/Robust-Rail-NL/mathematical-models/scenarios_solver_types_120/scenario_solver_33_trains_11_units6.json","Cost of next node: Cost = 2,340.0 : 2,376.29 | cr=29, dd=33, da=11, tlv=7, sm=66, rd=145.45, cd=0, um=0","Time elapsed: 6.36 seconds","/home/thomasverwaal/Robust-Rail-NL/mathematical-models/local_search_plans_discreet_120/plan_33_trains_11_units6.json"
"/home/thomasverwaal/Robust-Rail-NL/mathematical-models/scenarios_solver_types_120/scenario_solver_33_trains_11_units6.json","Cost of next node: Cost = 2,319.6 : 2,360.97 | cr=24, dd=33, da=11, tlv=8, sm=66, rd=152.73, cd=0, um=0","Time elapsed: 6.71 seconds","/home/thomasverwaal/Robust-Rail-NL/mathematical-models/local_search_plans_discreet_120/plan_33_trains_11_units6.json"
"/home/thomasverwaal/Robust-Rail-NL/mathematical-models/scenarios_solver_types_120/scenario_solver_33_trains_11_units6.json","Cost of next node: Cost = 2,285.5 : 2,331.85 | cr=20, dd=33, da=11, tlv=9, sm=66, rd=150.91, cd=0, um=0","Time elapsed: 7.29 seconds","/home/thomasverwaal/Robust-Rail-NL/mathematical-models/local_search_plans_discreet_120/plan_33_trains_11_units6.json"
"/home/thomasverwaal/Robust-Rail-NL/mathematical-models/scenarios_solver_types_120/scenario_solver_33_trains_11_units6.json","Cost of next node: Cost = 2,260.9 : 2,307.20 | cr=19, dd=33, da=11, tlv=9, sm=66, rd=147.27, cd=0, um=0","Time elapsed: 7.94 seconds","/home/thomasverwaal/Robust-Rail-NL/mathematical-models/local_search_plans_discreet_120/plan_33_trains_11_units6.json"
"/home/thomasverwaal/Robust-Rail-NL/mathematical-models/scenarios_solver_types_120/scenario_solver_33_trains_11_units6.json","Cost of next node: Cost = 2,233.6 : 2,284.87 | cr=19, dd=33, da=9, tlv=10, sm=66, rd=145.45, cd=0, um=0","Time elapsed: 8.45 seconds","/home/thomasverwaal/Robust-Rail-NL/mathematical-models/local_search_plans_discreet_120/plan_33_trains_11_units6.json"
"/home/thomasverwaal/Robust-Rail-NL/mathematical-models/scenarios_solver_types_120/scenario_solver_33_trains_11_units6.json","Cost of next node: Cost = 2,200.8 : 2,257.15 | cr=21, dd=33, da=6, tlv=11, sm=66, rd=140.00, cd=0, um=0","Time elapsed: 8.98 seconds","/home/thomasverwaal/Robust-Rail-NL/mathematical-models/local_search_plans_discreet_120/plan_33_trains_11_units6.json"
"/home/thomasverwaal/Robust-Rail-NL/mathematical-models/scenarios_solver_types_120/scenario_solver_33_trains_11_units6.json","Cost of next node: Cost = 2,178.2 : 2,234.48 | cr=18, dd=33, da=6, tlv=11, sm=66, rd=143.64, cd=0, um=0","Time elapsed: 9.63 seconds","/home/thomasverwaal/Robust-Rail-NL/mathematical-models/local_search_plans_discreet_120/plan_33_trains_11_units6.json"
"/home/thomasverwaal/Robust-Rail-NL/mathematical-models/scenarios_solver_types_120/scenario_solver_33_trains_11_units6.json","Cost of next node: Cost = 2,158.0 : 2,219.34 | cr=18, dd=33, da=5, tlv=12, sm=66, rd=134.55, cd=0, um=0","Time elapsed: 10.38 seconds","/home/thomasverwaal/Robust-Rail-NL/mathematical-models/local_search_plans_discreet_120/plan_33_trains_11_units6.json"
"/home/thomasverwaal/Robust-Rail-NL/mathematical-models/scenarios_solver_types_120/scenario_solver_33_trains_11_units6.json","Cost of next node: Cost = 2,098.8 : 2,165.13 | cr=14, dd=33, da=4, tlv=13, sm=66, rd=129.09, cd=0, um=0","Time elapsed: 11.15 seconds","/home/thomasverwaal/Robust-Rail-NL/mathematical-models/local_search_plans_discreet_120/plan_33_trains_11_units6.json"
"/home/thomasverwaal/Robust-Rail-NL/mathematical-models/scenarios_solver_types_120/scenario_solver_33_trains_11_units6.json","Cost of next node: Cost = 2,009.5 : 2,075.78 | cr=15, dd=31, da=4, tlv=13, sm=66, rd=129.09, cd=0, um=0","Time elapsed: 11.24 seconds","/home/thomasverwaal/Robust-Rail-NL/mathematical-models/local_search_plans_discreet_120/plan_33_trains_11_units6.json"
"/home/thomasverwaal/Robust-Rail-NL/mathematical-models/scenarios_solver_types_120/scenario_solver_33_trains_11_units6.json","Cost of next node: Cost = 1,983.3 : 2,049.62 | cr=17, dd=30, da=4, tlv=13, sm=66, rd=130.91, cd=0, um=0","Time elapsed: 11.37 seconds","/home/thomasverwaal/Robust-Rail-NL/mathematical-models/local_search_plans_discreet_120/plan_33_trains_11_units6.json"
"/home/thomasverwaal/Robust-Rail-NL/mathematical-models/scenarios_solver_types_120/scenario_solver_33_trains_11_units6.json","Cost of next node: Cost = 1,960.3 : 2,026.62 | cr=15, dd=30, da=4, tlv=13, sm=66, rd=127.27, cd=0, um=0","Time elapsed: 11.85 seconds","/home/thomasverwaal/Robust-Rail-NL/mathematical-models/local_search_plans_discreet_120/plan_33_trains_11_units6.json"
"/home/thomasverwaal/Robust-Rail-NL/mathematical-models/scenarios_solver_types_120/scenario_solver_33_trains_11_units6.json","Cost of next node: Cost = 1,921.5 : 1,992.82 | cr=17, dd=29, da=3, tlv=14, sm=66, rd=123.64, cd=0, um=0","Time elapsed: 12.72 seconds","/home/thomasverwaal/Robust-Rail-NL/mathematical-models/local_search_plans_discreet_120/plan_33_trains_11_units6.json"
"/home/thomasverwaal/Robust-Rail-NL/mathematical-models/scenarios_solver_types_120/scenario_solver_33_trains_11_units6.json","Cost of next node: Cost = 1,870.2 : 1,941.55 | cr=17, dd=28, da=3, tlv=14, sm=66, rd=121.82, cd=0, um=0","Time elapsed: 12.94 seconds","/home/thomasverwaal/Robust-Rail-NL/mathematical-models/local_search_plans_discreet_120/plan_33_trains_11_units6.json"
"/home/thomasverwaal/Robust-Rail-NL/mathematical-models/scenarios_solver_types_120/scenario_solver_33_trains_11_units6.json","Cost of next node: Cost = 1,786.2 : 1,857.50 | cr=19, dd=26, da=3, tlv=14, sm=66, rd=118.18, cd=0, um=0","Time elapsed: 13.10 seconds","/home/thomasverwaal/Robust-Rail-NL/mathematical-models/local_search_plans_discreet_120/plan_33_trains_11_units6.json"
"/home/thomasverwaal/Robust-Rail-NL/mathematical-models/scenarios_solver_types_120/scenario_solver_33_trains_11_units6.json","Cost of next node: Cost = 1,736.3 : 1,807.61 | cr=19, dd=25, da=3, tlv=14, sm=66, rd=118.18, cd=0, um=0","Time elapsed: 13.31 seconds","/home/thomasverwaal/Robust-Rail-NL/mathematical-models/local_search_plans_discreet_120/plan_33_trains_11_units6.json"
"/home/thomasverwaal/Robust-Rail-NL/mathematical-models/scenarios_solver_types_120/scenario_solver_33_trains_11_units6.json","Cost of next node: Cost = 1,677.8 : 1,749.08 | cr=19, dd=24, da=3, tlv=14, sm=66, rd=112.73, cd=0, um=0","Time elapsed: 13.38 seconds","/home/thomasverwaal/Robust-Rail-NL/mathematical-models/local_search_plans_discreet_120/plan_33_trains_11_units6.json"
"/home/thomasverwaal/Robust-Rail-NL/mathematical-models/scenarios_solver_types_120/scenario_solver_33_trains_11_units6.json","Cost of next node: Cost = 1,493.1 : 1,564.44 | cr=21, dd=20, da=3, tlv=14, sm=66, rd=107.27, cd=0, um=0","Time elapsed: 13.59 seconds","/home/thomasverwaal/Robust-Rail-NL/mathematical-models/local_search_plans_discreet_120/plan_33_trains_11_units6.json"
"/home/thomasverwaal/Robust-Rail-NL/mathematical-models/scenarios_solver_types_120/scenario_solver_33_trains_11_units6.json","Cost of next node: Cost = 1,333.9 : 1,405.22 | cr=20, dd=17, da=3, tlv=14, sm=66, rd=107.27, cd=0, um=0","Time elapsed: 13.74 seconds","/home/thomasverwaal/Robust-Rail-NL/mathematical-models/local_search_plans_discreet_120/plan_33_trains_11_units6.json"
"/home/thomasverwaal/Robust-Rail-NL/mathematical-models/scenarios_solver_types_120/scenario_solver_33_trains_11_units6.json","Cost of next node: Cost = 1,284.2 : 1,355.54 | cr=20, dd=16, da=3, tlv=14, sm=66, rd=105.45, cd=0, um=0","Time elapsed: 13.93 seconds","/home/thomasverwaal/Robust-Rail-NL/mathematical-models/local_search_plans_discreet_120/plan_33_trains_11_units6.json"
"/home/thomasverwaal/Robust-Rail-NL/mathematical-models/scenarios_solver_types_120/scenario_solver_33_trains_11_units6.json","Cost of next node: Cost = 1,259.2 : 1,325.54 | cr=19, dd=16, da=3, tlv=13, sm=66, rd=105.45, cd=0, um=0","Time elapsed: 14.26 seconds","/home/thomasverwaal/Robust-Rail-NL/mathematical-models/local_search_plans_discreet_120/plan_33_trains_11_units6.json"
"/home/thomasverwaal/Robust-Rail-NL/mathematical-models/scenarios_solver_types_120/scenario_solver_33_trains_11_units6.json","Cost of next node: Cost = 1,224.6 : 1,295.91 | cr=19, dd=15, da=3, tlv=14, sm=66, rd=101.82, cd=0, um=0","Time elapsed: 14.52 seconds","/home/thomasverwaal/Robust-Rail-NL/mathematical-models/local_search_plans_discreet_120/plan_33_trains_11_units6.json"
"/home/thomasverwaal/Robust-Rail-NL/mathematical-models/scenarios_solver_types_120/scenario_solver_33_trains_11_units6.json","Cost of next node: Cost = 1,120.3 : 1,196.58 | cr=17, dd=13, da=3, tlv=15, sm=66, rd=96.36, cd=0, um=0","Time elapsed: 14.90 seconds","/home/thomasverwaal/Robust-Rail-NL/mathematical-models/local_search_plans_discreet_120/plan_33_trains_11_units6.json"
"/home/thomasverwaal/Robust-Rail-NL/mathematical-models/scenarios_solver_types_120/scenario_solver_33_trains_11_units6.json","Cost of next node: Cost = 1,056.5 : 1,137.84 | cr=16, dd=12, da=2, tlv=16, sm=66, rd=92.73, cd=0, um=0","Time elapsed: 15.20 seconds","/home/thomasverwaal/Robust-Rail-NL/mathematical-models/local_search_plans_discreet_120/plan_33_trains_11_units6.json"
"/home/thomasverwaal/Robust-Rail-NL/mathematical-models/scenarios_solver_types_120/scenario_solver_33_trains_11_units6.json","Cost of next node: Cost = 717.6 : 803.96 | cr=13, dd=6, da=1, tlv=17, sm=66, rd=85.45, cd=0, um=0","Time elapsed: 15.63 seconds","/home/thomasverwaal/Robust-Rail-NL/mathematical-models/local_search_plans_discreet_120/plan_33_trains_11_units6.json"
"/home/thomasverwaal/Robust-Rail-NL/mathematical-models/scenarios_solver_types_120/scenario_solver_33_trains_11_units6.json","Cost of next node: Cost = 656.6 : 747.92 | cr=18, dd=4, da=0, tlv=18, sm=66, rd=79.09, cd=0, um=0","Time elapsed: 15.95 seconds","/home/thomasverwaal/Robust-Rail-NL/mathematical-models/local_search_plans_discreet_120/plan_33_trains_11_units6.json"
"/home/thomasverwaal/Robust-Rail-NL/mathematical-models/scenarios_solver_types_120/scenario_solver_33_trains_11_units6.json","Cost of next node: Cost = 596.6 : 687.92 | cr=12, dd=4, da=0, tlv=18, sm=66, rd=79.09, cd=0, um=0","Time elapsed: 16.08 seconds","/home/thomasverwaal/Robust-Rail-NL/mathematical-models/local_search_plans_discreet_120/plan_33_trains_11_units6.json"
"/home/thomasverwaal/Robust-Rail-NL/mathematical-models/scenarios_solver_types_120/scenario_solver_33_trains_11_units6.json","Cost of next node: Cost = 536.0 : 627.32 | cr=11, dd=1, da=5, tlv=18, sm=66, rd=80.91, cd=0, um=0","Time elapsed: 16.37 seconds","/home/thomasverwaal/Robust-Rail-NL/mathematical-models/local_search_plans_discreet_120/plan_33_trains_11_units6.json"
"/home/thomasverwaal/Robust-Rail-NL/mathematical-models/scenarios_solver_types_120/scenario_solver_33_trains_11_units6.json","Cost of next node: Cost = 441.5 : 532.82 | cr=12, dd=1, da=0, tlv=18, sm=66, rd=74.55, cd=0, um=0","Time elapsed: 16.64 seconds","/home/thomasverwaal/Robust-Rail-NL/mathematical-models/local_search_plans_discreet_120/plan_33_trains_11_units6.json"
"/home/thomasverwaal/Robust-Rail-NL/mathematical-models/scenarios_solver_types_120/scenario_solver_33_trains_11_units6.json","Cost of next node: Cost = 416.5 : 502.82 | cr=11, dd=1, da=0, tlv=17, sm=66, rd=74.55, cd=0, um=0","Time elapsed: 16.85 seconds","/home/thomasverwaal/Robust-Rail-NL/mathematical-models/local_search_plans_discreet_120/plan_33_trains_11_units6.json"
"/home/thomasverwaal/Robust-Rail-NL/mathematical-models/scenarios_solver_types_120/scenario_solver_33_trains_11_units6.json","Cost of next node: Cost = 390.0 : 481.32 | cr=12, dd=0, da=0, tlv=18, sm=66, rd=72.73, cd=0, um=0","Time elapsed: 17.27 seconds","/home/thomasverwaal/Robust-Rail-NL/mathematical-models/local_search_plans_discreet_120/plan_33_trains_11_units6.json"
"/home/thomasverwaal/Robust-Rail-NL/mathematical-models/scenarios_solver_types_120/scenario_solver_33_trains_11_units6.json","Cost of next node: Cost = 365.0 : 451.32 | cr=11, dd=0, da=0, tlv=17, sm=66, rd=74.55, cd=0, um=0","Time elapsed: 17.45 seconds","/home/thomasverwaal/Robust-Rail-NL/mathematical-models/local_search_plans_discreet_120/plan_33_trains_11_units6.json"
"/home/thomasverwaal/Robust-Rail-NL/mathematical-models/scenarios_solver_types_120/scenario_solver_33_trains_11_units6.json","Cost of next node: Cost = 345.0 : 431.32 | cr=9, dd=0, da=0, tlv=17, sm=66, rd=74.55, cd=0, um=0","Time elapsed: 21.95 seconds","/home/thomasverwaal/Robust-Rail-NL/mathematical-models/local_search_plans_discreet_120/plan_33_trains_11_units6.json"
"/home/thomasverwaal/Robust-Rail-NL/mathematical-models/scenarios_solver_types_120/scenario_solver_33_trains_11_units6.json","Cost of next node: Cost = 330.0 : 411.32 | cr=9, dd=0, da=0, tlv=16, sm=66, rd=76.36, cd=0, um=0","Time elapsed: 25.74 seconds","/home/thomasverwaal/Robust-Rail-NL/mathematical-models/local_search_plans_discreet_120/plan_33_trains_11_units6.json"
"/home/thomasverwaal/Robust-Rail-NL/mathematical-models/scenarios_solver_types_120/scenario_solver_33_trains_11_units6.json","Cost of next node: Cost = 320.0 : 401.32 | cr=8, dd=0, da=0, tlv=16, sm=66, rd=76.36, cd=0, um=0","Time elapsed: 28.84 seconds","/home/thomasverwaal/Robust-Rail-NL/mathematical-models/local_search_plans_discreet_120/plan_33_trains_11_units6.json"
"/home/thomasverwaal/Robust-Rail-NL/mathematical-models/scenarios_solver_types_120/scenario_solver_33_trains_11_units6.json","Cost of next node: Cost = 310.0 : 391.32 | cr=7, dd=0, da=0, tlv=16, sm=66, rd=76.36, cd=0, um=0","Time elapsed: 32.12 seconds","/home/thomasverwaal/Robust-Rail-NL/mathematical-models/local_search_plans_discreet_120/plan_33_trains_11_units6.json"
"/home/thomasverwaal/Robust-Rail-NL/mathematical-models/scenarios_solver_types_120/scenario_solver_33_trains_11_units6.json","Cost of next node: Cost = 295.0 : 371.32 | cr=7, dd=0, da=0, tlv=15, sm=66, rd=78.18, cd=0, um=0","Time elapsed: 34.69 seconds","/home/thomasverwaal/Robust-Rail-NL/mathematical-models/local_search_plans_discreet_120/plan_33_trains_11_units6.json"
"/home/thomasverwaal/Robust-Rail-NL/mathematical-models/scenarios_solver_types_120/scenario_solver_33_trains_11_units6.json","Cost of next node: Cost = 285.0 : 361.32 | cr=6, dd=0, da=0, tlv=15, sm=66, rd=80.00, cd=0, um=0","Time elapsed: 37.30 seconds","/home/thomasverwaal/Robust-Rail-NL/mathematical-models/local_search_plans_discreet_120/plan_33_trains_11_units6.json"
"/home/thomasverwaal/Robust-Rail-NL/mathematical-models/scenarios_solver_types_120/scenario_solver_33_trains_11_units6.json","Cost of next node: Cost = 275.0 : 351.32 | cr=5, dd=0, da=0, tlv=15, sm=66, rd=80.00, cd=0, um=0","Time elapsed: 39.55 seconds","/home/thomasverwaal/Robust-Rail-NL/mathematical-models/local_search_plans_discreet_120/plan_33_trains_11_units6.json"
"/home/thomasverwaal/Robust-Rail-NL/mathematical-models/scenarios_solver_types_120/scenario_solver_33_trains_11_units6.json","Cost of next node: Cost = 265.0 : 341.32 | cr=4, dd=0, da=0, tlv=15, sm=66, rd=80.00, cd=0, um=0","Time elapsed: 41.21 seconds","/home/thomasverwaal/Robust-Rail-NL/mathematical-models/local_search_plans_discreet_120/plan_33_trains_11_units6.json"
"/home/thomasverwaal/Robust-Rail-NL/mathematical-models/scenarios_solver_types_120/scenario_solver_33_trains_11_units6.json","Cost of next node: Cost = 245.0 : 321.32 | cr=2, dd=0, da=0, tlv=15, sm=66, rd=80.00, cd=0, um=0","Time elapsed: 53.28 seconds","/home/thomasverwaal/Robust-Rail-NL/mathematical-models/local_search_plans_discreet_120/plan_33_trains_11_units6.json"
"/home/thomasverwaal/Robust-Rail-NL/mathematical-models/scenarios_solver_types_120/scenario_solver_33_trains_11_units6.json","Cost of next node: Cost = 235.0 : 311.32 | cr=1, dd=0, da=0, tlv=15, sm=66, rd=80.00, cd=0, um=0","Time elapsed: 98.37 seconds","/home/thomasverwaal/Robust-Rail-NL/mathematical-models/local_search_plans_discreet_120/plan_33_trains_11_units6.json"
"/home/thomasverwaal/Robust-Rail-NL/mathematical-models/scenarios_solver_types_120/scenario_solver_33_trains_11_units6.json","NO_COST_FOUND","NO_TIME_FOUND","NO_PLAN_CREATED"
"/home/thomasverwaal/Robust-Rail-NL/mathematical-models/scenarios_solver_types_120/scenario_solver_33_trains_11_units7.json","Cost of next node: Cost = 2,825.9 : 2,827.23 | cr=42, dd=33, da=31, tlv=0, sm=66, rd=180.00, cd=0, um=0","Time elapsed: 5.14 seconds","/home/thomasverwaal/Robust-Rail-NL/mathematical-models/local_search_plans_discreet_120/plan_33_trains_11_units7.json"
"/home/thomasverwaal/Robust-Rail-NL/mathematical-models/scenarios_solver_types_120/scenario_solver_33_trains_11_units7.json","Cost of next node: Cost = 2,802.5 : 2,803.80 | cr=43, dd=33, da=30, tlv=0, sm=66, rd=175.45, cd=0, um=0","Time elapsed: 5.29 seconds","/home/thomasverwaal/Robust-Rail-NL/mathematical-models/local_search_plans_discreet_120/plan_33_trains_11_units7.json"
"/home/thomasverwaal/Robust-Rail-NL/mathematical-models/scenarios_solver_types_120/scenario_solver_33_trains_11_units7.json","Cost of next node: Cost = 2,732.0 : 2,738.31 | cr=38, dd=33, da=28, tlv=1, sm=66, rd=178.18, cd=0, um=0","Time elapsed: 5.38 seconds","/home/thomasverwaal/Robust-Rail-NL/mathematical-models/local_search_plans_discreet_120/plan_33_trains_11_units7.json"
"/home/thomasverwaal/Robust-Rail-NL/mathematical-models/scenarios_solver_types_120/scenario_solver_33_trains_11_units7.json","Cost of next node: Cost = 2,705.9 : 2,712.26 | cr=38, dd=33, da=27, tlv=1, sm=66, rd=174.55, cd=0, um=0","Time elapsed: 5.53 seconds","/home/thomasverwaal/Robust-Rail-NL/mathematical-models/local_search_plans_discreet_120/plan_33_trains_11_units7.json"
"/home/thomasverwaal/Robust-Rail-NL/mathematical-models/scenarios_solver_types_120/scenario_solver_33_trains_11_units7.json","Cost of next node: Cost = 2,517.4 : 2,523.76 | cr=39, dd=33, da=17, tlv=1, sm=66, rd=168.18, cd=0, um=0","Time elapsed: 5.62 seconds","/home/thomasverwaal/Robust-Rail-NL/mathematical-models/local_search_plans_discreet_120/plan_33_trains_11_units7.json"
"/home/thomasverwaal/Robust-Rail-NL/mathematical-models/scenarios_solver_types_120/scenario_solver_33_trains_11_units7.json","Cost of next node: Cost = 2,442.4 : 2,453.76 | cr=38, dd=33, da=13, tlv=2, sm=66, rd=163.64, cd=0, um=0","Time elapsed: 5.72 seconds","/home/thomasverwaal/Robust-Rail-NL/mathematical-models/local_search_plans_discreet_120/plan_33_trains_11_units7.json"
"/home/thomasverwaal/Robust-Rail-NL/mathematical-models/scenarios_solver_types_120/scenario_solver_33_trains_11_units7.json","Cost of next node: Cost = 2,399.5 : 2,415.86 | cr=33, dd=33, da=13, tlv=3, sm=66, rd=161.82, cd=0, um=0","Time elapsed: 6.12 seconds","/home/thomasverwaal/Robust-Rail-NL/mathematical-models/local_search_plans_discreet_120/plan_33_trains_11_units7.json"
"/home/thomasverwaal/Robust-Rail-NL/mathematical-models/scenarios_solver_types_120/scenario_solver_33_trains_11_units7.json","Cost of next node: Cost = 2,359.7 : 2,381.03 | cr=26, dd=33, da=14, tlv=4, sm=66, rd=160.00, cd=0, um=0","Time elapsed: 6.55 seconds","/home/thomasverwaal/Robust-Rail-NL/mathematical-models/local_search_plans_discreet_120/plan_33_trains_11_units7.json"
"/home/thomasverwaal/Robust-Rail-NL/mathematical-models/scenarios_solver_types_120/scenario_solver_33_trains_11_units7.json","Cost of next node: Cost = 2,326.9 : 2,353.25 | cr=25, dd=33, da=12, tlv=5, sm=66, rd=158.18, cd=0, um=0","Time elapsed: 6.83 seconds","/home/thomasverwaal/Robust-Rail-NL/mathematical-models/local_search_plans_discreet_120/plan_33_trains_11_units7.json"
"/home/thomasverwaal/Robust-Rail-NL/mathematical-models/scenarios_solver_types_120/scenario_solver_33_trains_11_units7.json","Cost of next node: Cost = 2,305.0 : 2,331.32 | cr=26, dd=33, da=12, tlv=5, sm=66, rd=149.09, cd=0, um=0","Time elapsed: 7.29 seconds","/home/thomasverwaal/Robust-Rail-NL/mathematical-models/local_search_plans_discreet_120/plan_33_trains_11_units7.json"
"/home/thomasverwaal/Robust-Rail-NL/mathematical-models/scenarios_solver_types_120/scenario_solver_33_trains_11_units7.json","Cost of next node: Cost = 2,284.9 : 2,311.21 | cr=26, dd=33, da=11, tlv=5, sm=66, rd=147.27, cd=0, um=0","Time elapsed: 7.73 seconds","/home/thomasverwaal/Robust-Rail-NL/mathematical-models/local_search_plans_discreet_120/plan_33_trains_11_units7.json"
"/home/thomasverwaal/Robust-Rail-NL/mathematical-models/scenarios_solver_types_120/scenario_solver_33_trains_11_units7.json","Cost of next node: Cost = 2,264.7 : 2,296.06 | cr=25, dd=33, da=10, tlv=6, sm=66, rd=143.64, cd=0, um=0","Time elapsed: 8.36 seconds","/home/thomasverwaal/Robust-Rail-NL/mathematical-models/local_search_plans_discreet_120/plan_33_trains_11_units7.json"
"/home/thomasverwaal/Robust-Rail-NL/mathematical-models/scenarios_solver_types_120/scenario_solver_33_trains_11_units7.json","Cost of next node: Cost = 2,234.5 : 2,270.86 | cr=24, dd=33, da=9, tlv=7, sm=66, rd=138.18, cd=0, um=0","Time elapsed: 9.09 seconds","/home/thomasverwaal/Robust-Rail-NL/mathematical-models/local_search_plans_discreet_120/plan_33_trains_11_units7.json"
"/home/thomasverwaal/Robust-Rail-NL/mathematical-models/scenarios_solver_types_120/scenario_solver_33_trains_11_units7.json","Cost of next node: Cost = 2,209.7 : 2,250.99 | cr=23, dd=33, da=8, tlv=8, sm=66, rd=132.73, cd=0, um=0","Time elapsed: 9.37 seconds","/home/thomasverwaal/Robust-Rail-NL/mathematical-models/local_search_plans_discreet_120/plan_33_trains_11_units7.json"
"/home/thomasverwaal/Robust-Rail-NL/mathematical-models/scenarios_solver_types_120/scenario_solver_33_trains_11_units7.json","Cost of next node: Cost = 2,188.1 : 2,234.45 | cr=21, dd=33, da=6, tlv=9, sm=66, rd=134.55, cd=0, um=0","Time elapsed: 9.61 seconds","/home/thomasverwaal/Robust-Rail-NL/mathematical-models/local_search_plans_discreet_120/plan_33_trains_11_units7.json"
"/home/thomasverwaal/Robust-Rail-NL/mathematical-models/scenarios_solver_types_120/scenario_solver_33_trains_11_units7.json","Cost of next node: Cost = 2,164.4 : 2,210.72 | cr=23, dd=33, da=5, tlv=9, sm=66, rd=129.09, cd=0, um=0","Time elapsed: 9.76 seconds","/home/thomasverwaal/Robust-Rail-NL/mathematical-models/local_search_plans_discreet_120/plan_33_trains_11_units7.json"
"/home/thomasverwaal/Robust-Rail-NL/mathematical-models/scenarios_solver_types_120/scenario_solver_33_trains_11_units7.json","Cost of next node: Cost = 2,131.7 : 2,178.07 | cr=20, dd=33, da=5, tlv=9, sm=66, rd=127.27, cd=0, um=0","Time elapsed: 10.04 seconds","/home/thomasverwaal/Robust-Rail-NL/mathematical-models/local_search_plans_discreet_120/plan_33_trains_11_units7.json"
"/home/thomasverwaal/Robust-Rail-NL/mathematical-models/scenarios_solver_types_120/scenario_solver_33_trains_11_units7.json","Cost of next node: Cost = 2,098.2 : 2,149.54 | cr=19, dd=33, da=4, tlv=10, sm=66, rd=118.18, cd=0, um=0","Time elapsed: 10.30 seconds","/home/thomasverwaal/Robust-Rail-NL/mathematical-models/local_search_plans_discreet_120/plan_33_trains_11_units7.json"
"/home/thomasverwaal/Robust-Rail-NL/mathematical-models/scenarios_solver_types_120/scenario_solver_33_trains_11_units7.json","Cost of next node: Cost = 2,017.0 : 2,068.37 | cr=21, dd=31, da=4, tlv=10, sm=66, rd=115.45, cd=0, um=0","Time elapsed: 10.43 seconds","/home/thomasverwaal/Robust-Rail-NL/mathematical-models/local_search_plans_discreet_120/plan_33_trains_11_units7.json"
"/home/thomasverwaal/Robust-Rail-NL/mathematical-models/scenarios_solver_types_120/scenario_solver_33_trains_11_units7.json","Cost of next node: Cost = 1,874.9 : 1,926.21 | cr=22, dd=28, da=4, tlv=10, sm=66, rd=114.55, cd=0, um=0","Time elapsed: 10.62 seconds","/home/thomasverwaal/Robust-Rail-NL/mathematical-models/local_search_plans_discreet_120/plan_33_trains_11_units7.json"
"/home/thomasverwaal/Robust-Rail-NL/mathematical-models/scenarios_solver_types_120/scenario_solver_33_trains_11_units7.json","Cost of next node: Cost = 1,751.4 : 1,807.70 | cr=23, dd=25, da=4, tlv=11, sm=66, rd=109.09, cd=0, um=0","Time elapsed: 10.84 seconds","/home/thomasverwaal/Robust-Rail-NL/mathematical-models/local_search_plans_discreet_120/plan_33_trains_11_units7.json"
"/home/thomasverwaal/Robust-Rail-NL/mathematical-models/scenarios_solver_types_120/scenario_solver_33_trains_11_units7.json","Cost of next node: Cost = 1,702.5 : 1,763.77 | cr=19, dd=25, da=3, tlv=12, sm=66, rd=106.36, cd=0, um=0","Time elapsed: 11.28 seconds","/home/thomasverwaal/Robust-Rail-NL/mathematical-models/local_search_plans_discreet_120/plan_33_trains_11_units7.json"
"/home/thomasverwaal/Robust-Rail-NL/mathematical-models/scenarios_solver_types_120/scenario_solver_33_trains_11_units7.json","Cost of next node: Cost = 1,492.9 : 1,554.26 | cr=18, dd=21, da=3, tlv=12, sm=66, rd=108.18, cd=0, um=0","Time elapsed: 11.40 seconds","/home/thomasverwaal/Robust-Rail-NL/mathematical-models/local_search_plans_discreet_120/plan_33_trains_11_units7.json"
"/home/thomasverwaal/Robust-Rail-NL/mathematical-models/scenarios_solver_types_120/scenario_solver_33_trains_11_units7.json","Cost of next node: Cost = 1,378.0 : 1,439.31 | cr=22, dd=18, da=3, tlv=12, sm=66, rd=105.45, cd=0, um=0","Time elapsed: 11.64 seconds","/home/thomasverwaal/Robust-Rail-NL/mathematical-models/local_search_plans_discreet_120/plan_33_trains_11_units7.json"
"/home/thomasverwaal/Robust-Rail-NL/mathematical-models/scenarios_solver_types_120/scenario_solver_33_trains_11_units7.json","Cost of next node: Cost = 1,181.5 : 1,247.82 | cr=21, dd=14, da=3, tlv=13, sm=66, rd=101.82, cd=0, um=0","Time elapsed: 11.79 seconds","/home/thomasverwaal/Robust-Rail-NL/mathematical-models/local_search_plans_discreet_120/plan_33_trains_11_units7.json"
"/home/thomasverwaal/Robust-Rail-NL/mathematical-models/scenarios_solver_types_120/scenario_solver_33_trains_11_units7.json","Cost of next node: Cost = 1,116.8 : 1,188.12 | cr=18, dd=13, da=3, tlv=14, sm=66, rd=100.00, cd=0, um=0","Time elapsed: 11.98 seconds","/home/thomasverwaal/Robust-Rail-NL/mathematical-models/local_search_plans_discreet_120/plan_33_trains_11_units7.json"
"/home/thomasverwaal/Robust-Rail-NL/mathematical-models/scenarios_solver_types_120/scenario_solver_33_trains_11_units7.json","Cost of next node: Cost = 1,072.4 : 1,148.70 | cr=17, dd=12, da=3, tlv=15, sm=66, rd=96.36, cd=0, um=0","Time elapsed: 12.46 seconds","/home/thomasverwaal/Robust-Rail-NL/mathematical-models/local_search_plans_discreet_120/plan_33_trains_11_units7.json"
"/home/thomasverwaal/Robust-Rail-NL/mathematical-models/scenarios_solver_types_120/scenario_solver_33_trains_11_units7.json","Cost of next node: Cost = 977.2 : 1,058.56 | cr=18, dd=10, da=2, tlv=16, sm=66, rd=92.73, cd=0, um=0","Time elapsed: 12.79 seconds","/home/thomasverwaal/Robust-Rail-NL/mathematical-models/local_search_plans_discreet_120/plan_33_trains_11_units7.json"
"/home/thomasverwaal/Robust-Rail-NL/mathematical-models/scenarios_solver_types_120/scenario_solver_33_trains_11_units7.json","Cost of next node: Cost = 952.2 : 1,028.56 | cr=17, dd=10, da=2, tlv=15, sm=66, rd=94.55, cd=0, um=0","Time elapsed: 13.13 seconds","/home/thomasverwaal/Robust-Rail-NL/mathematical-models/local_search_plans_discreet_120/plan_33_trains_11_units7.json"
"/home/thomasverwaal/Robust-Rail-NL/mathematical-models/scenarios_solver_types_120/scenario_solver_33_trains_11_units7.json","Cost of next node: Cost = 753.1 : 834.39 | cr=18, dd=6, da=1, tlv=16, sm=66, rd=87.27, cd=0, um=0","Time elapsed: 13.53 seconds","/home/thomasverwaal/Robust-Rail-NL/mathematical-models/local_search_plans_discreet_120/plan_33_trains_11_units7.json"
"/home/thomasverwaal/Robust-Rail-NL/mathematical-models/scenarios_solver_types_120/scenario_solver_33_trains_11_units7.json","Cost of next node: Cost = 614.8 : 701.07 | cr=20, dd=3, da=0, tlv=17, sm=66, rd=80.91, cd=0, um=0","Time elapsed: 13.86 seconds","/home/thomasverwaal/Robust-Rail-NL/mathematical-models/local_search_plans_discreet_120/plan_33_trains_11_units7.json"
"/home/thomasverwaal/Robust-Rail-NL/mathematical-models/scenarios_solver_types_120/scenario_solver_33_trains_11_units7.json","Cost of next node: Cost = 589.8 : 671.07 | cr=19, dd=3, da=0, tlv=16, sm=66, rd=82.73, cd=0, um=0","Time elapsed: 14.39 seconds","/home/thomasverwaal/Robust-Rail-NL/mathematical-models/local_search_plans_discreet_120/plan_33_trains_11_units7.json"
"/home/thomasverwaal/Robust-Rail-NL/mathematical-models/scenarios_solver_types_120/scenario_solver_33_trains_11_units7.json","Cost of next node: Cost = 486.8 : 573.12 | cr=21, dd=0, da=1, tlv=17, sm=66, rd=80.00, cd=0, um=0","Time elapsed: 14.74 seconds","/home/thomasverwaal/Robust-Rail-NL/mathematical-models/local_search_plans_discreet_120/plan_33_trains_11_units7.json"
"/home/thomasverwaal/Robust-Rail-NL/mathematical-models/scenarios_solver_types_120/scenario_solver_33_trains_11_units7.json","Cost of next node: Cost = 445.0 : 531.32 | cr=19, dd=0, da=0, tlv=17, sm=66, rd=76.36, cd=0, um=0","Time elapsed: 15.21 seconds","/home/thomasverwaal/Robust-Rail-NL/mathematical-models/local_search_plans_discreet_120/plan_33_trains_11_units7.json"
"/home/thomasverwaal/Robust-Rail-NL/mathematical-models/scenarios_solver_types_120/scenario_solver_33_trains_11_units7.json","Cost of next node: Cost = 420.0 : 501.32 | cr=18, dd=0, da=0, tlv=16, sm=66, rd=78.18, cd=0, um=0","Time elapsed: 15.75 seconds","/home/thomasverwaal/Robust-Rail-NL/mathematical-models/local_search_plans_discreet_120/plan_33_trains_11_units7.json"
"/home/thomasverwaal/Robust-Rail-NL/mathematical-models/scenarios_solver_types_120/scenario_solver_33_trains_11_units7.json","Cost of next node: Cost = 400.0 : 481.34 | cr=16, dd=0, da=0, tlv=16, sm=67, rd=78.81, cd=0, um=0","Time elapsed: 22.53 seconds","/home/thomasverwaal/Robust-Rail-NL/mathematical-models/local_search_plans_discreet_120/plan_33_trains_11_units7.json"
"/home/thomasverwaal/Robust-Rail-NL/mathematical-models/scenarios_solver_types_120/scenario_solver_33_trains_11_units7.json","Cost of next node: Cost = 385.0 : 461.34 | cr=16, dd=0, da=0, tlv=15, sm=67, rd=78.81, cd=0, um=0","Time elapsed: 29.29 seconds","/home/thomasverwaal/Robust-Rail-NL/mathematical-models/local_search_plans_discreet_120/plan_33_trains_11_units7.json"
"/home/thomasverwaal/Robust-Rail-NL/mathematical-models/scenarios_solver_types_120/scenario_solver_33_trains_11_units7.json","Cost of next node: Cost = 375.0 : 451.34 | cr=15, dd=0, da=0, tlv=15, sm=67, rd=78.81, cd=0, um=0","Time elapsed: 35.31 seconds","/home/thomasverwaal/Robust-Rail-NL/mathematical-models/local_search_plans_discreet_120/plan_33_trains_11_units7.json"
"/home/thomasverwaal/Robust-Rail-NL/mathematical-models/scenarios_solver_types_120/scenario_solver_33_trains_11_units7.json","Cost of next node: Cost = 365.0 : 441.34 | cr=14, dd=0, da=0, tlv=15, sm=67, rd=78.81, cd=0, um=0","Time elapsed: 40.85 seconds","/home/thomasverwaal/Robust-Rail-NL/mathematical-models/local_search_plans_discreet_120/plan_33_trains_11_units7.json"
"/home/thomasverwaal/Robust-Rail-NL/mathematical-models/scenarios_solver_types_120/scenario_solver_33_trains_11_units7.json","Cost of next node: Cost = 355.0 : 431.34 | cr=13, dd=0, da=0, tlv=15, sm=67, rd=78.81, cd=0, um=0","Time elapsed: 46.10 seconds","/home/thomasverwaal/Robust-Rail-NL/mathematical-models/local_search_plans_discreet_120/plan_33_trains_11_units7.json"
"/home/thomasverwaal/Robust-Rail-NL/mathematical-models/scenarios_solver_types_120/scenario_solver_33_trains_11_units7.json","Cost of next node: Cost = 345.0 : 421.34 | cr=12, dd=0, da=0, tlv=15, sm=67, rd=78.81, cd=0, um=0","Time elapsed: 50.25 seconds","/home/thomasverwaal/Robust-Rail-NL/mathematical-models/local_search_plans_discreet_120/plan_33_trains_11_units7.json"
"/home/thomasverwaal/Robust-Rail-NL/mathematical-models/scenarios_solver_types_120/scenario_solver_33_trains_11_units7.json","Cost of next node: Cost = 335.0 : 411.34 | cr=11, dd=0, da=0, tlv=15, sm=67, rd=78.81, cd=0, um=0","Time elapsed: 53.81 seconds","/home/thomasverwaal/Robust-Rail-NL/mathematical-models/local_search_plans_discreet_120/plan_33_trains_11_units7.json"
"/home/thomasverwaal/Robust-Rail-NL/mathematical-models/scenarios_solver_types_120/scenario_solver_33_trains_11_units7.json","Cost of next node: Cost = 325.0 : 401.34 | cr=10, dd=0, da=0, tlv=15, sm=67, rd=78.81, cd=0, um=0","Time elapsed: 57.04 seconds","/home/thomasverwaal/Robust-Rail-NL/mathematical-models/local_search_plans_discreet_120/plan_33_trains_11_units7.json"
"/home/thomasverwaal/Robust-Rail-NL/mathematical-models/scenarios_solver_types_120/scenario_solver_33_trains_11_units7.json","Cost of next node: Cost = 315.0 : 391.34 | cr=9, dd=0, da=0, tlv=15, sm=67, rd=78.81, cd=0, um=0","Time elapsed: 59.77 seconds","/home/thomasverwaal/Robust-Rail-NL/mathematical-models/local_search_plans_discreet_120/plan_33_trains_11_units7.json"
"/home/thomasverwaal/Robust-Rail-NL/mathematical-models/scenarios_solver_types_120/scenario_solver_33_trains_11_units7.json","Cost of next node: Cost = 305.0 : 381.34 | cr=8, dd=0, da=0, tlv=15, sm=67, rd=78.81, cd=0, um=0","Time elapsed: 61.87 seconds","/home/thomasverwaal/Robust-Rail-NL/mathematical-models/local_search_plans_discreet_120/plan_33_trains_11_units7.json"
"/home/thomasverwaal/Robust-Rail-NL/mathematical-models/scenarios_solver_types_120/scenario_solver_33_trains_11_units7.json","Cost of next node: Cost = 295.0 : 371.34 | cr=7, dd=0, da=0, tlv=15, sm=67, rd=78.81, cd=0, um=0","Time elapsed: 63.57 seconds","/home/thomasverwaal/Robust-Rail-NL/mathematical-models/local_search_plans_discreet_120/plan_33_trains_11_units7.json"
"/home/thomasverwaal/Robust-Rail-NL/mathematical-models/scenarios_solver_types_120/scenario_solver_33_trains_11_units7.json","Cost of next node: Cost = 285.0 : 361.34 | cr=6, dd=0, da=0, tlv=15, sm=67, rd=78.81, cd=0, um=0","Time elapsed: 65.00 seconds","/home/thomasverwaal/Robust-Rail-NL/mathematical-models/local_search_plans_discreet_120/plan_33_trains_11_units7.json"
"/home/thomasverwaal/Robust-Rail-NL/mathematical-models/scenarios_solver_types_120/scenario_solver_33_trains_11_units7.json","Cost of next node: Cost = 280.0 : 351.36 | cr=7, dd=0, da=0, tlv=14, sm=68, rd=79.41, cd=0, um=0","Time elapsed: 99.44 seconds","/home/thomasverwaal/Robust-Rail-NL/mathematical-models/local_search_plans_discreet_120/plan_33_trains_11_units7.json"
"/home/thomasverwaal/Robust-Rail-NL/mathematical-models/scenarios_solver_types_120/scenario_solver_33_trains_11_units7.json","Cost of next node: Cost = 270.0 : 341.36 | cr=6, dd=0, da=0, tlv=14, sm=68, rd=79.41, cd=0, um=0","Time elapsed: 127.16 seconds","/home/thomasverwaal/Robust-Rail-NL/mathematical-models/local_search_plans_discreet_120/plan_33_trains_11_units7.json"
"/home/thomasverwaal/Robust-Rail-NL/mathematical-models/scenarios_solver_types_120/scenario_solver_33_trains_11_units7.json","Cost of next node: Cost = 260.0 : 331.36 | cr=5, dd=0, da=0, tlv=14, sm=68, rd=81.18, cd=0, um=0","Time elapsed: 128.74 seconds","/home/thomasverwaal/Robust-Rail-NL/mathematical-models/local_search_plans_discreet_120/plan_33_trains_11_units7.json"
"/home/thomasverwaal/Robust-Rail-NL/mathematical-models/scenarios_solver_types_120/scenario_solver_33_trains_11_units7.json","Cost of next node: Cost = 250.0 : 321.38 | cr=4, dd=0, da=0, tlv=14, sm=69, rd=80.00, cd=0, um=0","Time elapsed: 184.84 seconds","/home/thomasverwaal/Robust-Rail-NL/mathematical-models/local_search_plans_discreet_120/plan_33_trains_11_units7.json"
"/home/thomasverwaal/Robust-Rail-NL/mathematical-models/scenarios_solver_types_120/scenario_solver_33_trains_11_units7.json","NO_COST_FOUND","NO_TIME_FOUND","NO_PLAN_CREATED"
"/home/thomasverwaal/Robust-Rail-NL/mathematical-models/scenarios_solver_types_120/scenario_solver_33_trains_11_units8.json","Cost of next node: Cost = 2,910.3 : 2,911.58 | cr=49, dd=33, da=31, tlv=0, sm=66, rd=178.18, cd=0, um=0","Time elapsed: 4.22 seconds","/home/thomasverwaal/Robust-Rail-NL/mathematical-models/local_search_plans_discreet_120/plan_33_trains_11_units8.json"
"/home/thomasverwaal/Robust-Rail-NL/mathematical-models/scenarios_solver_types_120/scenario_solver_33_trains_11_units8.json","Cost of next node: Cost = 2,860.6 : 2,861.87 | cr=45, dd=33, da=31, tlv=0, sm=66, rd=178.18, cd=0, um=0","Time elapsed: 4.31 seconds","/home/thomasverwaal/Robust-Rail-NL/mathematical-models/local_search_plans_discreet_120/plan_33_trains_11_units8.json"
"/home/thomasverwaal/Robust-Rail-NL/mathematical-models/scenarios_solver_types_120/scenario_solver_33_trains_11_units8.json","Cost of next node: Cost = 2,839.9 : 2,841.23 | cr=42, dd=33, da=31, tlv=0, sm=66, rd=183.64, cd=0, um=0","Time elapsed: 4.38 seconds","/home/thomasverwaal/Robust-Rail-NL/mathematical-models/local_search_plans_discreet_120/plan_33_trains_11_units8.json"
"/home/thomasverwaal/Robust-Rail-NL/mathematical-models/scenarios_solver_types_120/scenario_solver_33_trains_11_units8.json","Cost of next node: Cost = 2,807.2 : 2,808.54 | cr=43, dd=33, da=30, tlv=0, sm=66, rd=179.09, cd=0, um=0","Time elapsed: 4.51 seconds","/home/thomasverwaal/Robust-Rail-NL/mathematical-models/local_search_plans_discreet_120/plan_33_trains_11_units8.json"
"/home/thomasverwaal/Robust-Rail-NL/mathematical-models/scenarios_solver_types_120/scenario_solver_33_trains_11_units8.json","Cost of next node: Cost = 2,780.6 : 2,786.93 | cr=39, dd=33, da=30, tlv=1, sm=66, rd=180.00, cd=0, um=0","Time elapsed: 4.63 seconds","/home/thomasverwaal/Robust-Rail-NL/mathematical-models/local_search_plans_discreet_120/plan_33_trains_11_units8.json"
"/home/thomasverwaal/Robust-Rail-NL/mathematical-models/scenarios_solver_types_120/scenario_solver_33_trains_11_units8.json","Cost of next node: Cost = 2,715.9 : 2,722.23 | cr=39, dd=33, da=27, tlv=1, sm=66, rd=176.36, cd=0, um=0","Time elapsed: 4.70 seconds","/home/thomasverwaal/Robust-Rail-NL/mathematical-models/local_search_plans_discreet_120/plan_33_trains_11_units8.json"
"/home/thomasverwaal/Robust-Rail-NL/mathematical-models/scenarios_solver_types_120/scenario_solver_33_trains_11_units8.json","Cost of next node: Cost = 2,678.4 : 2,689.70 | cr=33, dd=33, da=27, tlv=2, sm=66, rd=173.64, cd=0, um=0","Time elapsed: 4.80 seconds","/home/thomasverwaal/Robust-Rail-NL/mathematical-models/local_search_plans_discreet_120/plan_33_trains_11_units8.json"
"/home/thomasverwaal/Robust-Rail-NL/mathematical-models/scenarios_solver_types_120/scenario_solver_33_trains_11_units8.json","Cost of next node: Cost = 2,592.2 : 2,608.49 | cr=33, dd=33, da=22, tlv=3, sm=66, rd=169.09, cd=0, um=0","Time elapsed: 4.87 seconds","/home/thomasverwaal/Robust-Rail-NL/mathematical-models/local_search_plans_discreet_120/plan_33_trains_11_units8.json"
"/home/thomasverwaal/Robust-Rail-NL/mathematical-models/scenarios_solver_types_120/scenario_solver_33_trains_11_units8.json","Cost of next node: Cost = 2,546.5 : 2,567.84 | cr=33, dd=33, da=19, tlv=4, sm=66, rd=165.45, cd=0, um=0","Time elapsed: 5.08 seconds","/home/thomasverwaal/Robust-Rail-NL/mathematical-models/local_search_plans_discreet_120/plan_33_trains_11_units8.json"
"/home/thomasverwaal/Robust-Rail-NL/mathematical-models/scenarios_solver_types_120/scenario_solver_33_trains_11_units8.json","Cost of next node: Cost = 2,506.1 : 2,532.37 | cr=36, dd=33, da=15, tlv=5, sm=66, rd=166.36, cd=0, um=0","Time elapsed: 5.22 seconds","/home/thomasverwaal/Robust-Rail-NL/mathematical-models/local_search_plans_discreet_120/plan_33_trains_11_units8.json"
"/home/thomasverwaal/Robust-Rail-NL/mathematical-models/scenarios_solver_types_120/scenario_solver_33_trains_11_units8.json","Cost of next node: Cost = 2,484.2 : 2,510.47 | cr=36, dd=33, da=14, tlv=5, sm=66, rd=164.55, cd=0, um=0","Time elapsed: 5.29 seconds","/home/thomasverwaal/Robust-Rail-NL/mathematical-models/local_search_plans_discreet_120/plan_33_trains_11_units8.json"
"/home/thomasverwaal/Robust-Rail-NL/mathematical-models/scenarios_solver_types_120/scenario_solver_33_trains_11_units8.json","Cost of next node: Cost = 2,463.4 : 2,489.70 | cr=32, dd=33, da=15, tlv=5, sm=66, rd=168.18, cd=0, um=0","Time elapsed: 5.38 seconds","/home/thomasverwaal/Robust-Rail-NL/mathematical-models/local_search_plans_discreet_120/plan_33_trains_11_units8.json"
"/home/thomasverwaal/Robust-Rail-NL/mathematical-models/scenarios_solver_types_120/scenario_solver_33_trains_11_units8.json","Cost of next node: Cost = 2,443.3 : 2,474.59 | cr=30, dd=33, da=15, tlv=6, sm=66, rd=162.73, cd=0, um=0","Time elapsed: 5.54 seconds","/home/thomasverwaal/Robust-Rail-NL/mathematical-models/local_search_plans_discreet_120/plan_33_trains_11_units8.json"
"/home/thomasverwaal/Robust-Rail-NL/mathematical-models/scenarios_solver_types_120/scenario_solver_33_trains_11_units8.json","Cost of next node: Cost = 2,420.8 : 2,452.12 | cr=28, dd=33, da=15, tlv=6, sm=66, rd=160.91, cd=0, um=0","Time elapsed: 5.63 seconds","/home/thomasverwaal/Robust-Rail-NL/mathematical-models/local_search_plans_discreet_120/plan_33_trains_11_units8.json"
"/home/thomasverwaal/Robust-Rail-NL/mathematical-models/scenarios_solver_types_120/scenario_solver_33_trains_11_units8.json","Cost of next node: Cost = 2,371.7 : 2,408.03 | cr=24, dd=33, da=14, tlv=7, sm=66, rd=157.27, cd=0, um=0","Time elapsed: 5.84 seconds","/home/thomasverwaal/Robust-Rail-NL/mathematical-models/local_search_plans_discreet_120/plan_33_trains_11_units8.json"
"/home/thomasverwaal/Robust-Rail-NL/mathematical-models/scenarios_solver_types_120/scenario_solver_33_trains_11_units8.json","Cost of next node: Cost = 2,350.1 : 2,391.46 | cr=23, dd=33, da=14, tlv=8, sm=66, rd=150.00, cd=0, um=0","Time elapsed: 6.08 seconds","/home/thomasverwaal/Robust-Rail-NL/mathematical-models/local_search_plans_discreet_120/plan_33_trains_11_units8.json"
"/home/thomasverwaal/Robust-Rail-NL/mathematical-models/scenarios_solver_types_120/scenario_solver_33_trains_11_units8.json","Cost of next node: Cost = 2,328.4 : 2,369.69 | cr=23, dd=33, da=13, tlv=8, sm=66, rd=146.36, cd=0, um=0","Time elapsed: 6.31 seconds","/home/thomasverwaal/Robust-Rail-NL/mathematical-models/local_search_plans_discreet_120/plan_33_trains_11_units8.json"
"/home/thomasverwaal/Robust-Rail-NL/mathematical-models/scenarios_solver_types_120/scenario_solver_33_trains_11_units8.json","Cost of next node: Cost = 2,308.0 : 2,354.36 | cr=17, dd=33, da=13, tlv=9, sm=66, rd=151.82, cd=0, um=0","Time elapsed: 6.64 seconds","/home/thomasverwaal/Robust-Rail-NL/mathematical-models/local_search_plans_discreet_120/plan_33_trains_11_units8.json"
"/home/thomasverwaal/Robust-Rail-NL/mathematical-models/scenarios_solver_types_120/scenario_solver_33_trains_11_units8.json","Cost of next node: Cost = 2,282.0 : 2,333.35 | cr=18, dd=33, da=12, tlv=10, sm=66, rd=142.73, cd=0, um=0","Time elapsed: 7.05 seconds","/home/thomasverwaal/Robust-Rail-NL/mathematical-models/local_search_plans_discreet_120/plan_33_trains_11_units8.json"
"/home/thomasverwaal/Robust-Rail-NL/mathematical-models/scenarios_solver_types_120/scenario_solver_33_trains_11_units8.json","Cost of next node: Cost = 2,261.6 : 2,317.89 | cr=16, dd=33, da=12, tlv=11, sm=66, rd=139.09, cd=0, um=0","Time elapsed: 7.63 seconds","/home/thomasverwaal/Robust-Rail-NL/mathematical-models/local_search_plans_discreet_120/plan_33_trains_11_units8.json"
"/home/thomasverwaal/Robust-Rail-NL/mathematical-models/scenarios_solver_types_120/scenario_solver_33_trains_11_units8.json","Cost of next node: Cost = 2,239.4 : 2,290.70 | cr=14, dd=33, da=12, tlv=10, sm=66, rd=145.45, cd=0, um=0","Time elapsed: 8.45 seconds","/home/thomasverwaal/Robust-Rail-NL/mathematical-models/local_search_plans_discreet_120/plan_33_trains_11_units8.json"
"/home/thomasverwaal/Robust-Rail-NL/mathematical-models/scenarios_solver_types_120/scenario_solver_33_trains_11_units8.json","Cost of next node: Cost = 2,214.6 : 2,270.89 | cr=12, dd=33, da=12, tlv=11, sm=66, rd=138.18, cd=0, um=0","Time elapsed: 8.92 seconds","/home/thomasverwaal/Robust-Rail-NL/mathematical-models/local_search_plans_discreet_120/plan_33_trains_11_units8.json"
"/home/thomasverwaal/Robust-Rail-NL/mathematical-models/scenarios_solver_types_120/scenario_solver_33_trains_11_units8.json","Cost of next node: Cost = 2,161.9 : 2,218.21 | cr=13, dd=32, da=12, tlv=11, sm=66, rd=129.09, cd=0, um=0","Time elapsed: 9.02 seconds","/home/thomasverwaal/Robust-Rail-NL/mathematical-models/local_search_plans_discreet_120/plan_33_trains_11_units8.json"
"/home/thomasverwaal/Robust-Rail-NL/mathematical-models/scenarios_solver_types_120/scenario_solver_33_trains_11_units8.json","Cost of next node: Cost = 1,886.3 : 1,942.66 | cr=16, dd=26, da=12, tlv=11, sm=66, rd=121.82, cd=0, um=0","Time elapsed: 9.12 seconds","/home/thomasverwaal/Robust-Rail-NL/mathematical-models/local_search_plans_discreet_120/plan_33_trains_11_units8.json"
"/home/thomasverwaal/Robust-Rail-NL/mathematical-models/scenarios_solver_types_120/scenario_solver_33_trains_11_units8.json","Cost of next node: Cost = 1,861.2 : 1,917.56 | cr=18, dd=25, da=12, tlv=11, sm=66, rd=121.82, cd=0, um=0","Time elapsed: 9.26 seconds","/home/thomasverwaal/Robust-Rail-NL/mathematical-models/local_search_plans_discreet_120/plan_33_trains_11_units8.json"
"/home/thomasverwaal/Robust-Rail-NL/mathematical-models/scenarios_solver_types_120/scenario_solver_33_trains_11_units8.json","Cost of next node: Cost = 1,811.4 : 1,867.69 | cr=18, dd=24, da=12, tlv=11, sm=66, rd=121.82, cd=0, um=0","Time elapsed: 9.36 seconds","/home/thomasverwaal/Robust-Rail-NL/mathematical-models/local_search_plans_discreet_120/plan_33_trains_11_units8.json"
"/home/thomasverwaal/Robust-Rail-NL/mathematical-models/scenarios_solver_types_120/scenario_solver_33_trains_11_units8.json","Cost of next node: Cost = 1,712.3 : 1,768.65 | cr=18, dd=22, da=12, tlv=11, sm=66, rd=120.91, cd=0, um=0","Time elapsed: 9.44 seconds","/home/thomasverwaal/Robust-Rail-NL/mathematical-models/local_search_plans_discreet_120/plan_33_trains_11_units8.json"
"/home/thomasverwaal/Robust-Rail-NL/mathematical-models/scenarios_solver_types_120/scenario_solver_33_trains_11_units8.json","Cost of next node: Cost = 1,660.5 : 1,716.80 | cr=18, dd=21, da=12, tlv=11, sm=66, rd=120.00, cd=0, um=0","Time elapsed: 9.55 seconds","/home/thomasverwaal/Robust-Rail-NL/mathematical-models/local_search_plans_discreet_120/plan_33_trains_11_units8.json"
"/home/thomasverwaal/Robust-Rail-NL/mathematical-models/scenarios_solver_types_120/scenario_solver_33_trains_11_units8.json","Cost of next node: Cost = 1,625.9 : 1,687.26 | cr=15, dd=21, da=11, tlv=12, sm=66, rd=118.18, cd=0, um=0","Time elapsed: 9.88 seconds","/home/thomasverwaal/Robust-Rail-NL/mathematical-models/local_search_plans_discreet_120/plan_33_trains_11_units8.json"
"/home/thomasverwaal/Robust-Rail-NL/mathematical-models/scenarios_solver_types_120/scenario_solver_33_trains_11_units8.json","Cost of next node: Cost = 1,599.9 : 1,666.23 | cr=15, dd=21, da=9, tlv=13, sm=66, rd=112.73, cd=0, um=0","Time elapsed: 10.16 seconds","/home/thomasverwaal/Robust-Rail-NL/mathematical-models/local_search_plans_discreet_120/plan_33_trains_11_units8.json"
"/home/thomasverwaal/Robust-Rail-NL/mathematical-models/scenarios_solver_types_120/scenario_solver_33_trains_11_units8.json","Cost of next node: Cost = 1,554.0 : 1,625.28 | cr=14, dd=20, da=9, tlv=14, sm=66, rd=110.91, cd=0, um=0","Time elapsed: 10.43 seconds","/home/thomasverwaal/Robust-Rail-NL/mathematical-models/local_search_plans_discreet_120/plan_33_trains_11_units8.json"
"/home/thomasverwaal/Robust-Rail-NL/mathematical-models/scenarios_solver_types_120/scenario_solver_33_trains_11_units8.json","Cost of next node: Cost = 1,503.4 : 1,574.69 | cr=14, dd=19, da=9, tlv=14, sm=66, rd=109.09, cd=0, um=0","Time elapsed: 10.75 seconds","/home/thomasverwaal/Robust-Rail-NL/mathematical-models/local_search_plans_discreet_120/plan_33_trains_11_units8.json"
"/home/thomasverwaal/Robust-Rail-NL/mathematical-models/scenarios_solver_types_120/scenario_solver_33_trains_11_units8.json","Cost of next node: Cost = 1,478.2 : 1,554.51 | cr=15, dd=18, da=9, tlv=15, sm=66, rd=107.27, cd=0, um=0","Time elapsed: 11.03 seconds","/home/thomasverwaal/Robust-Rail-NL/mathematical-models/local_search_plans_discreet_120/plan_33_trains_11_units8.json"
"/home/thomasverwaal/Robust-Rail-NL/mathematical-models/scenarios_solver_types_120/scenario_solver_33_trains_11_units8.json","Cost of next node: Cost = 1,453.2 : 1,524.51 | cr=14, dd=18, da=9, tlv=14, sm=66, rd=109.09, cd=0, um=0","Time elapsed: 11.13 seconds","/home/thomasverwaal/Robust-Rail-NL/mathematical-models/local_search_plans_discreet_120/plan_33_trains_11_units8.json"
"/home/thomasverwaal/Robust-Rail-NL/mathematical-models/scenarios_solver_types_120/scenario_solver_33_trains_11_units8.json","Cost of next node: Cost = 1,390.9 : 1,467.19 | cr=11, dd=17, da=9, tlv=15, sm=66, rd=105.45, cd=0, um=0","Time elapsed: 11.36 seconds","/home/thomasverwaal/Robust-Rail-NL/mathematical-models/local_search_plans_discreet_120/plan_33_trains_11_units8.json"
"/home/thomasverwaal/Robust-Rail-NL/mathematical-models/scenarios_solver_types_120/scenario_solver_33_trains_11_units8.json","Cost of next node: Cost = 1,296.8 : 1,373.14 | cr=17, dd=14, da=9, tlv=15, sm=66, rd=101.82, cd=0, um=0","Time elapsed: 11.45 seconds","/home/thomasverwaal/Robust-Rail-NL/mathematical-models/local_search_plans_discreet_120/plan_33_trains_11_units8.json"
"/home/thomasverwaal/Robust-Rail-NL/mathematical-models/scenarios_solver_types_120/scenario_solver_33_trains_11_units8.json","Cost of next node: Cost = 1,271.8 : 1,343.14 | cr=16, dd=14, da=9, tlv=14, sm=66, rd=103.64, cd=0, um=0","Time elapsed: 11.70 seconds","/home/thomasverwaal/Robust-Rail-NL/mathematical-models/local_search_plans_discreet_120/plan_33_trains_11_units8.json"
"/home/thomasverwaal/Robust-Rail-NL/mathematical-models/scenarios_solver_types_120/scenario_solver_33_trains_11_units8.json","Cost of next node: Cost = 1,211.4 : 1,287.67 | cr=21, dd=12, da=8, tlv=15, sm=66, rd=98.18, cd=0, um=0","Time elapsed: 11.90 seconds","/home/thomasverwaal/Robust-Rail-NL/mathematical-models/local_search_plans_discreet_120/plan_33_trains_11_units8.json"
"/home/thomasverwaal/Robust-Rail-NL/mathematical-models/scenarios_solver_types_120/scenario_solver_33_trains_11_units8.json","Cost of next node: Cost = 948.2 : 1,024.49 | cr=21, dd=8, da=5, tlv=15, sm=66, rd=94.55, cd=0, um=0","Time elapsed: 12.19 seconds","/home/thomasverwaal/Robust-Rail-NL/mathematical-models/local_search_plans_discreet_120/plan_33_trains_11_units8.json"
"/home/thomasverwaal/Robust-Rail-NL/mathematical-models/scenarios_solver_types_120/scenario_solver_33_trains_11_units8.json","Cost of next node: Cost = 923.2 : 1,004.49 | cr=17, dd=8, da=5, tlv=16, sm=66, rd=92.73, cd=0, um=0","Time elapsed: 12.40 seconds","/home/thomasverwaal/Robust-Rail-NL/mathematical-models/local_search_plans_discreet_120/plan_33_trains_11_units8.json"
"/home/thomasverwaal/Robust-Rail-NL/mathematical-models/scenarios_solver_types_120/scenario_solver_33_trains_11_units8.json","Cost of next node: Cost = 873.1 : 954.45 | cr=17, dd=7, da=5, tlv=16, sm=66, rd=92.73, cd=0, um=0","Time elapsed: 12.53 seconds","/home/thomasverwaal/Robust-Rail-NL/mathematical-models/local_search_plans_discreet_120/plan_33_trains_11_units8.json"
"/home/thomasverwaal/Robust-Rail-NL/mathematical-models/scenarios_solver_types_120/scenario_solver_33_trains_11_units8.json","Cost of next node: Cost = 819.5 : 905.79 | cr=17, dd=6, da=4, tlv=17, sm=66, rd=89.09, cd=0, um=0","Time elapsed: 12.87 seconds","/home/thomasverwaal/Robust-Rail-NL/mathematical-models/local_search_plans_discreet_120/plan_33_trains_11_units8.json"
"/home/thomasverwaal/Robust-Rail-NL/mathematical-models/scenarios_solver_types_120/scenario_solver_33_trains_11_units8.json","Cost of next node: Cost = 672.6 : 763.92 | cr=15, dd=4, da=2, tlv=18, sm=66, rd=83.64, cd=0, um=0","Time elapsed: 13.21 seconds","/home/thomasverwaal/Robust-Rail-NL/mathematical-models/local_search_plans_discreet_120/plan_33_trains_11_units8.json"
"/home/thomasverwaal/Robust-Rail-NL/mathematical-models/scenarios_solver_types_120/scenario_solver_33_trains_11_units8.json","Cost of next node: Cost = 620.0 : 716.32 | cr=15, dd=3, da=1, tlv=19, sm=66, rd=80.00, cd=0, um=0","Time elapsed: 13.46 seconds","/home/thomasverwaal/Robust-Rail-NL/mathematical-models/local_search_plans_discreet_120/plan_33_trains_11_units8.json"
"/home/thomasverwaal/Robust-Rail-NL/mathematical-models/scenarios_solver_types_120/scenario_solver_33_trains_11_units8.json","Cost of next node: Cost = 523.9 : 625.22 | cr=15, dd=1, da=1, tlv=20, sm=66, rd=70.91, cd=0, um=0","Time elapsed: 13.72 seconds","/home/thomasverwaal/Robust-Rail-NL/mathematical-models/local_search_plans_discreet_120/plan_33_trains_11_units8.json"
"/home/thomasverwaal/Robust-Rail-NL/mathematical-models/scenarios_solver_types_120/scenario_solver_33_trains_11_units8.json","Cost of next node: Cost = 486.5 : 582.82 | cr=15, dd=1, da=0, tlv=19, sm=66, rd=70.91, cd=0, um=0","Time elapsed: 14.10 seconds","/home/thomasverwaal/Robust-Rail-NL/mathematical-models/local_search_plans_discreet_120/plan_33_trains_11_units8.json"
"/home/thomasverwaal/Robust-Rail-NL/mathematical-models/scenarios_solver_types_120/scenario_solver_33_trains_11_units8.json","Cost of next node: Cost = 450.0 : 551.32 | cr=15, dd=0, da=0, tlv=20, sm=66, rd=69.09, cd=0, um=0","Time elapsed: 14.40 seconds","/home/thomasverwaal/Robust-Rail-NL/mathematical-models/local_search_plans_discreet_120/plan_33_trains_11_units8.json"
"/home/thomasverwaal/Robust-Rail-NL/mathematical-models/scenarios_solver_types_120/scenario_solver_33_trains_11_units8.json","Cost of next node: Cost = 425.0 : 521.32 | cr=14, dd=0, da=0, tlv=19, sm=66, rd=69.09, cd=0, um=0","Time elapsed: 14.73 seconds","/home/thomasverwaal/Robust-Rail-NL/mathematical-models/local_search_plans_discreet_120/plan_33_trains_11_units8.json"
"/home/thomasverwaal/Robust-Rail-NL/mathematical-models/scenarios_solver_types_120/scenario_solver_33_trains_11_units8.json","Cost of next node: Cost = 410.0 : 501.32 | cr=14, dd=0, da=0, tlv=18, sm=66, rd=70.91, cd=0, um=0","Time elapsed: 20.20 seconds","/home/thomasverwaal/Robust-Rail-NL/mathematical-models/local_search_plans_discreet_120/plan_33_trains_11_units8.json"
"/home/thomasverwaal/Robust-Rail-NL/mathematical-models/scenarios_solver_types_120/scenario_solver_33_trains_11_units8.json","Cost of next node: Cost = 395.0 : 481.32 | cr=14, dd=0, da=0, tlv=17, sm=66, rd=72.73, cd=0, um=0","Time elapsed: 25.57 seconds","/home/thomasverwaal/Robust-Rail-NL/mathematical-models/local_search_plans_discreet_120/plan_33_trains_11_units8.json"
"/home/thomasverwaal/Robust-Rail-NL/mathematical-models/scenarios_solver_types_120/scenario_solver_33_trains_11_units8.json","Cost of next node: Cost = 385.0 : 471.32 | cr=13, dd=0, da=0, tlv=17, sm=66, rd=72.73, cd=0, um=0","Time elapsed: 30.98 seconds","/home/thomasverwaal/Robust-Rail-NL/mathematical-models/local_search_plans_discreet_120/plan_33_trains_11_units8.json"
"/home/thomasverwaal/Robust-Rail-NL/mathematical-models/scenarios_solver_types_120/scenario_solver_33_trains_11_units8.json","Cost of next node: Cost = 370.0 : 451.32 | cr=13, dd=0, da=0, tlv=16, sm=66, rd=74.55, cd=0, um=0","Time elapsed: 35.37 seconds","/home/thomasverwaal/Robust-Rail-NL/mathematical-models/local_search_plans_discreet_120/plan_33_trains_11_units8.json"
"/home/thomasverwaal/Robust-Rail-NL/mathematical-models/scenarios_solver_types_120/scenario_solver_33_trains_11_units8.json","Cost of next node: Cost = 360.0 : 441.32 | cr=12, dd=0, da=0, tlv=16, sm=66, rd=74.55, cd=0, um=0","Time elapsed: 40.02 seconds","/home/thomasverwaal/Robust-Rail-NL/mathematical-models/local_search_plans_discreet_120/plan_33_trains_11_units8.json"
"/home/thomasverwaal/Robust-Rail-NL/mathematical-models/scenarios_solver_types_120/scenario_solver_33_trains_11_units8.json","Cost of next node: Cost = 350.0 : 431.32 | cr=11, dd=0, da=0, tlv=16, sm=66, rd=74.55, cd=0, um=0","Time elapsed: 44.00 seconds","/home/thomasverwaal/Robust-Rail-NL/mathematical-models/local_search_plans_discreet_120/plan_33_trains_11_units8.json"
"/home/thomasverwaal/Robust-Rail-NL/mathematical-models/scenarios_solver_types_120/scenario_solver_33_trains_11_units8.json","Cost of next node: Cost = 340.0 : 421.32 | cr=10, dd=0, da=0, tlv=16, sm=66, rd=74.55, cd=0, um=0","Time elapsed: 47.30 seconds","/home/thomasverwaal/Robust-Rail-NL/mathematical-models/local_search_plans_discreet_120/plan_33_trains_11_units8.json"
"/home/thomasverwaal/Robust-Rail-NL/mathematical-models/scenarios_solver_types_120/scenario_solver_33_trains_11_units8.json","Cost of next node: Cost = 325.0 : 401.32 | cr=10, dd=0, da=0, tlv=15, sm=66, rd=76.36, cd=0, um=0","Time elapsed: 50.12 seconds","/home/thomasverwaal/Robust-Rail-NL/mathematical-models/local_search_plans_discreet_120/plan_33_trains_11_units8.json"
"/home/thomasverwaal/Robust-Rail-NL/mathematical-models/scenarios_solver_types_120/scenario_solver_33_trains_11_units8.json","Cost of next node: Cost = 315.0 : 391.32 | cr=9, dd=0, da=0, tlv=15, sm=66, rd=76.36, cd=0, um=0","Time elapsed: 53.14 seconds","/home/thomasverwaal/Robust-Rail-NL/mathematical-models/local_search_plans_discreet_120/plan_33_trains_11_units8.json"
"/home/thomasverwaal/Robust-Rail-NL/mathematical-models/scenarios_solver_types_120/scenario_solver_33_trains_11_units8.json","Cost of next node: Cost = 305.0 : 381.32 | cr=8, dd=0, da=0, tlv=15, sm=66, rd=76.36, cd=0, um=0","Time elapsed: 55.51 seconds","/home/thomasverwaal/Robust-Rail-NL/mathematical-models/local_search_plans_discreet_120/plan_33_trains_11_units8.json"
"/home/thomasverwaal/Robust-Rail-NL/mathematical-models/scenarios_solver_types_120/scenario_solver_33_trains_11_units8.json","Cost of next node: Cost = 295.0 : 371.32 | cr=7, dd=0, da=0, tlv=15, sm=66, rd=76.36, cd=0, um=0","Time elapsed: 57.59 seconds","/home/thomasverwaal/Robust-Rail-NL/mathematical-models/local_search_plans_discreet_120/plan_33_trains_11_units8.json"
"/home/thomasverwaal/Robust-Rail-NL/mathematical-models/scenarios_solver_types_120/scenario_solver_33_trains_11_units8.json","Cost of next node: Cost = 285.0 : 361.32 | cr=6, dd=0, da=0, tlv=15, sm=66, rd=76.36, cd=0, um=0","Time elapsed: 59.26 seconds","/home/thomasverwaal/Robust-Rail-NL/mathematical-models/local_search_plans_discreet_120/plan_33_trains_11_units8.json"
"/home/thomasverwaal/Robust-Rail-NL/mathematical-models/scenarios_solver_types_120/scenario_solver_33_trains_11_units8.json","Cost of next node: Cost = 275.0 : 351.32 | cr=5, dd=0, da=0, tlv=15, sm=66, rd=76.36, cd=0, um=0","Time elapsed: 60.61 seconds","/home/thomasverwaal/Robust-Rail-NL/mathematical-models/local_search_plans_discreet_120/plan_33_trains_11_units8.json"
"/home/thomasverwaal/Robust-Rail-NL/mathematical-models/scenarios_solver_types_120/scenario_solver_33_trains_11_units8.json","Cost of next node: Cost = 265.0 : 341.32 | cr=4, dd=0, da=0, tlv=15, sm=66, rd=76.36, cd=0, um=0","Time elapsed: 61.71 seconds","/home/thomasverwaal/Robust-Rail-NL/mathematical-models/local_search_plans_discreet_120/plan_33_trains_11_units8.json"
"/home/thomasverwaal/Robust-Rail-NL/mathematical-models/scenarios_solver_types_120/scenario_solver_33_trains_11_units8.json","Cost of next node: Cost = 255.0 : 331.32 | cr=3, dd=0, da=0, tlv=15, sm=66, rd=76.36, cd=0, um=0","Time elapsed: 104.80 seconds","/home/thomasverwaal/Robust-Rail-NL/mathematical-models/local_search_plans_discreet_120/plan_33_trains_11_units8.json"
"/home/thomasverwaal/Robust-Rail-NL/mathematical-models/scenarios_solver_types_120/scenario_solver_33_trains_11_units8.json","NO_COST_FOUND","NO_TIME_FOUND","NO_PLAN_CREATED"
"/home/thomasverwaal/Robust-Rail-NL/mathematical-models/scenarios_solver_types_120/scenario_solver_33_trains_11_units9.json","Cost of next node: Cost = 2,919.1 : 2,920.44 | cr=50, dd=33, da=31, tlv=0, sm=66, rd=188.18, cd=0, um=0","Time elapsed: 4.43 seconds","/home/thomasverwaal/Robust-Rail-NL/mathematical-models/local_search_plans_discreet_120/plan_33_trains_11_units9.json"
"/home/thomasverwaal/Robust-Rail-NL/mathematical-models/scenarios_solver_types_120/scenario_solver_33_trains_11_units9.json","Cost of next node: Cost = 2,864.2 : 2,870.51 | cr=49, dd=33, da=29, tlv=1, sm=66, rd=185.45, cd=0, um=0","Time elapsed: 4.53 seconds","/home/thomasverwaal/Robust-Rail-NL/mathematical-models/local_search_plans_discreet_120/plan_33_trains_11_units9.json"
"/home/thomasverwaal/Robust-Rail-NL/mathematical-models/scenarios_solver_types_120/scenario_solver_33_trains_11_units9.json","Cost of next node: Cost = 2,759.4 : 2,765.76 | cr=51, dd=33, da=23, tlv=1, sm=66, rd=179.09, cd=0, um=0","Time elapsed: 4.66 seconds","/home/thomasverwaal/Robust-Rail-NL/mathematical-models/local_search_plans_discreet_120/plan_33_trains_11_units9.json"
"/home/thomasverwaal/Robust-Rail-NL/mathematical-models/scenarios_solver_types_120/scenario_solver_33_trains_11_units9.json","Cost of next node: Cost = 2,615.9 : 2,627.22 | cr=48, dd=33, da=16, tlv=2, sm=66, rd=176.36, cd=0, um=0","Time elapsed: 4.82 seconds","/home/thomasverwaal/Robust-Rail-NL/mathematical-models/local_search_plans_discreet_120/plan_33_trains_11_units9.json"
"/home/thomasverwaal/Robust-Rail-NL/mathematical-models/scenarios_solver_types_120/scenario_solver_33_trains_11_units9.json","Cost of next node: Cost = 2,593.3 : 2,604.57 | cr=46, dd=33, da=16, tlv=2, sm=66, rd=175.45, cd=0, um=0","Time elapsed: 4.92 seconds","/home/thomasverwaal/Robust-Rail-NL/mathematical-models/local_search_plans_discreet_120/plan_33_trains_11_units9.json"
"/home/thomasverwaal/Robust-Rail-NL/mathematical-models/scenarios_solver_types_120/scenario_solver_33_trains_11_units9.json","Cost of next node: Cost = 2,572.9 : 2,589.18 | cr=46, dd=33, da=15, tlv=3, sm=66, rd=170.91, cd=0, um=0","Time elapsed: 5.12 seconds","/home/thomasverwaal/Robust-Rail-NL/mathematical-models/local_search_plans_discreet_120/plan_33_trains_11_units9.json"
"/home/thomasverwaal/Robust-Rail-NL/mathematical-models/scenarios_solver_types_120/scenario_solver_33_trains_11_units9.json","Cost of next node: Cost = 2,527.7 : 2,549.00 | cr=46, dd=33, da=12, tlv=4, sm=66, rd=167.27, cd=0, um=0","Time elapsed: 5.29 seconds","/home/thomasverwaal/Robust-Rail-NL/mathematical-models/local_search_plans_discreet_120/plan_33_trains_11_units9.json"
"/home/thomasverwaal/Robust-Rail-NL/mathematical-models/scenarios_solver_types_120/scenario_solver_33_trains_11_units9.json","Cost of next node: Cost = 2,504.8 : 2,526.09 | cr=44, dd=33, da=12, tlv=4, sm=66, rd=165.45, cd=0, um=0","Time elapsed: 5.52 seconds","/home/thomasverwaal/Robust-Rail-NL/mathematical-models/local_search_plans_discreet_120/plan_33_trains_11_units9.json"
"/home/thomasverwaal/Robust-Rail-NL/mathematical-models/scenarios_solver_types_120/scenario_solver_33_trains_11_units9.json","Cost of next node: Cost = 2,481.5 : 2,502.78 | cr=43, dd=33, da=12, tlv=4, sm=66, rd=161.82, cd=0, um=0","Time elapsed: 5.75 seconds","/home/thomasverwaal/Robust-Rail-NL/mathematical-models/local_search_plans_discreet_120/plan_33_trains_11_units9.json"
"/home/thomasverwaal/Robust-Rail-NL/mathematical-models/scenarios_solver_types_120/scenario_solver_33_trains_11_units9.json","Cost of next node: Cost = 2,456.5 : 2,482.78 | cr=39, dd=33, da=12, tlv=5, sm=66, rd=161.82, cd=0, um=0","Time elapsed: 5.95 seconds","/home/thomasverwaal/Robust-Rail-NL/mathematical-models/local_search_plans_discreet_120/plan_33_trains_11_units9.json"
"/home/thomasverwaal/Robust-Rail-NL/mathematical-models/scenarios_solver_types_120/scenario_solver_33_trains_11_units9.json","Cost of next node: Cost = 2,429.4 : 2,460.75 | cr=35, dd=33, da=12, tlv=6, sm=66, rd=160.00, cd=0, um=0","Time elapsed: 6.12 seconds","/home/thomasverwaal/Robust-Rail-NL/mathematical-models/local_search_plans_discreet_120/plan_33_trains_11_units9.json"
"/home/thomasverwaal/Robust-Rail-NL/mathematical-models/scenarios_solver_types_120/scenario_solver_33_trains_11_units9.json","Cost of next node: Cost = 2,389.7 : 2,421.00 | cr=29, dd=33, da=13, tlv=6, sm=66, rd=164.55, cd=0, um=0","Time elapsed: 6.47 seconds","/home/thomasverwaal/Robust-Rail-NL/mathematical-models/local_search_plans_discreet_120/plan_33_trains_11_units9.json"
"/home/thomasverwaal/Robust-Rail-NL/mathematical-models/scenarios_solver_types_120/scenario_solver_33_trains_11_units9.json","Cost of next node: Cost = 2,365.2 : 2,396.56 | cr=27, dd=33, da=13, tlv=6, sm=66, rd=162.73, cd=0, um=0","Time elapsed: 6.75 seconds","/home/thomasverwaal/Robust-Rail-NL/mathematical-models/local_search_plans_discreet_120/plan_33_trains_11_units9.json"
"/home/thomasverwaal/Robust-Rail-NL/mathematical-models/scenarios_solver_types_120/scenario_solver_33_trains_11_units9.json","Cost of next node: Cost = 2,339.6 : 2,375.92 | cr=26, dd=33, da=12, tlv=7, sm=66, rd=155.45, cd=0, um=0","Time elapsed: 7.16 seconds","/home/thomasverwaal/Robust-Rail-NL/mathematical-models/local_search_plans_discreet_120/plan_33_trains_11_units9.json"
"/home/thomasverwaal/Robust-Rail-NL/mathematical-models/scenarios_solver_types_120/scenario_solver_33_trains_11_units9.json","Cost of next node: Cost = 2,302.6 : 2,343.96 | cr=20, dd=33, da=12, tlv=8, sm=66, rd=157.27, cd=0, um=0","Time elapsed: 7.60 seconds","/home/thomasverwaal/Robust-Rail-NL/mathematical-models/local_search_plans_discreet_120/plan_33_trains_11_units9.json"
"/home/thomasverwaal/Robust-Rail-NL/mathematical-models/scenarios_solver_types_120/scenario_solver_33_trains_11_units9.json","Cost of next node: Cost = 2,275.5 : 2,321.82 | cr=19, dd=33, da=11, tlv=9, sm=66, rd=150.00, cd=0, um=0","Time elapsed: 8.06 seconds","/home/thomasverwaal/Robust-Rail-NL/mathematical-models/local_search_plans_discreet_120/plan_33_trains_11_units9.json"
"/home/thomasverwaal/Robust-Rail-NL/mathematical-models/scenarios_solver_types_120/scenario_solver_33_trains_11_units9.json","Cost of next node: Cost = 2,236.8 : 2,283.15 | cr=18, dd=33, da=10, tlv=9, sm=66, rd=146.36, cd=0, um=0","Time elapsed: 8.51 seconds","/home/thomasverwaal/Robust-Rail-NL/mathematical-models/local_search_plans_discreet_120/plan_33_trains_11_units9.json"
"/home/thomasverwaal/Robust-Rail-NL/mathematical-models/scenarios_solver_types_120/scenario_solver_33_trains_11_units9.json","Cost of next node: Cost = 2,211.8 : 2,253.15 | cr=17, dd=33, da=10, tlv=8, sm=66, rd=146.36, cd=0, um=0","Time elapsed: 8.68 seconds","/home/thomasverwaal/Robust-Rail-NL/mathematical-models/local_search_plans_discreet_120/plan_33_trains_11_units9.json"
"/home/thomasverwaal/Robust-Rail-NL/mathematical-models/scenarios_solver_types_120/scenario_solver_33_trains_11_units9.json","Cost of next node: Cost = 2,182.2 : 2,228.48 | cr=16, dd=33, da=9, tlv=9, sm=66, rd=139.09, cd=0, um=0","Time elapsed: 9.14 seconds","/home/thomasverwaal/Robust-Rail-NL/mathematical-models/local_search_plans_discreet_120/plan_33_trains_11_units9.json"
"/home/thomasverwaal/Robust-Rail-NL/mathematical-models/scenarios_solver_types_120/scenario_solver_33_trains_11_units9.json","Cost of next node: Cost = 2,157.9 : 2,209.18 | cr=17, dd=33, da=7, tlv=10, sm=66, rd=138.18, cd=0, um=0","Time elapsed: 9.66 seconds","/home/thomasverwaal/Robust-Rail-NL/mathematical-models/local_search_plans_discreet_120/plan_33_trains_11_units9.json"
"/home/thomasverwaal/Robust-Rail-NL/mathematical-models/scenarios_solver_types_120/scenario_solver_33_trains_11_units9.json","Cost of next node: Cost = 2,130.4 : 2,181.75 | cr=17, dd=33, da=6, tlv=10, sm=66, rd=130.91, cd=0, um=0","Time elapsed: 10.34 seconds","/home/thomasverwaal/Robust-Rail-NL/mathematical-models/local_search_plans_discreet_120/plan_33_trains_11_units9.json"
"/home/thomasverwaal/Robust-Rail-NL/mathematical-models/scenarios_solver_types_120/scenario_solver_33_trains_11_units9.json","Cost of next node: Cost = 2,005.8 : 2,062.13 | cr=16, dd=31, da=5, tlv=11, sm=66, rd=121.82, cd=0, um=0","Time elapsed: 10.88 seconds","/home/thomasverwaal/Robust-Rail-NL/mathematical-models/local_search_plans_discreet_120/plan_33_trains_11_units9.json"
"/home/thomasverwaal/Robust-Rail-NL/mathematical-models/scenarios_solver_types_120/scenario_solver_33_trains_11_units9.json","Cost of next node: Cost = 1,975.8 : 2,032.13 | cr=13, dd=31, da=5, tlv=11, sm=66, rd=121.82, cd=0, um=0","Time elapsed: 10.94 seconds","/home/thomasverwaal/Robust-Rail-NL/mathematical-models/local_search_plans_discreet_120/plan_33_trains_11_units9.json"
"/home/thomasverwaal/Robust-Rail-NL/mathematical-models/scenarios_solver_types_120/scenario_solver_33_trains_11_units9.json","Cost of next node: Cost = 1,783.8 : 1,840.11 | cr=19, dd=26, da=5, tlv=11, sm=66, rd=117.27, cd=0, um=0","Time elapsed: 11.08 seconds","/home/thomasverwaal/Robust-Rail-NL/mathematical-models/local_search_plans_discreet_120/plan_33_trains_11_units9.json"
"/home/thomasverwaal/Robust-Rail-NL/mathematical-models/scenarios_solver_types_120/scenario_solver_33_trains_11_units9.json","Cost of next node: Cost = 1,758.7 : 1,820.03 | cr=20, dd=25, da=5, tlv=12, sm=66, rd=113.64, cd=0, um=0","Time elapsed: 11.31 seconds","/home/thomasverwaal/Robust-Rail-NL/mathematical-models/local_search_plans_discreet_120/plan_33_trains_11_units9.json"
"/home/thomasverwaal/Robust-Rail-NL/mathematical-models/scenarios_solver_types_120/scenario_solver_33_trains_11_units9.json","Cost of next node: Cost = 1,718.7 : 1,780.06 | cr=21, dd=24, da=5, tlv=12, sm=66, rd=113.64, cd=0, um=0","Time elapsed: 11.40 seconds","/home/thomasverwaal/Robust-Rail-NL/mathematical-models/local_search_plans_discreet_120/plan_33_trains_11_units9.json"
"/home/thomasverwaal/Robust-Rail-NL/mathematical-models/scenarios_solver_types_120/scenario_solver_33_trains_11_units9.json","Cost of next node: Cost = 1,673.9 : 1,735.20 | cr=19, dd=24, da=4, tlv=12, sm=66, rd=109.09, cd=0, um=0","Time elapsed: 12.21 seconds","/home/thomasverwaal/Robust-Rail-NL/mathematical-models/local_search_plans_discreet_120/plan_33_trains_11_units9.json"
"/home/thomasverwaal/Robust-Rail-NL/mathematical-models/scenarios_solver_types_120/scenario_solver_33_trains_11_units9.json","Cost of next node: Cost = 1,582.6 : 1,643.94 | cr=20, dd=22, da=4, tlv=12, sm=66, rd=105.45, cd=0, um=0","Time elapsed: 12.32 seconds","/home/thomasverwaal/Robust-Rail-NL/mathematical-models/local_search_plans_discreet_120/plan_33_trains_11_units9.json"
"/home/thomasverwaal/Robust-Rail-NL/mathematical-models/scenarios_solver_types_120/scenario_solver_33_trains_11_units9.json","Cost of next node: Cost = 1,477.2 : 1,543.48 | cr=20, dd=20, da=3, tlv=13, sm=66, rd=98.18, cd=0, um=0","Time elapsed: 12.80 seconds","/home/thomasverwaal/Robust-Rail-NL/mathematical-models/local_search_plans_discreet_120/plan_33_trains_11_units9.json"
"/home/thomasverwaal/Robust-Rail-NL/mathematical-models/scenarios_solver_types_120/scenario_solver_33_trains_11_units9.json","Cost of next node: Cost = 1,388.6 : 1,459.92 | cr=17, dd=19, da=2, tlv=14, sm=66, rd=94.55, cd=0, um=0","Time elapsed: 13.08 seconds","/home/thomasverwaal/Robust-Rail-NL/mathematical-models/local_search_plans_discreet_120/plan_33_trains_11_units9.json"
"/home/thomasverwaal/Robust-Rail-NL/mathematical-models/scenarios_solver_types_120/scenario_solver_33_trains_11_units9.json","Cost of next node: Cost = 1,315.3 : 1,386.59 | cr=19, dd=17, da=2, tlv=14, sm=66, rd=94.55, cd=0, um=0","Time elapsed: 13.13 seconds","/home/thomasverwaal/Robust-Rail-NL/mathematical-models/local_search_plans_discreet_120/plan_33_trains_11_units9.json"
"/home/thomasverwaal/Robust-Rail-NL/mathematical-models/scenarios_solver_types_120/scenario_solver_33_trains_11_units9.json","Cost of next node: Cost = 985.0 : 1,061.32 | cr=17, dd=11, da=1, tlv=15, sm=66, rd=87.27, cd=0, um=0","Time elapsed: 13.48 seconds","/home/thomasverwaal/Robust-Rail-NL/mathematical-models/local_search_plans_discreet_120/plan_33_trains_11_units9.json"
"/home/thomasverwaal/Robust-Rail-NL/mathematical-models/scenarios_solver_types_120/scenario_solver_33_trains_11_units9.json","Cost of next node: Cost = 451.5 : 532.82 | cr=16, dd=1, da=0, tlv=16, sm=66, rd=76.36, cd=0, um=0","Time elapsed: 13.83 seconds","/home/thomasverwaal/Robust-Rail-NL/mathematical-models/local_search_plans_discreet_120/plan_33_trains_11_units9.json"
"/home/thomasverwaal/Robust-Rail-NL/mathematical-models/scenarios_solver_types_120/scenario_solver_33_trains_11_units9.json","Cost of next node: Cost = 415.0 : 501.32 | cr=16, dd=0, da=0, tlv=17, sm=66, rd=74.55, cd=0, um=0","Time elapsed: 14.10 seconds","/home/thomasverwaal/Robust-Rail-NL/mathematical-models/local_search_plans_discreet_120/plan_33_trains_11_units9.json"
"/home/thomasverwaal/Robust-Rail-NL/mathematical-models/scenarios_solver_types_120/scenario_solver_33_trains_11_units9.json","Cost of next node: Cost = 390.0 : 471.32 | cr=15, dd=0, da=0, tlv=16, sm=66, rd=76.36, cd=0, um=0","Time elapsed: 14.22 seconds","/home/thomasverwaal/Robust-Rail-NL/mathematical-models/local_search_plans_discreet_120/plan_33_trains_11_units9.json"
"/home/thomasverwaal/Robust-Rail-NL/mathematical-models/scenarios_solver_types_120/scenario_solver_33_trains_11_units9.json","Cost of next node: Cost = 375.0 : 451.32 | cr=15, dd=0, da=0, tlv=15, sm=66, rd=78.18, cd=0, um=0","Time elapsed: 17.92 seconds","/home/thomasverwaal/Robust-Rail-NL/mathematical-models/local_search_plans_discreet_120/plan_33_trains_11_units9.json"
"/home/thomasverwaal/Robust-Rail-NL/mathematical-models/scenarios_solver_types_120/scenario_solver_33_trains_11_units9.json","Cost of next node: Cost = 355.0 : 431.32 | cr=13, dd=0, da=0, tlv=15, sm=66, rd=76.36, cd=0, um=0","Time elapsed: 21.27 seconds","/home/thomasverwaal/Robust-Rail-NL/mathematical-models/local_search_plans_discreet_120/plan_33_trains_11_units9.json"
"/home/thomasverwaal/Robust-Rail-NL/mathematical-models/scenarios_solver_types_120/scenario_solver_33_trains_11_units9.json","Cost of next node: Cost = 345.0 : 421.32 | cr=12, dd=0, da=0, tlv=15, sm=66, rd=76.36, cd=0, um=0","Time elapsed: 24.20 seconds","/home/thomasverwaal/Robust-Rail-NL/mathematical-models/local_search_plans_discreet_120/plan_33_trains_11_units9.json"
"/home/thomasverwaal/Robust-Rail-NL/mathematical-models/scenarios_solver_types_120/scenario_solver_33_trains_11_units9.json","Cost of next node: Cost = 335.0 : 411.32 | cr=11, dd=0, da=0, tlv=15, sm=66, rd=76.36, cd=0, um=0","Time elapsed: 26.89 seconds","/home/thomasverwaal/Robust-Rail-NL/mathematical-models/local_search_plans_discreet_120/plan_33_trains_11_units9.json"
"/home/thomasverwaal/Robust-Rail-NL/mathematical-models/scenarios_solver_types_120/scenario_solver_33_trains_11_units9.json","Cost of next node: Cost = 325.0 : 401.32 | cr=10, dd=0, da=0, tlv=15, sm=66, rd=76.36, cd=0, um=0","Time elapsed: 29.68 seconds","/home/thomasverwaal/Robust-Rail-NL/mathematical-models/local_search_plans_discreet_120/plan_33_trains_11_units9.json"
"/home/thomasverwaal/Robust-Rail-NL/mathematical-models/scenarios_solver_types_120/scenario_solver_33_trains_11_units9.json","Cost of next node: Cost = 315.0 : 391.32 | cr=9, dd=0, da=0, tlv=15, sm=66, rd=76.36, cd=0, um=0","Time elapsed: 38.39 seconds","/home/thomasverwaal/Robust-Rail-NL/mathematical-models/local_search_plans_discreet_120/plan_33_trains_11_units9.json"
"/home/thomasverwaal/Robust-Rail-NL/mathematical-models/scenarios_solver_types_120/scenario_solver_33_trains_11_units9.json","Cost of next node: Cost = 305.0 : 381.32 | cr=8, dd=0, da=0, tlv=15, sm=66, rd=76.36, cd=0, um=0","Time elapsed: 41.53 seconds","/home/thomasverwaal/Robust-Rail-NL/mathematical-models/local_search_plans_discreet_120/plan_33_trains_11_units9.json"
"/home/thomasverwaal/Robust-Rail-NL/mathematical-models/scenarios_solver_types_120/scenario_solver_33_trains_11_units9.json","Cost of next node: Cost = 295.0 : 371.32 | cr=7, dd=0, da=0, tlv=15, sm=66, rd=76.36, cd=0, um=0","Time elapsed: 44.64 seconds","/home/thomasverwaal/Robust-Rail-NL/mathematical-models/local_search_plans_discreet_120/plan_33_trains_11_units9.json"
"/home/thomasverwaal/Robust-Rail-NL/mathematical-models/scenarios_solver_types_120/scenario_solver_33_trains_11_units9.json","Cost of next node: Cost = 290.0 : 361.32 | cr=8, dd=0, da=0, tlv=14, sm=66, rd=80.00, cd=0, um=0","Time elapsed: 127.01 seconds","/home/thomasverwaal/Robust-Rail-NL/mathematical-models/local_search_plans_discreet_120/plan_33_trains_11_units9.json"
"/home/thomasverwaal/Robust-Rail-NL/mathematical-models/scenarios_solver_types_120/scenario_solver_33_trains_11_units9.json","Cost of next node: Cost = 280.0 : 351.32 | cr=7, dd=0, da=0, tlv=14, sm=66, rd=80.00, cd=0, um=0","Time elapsed: 130.25 seconds","/home/thomasverwaal/Robust-Rail-NL/mathematical-models/local_search_plans_discreet_120/plan_33_trains_11_units9.json"
"/home/thomasverwaal/Robust-Rail-NL/mathematical-models/scenarios_solver_types_120/scenario_solver_33_trains_11_units9.json","Cost of next node: Cost = 275.0 : 341.34 | cr=8, dd=0, da=0, tlv=13, sm=67, rd=82.39, cd=0, um=0","Time elapsed: 143.77 seconds","/home/thomasverwaal/Robust-Rail-NL/mathematical-models/local_search_plans_discreet_120/plan_33_trains_11_units9.json"
"/home/thomasverwaal/Robust-Rail-NL/mathematical-models/scenarios_solver_types_120/scenario_solver_33_trains_11_units9.json","Cost of next node: Cost = 265.0 : 331.34 | cr=7, dd=0, da=0, tlv=13, sm=67, rd=82.39, cd=0, um=0","Time elapsed: 205.84 seconds","/home/thomasverwaal/Robust-Rail-NL/mathematical-models/local_search_plans_discreet_120/plan_33_trains_11_units9.json"
"/home/thomasverwaal/Robust-Rail-NL/mathematical-models/scenarios_solver_types_120/scenario_solver_33_trains_11_units9.json","Cost of next node: Cost = 255.0 : 321.34 | cr=6, dd=0, da=0, tlv=13, sm=67, rd=84.18, cd=0, um=0","Time elapsed: 214.56 seconds","/home/thomasverwaal/Robust-Rail-NL/mathematical-models/local_search_plans_discreet_120/plan_33_trains_11_units9.json"
"/home/thomasverwaal/Robust-Rail-NL/mathematical-models/scenarios_solver_types_120/scenario_solver_33_trains_11_units9.json","NO_COST_FOUND","NO_TIME_FOUND","NO_PLAN_CREATED"
