scenario,cost_line,time_line,plan_file
"/home/thomasverwaal/Robust-Rail-NL/mathematical-models/scenarios_solver_types_120/scenario_solver_33_trains_11_units19.json","Cost of next node: Cost = 2,878.4 : 2,879.68 | cr=47, dd=33, da=31, tlv=0, sm=66, rd=176.36, cd=0, um=0","Time elapsed: 4.19 seconds","/home/thomasverwaal/Robust-Rail-NL/mathematical-models/local_search_plans_discreet_120/plan_33_trains_11_units19.json"
"/home/thomasverwaal/Robust-Rail-NL/mathematical-models/scenarios_solver_types_120/scenario_solver_33_trains_11_units19.json","Cost of next node: Cost = 2,857.1 : 2,858.45 | cr=45, dd=33, da=31, tlv=0, sm=66, rd=176.36, cd=0, um=0","Time elapsed: 4.26 seconds","/home/thomasverwaal/Robust-Rail-NL/mathematical-models/local_search_plans_discreet_120/plan_33_trains_11_units19.json"
"/home/thomasverwaal/Robust-Rail-NL/mathematical-models/scenarios_solver_types_120/scenario_solver_33_trains_11_units19.json","Cost of next node: Cost = 2,823.7 : 2,825.01 | cr=42, dd=33, da=31, tlv=0, sm=66, rd=176.36, cd=0, um=0","Time elapsed: 4.36 seconds","/home/thomasverwaal/Robust-Rail-NL/mathematical-models/local_search_plans_discreet_120/plan_33_trains_11_units19.json"
"/home/thomasverwaal/Robust-Rail-NL/mathematical-models/scenarios_solver_types_120/scenario_solver_33_trains_11_units19.json","Cost of next node: Cost = 2,796.0 : 2,802.31 | cr=42, dd=33, da=30, tlv=1, sm=66, rd=171.82, cd=0, um=0","Time elapsed: 4.45 seconds","/home/thomasverwaal/Robust-Rail-NL/mathematical-models/local_search_plans_discreet_120/plan_33_trains_11_units19.json"
"/home/thomasverwaal/Robust-Rail-NL/mathematical-models/scenarios_solver_types_120/scenario_solver_33_trains_11_units19.json","Cost of next node: Cost = 2,766.0 : 2,777.35 | cr=37, dd=33, da=30, tlv=2, sm=66, rd=174.55, cd=0, um=0","Time elapsed: 4.55 seconds","/home/thomasverwaal/Robust-Rail-NL/mathematical-models/local_search_plans_discreet_120/plan_33_trains_11_units19.json"
"/home/thomasverwaal/Robust-Rail-NL/mathematical-models/scenarios_solver_types_120/scenario_solver_33_trains_11_units19.json","Cost of next node: Cost = 2,732.8 : 2,739.12 | cr=41, dd=33, da=28, tlv=1, sm=66, rd=167.27, cd=0, um=0","Time elapsed: 4.65 seconds","/home/thomasverwaal/Robust-Rail-NL/mathematical-models/local_search_plans_discreet_120/plan_33_trains_11_units19.json"
"/home/thomasverwaal/Robust-Rail-NL/mathematical-models/scenarios_solver_types_120/scenario_solver_33_trains_11_units19.json","Cost of next node: Cost = 2,694.2 : 2,705.51 | cr=39, dd=33, da=26, tlv=2, sm=66, rd=164.55, cd=0, um=0","Time elapsed: 4.75 seconds","/home/thomasverwaal/Robust-Rail-NL/mathematical-models/local_search_plans_discreet_120/plan_33_trains_11_units19.json"
"/home/thomasverwaal/Robust-Rail-NL/mathematical-models/scenarios_solver_types_120/scenario_solver_33_trains_11_units19.json","Cost of next node: Cost = 2,519.6 : 2,535.91 | cr=38, dd=33, da=17, tlv=3, sm=66, rd=160.00, cd=0, um=0","Time elapsed: 4.81 seconds","/home/thomasverwaal/Robust-Rail-NL/mathematical-models/local_search_plans_discreet_120/plan_33_trains_11_units19.json"
"/home/thomasverwaal/Robust-Rail-NL/mathematical-models/scenarios_solver_types_120/scenario_solver_33_trains_11_units19.json","Cost of next node: Cost = 2,475.7 : 2,496.99 | cr=38, dd=33, da=14, tlv=4, sm=66, rd=156.36, cd=0, um=0","Time elapsed: 4.93 seconds","/home/thomasverwaal/Robust-Rail-NL/mathematical-models/local_search_plans_discreet_120/plan_33_trains_11_units19.json"
"/home/thomasverwaal/Robust-Rail-NL/mathematical-models/scenarios_solver_types_120/scenario_solver_33_trains_11_units19.json","Cost of next node: Cost = 2,452.8 : 2,474.17 | cr=36, dd=33, da=14, tlv=4, sm=66, rd=154.55, cd=0, um=0","Time elapsed: 5.17 seconds","/home/thomasverwaal/Robust-Rail-NL/mathematical-models/local_search_plans_discreet_120/plan_33_trains_11_units19.json"
"/home/thomasverwaal/Robust-Rail-NL/mathematical-models/scenarios_solver_types_120/scenario_solver_33_trains_11_units19.json","Cost of next node: Cost = 2,428.1 : 2,449.40 | cr=35, dd=33, da=14, tlv=4, sm=66, rd=149.09, cd=0, um=0","Time elapsed: 5.44 seconds","/home/thomasverwaal/Robust-Rail-NL/mathematical-models/local_search_plans_discreet_120/plan_33_trains_11_units19.json"
"/home/thomasverwaal/Robust-Rail-NL/mathematical-models/scenarios_solver_types_120/scenario_solver_33_trains_11_units19.json","Cost of next node: Cost = 2,400.4 : 2,426.76 | cr=31, dd=33, da=14, tlv=5, sm=66, rd=147.27, cd=0, um=0","Time elapsed: 5.80 seconds","/home/thomasverwaal/Robust-Rail-NL/mathematical-models/local_search_plans_discreet_120/plan_33_trains_11_units19.json"
"/home/thomasverwaal/Robust-Rail-NL/mathematical-models/scenarios_solver_types_120/scenario_solver_33_trains_11_units19.json","Cost of next node: Cost = 2,368.2 : 2,394.53 | cr=31, dd=33, da=12, tlv=5, sm=66, rd=146.36, cd=0, um=0","Time elapsed: 6.22 seconds","/home/thomasverwaal/Robust-Rail-NL/mathematical-models/local_search_plans_discreet_120/plan_33_trains_11_units19.json"
"/home/thomasverwaal/Robust-Rail-NL/mathematical-models/scenarios_solver_types_120/scenario_solver_33_trains_11_units19.json","Cost of next node: Cost = 2,342.3 : 2,373.65 | cr=27, dd=33, da=12, tlv=6, sm=66, rd=144.55, cd=0, um=0","Time elapsed: 6.75 seconds","/home/thomasverwaal/Robust-Rail-NL/mathematical-models/local_search_plans_discreet_120/plan_33_trains_11_units19.json"
"/home/thomasverwaal/Robust-Rail-NL/mathematical-models/scenarios_solver_types_120/scenario_solver_33_trains_11_units19.json","Cost of next node: Cost = 2,295.1 : 2,331.41 | cr=20, dd=33, da=12, tlv=7, sm=66, rd=146.36, cd=0, um=0","Time elapsed: 7.36 seconds","/home/thomasverwaal/Robust-Rail-NL/mathematical-models/local_search_plans_discreet_120/plan_33_trains_11_units19.json"
"/home/thomasverwaal/Robust-Rail-NL/mathematical-models/scenarios_solver_types_120/scenario_solver_33_trains_11_units19.json","Cost of next node: Cost = 2,268.5 : 2,309.82 | cr=18, dd=33, da=11, tlv=8, sm=66, rd=144.55, cd=0, um=0","Time elapsed: 7.85 seconds","/home/thomasverwaal/Robust-Rail-NL/mathematical-models/local_search_plans_discreet_120/plan_33_trains_11_units19.json"
"/home/thomasverwaal/Robust-Rail-NL/mathematical-models/scenarios_solver_types_120/scenario_solver_33_trains_11_units19.json","Cost of next node: Cost = 2,243.0 : 2,289.30 | cr=16, dd=33, da=11, tlv=9, sm=66, rd=135.45, cd=0, um=0","Time elapsed: 8.62 seconds","/home/thomasverwaal/Robust-Rail-NL/mathematical-models/local_search_plans_discreet_120/plan_33_trains_11_units19.json"
"/home/thomasverwaal/Robust-Rail-NL/mathematical-models/scenarios_solver_types_120/scenario_solver_33_trains_11_units19.json","Cost of next node: Cost = 2,214.3 : 2,265.59 | cr=13, dd=33, da=11, tlv=10, sm=66, rd=130.00, cd=0, um=0","Time elapsed: 9.44 seconds","/home/thomasverwaal/Robust-Rail-NL/mathematical-models/local_search_plans_discreet_120/plan_33_trains_11_units19.json"
"/home/thomasverwaal/Robust-Rail-NL/mathematical-models/scenarios_solver_types_120/scenario_solver_33_trains_11_units19.json","Cost of next node: Cost = 2,194.2 : 2,250.50 | cr=14, dd=33, da=10, tlv=11, sm=66, rd=120.91, cd=0, um=0","Time elapsed: 9.97 seconds","/home/thomasverwaal/Robust-Rail-NL/mathematical-models/local_search_plans_discreet_120/plan_33_trains_11_units19.json"
"/home/thomasverwaal/Robust-Rail-NL/mathematical-models/scenarios_solver_types_120/scenario_solver_33_trains_11_units19.json","Cost of next node: Cost = 2,080.9 : 2,142.18 | cr=15, dd=31, da=9, tlv=12, sm=66, rd=113.64, cd=0, um=0","Time elapsed: 10.64 seconds","/home/thomasverwaal/Robust-Rail-NL/mathematical-models/local_search_plans_discreet_120/plan_33_trains_11_units19.json"
"/home/thomasverwaal/Robust-Rail-NL/mathematical-models/scenarios_solver_types_120/scenario_solver_33_trains_11_units19.json","Cost of next node: Cost = 2,046.9 : 2,108.21 | cr=16, dd=30, da=9, tlv=12, sm=66, rd=117.27, cd=0, um=0","Time elapsed: 10.80 seconds","/home/thomasverwaal/Robust-Rail-NL/mathematical-models/local_search_plans_discreet_120/plan_33_trains_11_units19.json"
"/home/thomasverwaal/Robust-Rail-NL/mathematical-models/scenarios_solver_types_120/scenario_solver_33_trains_11_units19.json","Cost of next node: Cost = 1,920.9 : 1,982.21 | cr=19, dd=27, da=9, tlv=12, sm=66, rd=110.91, cd=0, um=0","Time elapsed: 10.90 seconds","/home/thomasverwaal/Robust-Rail-NL/mathematical-models/local_search_plans_discreet_120/plan_33_trains_11_units19.json"
"/home/thomasverwaal/Robust-Rail-NL/mathematical-models/scenarios_solver_types_120/scenario_solver_33_trains_11_units19.json","Cost of next node: Cost = 1,785.8 : 1,847.08 | cr=23, dd=24, da=8, tlv=12, sm=66, rd=105.45, cd=0, um=0","Time elapsed: 11.11 seconds","/home/thomasverwaal/Robust-Rail-NL/mathematical-models/local_search_plans_discreet_120/plan_33_trains_11_units19.json"
"/home/thomasverwaal/Robust-Rail-NL/mathematical-models/scenarios_solver_types_120/scenario_solver_33_trains_11_units19.json","Cost of next node: Cost = 1,736.0 : 1,797.37 | cr=23, dd=23, da=8, tlv=12, sm=66, rd=105.45, cd=0, um=0","Time elapsed: 11.36 seconds","/home/thomasverwaal/Robust-Rail-NL/mathematical-models/local_search_plans_discreet_120/plan_33_trains_11_units19.json"
"/home/thomasverwaal/Robust-Rail-NL/mathematical-models/scenarios_solver_types_120/scenario_solver_33_trains_11_units19.json","Cost of next node: Cost = 1,686.6 : 1,747.95 | cr=23, dd=22, da=8, tlv=12, sm=66, rd=105.45, cd=0, um=0","Time elapsed: 11.53 seconds","/home/thomasverwaal/Robust-Rail-NL/mathematical-models/local_search_plans_discreet_120/plan_33_trains_11_units19.json"
"/home/thomasverwaal/Robust-Rail-NL/mathematical-models/scenarios_solver_types_120/scenario_solver_33_trains_11_units19.json","Cost of next node: Cost = 1,656.3 : 1,717.62 | cr=25, dd=21, da=8, tlv=12, sm=66, rd=107.27, cd=0, um=0","Time elapsed: 11.64 seconds","/home/thomasverwaal/Robust-Rail-NL/mathematical-models/local_search_plans_discreet_120/plan_33_trains_11_units19.json"
"/home/thomasverwaal/Robust-Rail-NL/mathematical-models/scenarios_solver_types_120/scenario_solver_33_trains_11_units19.json","Cost of next node: Cost = 1,621.7 : 1,687.98 | cr=25, dd=20, da=8, tlv=13, sm=66, rd=105.45, cd=0, um=0","Time elapsed: 11.90 seconds","/home/thomasverwaal/Robust-Rail-NL/mathematical-models/local_search_plans_discreet_120/plan_33_trains_11_units19.json"
"/home/thomasverwaal/Robust-Rail-NL/mathematical-models/scenarios_solver_types_120/scenario_solver_33_trains_11_units19.json","Cost of next node: Cost = 1,554.3 : 1,625.59 | cr=26, dd=19, da=6, tlv=14, sm=66, rd=101.82, cd=0, um=0","Time elapsed: 12.27 seconds","/home/thomasverwaal/Robust-Rail-NL/mathematical-models/local_search_plans_discreet_120/plan_33_trains_11_units19.json"
"/home/thomasverwaal/Robust-Rail-NL/mathematical-models/scenarios_solver_types_120/scenario_solver_33_trains_11_units19.json","Cost of next node: Cost = 1,524.3 : 1,595.59 | cr=23, dd=19, da=6, tlv=14, sm=66, rd=101.82, cd=0, um=0","Time elapsed: 12.55 seconds","/home/thomasverwaal/Robust-Rail-NL/mathematical-models/local_search_plans_discreet_120/plan_33_trains_11_units19.json"
"/home/thomasverwaal/Robust-Rail-NL/mathematical-models/scenarios_solver_types_120/scenario_solver_33_trains_11_units19.json","Cost of next node: Cost = 1,389.5 : 1,465.86 | cr=23, dd=16, da=6, tlv=15, sm=66, rd=98.18, cd=0, um=0","Time elapsed: 12.90 seconds","/home/thomasverwaal/Robust-Rail-NL/mathematical-models/local_search_plans_discreet_120/plan_33_trains_11_units19.json"
"/home/thomasverwaal/Robust-Rail-NL/mathematical-models/scenarios_solver_types_120/scenario_solver_33_trains_11_units19.json","Cost of next node: Cost = 1,344.9 : 1,416.22 | cr=24, dd=16, da=4, tlv=14, sm=66, rd=98.18, cd=0, um=0","Time elapsed: 13.02 seconds","/home/thomasverwaal/Robust-Rail-NL/mathematical-models/local_search_plans_discreet_120/plan_33_trains_11_units19.json"
"/home/thomasverwaal/Robust-Rail-NL/mathematical-models/scenarios_solver_types_120/scenario_solver_33_trains_11_units19.json","Cost of next node: Cost = 1,270.6 : 1,346.88 | cr=22, dd=15, da=3, tlv=15, sm=66, rd=94.55, cd=0, um=0","Time elapsed: 13.40 seconds","/home/thomasverwaal/Robust-Rail-NL/mathematical-models/local_search_plans_discreet_120/plan_33_trains_11_units19.json"
"/home/thomasverwaal/Robust-Rail-NL/mathematical-models/scenarios_solver_types_120/scenario_solver_33_trains_11_units19.json","Cost of next node: Cost = 1,234.2 : 1,315.52 | cr=24, dd=14, da=2, tlv=16, sm=66, rd=90.91, cd=0, um=0","Time elapsed: 13.63 seconds","/home/thomasverwaal/Robust-Rail-NL/mathematical-models/local_search_plans_discreet_120/plan_33_trains_11_units19.json"
"/home/thomasverwaal/Robust-Rail-NL/mathematical-models/scenarios_solver_types_120/scenario_solver_33_trains_11_units19.json","Cost of next node: Cost = 1,176.0 : 1,257.31 | cr=23, dd=13, da=2, tlv=16, sm=66, rd=90.91, cd=0, um=0","Time elapsed: 13.73 seconds","/home/thomasverwaal/Robust-Rail-NL/mathematical-models/local_search_plans_discreet_120/plan_33_trains_11_units19.json"
"/home/thomasverwaal/Robust-Rail-NL/mathematical-models/scenarios_solver_types_120/scenario_solver_33_trains_11_units19.json","Cost of next node: Cost = 989.3 : 1,075.64 | cr=20, dd=10, da=1, tlv=17, sm=66, rd=83.64, cd=0, um=0","Time elapsed: 14.28 seconds","/home/thomasverwaal/Robust-Rail-NL/mathematical-models/local_search_plans_discreet_120/plan_33_trains_11_units19.json"
"/home/thomasverwaal/Robust-Rail-NL/mathematical-models/scenarios_solver_types_120/scenario_solver_33_trains_11_units19.json","Cost of next node: Cost = 551.5 : 642.82 | cr=23, dd=1, da=0, tlv=18, sm=66, rd=72.73, cd=0, um=0","Time elapsed: 14.59 seconds","/home/thomasverwaal/Robust-Rail-NL/mathematical-models/local_search_plans_discreet_120/plan_33_trains_11_units19.json"
"/home/thomasverwaal/Robust-Rail-NL/mathematical-models/scenarios_solver_types_120/scenario_solver_33_trains_11_units19.json","Cost of next node: Cost = 511.5 : 602.82 | cr=19, dd=1, da=0, tlv=18, sm=66, rd=72.73, cd=0, um=0","Time elapsed: 14.71 seconds","/home/thomasverwaal/Robust-Rail-NL/mathematical-models/local_search_plans_discreet_120/plan_33_trains_11_units19.json"
"/home/thomasverwaal/Robust-Rail-NL/mathematical-models/scenarios_solver_types_120/scenario_solver_33_trains_11_units19.json","Cost of next node: Cost = 475.0 : 571.32 | cr=19, dd=0, da=0, tlv=19, sm=66, rd=70.91, cd=0, um=0","Time elapsed: 15.22 seconds","/home/thomasverwaal/Robust-Rail-NL/mathematical-models/local_search_plans_discreet_120/plan_33_trains_11_units19.json"
"/home/thomasverwaal/Robust-Rail-NL/mathematical-models/scenarios_solver_types_120/scenario_solver_33_trains_11_units19.json","Cost of next node: Cost = 455.0 : 551.32 | cr=17, dd=0, da=0, tlv=19, sm=66, rd=70.91, cd=0, um=0","Time elapsed: 20.48 seconds","/home/thomasverwaal/Robust-Rail-NL/mathematical-models/local_search_plans_discreet_120/plan_33_trains_11_units19.json"
"/home/thomasverwaal/Robust-Rail-NL/mathematical-models/scenarios_solver_types_120/scenario_solver_33_trains_11_units19.json","Cost of next node: Cost = 440.0 : 531.32 | cr=17, dd=0, da=0, tlv=18, sm=66, rd=72.73, cd=0, um=0","Time elapsed: 24.92 seconds","/home/thomasverwaal/Robust-Rail-NL/mathematical-models/local_search_plans_discreet_120/plan_33_trains_11_units19.json"
"/home/thomasverwaal/Robust-Rail-NL/mathematical-models/scenarios_solver_types_120/scenario_solver_33_trains_11_units19.json","Cost of next node: Cost = 420.0 : 511.34 | cr=15, dd=0, da=0, tlv=18, sm=67, rd=73.43, cd=0, um=0","Time elapsed: 29.75 seconds","/home/thomasverwaal/Robust-Rail-NL/mathematical-models/local_search_plans_discreet_120/plan_33_trains_11_units19.json"
"/home/thomasverwaal/Robust-Rail-NL/mathematical-models/scenarios_solver_types_120/scenario_solver_33_trains_11_units19.json","Cost of next node: Cost = 400.0 : 491.34 | cr=13, dd=0, da=0, tlv=18, sm=67, rd=73.43, cd=0, um=0","Time elapsed: 33.96 seconds","/home/thomasverwaal/Robust-Rail-NL/mathematical-models/local_search_plans_discreet_120/plan_33_trains_11_units19.json"
"/home/thomasverwaal/Robust-Rail-NL/mathematical-models/scenarios_solver_types_120/scenario_solver_33_trains_11_units19.json","Cost of next node: Cost = 385.0 : 471.34 | cr=13, dd=0, da=0, tlv=17, sm=67, rd=75.22, cd=0, um=0","Time elapsed: 38.20 seconds","/home/thomasverwaal/Robust-Rail-NL/mathematical-models/local_search_plans_discreet_120/plan_33_trains_11_units19.json"
"/home/thomasverwaal/Robust-Rail-NL/mathematical-models/scenarios_solver_types_120/scenario_solver_33_trains_11_units19.json","Cost of next node: Cost = 370.0 : 451.34 | cr=13, dd=0, da=0, tlv=16, sm=67, rd=77.01, cd=0, um=0","Time elapsed: 41.73 seconds","/home/thomasverwaal/Robust-Rail-NL/mathematical-models/local_search_plans_discreet_120/plan_33_trains_11_units19.json"
"/home/thomasverwaal/Robust-Rail-NL/mathematical-models/scenarios_solver_types_120/scenario_solver_33_trains_11_units19.json","Cost of next node: Cost = 360.0 : 441.34 | cr=12, dd=0, da=0, tlv=16, sm=67, rd=77.01, cd=0, um=0","Time elapsed: 44.79 seconds","/home/thomasverwaal/Robust-Rail-NL/mathematical-models/local_search_plans_discreet_120/plan_33_trains_11_units19.json"
"/home/thomasverwaal/Robust-Rail-NL/mathematical-models/scenarios_solver_types_120/scenario_solver_33_trains_11_units19.json","Cost of next node: Cost = 340.0 : 421.34 | cr=10, dd=0, da=0, tlv=16, sm=67, rd=78.81, cd=0, um=0","Time elapsed: 47.01 seconds","/home/thomasverwaal/Robust-Rail-NL/mathematical-models/local_search_plans_discreet_120/plan_33_trains_11_units19.json"
"/home/thomasverwaal/Robust-Rail-NL/mathematical-models/scenarios_solver_types_120/scenario_solver_33_trains_11_units19.json","Cost of next node: Cost = 330.0 : 411.34 | cr=9, dd=0, da=0, tlv=16, sm=67, rd=78.81, cd=0, um=0","Time elapsed: 49.25 seconds","/home/thomasverwaal/Robust-Rail-NL/mathematical-models/local_search_plans_discreet_120/plan_33_trains_11_units19.json"
"/home/thomasverwaal/Robust-Rail-NL/mathematical-models/scenarios_solver_types_120/scenario_solver_33_trains_11_units19.json","Cost of next node: Cost = 320.0 : 401.34 | cr=8, dd=0, da=0, tlv=16, sm=67, rd=78.81, cd=0, um=0","Time elapsed: 51.40 seconds","/home/thomasverwaal/Robust-Rail-NL/mathematical-models/local_search_plans_discreet_120/plan_33_trains_11_units19.json"
"/home/thomasverwaal/Robust-Rail-NL/mathematical-models/scenarios_solver_types_120/scenario_solver_33_trains_11_units19.json","Cost of next node: Cost = 310.0 : 391.34 | cr=7, dd=0, da=0, tlv=16, sm=67, rd=80.60, cd=0, um=0","Time elapsed: 53.33 seconds","/home/thomasverwaal/Robust-Rail-NL/mathematical-models/local_search_plans_discreet_120/plan_33_trains_11_units19.json"
"/home/thomasverwaal/Robust-Rail-NL/mathematical-models/scenarios_solver_types_120/scenario_solver_33_trains_11_units19.json","Cost of next node: Cost = 300.0 : 381.34 | cr=6, dd=0, da=0, tlv=16, sm=67, rd=80.60, cd=0, um=0","Time elapsed: 55.28 seconds","/home/thomasverwaal/Robust-Rail-NL/mathematical-models/local_search_plans_discreet_120/plan_33_trains_11_units19.json"
"/home/thomasverwaal/Robust-Rail-NL/mathematical-models/scenarios_solver_types_120/scenario_solver_33_trains_11_units19.json","Cost of next node: Cost = 295.0 : 371.34 | cr=7, dd=0, da=0, tlv=15, sm=67, rd=82.39, cd=0, um=0","Time elapsed: 57.05 seconds","/home/thomasverwaal/Robust-Rail-NL/mathematical-models/local_search_plans_discreet_120/plan_33_trains_11_units19.json"
"/home/thomasverwaal/Robust-Rail-NL/mathematical-models/scenarios_solver_types_120/scenario_solver_33_trains_11_units19.json","Cost of next node: Cost = 285.0 : 361.34 | cr=6, dd=0, da=0, tlv=15, sm=67, rd=82.39, cd=0, um=0","Time elapsed: 59.18 seconds","/home/thomasverwaal/Robust-Rail-NL/mathematical-models/local_search_plans_discreet_120/plan_33_trains_11_units19.json"
"/home/thomasverwaal/Robust-Rail-NL/mathematical-models/scenarios_solver_types_120/scenario_solver_33_trains_11_units19.json","Cost of next node: Cost = 280.0 : 351.36 | cr=7, dd=0, da=0, tlv=14, sm=68, rd=84.71, cd=0, um=0","Time elapsed: 78.90 seconds","/home/thomasverwaal/Robust-Rail-NL/mathematical-models/local_search_plans_discreet_120/plan_33_trains_11_units19.json"
"/home/thomasverwaal/Robust-Rail-NL/mathematical-models/scenarios_solver_types_120/scenario_solver_33_trains_11_units19.json","Cost of next node: Cost = 270.0 : 341.36 | cr=6, dd=0, da=0, tlv=14, sm=68, rd=84.71, cd=0, um=0","Time elapsed: 81.03 seconds","/home/thomasverwaal/Robust-Rail-NL/mathematical-models/local_search_plans_discreet_120/plan_33_trains_11_units19.json"
"/home/thomasverwaal/Robust-Rail-NL/mathematical-models/scenarios_solver_types_120/scenario_solver_33_trains_11_units19.json","Cost of next node: Cost = 260.0 : 331.36 | cr=5, dd=0, da=0, tlv=14, sm=68, rd=84.71, cd=0, um=0","Time elapsed: 90.23 seconds","/home/thomasverwaal/Robust-Rail-NL/mathematical-models/local_search_plans_discreet_120/plan_33_trains_11_units19.json"
"/home/thomasverwaal/Robust-Rail-NL/mathematical-models/scenarios_solver_types_120/scenario_solver_33_trains_11_units19.json","Cost of next node: Cost = 250.0 : 321.36 | cr=4, dd=0, da=0, tlv=14, sm=68, rd=84.71, cd=0, um=0","Time elapsed: 135.58 seconds","/home/thomasverwaal/Robust-Rail-NL/mathematical-models/local_search_plans_discreet_120/plan_33_trains_11_units19.json"
"/home/thomasverwaal/Robust-Rail-NL/mathematical-models/scenarios_solver_types_120/scenario_solver_33_trains_11_units19.json","NO_COST_FOUND","NO_TIME_FOUND","NO_PLAN_CREATED"
"/home/thomasverwaal/Robust-Rail-NL/mathematical-models/scenarios_solver_types_120/scenario_solver_33_trains_11_units2.json","Cost of next node: Cost = 2,867.8 : 2,869.08 | cr=46, dd=33, da=31, tlv=0, sm=66, rd=178.18, cd=0, um=0","Time elapsed: 4.51 seconds","/home/thomasverwaal/Robust-Rail-NL/mathematical-models/local_search_plans_discreet_120/plan_33_trains_11_units2.json"
"/home/thomasverwaal/Robust-Rail-NL/mathematical-models/scenarios_solver_types_120/scenario_solver_33_trains_11_units2.json","Cost of next node: Cost = 2,838.3 : 2,839.61 | cr=43, dd=33, da=31, tlv=0, sm=66, rd=178.18, cd=0, um=0","Time elapsed: 4.62 seconds","/home/thomasverwaal/Robust-Rail-NL/mathematical-models/local_search_plans_discreet_120/plan_33_trains_11_units2.json"
"/home/thomasverwaal/Robust-Rail-NL/mathematical-models/scenarios_solver_types_120/scenario_solver_33_trains_11_units2.json","Cost of next node: Cost = 2,772.2 : 2,778.48 | cr=44, dd=33, da=27, tlv=1, sm=66, rd=175.45, cd=0, um=0","Time elapsed: 4.73 seconds","/home/thomasverwaal/Robust-Rail-NL/mathematical-models/local_search_plans_discreet_120/plan_33_trains_11_units2.json"
"/home/thomasverwaal/Robust-Rail-NL/mathematical-models/scenarios_solver_types_120/scenario_solver_33_trains_11_units2.json","Cost of next node: Cost = 2,649.2 : 2,655.57 | cr=46, dd=33, da=20, tlv=1, sm=66, rd=169.09, cd=0, um=0","Time elapsed: 4.84 seconds","/home/thomasverwaal/Robust-Rail-NL/mathematical-models/local_search_plans_discreet_120/plan_33_trains_11_units2.json"
"/home/thomasverwaal/Robust-Rail-NL/mathematical-models/scenarios_solver_types_120/scenario_solver_33_trains_11_units2.json","Cost of next node: Cost = 2,619.2 : 2,625.57 | cr=43, dd=33, da=20, tlv=1, sm=66, rd=169.09, cd=0, um=0","Time elapsed: 4.92 seconds","/home/thomasverwaal/Robust-Rail-NL/mathematical-models/local_search_plans_discreet_120/plan_33_trains_11_units2.json"
"/home/thomasverwaal/Robust-Rail-NL/mathematical-models/scenarios_solver_types_120/scenario_solver_33_trains_11_units2.json","Cost of next node: Cost = 2,585.4 : 2,596.72 | cr=41, dd=33, da=18, tlv=2, sm=66, rd=166.36, cd=0, um=0","Time elapsed: 5.04 seconds","/home/thomasverwaal/Robust-Rail-NL/mathematical-models/local_search_plans_discreet_120/plan_33_trains_11_units2.json"
"/home/thomasverwaal/Robust-Rail-NL/mathematical-models/scenarios_solver_types_120/scenario_solver_33_trains_11_units2.json","Cost of next node: Cost = 2,563.6 : 2,574.96 | cr=39, dd=33, da=18, tlv=2, sm=66, rd=166.36, cd=0, um=0","Time elapsed: 5.16 seconds","/home/thomasverwaal/Robust-Rail-NL/mathematical-models/local_search_plans_discreet_120/plan_33_trains_11_units2.json"
"/home/thomasverwaal/Robust-Rail-NL/mathematical-models/scenarios_solver_types_120/scenario_solver_33_trains_11_units2.json","Cost of next node: Cost = 2,539.2 : 2,555.49 | cr=39, dd=33, da=16, tlv=3, sm=66, rd=163.64, cd=0, um=0","Time elapsed: 5.34 seconds","/home/thomasverwaal/Robust-Rail-NL/mathematical-models/local_search_plans_discreet_120/plan_33_trains_11_units2.json"
"/home/thomasverwaal/Robust-Rail-NL/mathematical-models/scenarios_solver_types_120/scenario_solver_33_trains_11_units2.json","Cost of next node: Cost = 2,492.6 : 2,513.95 | cr=39, dd=33, da=13, tlv=4, sm=66, rd=160.00, cd=0, um=0","Time elapsed: 5.50 seconds","/home/thomasverwaal/Robust-Rail-NL/mathematical-models/local_search_plans_discreet_120/plan_33_trains_11_units2.json"
"/home/thomasverwaal/Robust-Rail-NL/mathematical-models/scenarios_solver_types_120/scenario_solver_33_trains_11_units2.json","Cost of next node: Cost = 2,470.9 : 2,492.18 | cr=37, dd=33, da=13, tlv=4, sm=66, rd=158.18, cd=0, um=0","Time elapsed: 5.77 seconds","/home/thomasverwaal/Robust-Rail-NL/mathematical-models/local_search_plans_discreet_120/plan_33_trains_11_units2.json"
"/home/thomasverwaal/Robust-Rail-NL/mathematical-models/scenarios_solver_types_120/scenario_solver_33_trains_11_units2.json","Cost of next node: Cost = 2,447.7 : 2,468.99 | cr=36, dd=33, da=13, tlv=4, sm=66, rd=154.55, cd=0, um=0","Time elapsed: 6.05 seconds","/home/thomasverwaal/Robust-Rail-NL/mathematical-models/local_search_plans_discreet_120/plan_33_trains_11_units2.json"
"/home/thomasverwaal/Robust-Rail-NL/mathematical-models/scenarios_solver_types_120/scenario_solver_33_trains_11_units2.json","Cost of next node: Cost = 2,413.2 : 2,439.50 | cr=29, dd=33, da=14, tlv=5, sm=66, rd=158.18, cd=0, um=0","Time elapsed: 6.28 seconds","/home/thomasverwaal/Robust-Rail-NL/mathematical-models/local_search_plans_discreet_120/plan_33_trains_11_units2.json"
"/home/thomasverwaal/Robust-Rail-NL/mathematical-models/scenarios_solver_types_120/scenario_solver_33_trains_11_units2.json","Cost of next node: Cost = 2,389.9 : 2,421.17 | cr=29, dd=33, da=12, tlv=6, sm=66, rd=152.73, cd=0, um=0","Time elapsed: 6.78 seconds","/home/thomasverwaal/Robust-Rail-NL/mathematical-models/local_search_plans_discreet_120/plan_33_trains_11_units2.json"
"/home/thomasverwaal/Robust-Rail-NL/mathematical-models/scenarios_solver_types_120/scenario_solver_33_trains_11_units2.json","Cost of next node: Cost = 2,324.9 : 2,361.17 | cr=21, dd=33, da=12, tlv=7, sm=66, rd=152.73, cd=0, um=0","Time elapsed: 7.53 seconds","/home/thomasverwaal/Robust-Rail-NL/mathematical-models/local_search_plans_discreet_120/plan_33_trains_11_units2.json"
"/home/thomasverwaal/Robust-Rail-NL/mathematical-models/scenarios_solver_types_120/scenario_solver_33_trains_11_units2.json","Cost of next node: Cost = 2,295.3 : 2,336.61 | cr=20, dd=33, da=11, tlv=8, sm=66, rd=147.27, cd=0, um=0","Time elapsed: 7.79 seconds","/home/thomasverwaal/Robust-Rail-NL/mathematical-models/local_search_plans_discreet_120/plan_33_trains_11_units2.json"
"/home/thomasverwaal/Robust-Rail-NL/mathematical-models/scenarios_solver_types_120/scenario_solver_33_trains_11_units2.json","Cost of next node: Cost = 2,272.8 : 2,319.08 | cr=20, dd=33, da=10, tlv=9, sm=66, rd=147.27, cd=0, um=0","Time elapsed: 8.06 seconds","/home/thomasverwaal/Robust-Rail-NL/mathematical-models/local_search_plans_discreet_120/plan_33_trains_11_units2.json"
"/home/thomasverwaal/Robust-Rail-NL/mathematical-models/scenarios_solver_types_120/scenario_solver_33_trains_11_units2.json","Cost of next node: Cost = 2,243.2 : 2,294.49 | cr=19, dd=33, da=9, tlv=10, sm=66, rd=141.82, cd=0, um=0","Time elapsed: 8.37 seconds","/home/thomasverwaal/Robust-Rail-NL/mathematical-models/local_search_plans_discreet_120/plan_33_trains_11_units2.json"
"/home/thomasverwaal/Robust-Rail-NL/mathematical-models/scenarios_solver_types_120/scenario_solver_33_trains_11_units2.json","Cost of next node: Cost = 2,216.8 : 2,273.17 | cr=20, dd=33, da=7, tlv=11, sm=66, rd=141.82, cd=0, um=0","Time elapsed: 8.70 seconds","/home/thomasverwaal/Robust-Rail-NL/mathematical-models/local_search_plans_discreet_120/plan_33_trains_11_units2.json"
"/home/thomasverwaal/Robust-Rail-NL/mathematical-models/scenarios_solver_types_120/scenario_solver_33_trains_11_units2.json","Cost of next node: Cost = 2,196.0 : 2,252.37 | cr=20, dd=33, da=6, tlv=11, sm=66, rd=140.00, cd=0, um=0","Time elapsed: 8.91 seconds","/home/thomasverwaal/Robust-Rail-NL/mathematical-models/local_search_plans_discreet_120/plan_33_trains_11_units2.json"
"/home/thomasverwaal/Robust-Rail-NL/mathematical-models/scenarios_solver_types_120/scenario_solver_33_trains_11_units2.json","Cost of next node: Cost = 2,167.7 : 2,229.07 | cr=17, dd=33, da=5, tlv=12, sm=66, rd=143.64, cd=0, um=0","Time elapsed: 9.20 seconds","/home/thomasverwaal/Robust-Rail-NL/mathematical-models/local_search_plans_discreet_120/plan_33_trains_11_units2.json"
"/home/thomasverwaal/Robust-Rail-NL/mathematical-models/scenarios_solver_types_120/scenario_solver_33_trains_11_units2.json","Cost of next node: Cost = 2,129.1 : 2,195.39 | cr=15, dd=33, da=4, tlv=13, sm=66, rd=139.09, cd=0, um=0","Time elapsed: 9.53 seconds","/home/thomasverwaal/Robust-Rail-NL/mathematical-models/local_search_plans_discreet_120/plan_33_trains_11_units2.json"
"/home/thomasverwaal/Robust-Rail-NL/mathematical-models/scenarios_solver_types_120/scenario_solver_33_trains_11_units2.json","Cost of next node: Cost = 2,061.6 : 2,132.93 | cr=17, dd=31, da=4, tlv=14, sm=66, rd=135.45, cd=0, um=0","Time elapsed: 9.83 seconds","/home/thomasverwaal/Robust-Rail-NL/mathematical-models/local_search_plans_discreet_120/plan_33_trains_11_units2.json"
"/home/thomasverwaal/Robust-Rail-NL/mathematical-models/scenarios_solver_types_120/scenario_solver_33_trains_11_units2.json","Cost of next node: Cost = 2,002.5 : 2,073.85 | cr=16, dd=30, da=4, tlv=14, sm=66, rd=135.45, cd=0, um=0","Time elapsed: 9.89 seconds","/home/thomasverwaal/Robust-Rail-NL/mathematical-models/local_search_plans_discreet_120/plan_33_trains_11_units2.json"
"/home/thomasverwaal/Robust-Rail-NL/mathematical-models/scenarios_solver_types_120/scenario_solver_33_trains_11_units2.json","Cost of next node: Cost = 1,969.4 : 2,035.74 | cr=20, dd=29, da=4, tlv=13, sm=66, rd=129.09, cd=0, um=0","Time elapsed: 10.09 seconds","/home/thomasverwaal/Robust-Rail-NL/mathematical-models/local_search_plans_discreet_120/plan_33_trains_11_units2.json"
"/home/thomasverwaal/Robust-Rail-NL/mathematical-models/scenarios_solver_types_120/scenario_solver_33_trains_11_units2.json","Cost of next node: Cost = 1,908.9 : 1,975.21 | cr=20, dd=28, da=4, tlv=13, sm=66, rd=121.82, cd=0, um=0","Time elapsed: 10.19 seconds","/home/thomasverwaal/Robust-Rail-NL/mathematical-models/local_search_plans_discreet_120/plan_33_trains_11_units2.json"
"/home/thomasverwaal/Robust-Rail-NL/mathematical-models/scenarios_solver_types_120/scenario_solver_33_trains_11_units2.json","Cost of next node: Cost = 1,879.7 : 1,946.03 | cr=22, dd=27, da=4, tlv=13, sm=66, rd=121.82, cd=0, um=0","Time elapsed: 10.23 seconds","/home/thomasverwaal/Robust-Rail-NL/mathematical-models/local_search_plans_discreet_120/plan_33_trains_11_units2.json"
"/home/thomasverwaal/Robust-Rail-NL/mathematical-models/scenarios_solver_types_120/scenario_solver_33_trains_11_units2.json","Cost of next node: Cost = 1,854.7 : 1,926.03 | cr=18, dd=27, da=4, tlv=14, sm=66, rd=120.00, cd=0, um=0","Time elapsed: 10.44 seconds","/home/thomasverwaal/Robust-Rail-NL/mathematical-models/local_search_plans_discreet_120/plan_33_trains_11_units2.json"
"/home/thomasverwaal/Robust-Rail-NL/mathematical-models/scenarios_solver_types_120/scenario_solver_33_trains_11_units2.json","Cost of next node: Cost = 1,829.6 : 1,905.91 | cr=19, dd=26, da=4, tlv=15, sm=66, rd=118.18, cd=0, um=0","Time elapsed: 10.54 seconds","/home/thomasverwaal/Robust-Rail-NL/mathematical-models/local_search_plans_discreet_120/plan_33_trains_11_units2.json"
"/home/thomasverwaal/Robust-Rail-NL/mathematical-models/scenarios_solver_types_120/scenario_solver_33_trains_11_units2.json","Cost of next node: Cost = 1,785.5 : 1,866.82 | cr=18, dd=25, da=4, tlv=16, sm=66, rd=114.55, cd=0, um=0","Time elapsed: 10.71 seconds","/home/thomasverwaal/Robust-Rail-NL/mathematical-models/local_search_plans_discreet_120/plan_33_trains_11_units2.json"
"/home/thomasverwaal/Robust-Rail-NL/mathematical-models/scenarios_solver_types_120/scenario_solver_33_trains_11_units2.json","Cost of next node: Cost = 1,755.3 : 1,836.60 | cr=20, dd=24, da=4, tlv=16, sm=66, rd=114.55, cd=0, um=0","Time elapsed: 10.84 seconds","/home/thomasverwaal/Robust-Rail-NL/mathematical-models/local_search_plans_discreet_120/plan_33_trains_11_units2.json"
"/home/thomasverwaal/Robust-Rail-NL/mathematical-models/scenarios_solver_types_120/scenario_solver_33_trains_11_units2.json","Cost of next node: Cost = 1,730.3 : 1,806.60 | cr=19, dd=24, da=4, tlv=15, sm=66, rd=116.36, cd=0, um=0","Time elapsed: 11.02 seconds","/home/thomasverwaal/Robust-Rail-NL/mathematical-models/local_search_plans_discreet_120/plan_33_trains_11_units2.json"
"/home/thomasverwaal/Robust-Rail-NL/mathematical-models/scenarios_solver_types_120/scenario_solver_33_trains_11_units2.json","Cost of next node: Cost = 1,561.0 : 1,642.30 | cr=18, dd=21, da=3, tlv=16, sm=66, rd=110.91, cd=0, um=0","Time elapsed: 11.24 seconds","/home/thomasverwaal/Robust-Rail-NL/mathematical-models/local_search_plans_discreet_120/plan_33_trains_11_units2.json"
"/home/thomasverwaal/Robust-Rail-NL/mathematical-models/scenarios_solver_types_120/scenario_solver_33_trains_11_units2.json","Cost of next node: Cost = 1,539.1 : 1,620.44 | cr=20, dd=20, da=4, tlv=16, sm=66, rd=100.00, cd=0, um=0","Time elapsed: 11.51 seconds","/home/thomasverwaal/Robust-Rail-NL/mathematical-models/local_search_plans_discreet_120/plan_33_trains_11_units2.json"
"/home/thomasverwaal/Robust-Rail-NL/mathematical-models/scenarios_solver_types_120/scenario_solver_33_trains_11_units2.json","Cost of next node: Cost = 1,443.7 : 1,529.98 | cr=21, dd=18, da=3, tlv=17, sm=66, rd=96.36, cd=0, um=0","Time elapsed: 11.74 seconds","/home/thomasverwaal/Robust-Rail-NL/mathematical-models/local_search_plans_discreet_120/plan_33_trains_11_units2.json"
"/home/thomasverwaal/Robust-Rail-NL/mathematical-models/scenarios_solver_types_120/scenario_solver_33_trains_11_units2.json","Cost of next node: Cost = 1,393.9 : 1,480.22 | cr=21, dd=17, da=3, tlv=17, sm=66, rd=94.55, cd=0, um=0","Time elapsed: 11.80 seconds","/home/thomasverwaal/Robust-Rail-NL/mathematical-models/local_search_plans_discreet_120/plan_33_trains_11_units2.json"
"/home/thomasverwaal/Robust-Rail-NL/mathematical-models/scenarios_solver_types_120/scenario_solver_33_trains_11_units2.json","Cost of next node: Cost = 1,344.2 : 1,430.49 | cr=21, dd=16, da=3, tlv=17, sm=66, rd=94.55, cd=0, um=0","Time elapsed: 11.90 seconds","/home/thomasverwaal/Robust-Rail-NL/mathematical-models/local_search_plans_discreet_120/plan_33_trains_11_units2.json"
"/home/thomasverwaal/Robust-Rail-NL/mathematical-models/scenarios_solver_types_120/scenario_solver_33_trains_11_units2.json","Cost of next node: Cost = 1,062.6 : 1,153.92 | cr=19, dd=11, da=2, tlv=18, sm=66, rd=87.27, cd=0, um=0","Time elapsed: 12.38 seconds","/home/thomasverwaal/Robust-Rail-NL/mathematical-models/local_search_plans_discreet_120/plan_33_trains_11_units2.json"
"/home/thomasverwaal/Robust-Rail-NL/mathematical-models/scenarios_solver_types_120/scenario_solver_33_trains_11_units2.json","Cost of next node: Cost = 597.9 : 694.22 | cr=19, dd=2, da=1, tlv=19, sm=66, rd=76.36, cd=0, um=0","Time elapsed: 12.65 seconds","/home/thomasverwaal/Robust-Rail-NL/mathematical-models/local_search_plans_discreet_120/plan_33_trains_11_units2.json"
"/home/thomasverwaal/Robust-Rail-NL/mathematical-models/scenarios_solver_types_120/scenario_solver_33_trains_11_units2.json","Cost of next node: Cost = 572.9 : 664.22 | cr=18, dd=2, da=1, tlv=18, sm=66, rd=78.18, cd=0, um=0","Time elapsed: 12.91 seconds","/home/thomasverwaal/Robust-Rail-NL/mathematical-models/local_search_plans_discreet_120/plan_33_trains_11_units2.json"
"/home/thomasverwaal/Robust-Rail-NL/mathematical-models/scenarios_solver_types_120/scenario_solver_33_trains_11_units2.json","Cost of next node: Cost = 527.4 : 623.72 | cr=17, dd=1, da=1, tlv=19, sm=66, rd=76.36, cd=0, um=0","Time elapsed: 13.27 seconds","/home/thomasverwaal/Robust-Rail-NL/mathematical-models/local_search_plans_discreet_120/plan_33_trains_11_units2.json"
"/home/thomasverwaal/Robust-Rail-NL/mathematical-models/scenarios_solver_types_120/scenario_solver_33_trains_11_units2.json","Cost of next node: Cost = 512.4 : 603.72 | cr=17, dd=1, da=1, tlv=18, sm=66, rd=78.18, cd=0, um=0","Time elapsed: 16.85 seconds","/home/thomasverwaal/Robust-Rail-NL/mathematical-models/local_search_plans_discreet_120/plan_33_trains_11_units2.json"
"/home/thomasverwaal/Robust-Rail-NL/mathematical-models/scenarios_solver_types_120/scenario_solver_33_trains_11_units2.json","Cost of next node: Cost = 487.4 : 573.72 | cr=16, dd=1, da=1, tlv=17, sm=66, rd=80.00, cd=0, um=0","Time elapsed: 17.18 seconds","/home/thomasverwaal/Robust-Rail-NL/mathematical-models/local_search_plans_discreet_120/plan_33_trains_11_units2.json"
"/home/thomasverwaal/Robust-Rail-NL/mathematical-models/scenarios_solver_types_120/scenario_solver_33_trains_11_units2.json","Cost of next node: Cost = 472.4 : 553.72 | cr=16, dd=1, da=1, tlv=16, sm=66, rd=81.82, cd=0, um=0","Time elapsed: 20.80 seconds","/home/thomasverwaal/Robust-Rail-NL/mathematical-models/local_search_plans_discreet_120/plan_33_trains_11_units2.json"
"/home/thomasverwaal/Robust-Rail-NL/mathematical-models/scenarios_solver_types_120/scenario_solver_33_trains_11_units2.json","Cost of next node: Cost = 457.4 : 533.72 | cr=16, dd=1, da=1, tlv=15, sm=66, rd=80.00, cd=0, um=0","Time elapsed: 23.77 seconds","/home/thomasverwaal/Robust-Rail-NL/mathematical-models/local_search_plans_discreet_120/plan_33_trains_11_units2.json"
"/home/thomasverwaal/Robust-Rail-NL/mathematical-models/scenarios_solver_types_120/scenario_solver_33_trains_11_units2.json","Cost of next node: Cost = 442.4 : 513.72 | cr=16, dd=1, da=1, tlv=14, sm=66, rd=81.82, cd=0, um=0","Time elapsed: 26.62 seconds","/home/thomasverwaal/Robust-Rail-NL/mathematical-models/local_search_plans_discreet_120/plan_33_trains_11_units2.json"
"/home/thomasverwaal/Robust-Rail-NL/mathematical-models/scenarios_solver_types_120/scenario_solver_33_trains_11_units2.json","Cost of next node: Cost = 432.4 : 503.72 | cr=15, dd=1, da=1, tlv=14, sm=66, rd=81.82, cd=0, um=0","Time elapsed: 29.53 seconds","/home/thomasverwaal/Robust-Rail-NL/mathematical-models/local_search_plans_discreet_120/plan_33_trains_11_units2.json"
"/home/thomasverwaal/Robust-Rail-NL/mathematical-models/scenarios_solver_types_120/scenario_solver_33_trains_11_units2.json","Cost of next node: Cost = 422.4 : 493.72 | cr=14, dd=1, da=1, tlv=14, sm=66, rd=81.82, cd=0, um=0","Time elapsed: 32.27 seconds","/home/thomasverwaal/Robust-Rail-NL/mathematical-models/local_search_plans_discreet_120/plan_33_trains_11_units2.json"
"/home/thomasverwaal/Robust-Rail-NL/mathematical-models/scenarios_solver_types_120/scenario_solver_33_trains_11_units2.json","Cost of next node: Cost = 412.4 : 483.72 | cr=13, dd=1, da=1, tlv=14, sm=66, rd=81.82, cd=0, um=0","Time elapsed: 34.79 seconds","/home/thomasverwaal/Robust-Rail-NL/mathematical-models/local_search_plans_discreet_120/plan_33_trains_11_units2.json"
"/home/thomasverwaal/Robust-Rail-NL/mathematical-models/scenarios_solver_types_120/scenario_solver_33_trains_11_units2.json","Cost of next node: Cost = 402.4 : 473.72 | cr=12, dd=1, da=1, tlv=14, sm=66, rd=81.82, cd=0, um=0","Time elapsed: 36.91 seconds","/home/thomasverwaal/Robust-Rail-NL/mathematical-models/local_search_plans_discreet_120/plan_33_trains_11_units2.json"
"/home/thomasverwaal/Robust-Rail-NL/mathematical-models/scenarios_solver_types_120/scenario_solver_33_trains_11_units2.json","Cost of next node: Cost = 386.8 : 463.12 | cr=12, dd=0, da=2, tlv=15, sm=66, rd=81.82, cd=0, um=0","Time elapsed: 39.03 seconds","/home/thomasverwaal/Robust-Rail-NL/mathematical-models/local_search_plans_discreet_120/plan_33_trains_11_units2.json"
"/home/thomasverwaal/Robust-Rail-NL/mathematical-models/scenarios_solver_types_120/scenario_solver_33_trains_11_units2.json","Cost of next node: Cost = 335.0 : 411.32 | cr=11, dd=0, da=0, tlv=15, sm=66, rd=78.18, cd=0, um=0","Time elapsed: 39.17 seconds","/home/thomasverwaal/Robust-Rail-NL/mathematical-models/local_search_plans_discreet_120/plan_33_trains_11_units2.json"
"/home/thomasverwaal/Robust-Rail-NL/mathematical-models/scenarios_solver_types_120/scenario_solver_33_trains_11_units2.json","Cost of next node: Cost = 325.0 : 401.32 | cr=10, dd=0, da=0, tlv=15, sm=66, rd=78.18, cd=0, um=0","Time elapsed: 41.65 seconds","/home/thomasverwaal/Robust-Rail-NL/mathematical-models/local_search_plans_discreet_120/plan_33_trains_11_units2.json"
"/home/thomasverwaal/Robust-Rail-NL/mathematical-models/scenarios_solver_types_120/scenario_solver_33_trains_11_units2.json","Cost of next node: Cost = 315.0 : 391.32 | cr=9, dd=0, da=0, tlv=15, sm=66, rd=78.18, cd=0, um=0","Time elapsed: 43.47 seconds","/home/thomasverwaal/Robust-Rail-NL/mathematical-models/local_search_plans_discreet_120/plan_33_trains_11_units2.json"
"/home/thomasverwaal/Robust-Rail-NL/mathematical-models/scenarios_solver_types_120/scenario_solver_33_trains_11_units2.json","Cost of next node: Cost = 305.0 : 381.32 | cr=8, dd=0, da=0, tlv=15, sm=66, rd=78.18, cd=0, um=0","Time elapsed: 44.94 seconds","/home/thomasverwaal/Robust-Rail-NL/mathematical-models/local_search_plans_discreet_120/plan_33_trains_11_units2.json"
"/home/thomasverwaal/Robust-Rail-NL/mathematical-models/scenarios_solver_types_120/scenario_solver_33_trains_11_units2.json","Cost of next node: Cost = 295.0 : 371.32 | cr=7, dd=0, da=0, tlv=15, sm=66, rd=78.18, cd=0, um=0","Time elapsed: 46.61 seconds","/home/thomasverwaal/Robust-Rail-NL/mathematical-models/local_search_plans_discreet_120/plan_33_trains_11_units2.json"
"/home/thomasverwaal/Robust-Rail-NL/mathematical-models/scenarios_solver_types_120/scenario_solver_33_trains_11_units2.json","Cost of next node: Cost = 285.0 : 361.32 | cr=6, dd=0, da=0, tlv=15, sm=66, rd=78.18, cd=0, um=0","Time elapsed: 47.93 seconds","/home/thomasverwaal/Robust-Rail-NL/mathematical-models/local_search_plans_discreet_120/plan_33_trains_11_units2.json"
"/home/thomasverwaal/Robust-Rail-NL/mathematical-models/scenarios_solver_types_120/scenario_solver_33_trains_11_units2.json","Cost of next node: Cost = 265.0 : 341.32 | cr=4, dd=0, da=0, tlv=15, sm=66, rd=80.00, cd=0, um=0","Time elapsed: 63.54 seconds","/home/thomasverwaal/Robust-Rail-NL/mathematical-models/local_search_plans_discreet_120/plan_33_trains_11_units2.json"
"/home/thomasverwaal/Robust-Rail-NL/mathematical-models/scenarios_solver_types_120/scenario_solver_33_trains_11_units2.json","Cost of next node: Cost = 255.0 : 331.32 | cr=3, dd=0, da=0, tlv=15, sm=66, rd=80.00, cd=0, um=0","Time elapsed: 66.82 seconds","/home/thomasverwaal/Robust-Rail-NL/mathematical-models/local_search_plans_discreet_120/plan_33_trains_11_units2.json"
"/home/thomasverwaal/Robust-Rail-NL/mathematical-models/scenarios_solver_types_120/scenario_solver_33_trains_11_units2.json","Cost of next node: Cost = 250.0 : 321.34 | cr=4, dd=0, da=0, tlv=14, sm=67, rd=84.18, cd=0, um=0","Time elapsed: 71.75 seconds","/home/thomasverwaal/Robust-Rail-NL/mathematical-models/local_search_plans_discreet_120/plan_33_trains_11_units2.json"
"/home/thomasverwaal/Robust-Rail-NL/mathematical-models/scenarios_solver_types_120/scenario_solver_33_trains_11_units2.json","Cost of next node: Cost = 245.0 : 311.36 | cr=5, dd=0, da=0, tlv=13, sm=68, rd=84.71, cd=0, um=0","Time elapsed: 128.05 seconds","/home/thomasverwaal/Robust-Rail-NL/mathematical-models/local_search_plans_discreet_120/plan_33_trains_11_units2.json"
"/home/thomasverwaal/Robust-Rail-NL/mathematical-models/scenarios_solver_types_120/scenario_solver_33_trains_11_units2.json","Cost of next node: Cost = 235.0 : 301.36 | cr=4, dd=0, da=0, tlv=13, sm=68, rd=82.94, cd=0, um=0","Time elapsed: 165.92 seconds","/home/thomasverwaal/Robust-Rail-NL/mathematical-models/local_search_plans_discreet_120/plan_33_trains_11_units2.json"
"/home/thomasverwaal/Robust-Rail-NL/mathematical-models/scenarios_solver_types_120/scenario_solver_33_trains_11_units2.json","NO_COST_FOUND","NO_TIME_FOUND","NO_PLAN_CREATED"
"/home/thomasverwaal/Robust-Rail-NL/mathematical-models/scenarios_solver_types_120/scenario_solver_33_trains_11_units20.json","Cost of next node: Cost = 2,863.4 : 2,864.68 | cr=46, dd=33, da=31, tlv=0, sm=66, rd=176.36, cd=0, um=0","Time elapsed: 4.46 seconds","/home/thomasverwaal/Robust-Rail-NL/mathematical-models/local_search_plans_discreet_120/plan_33_trains_11_units20.json"
"/home/thomasverwaal/Robust-Rail-NL/mathematical-models/scenarios_solver_types_120/scenario_solver_33_trains_11_units20.json","Cost of next node: Cost = 2,839.9 : 2,841.27 | cr=47, dd=33, da=30, tlv=0, sm=66, rd=171.82, cd=0, um=0","Time elapsed: 4.60 seconds","/home/thomasverwaal/Robust-Rail-NL/mathematical-models/local_search_plans_discreet_120/plan_33_trains_11_units20.json"
"/home/thomasverwaal/Robust-Rail-NL/mathematical-models/scenarios_solver_types_120/scenario_solver_33_trains_11_units20.json","Cost of next node: Cost = 2,800.9 : 2,807.18 | cr=43, dd=33, da=29, tlv=1, sm=66, rd=174.55, cd=0, um=0","Time elapsed: 4.72 seconds","/home/thomasverwaal/Robust-Rail-NL/mathematical-models/local_search_plans_discreet_120/plan_33_trains_11_units20.json"
"/home/thomasverwaal/Robust-Rail-NL/mathematical-models/scenarios_solver_types_120/scenario_solver_33_trains_11_units20.json","Cost of next node: Cost = 2,694.6 : 2,700.87 | cr=42, dd=33, da=25, tlv=1, sm=66, rd=168.18, cd=0, um=0","Time elapsed: 4.91 seconds","/home/thomasverwaal/Robust-Rail-NL/mathematical-models/local_search_plans_discreet_120/plan_33_trains_11_units20.json"
"/home/thomasverwaal/Robust-Rail-NL/mathematical-models/scenarios_solver_types_120/scenario_solver_33_trains_11_units20.json","Cost of next node: Cost = 2,555.7 : 2,561.99 | cr=43, dd=33, da=17, tlv=1, sm=66, rd=170.91, cd=0, um=0","Time elapsed: 5.00 seconds","/home/thomasverwaal/Robust-Rail-NL/mathematical-models/local_search_plans_discreet_120/plan_33_trains_11_units20.json"
"/home/thomasverwaal/Robust-Rail-NL/mathematical-models/scenarios_solver_types_120/scenario_solver_33_trains_11_units20.json","Cost of next node: Cost = 2,531.3 : 2,542.65 | cr=43, dd=33, da=15, tlv=2, sm=66, rd=169.09, cd=0, um=0","Time elapsed: 5.11 seconds","/home/thomasverwaal/Robust-Rail-NL/mathematical-models/local_search_plans_discreet_120/plan_33_trains_11_units20.json"
"/home/thomasverwaal/Robust-Rail-NL/mathematical-models/scenarios_solver_types_120/scenario_solver_33_trains_11_units20.json","Cost of next node: Cost = 2,475.9 : 2,487.27 | cr=44, dd=33, da=12, tlv=2, sm=66, rd=161.82, cd=0, um=0","Time elapsed: 5.21 seconds","/home/thomasverwaal/Robust-Rail-NL/mathematical-models/local_search_plans_discreet_120/plan_33_trains_11_units20.json"
"/home/thomasverwaal/Robust-Rail-NL/mathematical-models/scenarios_solver_types_120/scenario_solver_33_trains_11_units20.json","Cost of next node: Cost = 2,451.7 : 2,463.03 | cr=42, dd=33, da=12, tlv=2, sm=66, rd=161.82, cd=0, um=0","Time elapsed: 5.29 seconds","/home/thomasverwaal/Robust-Rail-NL/mathematical-models/local_search_plans_discreet_120/plan_33_trains_11_units20.json"
"/home/thomasverwaal/Robust-Rail-NL/mathematical-models/scenarios_solver_types_120/scenario_solver_33_trains_11_units20.json","Cost of next node: Cost = 2,423.4 : 2,439.73 | cr=39, dd=33, da=12, tlv=3, sm=66, rd=158.18, cd=0, um=0","Time elapsed: 5.52 seconds","/home/thomasverwaal/Robust-Rail-NL/mathematical-models/local_search_plans_discreet_120/plan_33_trains_11_units20.json"
"/home/thomasverwaal/Robust-Rail-NL/mathematical-models/scenarios_solver_types_120/scenario_solver_33_trains_11_units20.json","Cost of next node: Cost = 2,401.1 : 2,422.42 | cr=32, dd=33, da=14, tlv=4, sm=66, rd=156.36, cd=0, um=0","Time elapsed: 5.94 seconds","/home/thomasverwaal/Robust-Rail-NL/mathematical-models/local_search_plans_discreet_120/plan_33_trains_11_units20.json"
"/home/thomasverwaal/Robust-Rail-NL/mathematical-models/scenarios_solver_types_120/scenario_solver_33_trains_11_units20.json","Cost of next node: Cost = 2,377.8 : 2,394.14 | cr=37, dd=33, da=11, tlv=3, sm=66, rd=152.73, cd=0, um=0","Time elapsed: 6.07 seconds","/home/thomasverwaal/Robust-Rail-NL/mathematical-models/local_search_plans_discreet_120/plan_33_trains_11_units20.json"
"/home/thomasverwaal/Robust-Rail-NL/mathematical-models/scenarios_solver_types_120/scenario_solver_33_trains_11_units20.json","Cost of next node: Cost = 2,355.5 : 2,376.85 | cr=36, dd=33, da=11, tlv=4, sm=66, rd=145.45, cd=0, um=0","Time elapsed: 6.49 seconds","/home/thomasverwaal/Robust-Rail-NL/mathematical-models/local_search_plans_discreet_120/plan_33_trains_11_units20.json"
"/home/thomasverwaal/Robust-Rail-NL/mathematical-models/scenarios_solver_types_120/scenario_solver_33_trains_11_units20.json","Cost of next node: Cost = 2,327.2 : 2,353.52 | cr=34, dd=33, da=10, tlv=5, sm=66, rd=141.82, cd=0, um=0","Time elapsed: 6.83 seconds","/home/thomasverwaal/Robust-Rail-NL/mathematical-models/local_search_plans_discreet_120/plan_33_trains_11_units20.json"
"/home/thomasverwaal/Robust-Rail-NL/mathematical-models/scenarios_solver_types_120/scenario_solver_33_trains_11_units20.json","Cost of next node: Cost = 2,284.9 : 2,316.25 | cr=28, dd=33, da=10, tlv=6, sm=66, rd=143.64, cd=0, um=0","Time elapsed: 6.97 seconds","/home/thomasverwaal/Robust-Rail-NL/mathematical-models/local_search_plans_discreet_120/plan_33_trains_11_units20.json"
"/home/thomasverwaal/Robust-Rail-NL/mathematical-models/scenarios_solver_types_120/scenario_solver_33_trains_11_units20.json","Cost of next node: Cost = 2,240.9 : 2,272.19 | cr=25, dd=33, da=9, tlv=6, sm=66, rd=146.36, cd=0, um=0","Time elapsed: 7.56 seconds","/home/thomasverwaal/Robust-Rail-NL/mathematical-models/local_search_plans_discreet_120/plan_33_trains_11_units20.json"
"/home/thomasverwaal/Robust-Rail-NL/mathematical-models/scenarios_solver_types_120/scenario_solver_33_trains_11_units20.json","Cost of next node: Cost = 2,219.7 : 2,256.04 | cr=24, dd=33, da=8, tlv=7, sm=66, rd=144.55, cd=0, um=0","Time elapsed: 8.16 seconds","/home/thomasverwaal/Robust-Rail-NL/mathematical-models/local_search_plans_discreet_120/plan_33_trains_11_units20.json"
"/home/thomasverwaal/Robust-Rail-NL/mathematical-models/scenarios_solver_types_120/scenario_solver_33_trains_11_units20.json","Cost of next node: Cost = 2,187.8 : 2,229.09 | cr=23, dd=33, da=6, tlv=8, sm=66, rd=142.73, cd=0, um=0","Time elapsed: 8.72 seconds","/home/thomasverwaal/Robust-Rail-NL/mathematical-models/local_search_plans_discreet_120/plan_33_trains_11_units20.json"
"/home/thomasverwaal/Robust-Rail-NL/mathematical-models/scenarios_solver_types_120/scenario_solver_33_trains_11_units20.json","Cost of next node: Cost = 2,167.4 : 2,203.74 | cr=24, dd=33, da=6, tlv=7, sm=66, rd=139.09, cd=0, um=0","Time elapsed: 9.03 seconds","/home/thomasverwaal/Robust-Rail-NL/mathematical-models/local_search_plans_discreet_120/plan_33_trains_11_units20.json"
"/home/thomasverwaal/Robust-Rail-NL/mathematical-models/scenarios_solver_types_120/scenario_solver_33_trains_11_units20.json","Cost of next node: Cost = 2,146.7 : 2,188.00 | cr=23, dd=33, da=5, tlv=8, sm=66, rd=133.64, cd=0, um=0","Time elapsed: 9.57 seconds","/home/thomasverwaal/Robust-Rail-NL/mathematical-models/local_search_plans_discreet_120/plan_33_trains_11_units20.json"
"/home/thomasverwaal/Robust-Rail-NL/mathematical-models/scenarios_solver_types_120/scenario_solver_33_trains_11_units20.json","Cost of next node: Cost = 1,831.8 : 1,878.07 | cr=19, dd=28, da=4, tlv=9, sm=66, rd=124.55, cd=0, um=0","Time elapsed: 10.41 seconds","/home/thomasverwaal/Robust-Rail-NL/mathematical-models/local_search_plans_discreet_120/plan_33_trains_11_units20.json"
"/home/thomasverwaal/Robust-Rail-NL/mathematical-models/scenarios_solver_types_120/scenario_solver_33_trains_11_units20.json","Cost of next node: Cost = 1,700.3 : 1,746.64 | cr=21, dd=25, da=4, tlv=9, sm=66, rd=121.82, cd=0, um=0","Time elapsed: 10.51 seconds","/home/thomasverwaal/Robust-Rail-NL/mathematical-models/local_search_plans_discreet_120/plan_33_trains_11_units20.json"
"/home/thomasverwaal/Robust-Rail-NL/mathematical-models/scenarios_solver_types_120/scenario_solver_33_trains_11_units20.json","Cost of next node: Cost = 1,600.6 : 1,646.90 | cr=21, dd=23, da=4, tlv=9, sm=66, rd=121.82, cd=0, um=0","Time elapsed: 10.66 seconds","/home/thomasverwaal/Robust-Rail-NL/mathematical-models/local_search_plans_discreet_120/plan_33_trains_11_units20.json"
"/home/thomasverwaal/Robust-Rail-NL/mathematical-models/scenarios_solver_types_120/scenario_solver_33_trains_11_units20.json","Cost of next node: Cost = 1,452.3 : 1,498.66 | cr=21, dd=20, da=4, tlv=9, sm=66, rd=121.82, cd=0, um=0","Time elapsed: 10.76 seconds","/home/thomasverwaal/Robust-Rail-NL/mathematical-models/local_search_plans_discreet_120/plan_33_trains_11_units20.json"
"/home/thomasverwaal/Robust-Rail-NL/mathematical-models/scenarios_solver_types_120/scenario_solver_33_trains_11_units20.json","Cost of next node: Cost = 1,408.2 : 1,459.52 | cr=20, dd=19, da=4, tlv=10, sm=66, rd=118.18, cd=0, um=0","Time elapsed: 10.93 seconds","/home/thomasverwaal/Robust-Rail-NL/mathematical-models/local_search_plans_discreet_120/plan_33_trains_11_units20.json"
"/home/thomasverwaal/Robust-Rail-NL/mathematical-models/scenarios_solver_types_120/scenario_solver_33_trains_11_units20.json","Cost of next node: Cost = 1,286.4 : 1,342.72 | cr=19, dd=17, da=3, tlv=11, sm=66, rd=112.73, cd=0, um=0","Time elapsed: 11.87 seconds","/home/thomasverwaal/Robust-Rail-NL/mathematical-models/local_search_plans_discreet_120/plan_33_trains_11_units20.json"
"/home/thomasverwaal/Robust-Rail-NL/mathematical-models/scenarios_solver_types_120/scenario_solver_33_trains_11_units20.json","Cost of next node: Cost = 1,219.5 : 1,280.84 | cr=18, dd=16, da=2, tlv=12, sm=66, rd=109.09, cd=0, um=0","Time elapsed: 12.68 seconds","/home/thomasverwaal/Robust-Rail-NL/mathematical-models/local_search_plans_discreet_120/plan_33_trains_11_units20.json"
"/home/thomasverwaal/Robust-Rail-NL/mathematical-models/scenarios_solver_types_120/scenario_solver_33_trains_11_units20.json","Cost of next node: Cost = 1,148.4 : 1,214.71 | cr=17, dd=15, da=1, tlv=13, sm=66, rd=101.82, cd=0, um=0","Time elapsed: 13.06 seconds","/home/thomasverwaal/Robust-Rail-NL/mathematical-models/local_search_plans_discreet_120/plan_33_trains_11_units20.json"
"/home/thomasverwaal/Robust-Rail-NL/mathematical-models/scenarios_solver_types_120/scenario_solver_33_trains_11_units20.json","Cost of next node: Cost = 1,066.3 : 1,132.59 | cr=19, dd=13, da=1, tlv=13, sm=66, rd=100.00, cd=0, um=0","Time elapsed: 13.16 seconds","/home/thomasverwaal/Robust-Rail-NL/mathematical-models/local_search_plans_discreet_120/plan_33_trains_11_units20.json"
"/home/thomasverwaal/Robust-Rail-NL/mathematical-models/scenarios_solver_types_120/scenario_solver_33_trains_11_units20.json","Cost of next node: Cost = 981.7 : 1,053.02 | cr=19, dd=11, da=1, tlv=14, sm=66, rd=94.55, cd=0, um=0","Time elapsed: 13.37 seconds","/home/thomasverwaal/Robust-Rail-NL/mathematical-models/local_search_plans_discreet_120/plan_33_trains_11_units20.json"
"/home/thomasverwaal/Robust-Rail-NL/mathematical-models/scenarios_solver_types_120/scenario_solver_33_trains_11_units20.json","Cost of next node: Cost = 955.9 : 1,032.20 | cr=20, dd=10, da=1, tlv=15, sm=66, rd=92.73, cd=0, um=0","Time elapsed: 13.68 seconds","/home/thomasverwaal/Robust-Rail-NL/mathematical-models/local_search_plans_discreet_120/plan_33_trains_11_units20.json"
"/home/thomasverwaal/Robust-Rail-NL/mathematical-models/scenarios_solver_types_120/scenario_solver_33_trains_11_units20.json","Cost of next node: Cost = 920.5 : 1,001.82 | cr=20, dd=9, da=1, tlv=16, sm=66, rd=90.91, cd=0, um=0","Time elapsed: 13.93 seconds","/home/thomasverwaal/Robust-Rail-NL/mathematical-models/local_search_plans_discreet_120/plan_33_trains_11_units20.json"
"/home/thomasverwaal/Robust-Rail-NL/mathematical-models/scenarios_solver_types_120/scenario_solver_33_trains_11_units20.json","Cost of next node: Cost = 895.5 : 971.82 | cr=19, dd=9, da=1, tlv=15, sm=66, rd=90.91, cd=0, um=0","Time elapsed: 14.29 seconds","/home/thomasverwaal/Robust-Rail-NL/mathematical-models/local_search_plans_discreet_120/plan_33_trains_11_units20.json"
"/home/thomasverwaal/Robust-Rail-NL/mathematical-models/scenarios_solver_types_120/scenario_solver_33_trains_11_units20.json","Cost of next node: Cost = 870.7 : 952.02 | cr=20, dd=8, da=1, tlv=16, sm=66, rd=89.09, cd=0, um=0","Time elapsed: 14.51 seconds","/home/thomasverwaal/Robust-Rail-NL/mathematical-models/local_search_plans_discreet_120/plan_33_trains_11_units20.json"
"/home/thomasverwaal/Robust-Rail-NL/mathematical-models/scenarios_solver_types_120/scenario_solver_33_trains_11_units20.json","Cost of next node: Cost = 733.7 : 820.02 | cr=20, dd=5, da=1, tlv=17, sm=66, rd=83.64, cd=0, um=0","Time elapsed: 14.99 seconds","/home/thomasverwaal/Robust-Rail-NL/mathematical-models/local_search_plans_discreet_120/plan_33_trains_11_units20.json"
"/home/thomasverwaal/Robust-Rail-NL/mathematical-models/scenarios_solver_types_120/scenario_solver_33_trains_11_units20.json","Cost of next node: Cost = 460.0 : 551.32 | cr=19, dd=0, da=0, tlv=18, sm=66, rd=72.73, cd=0, um=0","Time elapsed: 15.34 seconds","/home/thomasverwaal/Robust-Rail-NL/mathematical-models/local_search_plans_discreet_120/plan_33_trains_11_units20.json"
"/home/thomasverwaal/Robust-Rail-NL/mathematical-models/scenarios_solver_types_120/scenario_solver_33_trains_11_units20.json","Cost of next node: Cost = 435.0 : 521.32 | cr=18, dd=0, da=0, tlv=17, sm=66, rd=74.55, cd=0, um=0","Time elapsed: 15.85 seconds","/home/thomasverwaal/Robust-Rail-NL/mathematical-models/local_search_plans_discreet_120/plan_33_trains_11_units20.json"
"/home/thomasverwaal/Robust-Rail-NL/mathematical-models/scenarios_solver_types_120/scenario_solver_33_trains_11_units20.json","Cost of next node: Cost = 415.0 : 501.32 | cr=16, dd=0, da=0, tlv=17, sm=66, rd=76.36, cd=0, um=0","Time elapsed: 22.28 seconds","/home/thomasverwaal/Robust-Rail-NL/mathematical-models/local_search_plans_discreet_120/plan_33_trains_11_units20.json"
"/home/thomasverwaal/Robust-Rail-NL/mathematical-models/scenarios_solver_types_120/scenario_solver_33_trains_11_units20.json","Cost of next node: Cost = 400.0 : 481.32 | cr=16, dd=0, da=0, tlv=16, sm=66, rd=78.18, cd=0, um=0","Time elapsed: 28.77 seconds","/home/thomasverwaal/Robust-Rail-NL/mathematical-models/local_search_plans_discreet_120/plan_33_trains_11_units20.json"
"/home/thomasverwaal/Robust-Rail-NL/mathematical-models/scenarios_solver_types_120/scenario_solver_33_trains_11_units20.json","Cost of next node: Cost = 385.0 : 461.32 | cr=16, dd=0, da=0, tlv=15, sm=66, rd=78.18, cd=0, um=0","Time elapsed: 34.41 seconds","/home/thomasverwaal/Robust-Rail-NL/mathematical-models/local_search_plans_discreet_120/plan_33_trains_11_units20.json"
"/home/thomasverwaal/Robust-Rail-NL/mathematical-models/scenarios_solver_types_120/scenario_solver_33_trains_11_units20.json","Cost of next node: Cost = 375.0 : 451.32 | cr=15, dd=0, da=0, tlv=15, sm=66, rd=78.18, cd=0, um=0","Time elapsed: 39.16 seconds","/home/thomasverwaal/Robust-Rail-NL/mathematical-models/local_search_plans_discreet_120/plan_33_trains_11_units20.json"
"/home/thomasverwaal/Robust-Rail-NL/mathematical-models/scenarios_solver_types_120/scenario_solver_33_trains_11_units20.json","Cost of next node: Cost = 365.0 : 441.32 | cr=14, dd=0, da=0, tlv=15, sm=66, rd=78.18, cd=0, um=0","Time elapsed: 43.66 seconds","/home/thomasverwaal/Robust-Rail-NL/mathematical-models/local_search_plans_discreet_120/plan_33_trains_11_units20.json"
"/home/thomasverwaal/Robust-Rail-NL/mathematical-models/scenarios_solver_types_120/scenario_solver_33_trains_11_units20.json","Cost of next node: Cost = 355.0 : 431.32 | cr=13, dd=0, da=0, tlv=15, sm=66, rd=80.00, cd=0, um=0","Time elapsed: 47.85 seconds","/home/thomasverwaal/Robust-Rail-NL/mathematical-models/local_search_plans_discreet_120/plan_33_trains_11_units20.json"
"/home/thomasverwaal/Robust-Rail-NL/mathematical-models/scenarios_solver_types_120/scenario_solver_33_trains_11_units20.json","Cost of next node: Cost = 345.0 : 421.32 | cr=12, dd=0, da=0, tlv=15, sm=66, rd=80.00, cd=0, um=0","Time elapsed: 51.42 seconds","/home/thomasverwaal/Robust-Rail-NL/mathematical-models/local_search_plans_discreet_120/plan_33_trains_11_units20.json"
"/home/thomasverwaal/Robust-Rail-NL/mathematical-models/scenarios_solver_types_120/scenario_solver_33_trains_11_units20.json","Cost of next node: Cost = 335.0 : 411.32 | cr=11, dd=0, da=0, tlv=15, sm=66, rd=80.00, cd=0, um=0","Time elapsed: 54.16 seconds","/home/thomasverwaal/Robust-Rail-NL/mathematical-models/local_search_plans_discreet_120/plan_33_trains_11_units20.json"
"/home/thomasverwaal/Robust-Rail-NL/mathematical-models/scenarios_solver_types_120/scenario_solver_33_trains_11_units20.json","Cost of next node: Cost = 325.0 : 401.32 | cr=10, dd=0, da=0, tlv=15, sm=66, rd=81.82, cd=0, um=0","Time elapsed: 58.90 seconds","/home/thomasverwaal/Robust-Rail-NL/mathematical-models/local_search_plans_discreet_120/plan_33_trains_11_units20.json"
"/home/thomasverwaal/Robust-Rail-NL/mathematical-models/scenarios_solver_types_120/scenario_solver_33_trains_11_units20.json","Cost of next node: Cost = 315.0 : 391.32 | cr=9, dd=0, da=0, tlv=15, sm=66, rd=80.00, cd=0, um=0","Time elapsed: 61.30 seconds","/home/thomasverwaal/Robust-Rail-NL/mathematical-models/local_search_plans_discreet_120/plan_33_trains_11_units20.json"
"/home/thomasverwaal/Robust-Rail-NL/mathematical-models/scenarios_solver_types_120/scenario_solver_33_trains_11_units20.json","Cost of next node: Cost = 305.0 : 381.32 | cr=8, dd=0, da=0, tlv=15, sm=66, rd=80.00, cd=0, um=0","Time elapsed: 63.68 seconds","/home/thomasverwaal/Robust-Rail-NL/mathematical-models/local_search_plans_discreet_120/plan_33_trains_11_units20.json"
"/home/thomasverwaal/Robust-Rail-NL/mathematical-models/scenarios_solver_types_120/scenario_solver_33_trains_11_units20.json","Cost of next node: Cost = 295.0 : 371.34 | cr=7, dd=0, da=0, tlv=15, sm=67, rd=80.60, cd=0, um=0","Time elapsed: 67.44 seconds","/home/thomasverwaal/Robust-Rail-NL/mathematical-models/local_search_plans_discreet_120/plan_33_trains_11_units20.json"
"/home/thomasverwaal/Robust-Rail-NL/mathematical-models/scenarios_solver_types_120/scenario_solver_33_trains_11_units20.json","Cost of next node: Cost = 285.0 : 361.34 | cr=6, dd=0, da=0, tlv=15, sm=67, rd=80.60, cd=0, um=0","Time elapsed: 81.75 seconds","/home/thomasverwaal/Robust-Rail-NL/mathematical-models/local_search_plans_discreet_120/plan_33_trains_11_units20.json"
"/home/thomasverwaal/Robust-Rail-NL/mathematical-models/scenarios_solver_types_120/scenario_solver_33_trains_11_units20.json","Cost of next node: Cost = 275.0 : 351.36 | cr=5, dd=0, da=0, tlv=15, sm=68, rd=79.41, cd=0, um=0","Time elapsed: 95.55 seconds","/home/thomasverwaal/Robust-Rail-NL/mathematical-models/local_search_plans_discreet_120/plan_33_trains_11_units20.json"
"/home/thomasverwaal/Robust-Rail-NL/mathematical-models/scenarios_solver_types_120/scenario_solver_33_trains_11_units20.json","Cost of next node: Cost = 265.0 : 341.38 | cr=4, dd=0, da=0, tlv=15, sm=69, rd=81.74, cd=0, um=0","Time elapsed: 164.94 seconds","/home/thomasverwaal/Robust-Rail-NL/mathematical-models/local_search_plans_discreet_120/plan_33_trains_11_units20.json"
"/home/thomasverwaal/Robust-Rail-NL/mathematical-models/scenarios_solver_types_120/scenario_solver_33_trains_11_units20.json","NO_COST_FOUND","NO_TIME_FOUND","NO_PLAN_CREATED"
"/home/thomasverwaal/Robust-Rail-NL/mathematical-models/scenarios_solver_types_120/scenario_solver_33_trains_11_units21.json","Cost of next node: Cost = 2,852.6 : 2,853.95 | cr=45, dd=33, da=31, tlv=0, sm=66, rd=177.27, cd=0, um=0","Time elapsed: 4.46 seconds","/home/thomasverwaal/Robust-Rail-NL/mathematical-models/local_search_plans_discreet_120/plan_33_trains_11_units21.json"
"/home/thomasverwaal/Robust-Rail-NL/mathematical-models/scenarios_solver_types_120/scenario_solver_33_trains_11_units21.json","Cost of next node: Cost = 2,827.6 : 2,828.89 | cr=42, dd=33, da=31, tlv=0, sm=66, rd=179.09, cd=0, um=0","Time elapsed: 4.54 seconds","/home/thomasverwaal/Robust-Rail-NL/mathematical-models/local_search_plans_discreet_120/plan_33_trains_11_units21.json"
"/home/thomasverwaal/Robust-Rail-NL/mathematical-models/scenarios_solver_types_120/scenario_solver_33_trains_11_units21.json","Cost of next node: Cost = 2,792.8 : 2,794.12 | cr=39, dd=33, da=31, tlv=0, sm=66, rd=179.09, cd=0, um=0","Time elapsed: 4.60 seconds","/home/thomasverwaal/Robust-Rail-NL/mathematical-models/local_search_plans_discreet_120/plan_33_trains_11_units21.json"
"/home/thomasverwaal/Robust-Rail-NL/mathematical-models/scenarios_solver_types_120/scenario_solver_33_trains_11_units21.json","Cost of next node: Cost = 2,771.9 : 2,773.24 | cr=37, dd=33, da=31, tlv=0, sm=66, rd=179.09, cd=0, um=0","Time elapsed: 4.68 seconds","/home/thomasverwaal/Robust-Rail-NL/mathematical-models/local_search_plans_discreet_120/plan_33_trains_11_units21.json"
"/home/thomasverwaal/Robust-Rail-NL/mathematical-models/scenarios_solver_types_120/scenario_solver_33_trains_11_units21.json","Cost of next node: Cost = 2,736.7 : 2,742.99 | cr=38, dd=33, da=29, tlv=1, sm=66, rd=176.36, cd=0, um=0","Time elapsed: 4.78 seconds","/home/thomasverwaal/Robust-Rail-NL/mathematical-models/local_search_plans_discreet_120/plan_33_trains_11_units21.json"
"/home/thomasverwaal/Robust-Rail-NL/mathematical-models/scenarios_solver_types_120/scenario_solver_33_trains_11_units21.json","Cost of next node: Cost = 2,710.5 : 2,716.85 | cr=43, dd=33, da=25, tlv=1, sm=66, rd=176.36, cd=0, um=0","Time elapsed: 4.89 seconds","/home/thomasverwaal/Robust-Rail-NL/mathematical-models/local_search_plans_discreet_120/plan_33_trains_11_units21.json"
"/home/thomasverwaal/Robust-Rail-NL/mathematical-models/scenarios_solver_types_120/scenario_solver_33_trains_11_units21.json","Cost of next node: Cost = 2,628.1 : 2,634.38 | cr=43, dd=33, da=21, tlv=1, sm=66, rd=172.73, cd=0, um=0","Time elapsed: 4.99 seconds","/home/thomasverwaal/Robust-Rail-NL/mathematical-models/local_search_plans_discreet_120/plan_33_trains_11_units21.json"
"/home/thomasverwaal/Robust-Rail-NL/mathematical-models/scenarios_solver_types_120/scenario_solver_33_trains_11_units21.json","Cost of next node: Cost = 2,539.3 : 2,550.60 | cr=39, dd=33, da=17, tlv=2, sm=66, rd=170.91, cd=0, um=0","Time elapsed: 5.07 seconds","/home/thomasverwaal/Robust-Rail-NL/mathematical-models/local_search_plans_discreet_120/plan_33_trains_11_units21.json"
"/home/thomasverwaal/Robust-Rail-NL/mathematical-models/scenarios_solver_types_120/scenario_solver_33_trains_11_units21.json","Cost of next node: Cost = 2,492.5 : 2,508.86 | cr=37, dd=33, da=15, tlv=3, sm=66, rd=167.27, cd=0, um=0","Time elapsed: 5.20 seconds","/home/thomasverwaal/Robust-Rail-NL/mathematical-models/local_search_plans_discreet_120/plan_33_trains_11_units21.json"
"/home/thomasverwaal/Robust-Rail-NL/mathematical-models/scenarios_solver_types_120/scenario_solver_33_trains_11_units21.json","Cost of next node: Cost = 2,469.5 : 2,485.86 | cr=36, dd=33, da=15, tlv=3, sm=66, rd=163.64, cd=0, um=0","Time elapsed: 5.52 seconds","/home/thomasverwaal/Robust-Rail-NL/mathematical-models/local_search_plans_discreet_120/plan_33_trains_11_units21.json"
"/home/thomasverwaal/Robust-Rail-NL/mathematical-models/scenarios_solver_types_120/scenario_solver_33_trains_11_units21.json","Cost of next node: Cost = 2,432.3 : 2,453.66 | cr=31, dd=33, da=15, tlv=4, sm=66, rd=161.82, cd=0, um=0","Time elapsed: 5.79 seconds","/home/thomasverwaal/Robust-Rail-NL/mathematical-models/local_search_plans_discreet_120/plan_33_trains_11_units21.json"
"/home/thomasverwaal/Robust-Rail-NL/mathematical-models/scenarios_solver_types_120/scenario_solver_33_trains_11_units21.json","Cost of next node: Cost = 2,410.6 : 2,431.94 | cr=31, dd=33, da=14, tlv=4, sm=66, rd=157.27, cd=0, um=0","Time elapsed: 6.20 seconds","/home/thomasverwaal/Robust-Rail-NL/mathematical-models/local_search_plans_discreet_120/plan_33_trains_11_units21.json"
"/home/thomasverwaal/Robust-Rail-NL/mathematical-models/scenarios_solver_types_120/scenario_solver_33_trains_11_units21.json","Cost of next node: Cost = 2,374.0 : 2,400.30 | cr=28, dd=33, da=13, tlv=5, sm=66, rd=153.64, cd=0, um=0","Time elapsed: 6.67 seconds","/home/thomasverwaal/Robust-Rail-NL/mathematical-models/local_search_plans_discreet_120/plan_33_trains_11_units21.json"
"/home/thomasverwaal/Robust-Rail-NL/mathematical-models/scenarios_solver_types_120/scenario_solver_33_trains_11_units21.json","Cost of next node: Cost = 2,329.0 : 2,360.30 | cr=22, dd=33, da=13, tlv=6, sm=66, rd=153.64, cd=0, um=0","Time elapsed: 7.37 seconds","/home/thomasverwaal/Robust-Rail-NL/mathematical-models/local_search_plans_discreet_120/plan_33_trains_11_units21.json"
"/home/thomasverwaal/Robust-Rail-NL/mathematical-models/scenarios_solver_types_120/scenario_solver_33_trains_11_units21.json","Cost of next node: Cost = 2,305.8 : 2,342.08 | cr=21, dd=33, da=12, tlv=7, sm=66, rd=148.18, cd=0, um=0","Time elapsed: 8.02 seconds","/home/thomasverwaal/Robust-Rail-NL/mathematical-models/local_search_plans_discreet_120/plan_33_trains_11_units21.json"
"/home/thomasverwaal/Robust-Rail-NL/mathematical-models/scenarios_solver_types_120/scenario_solver_33_trains_11_units21.json","Cost of next node: Cost = 2,275.3 : 2,316.65 | cr=21, dd=33, da=11, tlv=8, sm=66, rd=140.91, cd=0, um=0","Time elapsed: 8.70 seconds","/home/thomasverwaal/Robust-Rail-NL/mathematical-models/local_search_plans_discreet_120/plan_33_trains_11_units21.json"
"/home/thomasverwaal/Robust-Rail-NL/mathematical-models/scenarios_solver_types_120/scenario_solver_33_trains_11_units21.json","Cost of next node: Cost = 2,249.8 : 2,296.08 | cr=20, dd=33, da=10, tlv=9, sm=66, rd=135.45, cd=0, um=0","Time elapsed: 9.31 seconds","/home/thomasverwaal/Robust-Rail-NL/mathematical-models/local_search_plans_discreet_120/plan_33_trains_11_units21.json"
"/home/thomasverwaal/Robust-Rail-NL/mathematical-models/scenarios_solver_types_120/scenario_solver_33_trains_11_units21.json","Cost of next node: Cost = 2,219.2 : 2,270.52 | cr=21, dd=33, da=8, tlv=10, sm=66, rd=128.18, cd=0, um=0","Time elapsed: 9.99 seconds","/home/thomasverwaal/Robust-Rail-NL/mathematical-models/local_search_plans_discreet_120/plan_33_trains_11_units21.json"
"/home/thomasverwaal/Robust-Rail-NL/mathematical-models/scenarios_solver_types_120/scenario_solver_33_trains_11_units21.json","Cost of next node: Cost = 2,196.9 : 2,253.18 | cr=19, dd=33, da=7, tlv=11, sm=66, rd=130.00, cd=0, um=0","Time elapsed: 10.64 seconds","/home/thomasverwaal/Robust-Rail-NL/mathematical-models/local_search_plans_discreet_120/plan_33_trains_11_units21.json"
"/home/thomasverwaal/Robust-Rail-NL/mathematical-models/scenarios_solver_types_120/scenario_solver_33_trains_11_units21.json","Cost of next node: Cost = 2,173.4 : 2,234.75 | cr=19, dd=33, da=6, tlv=12, sm=66, rd=120.91, cd=0, um=0","Time elapsed: 10.99 seconds","/home/thomasverwaal/Robust-Rail-NL/mathematical-models/local_search_plans_discreet_120/plan_33_trains_11_units21.json"
"/home/thomasverwaal/Robust-Rail-NL/mathematical-models/scenarios_solver_types_120/scenario_solver_33_trains_11_units21.json","Cost of next node: Cost = 2,087.2 : 2,148.56 | cr=21, dd=31, da=6, tlv=12, sm=66, rd=119.09, cd=0, um=0","Time elapsed: 11.04 seconds","/home/thomasverwaal/Robust-Rail-NL/mathematical-models/local_search_plans_discreet_120/plan_33_trains_11_units21.json"
"/home/thomasverwaal/Robust-Rail-NL/mathematical-models/scenarios_solver_types_120/scenario_solver_33_trains_11_units21.json","Cost of next node: Cost = 2,028.5 : 2,089.81 | cr=20, dd=30, da=6, tlv=12, sm=66, rd=120.00, cd=0, um=0","Time elapsed: 11.16 seconds","/home/thomasverwaal/Robust-Rail-NL/mathematical-models/local_search_plans_discreet_120/plan_33_trains_11_units21.json"
"/home/thomasverwaal/Robust-Rail-NL/mathematical-models/scenarios_solver_types_120/scenario_solver_33_trains_11_units21.json","Cost of next node: Cost = 1,835.9 : 1,897.19 | cr=21, dd=26, da=6, tlv=12, sm=66, rd=114.55, cd=0, um=0","Time elapsed: 11.25 seconds","/home/thomasverwaal/Robust-Rail-NL/mathematical-models/local_search_plans_discreet_120/plan_33_trains_11_units21.json"
"/home/thomasverwaal/Robust-Rail-NL/mathematical-models/scenarios_solver_types_120/scenario_solver_33_trains_11_units21.json","Cost of next node: Cost = 1,784.5 : 1,845.87 | cr=21, dd=25, da=6, tlv=12, sm=66, rd=113.64, cd=0, um=0","Time elapsed: 11.34 seconds","/home/thomasverwaal/Robust-Rail-NL/mathematical-models/local_search_plans_discreet_120/plan_33_trains_11_units21.json"
"/home/thomasverwaal/Robust-Rail-NL/mathematical-models/scenarios_solver_types_120/scenario_solver_33_trains_11_units21.json","Cost of next node: Cost = 1,603.1 : 1,664.39 | cr=23, dd=21, da=6, tlv=12, sm=66, rd=112.73, cd=0, um=0","Time elapsed: 11.46 seconds","/home/thomasverwaal/Robust-Rail-NL/mathematical-models/local_search_plans_discreet_120/plan_33_trains_11_units21.json"
"/home/thomasverwaal/Robust-Rail-NL/mathematical-models/scenarios_solver_types_120/scenario_solver_33_trains_11_units21.json","Cost of next node: Cost = 1,568.1 : 1,634.46 | cr=23, dd=20, da=6, tlv=13, sm=66, rd=110.91, cd=0, um=0","Time elapsed: 11.77 seconds","/home/thomasverwaal/Robust-Rail-NL/mathematical-models/local_search_plans_discreet_120/plan_33_trains_11_units21.json"
"/home/thomasverwaal/Robust-Rail-NL/mathematical-models/scenarios_solver_types_120/scenario_solver_33_trains_11_units21.json","Cost of next node: Cost = 1,278.3 : 1,344.61 | cr=21, dd=15, da=5, tlv=13, sm=66, rd=105.45, cd=0, um=0","Time elapsed: 12.05 seconds","/home/thomasverwaal/Robust-Rail-NL/mathematical-models/local_search_plans_discreet_120/plan_33_trains_11_units21.json"
"/home/thomasverwaal/Robust-Rail-NL/mathematical-models/scenarios_solver_types_120/scenario_solver_33_trains_11_units21.json","Cost of next node: Cost = 1,172.6 : 1,243.93 | cr=21, dd=13, da=4, tlv=14, sm=66, rd=101.82, cd=0, um=0","Time elapsed: 12.41 seconds","/home/thomasverwaal/Robust-Rail-NL/mathematical-models/local_search_plans_discreet_120/plan_33_trains_11_units21.json"
"/home/thomasverwaal/Robust-Rail-NL/mathematical-models/scenarios_solver_types_120/scenario_solver_33_trains_11_units21.json","Cost of next node: Cost = 982.8 : 1,059.10 | cr=18, dd=10, da=3, tlv=15, sm=66, rd=94.55, cd=0, um=0","Time elapsed: 12.70 seconds","/home/thomasverwaal/Robust-Rail-NL/mathematical-models/local_search_plans_discreet_120/plan_33_trains_11_units21.json"
"/home/thomasverwaal/Robust-Rail-NL/mathematical-models/scenarios_solver_types_120/scenario_solver_33_trains_11_units21.json","Cost of next node: Cost = 665.4 : 746.72 | cr=18, dd=4, da=2, tlv=16, sm=66, rd=83.64, cd=0, um=0","Time elapsed: 13.12 seconds","/home/thomasverwaal/Robust-Rail-NL/mathematical-models/local_search_plans_discreet_120/plan_33_trains_11_units21.json"
"/home/thomasverwaal/Robust-Rail-NL/mathematical-models/scenarios_solver_types_120/scenario_solver_33_trains_11_units21.json","Cost of next node: Cost = 629.8 : 716.12 | cr=18, dd=3, da=2, tlv=17, sm=66, rd=78.18, cd=0, um=0","Time elapsed: 13.41 seconds","/home/thomasverwaal/Robust-Rail-NL/mathematical-models/local_search_plans_discreet_120/plan_33_trains_11_units21.json"
"/home/thomasverwaal/Robust-Rail-NL/mathematical-models/scenarios_solver_types_120/scenario_solver_33_trains_11_units21.json","Cost of next node: Cost = 584.8 : 676.12 | cr=17, dd=2, da=2, tlv=18, sm=66, rd=76.36, cd=0, um=0","Time elapsed: 13.83 seconds","/home/thomasverwaal/Robust-Rail-NL/mathematical-models/local_search_plans_discreet_120/plan_33_trains_11_units21.json"
"/home/thomasverwaal/Robust-Rail-NL/mathematical-models/scenarios_solver_types_120/scenario_solver_33_trains_11_units21.json","Cost of next node: Cost = 560.4 : 646.72 | cr=16, dd=2, da=2, tlv=17, sm=66, rd=78.18, cd=0, um=0","Time elapsed: 14.00 seconds","/home/thomasverwaal/Robust-Rail-NL/mathematical-models/local_search_plans_discreet_120/plan_33_trains_11_units21.json"
"/home/thomasverwaal/Robust-Rail-NL/mathematical-models/scenarios_solver_types_120/scenario_solver_33_trains_11_units21.json","Cost of next node: Cost = 540.4 : 626.72 | cr=14, dd=2, da=2, tlv=17, sm=66, rd=78.18, cd=0, um=0","Time elapsed: 19.66 seconds","/home/thomasverwaal/Robust-Rail-NL/mathematical-models/local_search_plans_discreet_120/plan_33_trains_11_units21.json"
"/home/thomasverwaal/Robust-Rail-NL/mathematical-models/scenarios_solver_types_120/scenario_solver_33_trains_11_units21.json","Cost of next node: Cost = 515.4 : 596.72 | cr=13, dd=2, da=2, tlv=16, sm=66, rd=78.18, cd=0, um=0","Time elapsed: 19.96 seconds","/home/thomasverwaal/Robust-Rail-NL/mathematical-models/local_search_plans_discreet_120/plan_33_trains_11_units21.json"
"/home/thomasverwaal/Robust-Rail-NL/mathematical-models/scenarios_solver_types_120/scenario_solver_33_trains_11_units21.json","Cost of next node: Cost = 500.4 : 576.72 | cr=13, dd=2, da=2, tlv=15, sm=66, rd=80.00, cd=0, um=0","Time elapsed: 24.31 seconds","/home/thomasverwaal/Robust-Rail-NL/mathematical-models/local_search_plans_discreet_120/plan_33_trains_11_units21.json"
"/home/thomasverwaal/Robust-Rail-NL/mathematical-models/scenarios_solver_types_120/scenario_solver_33_trains_11_units21.json","Cost of next node: Cost = 480.4 : 556.72 | cr=11, dd=2, da=2, tlv=15, sm=66, rd=81.82, cd=0, um=0","Time elapsed: 28.34 seconds","/home/thomasverwaal/Robust-Rail-NL/mathematical-models/local_search_plans_discreet_120/plan_33_trains_11_units21.json"
"/home/thomasverwaal/Robust-Rail-NL/mathematical-models/scenarios_solver_types_120/scenario_solver_33_trains_11_units21.json","Cost of next node: Cost = 465.4 : 536.72 | cr=11, dd=2, da=2, tlv=14, sm=66, rd=83.64, cd=0, um=0","Time elapsed: 31.97 seconds","/home/thomasverwaal/Robust-Rail-NL/mathematical-models/local_search_plans_discreet_120/plan_33_trains_11_units21.json"
"/home/thomasverwaal/Robust-Rail-NL/mathematical-models/scenarios_solver_types_120/scenario_solver_33_trains_11_units21.json","Cost of next node: Cost = 455.4 : 526.72 | cr=10, dd=2, da=2, tlv=14, sm=66, rd=83.64, cd=0, um=0","Time elapsed: 35.12 seconds","/home/thomasverwaal/Robust-Rail-NL/mathematical-models/local_search_plans_discreet_120/plan_33_trains_11_units21.json"
"/home/thomasverwaal/Robust-Rail-NL/mathematical-models/scenarios_solver_types_120/scenario_solver_33_trains_11_units21.json","Cost of next node: Cost = 445.4 : 516.72 | cr=9, dd=2, da=2, tlv=14, sm=66, rd=83.64, cd=0, um=0","Time elapsed: 37.97 seconds","/home/thomasverwaal/Robust-Rail-NL/mathematical-models/local_search_plans_discreet_120/plan_33_trains_11_units21.json"
"/home/thomasverwaal/Robust-Rail-NL/mathematical-models/scenarios_solver_types_120/scenario_solver_33_trains_11_units21.json","Cost of next node: Cost = 435.4 : 506.72 | cr=8, dd=2, da=2, tlv=14, sm=66, rd=83.64, cd=0, um=0","Time elapsed: 40.20 seconds","/home/thomasverwaal/Robust-Rail-NL/mathematical-models/local_search_plans_discreet_120/plan_33_trains_11_units21.json"
"/home/thomasverwaal/Robust-Rail-NL/mathematical-models/scenarios_solver_types_120/scenario_solver_33_trains_11_units21.json","Cost of next node: Cost = 425.4 : 496.72 | cr=7, dd=2, da=2, tlv=14, sm=66, rd=83.64, cd=0, um=0","Time elapsed: 45.27 seconds","/home/thomasverwaal/Robust-Rail-NL/mathematical-models/local_search_plans_discreet_120/plan_33_trains_11_units21.json"
"/home/thomasverwaal/Robust-Rail-NL/mathematical-models/scenarios_solver_types_120/scenario_solver_33_trains_11_units21.json","Cost of next node: Cost = 415.4 : 486.72 | cr=6, dd=2, da=2, tlv=14, sm=66, rd=83.64, cd=0, um=0","Time elapsed: 59.21 seconds","/home/thomasverwaal/Robust-Rail-NL/mathematical-models/local_search_plans_discreet_120/plan_33_trains_11_units21.json"
"/home/thomasverwaal/Robust-Rail-NL/mathematical-models/scenarios_solver_types_120/scenario_solver_33_trains_11_units21.json","Cost of next node: Cost = 405.4 : 476.72 | cr=5, dd=2, da=2, tlv=14, sm=66, rd=83.64, cd=0, um=0","Time elapsed: 60.80 seconds","/home/thomasverwaal/Robust-Rail-NL/mathematical-models/local_search_plans_discreet_120/plan_33_trains_11_units21.json"
"/home/thomasverwaal/Robust-Rail-NL/mathematical-models/scenarios_solver_types_120/scenario_solver_33_trains_11_units21.json","Cost of next node: Cost = 382.4 : 458.74 | cr=7, dd=1, da=1, tlv=16, sm=67, rd=80.60, cd=0, um=0","Time elapsed: 62.44 seconds","/home/thomasverwaal/Robust-Rail-NL/mathematical-models/local_search_plans_discreet_120/plan_33_trains_11_units21.json"
"/home/thomasverwaal/Robust-Rail-NL/mathematical-models/scenarios_solver_types_120/scenario_solver_33_trains_11_units21.json","Cost of next node: Cost = 285.0 : 361.32 | cr=6, dd=0, da=0, tlv=15, sm=66, rd=80.00, cd=0, um=0","Time elapsed: 62.74 seconds","/home/thomasverwaal/Robust-Rail-NL/mathematical-models/local_search_plans_discreet_120/plan_33_trains_11_units21.json"
"/home/thomasverwaal/Robust-Rail-NL/mathematical-models/scenarios_solver_types_120/scenario_solver_33_trains_11_units21.json","Cost of next node: Cost = 265.0 : 341.32 | cr=4, dd=0, da=0, tlv=15, sm=66, rd=80.00, cd=0, um=0","Time elapsed: 64.25 seconds","/home/thomasverwaal/Robust-Rail-NL/mathematical-models/local_search_plans_discreet_120/plan_33_trains_11_units21.json"
"/home/thomasverwaal/Robust-Rail-NL/mathematical-models/scenarios_solver_types_120/scenario_solver_33_trains_11_units21.json","Cost of next node: Cost = 255.0 : 331.34 | cr=3, dd=0, da=0, tlv=15, sm=67, rd=80.60, cd=0, um=0","Time elapsed: 66.93 seconds","/home/thomasverwaal/Robust-Rail-NL/mathematical-models/local_search_plans_discreet_120/plan_33_trains_11_units21.json"
"/home/thomasverwaal/Robust-Rail-NL/mathematical-models/scenarios_solver_types_120/scenario_solver_33_trains_11_units21.json","Cost of next node: Cost = 245.0 : 321.34 | cr=2, dd=0, da=0, tlv=15, sm=67, rd=80.60, cd=0, um=0","Time elapsed: 68.06 seconds","/home/thomasverwaal/Robust-Rail-NL/mathematical-models/local_search_plans_discreet_120/plan_33_trains_11_units21.json"
"/home/thomasverwaal/Robust-Rail-NL/mathematical-models/scenarios_solver_types_120/scenario_solver_33_trains_11_units21.json","Cost of next node: Cost = 235.0 : 311.34 | cr=1, dd=0, da=0, tlv=15, sm=67, rd=78.81, cd=0, um=0","Time elapsed: 69.34 seconds","/home/thomasverwaal/Robust-Rail-NL/mathematical-models/local_search_plans_discreet_120/plan_33_trains_11_units21.json"
"/home/thomasverwaal/Robust-Rail-NL/mathematical-models/scenarios_solver_types_120/scenario_solver_33_trains_11_units21.json","Cost of next node: Cost = 230.0 : 301.34 | cr=2, dd=0, da=0, tlv=14, sm=67, rd=80.60, cd=0, um=0","Time elapsed: 183.44 seconds","/home/thomasverwaal/Robust-Rail-NL/mathematical-models/local_search_plans_discreet_120/plan_33_trains_11_units21.json"
"/home/thomasverwaal/Robust-Rail-NL/mathematical-models/scenarios_solver_types_120/scenario_solver_33_trains_11_units21.json","Cost of next node: Cost = 220.0 : 291.36 | cr=1, dd=0, da=0, tlv=14, sm=68, rd=79.41, cd=0, um=0","Time elapsed: 195.30 seconds","/home/thomasverwaal/Robust-Rail-NL/mathematical-models/local_search_plans_discreet_120/plan_33_trains_11_units21.json"
"/home/thomasverwaal/Robust-Rail-NL/mathematical-models/scenarios_solver_types_120/scenario_solver_33_trains_11_units21.json","NO_COST_FOUND","NO_TIME_FOUND","NO_PLAN_CREATED"
"/home/thomasverwaal/Robust-Rail-NL/mathematical-models/scenarios_solver_types_120/scenario_solver_33_trains_11_units22.json","Cost of next node: Cost = 2,844.7 : 2,846.03 | cr=44, dd=33, da=31, tlv=0, sm=66, rd=179.09, cd=0, um=0","Time elapsed: 4.51 seconds","/home/thomasverwaal/Robust-Rail-NL/mathematical-models/local_search_plans_discreet_120/plan_33_trains_11_units22.json"
"/home/thomasverwaal/Robust-Rail-NL/mathematical-models/scenarios_solver_types_120/scenario_solver_33_trains_11_units22.json","Cost of next node: Cost = 2,809.8 : 2,816.17 | cr=45, dd=33, da=29, tlv=1, sm=66, rd=176.36, cd=0, um=0","Time elapsed: 4.63 seconds","/home/thomasverwaal/Robust-Rail-NL/mathematical-models/local_search_plans_discreet_120/plan_33_trains_11_units22.json"
"/home/thomasverwaal/Robust-Rail-NL/mathematical-models/scenarios_solver_types_120/scenario_solver_33_trains_11_units22.json","Cost of next node: Cost = 2,787.6 : 2,793.96 | cr=43, dd=33, da=29, tlv=1, sm=66, rd=176.36, cd=0, um=0","Time elapsed: 4.69 seconds","/home/thomasverwaal/Robust-Rail-NL/mathematical-models/local_search_plans_discreet_120/plan_33_trains_11_units22.json"
"/home/thomasverwaal/Robust-Rail-NL/mathematical-models/scenarios_solver_types_120/scenario_solver_33_trains_11_units22.json","Cost of next node: Cost = 2,765.9 : 2,772.18 | cr=49, dd=33, da=25, tlv=1, sm=66, rd=173.64, cd=0, um=0","Time elapsed: 4.83 seconds","/home/thomasverwaal/Robust-Rail-NL/mathematical-models/local_search_plans_discreet_120/plan_33_trains_11_units22.json"
"/home/thomasverwaal/Robust-Rail-NL/mathematical-models/scenarios_solver_types_120/scenario_solver_33_trains_11_units22.json","Cost of next node: Cost = 2,744.7 : 2,751.03 | cr=47, dd=33, da=25, tlv=1, sm=66, rd=174.55, cd=0, um=0","Time elapsed: 4.90 seconds","/home/thomasverwaal/Robust-Rail-NL/mathematical-models/local_search_plans_discreet_120/plan_33_trains_11_units22.json"
"/home/thomasverwaal/Robust-Rail-NL/mathematical-models/scenarios_solver_types_120/scenario_solver_33_trains_11_units22.json","Cost of next node: Cost = 2,714.7 : 2,721.03 | cr=44, dd=33, da=25, tlv=1, sm=66, rd=174.55, cd=0, um=0","Time elapsed: 4.98 seconds","/home/thomasverwaal/Robust-Rail-NL/mathematical-models/local_search_plans_discreet_120/plan_33_trains_11_units22.json"
"/home/thomasverwaal/Robust-Rail-NL/mathematical-models/scenarios_solver_types_120/scenario_solver_33_trains_11_units22.json","Cost of next node: Cost = 2,651.2 : 2,657.53 | cr=42, dd=33, da=23, tlv=1, sm=66, rd=170.91, cd=0, um=0","Time elapsed: 5.07 seconds","/home/thomasverwaal/Robust-Rail-NL/mathematical-models/local_search_plans_discreet_120/plan_33_trains_11_units22.json"
"/home/thomasverwaal/Robust-Rail-NL/mathematical-models/scenarios_solver_types_120/scenario_solver_33_trains_11_units22.json","Cost of next node: Cost = 2,536.6 : 2,547.92 | cr=38, dd=33, da=18, tlv=2, sm=66, rd=167.27, cd=0, um=0","Time elapsed: 5.14 seconds","/home/thomasverwaal/Robust-Rail-NL/mathematical-models/local_search_plans_discreet_120/plan_33_trains_11_units22.json"
"/home/thomasverwaal/Robust-Rail-NL/mathematical-models/scenarios_solver_types_120/scenario_solver_33_trains_11_units22.json","Cost of next node: Cost = 2,501.5 : 2,517.79 | cr=37, dd=33, da=16, tlv=3, sm=66, rd=163.64, cd=0, um=0","Time elapsed: 5.27 seconds","/home/thomasverwaal/Robust-Rail-NL/mathematical-models/local_search_plans_discreet_120/plan_33_trains_11_units22.json"
"/home/thomasverwaal/Robust-Rail-NL/mathematical-models/scenarios_solver_types_120/scenario_solver_33_trains_11_units22.json","Cost of next node: Cost = 2,442.6 : 2,463.89 | cr=36, dd=33, da=13, tlv=4, sm=66, rd=158.18, cd=0, um=0","Time elapsed: 5.41 seconds","/home/thomasverwaal/Robust-Rail-NL/mathematical-models/local_search_plans_discreet_120/plan_33_trains_11_units22.json"
"/home/thomasverwaal/Robust-Rail-NL/mathematical-models/scenarios_solver_types_120/scenario_solver_33_trains_11_units22.json","Cost of next node: Cost = 2,407.6 : 2,433.89 | cr=31, dd=33, da=13, tlv=5, sm=66, rd=158.18, cd=0, um=0","Time elapsed: 5.49 seconds","/home/thomasverwaal/Robust-Rail-NL/mathematical-models/local_search_plans_discreet_120/plan_33_trains_11_units22.json"
"/home/thomasverwaal/Robust-Rail-NL/mathematical-models/scenarios_solver_types_120/scenario_solver_33_trains_11_units22.json","Cost of next node: Cost = 2,385.9 : 2,417.19 | cr=30, dd=33, da=13, tlv=6, sm=66, rd=150.91, cd=0, um=0","Time elapsed: 5.88 seconds","/home/thomasverwaal/Robust-Rail-NL/mathematical-models/local_search_plans_discreet_120/plan_33_trains_11_units22.json"
"/home/thomasverwaal/Robust-Rail-NL/mathematical-models/scenarios_solver_types_120/scenario_solver_33_trains_11_units22.json","Cost of next node: Cost = 2,360.8 : 2,397.09 | cr=28, dd=33, da=12, tlv=7, sm=66, rd=149.09, cd=0, um=0","Time elapsed: 6.35 seconds","/home/thomasverwaal/Robust-Rail-NL/mathematical-models/local_search_plans_discreet_120/plan_33_trains_11_units22.json"
"/home/thomasverwaal/Robust-Rail-NL/mathematical-models/scenarios_solver_types_120/scenario_solver_33_trains_11_units22.json","Cost of next node: Cost = 2,333.6 : 2,374.96 | cr=21, dd=33, da=12, tlv=8, sm=66, rd=156.36, cd=0, um=0","Time elapsed: 6.91 seconds","/home/thomasverwaal/Robust-Rail-NL/mathematical-models/local_search_plans_discreet_120/plan_33_trains_11_units22.json"
"/home/thomasverwaal/Robust-Rail-NL/mathematical-models/scenarios_solver_types_120/scenario_solver_33_trains_11_units22.json","Cost of next node: Cost = 2,310.3 : 2,351.65 | cr=20, dd=33, da=12, tlv=8, sm=66, rd=152.73, cd=0, um=0","Time elapsed: 7.29 seconds","/home/thomasverwaal/Robust-Rail-NL/mathematical-models/local_search_plans_discreet_120/plan_33_trains_11_units22.json"
"/home/thomasverwaal/Robust-Rail-NL/mathematical-models/scenarios_solver_types_120/scenario_solver_33_trains_11_units22.json","Cost of next node: Cost = 2,268.7 : 2,310.02 | cr=19, dd=33, da=11, tlv=8, sm=66, rd=147.27, cd=0, um=0","Time elapsed: 7.86 seconds","/home/thomasverwaal/Robust-Rail-NL/mathematical-models/local_search_plans_discreet_120/plan_33_trains_11_units22.json"
"/home/thomasverwaal/Robust-Rail-NL/mathematical-models/scenarios_solver_types_120/scenario_solver_33_trains_11_units22.json","Cost of next node: Cost = 2,246.9 : 2,288.26 | cr=21, dd=33, da=10, tlv=8, sm=66, rd=140.00, cd=0, um=0","Time elapsed: 8.43 seconds","/home/thomasverwaal/Robust-Rail-NL/mathematical-models/local_search_plans_discreet_120/plan_33_trains_11_units22.json"
"/home/thomasverwaal/Robust-Rail-NL/mathematical-models/scenarios_solver_types_120/scenario_solver_33_trains_11_units22.json","Cost of next node: Cost = 2,209.8 : 2,256.08 | cr=18, dd=33, da=10, tlv=9, sm=66, rd=130.91, cd=0, um=0","Time elapsed: 9.11 seconds","/home/thomasverwaal/Robust-Rail-NL/mathematical-models/local_search_plans_discreet_120/plan_33_trains_11_units22.json"
"/home/thomasverwaal/Robust-Rail-NL/mathematical-models/scenarios_solver_types_120/scenario_solver_33_trains_11_units22.json","Cost of next node: Cost = 2,104.0 : 2,150.29 | cr=19, dd=31, da=10, tlv=9, sm=66, rd=125.45, cd=0, um=0","Time elapsed: 9.93 seconds","/home/thomasverwaal/Robust-Rail-NL/mathematical-models/local_search_plans_discreet_120/plan_33_trains_11_units22.json"
"/home/thomasverwaal/Robust-Rail-NL/mathematical-models/scenarios_solver_types_120/scenario_solver_33_trains_11_units22.json","Cost of next node: Cost = 2,022.9 : 2,069.25 | cr=21, dd=29, da=10, tlv=9, sm=66, rd=125.45, cd=0, um=0","Time elapsed: 10.03 seconds","/home/thomasverwaal/Robust-Rail-NL/mathematical-models/local_search_plans_discreet_120/plan_33_trains_11_units22.json"
"/home/thomasverwaal/Robust-Rail-NL/mathematical-models/scenarios_solver_types_120/scenario_solver_33_trains_11_units22.json","Cost of next node: Cost = 1,968.0 : 2,019.34 | cr=19, dd=28, da=10, tlv=10, sm=66, rd=121.82, cd=0, um=0","Time elapsed: 10.16 seconds","/home/thomasverwaal/Robust-Rail-NL/mathematical-models/local_search_plans_discreet_120/plan_33_trains_11_units22.json"
"/home/thomasverwaal/Robust-Rail-NL/mathematical-models/scenarios_solver_types_120/scenario_solver_33_trains_11_units22.json","Cost of next node: Cost = 1,918.8 : 1,970.09 | cr=19, dd=27, da=10, tlv=10, sm=66, rd=121.82, cd=0, um=0","Time elapsed: 10.35 seconds","/home/thomasverwaal/Robust-Rail-NL/mathematical-models/local_search_plans_discreet_120/plan_33_trains_11_units22.json"
"/home/thomasverwaal/Robust-Rail-NL/mathematical-models/scenarios_solver_types_120/scenario_solver_33_trains_11_units22.json","Cost of next node: Cost = 1,894.6 : 1,950.92 | cr=17, dd=27, da=9, tlv=11, sm=66, rd=120.00, cd=0, um=0","Time elapsed: 10.76 seconds","/home/thomasverwaal/Robust-Rail-NL/mathematical-models/local_search_plans_discreet_120/plan_33_trains_11_units22.json"
"/home/thomasverwaal/Robust-Rail-NL/mathematical-models/scenarios_solver_types_120/scenario_solver_33_trains_11_units22.json","Cost of next node: Cost = 1,709.1 : 1,770.40 | cr=17, dd=23, da=9, tlv=12, sm=66, rd=116.36, cd=0, um=0","Time elapsed: 11.18 seconds","/home/thomasverwaal/Robust-Rail-NL/mathematical-models/local_search_plans_discreet_120/plan_33_trains_11_units22.json"
"/home/thomasverwaal/Robust-Rail-NL/mathematical-models/scenarios_solver_types_120/scenario_solver_33_trains_11_units22.json","Cost of next node: Cost = 1,684.1 : 1,740.40 | cr=16, dd=23, da=9, tlv=11, sm=66, rd=118.18, cd=0, um=0","Time elapsed: 11.41 seconds","/home/thomasverwaal/Robust-Rail-NL/mathematical-models/local_search_plans_discreet_120/plan_33_trains_11_units22.json"
"/home/thomasverwaal/Robust-Rail-NL/mathematical-models/scenarios_solver_types_120/scenario_solver_33_trains_11_units22.json","Cost of next node: Cost = 1,628.5 : 1,684.83 | cr=21, dd=21, da=9, tlv=11, sm=66, rd=116.36, cd=0, um=0","Time elapsed: 11.89 seconds","/home/thomasverwaal/Robust-Rail-NL/mathematical-models/local_search_plans_discreet_120/plan_33_trains_11_units22.json"
"/home/thomasverwaal/Robust-Rail-NL/mathematical-models/scenarios_solver_types_120/scenario_solver_33_trains_11_units22.json","Cost of next node: Cost = 1,567.6 : 1,623.94 | cr=20, dd=20, da=9, tlv=11, sm=66, rd=116.36, cd=0, um=0","Time elapsed: 11.98 seconds","/home/thomasverwaal/Robust-Rail-NL/mathematical-models/local_search_plans_discreet_120/plan_33_trains_11_units22.json"
"/home/thomasverwaal/Robust-Rail-NL/mathematical-models/scenarios_solver_types_120/scenario_solver_33_trains_11_units22.json","Cost of next node: Cost = 1,484.0 : 1,545.34 | cr=20, dd=18, da=9, tlv=12, sm=66, rd=114.55, cd=0, um=0","Time elapsed: 12.67 seconds","/home/thomasverwaal/Robust-Rail-NL/mathematical-models/local_search_plans_discreet_120/plan_33_trains_11_units22.json"
"/home/thomasverwaal/Robust-Rail-NL/mathematical-models/scenarios_solver_types_120/scenario_solver_33_trains_11_units22.json","Cost of next node: Cost = 1,459.0 : 1,515.34 | cr=19, dd=18, da=9, tlv=11, sm=66, rd=116.36, cd=0, um=0","Time elapsed: 12.87 seconds","/home/thomasverwaal/Robust-Rail-NL/mathematical-models/local_search_plans_discreet_120/plan_33_trains_11_units22.json"
"/home/thomasverwaal/Robust-Rail-NL/mathematical-models/scenarios_solver_types_120/scenario_solver_33_trains_11_units22.json","Cost of next node: Cost = 1,404.5 : 1,465.82 | cr=17, dd=17, da=9, tlv=12, sm=66, rd=114.55, cd=0, um=0","Time elapsed: 13.18 seconds","/home/thomasverwaal/Robust-Rail-NL/mathematical-models/local_search_plans_discreet_120/plan_33_trains_11_units22.json"
"/home/thomasverwaal/Robust-Rail-NL/mathematical-models/scenarios_solver_types_120/scenario_solver_33_trains_11_units22.json","Cost of next node: Cost = 1,264.1 : 1,330.44 | cr=19, dd=14, da=8, tlv=13, sm=66, rd=109.09, cd=0, um=0","Time elapsed: 13.36 seconds","/home/thomasverwaal/Robust-Rail-NL/mathematical-models/local_search_plans_discreet_120/plan_33_trains_11_units22.json"
"/home/thomasverwaal/Robust-Rail-NL/mathematical-models/scenarios_solver_types_120/scenario_solver_33_trains_11_units22.json","Cost of next node: Cost = 1,150.9 : 1,222.19 | cr=19, dd=13, da=4, tlv=14, sm=66, rd=108.18, cd=0, um=0","Time elapsed: 13.66 seconds","/home/thomasverwaal/Robust-Rail-NL/mathematical-models/local_search_plans_discreet_120/plan_33_trains_11_units22.json"
"/home/thomasverwaal/Robust-Rail-NL/mathematical-models/scenarios_solver_types_120/scenario_solver_33_trains_11_units22.json","Cost of next node: Cost = 1,121.8 : 1,193.09 | cr=18, dd=13, da=3, tlv=14, sm=66, rd=104.55, cd=0, um=0","Time elapsed: 13.91 seconds","/home/thomasverwaal/Robust-Rail-NL/mathematical-models/local_search_plans_discreet_120/plan_33_trains_11_units22.json"
"/home/thomasverwaal/Robust-Rail-NL/mathematical-models/scenarios_solver_types_120/scenario_solver_33_trains_11_units22.json","Cost of next node: Cost = 1,017.6 : 1,093.87 | cr=18, dd=11, da=2, tlv=15, sm=66, rd=100.91, cd=0, um=0","Time elapsed: 14.28 seconds","/home/thomasverwaal/Robust-Rail-NL/mathematical-models/local_search_plans_discreet_120/plan_33_trains_11_units22.json"
"/home/thomasverwaal/Robust-Rail-NL/mathematical-models/scenarios_solver_types_120/scenario_solver_33_trains_11_units22.json","Cost of next node: Cost = 992.6 : 1,063.87 | cr=17, dd=11, da=2, tlv=14, sm=66, rd=102.73, cd=0, um=0","Time elapsed: 14.45 seconds","/home/thomasverwaal/Robust-Rail-NL/mathematical-models/local_search_plans_discreet_120/plan_33_trains_11_units22.json"
"/home/thomasverwaal/Robust-Rail-NL/mathematical-models/scenarios_solver_types_120/scenario_solver_33_trains_11_units22.json","Cost of next node: Cost = 812.7 : 889.02 | cr=15, dd=8, da=1, tlv=15, sm=66, rd=95.45, cd=0, um=0","Time elapsed: 14.86 seconds","/home/thomasverwaal/Robust-Rail-NL/mathematical-models/local_search_plans_discreet_120/plan_33_trains_11_units22.json"
"/home/thomasverwaal/Robust-Rail-NL/mathematical-models/scenarios_solver_types_120/scenario_solver_33_trains_11_units22.json","Cost of next node: Cost = 587.4 : 668.76 | cr=14, dd=4, da=0, tlv=16, sm=66, rd=84.55, cd=0, um=0","Time elapsed: 15.24 seconds","/home/thomasverwaal/Robust-Rail-NL/mathematical-models/local_search_plans_discreet_120/plan_33_trains_11_units22.json"
"/home/thomasverwaal/Robust-Rail-NL/mathematical-models/scenarios_solver_types_120/scenario_solver_33_trains_11_units22.json","Cost of next node: Cost = 562.4 : 638.76 | cr=13, dd=4, da=0, tlv=15, sm=66, rd=86.36, cd=0, um=0","Time elapsed: 15.39 seconds","/home/thomasverwaal/Robust-Rail-NL/mathematical-models/local_search_plans_discreet_120/plan_33_trains_11_units22.json"
"/home/thomasverwaal/Robust-Rail-NL/mathematical-models/scenarios_solver_types_120/scenario_solver_33_trains_11_units22.json","Cost of next node: Cost = 509.0 : 590.32 | cr=11, dd=3, da=0, tlv=16, sm=66, rd=84.55, cd=0, um=0","Time elapsed: 15.74 seconds","/home/thomasverwaal/Robust-Rail-NL/mathematical-models/local_search_plans_discreet_120/plan_33_trains_11_units22.json"
"/home/thomasverwaal/Robust-Rail-NL/mathematical-models/scenarios_solver_types_120/scenario_solver_33_trains_11_units22.json","Cost of next node: Cost = 436.8 : 518.14 | cr=14, dd=0, da=2, tlv=17, sm=67, rd=82.39, cd=0, um=0","Time elapsed: 17.48 seconds","/home/thomasverwaal/Robust-Rail-NL/mathematical-models/local_search_plans_discreet_120/plan_33_trains_11_units22.json"
"/home/thomasverwaal/Robust-Rail-NL/mathematical-models/scenarios_solver_types_120/scenario_solver_33_trains_11_units22.json","Cost of next node: Cost = 385.0 : 466.34 | cr=13, dd=0, da=0, tlv=17, sm=67, rd=78.81, cd=0, um=0","Time elapsed: 17.60 seconds","/home/thomasverwaal/Robust-Rail-NL/mathematical-models/local_search_plans_discreet_120/plan_33_trains_11_units22.json"
"/home/thomasverwaal/Robust-Rail-NL/mathematical-models/scenarios_solver_types_120/scenario_solver_33_trains_11_units22.json","Cost of next node: Cost = 365.0 : 446.34 | cr=11, dd=0, da=0, tlv=17, sm=67, rd=78.81, cd=0, um=0","Time elapsed: 22.67 seconds","/home/thomasverwaal/Robust-Rail-NL/mathematical-models/local_search_plans_discreet_120/plan_33_trains_11_units22.json"
"/home/thomasverwaal/Robust-Rail-NL/mathematical-models/scenarios_solver_types_120/scenario_solver_33_trains_11_units22.json","Cost of next node: Cost = 350.0 : 426.34 | cr=11, dd=0, da=0, tlv=16, sm=67, rd=80.60, cd=0, um=0","Time elapsed: 26.85 seconds","/home/thomasverwaal/Robust-Rail-NL/mathematical-models/local_search_plans_discreet_120/plan_33_trains_11_units22.json"
"/home/thomasverwaal/Robust-Rail-NL/mathematical-models/scenarios_solver_types_120/scenario_solver_33_trains_11_units22.json","Cost of next node: Cost = 335.0 : 411.32 | cr=11, dd=0, da=0, tlv=15, sm=66, rd=81.82, cd=0, um=0","Time elapsed: 30.74 seconds","/home/thomasverwaal/Robust-Rail-NL/mathematical-models/local_search_plans_discreet_120/plan_33_trains_11_units22.json"
"/home/thomasverwaal/Robust-Rail-NL/mathematical-models/scenarios_solver_types_120/scenario_solver_33_trains_11_units22.json","Cost of next node: Cost = 325.0 : 401.32 | cr=10, dd=0, da=0, tlv=15, sm=66, rd=81.82, cd=0, um=0","Time elapsed: 34.15 seconds","/home/thomasverwaal/Robust-Rail-NL/mathematical-models/local_search_plans_discreet_120/plan_33_trains_11_units22.json"
"/home/thomasverwaal/Robust-Rail-NL/mathematical-models/scenarios_solver_types_120/scenario_solver_33_trains_11_units22.json","Cost of next node: Cost = 315.0 : 391.32 | cr=9, dd=0, da=0, tlv=15, sm=66, rd=81.82, cd=0, um=0","Time elapsed: 36.93 seconds","/home/thomasverwaal/Robust-Rail-NL/mathematical-models/local_search_plans_discreet_120/plan_33_trains_11_units22.json"
"/home/thomasverwaal/Robust-Rail-NL/mathematical-models/scenarios_solver_types_120/scenario_solver_33_trains_11_units22.json","Cost of next node: Cost = 305.0 : 381.32 | cr=8, dd=0, da=0, tlv=15, sm=66, rd=81.82, cd=0, um=0","Time elapsed: 39.20 seconds","/home/thomasverwaal/Robust-Rail-NL/mathematical-models/local_search_plans_discreet_120/plan_33_trains_11_units22.json"
"/home/thomasverwaal/Robust-Rail-NL/mathematical-models/scenarios_solver_types_120/scenario_solver_33_trains_11_units22.json","Cost of next node: Cost = 295.0 : 371.32 | cr=7, dd=0, da=0, tlv=15, sm=66, rd=81.82, cd=0, um=0","Time elapsed: 41.18 seconds","/home/thomasverwaal/Robust-Rail-NL/mathematical-models/local_search_plans_discreet_120/plan_33_trains_11_units22.json"
"/home/thomasverwaal/Robust-Rail-NL/mathematical-models/scenarios_solver_types_120/scenario_solver_33_trains_11_units22.json","Cost of next node: Cost = 285.0 : 361.32 | cr=6, dd=0, da=0, tlv=15, sm=66, rd=81.82, cd=0, um=0","Time elapsed: 42.61 seconds","/home/thomasverwaal/Robust-Rail-NL/mathematical-models/local_search_plans_discreet_120/plan_33_trains_11_units22.json"
"/home/thomasverwaal/Robust-Rail-NL/mathematical-models/scenarios_solver_types_120/scenario_solver_33_trains_11_units22.json","Cost of next node: Cost = 275.0 : 351.32 | cr=5, dd=0, da=0, tlv=15, sm=66, rd=81.82, cd=0, um=0","Time elapsed: 46.23 seconds","/home/thomasverwaal/Robust-Rail-NL/mathematical-models/local_search_plans_discreet_120/plan_33_trains_11_units22.json"
"/home/thomasverwaal/Robust-Rail-NL/mathematical-models/scenarios_solver_types_120/scenario_solver_33_trains_11_units22.json","Cost of next node: Cost = 265.0 : 341.34 | cr=4, dd=0, da=0, tlv=15, sm=67, rd=78.81, cd=0, um=0","Time elapsed: 64.18 seconds","/home/thomasverwaal/Robust-Rail-NL/mathematical-models/local_search_plans_discreet_120/plan_33_trains_11_units22.json"
"/home/thomasverwaal/Robust-Rail-NL/mathematical-models/scenarios_solver_types_120/scenario_solver_33_trains_11_units22.json","Cost of next node: Cost = 260.0 : 331.36 | cr=5, dd=0, da=0, tlv=14, sm=68, rd=81.18, cd=0, um=0","Time elapsed: 131.86 seconds","/home/thomasverwaal/Robust-Rail-NL/mathematical-models/local_search_plans_discreet_120/plan_33_trains_11_units22.json"
"/home/thomasverwaal/Robust-Rail-NL/mathematical-models/scenarios_solver_types_120/scenario_solver_33_trains_11_units22.json","Cost of next node: Cost = 250.0 : 321.36 | cr=4, dd=0, da=0, tlv=14, sm=68, rd=81.18, cd=0, um=0","Time elapsed: 201.70 seconds","/home/thomasverwaal/Robust-Rail-NL/mathematical-models/local_search_plans_discreet_120/plan_33_trains_11_units22.json"
"/home/thomasverwaal/Robust-Rail-NL/mathematical-models/scenarios_solver_types_120/scenario_solver_33_trains_11_units22.json","NO_COST_FOUND","NO_TIME_FOUND","NO_PLAN_CREATED"
