scenario,cost_line,time_line,plan_file
"/home/thomasverwaal/Robust-Rail-NL/mathematical-models/scenarios_solver_types_120/scenario_solver_33_trains_33_units1.json","Cost of next node: Cost = 2,888.0 : 2,894.32 | cr=47, dd=33, da=29, tlv=1, sm=66, rd=180.91, cd=0, um=0","Time elapsed: 1.74 seconds","/home/thomasverwaal/Robust-Rail-NL/mathematical-models/local_search_plans_discreet_120/plan_33_trains_33_units1.json"
"/home/thomasverwaal/Robust-Rail-NL/mathematical-models/scenarios_solver_types_120/scenario_solver_33_trains_33_units1.json","Cost of next node: Cost = 2,867.7 : 2,878.98 | cr=47, dd=33, da=29, tlv=2, sm=66, rd=174.55, cd=0, um=0","Time elapsed: 1.85 seconds","/home/thomasverwaal/Robust-Rail-NL/mathematical-models/local_search_plans_discreet_120/plan_33_trains_33_units1.json"
"/home/thomasverwaal/Robust-Rail-NL/mathematical-models/scenarios_solver_types_120/scenario_solver_33_trains_33_units1.json","Cost of next node: Cost = 2,846.5 : 2,862.85 | cr=44, dd=33, da=28, tlv=3, sm=66, rd=173.64, cd=0, um=0","Time elapsed: 2.00 seconds","/home/thomasverwaal/Robust-Rail-NL/mathematical-models/local_search_plans_discreet_120/plan_33_trains_33_units1.json"
"/home/thomasverwaal/Robust-Rail-NL/mathematical-models/scenarios_solver_types_120/scenario_solver_33_trains_33_units1.json","Cost of next node: Cost = 2,806.6 : 2,827.89 | cr=40, dd=33, da=27, tlv=4, sm=66, rd=172.73, cd=0, um=0","Time elapsed: 2.10 seconds","/home/thomasverwaal/Robust-Rail-NL/mathematical-models/local_search_plans_discreet_120/plan_33_trains_33_units1.json"
"/home/thomasverwaal/Robust-Rail-NL/mathematical-models/scenarios_solver_types_120/scenario_solver_33_trains_33_units1.json","Cost of next node: Cost = 2,729.3 : 2,755.59 | cr=37, dd=33, da=24, tlv=5, sm=66, rd=172.73, cd=0, um=0","Time elapsed: 2.23 seconds","/home/thomasverwaal/Robust-Rail-NL/mathematical-models/local_search_plans_discreet_120/plan_33_trains_33_units1.json"
"/home/thomasverwaal/Robust-Rail-NL/mathematical-models/scenarios_solver_types_120/scenario_solver_33_trains_33_units1.json","Cost of next node: Cost = 2,666.0 : 2,697.33 | cr=42, dd=33, da=20, tlv=6, sm=66, rd=160.91, cd=0, um=0","Time elapsed: 2.45 seconds","/home/thomasverwaal/Robust-Rail-NL/mathematical-models/local_search_plans_discreet_120/plan_33_trains_33_units1.json"
"/home/thomasverwaal/Robust-Rail-NL/mathematical-models/scenarios_solver_types_120/scenario_solver_33_trains_33_units1.json","Cost of next node: Cost = 2,642.7 : 2,679.04 | cr=33, dd=33, da=22, tlv=7, sm=66, rd=174.55, cd=0, um=0","Time elapsed: 2.62 seconds","/home/thomasverwaal/Robust-Rail-NL/mathematical-models/local_search_plans_discreet_120/plan_33_trains_33_units1.json"
"/home/thomasverwaal/Robust-Rail-NL/mathematical-models/scenarios_solver_types_120/scenario_solver_33_trains_33_units1.json","Cost of next node: Cost = 2,599.0 : 2,630.27 | cr=38, dd=33, da=18, tlv=6, sm=66, rd=171.82, cd=0, um=0","Time elapsed: 2.68 seconds","/home/thomasverwaal/Robust-Rail-NL/mathematical-models/local_search_plans_discreet_120/plan_33_trains_33_units1.json"
"/home/thomasverwaal/Robust-Rail-NL/mathematical-models/scenarios_solver_types_120/scenario_solver_33_trains_33_units1.json","Cost of next node: Cost = 2,548.7 : 2,585.03 | cr=39, dd=33, da=14, tlv=7, sm=66, rd=171.82, cd=0, um=0","Time elapsed: 2.81 seconds","/home/thomasverwaal/Robust-Rail-NL/mathematical-models/local_search_plans_discreet_120/plan_33_trains_33_units1.json"
"/home/thomasverwaal/Robust-Rail-NL/mathematical-models/scenarios_solver_types_120/scenario_solver_33_trains_33_units1.json","Cost of next node: Cost = 2,507.6 : 2,548.94 | cr=37, dd=33, da=13, tlv=8, sm=66, rd=164.55, cd=0, um=0","Time elapsed: 3.04 seconds","/home/thomasverwaal/Robust-Rail-NL/mathematical-models/local_search_plans_discreet_120/plan_33_trains_33_units1.json"
"/home/thomasverwaal/Robust-Rail-NL/mathematical-models/scenarios_solver_types_120/scenario_solver_33_trains_33_units1.json","Cost of next node: Cost = 2,476.4 : 2,522.74 | cr=33, dd=33, da=13, tlv=9, sm=66, rd=167.27, cd=0, um=0","Time elapsed: 3.40 seconds","/home/thomasverwaal/Robust-Rail-NL/mathematical-models/local_search_plans_discreet_120/plan_33_trains_33_units1.json"
"/home/thomasverwaal/Robust-Rail-NL/mathematical-models/scenarios_solver_types_120/scenario_solver_33_trains_33_units1.json","Cost of next node: Cost = 2,446.6 : 2,497.88 | cr=28, dd=33, da=13, tlv=10, sm=66, rd=167.27, cd=0, um=0","Time elapsed: 3.95 seconds","/home/thomasverwaal/Robust-Rail-NL/mathematical-models/local_search_plans_discreet_120/plan_33_trains_33_units1.json"
"/home/thomasverwaal/Robust-Rail-NL/mathematical-models/scenarios_solver_types_120/scenario_solver_33_trains_33_units1.json","Cost of next node: Cost = 2,410.0 : 2,466.28 | cr=22, dd=33, da=13, tlv=11, sm=66, rd=169.09, cd=0, um=0","Time elapsed: 4.46 seconds","/home/thomasverwaal/Robust-Rail-NL/mathematical-models/local_search_plans_discreet_120/plan_33_trains_33_units1.json"
"/home/thomasverwaal/Robust-Rail-NL/mathematical-models/scenarios_solver_types_120/scenario_solver_33_trains_33_units1.json","Cost of next node: Cost = 2,354.3 : 2,410.62 | cr=19, dd=33, da=12, tlv=11, sm=66, rd=165.45, cd=0, um=0","Time elapsed: 4.64 seconds","/home/thomasverwaal/Robust-Rail-NL/mathematical-models/local_search_plans_discreet_120/plan_33_trains_33_units1.json"
"/home/thomasverwaal/Robust-Rail-NL/mathematical-models/scenarios_solver_types_120/scenario_solver_33_trains_33_units1.json","Cost of next node: Cost = 2,332.1 : 2,388.45 | cr=19, dd=33, da=11, tlv=11, sm=66, rd=165.45, cd=0, um=0","Time elapsed: 4.88 seconds","/home/thomasverwaal/Robust-Rail-NL/mathematical-models/local_search_plans_discreet_120/plan_33_trains_33_units1.json"
"/home/thomasverwaal/Robust-Rail-NL/mathematical-models/scenarios_solver_types_120/scenario_solver_33_trains_33_units1.json","Cost of next node: Cost = 2,309.0 : 2,370.31 | cr=18, dd=33, da=10, tlv=12, sm=66, rd=161.82, cd=0, um=0","Time elapsed: 5.08 seconds","/home/thomasverwaal/Robust-Rail-NL/mathematical-models/local_search_plans_discreet_120/plan_33_trains_33_units1.json"
"/home/thomasverwaal/Robust-Rail-NL/mathematical-models/scenarios_solver_types_120/scenario_solver_33_trains_33_units1.json","Cost of next node: Cost = 2,286.2 : 2,347.55 | cr=20, dd=33, da=9, tlv=12, sm=66, rd=155.45, cd=0, um=0","Time elapsed: 5.31 seconds","/home/thomasverwaal/Robust-Rail-NL/mathematical-models/local_search_plans_discreet_120/plan_33_trains_33_units1.json"
"/home/thomasverwaal/Robust-Rail-NL/mathematical-models/scenarios_solver_types_120/scenario_solver_33_trains_33_units1.json","Cost of next node: Cost = 2,265.0 : 2,326.30 | cr=21, dd=33, da=8, tlv=12, sm=66, rd=151.82, cd=0, um=0","Time elapsed: 5.56 seconds","/home/thomasverwaal/Robust-Rail-NL/mathematical-models/local_search_plans_discreet_120/plan_33_trains_33_units1.json"
"/home/thomasverwaal/Robust-Rail-NL/mathematical-models/scenarios_solver_types_120/scenario_solver_33_trains_33_units1.json","Cost of next node: Cost = 2,243.5 : 2,309.86 | cr=20, dd=33, da=8, tlv=13, sm=66, rd=141.82, cd=0, um=0","Time elapsed: 5.80 seconds","/home/thomasverwaal/Robust-Rail-NL/mathematical-models/local_search_plans_discreet_120/plan_33_trains_33_units1.json"
"/home/thomasverwaal/Robust-Rail-NL/mathematical-models/scenarios_solver_types_120/scenario_solver_33_trains_33_units1.json","Cost of next node: Cost = 2,062.1 : 2,133.41 | cr=26, dd=29, da=6, tlv=14, sm=66, rd=112.73, cd=0, um=0","Time elapsed: 6.16 seconds","/home/thomasverwaal/Robust-Rail-NL/mathematical-models/local_search_plans_discreet_120/plan_33_trains_33_units1.json"
"/home/thomasverwaal/Robust-Rail-NL/mathematical-models/scenarios_solver_types_120/scenario_solver_33_trains_33_units1.json","Cost of next node: Cost = 1,881.8 : 1,953.12 | cr=28, dd=25, da=6, tlv=14, sm=66, rd=110.91, cd=0, um=0","Time elapsed: 6.36 seconds","/home/thomasverwaal/Robust-Rail-NL/mathematical-models/local_search_plans_discreet_120/plan_33_trains_33_units1.json"
"/home/thomasverwaal/Robust-Rail-NL/mathematical-models/scenarios_solver_types_120/scenario_solver_33_trains_33_units1.json","Cost of next node: Cost = 1,832.3 : 1,903.61 | cr=28, dd=24, da=6, tlv=14, sm=66, rd=109.09, cd=0, um=0","Time elapsed: 6.52 seconds","/home/thomasverwaal/Robust-Rail-NL/mathematical-models/local_search_plans_discreet_120/plan_33_trains_33_units1.json"
"/home/thomasverwaal/Robust-Rail-NL/mathematical-models/scenarios_solver_types_120/scenario_solver_33_trains_33_units1.json","Cost of next node: Cost = 1,659.4 : 1,730.68 | cr=28, dd=21, da=5, tlv=14, sm=66, rd=105.45, cd=0, um=0","Time elapsed: 6.74 seconds","/home/thomasverwaal/Robust-Rail-NL/mathematical-models/local_search_plans_discreet_120/plan_33_trains_33_units1.json"
"/home/thomasverwaal/Robust-Rail-NL/mathematical-models/scenarios_solver_types_120/scenario_solver_33_trains_33_units1.json","Cost of next node: Cost = 1,634.4 : 1,700.68 | cr=27, dd=21, da=5, tlv=13, sm=66, rd=107.27, cd=0, um=0","Time elapsed: 7.01 seconds","/home/thomasverwaal/Robust-Rail-NL/mathematical-models/local_search_plans_discreet_120/plan_33_trains_33_units1.json"
"/home/thomasverwaal/Robust-Rail-NL/mathematical-models/scenarios_solver_types_120/scenario_solver_33_trains_33_units1.json","Cost of next node: Cost = 1,584.2 : 1,650.54 | cr=27, dd=20, da=5, tlv=13, sm=66, rd=105.45, cd=0, um=0","Time elapsed: 7.30 seconds","/home/thomasverwaal/Robust-Rail-NL/mathematical-models/local_search_plans_discreet_120/plan_33_trains_33_units1.json"
"/home/thomasverwaal/Robust-Rail-NL/mathematical-models/scenarios_solver_types_120/scenario_solver_33_trains_33_units1.json","Cost of next node: Cost = 1,538.2 : 1,609.47 | cr=26, dd=19, da=5, tlv=14, sm=66, rd=103.64, cd=0, um=0","Time elapsed: 7.46 seconds","/home/thomasverwaal/Robust-Rail-NL/mathematical-models/local_search_plans_discreet_120/plan_33_trains_33_units1.json"
"/home/thomasverwaal/Robust-Rail-NL/mathematical-models/scenarios_solver_types_120/scenario_solver_33_trains_33_units1.json","Cost of next node: Cost = 1,494.7 : 1,571.01 | cr=27, dd=18, da=4, tlv=15, sm=66, rd=100.00, cd=0, um=0","Time elapsed: 7.71 seconds","/home/thomasverwaal/Robust-Rail-NL/mathematical-models/local_search_plans_discreet_120/plan_33_trains_33_units1.json"
"/home/thomasverwaal/Robust-Rail-NL/mathematical-models/scenarios_solver_types_120/scenario_solver_33_trains_33_units1.json","Cost of next node: Cost = 1,469.7 : 1,541.01 | cr=26, dd=18, da=4, tlv=14, sm=66, rd=101.82, cd=0, um=0","Time elapsed: 7.94 seconds","/home/thomasverwaal/Robust-Rail-NL/mathematical-models/local_search_plans_discreet_120/plan_33_trains_33_units1.json"
"/home/thomasverwaal/Robust-Rail-NL/mathematical-models/scenarios_solver_types_120/scenario_solver_33_trains_33_units1.json","Cost of next node: Cost = 1,441.5 : 1,517.79 | cr=27, dd=17, da=4, tlv=15, sm=66, rd=100.00, cd=0, um=0","Time elapsed: 8.20 seconds","/home/thomasverwaal/Robust-Rail-NL/mathematical-models/local_search_plans_discreet_120/plan_33_trains_33_units1.json"
"/home/thomasverwaal/Robust-Rail-NL/mathematical-models/scenarios_solver_types_120/scenario_solver_33_trains_33_units1.json","Cost of next node: Cost = 1,416.5 : 1,487.79 | cr=26, dd=17, da=4, tlv=14, sm=66, rd=101.82, cd=0, um=0","Time elapsed: 8.37 seconds","/home/thomasverwaal/Robust-Rail-NL/mathematical-models/local_search_plans_discreet_120/plan_33_trains_33_units1.json"
"/home/thomasverwaal/Robust-Rail-NL/mathematical-models/scenarios_solver_types_120/scenario_solver_33_trains_33_units1.json","Cost of next node: Cost = 877.5 : 953.85 | cr=23, dd=7, da=3, tlv=15, sm=66, rd=94.55, cd=0, um=0","Time elapsed: 8.75 seconds","/home/thomasverwaal/Robust-Rail-NL/mathematical-models/local_search_plans_discreet_120/plan_33_trains_33_units1.json"
"/home/thomasverwaal/Robust-Rail-NL/mathematical-models/scenarios_solver_types_120/scenario_solver_33_trains_33_units1.json","Cost of next node: Cost = 553.0 : 634.32 | cr=21, dd=2, da=0, tlv=16, sm=66, rd=83.64, cd=0, um=0","Time elapsed: 9.07 seconds","/home/thomasverwaal/Robust-Rail-NL/mathematical-models/local_search_plans_discreet_120/plan_33_trains_33_units1.json"
"/home/thomasverwaal/Robust-Rail-NL/mathematical-models/scenarios_solver_types_120/scenario_solver_33_trains_33_units1.json","Cost of next node: Cost = 528.0 : 604.32 | cr=20, dd=2, da=0, tlv=15, sm=66, rd=83.64, cd=0, um=0","Time elapsed: 9.36 seconds","/home/thomasverwaal/Robust-Rail-NL/mathematical-models/local_search_plans_discreet_120/plan_33_trains_33_units1.json"
"/home/thomasverwaal/Robust-Rail-NL/mathematical-models/scenarios_solver_types_120/scenario_solver_33_trains_33_units1.json","Cost of next node: Cost = 498.0 : 574.32 | cr=17, dd=2, da=0, tlv=15, sm=66, rd=81.82, cd=0, um=0","Time elapsed: 9.65 seconds","/home/thomasverwaal/Robust-Rail-NL/mathematical-models/local_search_plans_discreet_120/plan_33_trains_33_units1.json"
"/home/thomasverwaal/Robust-Rail-NL/mathematical-models/scenarios_solver_types_120/scenario_solver_33_trains_33_units1.json","Cost of next node: Cost = 420.0 : 501.32 | cr=18, dd=0, da=0, tlv=16, sm=66, rd=76.36, cd=0, um=0","Time elapsed: 9.98 seconds","/home/thomasverwaal/Robust-Rail-NL/mathematical-models/local_search_plans_discreet_120/plan_33_trains_33_units1.json"
"/home/thomasverwaal/Robust-Rail-NL/mathematical-models/scenarios_solver_types_120/scenario_solver_33_trains_33_units1.json","Cost of next node: Cost = 395.0 : 471.32 | cr=17, dd=0, da=0, tlv=15, sm=66, rd=78.18, cd=0, um=0","Time elapsed: 10.12 seconds","/home/thomasverwaal/Robust-Rail-NL/mathematical-models/local_search_plans_discreet_120/plan_33_trains_33_units1.json"
"/home/thomasverwaal/Robust-Rail-NL/mathematical-models/scenarios_solver_types_120/scenario_solver_33_trains_33_units1.json","Cost of next node: Cost = 375.0 : 451.32 | cr=15, dd=0, da=0, tlv=15, sm=66, rd=80.00, cd=0, um=0","Time elapsed: 14.19 seconds","/home/thomasverwaal/Robust-Rail-NL/mathematical-models/local_search_plans_discreet_120/plan_33_trains_33_units1.json"
"/home/thomasverwaal/Robust-Rail-NL/mathematical-models/scenarios_solver_types_120/scenario_solver_33_trains_33_units1.json","Cost of next node: Cost = 365.0 : 441.32 | cr=14, dd=0, da=0, tlv=15, sm=66, rd=81.82, cd=0, um=0","Time elapsed: 17.65 seconds","/home/thomasverwaal/Robust-Rail-NL/mathematical-models/local_search_plans_discreet_120/plan_33_trains_33_units1.json"
"/home/thomasverwaal/Robust-Rail-NL/mathematical-models/scenarios_solver_types_120/scenario_solver_33_trains_33_units1.json","Cost of next node: Cost = 355.0 : 431.32 | cr=13, dd=0, da=0, tlv=15, sm=66, rd=83.64, cd=0, um=0","Time elapsed: 21.00 seconds","/home/thomasverwaal/Robust-Rail-NL/mathematical-models/local_search_plans_discreet_120/plan_33_trains_33_units1.json"
"/home/thomasverwaal/Robust-Rail-NL/mathematical-models/scenarios_solver_types_120/scenario_solver_33_trains_33_units1.json","Cost of next node: Cost = 345.0 : 421.32 | cr=12, dd=0, da=0, tlv=15, sm=66, rd=83.64, cd=0, um=0","Time elapsed: 23.82 seconds","/home/thomasverwaal/Robust-Rail-NL/mathematical-models/local_search_plans_discreet_120/plan_33_trains_33_units1.json"
"/home/thomasverwaal/Robust-Rail-NL/mathematical-models/scenarios_solver_types_120/scenario_solver_33_trains_33_units1.json","Cost of next node: Cost = 335.0 : 411.32 | cr=11, dd=0, da=0, tlv=15, sm=66, rd=83.64, cd=0, um=0","Time elapsed: 26.77 seconds","/home/thomasverwaal/Robust-Rail-NL/mathematical-models/local_search_plans_discreet_120/plan_33_trains_33_units1.json"
"/home/thomasverwaal/Robust-Rail-NL/mathematical-models/scenarios_solver_types_120/scenario_solver_33_trains_33_units1.json","Cost of next node: Cost = 325.0 : 401.32 | cr=10, dd=0, da=0, tlv=15, sm=66, rd=85.45, cd=0, um=0","Time elapsed: 29.10 seconds","/home/thomasverwaal/Robust-Rail-NL/mathematical-models/local_search_plans_discreet_120/plan_33_trains_33_units1.json"
"/home/thomasverwaal/Robust-Rail-NL/mathematical-models/scenarios_solver_types_120/scenario_solver_33_trains_33_units1.json","Cost of next node: Cost = 315.0 : 391.32 | cr=9, dd=0, da=0, tlv=15, sm=66, rd=83.64, cd=0, um=0","Time elapsed: 30.94 seconds","/home/thomasverwaal/Robust-Rail-NL/mathematical-models/local_search_plans_discreet_120/plan_33_trains_33_units1.json"
"/home/thomasverwaal/Robust-Rail-NL/mathematical-models/scenarios_solver_types_120/scenario_solver_33_trains_33_units1.json","Cost of next node: Cost = 305.0 : 381.32 | cr=8, dd=0, da=0, tlv=15, sm=66, rd=81.82, cd=0, um=0","Time elapsed: 32.79 seconds","/home/thomasverwaal/Robust-Rail-NL/mathematical-models/local_search_plans_discreet_120/plan_33_trains_33_units1.json"
"/home/thomasverwaal/Robust-Rail-NL/mathematical-models/scenarios_solver_types_120/scenario_solver_33_trains_33_units1.json","Cost of next node: Cost = 295.0 : 371.32 | cr=7, dd=0, da=0, tlv=15, sm=66, rd=81.82, cd=0, um=0","Time elapsed: 34.95 seconds","/home/thomasverwaal/Robust-Rail-NL/mathematical-models/local_search_plans_discreet_120/plan_33_trains_33_units1.json"
"/home/thomasverwaal/Robust-Rail-NL/mathematical-models/scenarios_solver_types_120/scenario_solver_33_trains_33_units1.json","Cost of next node: Cost = 285.0 : 361.32 | cr=6, dd=0, da=0, tlv=15, sm=66, rd=81.82, cd=0, um=0","Time elapsed: 36.95 seconds","/home/thomasverwaal/Robust-Rail-NL/mathematical-models/local_search_plans_discreet_120/plan_33_trains_33_units1.json"
"/home/thomasverwaal/Robust-Rail-NL/mathematical-models/scenarios_solver_types_120/scenario_solver_33_trains_33_units1.json","Cost of next node: Cost = 275.0 : 351.32 | cr=5, dd=0, da=0, tlv=15, sm=66, rd=80.00, cd=0, um=0","Time elapsed: 38.45 seconds","/home/thomasverwaal/Robust-Rail-NL/mathematical-models/local_search_plans_discreet_120/plan_33_trains_33_units1.json"
"/home/thomasverwaal/Robust-Rail-NL/mathematical-models/scenarios_solver_types_120/scenario_solver_33_trains_33_units1.json","Cost of next node: Cost = 265.0 : 341.32 | cr=4, dd=0, da=0, tlv=15, sm=66, rd=80.00, cd=0, um=0","Time elapsed: 40.06 seconds","/home/thomasverwaal/Robust-Rail-NL/mathematical-models/local_search_plans_discreet_120/plan_33_trains_33_units1.json"
"/home/thomasverwaal/Robust-Rail-NL/mathematical-models/scenarios_solver_types_120/scenario_solver_33_trains_33_units1.json","Cost of next node: Cost = 255.0 : 331.32 | cr=3, dd=0, da=0, tlv=15, sm=66, rd=80.00, cd=0, um=0","Time elapsed: 41.26 seconds","/home/thomasverwaal/Robust-Rail-NL/mathematical-models/local_search_plans_discreet_120/plan_33_trains_33_units1.json"
"/home/thomasverwaal/Robust-Rail-NL/mathematical-models/scenarios_solver_types_120/scenario_solver_33_trains_33_units1.json","Cost of next node: Cost = 245.0 : 321.32 | cr=2, dd=0, da=0, tlv=15, sm=66, rd=78.18, cd=0, um=0","Time elapsed: 42.28 seconds","/home/thomasverwaal/Robust-Rail-NL/mathematical-models/local_search_plans_discreet_120/plan_33_trains_33_units1.json"
"/home/thomasverwaal/Robust-Rail-NL/mathematical-models/scenarios_solver_types_120/scenario_solver_33_trains_33_units1.json","Cost of next node: Cost = 235.0 : 311.34 | cr=1, dd=0, da=0, tlv=15, sm=67, rd=80.60, cd=0, um=0","Time elapsed: 230.02 seconds","/home/thomasverwaal/Robust-Rail-NL/mathematical-models/local_search_plans_discreet_120/plan_33_trains_33_units1.json"
"/home/thomasverwaal/Robust-Rail-NL/mathematical-models/scenarios_solver_types_120/scenario_solver_33_trains_33_units1.json","NO_COST_FOUND","NO_TIME_FOUND","NO_PLAN_CREATED"
"/home/thomasverwaal/Robust-Rail-NL/mathematical-models/scenarios_solver_types_120/scenario_solver_33_trains_33_units10.json","Cost of next node: Cost = 3,001.4 : 3,007.73 | cr=57, dd=33, da=29, tlv=1, sm=66, rd=180.91, cd=0, um=0","Time elapsed: 1.45 seconds","/home/thomasverwaal/Robust-Rail-NL/mathematical-models/local_search_plans_discreet_120/plan_33_trains_33_units10.json"
"/home/thomasverwaal/Robust-Rail-NL/mathematical-models/scenarios_solver_types_120/scenario_solver_33_trains_33_units10.json","Cost of next node: Cost = 2,965.8 : 2,977.10 | cr=50, dd=33, da=29, tlv=2, sm=66, rd=188.18, cd=0, um=0","Time elapsed: 1.50 seconds","/home/thomasverwaal/Robust-Rail-NL/mathematical-models/local_search_plans_discreet_120/plan_33_trains_33_units10.json"
"/home/thomasverwaal/Robust-Rail-NL/mathematical-models/scenarios_solver_types_120/scenario_solver_33_trains_33_units10.json","Cost of next node: Cost = 2,943.1 : 2,959.46 | cr=48, dd=33, da=29, tlv=3, sm=66, rd=184.55, cd=0, um=0","Time elapsed: 1.66 seconds","/home/thomasverwaal/Robust-Rail-NL/mathematical-models/local_search_plans_discreet_120/plan_33_trains_33_units10.json"
"/home/thomasverwaal/Robust-Rail-NL/mathematical-models/scenarios_solver_types_120/scenario_solver_33_trains_33_units10.json","Cost of next node: Cost = 2,880.4 : 2,896.77 | cr=48, dd=33, da=27, tlv=3, sm=66, rd=178.18, cd=0, um=0","Time elapsed: 1.76 seconds","/home/thomasverwaal/Robust-Rail-NL/mathematical-models/local_search_plans_discreet_120/plan_33_trains_33_units10.json"
"/home/thomasverwaal/Robust-Rail-NL/mathematical-models/scenarios_solver_types_120/scenario_solver_33_trains_33_units10.json","Cost of next node: Cost = 2,830.4 : 2,851.69 | cr=47, dd=33, da=24, tlv=4, sm=66, rd=175.45, cd=0, um=0","Time elapsed: 1.86 seconds","/home/thomasverwaal/Robust-Rail-NL/mathematical-models/local_search_plans_discreet_120/plan_33_trains_33_units10.json"
"/home/thomasverwaal/Robust-Rail-NL/mathematical-models/scenarios_solver_types_120/scenario_solver_33_trains_33_units10.json","Cost of next node: Cost = 2,809.4 : 2,830.72 | cr=45, dd=33, da=24, tlv=4, sm=66, rd=173.64, cd=0, um=0","Time elapsed: 1.96 seconds","/home/thomasverwaal/Robust-Rail-NL/mathematical-models/local_search_plans_discreet_120/plan_33_trains_33_units10.json"
"/home/thomasverwaal/Robust-Rail-NL/mathematical-models/scenarios_solver_types_120/scenario_solver_33_trains_33_units10.json","Cost of next node: Cost = 2,721.0 : 2,747.33 | cr=37, dd=33, da=23, tlv=5, sm=66, rd=171.82, cd=0, um=0","Time elapsed: 2.04 seconds","/home/thomasverwaal/Robust-Rail-NL/mathematical-models/local_search_plans_discreet_120/plan_33_trains_33_units10.json"
"/home/thomasverwaal/Robust-Rail-NL/mathematical-models/scenarios_solver_types_120/scenario_solver_33_trains_33_units10.json","Cost of next node: Cost = 2,689.4 : 2,715.72 | cr=41, dd=33, da=19, tlv=5, sm=66, rd=170.91, cd=0, um=0","Time elapsed: 2.13 seconds","/home/thomasverwaal/Robust-Rail-NL/mathematical-models/local_search_plans_discreet_120/plan_33_trains_33_units10.json"
"/home/thomasverwaal/Robust-Rail-NL/mathematical-models/scenarios_solver_types_120/scenario_solver_33_trains_33_units10.json","Cost of next node: Cost = 2,656.0 : 2,687.28 | cr=43, dd=33, da=18, tlv=6, sm=66, rd=160.91, cd=0, um=0","Time elapsed: 2.35 seconds","/home/thomasverwaal/Robust-Rail-NL/mathematical-models/local_search_plans_discreet_120/plan_33_trains_33_units10.json"
"/home/thomasverwaal/Robust-Rail-NL/mathematical-models/scenarios_solver_types_120/scenario_solver_33_trains_33_units10.json","Cost of next node: Cost = 2,635.5 : 2,671.87 | cr=41, dd=33, da=18, tlv=7, sm=66, rd=155.45, cd=0, um=0","Time elapsed: 2.50 seconds","/home/thomasverwaal/Robust-Rail-NL/mathematical-models/local_search_plans_discreet_120/plan_33_trains_33_units10.json"
"/home/thomasverwaal/Robust-Rail-NL/mathematical-models/scenarios_solver_types_120/scenario_solver_33_trains_33_units10.json","Cost of next node: Cost = 2,607.4 : 2,643.69 | cr=41, dd=33, da=17, tlv=7, sm=66, rd=150.00, cd=0, um=0","Time elapsed: 2.56 seconds","/home/thomasverwaal/Robust-Rail-NL/mathematical-models/local_search_plans_discreet_120/plan_33_trains_33_units10.json"
"/home/thomasverwaal/Robust-Rail-NL/mathematical-models/scenarios_solver_types_120/scenario_solver_33_trains_33_units10.json","Cost of next node: Cost = 2,584.9 : 2,626.26 | cr=38, dd=33, da=17, tlv=8, sm=66, rd=148.18, cd=0, um=0","Time elapsed: 2.66 seconds","/home/thomasverwaal/Robust-Rail-NL/mathematical-models/local_search_plans_discreet_120/plan_33_trains_33_units10.json"
"/home/thomasverwaal/Robust-Rail-NL/mathematical-models/scenarios_solver_types_120/scenario_solver_33_trains_33_units10.json","Cost of next node: Cost = 2,505.3 : 2,551.60 | cr=39, dd=33, da=12, tlv=9, sm=66, rd=141.82, cd=0, um=0","Time elapsed: 2.72 seconds","/home/thomasverwaal/Robust-Rail-NL/mathematical-models/local_search_plans_discreet_120/plan_33_trains_33_units10.json"
"/home/thomasverwaal/Robust-Rail-NL/mathematical-models/scenarios_solver_types_120/scenario_solver_33_trains_33_units10.json","Cost of next node: Cost = 2,477.0 : 2,528.32 | cr=37, dd=33, da=11, tlv=10, sm=66, rd=138.18, cd=0, um=0","Time elapsed: 2.83 seconds","/home/thomasverwaal/Robust-Rail-NL/mathematical-models/local_search_plans_discreet_120/plan_33_trains_33_units10.json"
"/home/thomasverwaal/Robust-Rail-NL/mathematical-models/scenarios_solver_types_120/scenario_solver_33_trains_33_units10.json","Cost of next node: Cost = 2,455.2 : 2,506.54 | cr=34, dd=33, da=11, tlv=10, sm=66, rd=140.00, cd=0, um=0","Time elapsed: 3.27 seconds","/home/thomasverwaal/Robust-Rail-NL/mathematical-models/local_search_plans_discreet_120/plan_33_trains_33_units10.json"
"/home/thomasverwaal/Robust-Rail-NL/mathematical-models/scenarios_solver_types_120/scenario_solver_33_trains_33_units10.json","Cost of next node: Cost = 2,424.2 : 2,480.49 | cr=28, dd=33, da=11, tlv=11, sm=66, rd=148.18, cd=0, um=0","Time elapsed: 3.56 seconds","/home/thomasverwaal/Robust-Rail-NL/mathematical-models/local_search_plans_discreet_120/plan_33_trains_33_units10.json"
"/home/thomasverwaal/Robust-Rail-NL/mathematical-models/scenarios_solver_types_120/scenario_solver_33_trains_33_units10.json","Cost of next node: Cost = 2,390.7 : 2,447.06 | cr=27, dd=33, da=10, tlv=11, sm=66, rd=147.27, cd=0, um=0","Time elapsed: 3.95 seconds","/home/thomasverwaal/Robust-Rail-NL/mathematical-models/local_search_plans_discreet_120/plan_33_trains_33_units10.json"
"/home/thomasverwaal/Robust-Rail-NL/mathematical-models/scenarios_solver_types_120/scenario_solver_33_trains_33_units10.json","Cost of next node: Cost = 2,322.8 : 2,384.12 | cr=22, dd=33, da=10, tlv=12, sm=66, rd=137.27, cd=0, um=0","Time elapsed: 4.63 seconds","/home/thomasverwaal/Robust-Rail-NL/mathematical-models/local_search_plans_discreet_120/plan_33_trains_33_units10.json"
"/home/thomasverwaal/Robust-Rail-NL/mathematical-models/scenarios_solver_types_120/scenario_solver_33_trains_33_units10.json","Cost of next node: Cost = 2,298.3 : 2,359.67 | cr=22, dd=33, da=9, tlv=12, sm=66, rd=137.27, cd=0, um=0","Time elapsed: 4.82 seconds","/home/thomasverwaal/Robust-Rail-NL/mathematical-models/local_search_plans_discreet_120/plan_33_trains_33_units10.json"
"/home/thomasverwaal/Robust-Rail-NL/mathematical-models/scenarios_solver_types_120/scenario_solver_33_trains_33_units10.json","Cost of next node: Cost = 2,277.4 : 2,343.76 | cr=21, dd=33, da=8, tlv=13, sm=66, rd=133.64, cd=0, um=0","Time elapsed: 5.34 seconds","/home/thomasverwaal/Robust-Rail-NL/mathematical-models/local_search_plans_discreet_120/plan_33_trains_33_units10.json"
"/home/thomasverwaal/Robust-Rail-NL/mathematical-models/scenarios_solver_types_120/scenario_solver_33_trains_33_units10.json","Cost of next node: Cost = 2,255.4 : 2,321.73 | cr=23, dd=33, da=7, tlv=13, sm=66, rd=125.45, cd=0, um=0","Time elapsed: 5.97 seconds","/home/thomasverwaal/Robust-Rail-NL/mathematical-models/local_search_plans_discreet_120/plan_33_trains_33_units10.json"
"/home/thomasverwaal/Robust-Rail-NL/mathematical-models/scenarios_solver_types_120/scenario_solver_33_trains_33_units10.json","Cost of next node: Cost = 2,139.4 : 2,210.76 | cr=23, dd=31, da=6, tlv=14, sm=66, rd=120.00, cd=0, um=0","Time elapsed: 6.46 seconds","/home/thomasverwaal/Robust-Rail-NL/mathematical-models/local_search_plans_discreet_120/plan_33_trains_33_units10.json"
"/home/thomasverwaal/Robust-Rail-NL/mathematical-models/scenarios_solver_types_120/scenario_solver_33_trains_33_units10.json","Cost of next node: Cost = 2,003.0 : 2,079.36 | cr=23, dd=28, da=6, tlv=15, sm=66, rd=115.45, cd=0, um=0","Time elapsed: 6.57 seconds","/home/thomasverwaal/Robust-Rail-NL/mathematical-models/local_search_plans_discreet_120/plan_33_trains_33_units10.json"
"/home/thomasverwaal/Robust-Rail-NL/mathematical-models/scenarios_solver_types_120/scenario_solver_33_trains_33_units10.json","Cost of next node: Cost = 1,849.0 : 1,920.28 | cr=24, dd=25, da=6, tlv=14, sm=66, rd=113.64, cd=0, um=0","Time elapsed: 6.82 seconds","/home/thomasverwaal/Robust-Rail-NL/mathematical-models/local_search_plans_discreet_120/plan_33_trains_33_units10.json"
"/home/thomasverwaal/Robust-Rail-NL/mathematical-models/scenarios_solver_types_120/scenario_solver_33_trains_33_units10.json","Cost of next node: Cost = 1,824.0 : 1,890.28 | cr=23, dd=25, da=6, tlv=13, sm=66, rd=111.82, cd=0, um=0","Time elapsed: 7.11 seconds","/home/thomasverwaal/Robust-Rail-NL/mathematical-models/local_search_plans_discreet_120/plan_33_trains_33_units10.json"
"/home/thomasverwaal/Robust-Rail-NL/mathematical-models/scenarios_solver_types_120/scenario_solver_33_trains_33_units10.json","Cost of next node: Cost = 1,789.2 : 1,860.48 | cr=23, dd=24, da=6, tlv=14, sm=66, rd=110.00, cd=0, um=0","Time elapsed: 7.27 seconds","/home/thomasverwaal/Robust-Rail-NL/mathematical-models/local_search_plans_discreet_120/plan_33_trains_33_units10.json"
"/home/thomasverwaal/Robust-Rail-NL/mathematical-models/scenarios_solver_types_120/scenario_solver_33_trains_33_units10.json","Cost of next node: Cost = 1,673.6 : 1,749.92 | cr=24, dd=22, da=4, tlv=15, sm=66, rd=104.55, cd=0, um=0","Time elapsed: 7.60 seconds","/home/thomasverwaal/Robust-Rail-NL/mathematical-models/local_search_plans_discreet_120/plan_33_trains_33_units10.json"
"/home/thomasverwaal/Robust-Rail-NL/mathematical-models/scenarios_solver_types_120/scenario_solver_33_trains_33_units10.json","Cost of next node: Cost = 1,637.4 : 1,718.72 | cr=24, dd=21, da=4, tlv=16, sm=66, rd=102.73, cd=0, um=0","Time elapsed: 7.86 seconds","/home/thomasverwaal/Robust-Rail-NL/mathematical-models/local_search_plans_discreet_120/plan_33_trains_33_units10.json"
"/home/thomasverwaal/Robust-Rail-NL/mathematical-models/scenarios_solver_types_120/scenario_solver_33_trains_33_units10.json","Cost of next node: Cost = 1,612.4 : 1,688.72 | cr=23, dd=21, da=4, tlv=15, sm=66, rd=104.55, cd=0, um=0","Time elapsed: 8.14 seconds","/home/thomasverwaal/Robust-Rail-NL/mathematical-models/local_search_plans_discreet_120/plan_33_trains_33_units10.json"
"/home/thomasverwaal/Robust-Rail-NL/mathematical-models/scenarios_solver_types_120/scenario_solver_33_trains_33_units10.json","Cost of next node: Cost = 1,577.4 : 1,658.72 | cr=18, dd=21, da=4, tlv=16, sm=66, rd=106.36, cd=0, um=0","Time elapsed: 8.31 seconds","/home/thomasverwaal/Robust-Rail-NL/mathematical-models/local_search_plans_discreet_120/plan_33_trains_33_units10.json"
"/home/thomasverwaal/Robust-Rail-NL/mathematical-models/scenarios_solver_types_120/scenario_solver_33_trains_33_units10.json","Cost of next node: Cost = 1,148.1 : 1,234.38 | cr=16, dd=13, da=3, tlv=17, sm=66, rd=99.09, cd=0, um=0","Time elapsed: 8.74 seconds","/home/thomasverwaal/Robust-Rail-NL/mathematical-models/local_search_plans_discreet_120/plan_33_trains_33_units10.json"
"/home/thomasverwaal/Robust-Rail-NL/mathematical-models/scenarios_solver_types_120/scenario_solver_33_trains_33_units10.json","Cost of next node: Cost = 699.8 : 791.12 | cr=15, dd=5, da=1, tlv=18, sm=66, rd=88.18, cd=0, um=0","Time elapsed: 9.03 seconds","/home/thomasverwaal/Robust-Rail-NL/mathematical-models/local_search_plans_discreet_120/plan_33_trains_33_units10.json"
"/home/thomasverwaal/Robust-Rail-NL/mathematical-models/scenarios_solver_types_120/scenario_solver_33_trains_33_units10.json","Cost of next node: Cost = 674.8 : 761.12 | cr=14, dd=5, da=1, tlv=17, sm=66, rd=86.36, cd=0, um=0","Time elapsed: 9.26 seconds","/home/thomasverwaal/Robust-Rail-NL/mathematical-models/local_search_plans_discreet_120/plan_33_trains_33_units10.json"
"/home/thomasverwaal/Robust-Rail-NL/mathematical-models/scenarios_solver_types_120/scenario_solver_33_trains_33_units10.json","Cost of next node: Cost = 600.5 : 686.87 | cr=17, dd=3, da=1, tlv=17, sm=66, rd=80.00, cd=0, um=0","Time elapsed: 9.64 seconds","/home/thomasverwaal/Robust-Rail-NL/mathematical-models/local_search_plans_discreet_120/plan_33_trains_33_units10.json"
"/home/thomasverwaal/Robust-Rail-NL/mathematical-models/scenarios_solver_types_120/scenario_solver_33_trains_33_units10.json","Cost of next node: Cost = 576.5 : 657.77 | cr=16, dd=3, da=1, tlv=16, sm=66, rd=82.73, cd=0, um=0","Time elapsed: 9.95 seconds","/home/thomasverwaal/Robust-Rail-NL/mathematical-models/local_search_plans_discreet_120/plan_33_trains_33_units10.json"
"/home/thomasverwaal/Robust-Rail-NL/mathematical-models/scenarios_solver_types_120/scenario_solver_33_trains_33_units10.json","Cost of next node: Cost = 466.5 : 552.82 | cr=16, dd=1, da=0, tlv=17, sm=66, rd=76.36, cd=0, um=0","Time elapsed: 10.23 seconds","/home/thomasverwaal/Robust-Rail-NL/mathematical-models/local_search_plans_discreet_120/plan_33_trains_33_units10.json"
"/home/thomasverwaal/Robust-Rail-NL/mathematical-models/scenarios_solver_types_120/scenario_solver_33_trains_33_units10.json","Cost of next node: Cost = 420.0 : 511.32 | cr=15, dd=0, da=0, tlv=18, sm=66, rd=74.55, cd=0, um=0","Time elapsed: 10.61 seconds","/home/thomasverwaal/Robust-Rail-NL/mathematical-models/local_search_plans_discreet_120/plan_33_trains_33_units10.json"
"/home/thomasverwaal/Robust-Rail-NL/mathematical-models/scenarios_solver_types_120/scenario_solver_33_trains_33_units10.json","Cost of next node: Cost = 395.0 : 481.32 | cr=14, dd=0, da=0, tlv=17, sm=66, rd=76.36, cd=0, um=0","Time elapsed: 10.78 seconds","/home/thomasverwaal/Robust-Rail-NL/mathematical-models/local_search_plans_discreet_120/plan_33_trains_33_units10.json"
"/home/thomasverwaal/Robust-Rail-NL/mathematical-models/scenarios_solver_types_120/scenario_solver_33_trains_33_units10.json","Cost of next node: Cost = 380.0 : 461.32 | cr=14, dd=0, da=0, tlv=16, sm=66, rd=78.18, cd=0, um=0","Time elapsed: 15.13 seconds","/home/thomasverwaal/Robust-Rail-NL/mathematical-models/local_search_plans_discreet_120/plan_33_trains_33_units10.json"
"/home/thomasverwaal/Robust-Rail-NL/mathematical-models/scenarios_solver_types_120/scenario_solver_33_trains_33_units10.json","Cost of next node: Cost = 365.0 : 441.32 | cr=14, dd=0, da=0, tlv=15, sm=66, rd=78.18, cd=0, um=0","Time elapsed: 18.95 seconds","/home/thomasverwaal/Robust-Rail-NL/mathematical-models/local_search_plans_discreet_120/plan_33_trains_33_units10.json"
"/home/thomasverwaal/Robust-Rail-NL/mathematical-models/scenarios_solver_types_120/scenario_solver_33_trains_33_units10.json","Cost of next node: Cost = 355.0 : 431.32 | cr=13, dd=0, da=0, tlv=15, sm=66, rd=78.18, cd=0, um=0","Time elapsed: 23.04 seconds","/home/thomasverwaal/Robust-Rail-NL/mathematical-models/local_search_plans_discreet_120/plan_33_trains_33_units10.json"
"/home/thomasverwaal/Robust-Rail-NL/mathematical-models/scenarios_solver_types_120/scenario_solver_33_trains_33_units10.json","Cost of next node: Cost = 345.0 : 421.32 | cr=12, dd=0, da=0, tlv=15, sm=66, rd=78.18, cd=0, um=0","Time elapsed: 26.48 seconds","/home/thomasverwaal/Robust-Rail-NL/mathematical-models/local_search_plans_discreet_120/plan_33_trains_33_units10.json"
"/home/thomasverwaal/Robust-Rail-NL/mathematical-models/scenarios_solver_types_120/scenario_solver_33_trains_33_units10.json","Cost of next node: Cost = 335.0 : 411.32 | cr=11, dd=0, da=0, tlv=15, sm=66, rd=78.18, cd=0, um=0","Time elapsed: 29.25 seconds","/home/thomasverwaal/Robust-Rail-NL/mathematical-models/local_search_plans_discreet_120/plan_33_trains_33_units10.json"
"/home/thomasverwaal/Robust-Rail-NL/mathematical-models/scenarios_solver_types_120/scenario_solver_33_trains_33_units10.json","Cost of next node: Cost = 315.0 : 391.32 | cr=9, dd=0, da=0, tlv=15, sm=66, rd=78.18, cd=0, um=0","Time elapsed: 31.62 seconds","/home/thomasverwaal/Robust-Rail-NL/mathematical-models/local_search_plans_discreet_120/plan_33_trains_33_units10.json"
"/home/thomasverwaal/Robust-Rail-NL/mathematical-models/scenarios_solver_types_120/scenario_solver_33_trains_33_units10.json","Cost of next node: Cost = 305.0 : 381.32 | cr=8, dd=0, da=0, tlv=15, sm=66, rd=78.18, cd=0, um=0","Time elapsed: 33.95 seconds","/home/thomasverwaal/Robust-Rail-NL/mathematical-models/local_search_plans_discreet_120/plan_33_trains_33_units10.json"
"/home/thomasverwaal/Robust-Rail-NL/mathematical-models/scenarios_solver_types_120/scenario_solver_33_trains_33_units10.json","Cost of next node: Cost = 295.0 : 371.32 | cr=7, dd=0, da=0, tlv=15, sm=66, rd=78.18, cd=0, um=0","Time elapsed: 35.64 seconds","/home/thomasverwaal/Robust-Rail-NL/mathematical-models/local_search_plans_discreet_120/plan_33_trains_33_units10.json"
"/home/thomasverwaal/Robust-Rail-NL/mathematical-models/scenarios_solver_types_120/scenario_solver_33_trains_33_units10.json","Cost of next node: Cost = 285.0 : 361.32 | cr=6, dd=0, da=0, tlv=15, sm=66, rd=76.36, cd=0, um=0","Time elapsed: 37.21 seconds","/home/thomasverwaal/Robust-Rail-NL/mathematical-models/local_search_plans_discreet_120/plan_33_trains_33_units10.json"
"/home/thomasverwaal/Robust-Rail-NL/mathematical-models/scenarios_solver_types_120/scenario_solver_33_trains_33_units10.json","Cost of next node: Cost = 275.0 : 351.32 | cr=5, dd=0, da=0, tlv=15, sm=66, rd=76.36, cd=0, um=0","Time elapsed: 38.76 seconds","/home/thomasverwaal/Robust-Rail-NL/mathematical-models/local_search_plans_discreet_120/plan_33_trains_33_units10.json"
"/home/thomasverwaal/Robust-Rail-NL/mathematical-models/scenarios_solver_types_120/scenario_solver_33_trains_33_units10.json","Cost of next node: Cost = 270.0 : 341.36 | cr=6, dd=0, da=0, tlv=14, sm=68, rd=77.65, cd=0, um=0","Time elapsed: 49.33 seconds","/home/thomasverwaal/Robust-Rail-NL/mathematical-models/local_search_plans_discreet_120/plan_33_trains_33_units10.json"
"/home/thomasverwaal/Robust-Rail-NL/mathematical-models/scenarios_solver_types_120/scenario_solver_33_trains_33_units10.json","Cost of next node: Cost = 260.0 : 331.36 | cr=5, dd=0, da=0, tlv=14, sm=68, rd=77.65, cd=0, um=0","Time elapsed: 62.42 seconds","/home/thomasverwaal/Robust-Rail-NL/mathematical-models/local_search_plans_discreet_120/plan_33_trains_33_units10.json"
"/home/thomasverwaal/Robust-Rail-NL/mathematical-models/scenarios_solver_types_120/scenario_solver_33_trains_33_units10.json","NO_COST_FOUND","NO_TIME_FOUND","NO_PLAN_CREATED"
"/home/thomasverwaal/Robust-Rail-NL/mathematical-models/scenarios_solver_types_120/scenario_solver_33_trains_33_units11.json","Cost of next node: Cost = 2,903.9 : 2,910.25 | cr=48, dd=33, da=29, tlv=1, sm=66, rd=187.27, cd=0, um=0","Time elapsed: 1.75 seconds","/home/thomasverwaal/Robust-Rail-NL/mathematical-models/local_search_plans_discreet_120/plan_33_trains_33_units11.json"
"/home/thomasverwaal/Robust-Rail-NL/mathematical-models/scenarios_solver_types_120/scenario_solver_33_trains_33_units11.json","Cost of next node: Cost = 2,863.6 : 2,874.92 | cr=43, dd=33, da=28, tlv=2, sm=66, rd=186.36, cd=0, um=0","Time elapsed: 1.96 seconds","/home/thomasverwaal/Robust-Rail-NL/mathematical-models/local_search_plans_discreet_120/plan_33_trains_33_units11.json"
"/home/thomasverwaal/Robust-Rail-NL/mathematical-models/scenarios_solver_types_120/scenario_solver_33_trains_33_units11.json","Cost of next node: Cost = 2,843.0 : 2,859.37 | cr=41, dd=33, da=27, tlv=3, sm=66, rd=183.64, cd=0, um=0","Time elapsed: 2.15 seconds","/home/thomasverwaal/Robust-Rail-NL/mathematical-models/local_search_plans_discreet_120/plan_33_trains_33_units11.json"
"/home/thomasverwaal/Robust-Rail-NL/mathematical-models/scenarios_solver_types_120/scenario_solver_33_trains_33_units11.json","Cost of next node: Cost = 2,749.3 : 2,770.60 | cr=34, dd=33, da=26, tlv=4, sm=66, rd=179.09, cd=0, um=0","Time elapsed: 2.34 seconds","/home/thomasverwaal/Robust-Rail-NL/mathematical-models/local_search_plans_discreet_120/plan_33_trains_33_units11.json"
"/home/thomasverwaal/Robust-Rail-NL/mathematical-models/scenarios_solver_types_120/scenario_solver_33_trains_33_units11.json","Cost of next node: Cost = 2,703.2 : 2,724.52 | cr=35, dd=33, da=24, tlv=4, sm=66, rd=172.73, cd=0, um=0","Time elapsed: 2.42 seconds","/home/thomasverwaal/Robust-Rail-NL/mathematical-models/local_search_plans_discreet_120/plan_33_trains_33_units11.json"
"/home/thomasverwaal/Robust-Rail-NL/mathematical-models/scenarios_solver_types_120/scenario_solver_33_trains_33_units11.json","Cost of next node: Cost = 2,667.0 : 2,693.31 | cr=39, dd=33, da=22, tlv=5, sm=66, rd=161.82, cd=0, um=0","Time elapsed: 2.64 seconds","/home/thomasverwaal/Robust-Rail-NL/mathematical-models/local_search_plans_discreet_120/plan_33_trains_33_units11.json"
"/home/thomasverwaal/Robust-Rail-NL/mathematical-models/scenarios_solver_types_120/scenario_solver_33_trains_33_units11.json","Cost of next node: Cost = 2,636.8 : 2,668.16 | cr=40, dd=33, da=19, tlv=6, sm=66, rd=163.64, cd=0, um=0","Time elapsed: 2.74 seconds","/home/thomasverwaal/Robust-Rail-NL/mathematical-models/local_search_plans_discreet_120/plan_33_trains_33_units11.json"
"/home/thomasverwaal/Robust-Rail-NL/mathematical-models/scenarios_solver_types_120/scenario_solver_33_trains_33_units11.json","Cost of next node: Cost = 2,547.1 : 2,583.41 | cr=42, dd=33, da=13, tlv=7, sm=66, rd=154.55, cd=0, um=0","Time elapsed: 2.90 seconds","/home/thomasverwaal/Robust-Rail-NL/mathematical-models/local_search_plans_discreet_120/plan_33_trains_33_units11.json"
"/home/thomasverwaal/Robust-Rail-NL/mathematical-models/scenarios_solver_types_120/scenario_solver_33_trains_33_units11.json","Cost of next node: Cost = 2,521.2 : 2,557.49 | cr=41, dd=33, da=13, tlv=7, sm=66, rd=149.09, cd=0, um=0","Time elapsed: 3.06 seconds","/home/thomasverwaal/Robust-Rail-NL/mathematical-models/local_search_plans_discreet_120/plan_33_trains_33_units11.json"
"/home/thomasverwaal/Robust-Rail-NL/mathematical-models/scenarios_solver_types_120/scenario_solver_33_trains_33_units11.json","Cost of next node: Cost = 2,500.0 : 2,531.29 | cr=41, dd=33, da=12, tlv=6, sm=66, rd=149.09, cd=0, um=0","Time elapsed: 3.26 seconds","/home/thomasverwaal/Robust-Rail-NL/mathematical-models/local_search_plans_discreet_120/plan_33_trains_33_units11.json"
"/home/thomasverwaal/Robust-Rail-NL/mathematical-models/scenarios_solver_types_120/scenario_solver_33_trains_33_units11.json","Cost of next node: Cost = 2,466.9 : 2,503.25 | cr=37, dd=33, da=12, tlv=7, sm=66, rd=147.27, cd=0, um=0","Time elapsed: 3.47 seconds","/home/thomasverwaal/Robust-Rail-NL/mathematical-models/local_search_plans_discreet_120/plan_33_trains_33_units11.json"
"/home/thomasverwaal/Robust-Rail-NL/mathematical-models/scenarios_solver_types_120/scenario_solver_33_trains_33_units11.json","Cost of next node: Cost = 2,445.0 : 2,486.28 | cr=34, dd=33, da=12, tlv=8, sm=66, rd=143.64, cd=0, um=0","Time elapsed: 3.61 seconds","/home/thomasverwaal/Robust-Rail-NL/mathematical-models/local_search_plans_discreet_120/plan_33_trains_33_units11.json"
"/home/thomasverwaal/Robust-Rail-NL/mathematical-models/scenarios_solver_types_120/scenario_solver_33_trains_33_units11.json","Cost of next node: Cost = 2,411.4 : 2,457.76 | cr=33, dd=33, da=11, tlv=9, sm=66, rd=136.36, cd=0, um=0","Time elapsed: 3.80 seconds","/home/thomasverwaal/Robust-Rail-NL/mathematical-models/local_search_plans_discreet_120/plan_33_trains_33_units11.json"
"/home/thomasverwaal/Robust-Rail-NL/mathematical-models/scenarios_solver_types_120/scenario_solver_33_trains_33_units11.json","Cost of next node: Cost = 2,380.8 : 2,432.17 | cr=28, dd=33, da=11, tlv=10, sm=66, rd=138.18, cd=0, um=0","Time elapsed: 3.93 seconds","/home/thomasverwaal/Robust-Rail-NL/mathematical-models/local_search_plans_discreet_120/plan_33_trains_33_units11.json"
"/home/thomasverwaal/Robust-Rail-NL/mathematical-models/scenarios_solver_types_120/scenario_solver_33_trains_33_units11.json","Cost of next node: Cost = 2,346.0 : 2,402.34 | cr=22, dd=33, da=11, tlv=11, sm=66, rd=143.64, cd=0, um=0","Time elapsed: 4.46 seconds","/home/thomasverwaal/Robust-Rail-NL/mathematical-models/local_search_plans_discreet_120/plan_33_trains_33_units11.json"
"/home/thomasverwaal/Robust-Rail-NL/mathematical-models/scenarios_solver_types_120/scenario_solver_33_trains_33_units11.json","Cost of next node: Cost = 2,316.9 : 2,373.22 | cr=19, dd=33, da=11, tlv=11, sm=66, rd=141.82, cd=0, um=0","Time elapsed: 4.73 seconds","/home/thomasverwaal/Robust-Rail-NL/mathematical-models/local_search_plans_discreet_120/plan_33_trains_33_units11.json"
"/home/thomasverwaal/Robust-Rail-NL/mathematical-models/scenarios_solver_types_120/scenario_solver_33_trains_33_units11.json","Cost of next node: Cost = 2,294.3 : 2,350.60 | cr=14, dd=33, da=12, tlv=11, sm=66, rd=143.64, cd=0, um=0","Time elapsed: 4.88 seconds","/home/thomasverwaal/Robust-Rail-NL/mathematical-models/local_search_plans_discreet_120/plan_33_trains_33_units11.json"
"/home/thomasverwaal/Robust-Rail-NL/mathematical-models/scenarios_solver_types_120/scenario_solver_33_trains_33_units11.json","Cost of next node: Cost = 2,270.9 : 2,332.23 | cr=12, dd=33, da=12, tlv=12, sm=66, rd=138.18, cd=0, um=0","Time elapsed: 5.20 seconds","/home/thomasverwaal/Robust-Rail-NL/mathematical-models/local_search_plans_discreet_120/plan_33_trains_33_units11.json"
"/home/thomasverwaal/Robust-Rail-NL/mathematical-models/scenarios_solver_types_120/scenario_solver_33_trains_33_units11.json","Cost of next node: Cost = 2,250.6 : 2,311.96 | cr=10, dd=33, da=12, tlv=12, sm=66, rd=135.45, cd=0, um=0","Time elapsed: 5.48 seconds","/home/thomasverwaal/Robust-Rail-NL/mathematical-models/local_search_plans_discreet_120/plan_33_trains_33_units11.json"
"/home/thomasverwaal/Robust-Rail-NL/mathematical-models/scenarios_solver_types_120/scenario_solver_33_trains_33_units11.json","Cost of next node: Cost = 2,227.3 : 2,288.61 | cr=10, dd=33, da=11, tlv=12, sm=66, rd=137.27, cd=0, um=0","Time elapsed: 5.64 seconds","/home/thomasverwaal/Robust-Rail-NL/mathematical-models/local_search_plans_discreet_120/plan_33_trains_33_units11.json"
"/home/thomasverwaal/Robust-Rail-NL/mathematical-models/scenarios_solver_types_120/scenario_solver_33_trains_33_units11.json","Cost of next node: Cost = 2,185.8 : 2,252.13 | cr=12, dd=33, da=8, tlv=13, sm=66, rd=130.00, cd=0, um=0","Time elapsed: 5.89 seconds","/home/thomasverwaal/Robust-Rail-NL/mathematical-models/local_search_plans_discreet_120/plan_33_trains_33_units11.json"
"/home/thomasverwaal/Robust-Rail-NL/mathematical-models/scenarios_solver_types_120/scenario_solver_33_trains_33_units11.json","Cost of next node: Cost = 2,155.0 : 2,226.34 | cr=10, dd=33, da=8, tlv=14, sm=66, rd=122.73, cd=0, um=0","Time elapsed: 6.22 seconds","/home/thomasverwaal/Robust-Rail-NL/mathematical-models/local_search_plans_discreet_120/plan_33_trains_33_units11.json"
"/home/thomasverwaal/Robust-Rail-NL/mathematical-models/scenarios_solver_types_120/scenario_solver_33_trains_33_units11.json","Cost of next node: Cost = 2,114.9 : 2,181.18 | cr=16, dd=32, da=7, tlv=13, sm=66, rd=118.18, cd=0, um=0","Time elapsed: 6.42 seconds","/home/thomasverwaal/Robust-Rail-NL/mathematical-models/local_search_plans_discreet_120/plan_33_trains_33_units11.json"
"/home/thomasverwaal/Robust-Rail-NL/mathematical-models/scenarios_solver_types_120/scenario_solver_33_trains_33_units11.json","Cost of next node: Cost = 2,043.5 : 2,109.82 | cr=19, dd=30, da=7, tlv=13, sm=66, rd=115.45, cd=0, um=0","Time elapsed: 6.61 seconds","/home/thomasverwaal/Robust-Rail-NL/mathematical-models/local_search_plans_discreet_120/plan_33_trains_33_units11.json"
"/home/thomasverwaal/Robust-Rail-NL/mathematical-models/scenarios_solver_types_120/scenario_solver_33_trains_33_units11.json","Cost of next node: Cost = 1,938.5 : 2,009.86 | cr=19, dd=28, da=6, tlv=14, sm=66, rd=111.82, cd=0, um=0","Time elapsed: 6.76 seconds","/home/thomasverwaal/Robust-Rail-NL/mathematical-models/local_search_plans_discreet_120/plan_33_trains_33_units11.json"
"/home/thomasverwaal/Robust-Rail-NL/mathematical-models/scenarios_solver_types_120/scenario_solver_33_trains_33_units11.json","Cost of next node: Cost = 1,763.1 : 1,829.44 | cr=23, dd=24, da=6, tlv=13, sm=66, rd=110.00, cd=0, um=0","Time elapsed: 6.98 seconds","/home/thomasverwaal/Robust-Rail-NL/mathematical-models/local_search_plans_discreet_120/plan_33_trains_33_units11.json"
"/home/thomasverwaal/Robust-Rail-NL/mathematical-models/scenarios_solver_types_120/scenario_solver_33_trains_33_units11.json","Cost of next node: Cost = 1,688.7 : 1,760.03 | cr=24, dd=22, da=6, tlv=14, sm=66, rd=108.18, cd=0, um=0","Time elapsed: 7.13 seconds","/home/thomasverwaal/Robust-Rail-NL/mathematical-models/local_search_plans_discreet_120/plan_33_trains_33_units11.json"
"/home/thomasverwaal/Robust-Rail-NL/mathematical-models/scenarios_solver_types_120/scenario_solver_33_trains_33_units11.json","Cost of next node: Cost = 1,668.4 : 1,739.76 | cr=22, dd=22, da=6, tlv=14, sm=66, rd=108.18, cd=0, um=0","Time elapsed: 7.31 seconds","/home/thomasverwaal/Robust-Rail-NL/mathematical-models/local_search_plans_discreet_120/plan_33_trains_33_units11.json"
"/home/thomasverwaal/Robust-Rail-NL/mathematical-models/scenarios_solver_types_120/scenario_solver_33_trains_33_units11.json","Cost of next node: Cost = 1,578.8 : 1,650.12 | cr=23, dd=20, da=6, tlv=14, sm=66, rd=107.27, cd=0, um=0","Time elapsed: 7.46 seconds","/home/thomasverwaal/Robust-Rail-NL/mathematical-models/local_search_plans_discreet_120/plan_33_trains_33_units11.json"
"/home/thomasverwaal/Robust-Rail-NL/mathematical-models/scenarios_solver_types_120/scenario_solver_33_trains_33_units11.json","Cost of next node: Cost = 1,428.5 : 1,499.81 | cr=23, dd=17, da=6, tlv=14, sm=66, rd=101.82, cd=0, um=0","Time elapsed: 7.59 seconds","/home/thomasverwaal/Robust-Rail-NL/mathematical-models/local_search_plans_discreet_120/plan_33_trains_33_units11.json"
"/home/thomasverwaal/Robust-Rail-NL/mathematical-models/scenarios_solver_types_120/scenario_solver_33_trains_33_units11.json","Cost of next node: Cost = 1,398.5 : 1,469.81 | cr=20, dd=17, da=6, tlv=14, sm=66, rd=100.00, cd=0, um=0","Time elapsed: 7.84 seconds","/home/thomasverwaal/Robust-Rail-NL/mathematical-models/local_search_plans_discreet_120/plan_33_trains_33_units11.json"
"/home/thomasverwaal/Robust-Rail-NL/mathematical-models/scenarios_solver_types_120/scenario_solver_33_trains_33_units11.json","Cost of next node: Cost = 1,334.7 : 1,411.03 | cr=19, dd=16, da=5, tlv=15, sm=66, rd=96.36, cd=0, um=0","Time elapsed: 8.17 seconds","/home/thomasverwaal/Robust-Rail-NL/mathematical-models/local_search_plans_discreet_120/plan_33_trains_33_units11.json"
"/home/thomasverwaal/Robust-Rail-NL/mathematical-models/scenarios_solver_types_120/scenario_solver_33_trains_33_units11.json","Cost of next node: Cost = 865.9 : 947.23 | cr=19, dd=7, da=4, tlv=16, sm=66, rd=85.45, cd=0, um=0","Time elapsed: 8.40 seconds","/home/thomasverwaal/Robust-Rail-NL/mathematical-models/local_search_plans_discreet_120/plan_33_trains_33_units11.json"
"/home/thomasverwaal/Robust-Rail-NL/mathematical-models/scenarios_solver_types_120/scenario_solver_33_trains_33_units11.json","Cost of next node: Cost = 845.5 : 926.87 | cr=19, dd=7, da=3, tlv=16, sm=66, rd=83.64, cd=0, um=0","Time elapsed: 8.68 seconds","/home/thomasverwaal/Robust-Rail-NL/mathematical-models/local_search_plans_discreet_120/plan_33_trains_33_units11.json"
"/home/thomasverwaal/Robust-Rail-NL/mathematical-models/scenarios_solver_types_120/scenario_solver_33_trains_33_units11.json","Cost of next node: Cost = 750.3 : 836.62 | cr=18, dd=5, da=3, tlv=17, sm=66, rd=78.18, cd=0, um=0","Time elapsed: 9.01 seconds","/home/thomasverwaal/Robust-Rail-NL/mathematical-models/local_search_plans_discreet_120/plan_33_trains_33_units11.json"
"/home/thomasverwaal/Robust-Rail-NL/mathematical-models/scenarios_solver_types_120/scenario_solver_33_trains_33_units11.json","Cost of next node: Cost = 715.4 : 806.72 | cr=18, dd=4, da=3, tlv=18, sm=66, rd=76.36, cd=0, um=0","Time elapsed: 9.37 seconds","/home/thomasverwaal/Robust-Rail-NL/mathematical-models/local_search_plans_discreet_120/plan_33_trains_33_units11.json"
"/home/thomasverwaal/Robust-Rail-NL/mathematical-models/scenarios_solver_types_120/scenario_solver_33_trains_33_units11.json","Cost of next node: Cost = 517.4 : 613.72 | cr=16, dd=1, da=1, tlv=19, sm=66, rd=70.91, cd=0, um=0","Time elapsed: 9.78 seconds","/home/thomasverwaal/Robust-Rail-NL/mathematical-models/local_search_plans_discreet_120/plan_33_trains_33_units11.json"
"/home/thomasverwaal/Robust-Rail-NL/mathematical-models/scenarios_solver_types_120/scenario_solver_33_trains_33_units11.json","Cost of next node: Cost = 496.5 : 592.82 | cr=16, dd=1, da=0, tlv=19, sm=66, rd=69.09, cd=0, um=0","Time elapsed: 10.17 seconds","/home/thomasverwaal/Robust-Rail-NL/mathematical-models/local_search_plans_discreet_120/plan_33_trains_33_units11.json"
"/home/thomasverwaal/Robust-Rail-NL/mathematical-models/scenarios_solver_types_120/scenario_solver_33_trains_33_units11.json","Cost of next node: Cost = 450.0 : 551.32 | cr=15, dd=0, da=0, tlv=20, sm=66, rd=67.27, cd=0, um=0","Time elapsed: 10.50 seconds","/home/thomasverwaal/Robust-Rail-NL/mathematical-models/local_search_plans_discreet_120/plan_33_trains_33_units11.json"
"/home/thomasverwaal/Robust-Rail-NL/mathematical-models/scenarios_solver_types_120/scenario_solver_33_trains_33_units11.json","Cost of next node: Cost = 425.0 : 521.32 | cr=14, dd=0, da=0, tlv=19, sm=66, rd=69.09, cd=0, um=0","Time elapsed: 10.89 seconds","/home/thomasverwaal/Robust-Rail-NL/mathematical-models/local_search_plans_discreet_120/plan_33_trains_33_units11.json"
"/home/thomasverwaal/Robust-Rail-NL/mathematical-models/scenarios_solver_types_120/scenario_solver_33_trains_33_units11.json","Cost of next node: Cost = 410.0 : 501.32 | cr=14, dd=0, da=0, tlv=18, sm=66, rd=70.91, cd=0, um=0","Time elapsed: 17.29 seconds","/home/thomasverwaal/Robust-Rail-NL/mathematical-models/local_search_plans_discreet_120/plan_33_trains_33_units11.json"
"/home/thomasverwaal/Robust-Rail-NL/mathematical-models/scenarios_solver_types_120/scenario_solver_33_trains_33_units11.json","Cost of next node: Cost = 395.0 : 481.32 | cr=14, dd=0, da=0, tlv=17, sm=66, rd=72.73, cd=0, um=0","Time elapsed: 23.70 seconds","/home/thomasverwaal/Robust-Rail-NL/mathematical-models/local_search_plans_discreet_120/plan_33_trains_33_units11.json"
"/home/thomasverwaal/Robust-Rail-NL/mathematical-models/scenarios_solver_types_120/scenario_solver_33_trains_33_units11.json","Cost of next node: Cost = 380.0 : 461.32 | cr=14, dd=0, da=0, tlv=16, sm=66, rd=74.55, cd=0, um=0","Time elapsed: 30.24 seconds","/home/thomasverwaal/Robust-Rail-NL/mathematical-models/local_search_plans_discreet_120/plan_33_trains_33_units11.json"
"/home/thomasverwaal/Robust-Rail-NL/mathematical-models/scenarios_solver_types_120/scenario_solver_33_trains_33_units11.json","Cost of next node: Cost = 370.0 : 451.32 | cr=13, dd=0, da=0, tlv=16, sm=66, rd=74.55, cd=0, um=0","Time elapsed: 35.72 seconds","/home/thomasverwaal/Robust-Rail-NL/mathematical-models/local_search_plans_discreet_120/plan_33_trains_33_units11.json"
"/home/thomasverwaal/Robust-Rail-NL/mathematical-models/scenarios_solver_types_120/scenario_solver_33_trains_33_units11.json","Cost of next node: Cost = 360.0 : 441.32 | cr=12, dd=0, da=0, tlv=16, sm=66, rd=74.55, cd=0, um=0","Time elapsed: 40.51 seconds","/home/thomasverwaal/Robust-Rail-NL/mathematical-models/local_search_plans_discreet_120/plan_33_trains_33_units11.json"
"/home/thomasverwaal/Robust-Rail-NL/mathematical-models/scenarios_solver_types_120/scenario_solver_33_trains_33_units11.json","Cost of next node: Cost = 350.0 : 431.32 | cr=11, dd=0, da=0, tlv=16, sm=66, rd=74.55, cd=0, um=0","Time elapsed: 44.54 seconds","/home/thomasverwaal/Robust-Rail-NL/mathematical-models/local_search_plans_discreet_120/plan_33_trains_33_units11.json"
"/home/thomasverwaal/Robust-Rail-NL/mathematical-models/scenarios_solver_types_120/scenario_solver_33_trains_33_units11.json","Cost of next node: Cost = 335.0 : 411.32 | cr=11, dd=0, da=0, tlv=15, sm=66, rd=76.36, cd=0, um=0","Time elapsed: 47.81 seconds","/home/thomasverwaal/Robust-Rail-NL/mathematical-models/local_search_plans_discreet_120/plan_33_trains_33_units11.json"
"/home/thomasverwaal/Robust-Rail-NL/mathematical-models/scenarios_solver_types_120/scenario_solver_33_trains_33_units11.json","Cost of next node: Cost = 325.0 : 401.32 | cr=10, dd=0, da=0, tlv=15, sm=66, rd=76.36, cd=0, um=0","Time elapsed: 51.29 seconds","/home/thomasverwaal/Robust-Rail-NL/mathematical-models/local_search_plans_discreet_120/plan_33_trains_33_units11.json"
"/home/thomasverwaal/Robust-Rail-NL/mathematical-models/scenarios_solver_types_120/scenario_solver_33_trains_33_units11.json","Cost of next node: Cost = 315.0 : 391.32 | cr=9, dd=0, da=0, tlv=15, sm=66, rd=76.36, cd=0, um=0","Time elapsed: 53.91 seconds","/home/thomasverwaal/Robust-Rail-NL/mathematical-models/local_search_plans_discreet_120/plan_33_trains_33_units11.json"
"/home/thomasverwaal/Robust-Rail-NL/mathematical-models/scenarios_solver_types_120/scenario_solver_33_trains_33_units11.json","Cost of next node: Cost = 305.0 : 381.32 | cr=8, dd=0, da=0, tlv=15, sm=66, rd=78.18, cd=0, um=0","Time elapsed: 56.08 seconds","/home/thomasverwaal/Robust-Rail-NL/mathematical-models/local_search_plans_discreet_120/plan_33_trains_33_units11.json"
"/home/thomasverwaal/Robust-Rail-NL/mathematical-models/scenarios_solver_types_120/scenario_solver_33_trains_33_units11.json","Cost of next node: Cost = 295.0 : 371.32 | cr=7, dd=0, da=0, tlv=15, sm=66, rd=78.18, cd=0, um=0","Time elapsed: 57.93 seconds","/home/thomasverwaal/Robust-Rail-NL/mathematical-models/local_search_plans_discreet_120/plan_33_trains_33_units11.json"
"/home/thomasverwaal/Robust-Rail-NL/mathematical-models/scenarios_solver_types_120/scenario_solver_33_trains_33_units11.json","Cost of next node: Cost = 285.0 : 361.32 | cr=6, dd=0, da=0, tlv=15, sm=66, rd=78.18, cd=0, um=0","Time elapsed: 59.44 seconds","/home/thomasverwaal/Robust-Rail-NL/mathematical-models/local_search_plans_discreet_120/plan_33_trains_33_units11.json"
"/home/thomasverwaal/Robust-Rail-NL/mathematical-models/scenarios_solver_types_120/scenario_solver_33_trains_33_units11.json","Cost of next node: Cost = 275.0 : 351.32 | cr=5, dd=0, da=0, tlv=15, sm=66, rd=78.18, cd=0, um=0","Time elapsed: 69.54 seconds","/home/thomasverwaal/Robust-Rail-NL/mathematical-models/local_search_plans_discreet_120/plan_33_trains_33_units11.json"
"/home/thomasverwaal/Robust-Rail-NL/mathematical-models/scenarios_solver_types_120/scenario_solver_33_trains_33_units11.json","Cost of next node: Cost = 265.0 : 341.32 | cr=4, dd=0, da=0, tlv=15, sm=66, rd=80.00, cd=0, um=0","Time elapsed: 108.75 seconds","/home/thomasverwaal/Robust-Rail-NL/mathematical-models/local_search_plans_discreet_120/plan_33_trains_33_units11.json"
"/home/thomasverwaal/Robust-Rail-NL/mathematical-models/scenarios_solver_types_120/scenario_solver_33_trains_33_units11.json","Cost of next node: Cost = 255.0 : 331.32 | cr=3, dd=0, da=0, tlv=15, sm=66, rd=83.64, cd=0, um=0","Time elapsed: 147.81 seconds","/home/thomasverwaal/Robust-Rail-NL/mathematical-models/local_search_plans_discreet_120/plan_33_trains_33_units11.json"
"/home/thomasverwaal/Robust-Rail-NL/mathematical-models/scenarios_solver_types_120/scenario_solver_33_trains_33_units11.json","NO_COST_FOUND","NO_TIME_FOUND","NO_PLAN_CREATED"
"/home/thomasverwaal/Robust-Rail-NL/mathematical-models/scenarios_solver_types_120/scenario_solver_33_trains_33_units12.json","Cost of next node: Cost = 2,920.2 : 2,926.54 | cr=49, dd=33, da=29, tlv=1, sm=66, rd=183.64, cd=0, um=0","Time elapsed: 1.81 seconds","/home/thomasverwaal/Robust-Rail-NL/mathematical-models/local_search_plans_discreet_120/plan_33_trains_33_units12.json"
"/home/thomasverwaal/Robust-Rail-NL/mathematical-models/scenarios_solver_types_120/scenario_solver_33_trains_33_units12.json","Cost of next node: Cost = 2,900.1 : 2,906.41 | cr=47, dd=33, da=30, tlv=1, sm=66, rd=182.73, cd=0, um=0","Time elapsed: 1.92 seconds","/home/thomasverwaal/Robust-Rail-NL/mathematical-models/local_search_plans_discreet_120/plan_33_trains_33_units12.json"
"/home/thomasverwaal/Robust-Rail-NL/mathematical-models/scenarios_solver_types_120/scenario_solver_33_trains_33_units12.json","Cost of next node: Cost = 2,879.3 : 2,890.59 | cr=42, dd=33, da=30, tlv=2, sm=66, rd=185.45, cd=0, um=0","Time elapsed: 2.13 seconds","/home/thomasverwaal/Robust-Rail-NL/mathematical-models/local_search_plans_discreet_120/plan_33_trains_33_units12.json"
"/home/thomasverwaal/Robust-Rail-NL/mathematical-models/scenarios_solver_types_120/scenario_solver_33_trains_33_units12.json","Cost of next node: Cost = 2,831.8 : 2,848.10 | cr=38, dd=33, da=30, tlv=3, sm=66, rd=180.00, cd=0, um=0","Time elapsed: 2.46 seconds","/home/thomasverwaal/Robust-Rail-NL/mathematical-models/local_search_plans_discreet_120/plan_33_trains_33_units12.json"
"/home/thomasverwaal/Robust-Rail-NL/mathematical-models/scenarios_solver_types_120/scenario_solver_33_trains_33_units12.json","Cost of next node: Cost = 2,807.5 : 2,828.81 | cr=37, dd=33, da=29, tlv=4, sm=66, rd=176.36, cd=0, um=0","Time elapsed: 2.54 seconds","/home/thomasverwaal/Robust-Rail-NL/mathematical-models/local_search_plans_discreet_120/plan_33_trains_33_units12.json"
"/home/thomasverwaal/Robust-Rail-NL/mathematical-models/scenarios_solver_types_120/scenario_solver_33_trains_33_units12.json","Cost of next node: Cost = 2,778.1 : 2,799.46 | cr=39, dd=33, da=27, tlv=4, sm=66, rd=174.55, cd=0, um=0","Time elapsed: 2.62 seconds","/home/thomasverwaal/Robust-Rail-NL/mathematical-models/local_search_plans_discreet_120/plan_33_trains_33_units12.json"
"/home/thomasverwaal/Robust-Rail-NL/mathematical-models/scenarios_solver_types_120/scenario_solver_33_trains_33_units12.json","Cost of next node: Cost = 2,757.3 : 2,778.67 | cr=39, dd=33, da=26, tlv=4, sm=66, rd=172.73, cd=0, um=0","Time elapsed: 2.75 seconds","/home/thomasverwaal/Robust-Rail-NL/mathematical-models/local_search_plans_discreet_120/plan_33_trains_33_units12.json"
"/home/thomasverwaal/Robust-Rail-NL/mathematical-models/scenarios_solver_types_120/scenario_solver_33_trains_33_units12.json","Cost of next node: Cost = 2,733.7 : 2,760.01 | cr=43, dd=33, da=23, tlv=5, sm=66, rd=163.64, cd=0, um=0","Time elapsed: 2.88 seconds","/home/thomasverwaal/Robust-Rail-NL/mathematical-models/local_search_plans_discreet_120/plan_33_trains_33_units12.json"
"/home/thomasverwaal/Robust-Rail-NL/mathematical-models/scenarios_solver_types_120/scenario_solver_33_trains_33_units12.json","Cost of next node: Cost = 2,712.6 : 2,738.95 | cr=41, dd=33, da=23, tlv=5, sm=66, rd=163.64, cd=0, um=0","Time elapsed: 3.03 seconds","/home/thomasverwaal/Robust-Rail-NL/mathematical-models/local_search_plans_discreet_120/plan_33_trains_33_units12.json"
"/home/thomasverwaal/Robust-Rail-NL/mathematical-models/scenarios_solver_types_120/scenario_solver_33_trains_33_units12.json","Cost of next node: Cost = 2,692.0 : 2,723.32 | cr=41, dd=33, da=21, tlv=6, sm=66, rd=168.18, cd=0, um=0","Time elapsed: 3.15 seconds","/home/thomasverwaal/Robust-Rail-NL/mathematical-models/local_search_plans_discreet_120/plan_33_trains_33_units12.json"
"/home/thomasverwaal/Robust-Rail-NL/mathematical-models/scenarios_solver_types_120/scenario_solver_33_trains_33_units12.json","Cost of next node: Cost = 2,645.9 : 2,682.24 | cr=38, dd=33, da=20, tlv=7, sm=66, rd=160.91, cd=0, um=0","Time elapsed: 3.25 seconds","/home/thomasverwaal/Robust-Rail-NL/mathematical-models/local_search_plans_discreet_120/plan_33_trains_33_units12.json"
"/home/thomasverwaal/Robust-Rail-NL/mathematical-models/scenarios_solver_types_120/scenario_solver_33_trains_33_units12.json","Cost of next node: Cost = 2,623.7 : 2,665.04 | cr=35, dd=33, da=20, tlv=8, sm=66, rd=159.09, cd=0, um=0","Time elapsed: 3.31 seconds","/home/thomasverwaal/Robust-Rail-NL/mathematical-models/local_search_plans_discreet_120/plan_33_trains_33_units12.json"
"/home/thomasverwaal/Robust-Rail-NL/mathematical-models/scenarios_solver_types_120/scenario_solver_33_trains_33_units12.json","Cost of next node: Cost = 2,578.9 : 2,625.25 | cr=34, dd=33, da=18, tlv=9, sm=66, rd=150.00, cd=0, um=0","Time elapsed: 3.45 seconds","/home/thomasverwaal/Robust-Rail-NL/mathematical-models/local_search_plans_discreet_120/plan_33_trains_33_units12.json"
"/home/thomasverwaal/Robust-Rail-NL/mathematical-models/scenarios_solver_types_120/scenario_solver_33_trains_33_units12.json","Cost of next node: Cost = 2,549.0 : 2,600.29 | cr=32, dd=33, da=17, tlv=10, sm=66, rd=146.36, cd=0, um=0","Time elapsed: 3.61 seconds","/home/thomasverwaal/Robust-Rail-NL/mathematical-models/local_search_plans_discreet_120/plan_33_trains_33_units12.json"
"/home/thomasverwaal/Robust-Rail-NL/mathematical-models/scenarios_solver_types_120/scenario_solver_33_trains_33_units12.json","Cost of next node: Cost = 2,527.4 : 2,578.70 | cr=30, dd=33, da=17, tlv=10, sm=66, rd=144.55, cd=0, um=0","Time elapsed: 3.86 seconds","/home/thomasverwaal/Robust-Rail-NL/mathematical-models/local_search_plans_discreet_120/plan_33_trains_33_units12.json"
"/home/thomasverwaal/Robust-Rail-NL/mathematical-models/scenarios_solver_types_120/scenario_solver_33_trains_33_units12.json","Cost of next node: Cost = 2,498.7 : 2,550.00 | cr=25, dd=33, da=17, tlv=10, sm=66, rd=150.00, cd=0, um=0","Time elapsed: 4.09 seconds","/home/thomasverwaal/Robust-Rail-NL/mathematical-models/local_search_plans_discreet_120/plan_33_trains_33_units12.json"
"/home/thomasverwaal/Robust-Rail-NL/mathematical-models/scenarios_solver_types_120/scenario_solver_33_trains_33_units12.json","Cost of next node: Cost = 2,475.9 : 2,532.17 | cr=24, dd=33, da=17, tlv=11, sm=66, rd=140.91, cd=0, um=0","Time elapsed: 4.35 seconds","/home/thomasverwaal/Robust-Rail-NL/mathematical-models/local_search_plans_discreet_120/plan_33_trains_33_units12.json"
"/home/thomasverwaal/Robust-Rail-NL/mathematical-models/scenarios_solver_types_120/scenario_solver_33_trains_33_units12.json","Cost of next node: Cost = 2,448.1 : 2,504.42 | cr=23, dd=33, da=16, tlv=11, sm=66, rd=141.82, cd=0, um=0","Time elapsed: 4.49 seconds","/home/thomasverwaal/Robust-Rail-NL/mathematical-models/local_search_plans_discreet_120/plan_33_trains_33_units12.json"
"/home/thomasverwaal/Robust-Rail-NL/mathematical-models/scenarios_solver_types_120/scenario_solver_33_trains_33_units12.json","Cost of next node: Cost = 2,386.9 : 2,448.20 | cr=23, dd=33, da=12, tlv=12, sm=66, rd=140.91, cd=0, um=0","Time elapsed: 4.58 seconds","/home/thomasverwaal/Robust-Rail-NL/mathematical-models/local_search_plans_discreet_120/plan_33_trains_33_units12.json"
"/home/thomasverwaal/Robust-Rail-NL/mathematical-models/scenarios_solver_types_120/scenario_solver_33_trains_33_units12.json","Cost of next node: Cost = 2,363.8 : 2,430.13 | cr=17, dd=33, da=12, tlv=13, sm=66, rd=149.09, cd=0, um=0","Time elapsed: 4.84 seconds","/home/thomasverwaal/Robust-Rail-NL/mathematical-models/local_search_plans_discreet_120/plan_33_trains_33_units12.json"
"/home/thomasverwaal/Robust-Rail-NL/mathematical-models/scenarios_solver_types_120/scenario_solver_33_trains_33_units12.json","Cost of next node: Cost = 2,335.9 : 2,402.23 | cr=17, dd=33, da=11, tlv=13, sm=66, rd=145.45, cd=0, um=0","Time elapsed: 5.21 seconds","/home/thomasverwaal/Robust-Rail-NL/mathematical-models/local_search_plans_discreet_120/plan_33_trains_33_units12.json"
"/home/thomasverwaal/Robust-Rail-NL/mathematical-models/scenarios_solver_types_120/scenario_solver_33_trains_33_units12.json","Cost of next node: Cost = 2,310.1 : 2,376.38 | cr=17, dd=33, da=10, tlv=13, sm=66, rd=145.45, cd=0, um=0","Time elapsed: 5.47 seconds","/home/thomasverwaal/Robust-Rail-NL/mathematical-models/local_search_plans_discreet_120/plan_33_trains_33_units12.json"
"/home/thomasverwaal/Robust-Rail-NL/mathematical-models/scenarios_solver_types_120/scenario_solver_33_trains_33_units12.json","Cost of next node: Cost = 2,283.1 : 2,344.44 | cr=16, dd=33, da=10, tlv=12, sm=66, rd=143.64, cd=0, um=0","Time elapsed: 5.83 seconds","/home/thomasverwaal/Robust-Rail-NL/mathematical-models/local_search_plans_discreet_120/plan_33_trains_33_units12.json"
"/home/thomasverwaal/Robust-Rail-NL/mathematical-models/scenarios_solver_types_120/scenario_solver_33_trains_33_units12.json","Cost of next node: Cost = 2,260.3 : 2,321.67 | cr=16, dd=33, da=9, tlv=12, sm=66, rd=143.64, cd=0, um=0","Time elapsed: 6.36 seconds","/home/thomasverwaal/Robust-Rail-NL/mathematical-models/local_search_plans_discreet_120/plan_33_trains_33_units12.json"
"/home/thomasverwaal/Robust-Rail-NL/mathematical-models/scenarios_solver_types_120/scenario_solver_33_trains_33_units12.json","Cost of next node: Cost = 2,236.5 : 2,297.80 | cr=16, dd=33, da=8, tlv=12, sm=66, rd=140.00, cd=0, um=0","Time elapsed: 6.59 seconds","/home/thomasverwaal/Robust-Rail-NL/mathematical-models/local_search_plans_discreet_120/plan_33_trains_33_units12.json"
"/home/thomasverwaal/Robust-Rail-NL/mathematical-models/scenarios_solver_types_120/scenario_solver_33_trains_33_units12.json","Cost of next node: Cost = 2,213.2 : 2,279.55 | cr=16, dd=33, da=7, tlv=13, sm=66, rd=132.73, cd=0, um=0","Time elapsed: 6.91 seconds","/home/thomasverwaal/Robust-Rail-NL/mathematical-models/local_search_plans_discreet_120/plan_33_trains_33_units12.json"
"/home/thomasverwaal/Robust-Rail-NL/mathematical-models/scenarios_solver_types_120/scenario_solver_33_trains_33_units12.json","Cost of next node: Cost = 2,188.3 : 2,254.58 | cr=17, dd=33, da=6, tlv=13, sm=66, rd=127.27, cd=0, um=0","Time elapsed: 7.17 seconds","/home/thomasverwaal/Robust-Rail-NL/mathematical-models/local_search_plans_discreet_120/plan_33_trains_33_units12.json"
"/home/thomasverwaal/Robust-Rail-NL/mathematical-models/scenarios_solver_types_120/scenario_solver_33_trains_33_units12.json","Cost of next node: Cost = 2,159.7 : 2,231.03 | cr=16, dd=33, da=5, tlv=14, sm=66, rd=121.82, cd=0, um=0","Time elapsed: 7.39 seconds","/home/thomasverwaal/Robust-Rail-NL/mathematical-models/local_search_plans_discreet_120/plan_33_trains_33_units12.json"
"/home/thomasverwaal/Robust-Rail-NL/mathematical-models/scenarios_solver_types_120/scenario_solver_33_trains_33_units12.json","Cost of next node: Cost = 2,047.0 : 2,113.32 | cr=27, dd=29, da=5, tlv=13, sm=66, rd=113.64, cd=0, um=0","Time elapsed: 7.55 seconds","/home/thomasverwaal/Robust-Rail-NL/mathematical-models/local_search_plans_discreet_120/plan_33_trains_33_units12.json"
"/home/thomasverwaal/Robust-Rail-NL/mathematical-models/scenarios_solver_types_120/scenario_solver_33_trains_33_units12.json","Cost of next node: Cost = 1,945.6 : 2,011.96 | cr=27, dd=27, da=5, tlv=13, sm=66, rd=111.82, cd=0, um=0","Time elapsed: 7.65 seconds","/home/thomasverwaal/Robust-Rail-NL/mathematical-models/local_search_plans_discreet_120/plan_33_trains_33_units12.json"
"/home/thomasverwaal/Robust-Rail-NL/mathematical-models/scenarios_solver_types_120/scenario_solver_33_trains_33_units12.json","Cost of next node: Cost = 1,873.7 : 1,945.01 | cr=26, dd=26, da=4, tlv=14, sm=66, rd=102.73, cd=0, um=0","Time elapsed: 8.00 seconds","/home/thomasverwaal/Robust-Rail-NL/mathematical-models/local_search_plans_discreet_120/plan_33_trains_33_units12.json"
"/home/thomasverwaal/Robust-Rail-NL/mathematical-models/scenarios_solver_types_120/scenario_solver_33_trains_33_units12.json","Cost of next node: Cost = 1,849.2 : 1,915.57 | cr=25, dd=26, da=4, tlv=13, sm=66, rd=104.55, cd=0, um=0","Time elapsed: 8.18 seconds","/home/thomasverwaal/Robust-Rail-NL/mathematical-models/local_search_plans_discreet_120/plan_33_trains_33_units12.json"
"/home/thomasverwaal/Robust-Rail-NL/mathematical-models/scenarios_solver_types_120/scenario_solver_33_trains_33_units12.json","Cost of next node: Cost = 1,488.1 : 1,559.42 | cr=20, dd=20, da=3, tlv=14, sm=66, rd=97.27, cd=0, um=0","Time elapsed: 8.60 seconds","/home/thomasverwaal/Robust-Rail-NL/mathematical-models/local_search_plans_discreet_120/plan_33_trains_33_units12.json"
"/home/thomasverwaal/Robust-Rail-NL/mathematical-models/scenarios_solver_types_120/scenario_solver_33_trains_33_units12.json","Cost of next node: Cost = 793.5 : 869.87 | cr=17, dd=7, da=2, tlv=15, sm=66, rd=86.36, cd=0, um=0","Time elapsed: 8.86 seconds","/home/thomasverwaal/Robust-Rail-NL/mathematical-models/local_search_plans_discreet_120/plan_33_trains_33_units12.json"
"/home/thomasverwaal/Robust-Rail-NL/mathematical-models/scenarios_solver_types_120/scenario_solver_33_trains_33_units12.json","Cost of next node: Cost = 697.5 : 778.82 | cr=16, dd=5, da=2, tlv=16, sm=66, rd=80.91, cd=0, um=0","Time elapsed: 9.11 seconds","/home/thomasverwaal/Robust-Rail-NL/mathematical-models/local_search_plans_discreet_120/plan_33_trains_33_units12.json"
"/home/thomasverwaal/Robust-Rail-NL/mathematical-models/scenarios_solver_types_120/scenario_solver_33_trains_33_units12.json","Cost of next node: Cost = 660.4 : 746.72 | cr=16, dd=4, da=2, tlv=17, sm=66, rd=78.18, cd=0, um=0","Time elapsed: 9.25 seconds","/home/thomasverwaal/Robust-Rail-NL/mathematical-models/local_search_plans_discreet_120/plan_33_trains_33_units12.json"
"/home/thomasverwaal/Robust-Rail-NL/mathematical-models/scenarios_solver_types_120/scenario_solver_33_trains_33_units12.json","Cost of next node: Cost = 635.4 : 716.72 | cr=15, dd=4, da=2, tlv=16, sm=66, rd=80.00, cd=0, um=0","Time elapsed: 9.54 seconds","/home/thomasverwaal/Robust-Rail-NL/mathematical-models/local_search_plans_discreet_120/plan_33_trains_33_units12.json"
"/home/thomasverwaal/Robust-Rail-NL/mathematical-models/scenarios_solver_types_120/scenario_solver_33_trains_33_units12.json","Cost of next node: Cost = 436.5 : 522.82 | cr=13, dd=1, da=0, tlv=17, sm=66, rd=74.55, cd=0, um=0","Time elapsed: 9.81 seconds","/home/thomasverwaal/Robust-Rail-NL/mathematical-models/local_search_plans_discreet_120/plan_33_trains_33_units12.json"
"/home/thomasverwaal/Robust-Rail-NL/mathematical-models/scenarios_solver_types_120/scenario_solver_33_trains_33_units12.json","Cost of next node: Cost = 380.0 : 471.32 | cr=11, dd=0, da=0, tlv=18, sm=66, rd=72.73, cd=0, um=0","Time elapsed: 10.09 seconds","/home/thomasverwaal/Robust-Rail-NL/mathematical-models/local_search_plans_discreet_120/plan_33_trains_33_units12.json"
"/home/thomasverwaal/Robust-Rail-NL/mathematical-models/scenarios_solver_types_120/scenario_solver_33_trains_33_units12.json","Cost of next node: Cost = 365.0 : 451.32 | cr=11, dd=0, da=0, tlv=17, sm=66, rd=74.55, cd=0, um=0","Time elapsed: 14.37 seconds","/home/thomasverwaal/Robust-Rail-NL/mathematical-models/local_search_plans_discreet_120/plan_33_trains_33_units12.json"
"/home/thomasverwaal/Robust-Rail-NL/mathematical-models/scenarios_solver_types_120/scenario_solver_33_trains_33_units12.json","Cost of next node: Cost = 355.0 : 441.32 | cr=10, dd=0, da=0, tlv=17, sm=66, rd=74.55, cd=0, um=0","Time elapsed: 18.62 seconds","/home/thomasverwaal/Robust-Rail-NL/mathematical-models/local_search_plans_discreet_120/plan_33_trains_33_units12.json"
"/home/thomasverwaal/Robust-Rail-NL/mathematical-models/scenarios_solver_types_120/scenario_solver_33_trains_33_units12.json","Cost of next node: Cost = 345.0 : 431.32 | cr=9, dd=0, da=0, tlv=17, sm=66, rd=74.55, cd=0, um=0","Time elapsed: 22.21 seconds","/home/thomasverwaal/Robust-Rail-NL/mathematical-models/local_search_plans_discreet_120/plan_33_trains_33_units12.json"
"/home/thomasverwaal/Robust-Rail-NL/mathematical-models/scenarios_solver_types_120/scenario_solver_33_trains_33_units12.json","Cost of next node: Cost = 330.0 : 411.34 | cr=9, dd=0, da=0, tlv=16, sm=67, rd=75.22, cd=0, um=0","Time elapsed: 25.43 seconds","/home/thomasverwaal/Robust-Rail-NL/mathematical-models/local_search_plans_discreet_120/plan_33_trains_33_units12.json"
"/home/thomasverwaal/Robust-Rail-NL/mathematical-models/scenarios_solver_types_120/scenario_solver_33_trains_33_units12.json","Cost of next node: Cost = 320.0 : 401.34 | cr=8, dd=0, da=0, tlv=16, sm=67, rd=75.22, cd=0, um=0","Time elapsed: 28.74 seconds","/home/thomasverwaal/Robust-Rail-NL/mathematical-models/local_search_plans_discreet_120/plan_33_trains_33_units12.json"
"/home/thomasverwaal/Robust-Rail-NL/mathematical-models/scenarios_solver_types_120/scenario_solver_33_trains_33_units12.json","Cost of next node: Cost = 310.0 : 391.34 | cr=7, dd=0, da=0, tlv=16, sm=67, rd=75.22, cd=0, um=0","Time elapsed: 31.57 seconds","/home/thomasverwaal/Robust-Rail-NL/mathematical-models/local_search_plans_discreet_120/plan_33_trains_33_units12.json"
"/home/thomasverwaal/Robust-Rail-NL/mathematical-models/scenarios_solver_types_120/scenario_solver_33_trains_33_units12.json","Cost of next node: Cost = 300.0 : 381.34 | cr=6, dd=0, da=0, tlv=16, sm=67, rd=75.22, cd=0, um=0","Time elapsed: 33.71 seconds","/home/thomasverwaal/Robust-Rail-NL/mathematical-models/local_search_plans_discreet_120/plan_33_trains_33_units12.json"
"/home/thomasverwaal/Robust-Rail-NL/mathematical-models/scenarios_solver_types_120/scenario_solver_33_trains_33_units12.json","Cost of next node: Cost = 290.0 : 371.36 | cr=5, dd=0, da=0, tlv=16, sm=68, rd=75.88, cd=0, um=0","Time elapsed: 35.45 seconds","/home/thomasverwaal/Robust-Rail-NL/mathematical-models/local_search_plans_discreet_120/plan_33_trains_33_units12.json"
"/home/thomasverwaal/Robust-Rail-NL/mathematical-models/scenarios_solver_types_120/scenario_solver_33_trains_33_units12.json","Cost of next node: Cost = 280.0 : 361.38 | cr=4, dd=0, da=0, tlv=16, sm=69, rd=76.52, cd=0, um=0","Time elapsed: 41.14 seconds","/home/thomasverwaal/Robust-Rail-NL/mathematical-models/local_search_plans_discreet_120/plan_33_trains_33_units12.json"
"/home/thomasverwaal/Robust-Rail-NL/mathematical-models/scenarios_solver_types_120/scenario_solver_33_trains_33_units12.json","Cost of next node: Cost = 265.0 : 341.38 | cr=4, dd=0, da=0, tlv=15, sm=69, rd=78.26, cd=0, um=0","Time elapsed: 47.06 seconds","/home/thomasverwaal/Robust-Rail-NL/mathematical-models/local_search_plans_discreet_120/plan_33_trains_33_units12.json"
"/home/thomasverwaal/Robust-Rail-NL/mathematical-models/scenarios_solver_types_120/scenario_solver_33_trains_33_units12.json","Cost of next node: Cost = 255.0 : 331.38 | cr=3, dd=0, da=0, tlv=15, sm=69, rd=80.00, cd=0, um=0","Time elapsed: 176.42 seconds","/home/thomasverwaal/Robust-Rail-NL/mathematical-models/local_search_plans_discreet_120/plan_33_trains_33_units12.json"
"/home/thomasverwaal/Robust-Rail-NL/mathematical-models/scenarios_solver_types_120/scenario_solver_33_trains_33_units12.json","Cost of next node: Cost = 245.0 : 321.38 | cr=2, dd=0, da=0, tlv=15, sm=69, rd=80.00, cd=0, um=0","Time elapsed: 248.96 seconds","/home/thomasverwaal/Robust-Rail-NL/mathematical-models/local_search_plans_discreet_120/plan_33_trains_33_units12.json"
"/home/thomasverwaal/Robust-Rail-NL/mathematical-models/scenarios_solver_types_120/scenario_solver_33_trains_33_units12.json","NO_COST_FOUND","NO_TIME_FOUND","NO_PLAN_CREATED"
"/home/thomasverwaal/Robust-Rail-NL/mathematical-models/scenarios_solver_types_120/scenario_solver_33_trains_33_units13.json","Cost of next node: Cost = 2,906.6 : 2,912.92 | cr=48, dd=33, da=29, tlv=1, sm=66, rd=182.73, cd=0, um=0","Time elapsed: 1.73 seconds","/home/thomasverwaal/Robust-Rail-NL/mathematical-models/local_search_plans_discreet_120/plan_33_trains_33_units13.json"
"/home/thomasverwaal/Robust-Rail-NL/mathematical-models/scenarios_solver_types_120/scenario_solver_33_trains_33_units13.json","Cost of next node: Cost = 2,876.2 : 2,887.48 | cr=45, dd=33, da=29, tlv=2, sm=66, rd=180.00, cd=0, um=0","Time elapsed: 1.82 seconds","/home/thomasverwaal/Robust-Rail-NL/mathematical-models/local_search_plans_discreet_120/plan_33_trains_33_units13.json"
"/home/thomasverwaal/Robust-Rail-NL/mathematical-models/scenarios_solver_types_120/scenario_solver_33_trains_33_units13.json","Cost of next node: Cost = 2,814.8 : 2,831.09 | cr=38, dd=33, da=28, tlv=3, sm=66, rd=181.82, cd=0, um=0","Time elapsed: 1.98 seconds","/home/thomasverwaal/Robust-Rail-NL/mathematical-models/local_search_plans_discreet_120/plan_33_trains_33_units13.json"
"/home/thomasverwaal/Robust-Rail-NL/mathematical-models/scenarios_solver_types_120/scenario_solver_33_trains_33_units13.json","Cost of next node: Cost = 2,788.0 : 2,809.36 | cr=36, dd=33, da=27, tlv=4, sm=66, rd=179.09, cd=0, um=0","Time elapsed: 2.10 seconds","/home/thomasverwaal/Robust-Rail-NL/mathematical-models/local_search_plans_discreet_120/plan_33_trains_33_units13.json"
"/home/thomasverwaal/Robust-Rail-NL/mathematical-models/scenarios_solver_types_120/scenario_solver_33_trains_33_units13.json","Cost of next node: Cost = 2,756.2 : 2,772.50 | cr=37, dd=33, da=26, tlv=3, sm=66, rd=184.55, cd=0, um=0","Time elapsed: 2.16 seconds","/home/thomasverwaal/Robust-Rail-NL/mathematical-models/local_search_plans_discreet_120/plan_33_trains_33_units13.json"
"/home/thomasverwaal/Robust-Rail-NL/mathematical-models/scenarios_solver_types_120/scenario_solver_33_trains_33_units13.json","Cost of next node: Cost = 2,715.0 : 2,736.32 | cr=33, dd=33, da=26, tlv=4, sm=66, rd=180.00, cd=0, um=0","Time elapsed: 2.26 seconds","/home/thomasverwaal/Robust-Rail-NL/mathematical-models/local_search_plans_discreet_120/plan_33_trains_33_units13.json"
"/home/thomasverwaal/Robust-Rail-NL/mathematical-models/scenarios_solver_types_120/scenario_solver_33_trains_33_units13.json","Cost of next node: Cost = 2,690.9 : 2,717.25 | cr=33, dd=33, da=26, tlv=5, sm=66, rd=169.09, cd=0, um=0","Time elapsed: 2.48 seconds","/home/thomasverwaal/Robust-Rail-NL/mathematical-models/local_search_plans_discreet_120/plan_33_trains_33_units13.json"
"/home/thomasverwaal/Robust-Rail-NL/mathematical-models/scenarios_solver_types_120/scenario_solver_33_trains_33_units13.json","Cost of next node: Cost = 2,638.4 : 2,669.69 | cr=33, dd=33, da=24, tlv=6, sm=66, rd=158.18, cd=0, um=0","Time elapsed: 2.58 seconds","/home/thomasverwaal/Robust-Rail-NL/mathematical-models/local_search_plans_discreet_120/plan_33_trains_33_units13.json"
"/home/thomasverwaal/Robust-Rail-NL/mathematical-models/scenarios_solver_types_120/scenario_solver_33_trains_33_units13.json","Cost of next node: Cost = 2,602.0 : 2,633.34 | cr=28, dd=33, da=24, tlv=6, sm=66, rd=162.73, cd=0, um=0","Time elapsed: 2.64 seconds","/home/thomasverwaal/Robust-Rail-NL/mathematical-models/local_search_plans_discreet_120/plan_33_trains_33_units13.json"
"/home/thomasverwaal/Robust-Rail-NL/mathematical-models/scenarios_solver_types_120/scenario_solver_33_trains_33_units13.json","Cost of next node: Cost = 2,549.4 : 2,585.70 | cr=30, dd=33, da=20, tlv=7, sm=66, rd=157.27, cd=0, um=0","Time elapsed: 2.71 seconds","/home/thomasverwaal/Robust-Rail-NL/mathematical-models/local_search_plans_discreet_120/plan_33_trains_33_units13.json"
"/home/thomasverwaal/Robust-Rail-NL/mathematical-models/scenarios_solver_types_120/scenario_solver_33_trains_33_units13.json","Cost of next node: Cost = 2,504.2 : 2,545.51 | cr=30, dd=33, da=18, tlv=8, sm=66, rd=148.18, cd=0, um=0","Time elapsed: 2.81 seconds","/home/thomasverwaal/Robust-Rail-NL/mathematical-models/local_search_plans_discreet_120/plan_33_trains_33_units13.json"
"/home/thomasverwaal/Robust-Rail-NL/mathematical-models/scenarios_solver_types_120/scenario_solver_33_trains_33_units13.json","Cost of next node: Cost = 2,481.8 : 2,528.09 | cr=29, dd=33, da=17, tlv=9, sm=66, rd=144.55, cd=0, um=0","Time elapsed: 2.96 seconds","/home/thomasverwaal/Robust-Rail-NL/mathematical-models/local_search_plans_discreet_120/plan_33_trains_33_units13.json"
"/home/thomasverwaal/Robust-Rail-NL/mathematical-models/scenarios_solver_types_120/scenario_solver_33_trains_33_units13.json","Cost of next node: Cost = 2,432.2 : 2,483.49 | cr=31, dd=33, da=13, tlv=10, sm=66, rd=139.09, cd=0, um=0","Time elapsed: 3.07 seconds","/home/thomasverwaal/Robust-Rail-NL/mathematical-models/local_search_plans_discreet_120/plan_33_trains_33_units13.json"
"/home/thomasverwaal/Robust-Rail-NL/mathematical-models/scenarios_solver_types_120/scenario_solver_33_trains_33_units13.json","Cost of next node: Cost = 2,397.2 : 2,448.54 | cr=30, dd=33, da=12, tlv=10, sm=66, rd=135.45, cd=0, um=0","Time elapsed: 3.29 seconds","/home/thomasverwaal/Robust-Rail-NL/mathematical-models/local_search_plans_discreet_120/plan_33_trains_33_units13.json"
"/home/thomasverwaal/Robust-Rail-NL/mathematical-models/scenarios_solver_types_120/scenario_solver_33_trains_33_units13.json","Cost of next node: Cost = 2,369.1 : 2,425.43 | cr=25, dd=33, da=12, tlv=11, sm=66, rd=135.45, cd=0, um=0","Time elapsed: 3.68 seconds","/home/thomasverwaal/Robust-Rail-NL/mathematical-models/local_search_plans_discreet_120/plan_33_trains_33_units13.json"
"/home/thomasverwaal/Robust-Rail-NL/mathematical-models/scenarios_solver_types_120/scenario_solver_33_trains_33_units13.json","Cost of next node: Cost = 2,349.1 : 2,405.40 | cr=25, dd=33, da=11, tlv=11, sm=66, rd=131.82, cd=0, um=0","Time elapsed: 4.15 seconds","/home/thomasverwaal/Robust-Rail-NL/mathematical-models/local_search_plans_discreet_120/plan_33_trains_33_units13.json"
"/home/thomasverwaal/Robust-Rail-NL/mathematical-models/scenarios_solver_types_120/scenario_solver_33_trains_33_units13.json","Cost of next node: Cost = 2,322.6 : 2,383.92 | cr=23, dd=33, da=10, tlv=12, sm=66, rd=134.55, cd=0, um=0","Time elapsed: 4.66 seconds","/home/thomasverwaal/Robust-Rail-NL/mathematical-models/local_search_plans_discreet_120/plan_33_trains_33_units13.json"
"/home/thomasverwaal/Robust-Rail-NL/mathematical-models/scenarios_solver_types_120/scenario_solver_33_trains_33_units13.json","Cost of next node: Cost = 2,275.9 : 2,337.21 | cr=22, dd=33, da=8, tlv=12, sm=66, rd=131.82, cd=0, um=0","Time elapsed: 4.86 seconds","/home/thomasverwaal/Robust-Rail-NL/mathematical-models/local_search_plans_discreet_120/plan_33_trains_33_units13.json"
"/home/thomasverwaal/Robust-Rail-NL/mathematical-models/scenarios_solver_types_120/scenario_solver_33_trains_33_units13.json","Cost of next node: Cost = 2,253.1 : 2,319.37 | cr=22, dd=33, da=7, tlv=13, sm=66, rd=124.55, cd=0, um=0","Time elapsed: 5.49 seconds","/home/thomasverwaal/Robust-Rail-NL/mathematical-models/local_search_plans_discreet_120/plan_33_trains_33_units13.json"
"/home/thomasverwaal/Robust-Rail-NL/mathematical-models/scenarios_solver_types_120/scenario_solver_33_trains_33_units13.json","Cost of next node: Cost = 2,227.8 : 2,299.09 | cr=21, dd=33, da=6, tlv=14, sm=66, rd=119.09, cd=0, um=0","Time elapsed: 6.07 seconds","/home/thomasverwaal/Robust-Rail-NL/mathematical-models/local_search_plans_discreet_120/plan_33_trains_33_units13.json"
"/home/thomasverwaal/Robust-Rail-NL/mathematical-models/scenarios_solver_types_120/scenario_solver_33_trains_33_units13.json","Cost of next node: Cost = 2,199.2 : 2,275.55 | cr=20, dd=32, da=7, tlv=15, sm=66, rd=119.09, cd=0, um=0","Time elapsed: 6.52 seconds","/home/thomasverwaal/Robust-Rail-NL/mathematical-models/local_search_plans_discreet_120/plan_33_trains_33_units13.json"
"/home/thomasverwaal/Robust-Rail-NL/mathematical-models/scenarios_solver_types_120/scenario_solver_33_trains_33_units13.json","Cost of next node: Cost = 2,157.9 : 2,234.23 | cr=21, dd=31, da=7, tlv=15, sm=66, rd=112.73, cd=0, um=0","Time elapsed: 6.65 seconds","/home/thomasverwaal/Robust-Rail-NL/mathematical-models/local_search_plans_discreet_120/plan_33_trains_33_units13.json"
"/home/thomasverwaal/Robust-Rail-NL/mathematical-models/scenarios_solver_types_120/scenario_solver_33_trains_33_units13.json","Cost of next node: Cost = 2,134.8 : 2,211.15 | cr=24, dd=28, da=12, tlv=15, sm=66, rd=113.64, cd=0, um=0","Time elapsed: 6.83 seconds","/home/thomasverwaal/Robust-Rail-NL/mathematical-models/local_search_plans_discreet_120/plan_33_trains_33_units13.json"
"/home/thomasverwaal/Robust-Rail-NL/mathematical-models/scenarios_solver_types_120/scenario_solver_33_trains_33_units13.json","Cost of next node: Cost = 2,047.9 : 2,124.27 | cr=25, dd=28, da=7, tlv=15, sm=66, rd=109.09, cd=0, um=0","Time elapsed: 6.95 seconds","/home/thomasverwaal/Robust-Rail-NL/mathematical-models/local_search_plans_discreet_120/plan_33_trains_33_units13.json"
"/home/thomasverwaal/Robust-Rail-NL/mathematical-models/scenarios_solver_types_120/scenario_solver_33_trains_33_units13.json","Cost of next node: Cost = 1,998.5 : 2,074.86 | cr=25, dd=27, da=7, tlv=15, sm=66, rd=107.27, cd=0, um=0","Time elapsed: 7.17 seconds","/home/thomasverwaal/Robust-Rail-NL/mathematical-models/local_search_plans_discreet_120/plan_33_trains_33_units13.json"
"/home/thomasverwaal/Robust-Rail-NL/mathematical-models/scenarios_solver_types_120/scenario_solver_33_trains_33_units13.json","Cost of next node: Cost = 1,972.3 : 2,053.63 | cr=24, dd=26, da=8, tlv=16, sm=66, rd=107.27, cd=0, um=0","Time elapsed: 7.48 seconds","/home/thomasverwaal/Robust-Rail-NL/mathematical-models/local_search_plans_discreet_120/plan_33_trains_33_units13.json"
"/home/thomasverwaal/Robust-Rail-NL/mathematical-models/scenarios_solver_types_120/scenario_solver_33_trains_33_units13.json","Cost of next node: Cost = 1,938.0 : 2,024.29 | cr=24, dd=25, da=8, tlv=17, sm=66, rd=105.45, cd=0, um=0","Time elapsed: 7.81 seconds","/home/thomasverwaal/Robust-Rail-NL/mathematical-models/local_search_plans_discreet_120/plan_33_trains_33_units13.json"
"/home/thomasverwaal/Robust-Rail-NL/mathematical-models/scenarios_solver_types_120/scenario_solver_33_trains_33_units13.json","Cost of next node: Cost = 1,815.3 : 1,906.60 | cr=23, dd=23, da=7, tlv=18, sm=66, rd=100.00, cd=0, um=0","Time elapsed: 8.10 seconds","/home/thomasverwaal/Robust-Rail-NL/mathematical-models/local_search_plans_discreet_120/plan_33_trains_33_units13.json"
"/home/thomasverwaal/Robust-Rail-NL/mathematical-models/scenarios_solver_types_120/scenario_solver_33_trains_33_units13.json","Cost of next node: Cost = 1,790.3 : 1,876.60 | cr=22, dd=23, da=7, tlv=17, sm=66, rd=101.82, cd=0, um=0","Time elapsed: 8.36 seconds","/home/thomasverwaal/Robust-Rail-NL/mathematical-models/local_search_plans_discreet_120/plan_33_trains_33_units13.json"
"/home/thomasverwaal/Robust-Rail-NL/mathematical-models/scenarios_solver_types_120/scenario_solver_33_trains_33_units13.json","Cost of next node: Cost = 1,766.6 : 1,847.91 | cr=23, dd=23, da=6, tlv=16, sm=66, rd=101.82, cd=0, um=0","Time elapsed: 8.69 seconds","/home/thomasverwaal/Robust-Rail-NL/mathematical-models/local_search_plans_discreet_120/plan_33_trains_33_units13.json"
"/home/thomasverwaal/Robust-Rail-NL/mathematical-models/scenarios_solver_types_120/scenario_solver_33_trains_33_units13.json","Cost of next node: Cost = 1,723.5 : 1,809.86 | cr=24, dd=22, da=5, tlv=17, sm=66, rd=98.18, cd=0, um=0","Time elapsed: 9.02 seconds","/home/thomasverwaal/Robust-Rail-NL/mathematical-models/local_search_plans_discreet_120/plan_33_trains_33_units13.json"
"/home/thomasverwaal/Robust-Rail-NL/mathematical-models/scenarios_solver_types_120/scenario_solver_33_trains_33_units13.json","Cost of next node: Cost = 1,698.5 : 1,779.86 | cr=23, dd=22, da=5, tlv=16, sm=66, rd=100.00, cd=0, um=0","Time elapsed: 9.30 seconds","/home/thomasverwaal/Robust-Rail-NL/mathematical-models/local_search_plans_discreet_120/plan_33_trains_33_units13.json"
"/home/thomasverwaal/Robust-Rail-NL/mathematical-models/scenarios_solver_types_120/scenario_solver_33_trains_33_units13.json","Cost of next node: Cost = 1,275.0 : 1,361.28 | cr=22, dd=14, da=4, tlv=17, sm=66, rd=90.91, cd=0, um=0","Time elapsed: 9.51 seconds","/home/thomasverwaal/Robust-Rail-NL/mathematical-models/local_search_plans_discreet_120/plan_33_trains_33_units13.json"
"/home/thomasverwaal/Robust-Rail-NL/mathematical-models/scenarios_solver_types_120/scenario_solver_33_trains_33_units13.json","Cost of next node: Cost = 974.4 : 1,065.72 | cr=18, dd=9, da=3, tlv=18, sm=66, rd=83.64, cd=0, um=0","Time elapsed: 9.84 seconds","/home/thomasverwaal/Robust-Rail-NL/mathematical-models/local_search_plans_discreet_120/plan_33_trains_33_units13.json"
"/home/thomasverwaal/Robust-Rail-NL/mathematical-models/scenarios_solver_types_120/scenario_solver_33_trains_33_units13.json","Cost of next node: Cost = 803.1 : 899.46 | cr=21, dd=6, da=0, tlv=19, sm=66, rd=79.09, cd=0, um=0","Time elapsed: 10.18 seconds","/home/thomasverwaal/Robust-Rail-NL/mathematical-models/local_search_plans_discreet_120/plan_33_trains_33_units13.json"
"/home/thomasverwaal/Robust-Rail-NL/mathematical-models/scenarios_solver_types_120/scenario_solver_33_trains_33_units13.json","Cost of next node: Cost = 719.6 : 820.92 | cr=21, dd=4, da=0, tlv=20, sm=66, rd=73.64, cd=0, um=0","Time elapsed: 10.44 seconds","/home/thomasverwaal/Robust-Rail-NL/mathematical-models/local_search_plans_discreet_120/plan_33_trains_33_units13.json"
"/home/thomasverwaal/Robust-Rail-NL/mathematical-models/scenarios_solver_types_120/scenario_solver_33_trains_33_units13.json","Cost of next node: Cost = 689.8 : 786.12 | cr=21, dd=3, da=2, tlv=19, sm=66, rd=72.73, cd=0, um=0","Time elapsed: 10.83 seconds","/home/thomasverwaal/Robust-Rail-NL/mathematical-models/local_search_plans_discreet_120/plan_33_trains_33_units13.json"
"/home/thomasverwaal/Robust-Rail-NL/mathematical-models/scenarios_solver_types_120/scenario_solver_33_trains_33_units13.json","Cost of next node: Cost = 634.8 : 736.12 | cr=19, dd=2, da=2, tlv=20, sm=66, rd=70.91, cd=0, um=0","Time elapsed: 11.14 seconds","/home/thomasverwaal/Robust-Rail-NL/mathematical-models/local_search_plans_discreet_120/plan_33_trains_33_units13.json"
"/home/thomasverwaal/Robust-Rail-NL/mathematical-models/scenarios_solver_types_120/scenario_solver_33_trains_33_units13.json","Cost of next node: Cost = 619.8 : 716.12 | cr=19, dd=2, da=2, tlv=19, sm=66, rd=72.73, cd=0, um=0","Time elapsed: 16.98 seconds","/home/thomasverwaal/Robust-Rail-NL/mathematical-models/local_search_plans_discreet_120/plan_33_trains_33_units13.json"
"/home/thomasverwaal/Robust-Rail-NL/mathematical-models/scenarios_solver_types_120/scenario_solver_33_trains_33_units13.json","Cost of next node: Cost = 604.8 : 696.12 | cr=19, dd=2, da=2, tlv=18, sm=66, rd=74.55, cd=0, um=0","Time elapsed: 22.82 seconds","/home/thomasverwaal/Robust-Rail-NL/mathematical-models/local_search_plans_discreet_120/plan_33_trains_33_units13.json"
"/home/thomasverwaal/Robust-Rail-NL/mathematical-models/scenarios_solver_types_120/scenario_solver_33_trains_33_units13.json","Cost of next node: Cost = 589.8 : 676.12 | cr=19, dd=2, da=2, tlv=17, sm=66, rd=76.36, cd=0, um=0","Time elapsed: 28.52 seconds","/home/thomasverwaal/Robust-Rail-NL/mathematical-models/local_search_plans_discreet_120/plan_33_trains_33_units13.json"
"/home/thomasverwaal/Robust-Rail-NL/mathematical-models/scenarios_solver_types_120/scenario_solver_33_trains_33_units13.json","Cost of next node: Cost = 564.8 : 646.12 | cr=18, dd=2, da=2, tlv=16, sm=66, rd=78.18, cd=0, um=0","Time elapsed: 28.93 seconds","/home/thomasverwaal/Robust-Rail-NL/mathematical-models/local_search_plans_discreet_120/plan_33_trains_33_units13.json"
"/home/thomasverwaal/Robust-Rail-NL/mathematical-models/scenarios_solver_types_120/scenario_solver_33_trains_33_units13.json","Cost of next node: Cost = 549.8 : 626.12 | cr=18, dd=2, da=2, tlv=15, sm=66, rd=80.00, cd=0, um=0","Time elapsed: 33.96 seconds","/home/thomasverwaal/Robust-Rail-NL/mathematical-models/local_search_plans_discreet_120/plan_33_trains_33_units13.json"
"/home/thomasverwaal/Robust-Rail-NL/mathematical-models/scenarios_solver_types_120/scenario_solver_33_trains_33_units13.json","Cost of next node: Cost = 524.8 : 596.12 | cr=17, dd=2, da=2, tlv=14, sm=66, rd=81.82, cd=0, um=0","Time elapsed: 34.23 seconds","/home/thomasverwaal/Robust-Rail-NL/mathematical-models/local_search_plans_discreet_120/plan_33_trains_33_units13.json"
"/home/thomasverwaal/Robust-Rail-NL/mathematical-models/scenarios_solver_types_120/scenario_solver_33_trains_33_units13.json","Cost of next node: Cost = 514.8 : 586.12 | cr=16, dd=2, da=2, tlv=14, sm=66, rd=81.82, cd=0, um=0","Time elapsed: 38.06 seconds","/home/thomasverwaal/Robust-Rail-NL/mathematical-models/local_search_plans_discreet_120/plan_33_trains_33_units13.json"
"/home/thomasverwaal/Robust-Rail-NL/mathematical-models/scenarios_solver_types_120/scenario_solver_33_trains_33_units13.json","Cost of next node: Cost = 504.8 : 576.12 | cr=15, dd=2, da=2, tlv=14, sm=66, rd=81.82, cd=0, um=0","Time elapsed: 42.30 seconds","/home/thomasverwaal/Robust-Rail-NL/mathematical-models/local_search_plans_discreet_120/plan_33_trains_33_units13.json"
"/home/thomasverwaal/Robust-Rail-NL/mathematical-models/scenarios_solver_types_120/scenario_solver_33_trains_33_units13.json","Cost of next node: Cost = 494.8 : 566.12 | cr=14, dd=2, da=2, tlv=14, sm=66, rd=81.82, cd=0, um=0","Time elapsed: 45.77 seconds","/home/thomasverwaal/Robust-Rail-NL/mathematical-models/local_search_plans_discreet_120/plan_33_trains_33_units13.json"
"/home/thomasverwaal/Robust-Rail-NL/mathematical-models/scenarios_solver_types_120/scenario_solver_33_trains_33_units13.json","Cost of next node: Cost = 484.8 : 556.12 | cr=13, dd=2, da=2, tlv=14, sm=66, rd=81.82, cd=0, um=0","Time elapsed: 48.94 seconds","/home/thomasverwaal/Robust-Rail-NL/mathematical-models/local_search_plans_discreet_120/plan_33_trains_33_units13.json"
"/home/thomasverwaal/Robust-Rail-NL/mathematical-models/scenarios_solver_types_120/scenario_solver_33_trains_33_units13.json","Cost of next node: Cost = 474.8 : 546.12 | cr=12, dd=2, da=2, tlv=14, sm=66, rd=81.82, cd=0, um=0","Time elapsed: 51.69 seconds","/home/thomasverwaal/Robust-Rail-NL/mathematical-models/local_search_plans_discreet_120/plan_33_trains_33_units13.json"
"/home/thomasverwaal/Robust-Rail-NL/mathematical-models/scenarios_solver_types_120/scenario_solver_33_trains_33_units13.json","Cost of next node: Cost = 464.8 : 536.12 | cr=11, dd=2, da=2, tlv=14, sm=66, rd=81.82, cd=0, um=0","Time elapsed: 54.15 seconds","/home/thomasverwaal/Robust-Rail-NL/mathematical-models/local_search_plans_discreet_120/plan_33_trains_33_units13.json"
"/home/thomasverwaal/Robust-Rail-NL/mathematical-models/scenarios_solver_types_120/scenario_solver_33_trains_33_units13.json","Cost of next node: Cost = 454.8 : 526.12 | cr=10, dd=2, da=2, tlv=14, sm=66, rd=81.82, cd=0, um=0","Time elapsed: 59.48 seconds","/home/thomasverwaal/Robust-Rail-NL/mathematical-models/local_search_plans_discreet_120/plan_33_trains_33_units13.json"
"/home/thomasverwaal/Robust-Rail-NL/mathematical-models/scenarios_solver_types_120/scenario_solver_33_trains_33_units13.json","Cost of next node: Cost = 444.8 : 516.12 | cr=9, dd=2, da=2, tlv=14, sm=66, rd=81.82, cd=0, um=0","Time elapsed: 61.18 seconds","/home/thomasverwaal/Robust-Rail-NL/mathematical-models/local_search_plans_discreet_120/plan_33_trains_33_units13.json"
"/home/thomasverwaal/Robust-Rail-NL/mathematical-models/scenarios_solver_types_120/scenario_solver_33_trains_33_units13.json","Cost of next node: Cost = 434.8 : 506.12 | cr=8, dd=2, da=2, tlv=14, sm=66, rd=81.82, cd=0, um=0","Time elapsed: 62.58 seconds","/home/thomasverwaal/Robust-Rail-NL/mathematical-models/local_search_plans_discreet_120/plan_33_trains_33_units13.json"
"/home/thomasverwaal/Robust-Rail-NL/mathematical-models/scenarios_solver_types_120/scenario_solver_33_trains_33_units13.json","Cost of next node: Cost = 325.0 : 401.32 | cr=10, dd=0, da=0, tlv=15, sm=66, rd=76.36, cd=0, um=0","Time elapsed: 62.73 seconds","/home/thomasverwaal/Robust-Rail-NL/mathematical-models/local_search_plans_discreet_120/plan_33_trains_33_units13.json"
"/home/thomasverwaal/Robust-Rail-NL/mathematical-models/scenarios_solver_types_120/scenario_solver_33_trains_33_units13.json","Cost of next node: Cost = 315.0 : 391.32 | cr=9, dd=0, da=0, tlv=15, sm=66, rd=76.36, cd=0, um=0","Time elapsed: 64.39 seconds","/home/thomasverwaal/Robust-Rail-NL/mathematical-models/local_search_plans_discreet_120/plan_33_trains_33_units13.json"
"/home/thomasverwaal/Robust-Rail-NL/mathematical-models/scenarios_solver_types_120/scenario_solver_33_trains_33_units13.json","Cost of next node: Cost = 305.0 : 381.34 | cr=8, dd=0, da=0, tlv=15, sm=67, rd=77.01, cd=0, um=0","Time elapsed: 65.69 seconds","/home/thomasverwaal/Robust-Rail-NL/mathematical-models/local_search_plans_discreet_120/plan_33_trains_33_units13.json"
"/home/thomasverwaal/Robust-Rail-NL/mathematical-models/scenarios_solver_types_120/scenario_solver_33_trains_33_units13.json","Cost of next node: Cost = 295.0 : 371.34 | cr=7, dd=0, da=0, tlv=15, sm=67, rd=75.22, cd=0, um=0","Time elapsed: 69.68 seconds","/home/thomasverwaal/Robust-Rail-NL/mathematical-models/local_search_plans_discreet_120/plan_33_trains_33_units13.json"
"/home/thomasverwaal/Robust-Rail-NL/mathematical-models/scenarios_solver_types_120/scenario_solver_33_trains_33_units13.json","Cost of next node: Cost = 285.0 : 361.36 | cr=6, dd=0, da=0, tlv=15, sm=68, rd=75.88, cd=0, um=0","Time elapsed: 70.83 seconds","/home/thomasverwaal/Robust-Rail-NL/mathematical-models/local_search_plans_discreet_120/plan_33_trains_33_units13.json"
"/home/thomasverwaal/Robust-Rail-NL/mathematical-models/scenarios_solver_types_120/scenario_solver_33_trains_33_units13.json","Cost of next node: Cost = 275.0 : 351.36 | cr=5, dd=0, da=0, tlv=15, sm=68, rd=75.88, cd=0, um=0","Time elapsed: 148.72 seconds","/home/thomasverwaal/Robust-Rail-NL/mathematical-models/local_search_plans_discreet_120/plan_33_trains_33_units13.json"
"/home/thomasverwaal/Robust-Rail-NL/mathematical-models/scenarios_solver_types_120/scenario_solver_33_trains_33_units13.json","NO_COST_FOUND","NO_TIME_FOUND","NO_PLAN_CREATED"
