scenario,cost_line,time_line,plan_file
"/home/thomasverwaal/Robust-Rail-NL/mathematical-models/scenarios_solver_types_120/scenario_solver_32_trains_32_units19.json","Cost of next node: Cost = 2,802.4 : 2,808.65 | cr=46, dd=32, da=28, tlv=1, sm=64, rd=185.62, cd=0, um=0","Time elapsed: 1.77 seconds","/home/thomasverwaal/Robust-Rail-NL/mathematical-models/local_search_plans_discreet_120/plan_32_trains_32_units19.json"
"/home/thomasverwaal/Robust-Rail-NL/mathematical-models/scenarios_solver_types_120/scenario_solver_32_trains_32_units19.json","Cost of next node: Cost = 2,771.1 : 2,782.42 | cr=43, dd=32, da=28, tlv=2, sm=64, rd=183.75, cd=0, um=0","Time elapsed: 1.90 seconds","/home/thomasverwaal/Robust-Rail-NL/mathematical-models/local_search_plans_discreet_120/plan_32_trains_32_units19.json"
"/home/thomasverwaal/Robust-Rail-NL/mathematical-models/scenarios_solver_types_120/scenario_solver_32_trains_32_units19.json","Cost of next node: Cost = 2,748.7 : 2,760.02 | cr=39, dd=32, da=27, tlv=2, sm=64, rd=192.19, cd=0, um=0","Time elapsed: 2.04 seconds","/home/thomasverwaal/Robust-Rail-NL/mathematical-models/local_search_plans_discreet_120/plan_32_trains_32_units19.json"
"/home/thomasverwaal/Robust-Rail-NL/mathematical-models/scenarios_solver_types_120/scenario_solver_32_trains_32_units19.json","Cost of next node: Cost = 2,714.8 : 2,731.03 | cr=36, dd=32, da=26, tlv=3, sm=64, rd=188.44, cd=0, um=0","Time elapsed: 2.15 seconds","/home/thomasverwaal/Robust-Rail-NL/mathematical-models/local_search_plans_discreet_120/plan_32_trains_32_units19.json"
"/home/thomasverwaal/Robust-Rail-NL/mathematical-models/scenarios_solver_types_120/scenario_solver_32_trains_32_units19.json","Cost of next node: Cost = 2,668.1 : 2,684.41 | cr=43, dd=32, da=23, tlv=3, sm=64, rd=175.31, cd=0, um=0","Time elapsed: 2.23 seconds","/home/thomasverwaal/Robust-Rail-NL/mathematical-models/local_search_plans_discreet_120/plan_32_trains_32_units19.json"
"/home/thomasverwaal/Robust-Rail-NL/mathematical-models/scenarios_solver_types_120/scenario_solver_32_trains_32_units19.json","Cost of next node: Cost = 2,643.8 : 2,665.09 | cr=38, dd=32, da=23, tlv=4, sm=64, rd=176.25, cd=0, um=0","Time elapsed: 2.29 seconds","/home/thomasverwaal/Robust-Rail-NL/mathematical-models/local_search_plans_discreet_120/plan_32_trains_32_units19.json"
"/home/thomasverwaal/Robust-Rail-NL/mathematical-models/scenarios_solver_types_120/scenario_solver_32_trains_32_units19.json","Cost of next node: Cost = 2,622.2 : 2,648.46 | cr=36, dd=32, da=23, tlv=5, sm=64, rd=171.56, cd=0, um=0","Time elapsed: 2.33 seconds","/home/thomasverwaal/Robust-Rail-NL/mathematical-models/local_search_plans_discreet_120/plan_32_trains_32_units19.json"
"/home/thomasverwaal/Robust-Rail-NL/mathematical-models/scenarios_solver_types_120/scenario_solver_32_trains_32_units19.json","Cost of next node: Cost = 2,575.5 : 2,606.78 | cr=38, dd=32, da=19, tlv=6, sm=64, rd=167.81, cd=0, um=0","Time elapsed: 2.50 seconds","/home/thomasverwaal/Robust-Rail-NL/mathematical-models/local_search_plans_discreet_120/plan_32_trains_32_units19.json"
"/home/thomasverwaal/Robust-Rail-NL/mathematical-models/scenarios_solver_types_120/scenario_solver_32_trains_32_units19.json","Cost of next node: Cost = 2,499.2 : 2,530.44 | cr=42, dd=32, da=15, tlv=6, sm=64, rd=160.31, cd=0, um=0","Time elapsed: 2.62 seconds","/home/thomasverwaal/Robust-Rail-NL/mathematical-models/local_search_plans_discreet_120/plan_32_trains_32_units19.json"
"/home/thomasverwaal/Robust-Rail-NL/mathematical-models/scenarios_solver_types_120/scenario_solver_32_trains_32_units19.json","Cost of next node: Cost = 2,474.3 : 2,505.57 | cr=40, dd=32, da=15, tlv=6, sm=64, rd=152.81, cd=0, um=0","Time elapsed: 2.78 seconds","/home/thomasverwaal/Robust-Rail-NL/mathematical-models/local_search_plans_discreet_120/plan_32_trains_32_units19.json"
"/home/thomasverwaal/Robust-Rail-NL/mathematical-models/scenarios_solver_types_120/scenario_solver_32_trains_32_units19.json","Cost of next node: Cost = 2,431.3 : 2,467.54 | cr=38, dd=32, da=14, tlv=7, sm=64, rd=144.38, cd=0, um=0","Time elapsed: 2.88 seconds","/home/thomasverwaal/Robust-Rail-NL/mathematical-models/local_search_plans_discreet_120/plan_32_trains_32_units19.json"
"/home/thomasverwaal/Robust-Rail-NL/mathematical-models/scenarios_solver_types_120/scenario_solver_32_trains_32_units19.json","Cost of next node: Cost = 2,395.1 : 2,436.36 | cr=37, dd=32, da=12, tlv=8, sm=64, rd=140.62, cd=0, um=0","Time elapsed: 3.04 seconds","/home/thomasverwaal/Robust-Rail-NL/mathematical-models/local_search_plans_discreet_120/plan_32_trains_32_units19.json"
"/home/thomasverwaal/Robust-Rail-NL/mathematical-models/scenarios_solver_types_120/scenario_solver_32_trains_32_units19.json","Cost of next node: Cost = 2,364.1 : 2,405.40 | cr=36, dd=32, da=11, tlv=8, sm=64, rd=136.88, cd=0, um=0","Time elapsed: 3.18 seconds","/home/thomasverwaal/Robust-Rail-NL/mathematical-models/local_search_plans_discreet_120/plan_32_trains_32_units19.json"
"/home/thomasverwaal/Robust-Rail-NL/mathematical-models/scenarios_solver_types_120/scenario_solver_32_trains_32_units19.json","Cost of next node: Cost = 2,341.2 : 2,387.48 | cr=33, dd=32, da=11, tlv=9, sm=64, rd=135.00, cd=0, um=0","Time elapsed: 3.42 seconds","/home/thomasverwaal/Robust-Rail-NL/mathematical-models/local_search_plans_discreet_120/plan_32_trains_32_units19.json"
"/home/thomasverwaal/Robust-Rail-NL/mathematical-models/scenarios_solver_types_120/scenario_solver_32_trains_32_units19.json","Cost of next node: Cost = 2,319.8 : 2,371.04 | cr=29, dd=32, da=11, tlv=10, sm=64, rd=133.12, cd=0, um=0","Time elapsed: 3.73 seconds","/home/thomasverwaal/Robust-Rail-NL/mathematical-models/local_search_plans_discreet_120/plan_32_trains_32_units19.json"
"/home/thomasverwaal/Robust-Rail-NL/mathematical-models/scenarios_solver_types_120/scenario_solver_32_trains_32_units19.json","Cost of next node: Cost = 2,259.5 : 2,315.74 | cr=20, dd=32, da=11, tlv=11, sm=64, rd=140.62, cd=0, um=0","Time elapsed: 4.00 seconds","/home/thomasverwaal/Robust-Rail-NL/mathematical-models/local_search_plans_discreet_120/plan_32_trains_32_units19.json"
"/home/thomasverwaal/Robust-Rail-NL/mathematical-models/scenarios_solver_types_120/scenario_solver_32_trains_32_units19.json","Cost of next node: Cost = 2,234.4 : 2,290.65 | cr=20, dd=32, da=10, tlv=11, sm=64, rd=137.81, cd=0, um=0","Time elapsed: 4.34 seconds","/home/thomasverwaal/Robust-Rail-NL/mathematical-models/local_search_plans_discreet_120/plan_32_trains_32_units19.json"
"/home/thomasverwaal/Robust-Rail-NL/mathematical-models/scenarios_solver_types_120/scenario_solver_32_trains_32_units19.json","Cost of next node: Cost = 2,213.1 : 2,269.39 | cr=20, dd=32, da=9, tlv=11, sm=64, rd=139.69, cd=0, um=0","Time elapsed: 4.62 seconds","/home/thomasverwaal/Robust-Rail-NL/mathematical-models/local_search_plans_discreet_120/plan_32_trains_32_units19.json"
"/home/thomasverwaal/Robust-Rail-NL/mathematical-models/scenarios_solver_types_120/scenario_solver_32_trains_32_units19.json","Cost of next node: Cost = 2,182.7 : 2,243.99 | cr=18, dd=32, da=8, tlv=12, sm=64, rd=135.94, cd=0, um=0","Time elapsed: 5.10 seconds","/home/thomasverwaal/Robust-Rail-NL/mathematical-models/local_search_plans_discreet_120/plan_32_trains_32_units19.json"
"/home/thomasverwaal/Robust-Rail-NL/mathematical-models/scenarios_solver_types_120/scenario_solver_32_trains_32_units19.json","Cost of next node: Cost = 2,151.8 : 2,213.06 | cr=19, dd=32, da=7, tlv=12, sm=64, rd=128.44, cd=0, um=0","Time elapsed: 5.58 seconds","/home/thomasverwaal/Robust-Rail-NL/mathematical-models/local_search_plans_discreet_120/plan_32_trains_32_units19.json"
"/home/thomasverwaal/Robust-Rail-NL/mathematical-models/scenarios_solver_types_120/scenario_solver_32_trains_32_units19.json","Cost of next node: Cost = 2,131.1 : 2,192.41 | cr=20, dd=32, da=6, tlv=12, sm=64, rd=122.81, cd=0, um=0","Time elapsed: 6.12 seconds","/home/thomasverwaal/Robust-Rail-NL/mathematical-models/local_search_plans_discreet_120/plan_32_trains_32_units19.json"
"/home/thomasverwaal/Robust-Rail-NL/mathematical-models/scenarios_solver_types_120/scenario_solver_32_trains_32_units19.json","Cost of next node: Cost = 2,095.0 : 2,161.25 | cr=20, dd=31, da=6, tlv=13, sm=64, rd=120.94, cd=0, um=0","Time elapsed: 6.36 seconds","/home/thomasverwaal/Robust-Rail-NL/mathematical-models/local_search_plans_discreet_120/plan_32_trains_32_units19.json"
"/home/thomasverwaal/Robust-Rail-NL/mathematical-models/scenarios_solver_types_120/scenario_solver_32_trains_32_units19.json","Cost of next node: Cost = 2,059.3 : 2,130.60 | cr=20, dd=30, da=6, tlv=14, sm=64, rd=119.06, cd=0, um=0","Time elapsed: 6.58 seconds","/home/thomasverwaal/Robust-Rail-NL/mathematical-models/local_search_plans_discreet_120/plan_32_trains_32_units19.json"
"/home/thomasverwaal/Robust-Rail-NL/mathematical-models/scenarios_solver_types_120/scenario_solver_32_trains_32_units19.json","Cost of next node: Cost = 2,034.3 : 2,100.60 | cr=19, dd=30, da=6, tlv=13, sm=64, rd=119.06, cd=0, um=0","Time elapsed: 6.89 seconds","/home/thomasverwaal/Robust-Rail-NL/mathematical-models/local_search_plans_discreet_120/plan_32_trains_32_units19.json"
"/home/thomasverwaal/Robust-Rail-NL/mathematical-models/scenarios_solver_types_120/scenario_solver_32_trains_32_units19.json","Cost of next node: Cost = 1,924.4 : 1,995.65 | cr=19, dd=28, da=5, tlv=14, sm=64, rd=113.44, cd=0, um=0","Time elapsed: 7.16 seconds","/home/thomasverwaal/Robust-Rail-NL/mathematical-models/local_search_plans_discreet_120/plan_32_trains_32_units19.json"
"/home/thomasverwaal/Robust-Rail-NL/mathematical-models/scenarios_solver_types_120/scenario_solver_32_trains_32_units19.json","Cost of next node: Cost = 1,899.4 : 1,965.65 | cr=18, dd=28, da=5, tlv=13, sm=64, rd=113.44, cd=0, um=0","Time elapsed: 7.40 seconds","/home/thomasverwaal/Robust-Rail-NL/mathematical-models/local_search_plans_discreet_120/plan_32_trains_32_units19.json"
"/home/thomasverwaal/Robust-Rail-NL/mathematical-models/scenarios_solver_types_120/scenario_solver_32_trains_32_units19.json","Cost of next node: Cost = 1,819.0 : 1,885.26 | cr=20, dd=26, da=5, tlv=13, sm=64, rd=111.56, cd=0, um=0","Time elapsed: 7.62 seconds","/home/thomasverwaal/Robust-Rail-NL/mathematical-models/local_search_plans_discreet_120/plan_32_trains_32_units19.json"
"/home/thomasverwaal/Robust-Rail-NL/mathematical-models/scenarios_solver_types_120/scenario_solver_32_trains_32_units19.json","Cost of next node: Cost = 1,714.4 : 1,785.64 | cr=20, dd=24, da=4, tlv=14, sm=64, rd=107.81, cd=0, um=0","Time elapsed: 7.92 seconds","/home/thomasverwaal/Robust-Rail-NL/mathematical-models/local_search_plans_discreet_120/plan_32_trains_32_units19.json"
"/home/thomasverwaal/Robust-Rail-NL/mathematical-models/scenarios_solver_types_120/scenario_solver_32_trains_32_units19.json","Cost of next node: Cost = 1,414.3 : 1,490.62 | cr=21, dd=18, da=3, tlv=15, sm=64, rd=105.00, cd=0, um=0","Time elapsed: 8.24 seconds","/home/thomasverwaal/Robust-Rail-NL/mathematical-models/local_search_plans_discreet_120/plan_32_trains_32_units19.json"
"/home/thomasverwaal/Robust-Rail-NL/mathematical-models/scenarios_solver_types_120/scenario_solver_32_trains_32_units19.json","Cost of next node: Cost = 1,077.0 : 1,158.31 | cr=18, dd=12, da=2, tlv=16, sm=64, rd=97.50, cd=0, um=0","Time elapsed: 8.67 seconds","/home/thomasverwaal/Robust-Rail-NL/mathematical-models/local_search_plans_discreet_120/plan_32_trains_32_units19.json"
"/home/thomasverwaal/Robust-Rail-NL/mathematical-models/scenarios_solver_types_120/scenario_solver_32_trains_32_units19.json","Cost of next node: Cost = 748.3 : 834.57 | cr=18, dd=6, da=0, tlv=17, sm=64, rd=86.25, cd=0, um=0","Time elapsed: 9.00 seconds","/home/thomasverwaal/Robust-Rail-NL/mathematical-models/local_search_plans_discreet_120/plan_32_trains_32_units19.json"
"/home/thomasverwaal/Robust-Rail-NL/mathematical-models/scenarios_solver_types_120/scenario_solver_32_trains_32_units19.json","Cost of next node: Cost = 699.6 : 790.88 | cr=18, dd=4, da=2, tlv=18, sm=64, rd=81.56, cd=0, um=0","Time elapsed: 9.24 seconds","/home/thomasverwaal/Robust-Rail-NL/mathematical-models/local_search_plans_discreet_120/plan_32_trains_32_units19.json"
"/home/thomasverwaal/Robust-Rail-NL/mathematical-models/scenarios_solver_types_120/scenario_solver_32_trains_32_units19.json","Cost of next node: Cost = 653.4 : 739.68 | cr=19, dd=4, da=0, tlv=17, sm=64, rd=81.56, cd=0, um=0","Time elapsed: 9.61 seconds","/home/thomasverwaal/Robust-Rail-NL/mathematical-models/local_search_plans_discreet_120/plan_32_trains_32_units19.json"
"/home/thomasverwaal/Robust-Rail-NL/mathematical-models/scenarios_solver_types_120/scenario_solver_32_trains_32_units19.json","Cost of next node: Cost = 571.0 : 662.28 | cr=19, dd=2, da=0, tlv=18, sm=64, rd=75.94, cd=0, um=0","Time elapsed: 9.93 seconds","/home/thomasverwaal/Robust-Rail-NL/mathematical-models/local_search_plans_discreet_120/plan_32_trains_32_units19.json"
"/home/thomasverwaal/Robust-Rail-NL/mathematical-models/scenarios_solver_types_120/scenario_solver_32_trains_32_units19.json","Cost of next node: Cost = 526.8 : 618.10 | cr=20, dd=0, da=2, tlv=19, sm=65, rd=72.00, cd=0, um=0","Time elapsed: 13.10 seconds","/home/thomasverwaal/Robust-Rail-NL/mathematical-models/local_search_plans_discreet_120/plan_32_trains_32_units19.json"
"/home/thomasverwaal/Robust-Rail-NL/mathematical-models/scenarios_solver_types_120/scenario_solver_32_trains_32_units19.json","Cost of next node: Cost = 495.9 : 587.20 | cr=19, dd=0, da=1, tlv=19, sm=65, rd=70.15, cd=0, um=0","Time elapsed: 13.43 seconds","/home/thomasverwaal/Robust-Rail-NL/mathematical-models/local_search_plans_discreet_120/plan_32_trains_32_units19.json"
"/home/thomasverwaal/Robust-Rail-NL/mathematical-models/scenarios_solver_types_120/scenario_solver_32_trains_32_units19.json","Cost of next node: Cost = 450.0 : 541.28 | cr=18, dd=0, da=0, tlv=18, sm=64, rd=69.38, cd=0, um=0","Time elapsed: 13.88 seconds","/home/thomasverwaal/Robust-Rail-NL/mathematical-models/local_search_plans_discreet_120/plan_32_trains_32_units19.json"
"/home/thomasverwaal/Robust-Rail-NL/mathematical-models/scenarios_solver_types_120/scenario_solver_32_trains_32_units19.json","Cost of next node: Cost = 430.0 : 521.30 | cr=16, dd=0, da=0, tlv=18, sm=65, rd=70.15, cd=0, um=0","Time elapsed: 19.85 seconds","/home/thomasverwaal/Robust-Rail-NL/mathematical-models/local_search_plans_discreet_120/plan_32_trains_32_units19.json"
"/home/thomasverwaal/Robust-Rail-NL/mathematical-models/scenarios_solver_types_120/scenario_solver_32_trains_32_units19.json","Cost of next node: Cost = 415.0 : 501.30 | cr=16, dd=0, da=0, tlv=17, sm=65, rd=72.00, cd=0, um=0","Time elapsed: 25.77 seconds","/home/thomasverwaal/Robust-Rail-NL/mathematical-models/local_search_plans_discreet_120/plan_32_trains_32_units19.json"
"/home/thomasverwaal/Robust-Rail-NL/mathematical-models/scenarios_solver_types_120/scenario_solver_32_trains_32_units19.json","Cost of next node: Cost = 400.0 : 481.30 | cr=16, dd=0, da=0, tlv=16, sm=65, rd=73.85, cd=0, um=0","Time elapsed: 31.65 seconds","/home/thomasverwaal/Robust-Rail-NL/mathematical-models/local_search_plans_discreet_120/plan_32_trains_32_units19.json"
"/home/thomasverwaal/Robust-Rail-NL/mathematical-models/scenarios_solver_types_120/scenario_solver_32_trains_32_units19.json","Cost of next node: Cost = 390.0 : 471.30 | cr=15, dd=0, da=0, tlv=16, sm=65, rd=73.85, cd=0, um=0","Time elapsed: 36.80 seconds","/home/thomasverwaal/Robust-Rail-NL/mathematical-models/local_search_plans_discreet_120/plan_32_trains_32_units19.json"
"/home/thomasverwaal/Robust-Rail-NL/mathematical-models/scenarios_solver_types_120/scenario_solver_32_trains_32_units19.json","Cost of next node: Cost = 375.0 : 451.30 | cr=15, dd=0, da=0, tlv=15, sm=65, rd=75.69, cd=0, um=0","Time elapsed: 41.24 seconds","/home/thomasverwaal/Robust-Rail-NL/mathematical-models/local_search_plans_discreet_120/plan_32_trains_32_units19.json"
"/home/thomasverwaal/Robust-Rail-NL/mathematical-models/scenarios_solver_types_120/scenario_solver_32_trains_32_units19.json","Cost of next node: Cost = 365.0 : 441.30 | cr=14, dd=0, da=0, tlv=15, sm=65, rd=77.54, cd=0, um=0","Time elapsed: 45.86 seconds","/home/thomasverwaal/Robust-Rail-NL/mathematical-models/local_search_plans_discreet_120/plan_32_trains_32_units19.json"
"/home/thomasverwaal/Robust-Rail-NL/mathematical-models/scenarios_solver_types_120/scenario_solver_32_trains_32_units19.json","Cost of next node: Cost = 345.0 : 421.30 | cr=12, dd=0, da=0, tlv=15, sm=65, rd=77.54, cd=0, um=0","Time elapsed: 49.63 seconds","/home/thomasverwaal/Robust-Rail-NL/mathematical-models/local_search_plans_discreet_120/plan_32_trains_32_units19.json"
"/home/thomasverwaal/Robust-Rail-NL/mathematical-models/scenarios_solver_types_120/scenario_solver_32_trains_32_units19.json","Cost of next node: Cost = 335.0 : 411.30 | cr=11, dd=0, da=0, tlv=15, sm=65, rd=79.38, cd=0, um=0","Time elapsed: 53.16 seconds","/home/thomasverwaal/Robust-Rail-NL/mathematical-models/local_search_plans_discreet_120/plan_32_trains_32_units19.json"
"/home/thomasverwaal/Robust-Rail-NL/mathematical-models/scenarios_solver_types_120/scenario_solver_32_trains_32_units19.json","Cost of next node: Cost = 325.0 : 401.30 | cr=10, dd=0, da=0, tlv=15, sm=65, rd=79.38, cd=0, um=0","Time elapsed: 56.79 seconds","/home/thomasverwaal/Robust-Rail-NL/mathematical-models/local_search_plans_discreet_120/plan_32_trains_32_units19.json"
"/home/thomasverwaal/Robust-Rail-NL/mathematical-models/scenarios_solver_types_120/scenario_solver_32_trains_32_units19.json","Cost of next node: Cost = 315.0 : 391.30 | cr=9, dd=0, da=0, tlv=15, sm=65, rd=79.38, cd=0, um=0","Time elapsed: 60.41 seconds","/home/thomasverwaal/Robust-Rail-NL/mathematical-models/local_search_plans_discreet_120/plan_32_trains_32_units19.json"
"/home/thomasverwaal/Robust-Rail-NL/mathematical-models/scenarios_solver_types_120/scenario_solver_32_trains_32_units19.json","Cost of next node: Cost = 305.0 : 381.30 | cr=8, dd=0, da=0, tlv=15, sm=65, rd=79.38, cd=0, um=0","Time elapsed: 63.22 seconds","/home/thomasverwaal/Robust-Rail-NL/mathematical-models/local_search_plans_discreet_120/plan_32_trains_32_units19.json"
"/home/thomasverwaal/Robust-Rail-NL/mathematical-models/scenarios_solver_types_120/scenario_solver_32_trains_32_units19.json","Cost of next node: Cost = 295.0 : 371.30 | cr=7, dd=0, da=0, tlv=15, sm=65, rd=81.23, cd=0, um=0","Time elapsed: 65.62 seconds","/home/thomasverwaal/Robust-Rail-NL/mathematical-models/local_search_plans_discreet_120/plan_32_trains_32_units19.json"
"/home/thomasverwaal/Robust-Rail-NL/mathematical-models/scenarios_solver_types_120/scenario_solver_32_trains_32_units19.json","Cost of next node: Cost = 285.0 : 361.30 | cr=6, dd=0, da=0, tlv=15, sm=65, rd=83.08, cd=0, um=0","Time elapsed: 67.67 seconds","/home/thomasverwaal/Robust-Rail-NL/mathematical-models/local_search_plans_discreet_120/plan_32_trains_32_units19.json"
"/home/thomasverwaal/Robust-Rail-NL/mathematical-models/scenarios_solver_types_120/scenario_solver_32_trains_32_units19.json","Cost of next node: Cost = 280.0 : 351.30 | cr=7, dd=0, da=0, tlv=14, sm=65, rd=84.92, cd=0, um=0","Time elapsed: 69.37 seconds","/home/thomasverwaal/Robust-Rail-NL/mathematical-models/local_search_plans_discreet_120/plan_32_trains_32_units19.json"
"/home/thomasverwaal/Robust-Rail-NL/mathematical-models/scenarios_solver_types_120/scenario_solver_32_trains_32_units19.json","Cost of next node: Cost = 270.0 : 341.30 | cr=6, dd=0, da=0, tlv=14, sm=65, rd=83.08, cd=0, um=0","Time elapsed: 125.31 seconds","/home/thomasverwaal/Robust-Rail-NL/mathematical-models/local_search_plans_discreet_120/plan_32_trains_32_units19.json"
"/home/thomasverwaal/Robust-Rail-NL/mathematical-models/scenarios_solver_types_120/scenario_solver_32_trains_32_units19.json","Cost of next node: Cost = 260.0 : 331.30 | cr=5, dd=0, da=0, tlv=14, sm=65, rd=84.92, cd=0, um=0","Time elapsed: 126.70 seconds","/home/thomasverwaal/Robust-Rail-NL/mathematical-models/local_search_plans_discreet_120/plan_32_trains_32_units19.json"
"/home/thomasverwaal/Robust-Rail-NL/mathematical-models/scenarios_solver_types_120/scenario_solver_32_trains_32_units19.json","Cost of next node: Cost = 250.0 : 321.32 | cr=4, dd=0, da=0, tlv=14, sm=66, rd=85.45, cd=0, um=0","Time elapsed: 224.66 seconds","/home/thomasverwaal/Robust-Rail-NL/mathematical-models/local_search_plans_discreet_120/plan_32_trains_32_units19.json"
"/home/thomasverwaal/Robust-Rail-NL/mathematical-models/scenarios_solver_types_120/scenario_solver_32_trains_32_units19.json","NO_COST_FOUND","NO_TIME_FOUND","NO_PLAN_CREATED"
"/home/thomasverwaal/Robust-Rail-NL/mathematical-models/scenarios_solver_types_120/scenario_solver_32_trains_32_units2.json","Cost of next node: Cost = 2,875.1 : 2,881.37 | cr=51, dd=32, da=28, tlv=1, sm=64, rd=181.88, cd=0, um=0","Time elapsed: 2.29 seconds","/home/thomasverwaal/Robust-Rail-NL/mathematical-models/local_search_plans_discreet_120/plan_32_trains_32_units2.json"
"/home/thomasverwaal/Robust-Rail-NL/mathematical-models/scenarios_solver_types_120/scenario_solver_32_trains_32_units2.json","Cost of next node: Cost = 2,852.9 : 2,859.19 | cr=49, dd=32, da=28, tlv=1, sm=64, rd=180.94, cd=0, um=0","Time elapsed: 2.34 seconds","/home/thomasverwaal/Robust-Rail-NL/mathematical-models/local_search_plans_discreet_120/plan_32_trains_32_units2.json"
"/home/thomasverwaal/Robust-Rail-NL/mathematical-models/scenarios_solver_types_120/scenario_solver_32_trains_32_units2.json","Cost of next node: Cost = 2,811.5 : 2,822.82 | cr=44, dd=32, da=27, tlv=2, sm=64, rd=182.81, cd=0, um=0","Time elapsed: 2.49 seconds","/home/thomasverwaal/Robust-Rail-NL/mathematical-models/local_search_plans_discreet_120/plan_32_trains_32_units2.json"
"/home/thomasverwaal/Robust-Rail-NL/mathematical-models/scenarios_solver_types_120/scenario_solver_32_trains_32_units2.json","Cost of next node: Cost = 2,787.6 : 2,803.93 | cr=41, dd=32, da=26, tlv=3, sm=64, rd=182.81, cd=0, um=0","Time elapsed: 2.60 seconds","/home/thomasverwaal/Robust-Rail-NL/mathematical-models/local_search_plans_discreet_120/plan_32_trains_32_units2.json"
"/home/thomasverwaal/Robust-Rail-NL/mathematical-models/scenarios_solver_types_120/scenario_solver_32_trains_32_units2.json","Cost of next node: Cost = 2,720.2 : 2,741.51 | cr=37, dd=32, da=25, tlv=4, sm=64, rd=176.25, cd=0, um=0","Time elapsed: 2.71 seconds","/home/thomasverwaal/Robust-Rail-NL/mathematical-models/local_search_plans_discreet_120/plan_32_trains_32_units2.json"
"/home/thomasverwaal/Robust-Rail-NL/mathematical-models/scenarios_solver_types_120/scenario_solver_32_trains_32_units2.json","Cost of next node: Cost = 2,677.5 : 2,703.77 | cr=37, dd=32, da=23, tlv=5, sm=64, rd=173.44, cd=0, um=0","Time elapsed: 2.86 seconds","/home/thomasverwaal/Robust-Rail-NL/mathematical-models/local_search_plans_discreet_120/plan_32_trains_32_units2.json"
"/home/thomasverwaal/Robust-Rail-NL/mathematical-models/scenarios_solver_types_120/scenario_solver_32_trains_32_units2.json","Cost of next node: Cost = 2,651.2 : 2,682.53 | cr=34, dd=32, da=23, tlv=6, sm=64, rd=176.25, cd=0, um=0","Time elapsed: 3.00 seconds","/home/thomasverwaal/Robust-Rail-NL/mathematical-models/local_search_plans_discreet_120/plan_32_trains_32_units2.json"
"/home/thomasverwaal/Robust-Rail-NL/mathematical-models/scenarios_solver_types_120/scenario_solver_32_trains_32_units2.json","Cost of next node: Cost = 2,600.1 : 2,636.36 | cr=33, dd=32, da=21, tlv=7, sm=64, rd=171.56, cd=0, um=0","Time elapsed: 3.15 seconds","/home/thomasverwaal/Robust-Rail-NL/mathematical-models/local_search_plans_discreet_120/plan_32_trains_32_units2.json"
"/home/thomasverwaal/Robust-Rail-NL/mathematical-models/scenarios_solver_types_120/scenario_solver_32_trains_32_units2.json","Cost of next node: Cost = 2,550.2 : 2,586.47 | cr=34, dd=32, da=18, tlv=7, sm=64, rd=173.44, cd=0, um=0","Time elapsed: 3.26 seconds","/home/thomasverwaal/Robust-Rail-NL/mathematical-models/local_search_plans_discreet_120/plan_32_trains_32_units2.json"
"/home/thomasverwaal/Robust-Rail-NL/mathematical-models/scenarios_solver_types_120/scenario_solver_32_trains_32_units2.json","Cost of next node: Cost = 2,527.6 : 2,563.88 | cr=33, dd=32, da=18, tlv=7, sm=64, rd=169.69, cd=0, um=0","Time elapsed: 3.46 seconds","/home/thomasverwaal/Robust-Rail-NL/mathematical-models/local_search_plans_discreet_120/plan_32_trains_32_units2.json"
"/home/thomasverwaal/Robust-Rail-NL/mathematical-models/scenarios_solver_types_120/scenario_solver_32_trains_32_units2.json","Cost of next node: Cost = 2,506.0 : 2,542.32 | cr=33, dd=32, da=17, tlv=7, sm=64, rd=165.94, cd=0, um=0","Time elapsed: 3.58 seconds","/home/thomasverwaal/Robust-Rail-NL/mathematical-models/local_search_plans_discreet_120/plan_32_trains_32_units2.json"
"/home/thomasverwaal/Robust-Rail-NL/mathematical-models/scenarios_solver_types_120/scenario_solver_32_trains_32_units2.json","Cost of next node: Cost = 2,468.9 : 2,510.13 | cr=32, dd=32, da=16, tlv=8, sm=64, rd=158.44, cd=0, um=0","Time elapsed: 3.69 seconds","/home/thomasverwaal/Robust-Rail-NL/mathematical-models/local_search_plans_discreet_120/plan_32_trains_32_units2.json"
"/home/thomasverwaal/Robust-Rail-NL/mathematical-models/scenarios_solver_types_120/scenario_solver_32_trains_32_units2.json","Cost of next node: Cost = 2,443.3 : 2,484.56 | cr=27, dd=32, da=16, tlv=8, sm=64, rd=166.88, cd=0, um=0","Time elapsed: 3.81 seconds","/home/thomasverwaal/Robust-Rail-NL/mathematical-models/local_search_plans_discreet_120/plan_32_trains_32_units2.json"
"/home/thomasverwaal/Robust-Rail-NL/mathematical-models/scenarios_solver_types_120/scenario_solver_32_trains_32_units2.json","Cost of next node: Cost = 2,418.9 : 2,465.18 | cr=27, dd=32, da=15, tlv=9, sm=64, rd=158.44, cd=0, um=0","Time elapsed: 3.95 seconds","/home/thomasverwaal/Robust-Rail-NL/mathematical-models/local_search_plans_discreet_120/plan_32_trains_32_units2.json"
"/home/thomasverwaal/Robust-Rail-NL/mathematical-models/scenarios_solver_types_120/scenario_solver_32_trains_32_units2.json","Cost of next node: Cost = 2,383.9 : 2,435.18 | cr=22, dd=32, da=15, tlv=10, sm=64, rd=158.44, cd=0, um=0","Time elapsed: 4.03 seconds","/home/thomasverwaal/Robust-Rail-NL/mathematical-models/local_search_plans_discreet_120/plan_32_trains_32_units2.json"
"/home/thomasverwaal/Robust-Rail-NL/mathematical-models/scenarios_solver_types_120/scenario_solver_32_trains_32_units2.json","Cost of next node: Cost = 2,356.0 : 2,412.24 | cr=18, dd=32, da=14, tlv=11, sm=64, rd=165.94, cd=0, um=0","Time elapsed: 4.12 seconds","/home/thomasverwaal/Robust-Rail-NL/mathematical-models/local_search_plans_discreet_120/plan_32_trains_32_units2.json"
"/home/thomasverwaal/Robust-Rail-NL/mathematical-models/scenarios_solver_types_120/scenario_solver_32_trains_32_units2.json","Cost of next node: Cost = 2,314.2 : 2,375.48 | cr=18, dd=32, da=11, tlv=12, sm=64, rd=164.06, cd=0, um=0","Time elapsed: 4.26 seconds","/home/thomasverwaal/Robust-Rail-NL/mathematical-models/local_search_plans_discreet_120/plan_32_trains_32_units2.json"
"/home/thomasverwaal/Robust-Rail-NL/mathematical-models/scenarios_solver_types_120/scenario_solver_32_trains_32_units2.json","Cost of next node: Cost = 2,289.4 : 2,355.64 | cr=17, dd=32, da=11, tlv=13, sm=64, rd=156.56, cd=0, um=0","Time elapsed: 4.53 seconds","/home/thomasverwaal/Robust-Rail-NL/mathematical-models/local_search_plans_discreet_120/plan_32_trains_32_units2.json"
"/home/thomasverwaal/Robust-Rail-NL/mathematical-models/scenarios_solver_types_120/scenario_solver_32_trains_32_units2.json","Cost of next node: Cost = 2,255.8 : 2,322.07 | cr=12, dd=32, da=11, tlv=13, sm=64, rd=160.31, cd=0, um=0","Time elapsed: 4.86 seconds","/home/thomasverwaal/Robust-Rail-NL/mathematical-models/local_search_plans_discreet_120/plan_32_trains_32_units2.json"
"/home/thomasverwaal/Robust-Rail-NL/mathematical-models/scenarios_solver_types_120/scenario_solver_32_trains_32_units2.json","Cost of next node: Cost = 2,235.6 : 2,306.85 | cr=12, dd=32, da=10, tlv=14, sm=64, rd=154.69, cd=0, um=0","Time elapsed: 5.22 seconds","/home/thomasverwaal/Robust-Rail-NL/mathematical-models/local_search_plans_discreet_120/plan_32_trains_32_units2.json"
"/home/thomasverwaal/Robust-Rail-NL/mathematical-models/scenarios_solver_types_120/scenario_solver_32_trains_32_units2.json","Cost of next node: Cost = 2,215.0 : 2,286.30 | cr=10, dd=32, da=10, tlv=14, sm=64, rd=151.88, cd=0, um=0","Time elapsed: 5.95 seconds","/home/thomasverwaal/Robust-Rail-NL/mathematical-models/local_search_plans_discreet_120/plan_32_trains_32_units2.json"
"/home/thomasverwaal/Robust-Rail-NL/mathematical-models/scenarios_solver_types_120/scenario_solver_32_trains_32_units2.json","Cost of next node: Cost = 2,191.0 : 2,262.30 | cr=9, dd=32, da=10, tlv=14, sm=64, rd=145.31, cd=0, um=0","Time elapsed: 6.25 seconds","/home/thomasverwaal/Robust-Rail-NL/mathematical-models/local_search_plans_discreet_120/plan_32_trains_32_units2.json"
"/home/thomasverwaal/Robust-Rail-NL/mathematical-models/scenarios_solver_types_120/scenario_solver_32_trains_32_units2.json","Cost of next node: Cost = 2,159.7 : 2,235.97 | cr=8, dd=32, da=10, tlv=15, sm=64, rd=134.06, cd=0, um=0","Time elapsed: 6.58 seconds","/home/thomasverwaal/Robust-Rail-NL/mathematical-models/local_search_plans_discreet_120/plan_32_trains_32_units2.json"
"/home/thomasverwaal/Robust-Rail-NL/mathematical-models/scenarios_solver_types_120/scenario_solver_32_trains_32_units2.json","Cost of next node: Cost = 2,130.1 : 2,201.37 | cr=14, dd=31, da=10, tlv=14, sm=64, rd=120.94, cd=0, um=0","Time elapsed: 6.82 seconds","/home/thomasverwaal/Robust-Rail-NL/mathematical-models/local_search_plans_discreet_120/plan_32_trains_32_units2.json"
"/home/thomasverwaal/Robust-Rail-NL/mathematical-models/scenarios_solver_types_120/scenario_solver_32_trains_32_units2.json","Cost of next node: Cost = 1,973.8 : 2,045.10 | cr=16, dd=28, da=9, tlv=14, sm=64, rd=119.06, cd=0, um=0","Time elapsed: 7.03 seconds","/home/thomasverwaal/Robust-Rail-NL/mathematical-models/local_search_plans_discreet_120/plan_32_trains_32_units2.json"
"/home/thomasverwaal/Robust-Rail-NL/mathematical-models/scenarios_solver_types_120/scenario_solver_32_trains_32_units2.json","Cost of next node: Cost = 1,870.4 : 1,946.66 | cr=16, dd=26, da=8, tlv=15, sm=64, rd=115.31, cd=0, um=0","Time elapsed: 7.20 seconds","/home/thomasverwaal/Robust-Rail-NL/mathematical-models/local_search_plans_discreet_120/plan_32_trains_32_units2.json"
"/home/thomasverwaal/Robust-Rail-NL/mathematical-models/scenarios_solver_types_120/scenario_solver_32_trains_32_units2.json","Cost of next node: Cost = 1,825.4 : 1,901.73 | cr=17, dd=25, da=8, tlv=15, sm=64, rd=108.75, cd=0, um=0","Time elapsed: 7.51 seconds","/home/thomasverwaal/Robust-Rail-NL/mathematical-models/local_search_plans_discreet_120/plan_32_trains_32_units2.json"
"/home/thomasverwaal/Robust-Rail-NL/mathematical-models/scenarios_solver_types_120/scenario_solver_32_trains_32_units2.json","Cost of next node: Cost = 1,800.5 : 1,881.80 | cr=18, dd=24, da=8, tlv=16, sm=64, rd=106.88, cd=0, um=0","Time elapsed: 7.85 seconds","/home/thomasverwaal/Robust-Rail-NL/mathematical-models/local_search_plans_discreet_120/plan_32_trains_32_units2.json"
"/home/thomasverwaal/Robust-Rail-NL/mathematical-models/scenarios_solver_types_120/scenario_solver_32_trains_32_units2.json","Cost of next node: Cost = 1,755.0 : 1,841.32 | cr=20, dd=22, da=9, tlv=17, sm=64, rd=106.88, cd=0, um=0","Time elapsed: 8.32 seconds","/home/thomasverwaal/Robust-Rail-NL/mathematical-models/local_search_plans_discreet_120/plan_32_trains_32_units2.json"
"/home/thomasverwaal/Robust-Rail-NL/mathematical-models/scenarios_solver_types_120/scenario_solver_32_trains_32_units2.json","Cost of next node: Cost = 1,695.1 : 1,781.42 | cr=19, dd=21, da=9, tlv=17, sm=64, rd=105.00, cd=0, um=0","Time elapsed: 8.54 seconds","/home/thomasverwaal/Robust-Rail-NL/mathematical-models/local_search_plans_discreet_120/plan_32_trains_32_units2.json"
"/home/thomasverwaal/Robust-Rail-NL/mathematical-models/scenarios_solver_types_120/scenario_solver_32_trains_32_units2.json","Cost of next node: Cost = 1,608.9 : 1,700.13 | cr=21, dd=19, da=8, tlv=18, sm=64, rd=101.25, cd=0, um=0","Time elapsed: 8.86 seconds","/home/thomasverwaal/Robust-Rail-NL/mathematical-models/local_search_plans_discreet_120/plan_32_trains_32_units2.json"
"/home/thomasverwaal/Robust-Rail-NL/mathematical-models/scenarios_solver_types_120/scenario_solver_32_trains_32_units2.json","Cost of next node: Cost = 1,583.9 : 1,670.13 | cr=20, dd=19, da=8, tlv=17, sm=64, rd=103.12, cd=0, um=0","Time elapsed: 9.18 seconds","/home/thomasverwaal/Robust-Rail-NL/mathematical-models/local_search_plans_discreet_120/plan_32_trains_32_units2.json"
"/home/thomasverwaal/Robust-Rail-NL/mathematical-models/scenarios_solver_types_120/scenario_solver_32_trains_32_units2.json","Cost of next node: Cost = 1,558.9 : 1,640.13 | cr=19, dd=19, da=8, tlv=16, sm=64, rd=105.00, cd=0, um=0","Time elapsed: 9.40 seconds","/home/thomasverwaal/Robust-Rail-NL/mathematical-models/local_search_plans_discreet_120/plan_32_trains_32_units2.json"
"/home/thomasverwaal/Robust-Rail-NL/mathematical-models/scenarios_solver_types_120/scenario_solver_32_trains_32_units2.json","Cost of next node: Cost = 1,534.7 : 1,610.93 | cr=20, dd=19, da=7, tlv=15, sm=64, rd=105.00, cd=0, um=0","Time elapsed: 9.78 seconds","/home/thomasverwaal/Robust-Rail-NL/mathematical-models/local_search_plans_discreet_120/plan_32_trains_32_units2.json"
"/home/thomasverwaal/Robust-Rail-NL/mathematical-models/scenarios_solver_types_120/scenario_solver_32_trains_32_units2.json","Cost of next node: Cost = 1,402.2 : 1,478.48 | cr=20, dd=16, da=8, tlv=15, sm=64, rd=101.25, cd=0, um=0","Time elapsed: 10.02 seconds","/home/thomasverwaal/Robust-Rail-NL/mathematical-models/local_search_plans_discreet_120/plan_32_trains_32_units2.json"
"/home/thomasverwaal/Robust-Rail-NL/mathematical-models/scenarios_solver_types_120/scenario_solver_32_trains_32_units2.json","Cost of next node: Cost = 1,142.3 : 1,223.61 | cr=20, dd=11, da=7, tlv=16, sm=64, rd=95.62, cd=0, um=0","Time elapsed: 10.36 seconds","/home/thomasverwaal/Robust-Rail-NL/mathematical-models/local_search_plans_discreet_120/plan_32_trains_32_units2.json"
"/home/thomasverwaal/Robust-Rail-NL/mathematical-models/scenarios_solver_types_120/scenario_solver_32_trains_32_units2.json","Cost of next node: Cost = 1,117.3 : 1,193.61 | cr=19, dd=11, da=7, tlv=15, sm=64, rd=95.62, cd=0, um=0","Time elapsed: 10.63 seconds","/home/thomasverwaal/Robust-Rail-NL/mathematical-models/local_search_plans_discreet_120/plan_32_trains_32_units2.json"
"/home/thomasverwaal/Robust-Rail-NL/mathematical-models/scenarios_solver_types_120/scenario_solver_32_trains_32_units2.json","Cost of next node: Cost = 867.7 : 949.00 | cr=20, dd=6, da=6, tlv=16, sm=64, rd=90.00, cd=0, um=0","Time elapsed: 10.88 seconds","/home/thomasverwaal/Robust-Rail-NL/mathematical-models/local_search_plans_discreet_120/plan_32_trains_32_units2.json"
"/home/thomasverwaal/Robust-Rail-NL/mathematical-models/scenarios_solver_types_120/scenario_solver_32_trains_32_units2.json","Cost of next node: Cost = 750.9 : 837.13 | cr=23, dd=4, da=3, tlv=17, sm=64, rd=84.38, cd=0, um=0","Time elapsed: 11.36 seconds","/home/thomasverwaal/Robust-Rail-NL/mathematical-models/local_search_plans_discreet_120/plan_32_trains_32_units2.json"
"/home/thomasverwaal/Robust-Rail-NL/mathematical-models/scenarios_solver_types_120/scenario_solver_32_trains_32_units2.json","Cost of next node: Cost = 725.9 : 807.13 | cr=22, dd=4, da=3, tlv=16, sm=64, rd=84.38, cd=0, um=0","Time elapsed: 11.61 seconds","/home/thomasverwaal/Robust-Rail-NL/mathematical-models/local_search_plans_discreet_120/plan_32_trains_32_units2.json"
"/home/thomasverwaal/Robust-Rail-NL/mathematical-models/scenarios_solver_types_120/scenario_solver_32_trains_32_units2.json","Cost of next node: Cost = 670.5 : 756.83 | cr=22, dd=3, da=2, tlv=17, sm=64, rd=80.62, cd=0, um=0","Time elapsed: 12.03 seconds","/home/thomasverwaal/Robust-Rail-NL/mathematical-models/local_search_plans_discreet_120/plan_32_trains_32_units2.json"
"/home/thomasverwaal/Robust-Rail-NL/mathematical-models/scenarios_solver_types_120/scenario_solver_32_trains_32_units2.json","Cost of next node: Cost = 646.5 : 727.73 | cr=23, dd=3, da=1, tlv=16, sm=64, rd=81.56, cd=0, um=0","Time elapsed: 12.28 seconds","/home/thomasverwaal/Robust-Rail-NL/mathematical-models/local_search_plans_discreet_120/plan_32_trains_32_units2.json"
"/home/thomasverwaal/Robust-Rail-NL/mathematical-models/scenarios_solver_types_120/scenario_solver_32_trains_32_units2.json","Cost of next node: Cost = 621.5 : 697.73 | cr=22, dd=3, da=1, tlv=15, sm=64, rd=83.44, cd=0, um=0","Time elapsed: 12.60 seconds","/home/thomasverwaal/Robust-Rail-NL/mathematical-models/local_search_plans_discreet_120/plan_32_trains_32_units2.json"
"/home/thomasverwaal/Robust-Rail-NL/mathematical-models/scenarios_solver_types_120/scenario_solver_32_trains_32_units2.json","Cost of next node: Cost = 493.0 : 574.28 | cr=20, dd=1, da=0, tlv=16, sm=64, rd=76.88, cd=0, um=0","Time elapsed: 12.88 seconds","/home/thomasverwaal/Robust-Rail-NL/mathematical-models/local_search_plans_discreet_120/plan_32_trains_32_units2.json"
"/home/thomasverwaal/Robust-Rail-NL/mathematical-models/scenarios_solver_types_120/scenario_solver_32_trains_32_units2.json","Cost of next node: Cost = 445.0 : 531.28 | cr=19, dd=0, da=0, tlv=17, sm=64, rd=71.25, cd=0, um=0","Time elapsed: 13.31 seconds","/home/thomasverwaal/Robust-Rail-NL/mathematical-models/local_search_plans_discreet_120/plan_32_trains_32_units2.json"
"/home/thomasverwaal/Robust-Rail-NL/mathematical-models/scenarios_solver_types_120/scenario_solver_32_trains_32_units2.json","Cost of next node: Cost = 430.0 : 511.28 | cr=19, dd=0, da=0, tlv=16, sm=64, rd=73.12, cd=0, um=0","Time elapsed: 19.54 seconds","/home/thomasverwaal/Robust-Rail-NL/mathematical-models/local_search_plans_discreet_120/plan_32_trains_32_units2.json"
"/home/thomasverwaal/Robust-Rail-NL/mathematical-models/scenarios_solver_types_120/scenario_solver_32_trains_32_units2.json","Cost of next node: Cost = 415.0 : 491.28 | cr=19, dd=0, da=0, tlv=15, sm=64, rd=75.00, cd=0, um=0","Time elapsed: 24.88 seconds","/home/thomasverwaal/Robust-Rail-NL/mathematical-models/local_search_plans_discreet_120/plan_32_trains_32_units2.json"
"/home/thomasverwaal/Robust-Rail-NL/mathematical-models/scenarios_solver_types_120/scenario_solver_32_trains_32_units2.json","Cost of next node: Cost = 395.0 : 471.28 | cr=17, dd=0, da=0, tlv=15, sm=64, rd=76.88, cd=0, um=0","Time elapsed: 29.84 seconds","/home/thomasverwaal/Robust-Rail-NL/mathematical-models/local_search_plans_discreet_120/plan_32_trains_32_units2.json"
"/home/thomasverwaal/Robust-Rail-NL/mathematical-models/scenarios_solver_types_120/scenario_solver_32_trains_32_units2.json","Cost of next node: Cost = 375.0 : 451.28 | cr=15, dd=0, da=0, tlv=15, sm=64, rd=78.75, cd=0, um=0","Time elapsed: 33.78 seconds","/home/thomasverwaal/Robust-Rail-NL/mathematical-models/local_search_plans_discreet_120/plan_32_trains_32_units2.json"
"/home/thomasverwaal/Robust-Rail-NL/mathematical-models/scenarios_solver_types_120/scenario_solver_32_trains_32_units2.json","Cost of next node: Cost = 360.0 : 431.28 | cr=15, dd=0, da=0, tlv=14, sm=64, rd=80.62, cd=0, um=0","Time elapsed: 37.89 seconds","/home/thomasverwaal/Robust-Rail-NL/mathematical-models/local_search_plans_discreet_120/plan_32_trains_32_units2.json"
"/home/thomasverwaal/Robust-Rail-NL/mathematical-models/scenarios_solver_types_120/scenario_solver_32_trains_32_units2.json","Cost of next node: Cost = 350.0 : 421.28 | cr=14, dd=0, da=0, tlv=14, sm=64, rd=80.62, cd=0, um=0","Time elapsed: 41.38 seconds","/home/thomasverwaal/Robust-Rail-NL/mathematical-models/local_search_plans_discreet_120/plan_32_trains_32_units2.json"
"/home/thomasverwaal/Robust-Rail-NL/mathematical-models/scenarios_solver_types_120/scenario_solver_32_trains_32_units2.json","Cost of next node: Cost = 340.0 : 411.28 | cr=13, dd=0, da=0, tlv=14, sm=64, rd=80.62, cd=0, um=0","Time elapsed: 44.91 seconds","/home/thomasverwaal/Robust-Rail-NL/mathematical-models/local_search_plans_discreet_120/plan_32_trains_32_units2.json"
"/home/thomasverwaal/Robust-Rail-NL/mathematical-models/scenarios_solver_types_120/scenario_solver_32_trains_32_units2.json","Cost of next node: Cost = 330.0 : 401.28 | cr=12, dd=0, da=0, tlv=14, sm=64, rd=80.62, cd=0, um=0","Time elapsed: 47.85 seconds","/home/thomasverwaal/Robust-Rail-NL/mathematical-models/local_search_plans_discreet_120/plan_32_trains_32_units2.json"
"/home/thomasverwaal/Robust-Rail-NL/mathematical-models/scenarios_solver_types_120/scenario_solver_32_trains_32_units2.json","Cost of next node: Cost = 310.0 : 381.28 | cr=10, dd=0, da=0, tlv=14, sm=64, rd=80.62, cd=0, um=0","Time elapsed: 50.48 seconds","/home/thomasverwaal/Robust-Rail-NL/mathematical-models/local_search_plans_discreet_120/plan_32_trains_32_units2.json"
"/home/thomasverwaal/Robust-Rail-NL/mathematical-models/scenarios_solver_types_120/scenario_solver_32_trains_32_units2.json","Cost of next node: Cost = 300.0 : 371.28 | cr=9, dd=0, da=0, tlv=14, sm=64, rd=80.62, cd=0, um=0","Time elapsed: 52.55 seconds","/home/thomasverwaal/Robust-Rail-NL/mathematical-models/local_search_plans_discreet_120/plan_32_trains_32_units2.json"
"/home/thomasverwaal/Robust-Rail-NL/mathematical-models/scenarios_solver_types_120/scenario_solver_32_trains_32_units2.json","Cost of next node: Cost = 290.0 : 361.28 | cr=8, dd=0, da=0, tlv=14, sm=64, rd=80.62, cd=0, um=0","Time elapsed: 54.25 seconds","/home/thomasverwaal/Robust-Rail-NL/mathematical-models/local_search_plans_discreet_120/plan_32_trains_32_units2.json"
"/home/thomasverwaal/Robust-Rail-NL/mathematical-models/scenarios_solver_types_120/scenario_solver_32_trains_32_units2.json","Cost of next node: Cost = 280.0 : 351.28 | cr=7, dd=0, da=0, tlv=14, sm=64, rd=80.62, cd=0, um=0","Time elapsed: 55.63 seconds","/home/thomasverwaal/Robust-Rail-NL/mathematical-models/local_search_plans_discreet_120/plan_32_trains_32_units2.json"
"/home/thomasverwaal/Robust-Rail-NL/mathematical-models/scenarios_solver_types_120/scenario_solver_32_trains_32_units2.json","Cost of next node: Cost = 270.0 : 341.28 | cr=6, dd=0, da=0, tlv=14, sm=64, rd=80.62, cd=0, um=0","Time elapsed: 56.81 seconds","/home/thomasverwaal/Robust-Rail-NL/mathematical-models/local_search_plans_discreet_120/plan_32_trains_32_units2.json"
"/home/thomasverwaal/Robust-Rail-NL/mathematical-models/scenarios_solver_types_120/scenario_solver_32_trains_32_units2.json","Cost of next node: Cost = 260.0 : 331.28 | cr=5, dd=0, da=0, tlv=14, sm=64, rd=80.62, cd=0, um=0","Time elapsed: 57.81 seconds","/home/thomasverwaal/Robust-Rail-NL/mathematical-models/local_search_plans_discreet_120/plan_32_trains_32_units2.json"
"/home/thomasverwaal/Robust-Rail-NL/mathematical-models/scenarios_solver_types_120/scenario_solver_32_trains_32_units2.json","Cost of next node: Cost = 255.0 : 321.38 | cr=6, dd=0, da=0, tlv=13, sm=69, rd=84.35, cd=0, um=0","Time elapsed: 113.75 seconds","/home/thomasverwaal/Robust-Rail-NL/mathematical-models/local_search_plans_discreet_120/plan_32_trains_32_units2.json"
"/home/thomasverwaal/Robust-Rail-NL/mathematical-models/scenarios_solver_types_120/scenario_solver_32_trains_32_units2.json","Cost of next node: Cost = 245.0 : 311.38 | cr=5, dd=0, da=0, tlv=13, sm=69, rd=84.35, cd=0, um=0","Time elapsed: 125.67 seconds","/home/thomasverwaal/Robust-Rail-NL/mathematical-models/local_search_plans_discreet_120/plan_32_trains_32_units2.json"
"/home/thomasverwaal/Robust-Rail-NL/mathematical-models/scenarios_solver_types_120/scenario_solver_32_trains_32_units2.json","NO_COST_FOUND","NO_TIME_FOUND","NO_PLAN_CREATED"
"/home/thomasverwaal/Robust-Rail-NL/mathematical-models/scenarios_solver_types_120/scenario_solver_32_trains_32_units20.json","Cost of next node: Cost = 2,855.8 : 2,862.06 | cr=49, dd=32, da=28, tlv=1, sm=64, rd=187.50, cd=0, um=0","Time elapsed: 2.09 seconds","/home/thomasverwaal/Robust-Rail-NL/mathematical-models/local_search_plans_discreet_120/plan_32_trains_32_units20.json"
"/home/thomasverwaal/Robust-Rail-NL/mathematical-models/scenarios_solver_types_120/scenario_solver_32_trains_32_units20.json","Cost of next node: Cost = 2,792.6 : 2,803.85 | cr=42, dd=32, da=27, tlv=2, sm=64, rd=189.38, cd=0, um=0","Time elapsed: 2.27 seconds","/home/thomasverwaal/Robust-Rail-NL/mathematical-models/local_search_plans_discreet_120/plan_32_trains_32_units20.json"
"/home/thomasverwaal/Robust-Rail-NL/mathematical-models/scenarios_solver_types_120/scenario_solver_32_trains_32_units20.json","Cost of next node: Cost = 2,762.4 : 2,778.66 | cr=39, dd=32, da=26, tlv=3, sm=64, rd=187.50, cd=0, um=0","Time elapsed: 2.42 seconds","/home/thomasverwaal/Robust-Rail-NL/mathematical-models/local_search_plans_discreet_120/plan_32_trains_32_units20.json"
"/home/thomasverwaal/Robust-Rail-NL/mathematical-models/scenarios_solver_types_120/scenario_solver_32_trains_32_units20.json","Cost of next node: Cost = 2,704.6 : 2,725.92 | cr=36, dd=32, da=25, tlv=4, sm=64, rd=180.94, cd=0, um=0","Time elapsed: 2.60 seconds","/home/thomasverwaal/Robust-Rail-NL/mathematical-models/local_search_plans_discreet_120/plan_32_trains_32_units20.json"
"/home/thomasverwaal/Robust-Rail-NL/mathematical-models/scenarios_solver_types_120/scenario_solver_32_trains_32_units20.json","Cost of next node: Cost = 2,668.5 : 2,689.77 | cr=37, dd=32, da=23, tlv=4, sm=64, rd=178.12, cd=0, um=0","Time elapsed: 2.67 seconds","/home/thomasverwaal/Robust-Rail-NL/mathematical-models/local_search_plans_discreet_120/plan_32_trains_32_units20.json"
"/home/thomasverwaal/Robust-Rail-NL/mathematical-models/scenarios_solver_types_120/scenario_solver_32_trains_32_units20.json","Cost of next node: Cost = 2,643.8 : 2,665.13 | cr=36, dd=32, da=23, tlv=4, sm=64, rd=174.38, cd=0, um=0","Time elapsed: 2.84 seconds","/home/thomasverwaal/Robust-Rail-NL/mathematical-models/local_search_plans_discreet_120/plan_32_trains_32_units20.json"
"/home/thomasverwaal/Robust-Rail-NL/mathematical-models/scenarios_solver_types_120/scenario_solver_32_trains_32_units20.json","Cost of next node: Cost = 2,619.8 : 2,646.05 | cr=37, dd=32, da=22, tlv=5, sm=64, rd=172.50, cd=0, um=0","Time elapsed: 3.01 seconds","/home/thomasverwaal/Robust-Rail-NL/mathematical-models/local_search_plans_discreet_120/plan_32_trains_32_units20.json"
"/home/thomasverwaal/Robust-Rail-NL/mathematical-models/scenarios_solver_types_120/scenario_solver_32_trains_32_units20.json","Cost of next node: Cost = 2,481.7 : 2,512.97 | cr=36, dd=32, da=15, tlv=6, sm=64, rd=165.94, cd=0, um=0","Time elapsed: 3.13 seconds","/home/thomasverwaal/Robust-Rail-NL/mathematical-models/local_search_plans_discreet_120/plan_32_trains_32_units20.json"
"/home/thomasverwaal/Robust-Rail-NL/mathematical-models/scenarios_solver_types_120/scenario_solver_32_trains_32_units20.json","Cost of next node: Cost = 2,437.7 : 2,474.02 | cr=38, dd=32, da=11, tlv=7, sm=64, rd=164.06, cd=0, um=0","Time elapsed: 3.26 seconds","/home/thomasverwaal/Robust-Rail-NL/mathematical-models/local_search_plans_discreet_120/plan_32_trains_32_units20.json"
"/home/thomasverwaal/Robust-Rail-NL/mathematical-models/scenarios_solver_types_120/scenario_solver_32_trains_32_units20.json","Cost of next node: Cost = 2,403.7 : 2,439.97 | cr=38, dd=32, da=10, tlv=7, sm=64, rd=156.56, cd=0, um=0","Time elapsed: 3.41 seconds","/home/thomasverwaal/Robust-Rail-NL/mathematical-models/local_search_plans_discreet_120/plan_32_trains_32_units20.json"
"/home/thomasverwaal/Robust-Rail-NL/mathematical-models/scenarios_solver_types_120/scenario_solver_32_trains_32_units20.json","Cost of next node: Cost = 2,380.7 : 2,417.02 | cr=38, dd=32, da=9, tlv=7, sm=64, rd=151.88, cd=0, um=0","Time elapsed: 3.48 seconds","/home/thomasverwaal/Robust-Rail-NL/mathematical-models/local_search_plans_discreet_120/plan_32_trains_32_units20.json"
"/home/thomasverwaal/Robust-Rail-NL/mathematical-models/scenarios_solver_types_120/scenario_solver_32_trains_32_units20.json","Cost of next node: Cost = 2,357.4 : 2,398.68 | cr=35, dd=32, da=9, tlv=8, sm=64, rd=150.00, cd=0, um=0","Time elapsed: 3.56 seconds","/home/thomasverwaal/Robust-Rail-NL/mathematical-models/local_search_plans_discreet_120/plan_32_trains_32_units20.json"
"/home/thomasverwaal/Robust-Rail-NL/mathematical-models/scenarios_solver_types_120/scenario_solver_32_trains_32_units20.json","Cost of next node: Cost = 2,328.7 : 2,369.94 | cr=34, dd=32, da=8, tlv=8, sm=64, rd=148.12, cd=0, um=0","Time elapsed: 3.79 seconds","/home/thomasverwaal/Robust-Rail-NL/mathematical-models/local_search_plans_discreet_120/plan_32_trains_32_units20.json"
"/home/thomasverwaal/Robust-Rail-NL/mathematical-models/scenarios_solver_types_120/scenario_solver_32_trains_32_units20.json","Cost of next node: Cost = 2,281.0 : 2,327.28 | cr=28, dd=32, da=8, tlv=9, sm=64, rd=144.38, cd=0, um=0","Time elapsed: 4.17 seconds","/home/thomasverwaal/Robust-Rail-NL/mathematical-models/local_search_plans_discreet_120/plan_32_trains_32_units20.json"
"/home/thomasverwaal/Robust-Rail-NL/mathematical-models/scenarios_solver_types_120/scenario_solver_32_trains_32_units20.json","Cost of next node: Cost = 2,255.5 : 2,301.83 | cr=26, dd=32, da=8, tlv=9, sm=64, rd=140.62, cd=0, um=0","Time elapsed: 4.62 seconds","/home/thomasverwaal/Robust-Rail-NL/mathematical-models/local_search_plans_discreet_120/plan_32_trains_32_units20.json"
"/home/thomasverwaal/Robust-Rail-NL/mathematical-models/scenarios_solver_types_120/scenario_solver_32_trains_32_units20.json","Cost of next node: Cost = 2,203.7 : 2,254.95 | cr=22, dd=32, da=7, tlv=10, sm=64, rd=136.88, cd=0, um=0","Time elapsed: 5.14 seconds","/home/thomasverwaal/Robust-Rail-NL/mathematical-models/local_search_plans_discreet_120/plan_32_trains_32_units20.json"
"/home/thomasverwaal/Robust-Rail-NL/mathematical-models/scenarios_solver_types_120/scenario_solver_32_trains_32_units20.json","Cost of next node: Cost = 2,173.4 : 2,224.73 | cr=23, dd=32, da=6, tlv=10, sm=64, rd=131.25, cd=0, um=0","Time elapsed: 5.39 seconds","/home/thomasverwaal/Robust-Rail-NL/mathematical-models/local_search_plans_discreet_120/plan_32_trains_32_units20.json"
"/home/thomasverwaal/Robust-Rail-NL/mathematical-models/scenarios_solver_types_120/scenario_solver_32_trains_32_units20.json","Cost of next node: Cost = 2,145.2 : 2,201.47 | cr=22, dd=32, da=5, tlv=11, sm=64, rd=123.75, cd=0, um=0","Time elapsed: 5.63 seconds","/home/thomasverwaal/Robust-Rail-NL/mathematical-models/local_search_plans_discreet_120/plan_32_trains_32_units20.json"
"/home/thomasverwaal/Robust-Rail-NL/mathematical-models/scenarios_solver_types_120/scenario_solver_32_trains_32_units20.json","Cost of next node: Cost = 2,104.9 : 2,166.15 | cr=20, dd=32, da=4, tlv=12, sm=64, rd=118.12, cd=0, um=0","Time elapsed: 5.90 seconds","/home/thomasverwaal/Robust-Rail-NL/mathematical-models/local_search_plans_discreet_120/plan_32_trains_32_units20.json"
"/home/thomasverwaal/Robust-Rail-NL/mathematical-models/scenarios_solver_types_120/scenario_solver_32_trains_32_units20.json","Cost of next node: Cost = 2,078.1 : 2,144.38 | cr=22, dd=31, da=4, tlv=13, sm=64, rd=110.62, cd=0, um=0","Time elapsed: 6.12 seconds","/home/thomasverwaal/Robust-Rail-NL/mathematical-models/local_search_plans_discreet_120/plan_32_trains_32_units20.json"
"/home/thomasverwaal/Robust-Rail-NL/mathematical-models/scenarios_solver_types_120/scenario_solver_32_trains_32_units20.json","Cost of next node: Cost = 2,053.8 : 2,115.04 | cr=21, dd=31, da=4, tlv=12, sm=64, rd=112.50, cd=0, um=0","Time elapsed: 6.29 seconds","/home/thomasverwaal/Robust-Rail-NL/mathematical-models/local_search_plans_discreet_120/plan_32_trains_32_units20.json"
"/home/thomasverwaal/Robust-Rail-NL/mathematical-models/scenarios_solver_types_120/scenario_solver_32_trains_32_units20.json","Cost of next node: Cost = 2,013.0 : 2,074.25 | cr=22, dd=30, da=4, tlv=12, sm=64, rd=110.62, cd=0, um=0","Time elapsed: 6.51 seconds","/home/thomasverwaal/Robust-Rail-NL/mathematical-models/local_search_plans_discreet_120/plan_32_trains_32_units20.json"
"/home/thomasverwaal/Robust-Rail-NL/mathematical-models/scenarios_solver_types_120/scenario_solver_32_trains_32_units20.json","Cost of next node: Cost = 1,967.3 : 2,033.60 | cr=21, dd=29, da=4, tlv=13, sm=64, rd=108.75, cd=0, um=0","Time elapsed: 6.73 seconds","/home/thomasverwaal/Robust-Rail-NL/mathematical-models/local_search_plans_discreet_120/plan_32_trains_32_units20.json"
"/home/thomasverwaal/Robust-Rail-NL/mathematical-models/scenarios_solver_types_120/scenario_solver_32_trains_32_units20.json","Cost of next node: Cost = 1,585.1 : 1,656.38 | cr=19, dd=22, da=3, tlv=14, sm=64, rd=99.38, cd=0, um=0","Time elapsed: 7.06 seconds","/home/thomasverwaal/Robust-Rail-NL/mathematical-models/local_search_plans_discreet_120/plan_32_trains_32_units20.json"
"/home/thomasverwaal/Robust-Rail-NL/mathematical-models/scenarios_solver_types_120/scenario_solver_32_trains_32_units20.json","Cost of next node: Cost = 1,324.0 : 1,400.31 | cr=19, dd=17, da=2, tlv=15, sm=64, rd=91.88, cd=0, um=0","Time elapsed: 7.44 seconds","/home/thomasverwaal/Robust-Rail-NL/mathematical-models/local_search_plans_discreet_120/plan_32_trains_32_units20.json"
"/home/thomasverwaal/Robust-Rail-NL/mathematical-models/scenarios_solver_types_120/scenario_solver_32_trains_32_units20.json","Cost of next node: Cost = 1,199.2 : 1,280.48 | cr=20, dd=14, da=2, tlv=16, sm=64, rd=90.00, cd=0, um=0","Time elapsed: 7.68 seconds","/home/thomasverwaal/Robust-Rail-NL/mathematical-models/local_search_plans_discreet_120/plan_32_trains_32_units20.json"
"/home/thomasverwaal/Robust-Rail-NL/mathematical-models/scenarios_solver_types_120/scenario_solver_32_trains_32_units20.json","Cost of next node: Cost = 1,174.2 : 1,250.48 | cr=19, dd=14, da=2, tlv=15, sm=64, rd=91.88, cd=0, um=0","Time elapsed: 7.84 seconds","/home/thomasverwaal/Robust-Rail-NL/mathematical-models/local_search_plans_discreet_120/plan_32_trains_32_units20.json"
"/home/thomasverwaal/Robust-Rail-NL/mathematical-models/scenarios_solver_types_120/scenario_solver_32_trains_32_units20.json","Cost of next node: Cost = 1,133.8 : 1,210.05 | cr=20, dd=13, da=2, tlv=15, sm=64, rd=90.00, cd=0, um=0","Time elapsed: 8.13 seconds","/home/thomasverwaal/Robust-Rail-NL/mathematical-models/local_search_plans_discreet_120/plan_32_trains_32_units20.json"
"/home/thomasverwaal/Robust-Rail-NL/mathematical-models/scenarios_solver_types_120/scenario_solver_32_trains_32_units20.json","Cost of next node: Cost = 745.2 : 826.51 | cr=18, dd=6, da=1, tlv=16, sm=64, rd=78.75, cd=0, um=0","Time elapsed: 8.42 seconds","/home/thomasverwaal/Robust-Rail-NL/mathematical-models/local_search_plans_discreet_120/plan_32_trains_32_units20.json"
"/home/thomasverwaal/Robust-Rail-NL/mathematical-models/scenarios_solver_types_120/scenario_solver_32_trains_32_units20.json","Cost of next node: Cost = 435.0 : 521.28 | cr=18, dd=0, da=0, tlv=17, sm=64, rd=73.12, cd=0, um=0","Time elapsed: 8.67 seconds","/home/thomasverwaal/Robust-Rail-NL/mathematical-models/local_search_plans_discreet_120/plan_32_trains_32_units20.json"
"/home/thomasverwaal/Robust-Rail-NL/mathematical-models/scenarios_solver_types_120/scenario_solver_32_trains_32_units20.json","Cost of next node: Cost = 420.0 : 501.28 | cr=18, dd=0, da=0, tlv=16, sm=64, rd=73.12, cd=0, um=0","Time elapsed: 13.57 seconds","/home/thomasverwaal/Robust-Rail-NL/mathematical-models/local_search_plans_discreet_120/plan_32_trains_32_units20.json"
"/home/thomasverwaal/Robust-Rail-NL/mathematical-models/scenarios_solver_types_120/scenario_solver_32_trains_32_units20.json","Cost of next node: Cost = 405.0 : 481.28 | cr=18, dd=0, da=0, tlv=15, sm=64, rd=75.00, cd=0, um=0","Time elapsed: 18.39 seconds","/home/thomasverwaal/Robust-Rail-NL/mathematical-models/local_search_plans_discreet_120/plan_32_trains_32_units20.json"
"/home/thomasverwaal/Robust-Rail-NL/mathematical-models/scenarios_solver_types_120/scenario_solver_32_trains_32_units20.json","Cost of next node: Cost = 390.0 : 461.28 | cr=18, dd=0, da=0, tlv=14, sm=64, rd=76.88, cd=0, um=0","Time elapsed: 22.45 seconds","/home/thomasverwaal/Robust-Rail-NL/mathematical-models/local_search_plans_discreet_120/plan_32_trains_32_units20.json"
"/home/thomasverwaal/Robust-Rail-NL/mathematical-models/scenarios_solver_types_120/scenario_solver_32_trains_32_units20.json","Cost of next node: Cost = 380.0 : 451.28 | cr=17, dd=0, da=0, tlv=14, sm=64, rd=76.88, cd=0, um=0","Time elapsed: 26.00 seconds","/home/thomasverwaal/Robust-Rail-NL/mathematical-models/local_search_plans_discreet_120/plan_32_trains_32_units20.json"
"/home/thomasverwaal/Robust-Rail-NL/mathematical-models/scenarios_solver_types_120/scenario_solver_32_trains_32_units20.json","Cost of next node: Cost = 370.0 : 441.28 | cr=16, dd=0, da=0, tlv=14, sm=64, rd=76.88, cd=0, um=0","Time elapsed: 29.62 seconds","/home/thomasverwaal/Robust-Rail-NL/mathematical-models/local_search_plans_discreet_120/plan_32_trains_32_units20.json"
"/home/thomasverwaal/Robust-Rail-NL/mathematical-models/scenarios_solver_types_120/scenario_solver_32_trains_32_units20.json","Cost of next node: Cost = 360.0 : 431.28 | cr=15, dd=0, da=0, tlv=14, sm=64, rd=76.88, cd=0, um=0","Time elapsed: 33.12 seconds","/home/thomasverwaal/Robust-Rail-NL/mathematical-models/local_search_plans_discreet_120/plan_32_trains_32_units20.json"
"/home/thomasverwaal/Robust-Rail-NL/mathematical-models/scenarios_solver_types_120/scenario_solver_32_trains_32_units20.json","Cost of next node: Cost = 350.0 : 421.28 | cr=14, dd=0, da=0, tlv=14, sm=64, rd=76.88, cd=0, um=0","Time elapsed: 36.51 seconds","/home/thomasverwaal/Robust-Rail-NL/mathematical-models/local_search_plans_discreet_120/plan_32_trains_32_units20.json"
"/home/thomasverwaal/Robust-Rail-NL/mathematical-models/scenarios_solver_types_120/scenario_solver_32_trains_32_units20.json","Cost of next node: Cost = 340.0 : 411.28 | cr=13, dd=0, da=0, tlv=14, sm=64, rd=76.88, cd=0, um=0","Time elapsed: 39.58 seconds","/home/thomasverwaal/Robust-Rail-NL/mathematical-models/local_search_plans_discreet_120/plan_32_trains_32_units20.json"
"/home/thomasverwaal/Robust-Rail-NL/mathematical-models/scenarios_solver_types_120/scenario_solver_32_trains_32_units20.json","Cost of next node: Cost = 330.0 : 401.28 | cr=12, dd=0, da=0, tlv=14, sm=64, rd=76.88, cd=0, um=0","Time elapsed: 41.96 seconds","/home/thomasverwaal/Robust-Rail-NL/mathematical-models/local_search_plans_discreet_120/plan_32_trains_32_units20.json"
"/home/thomasverwaal/Robust-Rail-NL/mathematical-models/scenarios_solver_types_120/scenario_solver_32_trains_32_units20.json","Cost of next node: Cost = 320.0 : 391.28 | cr=11, dd=0, da=0, tlv=14, sm=64, rd=76.88, cd=0, um=0","Time elapsed: 44.01 seconds","/home/thomasverwaal/Robust-Rail-NL/mathematical-models/local_search_plans_discreet_120/plan_32_trains_32_units20.json"
"/home/thomasverwaal/Robust-Rail-NL/mathematical-models/scenarios_solver_types_120/scenario_solver_32_trains_32_units20.json","Cost of next node: Cost = 310.0 : 381.28 | cr=10, dd=0, da=0, tlv=14, sm=64, rd=76.88, cd=0, um=0","Time elapsed: 45.71 seconds","/home/thomasverwaal/Robust-Rail-NL/mathematical-models/local_search_plans_discreet_120/plan_32_trains_32_units20.json"
"/home/thomasverwaal/Robust-Rail-NL/mathematical-models/scenarios_solver_types_120/scenario_solver_32_trains_32_units20.json","Cost of next node: Cost = 300.0 : 371.28 | cr=9, dd=0, da=0, tlv=14, sm=64, rd=76.88, cd=0, um=0","Time elapsed: 47.15 seconds","/home/thomasverwaal/Robust-Rail-NL/mathematical-models/local_search_plans_discreet_120/plan_32_trains_32_units20.json"
"/home/thomasverwaal/Robust-Rail-NL/mathematical-models/scenarios_solver_types_120/scenario_solver_32_trains_32_units20.json","Cost of next node: Cost = 295.0 : 371.28 | cr=7, dd=0, da=0, tlv=15, sm=64, rd=75.00, cd=0, um=0","Time elapsed: 48.62 seconds","/home/thomasverwaal/Robust-Rail-NL/mathematical-models/local_search_plans_discreet_120/plan_32_trains_32_units20.json"
"/home/thomasverwaal/Robust-Rail-NL/mathematical-models/scenarios_solver_types_120/scenario_solver_32_trains_32_units20.json","Cost of next node: Cost = 280.0 : 351.28 | cr=7, dd=0, da=0, tlv=14, sm=64, rd=76.88, cd=0, um=0","Time elapsed: 49.79 seconds","/home/thomasverwaal/Robust-Rail-NL/mathematical-models/local_search_plans_discreet_120/plan_32_trains_32_units20.json"
"/home/thomasverwaal/Robust-Rail-NL/mathematical-models/scenarios_solver_types_120/scenario_solver_32_trains_32_units20.json","Cost of next node: Cost = 270.0 : 341.28 | cr=6, dd=0, da=0, tlv=14, sm=64, rd=76.88, cd=0, um=0","Time elapsed: 50.98 seconds","/home/thomasverwaal/Robust-Rail-NL/mathematical-models/local_search_plans_discreet_120/plan_32_trains_32_units20.json"
"/home/thomasverwaal/Robust-Rail-NL/mathematical-models/scenarios_solver_types_120/scenario_solver_32_trains_32_units20.json","Cost of next node: Cost = 260.0 : 331.28 | cr=5, dd=0, da=0, tlv=14, sm=64, rd=76.88, cd=0, um=0","Time elapsed: 52.03 seconds","/home/thomasverwaal/Robust-Rail-NL/mathematical-models/local_search_plans_discreet_120/plan_32_trains_32_units20.json"
"/home/thomasverwaal/Robust-Rail-NL/mathematical-models/scenarios_solver_types_120/scenario_solver_32_trains_32_units20.json","Cost of next node: Cost = 250.0 : 321.30 | cr=4, dd=0, da=0, tlv=14, sm=65, rd=81.23, cd=0, um=0","Time elapsed: 199.10 seconds","/home/thomasverwaal/Robust-Rail-NL/mathematical-models/local_search_plans_discreet_120/plan_32_trains_32_units20.json"
"/home/thomasverwaal/Robust-Rail-NL/mathematical-models/scenarios_solver_types_120/scenario_solver_32_trains_32_units20.json","NO_COST_FOUND","NO_TIME_FOUND","NO_PLAN_CREATED"
"/home/thomasverwaal/Robust-Rail-NL/mathematical-models/scenarios_solver_types_120/scenario_solver_32_trains_32_units21.json","Cost of next node: Cost = 2,745.3 : 2,751.62 | cr=42, dd=32, da=28, tlv=1, sm=64, rd=179.06, cd=0, um=0","Time elapsed: 1.59 seconds","/home/thomasverwaal/Robust-Rail-NL/mathematical-models/local_search_plans_discreet_120/plan_32_trains_32_units21.json"
"/home/thomasverwaal/Robust-Rail-NL/mathematical-models/scenarios_solver_types_120/scenario_solver_32_trains_32_units21.json","Cost of next node: Cost = 2,722.1 : 2,733.43 | cr=37, dd=32, da=27, tlv=2, sm=64, rd=180.94, cd=0, um=0","Time elapsed: 1.65 seconds","/home/thomasverwaal/Robust-Rail-NL/mathematical-models/local_search_plans_discreet_120/plan_32_trains_32_units21.json"
"/home/thomasverwaal/Robust-Rail-NL/mathematical-models/scenarios_solver_types_120/scenario_solver_32_trains_32_units21.json","Cost of next node: Cost = 2,664.9 : 2,681.23 | cr=41, dd=32, da=23, tlv=3, sm=64, rd=169.69, cd=0, um=0","Time elapsed: 1.80 seconds","/home/thomasverwaal/Robust-Rail-NL/mathematical-models/local_search_plans_discreet_120/plan_32_trains_32_units21.json"
"/home/thomasverwaal/Robust-Rail-NL/mathematical-models/scenarios_solver_types_120/scenario_solver_32_trains_32_units21.json","Cost of next node: Cost = 2,609.8 : 2,626.12 | cr=45, dd=32, da=20, tlv=3, sm=64, rd=162.19, cd=0, um=0","Time elapsed: 1.91 seconds","/home/thomasverwaal/Robust-Rail-NL/mathematical-models/local_search_plans_discreet_120/plan_32_trains_32_units21.json"
"/home/thomasverwaal/Robust-Rail-NL/mathematical-models/scenarios_solver_types_120/scenario_solver_32_trains_32_units21.json","Cost of next node: Cost = 2,566.0 : 2,587.30 | cr=45, dd=32, da=17, tlv=4, sm=64, rd=161.25, cd=0, um=0","Time elapsed: 1.98 seconds","/home/thomasverwaal/Robust-Rail-NL/mathematical-models/local_search_plans_discreet_120/plan_32_trains_32_units21.json"
"/home/thomasverwaal/Robust-Rail-NL/mathematical-models/scenarios_solver_types_120/scenario_solver_32_trains_32_units21.json","Cost of next node: Cost = 2,542.1 : 2,568.39 | cr=41, dd=32, da=17, tlv=5, sm=64, rd=160.31, cd=0, um=0","Time elapsed: 2.06 seconds","/home/thomasverwaal/Robust-Rail-NL/mathematical-models/local_search_plans_discreet_120/plan_32_trains_32_units21.json"
"/home/thomasverwaal/Robust-Rail-NL/mathematical-models/scenarios_solver_types_120/scenario_solver_32_trains_32_units21.json","Cost of next node: Cost = 2,485.9 : 2,512.21 | cr=34, dd=32, da=17, tlv=5, sm=64, rd=170.62, cd=0, um=0","Time elapsed: 2.13 seconds","/home/thomasverwaal/Robust-Rail-NL/mathematical-models/local_search_plans_discreet_120/plan_32_trains_32_units21.json"
"/home/thomasverwaal/Robust-Rail-NL/mathematical-models/scenarios_solver_types_120/scenario_solver_32_trains_32_units21.json","Cost of next node: Cost = 2,422.2 : 2,453.45 | cr=32, dd=32, da=14, tlv=6, sm=64, rd=168.75, cd=0, um=0","Time elapsed: 2.19 seconds","/home/thomasverwaal/Robust-Rail-NL/mathematical-models/local_search_plans_discreet_120/plan_32_trains_32_units21.json"
"/home/thomasverwaal/Robust-Rail-NL/mathematical-models/scenarios_solver_types_120/scenario_solver_32_trains_32_units21.json","Cost of next node: Cost = 2,357.6 : 2,393.88 | cr=32, dd=32, da=10, tlv=7, sm=64, rd=165.00, cd=0, um=0","Time elapsed: 2.32 seconds","/home/thomasverwaal/Robust-Rail-NL/mathematical-models/local_search_plans_discreet_120/plan_32_trains_32_units21.json"
"/home/thomasverwaal/Robust-Rail-NL/mathematical-models/scenarios_solver_types_120/scenario_solver_32_trains_32_units21.json","Cost of next node: Cost = 2,335.3 : 2,376.56 | cr=32, dd=32, da=9, tlv=8, sm=64, rd=154.69, cd=0, um=0","Time elapsed: 2.46 seconds","/home/thomasverwaal/Robust-Rail-NL/mathematical-models/local_search_plans_discreet_120/plan_32_trains_32_units21.json"
"/home/thomasverwaal/Robust-Rail-NL/mathematical-models/scenarios_solver_types_120/scenario_solver_32_trains_32_units21.json","Cost of next node: Cost = 2,301.9 : 2,348.22 | cr=28, dd=32, da=9, tlv=9, sm=64, rd=152.81, cd=0, um=0","Time elapsed: 2.59 seconds","/home/thomasverwaal/Robust-Rail-NL/mathematical-models/local_search_plans_discreet_120/plan_32_trains_32_units21.json"
"/home/thomasverwaal/Robust-Rail-NL/mathematical-models/scenarios_solver_types_120/scenario_solver_32_trains_32_units21.json","Cost of next node: Cost = 2,276.5 : 2,322.77 | cr=26, dd=32, da=9, tlv=9, sm=64, rd=149.06, cd=0, um=0","Time elapsed: 2.78 seconds","/home/thomasverwaal/Robust-Rail-NL/mathematical-models/local_search_plans_discreet_120/plan_32_trains_32_units21.json"
"/home/thomasverwaal/Robust-Rail-NL/mathematical-models/scenarios_solver_types_120/scenario_solver_32_trains_32_units21.json","Cost of next node: Cost = 2,254.8 : 2,301.11 | cr=23, dd=32, da=9, tlv=9, sm=64, rd=150.94, cd=0, um=0","Time elapsed: 3.20 seconds","/home/thomasverwaal/Robust-Rail-NL/mathematical-models/local_search_plans_discreet_120/plan_32_trains_32_units21.json"
"/home/thomasverwaal/Robust-Rail-NL/mathematical-models/scenarios_solver_types_120/scenario_solver_32_trains_32_units21.json","Cost of next node: Cost = 2,233.3 : 2,279.55 | cr=18, dd=32, da=10, tlv=9, sm=64, rd=154.69, cd=0, um=0","Time elapsed: 3.60 seconds","/home/thomasverwaal/Robust-Rail-NL/mathematical-models/local_search_plans_discreet_120/plan_32_trains_32_units21.json"
"/home/thomasverwaal/Robust-Rail-NL/mathematical-models/scenarios_solver_types_120/scenario_solver_32_trains_32_units21.json","Cost of next node: Cost = 2,193.7 : 2,240.01 | cr=18, dd=32, da=8, tlv=9, sm=64, rd=157.50, cd=0, um=0","Time elapsed: 3.99 seconds","/home/thomasverwaal/Robust-Rail-NL/mathematical-models/local_search_plans_discreet_120/plan_32_trains_32_units21.json"
"/home/thomasverwaal/Robust-Rail-NL/mathematical-models/scenarios_solver_types_120/scenario_solver_32_trains_32_units21.json","Cost of next node: Cost = 2,172.9 : 2,224.22 | cr=17, dd=32, da=7, tlv=10, sm=64, rd=153.75, cd=0, um=0","Time elapsed: 4.38 seconds","/home/thomasverwaal/Robust-Rail-NL/mathematical-models/local_search_plans_discreet_120/plan_32_trains_32_units21.json"
"/home/thomasverwaal/Robust-Rail-NL/mathematical-models/scenarios_solver_types_120/scenario_solver_32_trains_32_units21.json","Cost of next node: Cost = 2,127.8 : 2,184.09 | cr=16, dd=32, da=6, tlv=11, sm=64, rd=144.38, cd=0, um=0","Time elapsed: 4.56 seconds","/home/thomasverwaal/Robust-Rail-NL/mathematical-models/local_search_plans_discreet_120/plan_32_trains_32_units21.json"
"/home/thomasverwaal/Robust-Rail-NL/mathematical-models/scenarios_solver_types_120/scenario_solver_32_trains_32_units21.json","Cost of next node: Cost = 2,069.9 : 2,131.22 | cr=12, dd=32, da=6, tlv=12, sm=64, rd=135.00, cd=0, um=0","Time elapsed: 4.81 seconds","/home/thomasverwaal/Robust-Rail-NL/mathematical-models/local_search_plans_discreet_120/plan_32_trains_32_units21.json"
"/home/thomasverwaal/Robust-Rail-NL/mathematical-models/scenarios_solver_types_120/scenario_solver_32_trains_32_units21.json","Cost of next node: Cost = 2,016.0 : 2,082.29 | cr=13, dd=31, da=5, tlv=13, sm=64, rd=129.38, cd=0, um=0","Time elapsed: 5.03 seconds","/home/thomasverwaal/Robust-Rail-NL/mathematical-models/local_search_plans_discreet_120/plan_32_trains_32_units21.json"
"/home/thomasverwaal/Robust-Rail-NL/mathematical-models/scenarios_solver_types_120/scenario_solver_32_trains_32_units21.json","Cost of next node: Cost = 1,976.2 : 2,042.48 | cr=14, dd=30, da=5, tlv=13, sm=64, rd=127.50, cd=0, um=0","Time elapsed: 5.25 seconds","/home/thomasverwaal/Robust-Rail-NL/mathematical-models/local_search_plans_discreet_120/plan_32_trains_32_units21.json"
"/home/thomasverwaal/Robust-Rail-NL/mathematical-models/scenarios_solver_types_120/scenario_solver_32_trains_32_units21.json","Cost of next node: Cost = 1,954.7 : 2,025.99 | cr=11, dd=30, da=5, tlv=14, sm=64, rd=121.88, cd=0, um=0","Time elapsed: 5.44 seconds","/home/thomasverwaal/Robust-Rail-NL/mathematical-models/local_search_plans_discreet_120/plan_32_trains_32_units21.json"
"/home/thomasverwaal/Robust-Rail-NL/mathematical-models/scenarios_solver_types_120/scenario_solver_32_trains_32_units21.json","Cost of next node: Cost = 1,930.3 : 2,006.58 | cr=12, dd=29, da=5, tlv=15, sm=64, rd=120.00, cd=0, um=0","Time elapsed: 5.74 seconds","/home/thomasverwaal/Robust-Rail-NL/mathematical-models/local_search_plans_discreet_120/plan_32_trains_32_units21.json"
"/home/thomasverwaal/Robust-Rail-NL/mathematical-models/scenarios_solver_types_120/scenario_solver_32_trains_32_units21.json","Cost of next node: Cost = 1,908.7 : 1,979.98 | cr=12, dd=29, da=5, tlv=14, sm=64, rd=115.31, cd=0, um=0","Time elapsed: 5.92 seconds","/home/thomasverwaal/Robust-Rail-NL/mathematical-models/local_search_plans_discreet_120/plan_32_trains_32_units21.json"
"/home/thomasverwaal/Robust-Rail-NL/mathematical-models/scenarios_solver_types_120/scenario_solver_32_trains_32_units21.json","Cost of next node: Cost = 1,884.0 : 1,960.28 | cr=13, dd=28, da=5, tlv=15, sm=64, rd=113.44, cd=0, um=0","Time elapsed: 6.15 seconds","/home/thomasverwaal/Robust-Rail-NL/mathematical-models/local_search_plans_discreet_120/plan_32_trains_32_units21.json"
"/home/thomasverwaal/Robust-Rail-NL/mathematical-models/scenarios_solver_types_120/scenario_solver_32_trains_32_units21.json","Cost of next node: Cost = 1,859.0 : 1,930.28 | cr=12, dd=28, da=5, tlv=14, sm=64, rd=115.31, cd=0, um=0","Time elapsed: 6.53 seconds","/home/thomasverwaal/Robust-Rail-NL/mathematical-models/local_search_plans_discreet_120/plan_32_trains_32_units21.json"
"/home/thomasverwaal/Robust-Rail-NL/mathematical-models/scenarios_solver_types_120/scenario_solver_32_trains_32_units21.json","Cost of next node: Cost = 1,834.5 : 1,910.81 | cr=13, dd=27, da=5, tlv=15, sm=64, rd=111.56, cd=0, um=0","Time elapsed: 6.89 seconds","/home/thomasverwaal/Robust-Rail-NL/mathematical-models/local_search_plans_discreet_120/plan_32_trains_32_units21.json"
"/home/thomasverwaal/Robust-Rail-NL/mathematical-models/scenarios_solver_types_120/scenario_solver_32_trains_32_units21.json","Cost of next node: Cost = 1,812.8 : 1,884.13 | cr=12, dd=27, da=5, tlv=14, sm=64, rd=113.44, cd=0, um=0","Time elapsed: 7.07 seconds","/home/thomasverwaal/Robust-Rail-NL/mathematical-models/local_search_plans_discreet_120/plan_32_trains_32_units21.json"
"/home/thomasverwaal/Robust-Rail-NL/mathematical-models/scenarios_solver_types_120/scenario_solver_32_trains_32_units21.json","Cost of next node: Cost = 1,736.1 : 1,812.40 | cr=12, dd=26, da=3, tlv=15, sm=64, rd=107.81, cd=0, um=0","Time elapsed: 7.26 seconds","/home/thomasverwaal/Robust-Rail-NL/mathematical-models/local_search_plans_discreet_120/plan_32_trains_32_units21.json"
"/home/thomasverwaal/Robust-Rail-NL/mathematical-models/scenarios_solver_types_120/scenario_solver_32_trains_32_units21.json","Cost of next node: Cost = 1,677.1 : 1,748.37 | cr=18, dd=24, da=3, tlv=14, sm=64, rd=101.25, cd=0, um=0","Time elapsed: 7.50 seconds","/home/thomasverwaal/Robust-Rail-NL/mathematical-models/local_search_plans_discreet_120/plan_32_trains_32_units21.json"
"/home/thomasverwaal/Robust-Rail-NL/mathematical-models/scenarios_solver_types_120/scenario_solver_32_trains_32_units21.json","Cost of next node: Cost = 1,575.8 : 1,647.04 | cr=18, dd=22, da=3, tlv=14, sm=64, rd=97.50, cd=0, um=0","Time elapsed: 7.65 seconds","/home/thomasverwaal/Robust-Rail-NL/mathematical-models/local_search_plans_discreet_120/plan_32_trains_32_units21.json"
"/home/thomasverwaal/Robust-Rail-NL/mathematical-models/scenarios_solver_types_120/scenario_solver_32_trains_32_units21.json","Cost of next node: Cost = 1,241.7 : 1,318.01 | cr=16, dd=16, da=2, tlv=15, sm=64, rd=90.00, cd=0, um=0","Time elapsed: 7.93 seconds","/home/thomasverwaal/Robust-Rail-NL/mathematical-models/local_search_plans_discreet_120/plan_32_trains_32_units21.json"
"/home/thomasverwaal/Robust-Rail-NL/mathematical-models/scenarios_solver_types_120/scenario_solver_32_trains_32_units21.json","Cost of next node: Cost = 1,151.2 : 1,227.48 | cr=17, dd=14, da=2, tlv=15, sm=64, rd=88.12, cd=0, um=0","Time elapsed: 8.09 seconds","/home/thomasverwaal/Robust-Rail-NL/mathematical-models/local_search_plans_discreet_120/plan_32_trains_32_units21.json"
"/home/thomasverwaal/Robust-Rail-NL/mathematical-models/scenarios_solver_types_120/scenario_solver_32_trains_32_units21.json","Cost of next node: Cost = 1,126.4 : 1,207.70 | cr=18, dd=13, da=2, tlv=16, sm=64, rd=86.25, cd=0, um=0","Time elapsed: 8.49 seconds","/home/thomasverwaal/Robust-Rail-NL/mathematical-models/local_search_plans_discreet_120/plan_32_trains_32_units21.json"
"/home/thomasverwaal/Robust-Rail-NL/mathematical-models/scenarios_solver_types_120/scenario_solver_32_trains_32_units21.json","Cost of next node: Cost = 650.4 : 736.68 | cr=17, dd=4, da=1, tlv=17, sm=64, rd=75.00, cd=0, um=0","Time elapsed: 8.76 seconds","/home/thomasverwaal/Robust-Rail-NL/mathematical-models/local_search_plans_discreet_120/plan_32_trains_32_units21.json"
"/home/thomasverwaal/Robust-Rail-NL/mathematical-models/scenarios_solver_types_120/scenario_solver_32_trains_32_units21.json","Cost of next node: Cost = 420.0 : 511.28 | cr=15, dd=0, da=0, tlv=18, sm=64, rd=69.38, cd=0, um=0","Time elapsed: 9.17 seconds","/home/thomasverwaal/Robust-Rail-NL/mathematical-models/local_search_plans_discreet_120/plan_32_trains_32_units21.json"
"/home/thomasverwaal/Robust-Rail-NL/mathematical-models/scenarios_solver_types_120/scenario_solver_32_trains_32_units21.json","Cost of next node: Cost = 405.0 : 491.28 | cr=15, dd=0, da=0, tlv=17, sm=64, rd=71.25, cd=0, um=0","Time elapsed: 15.72 seconds","/home/thomasverwaal/Robust-Rail-NL/mathematical-models/local_search_plans_discreet_120/plan_32_trains_32_units21.json"
"/home/thomasverwaal/Robust-Rail-NL/mathematical-models/scenarios_solver_types_120/scenario_solver_32_trains_32_units21.json","Cost of next node: Cost = 390.0 : 471.28 | cr=15, dd=0, da=0, tlv=16, sm=64, rd=73.12, cd=0, um=0","Time elapsed: 21.54 seconds","/home/thomasverwaal/Robust-Rail-NL/mathematical-models/local_search_plans_discreet_120/plan_32_trains_32_units21.json"
"/home/thomasverwaal/Robust-Rail-NL/mathematical-models/scenarios_solver_types_120/scenario_solver_32_trains_32_units21.json","Cost of next node: Cost = 380.0 : 461.28 | cr=14, dd=0, da=0, tlv=16, sm=64, rd=73.12, cd=0, um=0","Time elapsed: 26.68 seconds","/home/thomasverwaal/Robust-Rail-NL/mathematical-models/local_search_plans_discreet_120/plan_32_trains_32_units21.json"
"/home/thomasverwaal/Robust-Rail-NL/mathematical-models/scenarios_solver_types_120/scenario_solver_32_trains_32_units21.json","Cost of next node: Cost = 365.0 : 441.28 | cr=14, dd=0, da=0, tlv=15, sm=64, rd=75.00, cd=0, um=0","Time elapsed: 31.36 seconds","/home/thomasverwaal/Robust-Rail-NL/mathematical-models/local_search_plans_discreet_120/plan_32_trains_32_units21.json"
"/home/thomasverwaal/Robust-Rail-NL/mathematical-models/scenarios_solver_types_120/scenario_solver_32_trains_32_units21.json","Cost of next node: Cost = 355.0 : 431.28 | cr=13, dd=0, da=0, tlv=15, sm=64, rd=75.00, cd=0, um=0","Time elapsed: 35.44 seconds","/home/thomasverwaal/Robust-Rail-NL/mathematical-models/local_search_plans_discreet_120/plan_32_trains_32_units21.json"
"/home/thomasverwaal/Robust-Rail-NL/mathematical-models/scenarios_solver_types_120/scenario_solver_32_trains_32_units21.json","Cost of next node: Cost = 345.0 : 421.28 | cr=12, dd=0, da=0, tlv=15, sm=64, rd=75.00, cd=0, um=0","Time elapsed: 38.88 seconds","/home/thomasverwaal/Robust-Rail-NL/mathematical-models/local_search_plans_discreet_120/plan_32_trains_32_units21.json"
"/home/thomasverwaal/Robust-Rail-NL/mathematical-models/scenarios_solver_types_120/scenario_solver_32_trains_32_units21.json","Cost of next node: Cost = 335.0 : 411.28 | cr=11, dd=0, da=0, tlv=15, sm=64, rd=75.00, cd=0, um=0","Time elapsed: 42.46 seconds","/home/thomasverwaal/Robust-Rail-NL/mathematical-models/local_search_plans_discreet_120/plan_32_trains_32_units21.json"
"/home/thomasverwaal/Robust-Rail-NL/mathematical-models/scenarios_solver_types_120/scenario_solver_32_trains_32_units21.json","Cost of next node: Cost = 325.0 : 401.28 | cr=10, dd=0, da=0, tlv=15, sm=64, rd=75.00, cd=0, um=0","Time elapsed: 45.49 seconds","/home/thomasverwaal/Robust-Rail-NL/mathematical-models/local_search_plans_discreet_120/plan_32_trains_32_units21.json"
"/home/thomasverwaal/Robust-Rail-NL/mathematical-models/scenarios_solver_types_120/scenario_solver_32_trains_32_units21.json","Cost of next node: Cost = 315.0 : 391.28 | cr=9, dd=0, da=0, tlv=15, sm=64, rd=75.00, cd=0, um=0","Time elapsed: 47.93 seconds","/home/thomasverwaal/Robust-Rail-NL/mathematical-models/local_search_plans_discreet_120/plan_32_trains_32_units21.json"
"/home/thomasverwaal/Robust-Rail-NL/mathematical-models/scenarios_solver_types_120/scenario_solver_32_trains_32_units21.json","Cost of next node: Cost = 305.0 : 381.28 | cr=8, dd=0, da=0, tlv=15, sm=64, rd=75.00, cd=0, um=0","Time elapsed: 49.94 seconds","/home/thomasverwaal/Robust-Rail-NL/mathematical-models/local_search_plans_discreet_120/plan_32_trains_32_units21.json"
"/home/thomasverwaal/Robust-Rail-NL/mathematical-models/scenarios_solver_types_120/scenario_solver_32_trains_32_units21.json","Cost of next node: Cost = 290.0 : 361.28 | cr=8, dd=0, da=0, tlv=14, sm=64, rd=76.88, cd=0, um=0","Time elapsed: 51.60 seconds","/home/thomasverwaal/Robust-Rail-NL/mathematical-models/local_search_plans_discreet_120/plan_32_trains_32_units21.json"
"/home/thomasverwaal/Robust-Rail-NL/mathematical-models/scenarios_solver_types_120/scenario_solver_32_trains_32_units21.json","Cost of next node: Cost = 280.0 : 351.28 | cr=7, dd=0, da=0, tlv=14, sm=64, rd=76.88, cd=0, um=0","Time elapsed: 53.55 seconds","/home/thomasverwaal/Robust-Rail-NL/mathematical-models/local_search_plans_discreet_120/plan_32_trains_32_units21.json"
"/home/thomasverwaal/Robust-Rail-NL/mathematical-models/scenarios_solver_types_120/scenario_solver_32_trains_32_units21.json","Cost of next node: Cost = 270.0 : 341.28 | cr=6, dd=0, da=0, tlv=14, sm=64, rd=76.88, cd=0, um=0","Time elapsed: 54.90 seconds","/home/thomasverwaal/Robust-Rail-NL/mathematical-models/local_search_plans_discreet_120/plan_32_trains_32_units21.json"
"/home/thomasverwaal/Robust-Rail-NL/mathematical-models/scenarios_solver_types_120/scenario_solver_32_trains_32_units21.json","Cost of next node: Cost = 260.0 : 331.28 | cr=5, dd=0, da=0, tlv=14, sm=64, rd=78.75, cd=0, um=0","Time elapsed: 56.13 seconds","/home/thomasverwaal/Robust-Rail-NL/mathematical-models/local_search_plans_discreet_120/plan_32_trains_32_units21.json"
"/home/thomasverwaal/Robust-Rail-NL/mathematical-models/scenarios_solver_types_120/scenario_solver_32_trains_32_units21.json","Cost of next node: Cost = 250.0 : 321.28 | cr=4, dd=0, da=0, tlv=14, sm=64, rd=78.75, cd=0, um=0","Time elapsed: 57.34 seconds","/home/thomasverwaal/Robust-Rail-NL/mathematical-models/local_search_plans_discreet_120/plan_32_trains_32_units21.json"
"/home/thomasverwaal/Robust-Rail-NL/mathematical-models/scenarios_solver_types_120/scenario_solver_32_trains_32_units21.json","Cost of next node: Cost = 240.0 : 311.28 | cr=3, dd=0, da=0, tlv=14, sm=64, rd=78.75, cd=0, um=0","Time elapsed: 58.22 seconds","/home/thomasverwaal/Robust-Rail-NL/mathematical-models/local_search_plans_discreet_120/plan_32_trains_32_units21.json"
"/home/thomasverwaal/Robust-Rail-NL/mathematical-models/scenarios_solver_types_120/scenario_solver_32_trains_32_units21.json","Cost of next node: Cost = 230.0 : 301.28 | cr=2, dd=0, da=0, tlv=14, sm=64, rd=80.62, cd=0, um=0","Time elapsed: 60.85 seconds","/home/thomasverwaal/Robust-Rail-NL/mathematical-models/local_search_plans_discreet_120/plan_32_trains_32_units21.json"
"/home/thomasverwaal/Robust-Rail-NL/mathematical-models/scenarios_solver_types_120/scenario_solver_32_trains_32_units21.json","NO_COST_FOUND","NO_TIME_FOUND","NO_PLAN_CREATED"
"/home/thomasverwaal/Robust-Rail-NL/mathematical-models/scenarios_solver_types_120/scenario_solver_32_trains_32_units22.json","Cost of next node: Cost = 2,887.5 : 2,893.77 | cr=52, dd=32, da=28, tlv=1, sm=64, rd=189.38, cd=0, um=0","Time elapsed: 1.52 seconds","/home/thomasverwaal/Robust-Rail-NL/mathematical-models/local_search_plans_discreet_120/plan_32_trains_32_units22.json"
"/home/thomasverwaal/Robust-Rail-NL/mathematical-models/scenarios_solver_types_120/scenario_solver_32_trains_32_units22.json","Cost of next node: Cost = 2,862.6 : 2,868.84 | cr=48, dd=32, da=28, tlv=1, sm=64, rd=195.00, cd=0, um=0","Time elapsed: 1.66 seconds","/home/thomasverwaal/Robust-Rail-NL/mathematical-models/local_search_plans_discreet_120/plan_32_trains_32_units22.json"
"/home/thomasverwaal/Robust-Rail-NL/mathematical-models/scenarios_solver_types_120/scenario_solver_32_trains_32_units22.json","Cost of next node: Cost = 2,841.4 : 2,852.70 | cr=46, dd=32, da=28, tlv=2, sm=64, rd=193.12, cd=0, um=0","Time elapsed: 1.74 seconds","/home/thomasverwaal/Robust-Rail-NL/mathematical-models/local_search_plans_discreet_120/plan_32_trains_32_units22.json"
"/home/thomasverwaal/Robust-Rail-NL/mathematical-models/scenarios_solver_types_120/scenario_solver_32_trains_32_units22.json","Cost of next node: Cost = 2,759.2 : 2,770.52 | cr=49, dd=32, da=23, tlv=2, sm=64, rd=184.69, cd=0, um=0","Time elapsed: 1.81 seconds","/home/thomasverwaal/Robust-Rail-NL/mathematical-models/local_search_plans_discreet_120/plan_32_trains_32_units22.json"
"/home/thomasverwaal/Robust-Rail-NL/mathematical-models/scenarios_solver_types_120/scenario_solver_32_trains_32_units22.json","Cost of next node: Cost = 2,730.6 : 2,746.86 | cr=52, dd=32, da=20, tlv=3, sm=64, rd=180.00, cd=0, um=0","Time elapsed: 1.87 seconds","/home/thomasverwaal/Robust-Rail-NL/mathematical-models/local_search_plans_discreet_120/plan_32_trains_32_units22.json"
"/home/thomasverwaal/Robust-Rail-NL/mathematical-models/scenarios_solver_types_120/scenario_solver_32_trains_32_units22.json","Cost of next node: Cost = 2,708.3 : 2,724.59 | cr=50, dd=32, da=20, tlv=3, sm=64, rd=178.12, cd=0, um=0","Time elapsed: 1.95 seconds","/home/thomasverwaal/Robust-Rail-NL/mathematical-models/local_search_plans_discreet_120/plan_32_trains_32_units22.json"
"/home/thomasverwaal/Robust-Rail-NL/mathematical-models/scenarios_solver_types_120/scenario_solver_32_trains_32_units22.json","Cost of next node: Cost = 2,640.3 : 2,661.54 | cr=43, dd=32, da=19, tlv=4, sm=64, rd=176.25, cd=0, um=0","Time elapsed: 2.02 seconds","/home/thomasverwaal/Robust-Rail-NL/mathematical-models/local_search_plans_discreet_120/plan_32_trains_32_units22.json"
"/home/thomasverwaal/Robust-Rail-NL/mathematical-models/scenarios_solver_types_120/scenario_solver_32_trains_32_units22.json","Cost of next node: Cost = 2,614.9 : 2,641.18 | cr=40, dd=32, da=19, tlv=5, sm=64, rd=173.44, cd=0, um=0","Time elapsed: 2.14 seconds","/home/thomasverwaal/Robust-Rail-NL/mathematical-models/local_search_plans_discreet_120/plan_32_trains_32_units22.json"
"/home/thomasverwaal/Robust-Rail-NL/mathematical-models/scenarios_solver_types_120/scenario_solver_32_trains_32_units22.json","Cost of next node: Cost = 2,536.7 : 2,568.02 | cr=30, dd=32, da=18, tlv=6, sm=64, rd=179.06, cd=0, um=0","Time elapsed: 2.22 seconds","/home/thomasverwaal/Robust-Rail-NL/mathematical-models/local_search_plans_discreet_120/plan_32_trains_32_units22.json"
"/home/thomasverwaal/Robust-Rail-NL/mathematical-models/scenarios_solver_types_120/scenario_solver_32_trains_32_units22.json","Cost of next node: Cost = 2,510.8 : 2,542.11 | cr=29, dd=32, da=18, tlv=6, sm=64, rd=169.69, cd=0, um=0","Time elapsed: 2.33 seconds","/home/thomasverwaal/Robust-Rail-NL/mathematical-models/local_search_plans_discreet_120/plan_32_trains_32_units22.json"
"/home/thomasverwaal/Robust-Rail-NL/mathematical-models/scenarios_solver_types_120/scenario_solver_32_trains_32_units22.json","Cost of next node: Cost = 2,487.6 : 2,518.87 | cr=29, dd=32, da=18, tlv=6, sm=64, rd=165.00, cd=0, um=0","Time elapsed: 2.48 seconds","/home/thomasverwaal/Robust-Rail-NL/mathematical-models/local_search_plans_discreet_120/plan_32_trains_32_units22.json"
"/home/thomasverwaal/Robust-Rail-NL/mathematical-models/scenarios_solver_types_120/scenario_solver_32_trains_32_units22.json","Cost of next node: Cost = 2,454.8 : 2,486.11 | cr=30, dd=32, da=16, tlv=6, sm=64, rd=166.88, cd=0, um=0","Time elapsed: 2.57 seconds","/home/thomasverwaal/Robust-Rail-NL/mathematical-models/local_search_plans_discreet_120/plan_32_trains_32_units22.json"
"/home/thomasverwaal/Robust-Rail-NL/mathematical-models/scenarios_solver_types_120/scenario_solver_32_trains_32_units22.json","Cost of next node: Cost = 2,379.6 : 2,415.91 | cr=30, dd=32, da=12, tlv=7, sm=64, rd=158.44, cd=0, um=0","Time elapsed: 2.66 seconds","/home/thomasverwaal/Robust-Rail-NL/mathematical-models/local_search_plans_discreet_120/plan_32_trains_32_units22.json"
"/home/thomasverwaal/Robust-Rail-NL/mathematical-models/scenarios_solver_types_120/scenario_solver_32_trains_32_units22.json","Cost of next node: Cost = 2,356.8 : 2,393.13 | cr=30, dd=32, da=11, tlv=7, sm=64, rd=154.69, cd=0, um=0","Time elapsed: 2.75 seconds","/home/thomasverwaal/Robust-Rail-NL/mathematical-models/local_search_plans_discreet_120/plan_32_trains_32_units22.json"
"/home/thomasverwaal/Robust-Rail-NL/mathematical-models/scenarios_solver_types_120/scenario_solver_32_trains_32_units22.json","Cost of next node: Cost = 2,333.7 : 2,364.95 | cr=29, dd=32, da=11, tlv=6, sm=64, rd=155.62, cd=0, um=0","Time elapsed: 3.04 seconds","/home/thomasverwaal/Robust-Rail-NL/mathematical-models/local_search_plans_discreet_120/plan_32_trains_32_units22.json"
"/home/thomasverwaal/Robust-Rail-NL/mathematical-models/scenarios_solver_types_120/scenario_solver_32_trains_32_units22.json","Cost of next node: Cost = 2,297.3 : 2,333.59 | cr=22, dd=32, da=11, tlv=7, sm=64, rd=165.00, cd=0, um=0","Time elapsed: 3.30 seconds","/home/thomasverwaal/Robust-Rail-NL/mathematical-models/local_search_plans_discreet_120/plan_32_trains_32_units22.json"
"/home/thomasverwaal/Robust-Rail-NL/mathematical-models/scenarios_solver_types_120/scenario_solver_32_trains_32_units22.json","Cost of next node: Cost = 2,263.7 : 2,305.02 | cr=14, dd=32, da=11, tlv=8, sm=64, rd=172.50, cd=0, um=0","Time elapsed: 3.52 seconds","/home/thomasverwaal/Robust-Rail-NL/mathematical-models/local_search_plans_discreet_120/plan_32_trains_32_units22.json"
"/home/thomasverwaal/Robust-Rail-NL/mathematical-models/scenarios_solver_types_120/scenario_solver_32_trains_32_units22.json","Cost of next node: Cost = 2,222.1 : 2,263.39 | cr=14, dd=32, da=10, tlv=8, sm=64, rd=165.00, cd=0, um=0","Time elapsed: 3.88 seconds","/home/thomasverwaal/Robust-Rail-NL/mathematical-models/local_search_plans_discreet_120/plan_32_trains_32_units22.json"
"/home/thomasverwaal/Robust-Rail-NL/mathematical-models/scenarios_solver_types_120/scenario_solver_32_trains_32_units22.json","Cost of next node: Cost = 2,199.8 : 2,241.09 | cr=15, dd=32, da=9, tlv=8, sm=64, rd=161.25, cd=0, um=0","Time elapsed: 3.96 seconds","/home/thomasverwaal/Robust-Rail-NL/mathematical-models/local_search_plans_discreet_120/plan_32_trains_32_units22.json"
"/home/thomasverwaal/Robust-Rail-NL/mathematical-models/scenarios_solver_types_120/scenario_solver_32_trains_32_units22.json","Cost of next node: Cost = 2,177.2 : 2,218.45 | cr=13, dd=32, da=9, tlv=8, sm=64, rd=159.38, cd=0, um=0","Time elapsed: 4.38 seconds","/home/thomasverwaal/Robust-Rail-NL/mathematical-models/local_search_plans_discreet_120/plan_32_trains_32_units22.json"
"/home/thomasverwaal/Robust-Rail-NL/mathematical-models/scenarios_solver_types_120/scenario_solver_32_trains_32_units22.json","Cost of next node: Cost = 2,154.0 : 2,200.25 | cr=12, dd=32, da=8, tlv=9, sm=64, rd=155.62, cd=0, um=0","Time elapsed: 4.71 seconds","/home/thomasverwaal/Robust-Rail-NL/mathematical-models/local_search_plans_discreet_120/plan_32_trains_32_units22.json"
"/home/thomasverwaal/Robust-Rail-NL/mathematical-models/scenarios_solver_types_120/scenario_solver_32_trains_32_units22.json","Cost of next node: Cost = 2,130.5 : 2,181.76 | cr=12, dd=32, da=7, tlv=10, sm=64, rd=148.12, cd=0, um=0","Time elapsed: 5.27 seconds","/home/thomasverwaal/Robust-Rail-NL/mathematical-models/local_search_plans_discreet_120/plan_32_trains_32_units22.json"
"/home/thomasverwaal/Robust-Rail-NL/mathematical-models/scenarios_solver_types_120/scenario_solver_32_trains_32_units22.json","Cost of next node: Cost = 2,106.4 : 2,162.71 | cr=11, dd=32, da=7, tlv=11, sm=64, rd=138.75, cd=0, um=0","Time elapsed: 5.59 seconds","/home/thomasverwaal/Robust-Rail-NL/mathematical-models/local_search_plans_discreet_120/plan_32_trains_32_units22.json"
"/home/thomasverwaal/Robust-Rail-NL/mathematical-models/scenarios_solver_types_120/scenario_solver_32_trains_32_units22.json","Cost of next node: Cost = 2,078.5 : 2,134.79 | cr=12, dd=32, da=7, tlv=11, sm=64, rd=126.56, cd=0, um=0","Time elapsed: 5.89 seconds","/home/thomasverwaal/Robust-Rail-NL/mathematical-models/local_search_plans_discreet_120/plan_32_trains_32_units22.json"
"/home/thomasverwaal/Robust-Rail-NL/mathematical-models/scenarios_solver_types_120/scenario_solver_32_trains_32_units22.json","Cost of next node: Cost = 2,054.7 : 2,115.97 | cr=12, dd=32, da=6, tlv=12, sm=64, rd=120.94, cd=0, um=0","Time elapsed: 6.19 seconds","/home/thomasverwaal/Robust-Rail-NL/mathematical-models/local_search_plans_discreet_120/plan_32_trains_32_units22.json"
"/home/thomasverwaal/Robust-Rail-NL/mathematical-models/scenarios_solver_types_120/scenario_solver_32_trains_32_units22.json","Cost of next node: Cost = 2,006.0 : 2,067.31 | cr=13, dd=31, da=6, tlv=12, sm=64, rd=117.19, cd=0, um=0","Time elapsed: 6.42 seconds","/home/thomasverwaal/Robust-Rail-NL/mathematical-models/local_search_plans_discreet_120/plan_32_trains_32_units22.json"
"/home/thomasverwaal/Robust-Rail-NL/mathematical-models/scenarios_solver_types_120/scenario_solver_32_trains_32_units22.json","Cost of next node: Cost = 1,981.1 : 2,047.43 | cr=14, dd=30, da=6, tlv=13, sm=64, rd=115.31, cd=0, um=0","Time elapsed: 6.54 seconds","/home/thomasverwaal/Robust-Rail-NL/mathematical-models/local_search_plans_discreet_120/plan_32_trains_32_units22.json"
"/home/thomasverwaal/Robust-Rail-NL/mathematical-models/scenarios_solver_types_120/scenario_solver_32_trains_32_units22.json","Cost of next node: Cost = 1,930.7 : 1,996.95 | cr=15, dd=29, da=6, tlv=13, sm=64, rd=107.81, cd=0, um=0","Time elapsed: 6.71 seconds","/home/thomasverwaal/Robust-Rail-NL/mathematical-models/local_search_plans_discreet_120/plan_32_trains_32_units22.json"
"/home/thomasverwaal/Robust-Rail-NL/mathematical-models/scenarios_solver_types_120/scenario_solver_32_trains_32_units22.json","Cost of next node: Cost = 1,789.0 : 1,855.29 | cr=18, dd=24, da=10, tlv=13, sm=64, rd=109.69, cd=0, um=0","Time elapsed: 6.84 seconds","/home/thomasverwaal/Robust-Rail-NL/mathematical-models/local_search_plans_discreet_120/plan_32_trains_32_units22.json"
"/home/thomasverwaal/Robust-Rail-NL/mathematical-models/scenarios_solver_types_120/scenario_solver_32_trains_32_units22.json","Cost of next node: Cost = 1,693.1 : 1,764.41 | cr=14, dd=23, da=9, tlv=14, sm=64, rd=109.69, cd=0, um=0","Time elapsed: 7.05 seconds","/home/thomasverwaal/Robust-Rail-NL/mathematical-models/local_search_plans_discreet_120/plan_32_trains_32_units22.json"
"/home/thomasverwaal/Robust-Rail-NL/mathematical-models/scenarios_solver_types_120/scenario_solver_32_trains_32_units22.json","Cost of next node: Cost = 1,638.0 : 1,714.29 | cr=14, dd=22, da=8, tlv=15, sm=64, rd=102.19, cd=0, um=0","Time elapsed: 7.24 seconds","/home/thomasverwaal/Robust-Rail-NL/mathematical-models/local_search_plans_discreet_120/plan_32_trains_32_units22.json"
"/home/thomasverwaal/Robust-Rail-NL/mathematical-models/scenarios_solver_types_120/scenario_solver_32_trains_32_units22.json","Cost of next node: Cost = 1,454.1 : 1,535.35 | cr=19, dd=17, da=8, tlv=16, sm=64, rd=98.44, cd=0, um=0","Time elapsed: 7.54 seconds","/home/thomasverwaal/Robust-Rail-NL/mathematical-models/local_search_plans_discreet_120/plan_32_trains_32_units22.json"
"/home/thomasverwaal/Robust-Rail-NL/mathematical-models/scenarios_solver_types_120/scenario_solver_32_trains_32_units22.json","Cost of next node: Cost = 1,350.7 : 1,436.99 | cr=23, dd=15, da=5, tlv=17, sm=64, rd=92.81, cd=0, um=0","Time elapsed: 7.94 seconds","/home/thomasverwaal/Robust-Rail-NL/mathematical-models/local_search_plans_discreet_120/plan_32_trains_32_units22.json"
"/home/thomasverwaal/Robust-Rail-NL/mathematical-models/scenarios_solver_types_120/scenario_solver_32_trains_32_units22.json","Cost of next node: Cost = 1,325.7 : 1,406.99 | cr=22, dd=15, da=5, tlv=16, sm=64, rd=92.81, cd=0, um=0","Time elapsed: 8.09 seconds","/home/thomasverwaal/Robust-Rail-NL/mathematical-models/local_search_plans_discreet_120/plan_32_trains_32_units22.json"
"/home/thomasverwaal/Robust-Rail-NL/mathematical-models/scenarios_solver_types_120/scenario_solver_32_trains_32_units22.json","Cost of next node: Cost = 781.4 : 867.66 | cr=19, dd=5, da=4, tlv=17, sm=64, rd=81.56, cd=0, um=0","Time elapsed: 8.44 seconds","/home/thomasverwaal/Robust-Rail-NL/mathematical-models/local_search_plans_discreet_120/plan_32_trains_32_units22.json"
"/home/thomasverwaal/Robust-Rail-NL/mathematical-models/scenarios_solver_types_120/scenario_solver_32_trains_32_units22.json","Cost of next node: Cost = 745.3 : 836.58 | cr=20, dd=5, da=1, tlv=18, sm=64, rd=76.88, cd=0, um=0","Time elapsed: 8.58 seconds","/home/thomasverwaal/Robust-Rail-NL/mathematical-models/local_search_plans_discreet_120/plan_32_trains_32_units22.json"
"/home/thomasverwaal/Robust-Rail-NL/mathematical-models/scenarios_solver_types_120/scenario_solver_32_trains_32_units22.json","Cost of next node: Cost = 720.3 : 806.58 | cr=19, dd=5, da=1, tlv=17, sm=64, rd=80.62, cd=0, um=0","Time elapsed: 8.74 seconds","/home/thomasverwaal/Robust-Rail-NL/mathematical-models/local_search_plans_discreet_120/plan_32_trains_32_units22.json"
"/home/thomasverwaal/Robust-Rail-NL/mathematical-models/scenarios_solver_types_120/scenario_solver_32_trains_32_units22.json","Cost of next node: Cost = 450.0 : 541.28 | cr=18, dd=0, da=0, tlv=18, sm=64, rd=75.00, cd=0, um=0","Time elapsed: 9.11 seconds","/home/thomasverwaal/Robust-Rail-NL/mathematical-models/local_search_plans_discreet_120/plan_32_trains_32_units22.json"
"/home/thomasverwaal/Robust-Rail-NL/mathematical-models/scenarios_solver_types_120/scenario_solver_32_trains_32_units22.json","Cost of next node: Cost = 425.0 : 511.28 | cr=17, dd=0, da=0, tlv=17, sm=64, rd=76.88, cd=0, um=0","Time elapsed: 9.35 seconds","/home/thomasverwaal/Robust-Rail-NL/mathematical-models/local_search_plans_discreet_120/plan_32_trains_32_units22.json"
"/home/thomasverwaal/Robust-Rail-NL/mathematical-models/scenarios_solver_types_120/scenario_solver_32_trains_32_units22.json","Cost of next node: Cost = 400.0 : 481.28 | cr=16, dd=0, da=0, tlv=16, sm=64, rd=76.88, cd=0, um=0","Time elapsed: 9.65 seconds","/home/thomasverwaal/Robust-Rail-NL/mathematical-models/local_search_plans_discreet_120/plan_32_trains_32_units22.json"
"/home/thomasverwaal/Robust-Rail-NL/mathematical-models/scenarios_solver_types_120/scenario_solver_32_trains_32_units22.json","Cost of next node: Cost = 385.0 : 461.28 | cr=16, dd=0, da=0, tlv=15, sm=64, rd=78.75, cd=0, um=0","Time elapsed: 13.82 seconds","/home/thomasverwaal/Robust-Rail-NL/mathematical-models/local_search_plans_discreet_120/plan_32_trains_32_units22.json"
"/home/thomasverwaal/Robust-Rail-NL/mathematical-models/scenarios_solver_types_120/scenario_solver_32_trains_32_units22.json","Cost of next node: Cost = 370.0 : 441.28 | cr=16, dd=0, da=0, tlv=14, sm=64, rd=80.62, cd=0, um=0","Time elapsed: 17.24 seconds","/home/thomasverwaal/Robust-Rail-NL/mathematical-models/local_search_plans_discreet_120/plan_32_trains_32_units22.json"
"/home/thomasverwaal/Robust-Rail-NL/mathematical-models/scenarios_solver_types_120/scenario_solver_32_trains_32_units22.json","Cost of next node: Cost = 355.0 : 421.30 | cr=16, dd=0, da=0, tlv=13, sm=65, rd=81.23, cd=0, um=0","Time elapsed: 20.73 seconds","/home/thomasverwaal/Robust-Rail-NL/mathematical-models/local_search_plans_discreet_120/plan_32_trains_32_units22.json"
"/home/thomasverwaal/Robust-Rail-NL/mathematical-models/scenarios_solver_types_120/scenario_solver_32_trains_32_units22.json","Cost of next node: Cost = 345.0 : 411.30 | cr=15, dd=0, da=0, tlv=13, sm=65, rd=81.23, cd=0, um=0","Time elapsed: 24.29 seconds","/home/thomasverwaal/Robust-Rail-NL/mathematical-models/local_search_plans_discreet_120/plan_32_trains_32_units22.json"
"/home/thomasverwaal/Robust-Rail-NL/mathematical-models/scenarios_solver_types_120/scenario_solver_32_trains_32_units22.json","Cost of next node: Cost = 335.0 : 401.30 | cr=14, dd=0, da=0, tlv=13, sm=65, rd=83.08, cd=0, um=0","Time elapsed: 27.32 seconds","/home/thomasverwaal/Robust-Rail-NL/mathematical-models/local_search_plans_discreet_120/plan_32_trains_32_units22.json"
"/home/thomasverwaal/Robust-Rail-NL/mathematical-models/scenarios_solver_types_120/scenario_solver_32_trains_32_units22.json","Cost of next node: Cost = 325.0 : 391.30 | cr=13, dd=0, da=0, tlv=13, sm=65, rd=83.08, cd=0, um=0","Time elapsed: 29.83 seconds","/home/thomasverwaal/Robust-Rail-NL/mathematical-models/local_search_plans_discreet_120/plan_32_trains_32_units22.json"
"/home/thomasverwaal/Robust-Rail-NL/mathematical-models/scenarios_solver_types_120/scenario_solver_32_trains_32_units22.json","Cost of next node: Cost = 315.0 : 381.30 | cr=12, dd=0, da=0, tlv=13, sm=65, rd=83.08, cd=0, um=0","Time elapsed: 31.80 seconds","/home/thomasverwaal/Robust-Rail-NL/mathematical-models/local_search_plans_discreet_120/plan_32_trains_32_units22.json"
"/home/thomasverwaal/Robust-Rail-NL/mathematical-models/scenarios_solver_types_120/scenario_solver_32_trains_32_units22.json","Cost of next node: Cost = 305.0 : 371.30 | cr=11, dd=0, da=0, tlv=13, sm=65, rd=83.08, cd=0, um=0","Time elapsed: 33.51 seconds","/home/thomasverwaal/Robust-Rail-NL/mathematical-models/local_search_plans_discreet_120/plan_32_trains_32_units22.json"
"/home/thomasverwaal/Robust-Rail-NL/mathematical-models/scenarios_solver_types_120/scenario_solver_32_trains_32_units22.json","Cost of next node: Cost = 295.0 : 361.30 | cr=10, dd=0, da=0, tlv=13, sm=65, rd=83.08, cd=0, um=0","Time elapsed: 35.05 seconds","/home/thomasverwaal/Robust-Rail-NL/mathematical-models/local_search_plans_discreet_120/plan_32_trains_32_units22.json"
"/home/thomasverwaal/Robust-Rail-NL/mathematical-models/scenarios_solver_types_120/scenario_solver_32_trains_32_units22.json","Cost of next node: Cost = 285.0 : 351.30 | cr=9, dd=0, da=0, tlv=13, sm=65, rd=83.08, cd=0, um=0","Time elapsed: 36.58 seconds","/home/thomasverwaal/Robust-Rail-NL/mathematical-models/local_search_plans_discreet_120/plan_32_trains_32_units22.json"
"/home/thomasverwaal/Robust-Rail-NL/mathematical-models/scenarios_solver_types_120/scenario_solver_32_trains_32_units22.json","Cost of next node: Cost = 275.0 : 341.30 | cr=8, dd=0, da=0, tlv=13, sm=65, rd=83.08, cd=0, um=0","Time elapsed: 37.72 seconds","/home/thomasverwaal/Robust-Rail-NL/mathematical-models/local_search_plans_discreet_120/plan_32_trains_32_units22.json"
"/home/thomasverwaal/Robust-Rail-NL/mathematical-models/scenarios_solver_types_120/scenario_solver_32_trains_32_units22.json","Cost of next node: Cost = 265.0 : 331.30 | cr=7, dd=0, da=0, tlv=13, sm=65, rd=83.08, cd=0, um=0","Time elapsed: 38.90 seconds","/home/thomasverwaal/Robust-Rail-NL/mathematical-models/local_search_plans_discreet_120/plan_32_trains_32_units22.json"
"/home/thomasverwaal/Robust-Rail-NL/mathematical-models/scenarios_solver_types_120/scenario_solver_32_trains_32_units22.json","Cost of next node: Cost = 255.0 : 321.30 | cr=6, dd=0, da=0, tlv=13, sm=65, rd=83.08, cd=0, um=0","Time elapsed: 39.92 seconds","/home/thomasverwaal/Robust-Rail-NL/mathematical-models/local_search_plans_discreet_120/plan_32_trains_32_units22.json"
"/home/thomasverwaal/Robust-Rail-NL/mathematical-models/scenarios_solver_types_120/scenario_solver_32_trains_32_units22.json","Cost of next node: Cost = 245.0 : 311.30 | cr=5, dd=0, da=0, tlv=13, sm=65, rd=84.92, cd=0, um=0","Time elapsed: 52.30 seconds","/home/thomasverwaal/Robust-Rail-NL/mathematical-models/local_search_plans_discreet_120/plan_32_trains_32_units22.json"
"/home/thomasverwaal/Robust-Rail-NL/mathematical-models/scenarios_solver_types_120/scenario_solver_32_trains_32_units22.json","Cost of next node: Cost = 235.0 : 301.30 | cr=4, dd=0, da=0, tlv=13, sm=65, rd=83.08, cd=0, um=0","Time elapsed: 111.23 seconds","/home/thomasverwaal/Robust-Rail-NL/mathematical-models/local_search_plans_discreet_120/plan_32_trains_32_units22.json"
"/home/thomasverwaal/Robust-Rail-NL/mathematical-models/scenarios_solver_types_120/scenario_solver_32_trains_32_units22.json","NO_COST_FOUND","NO_TIME_FOUND","NO_PLAN_CREATED"
