scenario,cost_line,time_line,plan_file
"/home/thomasverwaal/Robust-Rail-NL/mathematical-models/scenarios_solver_types_120/scenario_solver_33_trains_33_units28.json","Cost of next node: Cost = 2,879.2 : 2,885.56 | cr=47, dd=33, da=29, tlv=1, sm=66, rd=177.27, cd=0, um=0","Time elapsed: 1.70 seconds","/home/thomasverwaal/Robust-Rail-NL/mathematical-models/local_search_plans_discreet_120/plan_33_trains_33_units28.json"
"/home/thomasverwaal/Robust-Rail-NL/mathematical-models/scenarios_solver_types_120/scenario_solver_33_trains_33_units28.json","Cost of next node: Cost = 2,827.1 : 2,838.41 | cr=41, dd=33, da=28, tlv=2, sm=66, rd=179.09, cd=0, um=0","Time elapsed: 1.88 seconds","/home/thomasverwaal/Robust-Rail-NL/mathematical-models/local_search_plans_discreet_120/plan_33_trains_33_units28.json"
"/home/thomasverwaal/Robust-Rail-NL/mathematical-models/scenarios_solver_types_120/scenario_solver_33_trains_33_units28.json","Cost of next node: Cost = 2,795.4 : 2,811.68 | cr=39, dd=33, da=28, tlv=3, sm=66, rd=173.64, cd=0, um=0","Time elapsed: 2.10 seconds","/home/thomasverwaal/Robust-Rail-NL/mathematical-models/local_search_plans_discreet_120/plan_33_trains_33_units28.json"
"/home/thomasverwaal/Robust-Rail-NL/mathematical-models/scenarios_solver_types_120/scenario_solver_33_trains_33_units28.json","Cost of next node: Cost = 2,773.3 : 2,794.59 | cr=39, dd=33, da=27, tlv=4, sm=66, rd=170.00, cd=0, um=0","Time elapsed: 2.18 seconds","/home/thomasverwaal/Robust-Rail-NL/mathematical-models/local_search_plans_discreet_120/plan_33_trains_33_units28.json"
"/home/thomasverwaal/Robust-Rail-NL/mathematical-models/scenarios_solver_types_120/scenario_solver_33_trains_33_units28.json","Cost of next node: Cost = 2,731.9 : 2,758.23 | cr=38, dd=33, da=24, tlv=5, sm=66, rd=167.27, cd=0, um=0","Time elapsed: 2.34 seconds","/home/thomasverwaal/Robust-Rail-NL/mathematical-models/local_search_plans_discreet_120/plan_33_trains_33_units28.json"
"/home/thomasverwaal/Robust-Rail-NL/mathematical-models/scenarios_solver_types_120/scenario_solver_33_trains_33_units28.json","Cost of next node: Cost = 2,696.6 : 2,727.91 | cr=42, dd=33, da=21, tlv=6, sm=66, rd=162.73, cd=0, um=0","Time elapsed: 2.45 seconds","/home/thomasverwaal/Robust-Rail-NL/mathematical-models/local_search_plans_discreet_120/plan_33_trains_33_units28.json"
"/home/thomasverwaal/Robust-Rail-NL/mathematical-models/scenarios_solver_types_120/scenario_solver_33_trains_33_units28.json","Cost of next node: Cost = 2,666.2 : 2,702.49 | cr=40, dd=33, da=20, tlv=7, sm=66, rd=160.91, cd=0, um=0","Time elapsed: 2.61 seconds","/home/thomasverwaal/Robust-Rail-NL/mathematical-models/local_search_plans_discreet_120/plan_33_trains_33_units28.json"
"/home/thomasverwaal/Robust-Rail-NL/mathematical-models/scenarios_solver_types_120/scenario_solver_33_trains_33_units28.json","Cost of next node: Cost = 2,594.8 : 2,631.17 | cr=42, dd=33, da=16, tlv=7, sm=66, rd=157.27, cd=0, um=0","Time elapsed: 2.72 seconds","/home/thomasverwaal/Robust-Rail-NL/mathematical-models/local_search_plans_discreet_120/plan_33_trains_33_units28.json"
"/home/thomasverwaal/Robust-Rail-NL/mathematical-models/scenarios_solver_types_120/scenario_solver_33_trains_33_units28.json","Cost of next node: Cost = 2,573.1 : 2,609.45 | cr=42, dd=33, da=15, tlv=7, sm=66, rd=153.64, cd=0, um=0","Time elapsed: 2.82 seconds","/home/thomasverwaal/Robust-Rail-NL/mathematical-models/local_search_plans_discreet_120/plan_33_trains_33_units28.json"
"/home/thomasverwaal/Robust-Rail-NL/mathematical-models/scenarios_solver_types_120/scenario_solver_33_trains_33_units28.json","Cost of next node: Cost = 2,543.9 : 2,580.25 | cr=41, dd=33, da=14, tlv=7, sm=66, rd=150.00, cd=0, um=0","Time elapsed: 3.02 seconds","/home/thomasverwaal/Robust-Rail-NL/mathematical-models/local_search_plans_discreet_120/plan_33_trains_33_units28.json"
"/home/thomasverwaal/Robust-Rail-NL/mathematical-models/scenarios_solver_types_120/scenario_solver_33_trains_33_units28.json","Cost of next node: Cost = 2,489.2 : 2,530.51 | cr=38, dd=33, da=13, tlv=8, sm=66, rd=144.55, cd=0, um=0","Time elapsed: 3.15 seconds","/home/thomasverwaal/Robust-Rail-NL/mathematical-models/local_search_plans_discreet_120/plan_33_trains_33_units28.json"
"/home/thomasverwaal/Robust-Rail-NL/mathematical-models/scenarios_solver_types_120/scenario_solver_33_trains_33_units28.json","Cost of next node: Cost = 2,460.0 : 2,506.37 | cr=36, dd=33, da=12, tlv=9, sm=66, rd=140.00, cd=0, um=0","Time elapsed: 3.37 seconds","/home/thomasverwaal/Robust-Rail-NL/mathematical-models/local_search_plans_discreet_120/plan_33_trains_33_units28.json"
"/home/thomasverwaal/Robust-Rail-NL/mathematical-models/scenarios_solver_types_120/scenario_solver_33_trains_33_units28.json","Cost of next node: Cost = 2,427.9 : 2,474.25 | cr=33, dd=33, da=12, tlv=9, sm=66, rd=138.18, cd=0, um=0","Time elapsed: 3.75 seconds","/home/thomasverwaal/Robust-Rail-NL/mathematical-models/local_search_plans_discreet_120/plan_33_trains_33_units28.json"
"/home/thomasverwaal/Robust-Rail-NL/mathematical-models/scenarios_solver_types_120/scenario_solver_33_trains_33_units28.json","Cost of next node: Cost = 2,386.0 : 2,432.29 | cr=28, dd=33, da=12, tlv=9, sm=66, rd=140.00, cd=0, um=0","Time elapsed: 4.14 seconds","/home/thomasverwaal/Robust-Rail-NL/mathematical-models/local_search_plans_discreet_120/plan_33_trains_33_units28.json"
"/home/thomasverwaal/Robust-Rail-NL/mathematical-models/scenarios_solver_types_120/scenario_solver_33_trains_33_units28.json","Cost of next node: Cost = 2,348.2 : 2,399.54 | cr=26, dd=33, da=11, tlv=10, sm=66, rd=134.55, cd=0, um=0","Time elapsed: 4.53 seconds","/home/thomasverwaal/Robust-Rail-NL/mathematical-models/local_search_plans_discreet_120/plan_33_trains_33_units28.json"
"/home/thomasverwaal/Robust-Rail-NL/mathematical-models/scenarios_solver_types_120/scenario_solver_33_trains_33_units28.json","Cost of next node: Cost = 2,321.4 : 2,377.76 | cr=21, dd=33, da=11, tlv=11, sm=66, rd=138.18, cd=0, um=0","Time elapsed: 4.82 seconds","/home/thomasverwaal/Robust-Rail-NL/mathematical-models/local_search_plans_discreet_120/plan_33_trains_33_units28.json"
"/home/thomasverwaal/Robust-Rail-NL/mathematical-models/scenarios_solver_types_120/scenario_solver_33_trains_33_units28.json","Cost of next node: Cost = 2,300.2 : 2,361.51 | cr=20, dd=33, da=10, tlv=12, sm=66, rd=134.55, cd=0, um=0","Time elapsed: 5.27 seconds","/home/thomasverwaal/Robust-Rail-NL/mathematical-models/local_search_plans_discreet_120/plan_33_trains_33_units28.json"
"/home/thomasverwaal/Robust-Rail-NL/mathematical-models/scenarios_solver_types_120/scenario_solver_33_trains_33_units28.json","Cost of next node: Cost = 2,270.2 : 2,336.57 | cr=21, dd=33, da=8, tlv=13, sm=66, rd=127.27, cd=0, um=0","Time elapsed: 5.74 seconds","/home/thomasverwaal/Robust-Rail-NL/mathematical-models/local_search_plans_discreet_120/plan_33_trains_33_units28.json"
"/home/thomasverwaal/Robust-Rail-NL/mathematical-models/scenarios_solver_types_120/scenario_solver_33_trains_33_units28.json","Cost of next node: Cost = 2,250.0 : 2,316.30 | cr=22, dd=33, da=7, tlv=13, sm=66, rd=121.82, cd=0, um=0","Time elapsed: 6.33 seconds","/home/thomasverwaal/Robust-Rail-NL/mathematical-models/local_search_plans_discreet_120/plan_33_trains_33_units28.json"
"/home/thomasverwaal/Robust-Rail-NL/mathematical-models/scenarios_solver_types_120/scenario_solver_33_trains_33_units28.json","Cost of next node: Cost = 2,163.5 : 2,224.86 | cr=26, dd=31, da=7, tlv=12, sm=66, rd=120.00, cd=0, um=0","Time elapsed: 6.43 seconds","/home/thomasverwaal/Robust-Rail-NL/mathematical-models/local_search_plans_discreet_120/plan_33_trains_33_units28.json"
"/home/thomasverwaal/Robust-Rail-NL/mathematical-models/scenarios_solver_types_120/scenario_solver_33_trains_33_units28.json","Cost of next node: Cost = 2,131.6 : 2,192.90 | cr=23, dd=31, da=7, tlv=12, sm=66, rd=118.18, cd=0, um=0","Time elapsed: 6.73 seconds","/home/thomasverwaal/Robust-Rail-NL/mathematical-models/local_search_plans_discreet_120/plan_33_trains_33_units28.json"
"/home/thomasverwaal/Robust-Rail-NL/mathematical-models/scenarios_solver_types_120/scenario_solver_33_trains_33_units28.json","Cost of next node: Cost = 2,043.4 : 2,109.67 | cr=23, dd=29, da=7, tlv=13, sm=66, rd=112.73, cd=0, um=0","Time elapsed: 7.26 seconds","/home/thomasverwaal/Robust-Rail-NL/mathematical-models/local_search_plans_discreet_120/plan_33_trains_33_units28.json"
"/home/thomasverwaal/Robust-Rail-NL/mathematical-models/scenarios_solver_types_120/scenario_solver_33_trains_33_units28.json","Cost of next node: Cost = 1,998.3 : 2,069.59 | cr=19, dd=27, da=11, tlv=14, sm=66, rd=113.64, cd=0, um=0","Time elapsed: 7.59 seconds","/home/thomasverwaal/Robust-Rail-NL/mathematical-models/local_search_plans_discreet_120/plan_33_trains_33_units28.json"
"/home/thomasverwaal/Robust-Rail-NL/mathematical-models/scenarios_solver_types_120/scenario_solver_33_trains_33_units28.json","Cost of next node: Cost = 1,906.7 : 1,973.04 | cr=23, dd=27, da=5, tlv=13, sm=66, rd=109.09, cd=0, um=0","Time elapsed: 7.70 seconds","/home/thomasverwaal/Robust-Rail-NL/mathematical-models/local_search_plans_discreet_120/plan_33_trains_33_units28.json"
"/home/thomasverwaal/Robust-Rail-NL/mathematical-models/scenarios_solver_types_120/scenario_solver_33_trains_33_units28.json","Cost of next node: Cost = 1,870.3 : 1,941.65 | cr=23, dd=26, da=5, tlv=14, sm=66, rd=107.27, cd=0, um=0","Time elapsed: 7.79 seconds","/home/thomasverwaal/Robust-Rail-NL/mathematical-models/local_search_plans_discreet_120/plan_33_trains_33_units28.json"
"/home/thomasverwaal/Robust-Rail-NL/mathematical-models/scenarios_solver_types_120/scenario_solver_33_trains_33_units28.json","Cost of next node: Cost = 1,834.9 : 1,911.21 | cr=23, dd=25, da=5, tlv=15, sm=66, rd=105.45, cd=0, um=0","Time elapsed: 8.18 seconds","/home/thomasverwaal/Robust-Rail-NL/mathematical-models/local_search_plans_discreet_120/plan_33_trains_33_units28.json"
"/home/thomasverwaal/Robust-Rail-NL/mathematical-models/scenarios_solver_types_120/scenario_solver_33_trains_33_units28.json","Cost of next node: Cost = 1,813.0 : 1,894.35 | cr=22, dd=25, da=4, tlv=16, sm=66, rd=96.36, cd=0, um=0","Time elapsed: 8.73 seconds","/home/thomasverwaal/Robust-Rail-NL/mathematical-models/local_search_plans_discreet_120/plan_33_trains_33_units28.json"
"/home/thomasverwaal/Robust-Rail-NL/mathematical-models/scenarios_solver_types_120/scenario_solver_33_trains_33_units28.json","Cost of next node: Cost = 1,790.4 : 1,871.69 | cr=21, dd=24, da=6, tlv=16, sm=66, rd=96.36, cd=0, um=0","Time elapsed: 9.14 seconds","/home/thomasverwaal/Robust-Rail-NL/mathematical-models/local_search_plans_discreet_120/plan_33_trains_33_units28.json"
"/home/thomasverwaal/Robust-Rail-NL/mathematical-models/scenarios_solver_types_120/scenario_solver_33_trains_33_units28.json","Cost of next node: Cost = 1,754.1 : 1,835.44 | cr=21, dd=24, da=4, tlv=16, sm=66, rd=96.36, cd=0, um=0","Time elapsed: 9.30 seconds","/home/thomasverwaal/Robust-Rail-NL/mathematical-models/local_search_plans_discreet_120/plan_33_trains_33_units28.json"
"/home/thomasverwaal/Robust-Rail-NL/mathematical-models/scenarios_solver_types_120/scenario_solver_33_trains_33_units28.json","Cost of next node: Cost = 1,313.2 : 1,399.55 | cr=23, dd=15, da=3, tlv=17, sm=66, rd=89.09, cd=0, um=0","Time elapsed: 9.85 seconds","/home/thomasverwaal/Robust-Rail-NL/mathematical-models/local_search_plans_discreet_120/plan_33_trains_33_units28.json"
"/home/thomasverwaal/Robust-Rail-NL/mathematical-models/scenarios_solver_types_120/scenario_solver_33_trains_33_units28.json","Cost of next node: Cost = 1,288.2 : 1,369.55 | cr=22, dd=15, da=3, tlv=16, sm=66, rd=92.73, cd=0, um=0","Time elapsed: 9.99 seconds","/home/thomasverwaal/Robust-Rail-NL/mathematical-models/local_search_plans_discreet_120/plan_33_trains_33_units28.json"
"/home/thomasverwaal/Robust-Rail-NL/mathematical-models/scenarios_solver_types_120/scenario_solver_33_trains_33_units28.json","Cost of next node: Cost = 1,237.7 : 1,319.02 | cr=22, dd=14, da=3, tlv=16, sm=66, rd=90.91, cd=0, um=0","Time elapsed: 10.26 seconds","/home/thomasverwaal/Robust-Rail-NL/mathematical-models/local_search_plans_discreet_120/plan_33_trains_33_units28.json"
"/home/thomasverwaal/Robust-Rail-NL/mathematical-models/scenarios_solver_types_120/scenario_solver_33_trains_33_units28.json","Cost of next node: Cost = 700.4 : 786.72 | cr=20, dd=4, da=2, tlv=17, sm=66, rd=80.00, cd=0, um=0","Time elapsed: 10.50 seconds","/home/thomasverwaal/Robust-Rail-NL/mathematical-models/local_search_plans_discreet_120/plan_33_trains_33_units28.json"
"/home/thomasverwaal/Robust-Rail-NL/mathematical-models/scenarios_solver_types_120/scenario_solver_33_trains_33_units28.json","Cost of next node: Cost = 675.4 : 756.72 | cr=19, dd=4, da=2, tlv=16, sm=66, rd=81.82, cd=0, um=0","Time elapsed: 10.62 seconds","/home/thomasverwaal/Robust-Rail-NL/mathematical-models/local_search_plans_discreet_120/plan_33_trains_33_units28.json"
"/home/thomasverwaal/Robust-Rail-NL/mathematical-models/scenarios_solver_types_120/scenario_solver_33_trains_33_units28.json","Cost of next node: Cost = 619.8 : 706.12 | cr=17, dd=3, da=2, tlv=17, sm=66, rd=80.00, cd=0, um=0","Time elapsed: 11.06 seconds","/home/thomasverwaal/Robust-Rail-NL/mathematical-models/local_search_plans_discreet_120/plan_33_trains_33_units28.json"
"/home/thomasverwaal/Robust-Rail-NL/mathematical-models/scenarios_solver_types_120/scenario_solver_33_trains_33_units28.json","Cost of next node: Cost = 604.8 : 686.12 | cr=17, dd=3, da=2, tlv=16, sm=66, rd=80.00, cd=0, um=0","Time elapsed: 16.21 seconds","/home/thomasverwaal/Robust-Rail-NL/mathematical-models/local_search_plans_discreet_120/plan_33_trains_33_units28.json"
"/home/thomasverwaal/Robust-Rail-NL/mathematical-models/scenarios_solver_types_120/scenario_solver_33_trains_33_units28.json","Cost of next node: Cost = 594.8 : 676.12 | cr=16, dd=3, da=2, tlv=16, sm=66, rd=80.00, cd=0, um=0","Time elapsed: 20.65 seconds","/home/thomasverwaal/Robust-Rail-NL/mathematical-models/local_search_plans_discreet_120/plan_33_trains_33_units28.json"
"/home/thomasverwaal/Robust-Rail-NL/mathematical-models/scenarios_solver_types_120/scenario_solver_33_trains_33_units28.json","Cost of next node: Cost = 584.8 : 666.12 | cr=15, dd=3, da=2, tlv=16, sm=66, rd=80.00, cd=0, um=0","Time elapsed: 24.99 seconds","/home/thomasverwaal/Robust-Rail-NL/mathematical-models/local_search_plans_discreet_120/plan_33_trains_33_units28.json"
"/home/thomasverwaal/Robust-Rail-NL/mathematical-models/scenarios_solver_types_120/scenario_solver_33_trains_33_units28.json","Cost of next node: Cost = 574.8 : 656.12 | cr=14, dd=3, da=2, tlv=16, sm=66, rd=80.00, cd=0, um=0","Time elapsed: 28.60 seconds","/home/thomasverwaal/Robust-Rail-NL/mathematical-models/local_search_plans_discreet_120/plan_33_trains_33_units28.json"
"/home/thomasverwaal/Robust-Rail-NL/mathematical-models/scenarios_solver_types_120/scenario_solver_33_trains_33_units28.json","Cost of next node: Cost = 559.8 : 636.12 | cr=14, dd=3, da=2, tlv=15, sm=66, rd=81.82, cd=0, um=0","Time elapsed: 31.85 seconds","/home/thomasverwaal/Robust-Rail-NL/mathematical-models/local_search_plans_discreet_120/plan_33_trains_33_units28.json"
"/home/thomasverwaal/Robust-Rail-NL/mathematical-models/scenarios_solver_types_120/scenario_solver_33_trains_33_units28.json","Cost of next node: Cost = 549.8 : 626.12 | cr=13, dd=3, da=2, tlv=15, sm=66, rd=81.82, cd=0, um=0","Time elapsed: 34.80 seconds","/home/thomasverwaal/Robust-Rail-NL/mathematical-models/local_search_plans_discreet_120/plan_33_trains_33_units28.json"
"/home/thomasverwaal/Robust-Rail-NL/mathematical-models/scenarios_solver_types_120/scenario_solver_33_trains_33_units28.json","Cost of next node: Cost = 539.8 : 616.12 | cr=12, dd=3, da=2, tlv=15, sm=66, rd=81.82, cd=0, um=0","Time elapsed: 37.13 seconds","/home/thomasverwaal/Robust-Rail-NL/mathematical-models/local_search_plans_discreet_120/plan_33_trains_33_units28.json"
"/home/thomasverwaal/Robust-Rail-NL/mathematical-models/scenarios_solver_types_120/scenario_solver_33_trains_33_units28.json","Cost of next node: Cost = 529.8 : 606.12 | cr=11, dd=3, da=2, tlv=15, sm=66, rd=81.82, cd=0, um=0","Time elapsed: 39.04 seconds","/home/thomasverwaal/Robust-Rail-NL/mathematical-models/local_search_plans_discreet_120/plan_33_trains_33_units28.json"
"/home/thomasverwaal/Robust-Rail-NL/mathematical-models/scenarios_solver_types_120/scenario_solver_33_trains_33_units28.json","Cost of next node: Cost = 509.8 : 586.12 | cr=9, dd=3, da=2, tlv=15, sm=66, rd=81.82, cd=0, um=0","Time elapsed: 40.73 seconds","/home/thomasverwaal/Robust-Rail-NL/mathematical-models/local_search_plans_discreet_120/plan_33_trains_33_units28.json"
"/home/thomasverwaal/Robust-Rail-NL/mathematical-models/scenarios_solver_types_120/scenario_solver_33_trains_33_units28.json","Cost of next node: Cost = 320.0 : 401.32 | cr=8, dd=0, da=0, tlv=16, sm=66, rd=76.36, cd=0, um=0","Time elapsed: 40.88 seconds","/home/thomasverwaal/Robust-Rail-NL/mathematical-models/local_search_plans_discreet_120/plan_33_trains_33_units28.json"
"/home/thomasverwaal/Robust-Rail-NL/mathematical-models/scenarios_solver_types_120/scenario_solver_33_trains_33_units28.json","Cost of next node: Cost = 305.0 : 381.32 | cr=8, dd=0, da=0, tlv=15, sm=66, rd=78.18, cd=0, um=0","Time elapsed: 42.53 seconds","/home/thomasverwaal/Robust-Rail-NL/mathematical-models/local_search_plans_discreet_120/plan_33_trains_33_units28.json"
"/home/thomasverwaal/Robust-Rail-NL/mathematical-models/scenarios_solver_types_120/scenario_solver_33_trains_33_units28.json","Cost of next node: Cost = 295.0 : 371.32 | cr=7, dd=0, da=0, tlv=15, sm=66, rd=78.18, cd=0, um=0","Time elapsed: 44.34 seconds","/home/thomasverwaal/Robust-Rail-NL/mathematical-models/local_search_plans_discreet_120/plan_33_trains_33_units28.json"
"/home/thomasverwaal/Robust-Rail-NL/mathematical-models/scenarios_solver_types_120/scenario_solver_33_trains_33_units28.json","Cost of next node: Cost = 285.0 : 361.32 | cr=6, dd=0, da=0, tlv=15, sm=66, rd=78.18, cd=0, um=0","Time elapsed: 46.14 seconds","/home/thomasverwaal/Robust-Rail-NL/mathematical-models/local_search_plans_discreet_120/plan_33_trains_33_units28.json"
"/home/thomasverwaal/Robust-Rail-NL/mathematical-models/scenarios_solver_types_120/scenario_solver_33_trains_33_units28.json","Cost of next node: Cost = 275.0 : 351.32 | cr=5, dd=0, da=0, tlv=15, sm=66, rd=78.18, cd=0, um=0","Time elapsed: 47.62 seconds","/home/thomasverwaal/Robust-Rail-NL/mathematical-models/local_search_plans_discreet_120/plan_33_trains_33_units28.json"
"/home/thomasverwaal/Robust-Rail-NL/mathematical-models/scenarios_solver_types_120/scenario_solver_33_trains_33_units28.json","Cost of next node: Cost = 265.0 : 341.32 | cr=4, dd=0, da=0, tlv=15, sm=66, rd=81.82, cd=0, um=0","Time elapsed: 135.62 seconds","/home/thomasverwaal/Robust-Rail-NL/mathematical-models/local_search_plans_discreet_120/plan_33_trains_33_units28.json"
"/home/thomasverwaal/Robust-Rail-NL/mathematical-models/scenarios_solver_types_120/scenario_solver_33_trains_33_units28.json","NO_COST_FOUND","NO_TIME_FOUND","NO_PLAN_CREATED"
"/home/thomasverwaal/Robust-Rail-NL/mathematical-models/scenarios_solver_types_120/scenario_solver_33_trains_33_units29.json","Cost of next node: Cost = 2,935.9 : 2,942.24 | cr=50, dd=33, da=29, tlv=1, sm=66, rd=180.91, cd=0, um=0","Time elapsed: 1.75 seconds","/home/thomasverwaal/Robust-Rail-NL/mathematical-models/local_search_plans_discreet_120/plan_33_trains_33_units29.json"
"/home/thomasverwaal/Robust-Rail-NL/mathematical-models/scenarios_solver_types_120/scenario_solver_33_trains_33_units29.json","Cost of next node: Cost = 2,911.8 : 2,918.16 | cr=49, dd=33, da=29, tlv=1, sm=66, rd=180.00, cd=0, um=0","Time elapsed: 1.80 seconds","/home/thomasverwaal/Robust-Rail-NL/mathematical-models/local_search_plans_discreet_120/plan_33_trains_33_units29.json"
"/home/thomasverwaal/Robust-Rail-NL/mathematical-models/scenarios_solver_types_120/scenario_solver_33_trains_33_units29.json","Cost of next node: Cost = 2,889.2 : 2,900.51 | cr=47, dd=33, da=29, tlv=2, sm=66, rd=176.36, cd=0, um=0","Time elapsed: 1.89 seconds","/home/thomasverwaal/Robust-Rail-NL/mathematical-models/local_search_plans_discreet_120/plan_33_trains_33_units29.json"
"/home/thomasverwaal/Robust-Rail-NL/mathematical-models/scenarios_solver_types_120/scenario_solver_33_trains_33_units29.json","Cost of next node: Cost = 2,840.8 : 2,857.09 | cr=41, dd=33, da=28, tlv=3, sm=66, rd=179.09, cd=0, um=0","Time elapsed: 1.94 seconds","/home/thomasverwaal/Robust-Rail-NL/mathematical-models/local_search_plans_discreet_120/plan_33_trains_33_units29.json"
"/home/thomasverwaal/Robust-Rail-NL/mathematical-models/scenarios_solver_types_120/scenario_solver_33_trains_33_units29.json","Cost of next node: Cost = 2,815.4 : 2,836.72 | cr=39, dd=33, da=27, tlv=4, sm=66, rd=176.36, cd=0, um=0","Time elapsed: 2.03 seconds","/home/thomasverwaal/Robust-Rail-NL/mathematical-models/local_search_plans_discreet_120/plan_33_trains_33_units29.json"
"/home/thomasverwaal/Robust-Rail-NL/mathematical-models/scenarios_solver_types_120/scenario_solver_33_trains_33_units29.json","Cost of next node: Cost = 2,713.2 : 2,739.48 | cr=35, dd=33, da=24, tlv=5, sm=66, rd=170.00, cd=0, um=0","Time elapsed: 2.12 seconds","/home/thomasverwaal/Robust-Rail-NL/mathematical-models/local_search_plans_discreet_120/plan_33_trains_33_units29.json"
"/home/thomasverwaal/Robust-Rail-NL/mathematical-models/scenarios_solver_types_120/scenario_solver_33_trains_33_units29.json","Cost of next node: Cost = 2,690.2 : 2,721.52 | cr=33, dd=33, da=24, tlv=6, sm=66, rd=168.18, cd=0, um=0","Time elapsed: 2.24 seconds","/home/thomasverwaal/Robust-Rail-NL/mathematical-models/local_search_plans_discreet_120/plan_33_trains_33_units29.json"
"/home/thomasverwaal/Robust-Rail-NL/mathematical-models/scenarios_solver_types_120/scenario_solver_33_trains_33_units29.json","Cost of next node: Cost = 2,667.6 : 2,698.97 | cr=36, dd=33, da=22, tlv=6, sm=66, rd=164.55, cd=0, um=0","Time elapsed: 2.34 seconds","/home/thomasverwaal/Robust-Rail-NL/mathematical-models/local_search_plans_discreet_120/plan_33_trains_33_units29.json"
"/home/thomasverwaal/Robust-Rail-NL/mathematical-models/scenarios_solver_types_120/scenario_solver_33_trains_33_units29.json","Cost of next node: Cost = 2,598.5 : 2,634.79 | cr=30, dd=33, da=21, tlv=7, sm=66, rd=163.64, cd=0, um=0","Time elapsed: 2.39 seconds","/home/thomasverwaal/Robust-Rail-NL/mathematical-models/local_search_plans_discreet_120/plan_33_trains_33_units29.json"
"/home/thomasverwaal/Robust-Rail-NL/mathematical-models/scenarios_solver_types_120/scenario_solver_33_trains_33_units29.json","Cost of next node: Cost = 2,576.3 : 2,612.59 | cr=28, dd=33, da=21, tlv=7, sm=66, rd=161.82, cd=0, um=0","Time elapsed: 2.46 seconds","/home/thomasverwaal/Robust-Rail-NL/mathematical-models/local_search_plans_discreet_120/plan_33_trains_33_units29.json"
"/home/thomasverwaal/Robust-Rail-NL/mathematical-models/scenarios_solver_types_120/scenario_solver_33_trains_33_units29.json","Cost of next node: Cost = 2,526.4 : 2,567.71 | cr=29, dd=33, da=17, tlv=8, sm=66, rd=160.00, cd=0, um=0","Time elapsed: 2.51 seconds","/home/thomasverwaal/Robust-Rail-NL/mathematical-models/local_search_plans_discreet_120/plan_33_trains_33_units29.json"
"/home/thomasverwaal/Robust-Rail-NL/mathematical-models/scenarios_solver_types_120/scenario_solver_33_trains_33_units29.json","Cost of next node: Cost = 2,492.5 : 2,538.85 | cr=28, dd=33, da=16, tlv=9, sm=66, rd=154.55, cd=0, um=0","Time elapsed: 2.60 seconds","/home/thomasverwaal/Robust-Rail-NL/mathematical-models/local_search_plans_discreet_120/plan_33_trains_33_units29.json"
"/home/thomasverwaal/Robust-Rail-NL/mathematical-models/scenarios_solver_types_120/scenario_solver_33_trains_33_units29.json","Cost of next node: Cost = 2,397.9 : 2,449.24 | cr=27, dd=33, da=11, tlv=10, sm=66, rd=150.00, cd=0, um=0","Time elapsed: 2.70 seconds","/home/thomasverwaal/Robust-Rail-NL/mathematical-models/local_search_plans_discreet_120/plan_33_trains_33_units29.json"
"/home/thomasverwaal/Robust-Rail-NL/mathematical-models/scenarios_solver_types_120/scenario_solver_33_trains_33_units29.json","Cost of next node: Cost = 2,372.9 : 2,419.24 | cr=26, dd=33, da=11, tlv=9, sm=66, rd=150.00, cd=0, um=0","Time elapsed: 3.05 seconds","/home/thomasverwaal/Robust-Rail-NL/mathematical-models/local_search_plans_discreet_120/plan_33_trains_33_units29.json"
"/home/thomasverwaal/Robust-Rail-NL/mathematical-models/scenarios_solver_types_120/scenario_solver_33_trains_33_units29.json","Cost of next node: Cost = 2,348.9 : 2,395.19 | cr=26, dd=33, da=10, tlv=9, sm=66, rd=144.55, cd=0, um=0","Time elapsed: 3.51 seconds","/home/thomasverwaal/Robust-Rail-NL/mathematical-models/local_search_plans_discreet_120/plan_33_trains_33_units29.json"
"/home/thomasverwaal/Robust-Rail-NL/mathematical-models/scenarios_solver_types_120/scenario_solver_33_trains_33_units29.json","Cost of next node: Cost = 2,322.3 : 2,373.63 | cr=21, dd=33, da=10, tlv=10, sm=66, rd=146.36, cd=0, um=0","Time elapsed: 3.92 seconds","/home/thomasverwaal/Robust-Rail-NL/mathematical-models/local_search_plans_discreet_120/plan_33_trains_33_units29.json"
"/home/thomasverwaal/Robust-Rail-NL/mathematical-models/scenarios_solver_types_120/scenario_solver_33_trains_33_units29.json","Cost of next node: Cost = 2,301.0 : 2,357.34 | cr=17, dd=33, da=10, tlv=11, sm=66, rd=146.36, cd=0, um=0","Time elapsed: 4.37 seconds","/home/thomasverwaal/Robust-Rail-NL/mathematical-models/local_search_plans_discreet_120/plan_33_trains_33_units29.json"
"/home/thomasverwaal/Robust-Rail-NL/mathematical-models/scenarios_solver_types_120/scenario_solver_33_trains_33_units29.json","Cost of next node: Cost = 2,280.8 : 2,342.09 | cr=16, dd=33, da=9, tlv=12, sm=66, rd=142.73, cd=0, um=0","Time elapsed: 4.62 seconds","/home/thomasverwaal/Robust-Rail-NL/mathematical-models/local_search_plans_discreet_120/plan_33_trains_33_units29.json"
"/home/thomasverwaal/Robust-Rail-NL/mathematical-models/scenarios_solver_types_120/scenario_solver_33_trains_33_units29.json","Cost of next node: Cost = 2,230.4 : 2,296.68 | cr=16, dd=33, da=7, tlv=13, sm=66, rd=133.64, cd=0, um=0","Time elapsed: 4.94 seconds","/home/thomasverwaal/Robust-Rail-NL/mathematical-models/local_search_plans_discreet_120/plan_33_trains_33_units29.json"
"/home/thomasverwaal/Robust-Rail-NL/mathematical-models/scenarios_solver_types_120/scenario_solver_33_trains_33_units29.json","Cost of next node: Cost = 2,174.2 : 2,245.51 | cr=13, dd=33, da=7, tlv=14, sm=66, rd=122.73, cd=0, um=0","Time elapsed: 5.24 seconds","/home/thomasverwaal/Robust-Rail-NL/mathematical-models/local_search_plans_discreet_120/plan_33_trains_33_units29.json"
"/home/thomasverwaal/Robust-Rail-NL/mathematical-models/scenarios_solver_types_120/scenario_solver_33_trains_33_units29.json","Cost of next node: Cost = 2,141.0 : 2,212.33 | cr=16, dd=32, da=7, tlv=14, sm=66, rd=117.27, cd=0, um=0","Time elapsed: 5.39 seconds","/home/thomasverwaal/Robust-Rail-NL/mathematical-models/local_search_plans_discreet_120/plan_33_trains_33_units29.json"
"/home/thomasverwaal/Robust-Rail-NL/mathematical-models/scenarios_solver_types_120/scenario_solver_33_trains_33_units29.json","Cost of next node: Cost = 2,046.8 : 2,123.09 | cr=17, dd=30, da=6, tlv=15, sm=66, rd=111.82, cd=0, um=0","Time elapsed: 5.69 seconds","/home/thomasverwaal/Robust-Rail-NL/mathematical-models/local_search_plans_discreet_120/plan_33_trains_33_units29.json"
"/home/thomasverwaal/Robust-Rail-NL/mathematical-models/scenarios_solver_types_120/scenario_solver_33_trains_33_units29.json","Cost of next node: Cost = 2,019.1 : 2,095.44 | cr=20, dd=29, da=6, tlv=15, sm=66, rd=105.45, cd=0, um=0","Time elapsed: 6.01 seconds","/home/thomasverwaal/Robust-Rail-NL/mathematical-models/local_search_plans_discreet_120/plan_33_trains_33_units29.json"
"/home/thomasverwaal/Robust-Rail-NL/mathematical-models/scenarios_solver_types_120/scenario_solver_33_trains_33_units29.json","Cost of next node: Cost = 1,968.4 : 2,044.70 | cr=20, dd=28, da=6, tlv=15, sm=66, rd=103.64, cd=0, um=0","Time elapsed: 6.30 seconds","/home/thomasverwaal/Robust-Rail-NL/mathematical-models/local_search_plans_discreet_120/plan_33_trains_33_units29.json"
"/home/thomasverwaal/Robust-Rail-NL/mathematical-models/scenarios_solver_types_120/scenario_solver_33_trains_33_units29.json","Cost of next node: Cost = 1,933.8 : 2,015.09 | cr=20, dd=27, da=6, tlv=16, sm=66, rd=101.82, cd=0, um=0","Time elapsed: 6.66 seconds","/home/thomasverwaal/Robust-Rail-NL/mathematical-models/local_search_plans_discreet_120/plan_33_trains_33_units29.json"
"/home/thomasverwaal/Robust-Rail-NL/mathematical-models/scenarios_solver_types_120/scenario_solver_33_trains_33_units29.json","Cost of next node: Cost = 1,898.1 : 1,984.39 | cr=20, dd=26, da=6, tlv=17, sm=66, rd=100.00, cd=0, um=0","Time elapsed: 6.88 seconds","/home/thomasverwaal/Robust-Rail-NL/mathematical-models/local_search_plans_discreet_120/plan_33_trains_33_units29.json"
"/home/thomasverwaal/Robust-Rail-NL/mathematical-models/scenarios_solver_types_120/scenario_solver_33_trains_33_units29.json","Cost of next node: Cost = 1,873.1 : 1,954.39 | cr=19, dd=26, da=6, tlv=16, sm=66, rd=101.82, cd=0, um=0","Time elapsed: 7.15 seconds","/home/thomasverwaal/Robust-Rail-NL/mathematical-models/local_search_plans_discreet_120/plan_33_trains_33_units29.json"
"/home/thomasverwaal/Robust-Rail-NL/mathematical-models/scenarios_solver_types_120/scenario_solver_33_trains_33_units29.json","Cost of next node: Cost = 1,798.9 : 1,885.24 | cr=20, dd=24, da=6, tlv=17, sm=66, rd=100.00, cd=0, um=0","Time elapsed: 7.35 seconds","/home/thomasverwaal/Robust-Rail-NL/mathematical-models/local_search_plans_discreet_120/plan_33_trains_33_units29.json"
"/home/thomasverwaal/Robust-Rail-NL/mathematical-models/scenarios_solver_types_120/scenario_solver_33_trains_33_units29.json","Cost of next node: Cost = 1,663.0 : 1,754.34 | cr=20, dd=21, da=6, tlv=18, sm=66, rd=94.55, cd=0, um=0","Time elapsed: 7.68 seconds","/home/thomasverwaal/Robust-Rail-NL/mathematical-models/local_search_plans_discreet_120/plan_33_trains_33_units29.json"
"/home/thomasverwaal/Robust-Rail-NL/mathematical-models/scenarios_solver_types_120/scenario_solver_33_trains_33_units29.json","Cost of next node: Cost = 1,539.4 : 1,635.70 | cr=25, dd=18, da=4, tlv=19, sm=66, rd=89.09, cd=0, um=0","Time elapsed: 7.93 seconds","/home/thomasverwaal/Robust-Rail-NL/mathematical-models/local_search_plans_discreet_120/plan_33_trains_33_units29.json"
"/home/thomasverwaal/Robust-Rail-NL/mathematical-models/scenarios_solver_types_120/scenario_solver_33_trains_33_units29.json","Cost of next node: Cost = 1,514.4 : 1,605.70 | cr=24, dd=18, da=4, tlv=18, sm=66, rd=89.09, cd=0, um=0","Time elapsed: 8.24 seconds","/home/thomasverwaal/Robust-Rail-NL/mathematical-models/local_search_plans_discreet_120/plan_33_trains_33_units29.json"
"/home/thomasverwaal/Robust-Rail-NL/mathematical-models/scenarios_solver_types_120/scenario_solver_33_trains_33_units29.json","Cost of next node: Cost = 1,282.5 : 1,378.82 | cr=22, dd=14, da=3, tlv=19, sm=66, rd=81.82, cd=0, um=0","Time elapsed: 8.66 seconds","/home/thomasverwaal/Robust-Rail-NL/mathematical-models/local_search_plans_discreet_120/plan_33_trains_33_units29.json"
"/home/thomasverwaal/Robust-Rail-NL/mathematical-models/scenarios_solver_types_120/scenario_solver_33_trains_33_units29.json","Cost of next node: Cost = 755.4 : 856.72 | cr=21, dd=4, da=2, tlv=20, sm=66, rd=70.91, cd=0, um=0","Time elapsed: 9.00 seconds","/home/thomasverwaal/Robust-Rail-NL/mathematical-models/local_search_plans_discreet_120/plan_33_trains_33_units29.json"
"/home/thomasverwaal/Robust-Rail-NL/mathematical-models/scenarios_solver_types_120/scenario_solver_33_trains_33_units29.json","Cost of next node: Cost = 730.4 : 826.72 | cr=20, dd=4, da=2, tlv=19, sm=66, rd=74.55, cd=0, um=0","Time elapsed: 9.41 seconds","/home/thomasverwaal/Robust-Rail-NL/mathematical-models/local_search_plans_discreet_120/plan_33_trains_33_units29.json"
"/home/thomasverwaal/Robust-Rail-NL/mathematical-models/scenarios_solver_types_120/scenario_solver_33_trains_33_units29.json","Cost of next node: Cost = 531.5 : 632.82 | cr=18, dd=1, da=0, tlv=20, sm=66, rd=69.09, cd=0, um=0","Time elapsed: 9.75 seconds","/home/thomasverwaal/Robust-Rail-NL/mathematical-models/local_search_plans_discreet_120/plan_33_trains_33_units29.json"
"/home/thomasverwaal/Robust-Rail-NL/mathematical-models/scenarios_solver_types_120/scenario_solver_33_trains_33_units29.json","Cost of next node: Cost = 475.0 : 581.32 | cr=16, dd=0, da=0, tlv=21, sm=66, rd=67.27, cd=0, um=0","Time elapsed: 10.27 seconds","/home/thomasverwaal/Robust-Rail-NL/mathematical-models/local_search_plans_discreet_120/plan_33_trains_33_units29.json"
"/home/thomasverwaal/Robust-Rail-NL/mathematical-models/scenarios_solver_types_120/scenario_solver_33_trains_33_units29.json","Cost of next node: Cost = 460.0 : 561.32 | cr=16, dd=0, da=0, tlv=20, sm=66, rd=69.09, cd=0, um=0","Time elapsed: 19.38 seconds","/home/thomasverwaal/Robust-Rail-NL/mathematical-models/local_search_plans_discreet_120/plan_33_trains_33_units29.json"
"/home/thomasverwaal/Robust-Rail-NL/mathematical-models/scenarios_solver_types_120/scenario_solver_33_trains_33_units29.json","Cost of next node: Cost = 445.0 : 541.32 | cr=16, dd=0, da=0, tlv=19, sm=66, rd=70.91, cd=0, um=0","Time elapsed: 27.73 seconds","/home/thomasverwaal/Robust-Rail-NL/mathematical-models/local_search_plans_discreet_120/plan_33_trains_33_units29.json"
"/home/thomasverwaal/Robust-Rail-NL/mathematical-models/scenarios_solver_types_120/scenario_solver_33_trains_33_units29.json","Cost of next node: Cost = 420.0 : 511.32 | cr=15, dd=0, da=0, tlv=18, sm=66, rd=74.55, cd=0, um=0","Time elapsed: 28.18 seconds","/home/thomasverwaal/Robust-Rail-NL/mathematical-models/local_search_plans_discreet_120/plan_33_trains_33_units29.json"
"/home/thomasverwaal/Robust-Rail-NL/mathematical-models/scenarios_solver_types_120/scenario_solver_33_trains_33_units29.json","Cost of next node: Cost = 405.0 : 491.32 | cr=15, dd=0, da=0, tlv=17, sm=66, rd=76.36, cd=0, um=0","Time elapsed: 35.57 seconds","/home/thomasverwaal/Robust-Rail-NL/mathematical-models/local_search_plans_discreet_120/plan_33_trains_33_units29.json"
"/home/thomasverwaal/Robust-Rail-NL/mathematical-models/scenarios_solver_types_120/scenario_solver_33_trains_33_units29.json","Cost of next node: Cost = 390.0 : 471.32 | cr=15, dd=0, da=0, tlv=16, sm=66, rd=78.18, cd=0, um=0","Time elapsed: 43.12 seconds","/home/thomasverwaal/Robust-Rail-NL/mathematical-models/local_search_plans_discreet_120/plan_33_trains_33_units29.json"
"/home/thomasverwaal/Robust-Rail-NL/mathematical-models/scenarios_solver_types_120/scenario_solver_33_trains_33_units29.json","Cost of next node: Cost = 380.0 : 461.32 | cr=14, dd=0, da=0, tlv=16, sm=66, rd=78.18, cd=0, um=0","Time elapsed: 49.89 seconds","/home/thomasverwaal/Robust-Rail-NL/mathematical-models/local_search_plans_discreet_120/plan_33_trains_33_units29.json"
"/home/thomasverwaal/Robust-Rail-NL/mathematical-models/scenarios_solver_types_120/scenario_solver_33_trains_33_units29.json","Cost of next node: Cost = 370.0 : 451.32 | cr=13, dd=0, da=0, tlv=16, sm=66, rd=78.18, cd=0, um=0","Time elapsed: 55.65 seconds","/home/thomasverwaal/Robust-Rail-NL/mathematical-models/local_search_plans_discreet_120/plan_33_trains_33_units29.json"
"/home/thomasverwaal/Robust-Rail-NL/mathematical-models/scenarios_solver_types_120/scenario_solver_33_trains_33_units29.json","Cost of next node: Cost = 360.0 : 441.32 | cr=12, dd=0, da=0, tlv=16, sm=66, rd=78.18, cd=0, um=0","Time elapsed: 60.88 seconds","/home/thomasverwaal/Robust-Rail-NL/mathematical-models/local_search_plans_discreet_120/plan_33_trains_33_units29.json"
"/home/thomasverwaal/Robust-Rail-NL/mathematical-models/scenarios_solver_types_120/scenario_solver_33_trains_33_units29.json","Cost of next node: Cost = 350.0 : 431.32 | cr=11, dd=0, da=0, tlv=16, sm=66, rd=78.18, cd=0, um=0","Time elapsed: 65.38 seconds","/home/thomasverwaal/Robust-Rail-NL/mathematical-models/local_search_plans_discreet_120/plan_33_trains_33_units29.json"
"/home/thomasverwaal/Robust-Rail-NL/mathematical-models/scenarios_solver_types_120/scenario_solver_33_trains_33_units29.json","Cost of next node: Cost = 340.0 : 421.32 | cr=10, dd=0, da=0, tlv=16, sm=66, rd=78.18, cd=0, um=0","Time elapsed: 69.11 seconds","/home/thomasverwaal/Robust-Rail-NL/mathematical-models/local_search_plans_discreet_120/plan_33_trains_33_units29.json"
"/home/thomasverwaal/Robust-Rail-NL/mathematical-models/scenarios_solver_types_120/scenario_solver_33_trains_33_units29.json","Cost of next node: Cost = 330.0 : 411.32 | cr=9, dd=0, da=0, tlv=16, sm=66, rd=78.18, cd=0, um=0","Time elapsed: 72.25 seconds","/home/thomasverwaal/Robust-Rail-NL/mathematical-models/local_search_plans_discreet_120/plan_33_trains_33_units29.json"
"/home/thomasverwaal/Robust-Rail-NL/mathematical-models/scenarios_solver_types_120/scenario_solver_33_trains_33_units29.json","Cost of next node: Cost = 315.0 : 391.32 | cr=9, dd=0, da=0, tlv=15, sm=66, rd=80.00, cd=0, um=0","Time elapsed: 75.09 seconds","/home/thomasverwaal/Robust-Rail-NL/mathematical-models/local_search_plans_discreet_120/plan_33_trains_33_units29.json"
"/home/thomasverwaal/Robust-Rail-NL/mathematical-models/scenarios_solver_types_120/scenario_solver_33_trains_33_units29.json","Cost of next node: Cost = 305.0 : 381.32 | cr=8, dd=0, da=0, tlv=15, sm=66, rd=80.00, cd=0, um=0","Time elapsed: 77.95 seconds","/home/thomasverwaal/Robust-Rail-NL/mathematical-models/local_search_plans_discreet_120/plan_33_trains_33_units29.json"
"/home/thomasverwaal/Robust-Rail-NL/mathematical-models/scenarios_solver_types_120/scenario_solver_33_trains_33_units29.json","Cost of next node: Cost = 295.0 : 371.32 | cr=7, dd=0, da=0, tlv=15, sm=66, rd=80.00, cd=0, um=0","Time elapsed: 80.17 seconds","/home/thomasverwaal/Robust-Rail-NL/mathematical-models/local_search_plans_discreet_120/plan_33_trains_33_units29.json"
"/home/thomasverwaal/Robust-Rail-NL/mathematical-models/scenarios_solver_types_120/scenario_solver_33_trains_33_units29.json","Cost of next node: Cost = 285.0 : 361.32 | cr=6, dd=0, da=0, tlv=15, sm=66, rd=80.00, cd=0, um=0","Time elapsed: 82.00 seconds","/home/thomasverwaal/Robust-Rail-NL/mathematical-models/local_search_plans_discreet_120/plan_33_trains_33_units29.json"
"/home/thomasverwaal/Robust-Rail-NL/mathematical-models/scenarios_solver_types_120/scenario_solver_33_trains_33_units29.json","Cost of next node: Cost = 275.0 : 351.32 | cr=5, dd=0, da=0, tlv=15, sm=66, rd=80.00, cd=0, um=0","Time elapsed: 83.52 seconds","/home/thomasverwaal/Robust-Rail-NL/mathematical-models/local_search_plans_discreet_120/plan_33_trains_33_units29.json"
"/home/thomasverwaal/Robust-Rail-NL/mathematical-models/scenarios_solver_types_120/scenario_solver_33_trains_33_units29.json","Cost of next node: Cost = 265.0 : 341.32 | cr=4, dd=0, da=0, tlv=15, sm=66, rd=80.00, cd=0, um=0","Time elapsed: 84.78 seconds","/home/thomasverwaal/Robust-Rail-NL/mathematical-models/local_search_plans_discreet_120/plan_33_trains_33_units29.json"
"/home/thomasverwaal/Robust-Rail-NL/mathematical-models/scenarios_solver_types_120/scenario_solver_33_trains_33_units29.json","NO_COST_FOUND","NO_TIME_FOUND","NO_PLAN_CREATED"
"/home/thomasverwaal/Robust-Rail-NL/mathematical-models/scenarios_solver_types_120/scenario_solver_33_trains_33_units3.json","Cost of next node: Cost = 2,918.4 : 2,924.75 | cr=48, dd=33, da=29, tlv=1, sm=66, rd=190.91, cd=0, um=0","Time elapsed: 1.84 seconds","/home/thomasverwaal/Robust-Rail-NL/mathematical-models/local_search_plans_discreet_120/plan_33_trains_33_units3.json"
"/home/thomasverwaal/Robust-Rail-NL/mathematical-models/scenarios_solver_types_120/scenario_solver_33_trains_33_units3.json","Cost of next node: Cost = 2,894.1 : 2,905.37 | cr=42, dd=33, da=29, tlv=2, sm=66, rd=193.64, cd=0, um=0","Time elapsed: 1.89 seconds","/home/thomasverwaal/Robust-Rail-NL/mathematical-models/local_search_plans_discreet_120/plan_33_trains_33_units3.json"
"/home/thomasverwaal/Robust-Rail-NL/mathematical-models/scenarios_solver_types_120/scenario_solver_33_trains_33_units3.json","Cost of next node: Cost = 2,873.0 : 2,889.31 | cr=40, dd=33, da=29, tlv=3, sm=66, rd=191.82, cd=0, um=0","Time elapsed: 1.97 seconds","/home/thomasverwaal/Robust-Rail-NL/mathematical-models/local_search_plans_discreet_120/plan_33_trains_33_units3.json"
"/home/thomasverwaal/Robust-Rail-NL/mathematical-models/scenarios_solver_types_120/scenario_solver_33_trains_33_units3.json","Cost of next node: Cost = 2,803.8 : 2,825.11 | cr=35, dd=33, da=28, tlv=4, sm=66, rd=192.73, cd=0, um=0","Time elapsed: 2.04 seconds","/home/thomasverwaal/Robust-Rail-NL/mathematical-models/local_search_plans_discreet_120/plan_33_trains_33_units3.json"
"/home/thomasverwaal/Robust-Rail-NL/mathematical-models/scenarios_solver_types_120/scenario_solver_33_trains_33_units3.json","Cost of next node: Cost = 2,737.2 : 2,763.49 | cr=34, dd=33, da=24, tlv=5, sm=66, rd=190.91, cd=0, um=0","Time elapsed: 2.12 seconds","/home/thomasverwaal/Robust-Rail-NL/mathematical-models/local_search_plans_discreet_120/plan_33_trains_33_units3.json"
"/home/thomasverwaal/Robust-Rail-NL/mathematical-models/scenarios_solver_types_120/scenario_solver_33_trains_33_units3.json","Cost of next node: Cost = 2,709.2 : 2,740.48 | cr=32, dd=33, da=24, tlv=6, sm=66, rd=190.00, cd=0, um=0","Time elapsed: 2.28 seconds","/home/thomasverwaal/Robust-Rail-NL/mathematical-models/local_search_plans_discreet_120/plan_33_trains_33_units3.json"
"/home/thomasverwaal/Robust-Rail-NL/mathematical-models/scenarios_solver_types_120/scenario_solver_33_trains_33_units3.json","Cost of next node: Cost = 2,682.3 : 2,713.59 | cr=34, dd=33, da=22, tlv=6, sm=66, rd=188.18, cd=0, um=0","Time elapsed: 2.36 seconds","/home/thomasverwaal/Robust-Rail-NL/mathematical-models/local_search_plans_discreet_120/plan_33_trains_33_units3.json"
"/home/thomasverwaal/Robust-Rail-NL/mathematical-models/scenarios_solver_types_120/scenario_solver_33_trains_33_units3.json","Cost of next node: Cost = 2,636.6 : 2,672.89 | cr=34, dd=33, da=19, tlv=7, sm=66, rd=182.73, cd=0, um=0","Time elapsed: 2.46 seconds","/home/thomasverwaal/Robust-Rail-NL/mathematical-models/local_search_plans_discreet_120/plan_33_trains_33_units3.json"
"/home/thomasverwaal/Robust-Rail-NL/mathematical-models/scenarios_solver_types_120/scenario_solver_33_trains_33_units3.json","Cost of next node: Cost = 2,608.6 : 2,644.96 | cr=28, dd=33, da=20, tlv=7, sm=66, rd=187.27, cd=0, um=0","Time elapsed: 2.56 seconds","/home/thomasverwaal/Robust-Rail-NL/mathematical-models/local_search_plans_discreet_120/plan_33_trains_33_units3.json"
"/home/thomasverwaal/Robust-Rail-NL/mathematical-models/scenarios_solver_types_120/scenario_solver_33_trains_33_units3.json","Cost of next node: Cost = 2,575.5 : 2,606.79 | cr=37, dd=33, da=16, tlv=6, sm=66, rd=170.00, cd=0, um=0","Time elapsed: 2.65 seconds","/home/thomasverwaal/Robust-Rail-NL/mathematical-models/local_search_plans_discreet_120/plan_33_trains_33_units3.json"
"/home/thomasverwaal/Robust-Rail-NL/mathematical-models/scenarios_solver_types_120/scenario_solver_33_trains_33_units3.json","Cost of next node: Cost = 2,493.2 : 2,529.57 | cr=37, dd=33, da=12, tlv=7, sm=66, rd=159.09, cd=0, um=0","Time elapsed: 2.73 seconds","/home/thomasverwaal/Robust-Rail-NL/mathematical-models/local_search_plans_discreet_120/plan_33_trains_33_units3.json"
"/home/thomasverwaal/Robust-Rail-NL/mathematical-models/scenarios_solver_types_120/scenario_solver_33_trains_33_units3.json","Cost of next node: Cost = 2,472.5 : 2,513.79 | cr=36, dd=33, da=12, tlv=8, sm=66, rd=153.64, cd=0, um=0","Time elapsed: 2.79 seconds","/home/thomasverwaal/Robust-Rail-NL/mathematical-models/local_search_plans_discreet_120/plan_33_trains_33_units3.json"
"/home/thomasverwaal/Robust-Rail-NL/mathematical-models/scenarios_solver_types_120/scenario_solver_33_trains_33_units3.json","Cost of next node: Cost = 2,446.1 : 2,482.38 | cr=35, dd=33, da=12, tlv=7, sm=66, rd=151.82, cd=0, um=0","Time elapsed: 3.07 seconds","/home/thomasverwaal/Robust-Rail-NL/mathematical-models/local_search_plans_discreet_120/plan_33_trains_33_units3.json"
"/home/thomasverwaal/Robust-Rail-NL/mathematical-models/scenarios_solver_types_120/scenario_solver_33_trains_33_units3.json","Cost of next node: Cost = 2,424.6 : 2,460.97 | cr=33, dd=33, da=12, tlv=7, sm=66, rd=150.00, cd=0, um=0","Time elapsed: 3.41 seconds","/home/thomasverwaal/Robust-Rail-NL/mathematical-models/local_search_plans_discreet_120/plan_33_trains_33_units3.json"
"/home/thomasverwaal/Robust-Rail-NL/mathematical-models/scenarios_solver_types_120/scenario_solver_33_trains_33_units3.json","Cost of next node: Cost = 2,397.3 : 2,438.65 | cr=28, dd=33, da=12, tlv=8, sm=66, rd=150.00, cd=0, um=0","Time elapsed: 3.68 seconds","/home/thomasverwaal/Robust-Rail-NL/mathematical-models/local_search_plans_discreet_120/plan_33_trains_33_units3.json"
"/home/thomasverwaal/Robust-Rail-NL/mathematical-models/scenarios_solver_types_120/scenario_solver_33_trains_33_units3.json","Cost of next node: Cost = 2,374.0 : 2,420.28 | cr=21, dd=33, da=12, tlv=9, sm=66, rd=157.27, cd=0, um=0","Time elapsed: 3.97 seconds","/home/thomasverwaal/Robust-Rail-NL/mathematical-models/local_search_plans_discreet_120/plan_33_trains_33_units3.json"
"/home/thomasverwaal/Robust-Rail-NL/mathematical-models/scenarios_solver_types_120/scenario_solver_33_trains_33_units3.json","Cost of next node: Cost = 2,344.8 : 2,396.17 | cr=21, dd=33, da=11, tlv=10, sm=66, rd=150.00, cd=0, um=0","Time elapsed: 4.37 seconds","/home/thomasverwaal/Robust-Rail-NL/mathematical-models/local_search_plans_discreet_120/plan_33_trains_33_units3.json"
"/home/thomasverwaal/Robust-Rail-NL/mathematical-models/scenarios_solver_types_120/scenario_solver_33_trains_33_units3.json","Cost of next node: Cost = 2,322.2 : 2,373.53 | cr=20, dd=33, da=10, tlv=10, sm=66, rd=150.91, cd=0, um=0","Time elapsed: 4.49 seconds","/home/thomasverwaal/Robust-Rail-NL/mathematical-models/local_search_plans_discreet_120/plan_33_trains_33_units3.json"
"/home/thomasverwaal/Robust-Rail-NL/mathematical-models/scenarios_solver_types_120/scenario_solver_33_trains_33_units3.json","Cost of next node: Cost = 2,290.9 : 2,342.18 | cr=19, dd=33, da=9, tlv=10, sm=66, rd=150.91, cd=0, um=0","Time elapsed: 4.56 seconds","/home/thomasverwaal/Robust-Rail-NL/mathematical-models/local_search_plans_discreet_120/plan_33_trains_33_units3.json"
"/home/thomasverwaal/Robust-Rail-NL/mathematical-models/scenarios_solver_types_120/scenario_solver_33_trains_33_units3.json","Cost of next node: Cost = 2,269.4 : 2,325.75 | cr=18, dd=33, da=8, tlv=11, sm=66, rd=147.27, cd=0, um=0","Time elapsed: 4.80 seconds","/home/thomasverwaal/Robust-Rail-NL/mathematical-models/local_search_plans_discreet_120/plan_33_trains_33_units3.json"
"/home/thomasverwaal/Robust-Rail-NL/mathematical-models/scenarios_solver_types_120/scenario_solver_33_trains_33_units3.json","Cost of next node: Cost = 2,247.3 : 2,308.60 | cr=17, dd=33, da=7, tlv=12, sm=66, rd=145.45, cd=0, um=0","Time elapsed: 4.98 seconds","/home/thomasverwaal/Robust-Rail-NL/mathematical-models/local_search_plans_discreet_120/plan_33_trains_33_units3.json"
"/home/thomasverwaal/Robust-Rail-NL/mathematical-models/scenarios_solver_types_120/scenario_solver_33_trains_33_units3.json","Cost of next node: Cost = 2,226.0 : 2,292.30 | cr=15, dd=33, da=7, tlv=13, sm=66, rd=143.64, cd=0, um=0","Time elapsed: 5.24 seconds","/home/thomasverwaal/Robust-Rail-NL/mathematical-models/local_search_plans_discreet_120/plan_33_trains_33_units3.json"
"/home/thomasverwaal/Robust-Rail-NL/mathematical-models/scenarios_solver_types_120/scenario_solver_33_trains_33_units3.json","Cost of next node: Cost = 2,200.8 : 2,272.10 | cr=15, dd=33, da=6, tlv=14, sm=66, rd=138.18, cd=0, um=0","Time elapsed: 5.50 seconds","/home/thomasverwaal/Robust-Rail-NL/mathematical-models/local_search_plans_discreet_120/plan_33_trains_33_units3.json"
"/home/thomasverwaal/Robust-Rail-NL/mathematical-models/scenarios_solver_types_120/scenario_solver_33_trains_33_units3.json","Cost of next node: Cost = 2,170.9 : 2,247.27 | cr=15, dd=33, da=4, tlv=15, sm=66, rd=132.73, cd=0, um=0","Time elapsed: 5.73 seconds","/home/thomasverwaal/Robust-Rail-NL/mathematical-models/local_search_plans_discreet_120/plan_33_trains_33_units3.json"
"/home/thomasverwaal/Robust-Rail-NL/mathematical-models/scenarios_solver_types_120/scenario_solver_33_trains_33_units3.json","Cost of next node: Cost = 2,150.0 : 2,221.33 | cr=17, dd=33, da=4, tlv=14, sm=66, rd=119.09, cd=0, um=0","Time elapsed: 5.83 seconds","/home/thomasverwaal/Robust-Rail-NL/mathematical-models/local_search_plans_discreet_120/plan_33_trains_33_units3.json"
"/home/thomasverwaal/Robust-Rail-NL/mathematical-models/scenarios_solver_types_120/scenario_solver_33_trains_33_units3.json","Cost of next node: Cost = 2,080.8 : 2,152.14 | cr=18, dd=30, da=8, tlv=14, sm=66, rd=110.91, cd=0, um=0","Time elapsed: 5.91 seconds","/home/thomasverwaal/Robust-Rail-NL/mathematical-models/local_search_plans_discreet_120/plan_33_trains_33_units3.json"
"/home/thomasverwaal/Robust-Rail-NL/mathematical-models/scenarios_solver_types_120/scenario_solver_33_trains_33_units3.json","Cost of next node: Cost = 2,021.4 : 2,092.72 | cr=17, dd=29, da=8, tlv=14, sm=66, rd=109.09, cd=0, um=0","Time elapsed: 6.05 seconds","/home/thomasverwaal/Robust-Rail-NL/mathematical-models/local_search_plans_discreet_120/plan_33_trains_33_units3.json"
"/home/thomasverwaal/Robust-Rail-NL/mathematical-models/scenarios_solver_types_120/scenario_solver_33_trains_33_units3.json","Cost of next node: Cost = 1,909.8 : 1,986.12 | cr=17, dd=28, da=4, tlv=15, sm=66, rd=105.45, cd=0, um=0","Time elapsed: 6.17 seconds","/home/thomasverwaal/Robust-Rail-NL/mathematical-models/local_search_plans_discreet_120/plan_33_trains_33_units3.json"
"/home/thomasverwaal/Robust-Rail-NL/mathematical-models/scenarios_solver_types_120/scenario_solver_33_trains_33_units3.json","Cost of next node: Cost = 1,860.3 : 1,936.66 | cr=17, dd=27, da=4, tlv=15, sm=66, rd=103.64, cd=0, um=0","Time elapsed: 6.35 seconds","/home/thomasverwaal/Robust-Rail-NL/mathematical-models/local_search_plans_discreet_120/plan_33_trains_33_units3.json"
"/home/thomasverwaal/Robust-Rail-NL/mathematical-models/scenarios_solver_types_120/scenario_solver_33_trains_33_units3.json","Cost of next node: Cost = 1,821.6 : 1,902.90 | cr=17, dd=26, da=4, tlv=16, sm=66, rd=96.36, cd=0, um=0","Time elapsed: 6.52 seconds","/home/thomasverwaal/Robust-Rail-NL/mathematical-models/local_search_plans_discreet_120/plan_33_trains_33_units3.json"
"/home/thomasverwaal/Robust-Rail-NL/mathematical-models/scenarios_solver_types_120/scenario_solver_33_trains_33_units3.json","Cost of next node: Cost = 1,738.0 : 1,824.32 | cr=17, dd=24, da=4, tlv=17, sm=66, rd=96.36, cd=0, um=0","Time elapsed: 6.65 seconds","/home/thomasverwaal/Robust-Rail-NL/mathematical-models/local_search_plans_discreet_120/plan_33_trains_33_units3.json"
"/home/thomasverwaal/Robust-Rail-NL/mathematical-models/scenarios_solver_types_120/scenario_solver_33_trains_33_units3.json","Cost of next node: Cost = 1,703.0 : 1,794.37 | cr=17, dd=23, da=4, tlv=18, sm=66, rd=94.55, cd=0, um=0","Time elapsed: 6.85 seconds","/home/thomasverwaal/Robust-Rail-NL/mathematical-models/local_search_plans_discreet_120/plan_33_trains_33_units3.json"
"/home/thomasverwaal/Robust-Rail-NL/mathematical-models/scenarios_solver_types_120/scenario_solver_33_trains_33_units3.json","Cost of next node: Cost = 1,678.0 : 1,764.37 | cr=16, dd=23, da=4, tlv=17, sm=66, rd=96.36, cd=0, um=0","Time elapsed: 6.93 seconds","/home/thomasverwaal/Robust-Rail-NL/mathematical-models/local_search_plans_discreet_120/plan_33_trains_33_units3.json"
"/home/thomasverwaal/Robust-Rail-NL/mathematical-models/scenarios_solver_types_120/scenario_solver_33_trains_33_units3.json","Cost of next node: Cost = 1,643.5 : 1,734.82 | cr=16, dd=22, da=4, tlv=18, sm=66, rd=94.55, cd=0, um=0","Time elapsed: 7.10 seconds","/home/thomasverwaal/Robust-Rail-NL/mathematical-models/local_search_plans_discreet_120/plan_33_trains_33_units3.json"
"/home/thomasverwaal/Robust-Rail-NL/mathematical-models/scenarios_solver_types_120/scenario_solver_33_trains_33_units3.json","Cost of next node: Cost = 1,618.9 : 1,710.26 | cr=16, dd=20, da=8, tlv=18, sm=66, rd=100.00, cd=0, um=0","Time elapsed: 7.21 seconds","/home/thomasverwaal/Robust-Rail-NL/mathematical-models/local_search_plans_discreet_120/plan_33_trains_33_units3.json"
"/home/thomasverwaal/Robust-Rail-NL/mathematical-models/scenarios_solver_types_120/scenario_solver_33_trains_33_units3.json","Cost of next node: Cost = 1,479.7 : 1,571.02 | cr=15, dd=19, da=4, tlv=18, sm=66, rd=92.73, cd=0, um=0","Time elapsed: 7.32 seconds","/home/thomasverwaal/Robust-Rail-NL/mathematical-models/local_search_plans_discreet_120/plan_33_trains_33_units3.json"
"/home/thomasverwaal/Robust-Rail-NL/mathematical-models/scenarios_solver_types_120/scenario_solver_33_trains_33_units3.json","Cost of next node: Cost = 1,419.0 : 1,510.28 | cr=14, dd=18, da=4, tlv=18, sm=66, rd=90.91, cd=0, um=0","Time elapsed: 7.52 seconds","/home/thomasverwaal/Robust-Rail-NL/mathematical-models/local_search_plans_discreet_120/plan_33_trains_33_units3.json"
"/home/thomasverwaal/Robust-Rail-NL/mathematical-models/scenarios_solver_types_120/scenario_solver_33_trains_33_units3.json","Cost of next node: Cost = 1,123.8 : 1,220.14 | cr=11, dd=13, da=3, tlv=19, sm=66, rd=83.64, cd=0, um=0","Time elapsed: 7.75 seconds","/home/thomasverwaal/Robust-Rail-NL/mathematical-models/local_search_plans_discreet_120/plan_33_trains_33_units3.json"
"/home/thomasverwaal/Robust-Rail-NL/mathematical-models/scenarios_solver_types_120/scenario_solver_33_trains_33_units3.json","Cost of next node: Cost = 715.4 : 816.72 | cr=17, dd=4, da=2, tlv=20, sm=66, rd=72.73, cd=0, um=0","Time elapsed: 8.00 seconds","/home/thomasverwaal/Robust-Rail-NL/mathematical-models/local_search_plans_discreet_120/plan_33_trains_33_units3.json"
"/home/thomasverwaal/Robust-Rail-NL/mathematical-models/scenarios_solver_types_120/scenario_solver_33_trains_33_units3.json","Cost of next node: Cost = 690.4 : 786.72 | cr=16, dd=4, da=2, tlv=19, sm=66, rd=72.73, cd=0, um=0","Time elapsed: 8.20 seconds","/home/thomasverwaal/Robust-Rail-NL/mathematical-models/local_search_plans_discreet_120/plan_33_trains_33_units3.json"
"/home/thomasverwaal/Robust-Rail-NL/mathematical-models/scenarios_solver_types_120/scenario_solver_33_trains_33_units3.json","Cost of next node: Cost = 491.5 : 592.82 | cr=14, dd=1, da=0, tlv=20, sm=66, rd=67.27, cd=0, um=0","Time elapsed: 8.51 seconds","/home/thomasverwaal/Robust-Rail-NL/mathematical-models/local_search_plans_discreet_120/plan_33_trains_33_units3.json"
"/home/thomasverwaal/Robust-Rail-NL/mathematical-models/scenarios_solver_types_120/scenario_solver_33_trains_33_units3.json","Cost of next node: Cost = 465.0 : 571.32 | cr=15, dd=0, da=0, tlv=21, sm=66, rd=65.45, cd=0, um=0","Time elapsed: 8.85 seconds","/home/thomasverwaal/Robust-Rail-NL/mathematical-models/local_search_plans_discreet_120/plan_33_trains_33_units3.json"
"/home/thomasverwaal/Robust-Rail-NL/mathematical-models/scenarios_solver_types_120/scenario_solver_33_trains_33_units3.json","Cost of next node: Cost = 440.0 : 541.32 | cr=14, dd=0, da=0, tlv=20, sm=66, rd=67.27, cd=0, um=0","Time elapsed: 9.09 seconds","/home/thomasverwaal/Robust-Rail-NL/mathematical-models/local_search_plans_discreet_120/plan_33_trains_33_units3.json"
"/home/thomasverwaal/Robust-Rail-NL/mathematical-models/scenarios_solver_types_120/scenario_solver_33_trains_33_units3.json","Cost of next node: Cost = 400.0 : 501.34 | cr=10, dd=0, da=0, tlv=20, sm=67, rd=68.06, cd=0, um=0","Time elapsed: 11.02 seconds","/home/thomasverwaal/Robust-Rail-NL/mathematical-models/local_search_plans_discreet_120/plan_33_trains_33_units3.json"
"/home/thomasverwaal/Robust-Rail-NL/mathematical-models/scenarios_solver_types_120/scenario_solver_33_trains_33_units3.json","Cost of next node: Cost = 385.0 : 481.34 | cr=10, dd=0, da=0, tlv=19, sm=67, rd=69.85, cd=0, um=0","Time elapsed: 15.25 seconds","/home/thomasverwaal/Robust-Rail-NL/mathematical-models/local_search_plans_discreet_120/plan_33_trains_33_units3.json"
"/home/thomasverwaal/Robust-Rail-NL/mathematical-models/scenarios_solver_types_120/scenario_solver_33_trains_33_units3.json","Cost of next node: Cost = 370.0 : 461.34 | cr=10, dd=0, da=0, tlv=18, sm=67, rd=71.64, cd=0, um=0","Time elapsed: 19.39 seconds","/home/thomasverwaal/Robust-Rail-NL/mathematical-models/local_search_plans_discreet_120/plan_33_trains_33_units3.json"
"/home/thomasverwaal/Robust-Rail-NL/mathematical-models/scenarios_solver_types_120/scenario_solver_33_trains_33_units3.json","Cost of next node: Cost = 355.0 : 441.34 | cr=10, dd=0, da=0, tlv=17, sm=67, rd=73.43, cd=0, um=0","Time elapsed: 23.04 seconds","/home/thomasverwaal/Robust-Rail-NL/mathematical-models/local_search_plans_discreet_120/plan_33_trains_33_units3.json"
"/home/thomasverwaal/Robust-Rail-NL/mathematical-models/scenarios_solver_types_120/scenario_solver_33_trains_33_units3.json","Cost of next node: Cost = 340.0 : 421.34 | cr=10, dd=0, da=0, tlv=16, sm=67, rd=75.22, cd=0, um=0","Time elapsed: 26.64 seconds","/home/thomasverwaal/Robust-Rail-NL/mathematical-models/local_search_plans_discreet_120/plan_33_trains_33_units3.json"
"/home/thomasverwaal/Robust-Rail-NL/mathematical-models/scenarios_solver_types_120/scenario_solver_33_trains_33_units3.json","Cost of next node: Cost = 325.0 : 401.32 | cr=10, dd=0, da=0, tlv=15, sm=66, rd=76.36, cd=0, um=0","Time elapsed: 30.25 seconds","/home/thomasverwaal/Robust-Rail-NL/mathematical-models/local_search_plans_discreet_120/plan_33_trains_33_units3.json"
"/home/thomasverwaal/Robust-Rail-NL/mathematical-models/scenarios_solver_types_120/scenario_solver_33_trains_33_units3.json","Cost of next node: Cost = 315.0 : 391.32 | cr=9, dd=0, da=0, tlv=15, sm=66, rd=76.36, cd=0, um=0","Time elapsed: 33.55 seconds","/home/thomasverwaal/Robust-Rail-NL/mathematical-models/local_search_plans_discreet_120/plan_33_trains_33_units3.json"
"/home/thomasverwaal/Robust-Rail-NL/mathematical-models/scenarios_solver_types_120/scenario_solver_33_trains_33_units3.json","Cost of next node: Cost = 305.0 : 381.32 | cr=8, dd=0, da=0, tlv=15, sm=66, rd=76.36, cd=0, um=0","Time elapsed: 36.20 seconds","/home/thomasverwaal/Robust-Rail-NL/mathematical-models/local_search_plans_discreet_120/plan_33_trains_33_units3.json"
"/home/thomasverwaal/Robust-Rail-NL/mathematical-models/scenarios_solver_types_120/scenario_solver_33_trains_33_units3.json","Cost of next node: Cost = 295.0 : 371.32 | cr=7, dd=0, da=0, tlv=15, sm=66, rd=76.36, cd=0, um=0","Time elapsed: 38.88 seconds","/home/thomasverwaal/Robust-Rail-NL/mathematical-models/local_search_plans_discreet_120/plan_33_trains_33_units3.json"
"/home/thomasverwaal/Robust-Rail-NL/mathematical-models/scenarios_solver_types_120/scenario_solver_33_trains_33_units3.json","Cost of next node: Cost = 290.0 : 371.32 | cr=5, dd=0, da=0, tlv=16, sm=66, rd=76.36, cd=0, um=0","Time elapsed: 45.55 seconds","/home/thomasverwaal/Robust-Rail-NL/mathematical-models/local_search_plans_discreet_120/plan_33_trains_33_units3.json"
"/home/thomasverwaal/Robust-Rail-NL/mathematical-models/scenarios_solver_types_120/scenario_solver_33_trains_33_units3.json","Cost of next node: Cost = 285.0 : 361.32 | cr=6, dd=0, da=0, tlv=15, sm=66, rd=76.36, cd=0, um=0","Time elapsed: 47.12 seconds","/home/thomasverwaal/Robust-Rail-NL/mathematical-models/local_search_plans_discreet_120/plan_33_trains_33_units3.json"
"/home/thomasverwaal/Robust-Rail-NL/mathematical-models/scenarios_solver_types_120/scenario_solver_33_trains_33_units3.json","Cost of next node: Cost = 275.0 : 351.32 | cr=5, dd=0, da=0, tlv=15, sm=66, rd=78.18, cd=0, um=0","Time elapsed: 74.06 seconds","/home/thomasverwaal/Robust-Rail-NL/mathematical-models/local_search_plans_discreet_120/plan_33_trains_33_units3.json"
"/home/thomasverwaal/Robust-Rail-NL/mathematical-models/scenarios_solver_types_120/scenario_solver_33_trains_33_units3.json","Cost of next node: Cost = 265.0 : 341.32 | cr=4, dd=0, da=0, tlv=15, sm=66, rd=76.36, cd=0, um=0","Time elapsed: 107.93 seconds","/home/thomasverwaal/Robust-Rail-NL/mathematical-models/local_search_plans_discreet_120/plan_33_trains_33_units3.json"
"/home/thomasverwaal/Robust-Rail-NL/mathematical-models/scenarios_solver_types_120/scenario_solver_33_trains_33_units3.json","Cost of next node: Cost = 255.0 : 331.32 | cr=3, dd=0, da=0, tlv=15, sm=66, rd=76.36, cd=0, um=0","Time elapsed: 127.60 seconds","/home/thomasverwaal/Robust-Rail-NL/mathematical-models/local_search_plans_discreet_120/plan_33_trains_33_units3.json"
"/home/thomasverwaal/Robust-Rail-NL/mathematical-models/scenarios_solver_types_120/scenario_solver_33_trains_33_units3.json","Cost of next node: Cost = 245.0 : 321.32 | cr=2, dd=0, da=0, tlv=15, sm=66, rd=78.18, cd=0, um=0","Time elapsed: 187.46 seconds","/home/thomasverwaal/Robust-Rail-NL/mathematical-models/local_search_plans_discreet_120/plan_33_trains_33_units3.json"
"/home/thomasverwaal/Robust-Rail-NL/mathematical-models/scenarios_solver_types_120/scenario_solver_33_trains_33_units3.json","NO_COST_FOUND","NO_TIME_FOUND","NO_PLAN_CREATED"
"/home/thomasverwaal/Robust-Rail-NL/mathematical-models/scenarios_solver_types_120/scenario_solver_33_trains_33_units30.json","Cost of next node: Cost = 3,025.7 : 3,031.98 | cr=57, dd=33, da=29, tlv=1, sm=66, rd=180.91, cd=0, um=0","Time elapsed: 1.68 seconds","/home/thomasverwaal/Robust-Rail-NL/mathematical-models/local_search_plans_discreet_120/plan_33_trains_33_units30.json"
"/home/thomasverwaal/Robust-Rail-NL/mathematical-models/scenarios_solver_types_120/scenario_solver_33_trains_33_units30.json","Cost of next node: Cost = 3,005.4 : 3,011.72 | cr=57, dd=33, da=29, tlv=1, sm=66, rd=176.36, cd=0, um=0","Time elapsed: 1.76 seconds","/home/thomasverwaal/Robust-Rail-NL/mathematical-models/local_search_plans_discreet_120/plan_33_trains_33_units30.json"
"/home/thomasverwaal/Robust-Rail-NL/mathematical-models/scenarios_solver_types_120/scenario_solver_33_trains_33_units30.json","Cost of next node: Cost = 2,981.2 : 2,992.49 | cr=55, dd=33, da=29, tlv=2, sm=66, rd=171.82, cd=0, um=0","Time elapsed: 1.86 seconds","/home/thomasverwaal/Robust-Rail-NL/mathematical-models/local_search_plans_discreet_120/plan_33_trains_33_units30.json"
"/home/thomasverwaal/Robust-Rail-NL/mathematical-models/scenarios_solver_types_120/scenario_solver_33_trains_33_units30.json","Cost of next node: Cost = 2,926.5 : 2,942.78 | cr=48, dd=33, da=28, tlv=3, sm=66, rd=175.45, cd=0, um=0","Time elapsed: 1.94 seconds","/home/thomasverwaal/Robust-Rail-NL/mathematical-models/local_search_plans_discreet_120/plan_33_trains_33_units30.json"
"/home/thomasverwaal/Robust-Rail-NL/mathematical-models/scenarios_solver_types_120/scenario_solver_33_trains_33_units30.json","Cost of next node: Cost = 2,901.6 : 2,922.95 | cr=46, dd=33, da=27, tlv=4, sm=66, rd=172.73, cd=0, um=0","Time elapsed: 2.01 seconds","/home/thomasverwaal/Robust-Rail-NL/mathematical-models/local_search_plans_discreet_120/plan_33_trains_33_units30.json"
"/home/thomasverwaal/Robust-Rail-NL/mathematical-models/scenarios_solver_types_120/scenario_solver_33_trains_33_units30.json","Cost of next node: Cost = 2,799.9 : 2,826.18 | cr=42, dd=33, da=24, tlv=5, sm=66, rd=166.36, cd=0, um=0","Time elapsed: 2.05 seconds","/home/thomasverwaal/Robust-Rail-NL/mathematical-models/local_search_plans_discreet_120/plan_33_trains_33_units30.json"
"/home/thomasverwaal/Robust-Rail-NL/mathematical-models/scenarios_solver_types_120/scenario_solver_33_trains_33_units30.json","Cost of next node: Cost = 2,716.0 : 2,747.31 | cr=47, dd=33, da=19, tlv=6, sm=66, rd=154.55, cd=0, um=0","Time elapsed: 2.20 seconds","/home/thomasverwaal/Robust-Rail-NL/mathematical-models/local_search_plans_discreet_120/plan_33_trains_33_units30.json"
"/home/thomasverwaal/Robust-Rail-NL/mathematical-models/scenarios_solver_types_120/scenario_solver_33_trains_33_units30.json","Cost of next node: Cost = 2,636.3 : 2,667.64 | cr=47, dd=33, da=15, tlv=6, sm=66, rd=150.91, cd=0, um=0","Time elapsed: 2.35 seconds","/home/thomasverwaal/Robust-Rail-NL/mathematical-models/local_search_plans_discreet_120/plan_33_trains_33_units30.json"
"/home/thomasverwaal/Robust-Rail-NL/mathematical-models/scenarios_solver_types_120/scenario_solver_33_trains_33_units30.json","Cost of next node: Cost = 2,614.3 : 2,645.61 | cr=45, dd=33, da=15, tlv=6, sm=66, rd=149.09, cd=0, um=0","Time elapsed: 2.46 seconds","/home/thomasverwaal/Robust-Rail-NL/mathematical-models/local_search_plans_discreet_120/plan_33_trains_33_units30.json"
"/home/thomasverwaal/Robust-Rail-NL/mathematical-models/scenarios_solver_types_120/scenario_solver_33_trains_33_units30.json","Cost of next node: Cost = 2,561.0 : 2,597.28 | cr=46, dd=33, da=11, tlv=7, sm=66, rd=143.64, cd=0, um=0","Time elapsed: 2.63 seconds","/home/thomasverwaal/Robust-Rail-NL/mathematical-models/local_search_plans_discreet_120/plan_33_trains_33_units30.json"
"/home/thomasverwaal/Robust-Rail-NL/mathematical-models/scenarios_solver_types_120/scenario_solver_33_trains_33_units30.json","Cost of next node: Cost = 2,522.8 : 2,564.17 | cr=41, dd=33, da=11, tlv=8, sm=66, rd=143.64, cd=0, um=0","Time elapsed: 2.79 seconds","/home/thomasverwaal/Robust-Rail-NL/mathematical-models/local_search_plans_discreet_120/plan_33_trains_33_units30.json"
"/home/thomasverwaal/Robust-Rail-NL/mathematical-models/scenarios_solver_types_120/scenario_solver_33_trains_33_units30.json","Cost of next node: Cost = 2,489.3 : 2,535.60 | cr=36, dd=33, da=11, tlv=9, sm=66, rd=141.82, cd=0, um=0","Time elapsed: 3.30 seconds","/home/thomasverwaal/Robust-Rail-NL/mathematical-models/local_search_plans_discreet_120/plan_33_trains_33_units30.json"
"/home/thomasverwaal/Robust-Rail-NL/mathematical-models/scenarios_solver_types_120/scenario_solver_33_trains_33_units30.json","Cost of next node: Cost = 2,468.9 : 2,520.20 | cr=33, dd=33, da=11, tlv=10, sm=66, rd=140.00, cd=0, um=0","Time elapsed: 3.65 seconds","/home/thomasverwaal/Robust-Rail-NL/mathematical-models/local_search_plans_discreet_120/plan_33_trains_33_units30.json"
"/home/thomasverwaal/Robust-Rail-NL/mathematical-models/scenarios_solver_types_120/scenario_solver_33_trains_33_units30.json","Cost of next node: Cost = 2,441.5 : 2,497.81 | cr=28, dd=33, da=11, tlv=11, sm=66, rd=143.64, cd=0, um=0","Time elapsed: 4.26 seconds","/home/thomasverwaal/Robust-Rail-NL/mathematical-models/local_search_plans_discreet_120/plan_33_trains_33_units30.json"
"/home/thomasverwaal/Robust-Rail-NL/mathematical-models/scenarios_solver_types_120/scenario_solver_33_trains_33_units30.json","Cost of next node: Cost = 2,419.0 : 2,475.34 | cr=29, dd=33, da=9, tlv=11, sm=66, rd=146.36, cd=0, um=0","Time elapsed: 4.61 seconds","/home/thomasverwaal/Robust-Rail-NL/mathematical-models/local_search_plans_discreet_120/plan_33_trains_33_units30.json"
"/home/thomasverwaal/Robust-Rail-NL/mathematical-models/scenarios_solver_types_120/scenario_solver_33_trains_33_units30.json","Cost of next node: Cost = 2,396.6 : 2,452.87 | cr=27, dd=33, da=9, tlv=11, sm=66, rd=144.55, cd=0, um=0","Time elapsed: 4.89 seconds","/home/thomasverwaal/Robust-Rail-NL/mathematical-models/local_search_plans_discreet_120/plan_33_trains_33_units30.json"
"/home/thomasverwaal/Robust-Rail-NL/mathematical-models/scenarios_solver_types_120/scenario_solver_33_trains_33_units30.json","Cost of next node: Cost = 2,357.5 : 2,418.82 | cr=26, dd=33, da=8, tlv=12, sm=66, rd=137.27, cd=0, um=0","Time elapsed: 5.25 seconds","/home/thomasverwaal/Robust-Rail-NL/mathematical-models/local_search_plans_discreet_120/plan_33_trains_33_units30.json"
"/home/thomasverwaal/Robust-Rail-NL/mathematical-models/scenarios_solver_types_120/scenario_solver_33_trains_33_units30.json","Cost of next node: Cost = 2,332.5 : 2,388.82 | cr=25, dd=33, da=8, tlv=11, sm=66, rd=137.27, cd=0, um=0","Time elapsed: 5.47 seconds","/home/thomasverwaal/Robust-Rail-NL/mathematical-models/local_search_plans_discreet_120/plan_33_trains_33_units30.json"
"/home/thomasverwaal/Robust-Rail-NL/mathematical-models/scenarios_solver_types_120/scenario_solver_33_trains_33_units30.json","Cost of next node: Cost = 2,309.1 : 2,370.46 | cr=23, dd=33, da=7, tlv=12, sm=66, rd=135.45, cd=0, um=0","Time elapsed: 5.91 seconds","/home/thomasverwaal/Robust-Rail-NL/mathematical-models/local_search_plans_discreet_120/plan_33_trains_33_units30.json"
"/home/thomasverwaal/Robust-Rail-NL/mathematical-models/scenarios_solver_types_120/scenario_solver_33_trains_33_units30.json","Cost of next node: Cost = 2,286.4 : 2,352.71 | cr=24, dd=33, da=6, tlv=13, sm=66, rd=126.36, cd=0, um=0","Time elapsed: 6.29 seconds","/home/thomasverwaal/Robust-Rail-NL/mathematical-models/local_search_plans_discreet_120/plan_33_trains_33_units30.json"
"/home/thomasverwaal/Robust-Rail-NL/mathematical-models/scenarios_solver_types_120/scenario_solver_33_trains_33_units30.json","Cost of next node: Cost = 2,205.7 : 2,277.03 | cr=20, dd=33, da=5, tlv=14, sm=66, rd=115.45, cd=0, um=0","Time elapsed: 6.68 seconds","/home/thomasverwaal/Robust-Rail-NL/mathematical-models/local_search_plans_discreet_120/plan_33_trains_33_units30.json"
"/home/thomasverwaal/Robust-Rail-NL/mathematical-models/scenarios_solver_types_120/scenario_solver_33_trains_33_units30.json","Cost of next node: Cost = 2,096.2 : 2,172.54 | cr=21, dd=30, da=6, tlv=15, sm=66, rd=109.09, cd=0, um=0","Time elapsed: 7.00 seconds","/home/thomasverwaal/Robust-Rail-NL/mathematical-models/local_search_plans_discreet_120/plan_33_trains_33_units30.json"
"/home/thomasverwaal/Robust-Rail-NL/mathematical-models/scenarios_solver_types_120/scenario_solver_33_trains_33_units30.json","Cost of next node: Cost = 1,960.1 : 2,041.41 | cr=22, dd=27, da=6, tlv=16, sm=66, rd=103.64, cd=0, um=0","Time elapsed: 7.19 seconds","/home/thomasverwaal/Robust-Rail-NL/mathematical-models/local_search_plans_discreet_120/plan_33_trains_33_units30.json"
"/home/thomasverwaal/Robust-Rail-NL/mathematical-models/scenarios_solver_types_120/scenario_solver_33_trains_33_units30.json","Cost of next node: Cost = 1,914.2 : 2,000.51 | cr=23, dd=26, da=5, tlv=17, sm=66, rd=100.00, cd=0, um=0","Time elapsed: 7.58 seconds","/home/thomasverwaal/Robust-Rail-NL/mathematical-models/local_search_plans_discreet_120/plan_33_trains_33_units30.json"
"/home/thomasverwaal/Robust-Rail-NL/mathematical-models/scenarios_solver_types_120/scenario_solver_33_trains_33_units30.json","Cost of next node: Cost = 1,889.2 : 1,970.51 | cr=22, dd=26, da=5, tlv=16, sm=66, rd=101.82, cd=0, um=0","Time elapsed: 7.87 seconds","/home/thomasverwaal/Robust-Rail-NL/mathematical-models/local_search_plans_discreet_120/plan_33_trains_33_units30.json"
"/home/thomasverwaal/Robust-Rail-NL/mathematical-models/scenarios_solver_types_120/scenario_solver_33_trains_33_units30.json","Cost of next node: Cost = 1,841.3 : 1,927.58 | cr=21, dd=25, da=5, tlv=17, sm=66, rd=98.18, cd=0, um=0","Time elapsed: 8.07 seconds","/home/thomasverwaal/Robust-Rail-NL/mathematical-models/local_search_plans_discreet_120/plan_33_trains_33_units30.json"
"/home/thomasverwaal/Robust-Rail-NL/mathematical-models/scenarios_solver_types_120/scenario_solver_33_trains_33_units30.json","Cost of next node: Cost = 1,804.4 : 1,885.75 | cr=22, dd=24, da=6, tlv=16, sm=66, rd=100.00, cd=0, um=0","Time elapsed: 8.40 seconds","/home/thomasverwaal/Robust-Rail-NL/mathematical-models/local_search_plans_discreet_120/plan_33_trains_33_units30.json"
"/home/thomasverwaal/Robust-Rail-NL/mathematical-models/scenarios_solver_types_120/scenario_solver_33_trains_33_units30.json","Cost of next node: Cost = 1,768.2 : 1,854.55 | cr=22, dd=23, da=6, tlv=17, sm=66, rd=98.18, cd=0, um=0","Time elapsed: 8.61 seconds","/home/thomasverwaal/Robust-Rail-NL/mathematical-models/local_search_plans_discreet_120/plan_33_trains_33_units30.json"
"/home/thomasverwaal/Robust-Rail-NL/mathematical-models/scenarios_solver_types_120/scenario_solver_33_trains_33_units30.json","Cost of next node: Cost = 1,618.4 : 1,709.75 | cr=23, dd=20, da=5, tlv=18, sm=66, rd=97.27, cd=0, um=0","Time elapsed: 8.97 seconds","/home/thomasverwaal/Robust-Rail-NL/mathematical-models/local_search_plans_discreet_120/plan_33_trains_33_units30.json"
"/home/thomasverwaal/Robust-Rail-NL/mathematical-models/scenarios_solver_types_120/scenario_solver_33_trains_33_units30.json","Cost of next node: Cost = 1,562.7 : 1,659.04 | cr=24, dd=18, da=6, tlv=19, sm=66, rd=99.09, cd=0, um=0","Time elapsed: 9.38 seconds","/home/thomasverwaal/Robust-Rail-NL/mathematical-models/local_search_plans_discreet_120/plan_33_trains_33_units30.json"
"/home/thomasverwaal/Robust-Rail-NL/mathematical-models/scenarios_solver_types_120/scenario_solver_33_trains_33_units30.json","Cost of next node: Cost = 1,538.2 : 1,639.55 | cr=25, dd=17, da=6, tlv=20, sm=66, rd=95.45, cd=0, um=0","Time elapsed: 9.81 seconds","/home/thomasverwaal/Robust-Rail-NL/mathematical-models/local_search_plans_discreet_120/plan_33_trains_33_units30.json"
"/home/thomasverwaal/Robust-Rail-NL/mathematical-models/scenarios_solver_types_120/scenario_solver_33_trains_33_units30.json","Cost of next node: Cost = 1,513.2 : 1,609.55 | cr=24, dd=17, da=6, tlv=19, sm=66, rd=95.45, cd=0, um=0","Time elapsed: 10.07 seconds","/home/thomasverwaal/Robust-Rail-NL/mathematical-models/local_search_plans_discreet_120/plan_33_trains_33_units30.json"
"/home/thomasverwaal/Robust-Rail-NL/mathematical-models/scenarios_solver_types_120/scenario_solver_33_trains_33_units30.json","Cost of next node: Cost = 1,488.2 : 1,579.55 | cr=23, dd=17, da=6, tlv=18, sm=66, rd=95.45, cd=0, um=0","Time elapsed: 10.55 seconds","/home/thomasverwaal/Robust-Rail-NL/mathematical-models/local_search_plans_discreet_120/plan_33_trains_33_units30.json"
"/home/thomasverwaal/Robust-Rail-NL/mathematical-models/scenarios_solver_types_120/scenario_solver_33_trains_33_units30.json","Cost of next node: Cost = 1,056.1 : 1,152.42 | cr=21, dd=9, da=5, tlv=19, sm=66, rd=84.55, cd=0, um=0","Time elapsed: 10.83 seconds","/home/thomasverwaal/Robust-Rail-NL/mathematical-models/local_search_plans_discreet_120/plan_33_trains_33_units30.json"
"/home/thomasverwaal/Robust-Rail-NL/mathematical-models/scenarios_solver_types_120/scenario_solver_33_trains_33_units30.json","Cost of next node: Cost = 1,026.7 : 1,123.02 | cr=22, dd=9, da=3, tlv=19, sm=66, rd=82.73, cd=0, um=0","Time elapsed: 11.16 seconds","/home/thomasverwaal/Robust-Rail-NL/mathematical-models/local_search_plans_discreet_120/plan_33_trains_33_units30.json"
"/home/thomasverwaal/Robust-Rail-NL/mathematical-models/scenarios_solver_types_120/scenario_solver_33_trains_33_units30.json","Cost of next node: Cost = 1,001.7 : 1,093.02 | cr=21, dd=9, da=3, tlv=18, sm=66, rd=82.73, cd=0, um=0","Time elapsed: 11.54 seconds","/home/thomasverwaal/Robust-Rail-NL/mathematical-models/local_search_plans_discreet_120/plan_33_trains_33_units30.json"
"/home/thomasverwaal/Robust-Rail-NL/mathematical-models/scenarios_solver_types_120/scenario_solver_33_trains_33_units30.json","Cost of next node: Cost = 754.4 : 850.72 | cr=19, dd=5, da=1, tlv=19, sm=66, rd=77.27, cd=0, um=0","Time elapsed: 11.99 seconds","/home/thomasverwaal/Robust-Rail-NL/mathematical-models/local_search_plans_discreet_120/plan_33_trains_33_units30.json"
"/home/thomasverwaal/Robust-Rail-NL/mathematical-models/scenarios_solver_types_120/scenario_solver_33_trains_33_units30.json","Cost of next node: Cost = 612.9 : 714.22 | cr=19, dd=2, da=1, tlv=20, sm=66, rd=70.91, cd=0, um=0","Time elapsed: 12.29 seconds","/home/thomasverwaal/Robust-Rail-NL/mathematical-models/local_search_plans_discreet_120/plan_33_trains_33_units30.json"
"/home/thomasverwaal/Robust-Rail-NL/mathematical-models/scenarios_solver_types_120/scenario_solver_33_trains_33_units30.json","Cost of next node: Cost = 587.9 : 684.22 | cr=18, dd=2, da=1, tlv=19, sm=66, rd=72.73, cd=0, um=0","Time elapsed: 12.56 seconds","/home/thomasverwaal/Robust-Rail-NL/mathematical-models/local_search_plans_discreet_120/plan_33_trains_33_units30.json"
"/home/thomasverwaal/Robust-Rail-NL/mathematical-models/scenarios_solver_types_120/scenario_solver_33_trains_33_units30.json","Cost of next node: Cost = 562.9 : 654.22 | cr=17, dd=2, da=1, tlv=18, sm=66, rd=74.55, cd=0, um=0","Time elapsed: 12.94 seconds","/home/thomasverwaal/Robust-Rail-NL/mathematical-models/local_search_plans_discreet_120/plan_33_trains_33_units30.json"
"/home/thomasverwaal/Robust-Rail-NL/mathematical-models/scenarios_solver_types_120/scenario_solver_33_trains_33_units30.json","Cost of next node: Cost = 512.4 : 603.72 | cr=17, dd=1, da=1, tlv=18, sm=66, rd=72.73, cd=0, um=0","Time elapsed: 13.42 seconds","/home/thomasverwaal/Robust-Rail-NL/mathematical-models/local_search_plans_discreet_120/plan_33_trains_33_units30.json"
"/home/thomasverwaal/Robust-Rail-NL/mathematical-models/scenarios_solver_types_120/scenario_solver_33_trains_33_units30.json","Cost of next node: Cost = 497.4 : 583.72 | cr=17, dd=1, da=1, tlv=17, sm=66, rd=74.55, cd=0, um=0","Time elapsed: 20.40 seconds","/home/thomasverwaal/Robust-Rail-NL/mathematical-models/local_search_plans_discreet_120/plan_33_trains_33_units30.json"
"/home/thomasverwaal/Robust-Rail-NL/mathematical-models/scenarios_solver_types_120/scenario_solver_33_trains_33_units30.json","Cost of next node: Cost = 482.4 : 563.72 | cr=17, dd=1, da=1, tlv=16, sm=66, rd=76.36, cd=0, um=0","Time elapsed: 27.51 seconds","/home/thomasverwaal/Robust-Rail-NL/mathematical-models/local_search_plans_discreet_120/plan_33_trains_33_units30.json"
"/home/thomasverwaal/Robust-Rail-NL/mathematical-models/scenarios_solver_types_120/scenario_solver_33_trains_33_units30.json","Cost of next node: Cost = 435.0 : 521.32 | cr=18, dd=0, da=0, tlv=17, sm=66, rd=72.73, cd=0, um=0","Time elapsed: 27.71 seconds","/home/thomasverwaal/Robust-Rail-NL/mathematical-models/local_search_plans_discreet_120/plan_33_trains_33_units30.json"
"/home/thomasverwaal/Robust-Rail-NL/mathematical-models/scenarios_solver_types_120/scenario_solver_33_trains_33_units30.json","Cost of next node: Cost = 420.0 : 501.32 | cr=18, dd=0, da=0, tlv=16, sm=66, rd=74.55, cd=0, um=0","Time elapsed: 34.54 seconds","/home/thomasverwaal/Robust-Rail-NL/mathematical-models/local_search_plans_discreet_120/plan_33_trains_33_units30.json"
"/home/thomasverwaal/Robust-Rail-NL/mathematical-models/scenarios_solver_types_120/scenario_solver_33_trains_33_units30.json","Cost of next node: Cost = 390.0 : 471.32 | cr=15, dd=0, da=0, tlv=16, sm=66, rd=74.55, cd=0, um=0","Time elapsed: 35.07 seconds","/home/thomasverwaal/Robust-Rail-NL/mathematical-models/local_search_plans_discreet_120/plan_33_trains_33_units30.json"
"/home/thomasverwaal/Robust-Rail-NL/mathematical-models/scenarios_solver_types_120/scenario_solver_33_trains_33_units30.json","Cost of next node: Cost = 375.0 : 451.32 | cr=15, dd=0, da=0, tlv=15, sm=66, rd=76.36, cd=0, um=0","Time elapsed: 40.28 seconds","/home/thomasverwaal/Robust-Rail-NL/mathematical-models/local_search_plans_discreet_120/plan_33_trains_33_units30.json"
"/home/thomasverwaal/Robust-Rail-NL/mathematical-models/scenarios_solver_types_120/scenario_solver_33_trains_33_units30.json","Cost of next node: Cost = 365.0 : 441.32 | cr=14, dd=0, da=0, tlv=15, sm=66, rd=76.36, cd=0, um=0","Time elapsed: 44.81 seconds","/home/thomasverwaal/Robust-Rail-NL/mathematical-models/local_search_plans_discreet_120/plan_33_trains_33_units30.json"
"/home/thomasverwaal/Robust-Rail-NL/mathematical-models/scenarios_solver_types_120/scenario_solver_33_trains_33_units30.json","Cost of next node: Cost = 355.0 : 431.32 | cr=13, dd=0, da=0, tlv=15, sm=66, rd=76.36, cd=0, um=0","Time elapsed: 49.08 seconds","/home/thomasverwaal/Robust-Rail-NL/mathematical-models/local_search_plans_discreet_120/plan_33_trains_33_units30.json"
"/home/thomasverwaal/Robust-Rail-NL/mathematical-models/scenarios_solver_types_120/scenario_solver_33_trains_33_units30.json","Cost of next node: Cost = 345.0 : 421.32 | cr=12, dd=0, da=0, tlv=15, sm=66, rd=76.36, cd=0, um=0","Time elapsed: 52.38 seconds","/home/thomasverwaal/Robust-Rail-NL/mathematical-models/local_search_plans_discreet_120/plan_33_trains_33_units30.json"
"/home/thomasverwaal/Robust-Rail-NL/mathematical-models/scenarios_solver_types_120/scenario_solver_33_trains_33_units30.json","Cost of next node: Cost = 325.0 : 401.32 | cr=10, dd=0, da=0, tlv=15, sm=66, rd=76.36, cd=0, um=0","Time elapsed: 55.20 seconds","/home/thomasverwaal/Robust-Rail-NL/mathematical-models/local_search_plans_discreet_120/plan_33_trains_33_units30.json"
"/home/thomasverwaal/Robust-Rail-NL/mathematical-models/scenarios_solver_types_120/scenario_solver_33_trains_33_units30.json","Cost of next node: Cost = 315.0 : 391.32 | cr=9, dd=0, da=0, tlv=15, sm=66, rd=76.36, cd=0, um=0","Time elapsed: 57.39 seconds","/home/thomasverwaal/Robust-Rail-NL/mathematical-models/local_search_plans_discreet_120/plan_33_trains_33_units30.json"
"/home/thomasverwaal/Robust-Rail-NL/mathematical-models/scenarios_solver_types_120/scenario_solver_33_trains_33_units30.json","Cost of next node: Cost = 305.0 : 381.32 | cr=8, dd=0, da=0, tlv=15, sm=66, rd=76.36, cd=0, um=0","Time elapsed: 59.52 seconds","/home/thomasverwaal/Robust-Rail-NL/mathematical-models/local_search_plans_discreet_120/plan_33_trains_33_units30.json"
"/home/thomasverwaal/Robust-Rail-NL/mathematical-models/scenarios_solver_types_120/scenario_solver_33_trains_33_units30.json","Cost of next node: Cost = 295.0 : 371.32 | cr=7, dd=0, da=0, tlv=15, sm=66, rd=76.36, cd=0, um=0","Time elapsed: 61.54 seconds","/home/thomasverwaal/Robust-Rail-NL/mathematical-models/local_search_plans_discreet_120/plan_33_trains_33_units30.json"
"/home/thomasverwaal/Robust-Rail-NL/mathematical-models/scenarios_solver_types_120/scenario_solver_33_trains_33_units30.json","Cost of next node: Cost = 285.0 : 361.32 | cr=6, dd=0, da=0, tlv=15, sm=66, rd=78.18, cd=0, um=0","Time elapsed: 74.38 seconds","/home/thomasverwaal/Robust-Rail-NL/mathematical-models/local_search_plans_discreet_120/plan_33_trains_33_units30.json"
"/home/thomasverwaal/Robust-Rail-NL/mathematical-models/scenarios_solver_types_120/scenario_solver_33_trains_33_units30.json","Cost of next node: Cost = 275.0 : 351.32 | cr=5, dd=0, da=0, tlv=15, sm=66, rd=78.18, cd=0, um=0","Time elapsed: 89.86 seconds","/home/thomasverwaal/Robust-Rail-NL/mathematical-models/local_search_plans_discreet_120/plan_33_trains_33_units30.json"
"/home/thomasverwaal/Robust-Rail-NL/mathematical-models/scenarios_solver_types_120/scenario_solver_33_trains_33_units30.json","Cost of next node: Cost = 265.0 : 341.32 | cr=4, dd=0, da=0, tlv=15, sm=66, rd=80.00, cd=0, um=0","Time elapsed: 153.48 seconds","/home/thomasverwaal/Robust-Rail-NL/mathematical-models/local_search_plans_discreet_120/plan_33_trains_33_units30.json"
"/home/thomasverwaal/Robust-Rail-NL/mathematical-models/scenarios_solver_types_120/scenario_solver_33_trains_33_units30.json","Cost of next node: Cost = 260.0 : 331.34 | cr=5, dd=0, da=0, tlv=14, sm=67, rd=82.39, cd=0, um=0","Time elapsed: 166.75 seconds","/home/thomasverwaal/Robust-Rail-NL/mathematical-models/local_search_plans_discreet_120/plan_33_trains_33_units30.json"
"/home/thomasverwaal/Robust-Rail-NL/mathematical-models/scenarios_solver_types_120/scenario_solver_33_trains_33_units30.json","Cost of next node: Cost = 250.0 : 321.34 | cr=4, dd=0, da=0, tlv=14, sm=67, rd=82.39, cd=0, um=0","Time elapsed: 168.56 seconds","/home/thomasverwaal/Robust-Rail-NL/mathematical-models/local_search_plans_discreet_120/plan_33_trains_33_units30.json"
"/home/thomasverwaal/Robust-Rail-NL/mathematical-models/scenarios_solver_types_120/scenario_solver_33_trains_33_units30.json","Cost of next node: Cost = 240.0 : 311.34 | cr=3, dd=0, da=0, tlv=14, sm=67, rd=82.39, cd=0, um=0","Time elapsed: 229.19 seconds","/home/thomasverwaal/Robust-Rail-NL/mathematical-models/local_search_plans_discreet_120/plan_33_trains_33_units30.json"
"/home/thomasverwaal/Robust-Rail-NL/mathematical-models/scenarios_solver_types_120/scenario_solver_33_trains_33_units30.json","Cost of next node: Cost = 230.0 : 301.36 | cr=2, dd=0, da=0, tlv=14, sm=68, rd=82.94, cd=0, um=0","Time elapsed: 246.94 seconds","/home/thomasverwaal/Robust-Rail-NL/mathematical-models/local_search_plans_discreet_120/plan_33_trains_33_units30.json"
"/home/thomasverwaal/Robust-Rail-NL/mathematical-models/scenarios_solver_types_120/scenario_solver_33_trains_33_units30.json","NO_COST_FOUND","NO_TIME_FOUND","NO_PLAN_CREATED"
"/home/thomasverwaal/Robust-Rail-NL/mathematical-models/scenarios_solver_types_120/scenario_solver_33_trains_33_units4.json","Cost of next node: Cost = 2,896.8 : 2,903.09 | cr=47, dd=33, da=29, tlv=1, sm=66, rd=179.09, cd=0, um=0","Time elapsed: 1.46 seconds","/home/thomasverwaal/Robust-Rail-NL/mathematical-models/local_search_plans_discreet_120/plan_33_trains_33_units4.json"
"/home/thomasverwaal/Robust-Rail-NL/mathematical-models/scenarios_solver_types_120/scenario_solver_33_trains_33_units4.json","Cost of next node: Cost = 2,870.9 : 2,877.25 | cr=46, dd=33, da=29, tlv=1, sm=66, rd=180.91, cd=0, um=0","Time elapsed: 1.51 seconds","/home/thomasverwaal/Robust-Rail-NL/mathematical-models/local_search_plans_discreet_120/plan_33_trains_33_units4.json"
"/home/thomasverwaal/Robust-Rail-NL/mathematical-models/scenarios_solver_types_120/scenario_solver_33_trains_33_units4.json","Cost of next node: Cost = 2,848.3 : 2,859.60 | cr=44, dd=33, da=29, tlv=2, sm=66, rd=177.27, cd=0, um=0","Time elapsed: 1.58 seconds","/home/thomasverwaal/Robust-Rail-NL/mathematical-models/local_search_plans_discreet_120/plan_33_trains_33_units4.json"
"/home/thomasverwaal/Robust-Rail-NL/mathematical-models/scenarios_solver_types_120/scenario_solver_33_trains_33_units4.json","Cost of next node: Cost = 2,818.7 : 2,835.02 | cr=40, dd=33, da=28, tlv=3, sm=66, rd=179.09, cd=0, um=0","Time elapsed: 1.65 seconds","/home/thomasverwaal/Robust-Rail-NL/mathematical-models/local_search_plans_discreet_120/plan_33_trains_33_units4.json"
"/home/thomasverwaal/Robust-Rail-NL/mathematical-models/scenarios_solver_types_120/scenario_solver_33_trains_33_units4.json","Cost of next node: Cost = 2,790.8 : 2,812.17 | cr=38, dd=33, da=27, tlv=4, sm=66, rd=176.36, cd=0, um=0","Time elapsed: 1.72 seconds","/home/thomasverwaal/Robust-Rail-NL/mathematical-models/local_search_plans_discreet_120/plan_33_trains_33_units4.json"
"/home/thomasverwaal/Robust-Rail-NL/mathematical-models/scenarios_solver_types_120/scenario_solver_33_trains_33_units4.json","Cost of next node: Cost = 2,697.6 : 2,723.91 | cr=34, dd=33, da=24, tlv=5, sm=66, rd=170.00, cd=0, um=0","Time elapsed: 1.78 seconds","/home/thomasverwaal/Robust-Rail-NL/mathematical-models/local_search_plans_discreet_120/plan_33_trains_33_units4.json"
"/home/thomasverwaal/Robust-Rail-NL/mathematical-models/scenarios_solver_types_120/scenario_solver_33_trains_33_units4.json","Cost of next node: Cost = 2,667.2 : 2,698.52 | cr=40, dd=33, da=21, tlv=6, sm=66, rd=158.18, cd=0, um=0","Time elapsed: 1.92 seconds","/home/thomasverwaal/Robust-Rail-NL/mathematical-models/local_search_plans_discreet_120/plan_33_trains_33_units4.json"
"/home/thomasverwaal/Robust-Rail-NL/mathematical-models/scenarios_solver_types_120/scenario_solver_33_trains_33_units4.json","Cost of next node: Cost = 2,631.9 : 2,668.26 | cr=34, dd=33, da=21, tlv=7, sm=66, rd=161.82, cd=0, um=0","Time elapsed: 2.09 seconds","/home/thomasverwaal/Robust-Rail-NL/mathematical-models/local_search_plans_discreet_120/plan_33_trains_33_units4.json"
"/home/thomasverwaal/Robust-Rail-NL/mathematical-models/scenarios_solver_types_120/scenario_solver_33_trains_33_units4.json","Cost of next node: Cost = 2,533.0 : 2,574.37 | cr=33, dd=33, da=16, tlv=8, sm=66, rd=156.36, cd=0, um=0","Time elapsed: 2.26 seconds","/home/thomasverwaal/Robust-Rail-NL/mathematical-models/local_search_plans_discreet_120/plan_33_trains_33_units4.json"
"/home/thomasverwaal/Robust-Rail-NL/mathematical-models/scenarios_solver_types_120/scenario_solver_33_trains_33_units4.json","Cost of next node: Cost = 2,482.3 : 2,523.58 | cr=37, dd=33, da=12, tlv=8, sm=66, rd=150.00, cd=0, um=0","Time elapsed: 2.35 seconds","/home/thomasverwaal/Robust-Rail-NL/mathematical-models/local_search_plans_discreet_120/plan_33_trains_33_units4.json"
"/home/thomasverwaal/Robust-Rail-NL/mathematical-models/scenarios_solver_types_120/scenario_solver_33_trains_33_units4.json","Cost of next node: Cost = 2,445.7 : 2,492.01 | cr=33, dd=33, da=12, tlv=9, sm=66, rd=146.36, cd=0, um=0","Time elapsed: 2.50 seconds","/home/thomasverwaal/Robust-Rail-NL/mathematical-models/local_search_plans_discreet_120/plan_33_trains_33_units4.json"
"/home/thomasverwaal/Robust-Rail-NL/mathematical-models/scenarios_solver_types_120/scenario_solver_33_trains_33_units4.json","Cost of next node: Cost = 2,413.3 : 2,464.61 | cr=31, dd=33, da=11, tlv=10, sm=66, rd=140.00, cd=0, um=0","Time elapsed: 2.74 seconds","/home/thomasverwaal/Robust-Rail-NL/mathematical-models/local_search_plans_discreet_120/plan_33_trains_33_units4.json"
"/home/thomasverwaal/Robust-Rail-NL/mathematical-models/scenarios_solver_types_120/scenario_solver_33_trains_33_units4.json","Cost of next node: Cost = 2,384.6 : 2,440.89 | cr=26, dd=33, da=11, tlv=11, sm=66, rd=140.00, cd=0, um=0","Time elapsed: 3.21 seconds","/home/thomasverwaal/Robust-Rail-NL/mathematical-models/local_search_plans_discreet_120/plan_33_trains_33_units4.json"
"/home/thomasverwaal/Robust-Rail-NL/mathematical-models/scenarios_solver_types_120/scenario_solver_33_trains_33_units4.json","Cost of next node: Cost = 2,341.5 : 2,397.85 | cr=24, dd=33, da=10, tlv=11, sm=66, rd=136.36, cd=0, um=0","Time elapsed: 3.71 seconds","/home/thomasverwaal/Robust-Rail-NL/mathematical-models/local_search_plans_discreet_120/plan_33_trains_33_units4.json"
"/home/thomasverwaal/Robust-Rail-NL/mathematical-models/scenarios_solver_types_120/scenario_solver_33_trains_33_units4.json","Cost of next node: Cost = 2,316.5 : 2,377.85 | cr=20, dd=33, da=10, tlv=12, sm=66, rd=138.18, cd=0, um=0","Time elapsed: 4.18 seconds","/home/thomasverwaal/Robust-Rail-NL/mathematical-models/local_search_plans_discreet_120/plan_33_trains_33_units4.json"
"/home/thomasverwaal/Robust-Rail-NL/mathematical-models/scenarios_solver_types_120/scenario_solver_33_trains_33_units4.json","Cost of next node: Cost = 2,293.9 : 2,355.26 | cr=19, dd=33, da=9, tlv=12, sm=66, rd=138.18, cd=0, um=0","Time elapsed: 4.69 seconds","/home/thomasverwaal/Robust-Rail-NL/mathematical-models/local_search_plans_discreet_120/plan_33_trains_33_units4.json"
"/home/thomasverwaal/Robust-Rail-NL/mathematical-models/scenarios_solver_types_120/scenario_solver_33_trains_33_units4.json","Cost of next node: Cost = 2,267.9 : 2,334.26 | cr=19, dd=33, da=8, tlv=13, sm=66, rd=130.91, cd=0, um=0","Time elapsed: 5.14 seconds","/home/thomasverwaal/Robust-Rail-NL/mathematical-models/local_search_plans_discreet_120/plan_33_trains_33_units4.json"
"/home/thomasverwaal/Robust-Rail-NL/mathematical-models/scenarios_solver_types_120/scenario_solver_33_trains_33_units4.json","Cost of next node: Cost = 2,245.5 : 2,311.86 | cr=20, dd=33, da=7, tlv=13, sm=66, rd=125.45, cd=0, um=0","Time elapsed: 5.73 seconds","/home/thomasverwaal/Robust-Rail-NL/mathematical-models/local_search_plans_discreet_120/plan_33_trains_33_units4.json"
"/home/thomasverwaal/Robust-Rail-NL/mathematical-models/scenarios_solver_types_120/scenario_solver_33_trains_33_units4.json","Cost of next node: Cost = 2,147.4 : 2,218.74 | cr=20, dd=31, da=7, tlv=14, sm=66, rd=120.00, cd=0, um=0","Time elapsed: 6.06 seconds","/home/thomasverwaal/Robust-Rail-NL/mathematical-models/local_search_plans_discreet_120/plan_33_trains_33_units4.json"
"/home/thomasverwaal/Robust-Rail-NL/mathematical-models/scenarios_solver_types_120/scenario_solver_33_trains_33_units4.json","Cost of next node: Cost = 2,121.5 : 2,192.80 | cr=20, dd=31, da=6, tlv=14, sm=66, rd=116.36, cd=0, um=0","Time elapsed: 6.48 seconds","/home/thomasverwaal/Robust-Rail-NL/mathematical-models/local_search_plans_discreet_120/plan_33_trains_33_units4.json"
"/home/thomasverwaal/Robust-Rail-NL/mathematical-models/scenarios_solver_types_120/scenario_solver_33_trains_33_units4.json","Cost of next node: Cost = 1,621.9 : 1,698.26 | cr=17, dd=22, da=5, tlv=15, sm=66, rd=106.36, cd=0, um=0","Time elapsed: 6.86 seconds","/home/thomasverwaal/Robust-Rail-NL/mathematical-models/local_search_plans_discreet_120/plan_33_trains_33_units4.json"
"/home/thomasverwaal/Robust-Rail-NL/mathematical-models/scenarios_solver_types_120/scenario_solver_33_trains_33_units4.json","Cost of next node: Cost = 1,571.3 : 1,647.64 | cr=17, dd=21, da=5, tlv=15, sm=66, rd=105.45, cd=0, um=0","Time elapsed: 7.04 seconds","/home/thomasverwaal/Robust-Rail-NL/mathematical-models/local_search_plans_discreet_120/plan_33_trains_33_units4.json"
"/home/thomasverwaal/Robust-Rail-NL/mathematical-models/scenarios_solver_types_120/scenario_solver_33_trains_33_units4.json","Cost of next node: Cost = 1,536.4 : 1,617.68 | cr=17, dd=20, da=5, tlv=16, sm=66, rd=103.64, cd=0, um=0","Time elapsed: 7.26 seconds","/home/thomasverwaal/Robust-Rail-NL/mathematical-models/local_search_plans_discreet_120/plan_33_trains_33_units4.json"
"/home/thomasverwaal/Robust-Rail-NL/mathematical-models/scenarios_solver_types_120/scenario_solver_33_trains_33_units4.json","Cost of next node: Cost = 1,450.6 : 1,536.96 | cr=17, dd=18, da=5, tlv=17, sm=66, rd=101.82, cd=0, um=0","Time elapsed: 7.48 seconds","/home/thomasverwaal/Robust-Rail-NL/mathematical-models/local_search_plans_discreet_120/plan_33_trains_33_units4.json"
"/home/thomasverwaal/Robust-Rail-NL/mathematical-models/scenarios_solver_types_120/scenario_solver_33_trains_33_units4.json","Cost of next node: Cost = 1,150.3 : 1,241.58 | cr=13, dd=13, da=4, tlv=18, sm=66, rd=94.55, cd=0, um=0","Time elapsed: 7.82 seconds","/home/thomasverwaal/Robust-Rail-NL/mathematical-models/local_search_plans_discreet_120/plan_33_trains_33_units4.json"
"/home/thomasverwaal/Robust-Rail-NL/mathematical-models/scenarios_solver_types_120/scenario_solver_33_trains_33_units4.json","Cost of next node: Cost = 1,129.8 : 1,221.08 | cr=13, dd=13, da=3, tlv=18, sm=66, rd=90.91, cd=0, um=0","Time elapsed: 8.16 seconds","/home/thomasverwaal/Robust-Rail-NL/mathematical-models/local_search_plans_discreet_120/plan_33_trains_33_units4.json"
"/home/thomasverwaal/Robust-Rail-NL/mathematical-models/scenarios_solver_types_120/scenario_solver_33_trains_33_units4.json","Cost of next node: Cost = 864.7 : 961.00 | cr=18, dd=7, da=2, tlv=19, sm=66, rd=80.00, cd=0, um=0","Time elapsed: 8.53 seconds","/home/thomasverwaal/Robust-Rail-NL/mathematical-models/local_search_plans_discreet_120/plan_33_trains_33_units4.json"
"/home/thomasverwaal/Robust-Rail-NL/mathematical-models/scenarios_solver_types_120/scenario_solver_33_trains_33_units4.json","Cost of next node: Cost = 710.4 : 806.72 | cr=18, dd=4, da=2, tlv=19, sm=66, rd=74.55, cd=0, um=0","Time elapsed: 8.77 seconds","/home/thomasverwaal/Robust-Rail-NL/mathematical-models/local_search_plans_discreet_120/plan_33_trains_33_units4.json"
"/home/thomasverwaal/Robust-Rail-NL/mathematical-models/scenarios_solver_types_120/scenario_solver_33_trains_33_units4.json","Cost of next node: Cost = 541.5 : 642.82 | cr=19, dd=1, da=0, tlv=20, sm=66, rd=69.09, cd=0, um=0","Time elapsed: 9.24 seconds","/home/thomasverwaal/Robust-Rail-NL/mathematical-models/local_search_plans_discreet_120/plan_33_trains_33_units4.json"
"/home/thomasverwaal/Robust-Rail-NL/mathematical-models/scenarios_solver_types_120/scenario_solver_33_trains_33_units4.json","Cost of next node: Cost = 516.5 : 612.82 | cr=18, dd=1, da=0, tlv=19, sm=66, rd=70.91, cd=0, um=0","Time elapsed: 9.65 seconds","/home/thomasverwaal/Robust-Rail-NL/mathematical-models/local_search_plans_discreet_120/plan_33_trains_33_units4.json"
"/home/thomasverwaal/Robust-Rail-NL/mathematical-models/scenarios_solver_types_120/scenario_solver_33_trains_33_units4.json","Cost of next node: Cost = 491.5 : 582.82 | cr=17, dd=1, da=0, tlv=18, sm=66, rd=72.73, cd=0, um=0","Time elapsed: 10.09 seconds","/home/thomasverwaal/Robust-Rail-NL/mathematical-models/local_search_plans_discreet_120/plan_33_trains_33_units4.json"
"/home/thomasverwaal/Robust-Rail-NL/mathematical-models/scenarios_solver_types_120/scenario_solver_33_trains_33_units4.json","Cost of next node: Cost = 445.0 : 541.32 | cr=16, dd=0, da=0, tlv=19, sm=66, rd=70.91, cd=0, um=0","Time elapsed: 10.55 seconds","/home/thomasverwaal/Robust-Rail-NL/mathematical-models/local_search_plans_discreet_120/plan_33_trains_33_units4.json"
"/home/thomasverwaal/Robust-Rail-NL/mathematical-models/scenarios_solver_types_120/scenario_solver_33_trains_33_units4.json","Cost of next node: Cost = 420.0 : 511.32 | cr=15, dd=0, da=0, tlv=18, sm=66, rd=72.73, cd=0, um=0","Time elapsed: 10.87 seconds","/home/thomasverwaal/Robust-Rail-NL/mathematical-models/local_search_plans_discreet_120/plan_33_trains_33_units4.json"
"/home/thomasverwaal/Robust-Rail-NL/mathematical-models/scenarios_solver_types_120/scenario_solver_33_trains_33_units4.json","Cost of next node: Cost = 405.0 : 491.32 | cr=15, dd=0, da=0, tlv=17, sm=66, rd=72.73, cd=0, um=0","Time elapsed: 18.50 seconds","/home/thomasverwaal/Robust-Rail-NL/mathematical-models/local_search_plans_discreet_120/plan_33_trains_33_units4.json"
"/home/thomasverwaal/Robust-Rail-NL/mathematical-models/scenarios_solver_types_120/scenario_solver_33_trains_33_units4.json","Cost of next node: Cost = 390.0 : 471.32 | cr=15, dd=0, da=0, tlv=16, sm=66, rd=74.55, cd=0, um=0","Time elapsed: 25.33 seconds","/home/thomasverwaal/Robust-Rail-NL/mathematical-models/local_search_plans_discreet_120/plan_33_trains_33_units4.json"
"/home/thomasverwaal/Robust-Rail-NL/mathematical-models/scenarios_solver_types_120/scenario_solver_33_trains_33_units4.json","Cost of next node: Cost = 375.0 : 451.32 | cr=15, dd=0, da=0, tlv=15, sm=66, rd=76.36, cd=0, um=0","Time elapsed: 31.23 seconds","/home/thomasverwaal/Robust-Rail-NL/mathematical-models/local_search_plans_discreet_120/plan_33_trains_33_units4.json"
"/home/thomasverwaal/Robust-Rail-NL/mathematical-models/scenarios_solver_types_120/scenario_solver_33_trains_33_units4.json","Cost of next node: Cost = 365.0 : 441.32 | cr=14, dd=0, da=0, tlv=15, sm=66, rd=76.36, cd=0, um=0","Time elapsed: 36.62 seconds","/home/thomasverwaal/Robust-Rail-NL/mathematical-models/local_search_plans_discreet_120/plan_33_trains_33_units4.json"
"/home/thomasverwaal/Robust-Rail-NL/mathematical-models/scenarios_solver_types_120/scenario_solver_33_trains_33_units4.json","Cost of next node: Cost = 355.0 : 431.32 | cr=13, dd=0, da=0, tlv=15, sm=66, rd=76.36, cd=0, um=0","Time elapsed: 41.74 seconds","/home/thomasverwaal/Robust-Rail-NL/mathematical-models/local_search_plans_discreet_120/plan_33_trains_33_units4.json"
"/home/thomasverwaal/Robust-Rail-NL/mathematical-models/scenarios_solver_types_120/scenario_solver_33_trains_33_units4.json","Cost of next node: Cost = 345.0 : 421.32 | cr=12, dd=0, da=0, tlv=15, sm=66, rd=76.36, cd=0, um=0","Time elapsed: 45.59 seconds","/home/thomasverwaal/Robust-Rail-NL/mathematical-models/local_search_plans_discreet_120/plan_33_trains_33_units4.json"
"/home/thomasverwaal/Robust-Rail-NL/mathematical-models/scenarios_solver_types_120/scenario_solver_33_trains_33_units4.json","Cost of next node: Cost = 335.0 : 411.32 | cr=11, dd=0, da=0, tlv=15, sm=66, rd=76.36, cd=0, um=0","Time elapsed: 48.88 seconds","/home/thomasverwaal/Robust-Rail-NL/mathematical-models/local_search_plans_discreet_120/plan_33_trains_33_units4.json"
"/home/thomasverwaal/Robust-Rail-NL/mathematical-models/scenarios_solver_types_120/scenario_solver_33_trains_33_units4.json","Cost of next node: Cost = 325.0 : 401.32 | cr=10, dd=0, da=0, tlv=15, sm=66, rd=76.36, cd=0, um=0","Time elapsed: 51.85 seconds","/home/thomasverwaal/Robust-Rail-NL/mathematical-models/local_search_plans_discreet_120/plan_33_trains_33_units4.json"
"/home/thomasverwaal/Robust-Rail-NL/mathematical-models/scenarios_solver_types_120/scenario_solver_33_trains_33_units4.json","Cost of next node: Cost = 315.0 : 391.32 | cr=9, dd=0, da=0, tlv=15, sm=66, rd=76.36, cd=0, um=0","Time elapsed: 54.32 seconds","/home/thomasverwaal/Robust-Rail-NL/mathematical-models/local_search_plans_discreet_120/plan_33_trains_33_units4.json"
"/home/thomasverwaal/Robust-Rail-NL/mathematical-models/scenarios_solver_types_120/scenario_solver_33_trains_33_units4.json","Cost of next node: Cost = 305.0 : 381.32 | cr=8, dd=0, da=0, tlv=15, sm=66, rd=76.36, cd=0, um=0","Time elapsed: 56.27 seconds","/home/thomasverwaal/Robust-Rail-NL/mathematical-models/local_search_plans_discreet_120/plan_33_trains_33_units4.json"
"/home/thomasverwaal/Robust-Rail-NL/mathematical-models/scenarios_solver_types_120/scenario_solver_33_trains_33_units4.json","Cost of next node: Cost = 295.0 : 371.32 | cr=7, dd=0, da=0, tlv=15, sm=66, rd=76.36, cd=0, um=0","Time elapsed: 57.94 seconds","/home/thomasverwaal/Robust-Rail-NL/mathematical-models/local_search_plans_discreet_120/plan_33_trains_33_units4.json"
"/home/thomasverwaal/Robust-Rail-NL/mathematical-models/scenarios_solver_types_120/scenario_solver_33_trains_33_units4.json","Cost of next node: Cost = 285.0 : 361.32 | cr=6, dd=0, da=0, tlv=15, sm=66, rd=78.18, cd=0, um=0","Time elapsed: 130.34 seconds","/home/thomasverwaal/Robust-Rail-NL/mathematical-models/local_search_plans_discreet_120/plan_33_trains_33_units4.json"
"/home/thomasverwaal/Robust-Rail-NL/mathematical-models/scenarios_solver_types_120/scenario_solver_33_trains_33_units4.json","Cost of next node: Cost = 275.0 : 351.34 | cr=5, dd=0, da=0, tlv=15, sm=67, rd=80.60, cd=0, um=0","Time elapsed: 133.46 seconds","/home/thomasverwaal/Robust-Rail-NL/mathematical-models/local_search_plans_discreet_120/plan_33_trains_33_units4.json"
"/home/thomasverwaal/Robust-Rail-NL/mathematical-models/scenarios_solver_types_120/scenario_solver_33_trains_33_units4.json","Cost of next node: Cost = 260.0 : 331.36 | cr=5, dd=0, da=0, tlv=14, sm=68, rd=81.18, cd=0, um=0","Time elapsed: 135.17 seconds","/home/thomasverwaal/Robust-Rail-NL/mathematical-models/local_search_plans_discreet_120/plan_33_trains_33_units4.json"
"/home/thomasverwaal/Robust-Rail-NL/mathematical-models/scenarios_solver_types_120/scenario_solver_33_trains_33_units4.json","Cost of next node: Cost = 250.0 : 321.36 | cr=4, dd=0, da=0, tlv=14, sm=68, rd=82.94, cd=0, um=0","Time elapsed: 160.70 seconds","/home/thomasverwaal/Robust-Rail-NL/mathematical-models/local_search_plans_discreet_120/plan_33_trains_33_units4.json"
"/home/thomasverwaal/Robust-Rail-NL/mathematical-models/scenarios_solver_types_120/scenario_solver_33_trains_33_units4.json","NO_COST_FOUND","NO_TIME_FOUND","NO_PLAN_CREATED"
