scenario,cost_line,time_line,plan_file
"/home/thomasverwaal/Robust-Rail-NL/mathematical-models/scenarios_solver_types_120/scenario_solver_32_trains_1_units5.json","Cost of next node: Cost = 2,744.1 : 2,745.37 | cr=41, dd=32, da=30, tlv=0, sm=64, rd=180.00, cd=0, um=0","Time elapsed: 4.46 seconds","/home/thomasverwaal/Robust-Rail-NL/mathematical-models/local_search_plans_discreet_120/plan_32_trains_1_units5.json"
"/home/thomasverwaal/Robust-Rail-NL/mathematical-models/scenarios_solver_types_120/scenario_solver_32_trains_1_units5.json","Cost of next node: Cost = 2,716.7 : 2,718.01 | cr=39, dd=32, da=30, tlv=0, sm=64, rd=178.12, cd=0, um=0","Time elapsed: 4.59 seconds","/home/thomasverwaal/Robust-Rail-NL/mathematical-models/local_search_plans_discreet_120/plan_32_trains_1_units5.json"
"/home/thomasverwaal/Robust-Rail-NL/mathematical-models/scenarios_solver_types_120/scenario_solver_32_trains_1_units5.json","Cost of next node: Cost = 2,696.3 : 2,697.56 | cr=37, dd=32, da=30, tlv=0, sm=64, rd=178.12, cd=0, um=0","Time elapsed: 4.88 seconds","/home/thomasverwaal/Robust-Rail-NL/mathematical-models/local_search_plans_discreet_120/plan_32_trains_1_units5.json"
"/home/thomasverwaal/Robust-Rail-NL/mathematical-models/scenarios_solver_types_120/scenario_solver_32_trains_1_units5.json","Cost of next node: Cost = 2,675.5 : 2,676.83 | cr=35, dd=32, da=30, tlv=0, sm=64, rd=178.12, cd=0, um=0","Time elapsed: 5.18 seconds","/home/thomasverwaal/Robust-Rail-NL/mathematical-models/local_search_plans_discreet_120/plan_32_trains_1_units5.json"
"/home/thomasverwaal/Robust-Rail-NL/mathematical-models/scenarios_solver_types_120/scenario_solver_32_trains_1_units5.json","Cost of next node: Cost = 2,632.8 : 2,634.04 | cr=35, dd=32, da=29, tlv=0, sm=64, rd=173.44, cd=0, um=0","Time elapsed: 5.51 seconds","/home/thomasverwaal/Robust-Rail-NL/mathematical-models/local_search_plans_discreet_120/plan_32_trains_1_units5.json"
"/home/thomasverwaal/Robust-Rail-NL/mathematical-models/scenarios_solver_types_120/scenario_solver_32_trains_1_units5.json","Cost of next node: Cost = 2,577.4 : 2,583.71 | cr=32, dd=32, da=27, tlv=1, sm=64, rd=172.50, cd=0, um=0","Time elapsed: 5.76 seconds","/home/thomasverwaal/Robust-Rail-NL/mathematical-models/local_search_plans_discreet_120/plan_32_trains_1_units5.json"
"/home/thomasverwaal/Robust-Rail-NL/mathematical-models/scenarios_solver_types_120/scenario_solver_32_trains_1_units5.json","Cost of next node: Cost = 2,551.3 : 2,557.54 | cr=32, dd=32, da=26, tlv=1, sm=64, rd=168.75, cd=0, um=0","Time elapsed: 6.04 seconds","/home/thomasverwaal/Robust-Rail-NL/mathematical-models/local_search_plans_discreet_120/plan_32_trains_1_units5.json"
"/home/thomasverwaal/Robust-Rail-NL/mathematical-models/scenarios_solver_types_120/scenario_solver_32_trains_1_units5.json","Cost of next node: Cost = 2,437.1 : 2,448.38 | cr=27, dd=32, da=22, tlv=2, sm=64, rd=167.81, cd=0, um=0","Time elapsed: 6.33 seconds","/home/thomasverwaal/Robust-Rail-NL/mathematical-models/local_search_plans_discreet_120/plan_32_trains_1_units5.json"
"/home/thomasverwaal/Robust-Rail-NL/mathematical-models/scenarios_solver_types_120/scenario_solver_32_trains_1_units5.json","Cost of next node: Cost = 2,380.1 : 2,396.38 | cr=28, dd=32, da=18, tlv=3, sm=64, rd=163.12, cd=0, um=0","Time elapsed: 6.62 seconds","/home/thomasverwaal/Robust-Rail-NL/mathematical-models/local_search_plans_discreet_120/plan_32_trains_1_units5.json"
"/home/thomasverwaal/Robust-Rail-NL/mathematical-models/scenarios_solver_types_120/scenario_solver_32_trains_1_units5.json","Cost of next node: Cost = 2,309.4 : 2,330.66 | cr=32, dd=32, da=12, tlv=4, sm=64, rd=157.50, cd=0, um=0","Time elapsed: 6.94 seconds","/home/thomasverwaal/Robust-Rail-NL/mathematical-models/local_search_plans_discreet_120/plan_32_trains_1_units5.json"
"/home/thomasverwaal/Robust-Rail-NL/mathematical-models/scenarios_solver_types_120/scenario_solver_32_trains_1_units5.json","Cost of next node: Cost = 2,283.2 : 2,309.47 | cr=32, dd=32, da=11, tlv=5, sm=64, rd=150.00, cd=0, um=0","Time elapsed: 7.54 seconds","/home/thomasverwaal/Robust-Rail-NL/mathematical-models/local_search_plans_discreet_120/plan_32_trains_1_units5.json"
"/home/thomasverwaal/Robust-Rail-NL/mathematical-models/scenarios_solver_types_120/scenario_solver_32_trains_1_units5.json","Cost of next node: Cost = 2,252.3 : 2,278.59 | cr=31, dd=32, da=10, tlv=5, sm=64, rd=148.12, cd=0, um=0","Time elapsed: 8.39 seconds","/home/thomasverwaal/Robust-Rail-NL/mathematical-models/local_search_plans_discreet_120/plan_32_trains_1_units5.json"
"/home/thomasverwaal/Robust-Rail-NL/mathematical-models/scenarios_solver_types_120/scenario_solver_32_trains_1_units5.json","Cost of next node: Cost = 2,221.5 : 2,247.79 | cr=30, dd=32, da=9, tlv=5, sm=64, rd=146.25, cd=0, um=0","Time elapsed: 8.73 seconds","/home/thomasverwaal/Robust-Rail-NL/mathematical-models/local_search_plans_discreet_120/plan_32_trains_1_units5.json"
"/home/thomasverwaal/Robust-Rail-NL/mathematical-models/scenarios_solver_types_120/scenario_solver_32_trains_1_units5.json","Cost of next node: Cost = 2,195.1 : 2,221.33 | cr=27, dd=32, da=9, tlv=5, sm=64, rd=151.88, cd=0, um=0","Time elapsed: 9.07 seconds","/home/thomasverwaal/Robust-Rail-NL/mathematical-models/local_search_plans_discreet_120/plan_32_trains_1_units5.json"
"/home/thomasverwaal/Robust-Rail-NL/mathematical-models/scenarios_solver_types_120/scenario_solver_32_trains_1_units5.json","Cost of next node: Cost = 2,153.1 : 2,184.41 | cr=27, dd=32, da=7, tlv=6, sm=64, rd=144.38, cd=0, um=0","Time elapsed: 9.37 seconds","/home/thomasverwaal/Robust-Rail-NL/mathematical-models/local_search_plans_discreet_120/plan_32_trains_1_units5.json"
"/home/thomasverwaal/Robust-Rail-NL/mathematical-models/scenarios_solver_types_120/scenario_solver_32_trains_1_units5.json","Cost of next node: Cost = 2,133.1 : 2,164.41 | cr=25, dd=32, da=7, tlv=6, sm=64, rd=144.38, cd=0, um=0","Time elapsed: 9.47 seconds","/home/thomasverwaal/Robust-Rail-NL/mathematical-models/local_search_plans_discreet_120/plan_32_trains_1_units5.json"
"/home/thomasverwaal/Robust-Rail-NL/mathematical-models/scenarios_solver_types_120/scenario_solver_32_trains_1_units5.json","Cost of next node: Cost = 2,110.5 : 2,141.78 | cr=25, dd=32, da=6, tlv=6, sm=64, rd=142.50, cd=0, um=0","Time elapsed: 9.76 seconds","/home/thomasverwaal/Robust-Rail-NL/mathematical-models/local_search_plans_discreet_120/plan_32_trains_1_units5.json"
"/home/thomasverwaal/Robust-Rail-NL/mathematical-models/scenarios_solver_types_120/scenario_solver_32_trains_1_units5.json","Cost of next node: Cost = 2,064.3 : 2,100.59 | cr=23, dd=32, da=5, tlv=7, sm=64, rd=132.19, cd=0, um=0","Time elapsed: 10.17 seconds","/home/thomasverwaal/Robust-Rail-NL/mathematical-models/local_search_plans_discreet_120/plan_32_trains_1_units5.json"
"/home/thomasverwaal/Robust-Rail-NL/mathematical-models/scenarios_solver_types_120/scenario_solver_32_trains_1_units5.json","Cost of next node: Cost = 2,035.9 : 2,072.23 | cr=20, dd=32, da=5, tlv=7, sm=64, rd=133.12, cd=0, um=0","Time elapsed: 10.25 seconds","/home/thomasverwaal/Robust-Rail-NL/mathematical-models/local_search_plans_discreet_120/plan_32_trains_1_units5.json"
"/home/thomasverwaal/Robust-Rail-NL/mathematical-models/scenarios_solver_types_120/scenario_solver_32_trains_1_units5.json","Cost of next node: Cost = 1,934.3 : 1,970.57 | cr=23, dd=30, da=4, tlv=7, sm=64, rd=127.50, cd=0, um=0","Time elapsed: 10.52 seconds","/home/thomasverwaal/Robust-Rail-NL/mathematical-models/local_search_plans_discreet_120/plan_32_trains_1_units5.json"
"/home/thomasverwaal/Robust-Rail-NL/mathematical-models/scenarios_solver_types_120/scenario_solver_32_trains_1_units5.json","Cost of next node: Cost = 1,907.0 : 1,943.26 | cr=25, dd=29, da=4, tlv=7, sm=64, rd=125.62, cd=0, um=0","Time elapsed: 10.67 seconds","/home/thomasverwaal/Robust-Rail-NL/mathematical-models/local_search_plans_discreet_120/plan_32_trains_1_units5.json"
"/home/thomasverwaal/Robust-Rail-NL/mathematical-models/scenarios_solver_types_120/scenario_solver_32_trains_1_units5.json","Cost of next node: Cost = 1,855.7 : 1,892.00 | cr=25, dd=28, da=4, tlv=7, sm=64, rd=125.62, cd=0, um=0","Time elapsed: 10.80 seconds","/home/thomasverwaal/Robust-Rail-NL/mathematical-models/local_search_plans_discreet_120/plan_32_trains_1_units5.json"
"/home/thomasverwaal/Robust-Rail-NL/mathematical-models/scenarios_solver_types_120/scenario_solver_32_trains_1_units5.json","Cost of next node: Cost = 1,815.9 : 1,852.14 | cr=26, dd=27, da=4, tlv=7, sm=64, rd=125.62, cd=0, um=0","Time elapsed: 10.92 seconds","/home/thomasverwaal/Robust-Rail-NL/mathematical-models/local_search_plans_discreet_120/plan_32_trains_1_units5.json"
"/home/thomasverwaal/Robust-Rail-NL/mathematical-models/scenarios_solver_types_120/scenario_solver_32_trains_1_units5.json","Cost of next node: Cost = 1,767.8 : 1,804.07 | cr=26, dd=26, da=4, tlv=7, sm=64, rd=125.62, cd=0, um=0","Time elapsed: 10.98 seconds","/home/thomasverwaal/Robust-Rail-NL/mathematical-models/local_search_plans_discreet_120/plan_32_trains_1_units5.json"
"/home/thomasverwaal/Robust-Rail-NL/mathematical-models/scenarios_solver_types_120/scenario_solver_32_trains_1_units5.json","Cost of next node: Cost = 1,742.8 : 1,784.07 | cr=22, dd=26, da=4, tlv=8, sm=64, rd=125.62, cd=0, um=0","Time elapsed: 11.23 seconds","/home/thomasverwaal/Robust-Rail-NL/mathematical-models/local_search_plans_discreet_120/plan_32_trains_1_units5.json"
"/home/thomasverwaal/Robust-Rail-NL/mathematical-models/scenarios_solver_types_120/scenario_solver_32_trains_1_units5.json","Cost of next node: Cost = 1,657.1 : 1,698.39 | cr=21, dd=25, da=3, tlv=8, sm=64, rd=120.00, cd=0, um=0","Time elapsed: 11.74 seconds","/home/thomasverwaal/Robust-Rail-NL/mathematical-models/local_search_plans_discreet_120/plan_32_trains_1_units5.json"
"/home/thomasverwaal/Robust-Rail-NL/mathematical-models/scenarios_solver_types_120/scenario_solver_32_trains_1_units5.json","Cost of next node: Cost = 1,610.2 : 1,651.47 | cr=21, dd=24, da=3, tlv=8, sm=64, rd=120.00, cd=0, um=0","Time elapsed: 11.80 seconds","/home/thomasverwaal/Robust-Rail-NL/mathematical-models/local_search_plans_discreet_120/plan_32_trains_1_units5.json"
"/home/thomasverwaal/Robust-Rail-NL/mathematical-models/scenarios_solver_types_120/scenario_solver_32_trains_1_units5.json","Cost of next node: Cost = 1,579.8 : 1,621.06 | cr=23, dd=23, da=3, tlv=8, sm=64, rd=114.38, cd=0, um=0","Time elapsed: 12.00 seconds","/home/thomasverwaal/Robust-Rail-NL/mathematical-models/local_search_plans_discreet_120/plan_32_trains_1_units5.json"
"/home/thomasverwaal/Robust-Rail-NL/mathematical-models/scenarios_solver_types_120/scenario_solver_32_trains_1_units5.json","Cost of next node: Cost = 1,530.4 : 1,571.65 | cr=23, dd=22, da=3, tlv=8, sm=64, rd=114.38, cd=0, um=0","Time elapsed: 12.07 seconds","/home/thomasverwaal/Robust-Rail-NL/mathematical-models/local_search_plans_discreet_120/plan_32_trains_1_units5.json"
"/home/thomasverwaal/Robust-Rail-NL/mathematical-models/scenarios_solver_types_120/scenario_solver_32_trains_1_units5.json","Cost of next node: Cost = 1,504.5 : 1,550.74 | cr=19, dd=22, da=3, tlv=9, sm=64, rd=112.50, cd=0, um=0","Time elapsed: 12.25 seconds","/home/thomasverwaal/Robust-Rail-NL/mathematical-models/local_search_plans_discreet_120/plan_32_trains_1_units5.json"
"/home/thomasverwaal/Robust-Rail-NL/mathematical-models/scenarios_solver_types_120/scenario_solver_32_trains_1_units5.json","Cost of next node: Cost = 1,459.2 : 1,510.51 | cr=20, dd=21, da=2, tlv=10, sm=64, rd=106.88, cd=0, um=0","Time elapsed: 12.72 seconds","/home/thomasverwaal/Robust-Rail-NL/mathematical-models/local_search_plans_discreet_120/plan_32_trains_1_units5.json"
"/home/thomasverwaal/Robust-Rail-NL/mathematical-models/scenarios_solver_types_120/scenario_solver_32_trains_1_units5.json","Cost of next node: Cost = 1,434.7 : 1,491.00 | cr=21, dd=20, da=2, tlv=11, sm=64, rd=101.25, cd=0, um=0","Time elapsed: 12.99 seconds","/home/thomasverwaal/Robust-Rail-NL/mathematical-models/local_search_plans_discreet_120/plan_32_trains_1_units5.json"
"/home/thomasverwaal/Robust-Rail-NL/mathematical-models/scenarios_solver_types_120/scenario_solver_32_trains_1_units5.json","Cost of next node: Cost = 1,410.4 : 1,471.68 | cr=22, dd=19, da=2, tlv=12, sm=64, rd=97.50, cd=0, um=0","Time elapsed: 13.27 seconds","/home/thomasverwaal/Robust-Rail-NL/mathematical-models/local_search_plans_discreet_120/plan_32_trains_1_units5.json"
"/home/thomasverwaal/Robust-Rail-NL/mathematical-models/scenarios_solver_types_120/scenario_solver_32_trains_1_units5.json","Cost of next node: Cost = 1,142.7 : 1,208.98 | cr=21, dd=14, da=1, tlv=13, sm=64, rd=93.75, cd=0, um=0","Time elapsed: 13.59 seconds","/home/thomasverwaal/Robust-Rail-NL/mathematical-models/local_search_plans_discreet_120/plan_32_trains_1_units5.json"
"/home/thomasverwaal/Robust-Rail-NL/mathematical-models/scenarios_solver_types_120/scenario_solver_32_trains_1_units5.json","Cost of next node: Cost = 1,093.6 : 1,159.84 | cr=21, dd=13, da=1, tlv=13, sm=64, rd=93.75, cd=0, um=0","Time elapsed: 13.68 seconds","/home/thomasverwaal/Robust-Rail-NL/mathematical-models/local_search_plans_discreet_120/plan_32_trains_1_units5.json"
"/home/thomasverwaal/Robust-Rail-NL/mathematical-models/scenarios_solver_types_120/scenario_solver_32_trains_1_units5.json","Cost of next node: Cost = 1,047.9 : 1,119.21 | cr=20, dd=12, da=1, tlv=14, sm=64, rd=91.88, cd=0, um=0","Time elapsed: 14.09 seconds","/home/thomasverwaal/Robust-Rail-NL/mathematical-models/local_search_plans_discreet_120/plan_32_trains_1_units5.json"
"/home/thomasverwaal/Robust-Rail-NL/mathematical-models/scenarios_solver_types_120/scenario_solver_32_trains_1_units5.json","Cost of next node: Cost = 1,022.9 : 1,089.21 | cr=19, dd=12, da=1, tlv=13, sm=64, rd=93.75, cd=0, um=0","Time elapsed: 14.20 seconds","/home/thomasverwaal/Robust-Rail-NL/mathematical-models/local_search_plans_discreet_120/plan_32_trains_1_units5.json"
"/home/thomasverwaal/Robust-Rail-NL/mathematical-models/scenarios_solver_types_120/scenario_solver_32_trains_1_units5.json","Cost of next node: Cost = 971.7 : 1,037.98 | cr=19, dd=11, da=1, tlv=13, sm=64, rd=93.75, cd=0, um=0","Time elapsed: 14.26 seconds","/home/thomasverwaal/Robust-Rail-NL/mathematical-models/local_search_plans_discreet_120/plan_32_trains_1_units5.json"
"/home/thomasverwaal/Robust-Rail-NL/mathematical-models/scenarios_solver_types_120/scenario_solver_32_trains_1_units5.json","Cost of next node: Cost = 932.3 : 1,003.55 | cr=21, dd=10, da=0, tlv=14, sm=64, rd=92.81, cd=0, um=0","Time elapsed: 14.74 seconds","/home/thomasverwaal/Robust-Rail-NL/mathematical-models/local_search_plans_discreet_120/plan_32_trains_1_units5.json"
"/home/thomasverwaal/Robust-Rail-NL/mathematical-models/scenarios_solver_types_120/scenario_solver_32_trains_1_units5.json","Cost of next node: Cost = 888.5 : 959.74 | cr=17, dd=10, da=0, tlv=14, sm=64, rd=88.12, cd=0, um=0","Time elapsed: 14.90 seconds","/home/thomasverwaal/Robust-Rail-NL/mathematical-models/local_search_plans_discreet_120/plan_32_trains_1_units5.json"
"/home/thomasverwaal/Robust-Rail-NL/mathematical-models/scenarios_solver_types_120/scenario_solver_32_trains_1_units5.json","Cost of next node: Cost = 820.7 : 891.95 | cr=20, dd=8, da=0, tlv=14, sm=64, rd=86.25, cd=0, um=0","Time elapsed: 15.00 seconds","/home/thomasverwaal/Robust-Rail-NL/mathematical-models/local_search_plans_discreet_120/plan_32_trains_1_units5.json"
"/home/thomasverwaal/Robust-Rail-NL/mathematical-models/scenarios_solver_types_120/scenario_solver_32_trains_1_units5.json","Cost of next node: Cost = 645.8 : 722.08 | cr=21, dd=4, da=0, tlv=15, sm=64, rd=81.56, cd=0, um=0","Time elapsed: 15.34 seconds","/home/thomasverwaal/Robust-Rail-NL/mathematical-models/local_search_plans_discreet_120/plan_32_trains_1_units5.json"
"/home/thomasverwaal/Robust-Rail-NL/mathematical-models/scenarios_solver_types_120/scenario_solver_32_trains_1_units5.json","Cost of next node: Cost = 615.8 : 692.08 | cr=18, dd=4, da=0, tlv=15, sm=64, rd=81.56, cd=0, um=0","Time elapsed: 15.44 seconds","/home/thomasverwaal/Robust-Rail-NL/mathematical-models/local_search_plans_discreet_120/plan_32_trains_1_units5.json"
"/home/thomasverwaal/Robust-Rail-NL/mathematical-models/scenarios_solver_types_120/scenario_solver_32_trains_1_units5.json","Cost of next node: Cost = 564.0 : 640.28 | cr=18, dd=3, da=0, tlv=15, sm=64, rd=79.69, cd=0, um=0","Time elapsed: 15.76 seconds","/home/thomasverwaal/Robust-Rail-NL/mathematical-models/local_search_plans_discreet_120/plan_32_trains_1_units5.json"
"/home/thomasverwaal/Robust-Rail-NL/mathematical-models/scenarios_solver_types_120/scenario_solver_32_trains_1_units5.json","Cost of next node: Cost = 534.0 : 610.28 | cr=20, dd=2, da=0, tlv=15, sm=64, rd=81.56, cd=0, um=0","Time elapsed: 16.15 seconds","/home/thomasverwaal/Robust-Rail-NL/mathematical-models/local_search_plans_discreet_120/plan_32_trains_1_units5.json"
"/home/thomasverwaal/Robust-Rail-NL/mathematical-models/scenarios_solver_types_120/scenario_solver_32_trains_1_units5.json","Cost of next node: Cost = 509.0 : 580.28 | cr=19, dd=2, da=0, tlv=14, sm=64, rd=81.56, cd=0, um=0","Time elapsed: 16.41 seconds","/home/thomasverwaal/Robust-Rail-NL/mathematical-models/local_search_plans_discreet_120/plan_32_trains_1_units5.json"
"/home/thomasverwaal/Robust-Rail-NL/mathematical-models/scenarios_solver_types_120/scenario_solver_32_trains_1_units5.json","Cost of next node: Cost = 472.2 : 543.53 | cr=20, dd=0, da=3, tlv=14, sm=64, rd=80.62, cd=0, um=0","Time elapsed: 16.72 seconds","/home/thomasverwaal/Robust-Rail-NL/mathematical-models/local_search_plans_discreet_120/plan_32_trains_1_units5.json"
"/home/thomasverwaal/Robust-Rail-NL/mathematical-models/scenarios_solver_types_120/scenario_solver_32_trains_1_units5.json","Cost of next node: Cost = 429.2 : 495.48 | cr=19, dd=0, da=2, tlv=13, sm=64, rd=88.12, cd=0, um=0","Time elapsed: 16.86 seconds","/home/thomasverwaal/Robust-Rail-NL/mathematical-models/local_search_plans_discreet_120/plan_32_trains_1_units5.json"
"/home/thomasverwaal/Robust-Rail-NL/mathematical-models/scenarios_solver_types_120/scenario_solver_32_trains_1_units5.json","Cost of next node: Cost = 395.9 : 462.18 | cr=18, dd=0, da=1, tlv=13, sm=64, rd=85.31, cd=0, um=0","Time elapsed: 16.98 seconds","/home/thomasverwaal/Robust-Rail-NL/mathematical-models/local_search_plans_discreet_120/plan_32_trains_1_units5.json"
"/home/thomasverwaal/Robust-Rail-NL/mathematical-models/scenarios_solver_types_120/scenario_solver_32_trains_1_units5.json","Cost of next node: Cost = 375.9 : 442.18 | cr=16, dd=0, da=1, tlv=13, sm=64, rd=85.31, cd=0, um=0","Time elapsed: 19.39 seconds","/home/thomasverwaal/Robust-Rail-NL/mathematical-models/local_search_plans_discreet_120/plan_32_trains_1_units5.json"
"/home/thomasverwaal/Robust-Rail-NL/mathematical-models/scenarios_solver_types_120/scenario_solver_32_trains_1_units5.json","Cost of next node: Cost = 355.9 : 422.18 | cr=14, dd=0, da=1, tlv=13, sm=64, rd=85.31, cd=0, um=0","Time elapsed: 21.31 seconds","/home/thomasverwaal/Robust-Rail-NL/mathematical-models/local_search_plans_discreet_120/plan_32_trains_1_units5.json"
"/home/thomasverwaal/Robust-Rail-NL/mathematical-models/scenarios_solver_types_120/scenario_solver_32_trains_1_units5.json","Cost of next node: Cost = 335.9 : 402.18 | cr=12, dd=0, da=1, tlv=13, sm=64, rd=85.31, cd=0, um=0","Time elapsed: 22.91 seconds","/home/thomasverwaal/Robust-Rail-NL/mathematical-models/local_search_plans_discreet_120/plan_32_trains_1_units5.json"
"/home/thomasverwaal/Robust-Rail-NL/mathematical-models/scenarios_solver_types_120/scenario_solver_32_trains_1_units5.json","Cost of next node: Cost = 315.9 : 382.18 | cr=10, dd=0, da=1, tlv=13, sm=64, rd=87.19, cd=0, um=0","Time elapsed: 24.57 seconds","/home/thomasverwaal/Robust-Rail-NL/mathematical-models/local_search_plans_discreet_120/plan_32_trains_1_units5.json"
"/home/thomasverwaal/Robust-Rail-NL/mathematical-models/scenarios_solver_types_120/scenario_solver_32_trains_1_units5.json","Cost of next node: Cost = 305.9 : 372.18 | cr=9, dd=0, da=1, tlv=13, sm=64, rd=87.19, cd=0, um=0","Time elapsed: 26.04 seconds","/home/thomasverwaal/Robust-Rail-NL/mathematical-models/local_search_plans_discreet_120/plan_32_trains_1_units5.json"
"/home/thomasverwaal/Robust-Rail-NL/mathematical-models/scenarios_solver_types_120/scenario_solver_32_trains_1_units5.json","Cost of next node: Cost = 295.9 : 362.18 | cr=8, dd=0, da=1, tlv=13, sm=64, rd=87.19, cd=0, um=0","Time elapsed: 27.36 seconds","/home/thomasverwaal/Robust-Rail-NL/mathematical-models/local_search_plans_discreet_120/plan_32_trains_1_units5.json"
"/home/thomasverwaal/Robust-Rail-NL/mathematical-models/scenarios_solver_types_120/scenario_solver_32_trains_1_units5.json","Cost of next node: Cost = 285.9 : 352.18 | cr=7, dd=0, da=1, tlv=13, sm=64, rd=90.94, cd=0, um=0","Time elapsed: 28.50 seconds","/home/thomasverwaal/Robust-Rail-NL/mathematical-models/local_search_plans_discreet_120/plan_32_trains_1_units5.json"
"/home/thomasverwaal/Robust-Rail-NL/mathematical-models/scenarios_solver_types_120/scenario_solver_32_trains_1_units5.json","Cost of next node: Cost = 280.9 : 352.18 | cr=5, dd=0, da=1, tlv=14, sm=64, rd=90.94, cd=0, um=0","Time elapsed: 31.69 seconds","/home/thomasverwaal/Robust-Rail-NL/mathematical-models/local_search_plans_discreet_120/plan_32_trains_1_units5.json"
"/home/thomasverwaal/Robust-Rail-NL/mathematical-models/scenarios_solver_types_120/scenario_solver_32_trains_1_units5.json","Cost of next node: Cost = 275.9 : 342.18 | cr=6, dd=0, da=1, tlv=13, sm=64, rd=92.81, cd=0, um=0","Time elapsed: 32.89 seconds","/home/thomasverwaal/Robust-Rail-NL/mathematical-models/local_search_plans_discreet_120/plan_32_trains_1_units5.json"
"/home/thomasverwaal/Robust-Rail-NL/mathematical-models/scenarios_solver_types_120/scenario_solver_32_trains_1_units5.json","Cost of next node: Cost = 265.9 : 332.18 | cr=5, dd=0, da=1, tlv=13, sm=64, rd=92.81, cd=0, um=0","Time elapsed: 35.77 seconds","/home/thomasverwaal/Robust-Rail-NL/mathematical-models/local_search_plans_discreet_120/plan_32_trains_1_units5.json"
"/home/thomasverwaal/Robust-Rail-NL/mathematical-models/scenarios_solver_types_120/scenario_solver_32_trains_1_units5.json","Cost of next node: Cost = 260.9 : 322.18 | cr=6, dd=0, da=1, tlv=12, sm=64, rd=96.56, cd=0, um=0","Time elapsed: 56.42 seconds","/home/thomasverwaal/Robust-Rail-NL/mathematical-models/local_search_plans_discreet_120/plan_32_trains_1_units5.json"
"/home/thomasverwaal/Robust-Rail-NL/mathematical-models/scenarios_solver_types_120/scenario_solver_32_trains_1_units5.json","Cost of next node: Cost = 240.9 : 302.20 | cr=4, dd=0, da=1, tlv=12, sm=65, rd=93.23, cd=0, um=0","Time elapsed: 63.98 seconds","/home/thomasverwaal/Robust-Rail-NL/mathematical-models/local_search_plans_discreet_120/plan_32_trains_1_units5.json"
"/home/thomasverwaal/Robust-Rail-NL/mathematical-models/scenarios_solver_types_120/scenario_solver_32_trains_1_units5.json","Cost of next node: Cost = 230.9 : 292.20 | cr=3, dd=0, da=1, tlv=12, sm=65, rd=93.23, cd=0, um=0","Time elapsed: 77.17 seconds","/home/thomasverwaal/Robust-Rail-NL/mathematical-models/local_search_plans_discreet_120/plan_32_trains_1_units5.json"
"/home/thomasverwaal/Robust-Rail-NL/mathematical-models/scenarios_solver_types_120/scenario_solver_32_trains_1_units5.json","NO_COST_FOUND","NO_TIME_FOUND","NO_PLAN_CREATED"
"/home/thomasverwaal/Robust-Rail-NL/mathematical-models/scenarios_solver_types_120/scenario_solver_32_trains_1_units6.json","Cost of next node: Cost = 2,739.4 : 2,740.66 | cr=41, dd=32, da=30, tlv=0, sm=64, rd=180.00, cd=0, um=0","Time elapsed: 4.38 seconds","/home/thomasverwaal/Robust-Rail-NL/mathematical-models/local_search_plans_discreet_120/plan_32_trains_1_units6.json"
"/home/thomasverwaal/Robust-Rail-NL/mathematical-models/scenarios_solver_types_120/scenario_solver_32_trains_1_units6.json","Cost of next node: Cost = 2,712.0 : 2,713.30 | cr=39, dd=32, da=30, tlv=0, sm=64, rd=178.12, cd=0, um=0","Time elapsed: 4.51 seconds","/home/thomasverwaal/Robust-Rail-NL/mathematical-models/local_search_plans_discreet_120/plan_32_trains_1_units6.json"
"/home/thomasverwaal/Robust-Rail-NL/mathematical-models/scenarios_solver_types_120/scenario_solver_32_trains_1_units6.json","Cost of next node: Cost = 2,691.6 : 2,692.84 | cr=37, dd=32, da=30, tlv=0, sm=64, rd=178.12, cd=0, um=0","Time elapsed: 4.79 seconds","/home/thomasverwaal/Robust-Rail-NL/mathematical-models/local_search_plans_discreet_120/plan_32_trains_1_units6.json"
"/home/thomasverwaal/Robust-Rail-NL/mathematical-models/scenarios_solver_types_120/scenario_solver_32_trains_1_units6.json","Cost of next node: Cost = 2,670.8 : 2,672.12 | cr=35, dd=32, da=30, tlv=0, sm=64, rd=178.12, cd=0, um=0","Time elapsed: 5.12 seconds","/home/thomasverwaal/Robust-Rail-NL/mathematical-models/local_search_plans_discreet_120/plan_32_trains_1_units6.json"
"/home/thomasverwaal/Robust-Rail-NL/mathematical-models/scenarios_solver_types_120/scenario_solver_32_trains_1_units6.json","Cost of next node: Cost = 2,545.8 : 2,552.11 | cr=36, dd=32, da=23, tlv=1, sm=64, rd=175.31, cd=0, um=0","Time elapsed: 5.42 seconds","/home/thomasverwaal/Robust-Rail-NL/mathematical-models/local_search_plans_discreet_120/plan_32_trains_1_units6.json"
"/home/thomasverwaal/Robust-Rail-NL/mathematical-models/scenarios_solver_types_120/scenario_solver_32_trains_1_units6.json","Cost of next node: Cost = 2,518.0 : 2,519.29 | cr=35, dd=32, da=23, tlv=0, sm=64, rd=173.44, cd=0, um=0","Time elapsed: 5.71 seconds","/home/thomasverwaal/Robust-Rail-NL/mathematical-models/local_search_plans_discreet_120/plan_32_trains_1_units6.json"
"/home/thomasverwaal/Robust-Rail-NL/mathematical-models/scenarios_solver_types_120/scenario_solver_32_trains_1_units6.json","Cost of next node: Cost = 2,404.1 : 2,405.34 | cr=36, dd=32, da=17, tlv=0, sm=64, rd=166.88, cd=0, um=0","Time elapsed: 6.01 seconds","/home/thomasverwaal/Robust-Rail-NL/mathematical-models/local_search_plans_discreet_120/plan_32_trains_1_units6.json"
"/home/thomasverwaal/Robust-Rail-NL/mathematical-models/scenarios_solver_types_120/scenario_solver_32_trains_1_units6.json","Cost of next node: Cost = 2,381.2 : 2,382.50 | cr=33, dd=32, da=17, tlv=0, sm=64, rd=165.94, cd=0, um=0","Time elapsed: 6.30 seconds","/home/thomasverwaal/Robust-Rail-NL/mathematical-models/local_search_plans_discreet_120/plan_32_trains_1_units6.json"
"/home/thomasverwaal/Robust-Rail-NL/mathematical-models/scenarios_solver_types_120/scenario_solver_32_trains_1_units6.json","Cost of next node: Cost = 2,343.9 : 2,350.22 | cr=34, dd=32, da=14, tlv=1, sm=64, rd=161.25, cd=0, um=0","Time elapsed: 6.60 seconds","/home/thomasverwaal/Robust-Rail-NL/mathematical-models/local_search_plans_discreet_120/plan_32_trains_1_units6.json"
"/home/thomasverwaal/Robust-Rail-NL/mathematical-models/scenarios_solver_types_120/scenario_solver_32_trains_1_units6.json","Cost of next node: Cost = 2,299.7 : 2,310.96 | cr=34, dd=32, da=11, tlv=2, sm=64, rd=157.50, cd=0, um=0","Time elapsed: 6.90 seconds","/home/thomasverwaal/Robust-Rail-NL/mathematical-models/local_search_plans_discreet_120/plan_32_trains_1_units6.json"
"/home/thomasverwaal/Robust-Rail-NL/mathematical-models/scenarios_solver_types_120/scenario_solver_32_trains_1_units6.json","Cost of next node: Cost = 2,270.7 : 2,286.99 | cr=33, dd=32, da=10, tlv=3, sm=64, rd=150.00, cd=0, um=0","Time elapsed: 7.67 seconds","/home/thomasverwaal/Robust-Rail-NL/mathematical-models/local_search_plans_discreet_120/plan_32_trains_1_units6.json"
"/home/thomasverwaal/Robust-Rail-NL/mathematical-models/scenarios_solver_types_120/scenario_solver_32_trains_1_units6.json","Cost of next node: Cost = 2,249.3 : 2,265.54 | cr=31, dd=32, da=10, tlv=3, sm=64, rd=150.00, cd=0, um=0","Time elapsed: 7.74 seconds","/home/thomasverwaal/Robust-Rail-NL/mathematical-models/local_search_plans_discreet_120/plan_32_trains_1_units6.json"
"/home/thomasverwaal/Robust-Rail-NL/mathematical-models/scenarios_solver_types_120/scenario_solver_32_trains_1_units6.json","Cost of next node: Cost = 2,224.3 : 2,245.54 | cr=27, dd=32, da=10, tlv=4, sm=64, rd=150.00, cd=0, um=0","Time elapsed: 8.45 seconds","/home/thomasverwaal/Robust-Rail-NL/mathematical-models/local_search_plans_discreet_120/plan_32_trains_1_units6.json"
"/home/thomasverwaal/Robust-Rail-NL/mathematical-models/scenarios_solver_types_120/scenario_solver_32_trains_1_units6.json","Cost of next node: Cost = 2,202.8 : 2,224.08 | cr=25, dd=32, da=10, tlv=4, sm=64, rd=150.00, cd=0, um=0","Time elapsed: 8.54 seconds","/home/thomasverwaal/Robust-Rail-NL/mathematical-models/local_search_plans_discreet_120/plan_32_trains_1_units6.json"
"/home/thomasverwaal/Robust-Rail-NL/mathematical-models/scenarios_solver_types_120/scenario_solver_32_trains_1_units6.json","Cost of next node: Cost = 2,177.7 : 2,203.99 | cr=23, dd=32, da=10, tlv=5, sm=64, rd=140.62, cd=0, um=0","Time elapsed: 9.50 seconds","/home/thomasverwaal/Robust-Rail-NL/mathematical-models/local_search_plans_discreet_120/plan_32_trains_1_units6.json"
"/home/thomasverwaal/Robust-Rail-NL/mathematical-models/scenarios_solver_types_120/scenario_solver_32_trains_1_units6.json","Cost of next node: Cost = 2,147.7 : 2,173.99 | cr=20, dd=32, da=10, tlv=5, sm=64, rd=140.62, cd=0, um=0","Time elapsed: 9.59 seconds","/home/thomasverwaal/Robust-Rail-NL/mathematical-models/local_search_plans_discreet_120/plan_32_trains_1_units6.json"
"/home/thomasverwaal/Robust-Rail-NL/mathematical-models/scenarios_solver_types_120/scenario_solver_32_trains_1_units6.json","Cost of next node: Cost = 2,118.7 : 2,149.97 | cr=16, dd=32, da=10, tlv=6, sm=64, rd=139.69, cd=0, um=0","Time elapsed: 9.96 seconds","/home/thomasverwaal/Robust-Rail-NL/mathematical-models/local_search_plans_discreet_120/plan_32_trains_1_units6.json"
"/home/thomasverwaal/Robust-Rail-NL/mathematical-models/scenarios_solver_types_120/scenario_solver_32_trains_1_units6.json","Cost of next node: Cost = 2,076.9 : 2,108.23 | cr=13, dd=32, da=10, tlv=6, sm=64, rd=134.06, cd=0, um=0","Time elapsed: 10.31 seconds","/home/thomasverwaal/Robust-Rail-NL/mathematical-models/local_search_plans_discreet_120/plan_32_trains_1_units6.json"
"/home/thomasverwaal/Robust-Rail-NL/mathematical-models/scenarios_solver_types_120/scenario_solver_32_trains_1_units6.json","Cost of next node: Cost = 2,054.7 : 2,090.95 | cr=11, dd=32, da=10, tlv=7, sm=64, rd=126.56, cd=0, um=0","Time elapsed: 10.75 seconds","/home/thomasverwaal/Robust-Rail-NL/mathematical-models/local_search_plans_discreet_120/plan_32_trains_1_units6.json"
"/home/thomasverwaal/Robust-Rail-NL/mathematical-models/scenarios_solver_types_120/scenario_solver_32_trains_1_units6.json","Cost of next node: Cost = 2,024.5 : 2,065.81 | cr=13, dd=31, da=10, tlv=8, sm=64, rd=124.69, cd=0, um=0","Time elapsed: 10.95 seconds","/home/thomasverwaal/Robust-Rail-NL/mathematical-models/local_search_plans_discreet_120/plan_32_trains_1_units6.json"
"/home/thomasverwaal/Robust-Rail-NL/mathematical-models/scenarios_solver_types_120/scenario_solver_32_trains_1_units6.json","Cost of next node: Cost = 1,974.7 : 2,016.03 | cr=13, dd=30, da=10, tlv=8, sm=64, rd=124.69, cd=0, um=0","Time elapsed: 11.04 seconds","/home/thomasverwaal/Robust-Rail-NL/mathematical-models/local_search_plans_discreet_120/plan_32_trains_1_units6.json"
"/home/thomasverwaal/Robust-Rail-NL/mathematical-models/scenarios_solver_types_120/scenario_solver_32_trains_1_units6.json","Cost of next node: Cost = 1,925.1 : 1,966.36 | cr=13, dd=29, da=10, tlv=8, sm=64, rd=124.69, cd=0, um=0","Time elapsed: 11.14 seconds","/home/thomasverwaal/Robust-Rail-NL/mathematical-models/local_search_plans_discreet_120/plan_32_trains_1_units6.json"
"/home/thomasverwaal/Robust-Rail-NL/mathematical-models/scenarios_solver_types_120/scenario_solver_32_trains_1_units6.json","Cost of next node: Cost = 1,875.2 : 1,916.51 | cr=13, dd=28, da=10, tlv=8, sm=64, rd=124.69, cd=0, um=0","Time elapsed: 11.27 seconds","/home/thomasverwaal/Robust-Rail-NL/mathematical-models/local_search_plans_discreet_120/plan_32_trains_1_units6.json"
"/home/thomasverwaal/Robust-Rail-NL/mathematical-models/scenarios_solver_types_120/scenario_solver_32_trains_1_units6.json","Cost of next node: Cost = 1,825.6 : 1,866.88 | cr=13, dd=27, da=10, tlv=8, sm=64, rd=124.69, cd=0, um=0","Time elapsed: 11.34 seconds","/home/thomasverwaal/Robust-Rail-NL/mathematical-models/local_search_plans_discreet_120/plan_32_trains_1_units6.json"
"/home/thomasverwaal/Robust-Rail-NL/mathematical-models/scenarios_solver_types_120/scenario_solver_32_trains_1_units6.json","Cost of next node: Cost = 1,762.4 : 1,803.72 | cr=16, dd=25, da=10, tlv=8, sm=64, rd=132.19, cd=0, um=0","Time elapsed: 11.44 seconds","/home/thomasverwaal/Robust-Rail-NL/mathematical-models/local_search_plans_discreet_120/plan_32_trains_1_units6.json"
"/home/thomasverwaal/Robust-Rail-NL/mathematical-models/scenarios_solver_types_120/scenario_solver_32_trains_1_units6.json","Cost of next node: Cost = 1,713.3 : 1,754.54 | cr=16, dd=24, da=10, tlv=8, sm=64, rd=132.19, cd=0, um=0","Time elapsed: 11.66 seconds","/home/thomasverwaal/Robust-Rail-NL/mathematical-models/local_search_plans_discreet_120/plan_32_trains_1_units6.json"
"/home/thomasverwaal/Robust-Rail-NL/mathematical-models/scenarios_solver_types_120/scenario_solver_32_trains_1_units6.json","Cost of next node: Cost = 1,692.7 : 1,733.98 | cr=15, dd=24, da=10, tlv=8, sm=64, rd=119.06, cd=0, um=0","Time elapsed: 11.76 seconds","/home/thomasverwaal/Robust-Rail-NL/mathematical-models/local_search_plans_discreet_120/plan_32_trains_1_units6.json"
"/home/thomasverwaal/Robust-Rail-NL/mathematical-models/scenarios_solver_types_120/scenario_solver_32_trains_1_units6.json","Cost of next node: Cost = 1,636.7 : 1,682.93 | cr=14, dd=22, da=12, tlv=9, sm=64, rd=120.94, cd=0, um=0","Time elapsed: 11.89 seconds","/home/thomasverwaal/Robust-Rail-NL/mathematical-models/local_search_plans_discreet_120/plan_32_trains_1_units6.json"
"/home/thomasverwaal/Robust-Rail-NL/mathematical-models/scenarios_solver_types_120/scenario_solver_32_trains_1_units6.json","Cost of next node: Cost = 1,587.0 : 1,633.27 | cr=14, dd=21, da=12, tlv=9, sm=64, rd=120.94, cd=0, um=0","Time elapsed: 11.95 seconds","/home/thomasverwaal/Robust-Rail-NL/mathematical-models/local_search_plans_discreet_120/plan_32_trains_1_units6.json"
"/home/thomasverwaal/Robust-Rail-NL/mathematical-models/scenarios_solver_types_120/scenario_solver_32_trains_1_units6.json","Cost of next node: Cost = 1,557.2 : 1,603.50 | cr=16, dd=20, da=12, tlv=9, sm=64, rd=120.94, cd=0, um=0","Time elapsed: 12.03 seconds","/home/thomasverwaal/Robust-Rail-NL/mathematical-models/local_search_plans_discreet_120/plan_32_trains_1_units6.json"
"/home/thomasverwaal/Robust-Rail-NL/mathematical-models/scenarios_solver_types_120/scenario_solver_32_trains_1_units6.json","Cost of next node: Cost = 1,515.1 : 1,561.35 | cr=17, dd=19, da=12, tlv=9, sm=64, rd=120.94, cd=0, um=0","Time elapsed: 12.09 seconds","/home/thomasverwaal/Robust-Rail-NL/mathematical-models/local_search_plans_discreet_120/plan_32_trains_1_units6.json"
"/home/thomasverwaal/Robust-Rail-NL/mathematical-models/scenarios_solver_types_120/scenario_solver_32_trains_1_units6.json","Cost of next node: Cost = 1,457.1 : 1,503.39 | cr=16, dd=18, da=12, tlv=9, sm=64, rd=122.81, cd=0, um=0","Time elapsed: 12.24 seconds","/home/thomasverwaal/Robust-Rail-NL/mathematical-models/local_search_plans_discreet_120/plan_32_trains_1_units6.json"
"/home/thomasverwaal/Robust-Rail-NL/mathematical-models/scenarios_solver_types_120/scenario_solver_32_trains_1_units6.json","Cost of next node: Cost = 1,407.7 : 1,453.96 | cr=15, dd=18, da=10, tlv=9, sm=64, rd=118.12, cd=0, um=0","Time elapsed: 12.34 seconds","/home/thomasverwaal/Robust-Rail-NL/mathematical-models/local_search_plans_discreet_120/plan_32_trains_1_units6.json"
"/home/thomasverwaal/Robust-Rail-NL/mathematical-models/scenarios_solver_types_120/scenario_solver_32_trains_1_units6.json","Cost of next node: Cost = 1,345.8 : 1,392.10 | cr=17, dd=16, da=11, tlv=9, sm=64, rd=121.88, cd=0, um=0","Time elapsed: 12.39 seconds","/home/thomasverwaal/Robust-Rail-NL/mathematical-models/local_search_plans_discreet_120/plan_32_trains_1_units6.json"
"/home/thomasverwaal/Robust-Rail-NL/mathematical-models/scenarios_solver_types_120/scenario_solver_32_trains_1_units6.json","Cost of next node: Cost = 1,320.8 : 1,362.10 | cr=16, dd=16, da=11, tlv=8, sm=64, rd=120.00, cd=0, um=0","Time elapsed: 12.55 seconds","/home/thomasverwaal/Robust-Rail-NL/mathematical-models/local_search_plans_discreet_120/plan_32_trains_1_units6.json"
"/home/thomasverwaal/Robust-Rail-NL/mathematical-models/scenarios_solver_types_120/scenario_solver_32_trains_1_units6.json","Cost of next node: Cost = 1,266.4 : 1,312.66 | cr=14, dd=15, da=11, tlv=9, sm=64, rd=118.12, cd=0, um=0","Time elapsed: 12.67 seconds","/home/thomasverwaal/Robust-Rail-NL/mathematical-models/local_search_plans_discreet_120/plan_32_trains_1_units6.json"
"/home/thomasverwaal/Robust-Rail-NL/mathematical-models/scenarios_solver_types_120/scenario_solver_32_trains_1_units6.json","Cost of next node: Cost = 1,217.0 : 1,263.28 | cr=14, dd=14, da=11, tlv=9, sm=64, rd=114.38, cd=0, um=0","Time elapsed: 12.89 seconds","/home/thomasverwaal/Robust-Rail-NL/mathematical-models/local_search_plans_discreet_120/plan_32_trains_1_units6.json"
"/home/thomasverwaal/Robust-Rail-NL/mathematical-models/scenarios_solver_types_120/scenario_solver_32_trains_1_units6.json","Cost of next node: Cost = 1,172.7 : 1,224.00 | cr=13, dd=13, da=11, tlv=10, sm=64, rd=110.62, cd=0, um=0","Time elapsed: 13.04 seconds","/home/thomasverwaal/Robust-Rail-NL/mathematical-models/local_search_plans_discreet_120/plan_32_trains_1_units6.json"
"/home/thomasverwaal/Robust-Rail-NL/mathematical-models/scenarios_solver_types_120/scenario_solver_32_trains_1_units6.json","Cost of next node: Cost = 1,147.7 : 1,194.00 | cr=12, dd=13, da=11, tlv=9, sm=64, rd=112.50, cd=0, um=0","Time elapsed: 13.13 seconds","/home/thomasverwaal/Robust-Rail-NL/mathematical-models/local_search_plans_discreet_120/plan_32_trains_1_units6.json"
"/home/thomasverwaal/Robust-Rail-NL/mathematical-models/scenarios_solver_types_120/scenario_solver_32_trains_1_units6.json","Cost of next node: Cost = 1,077.5 : 1,128.83 | cr=16, dd=11, da=10, tlv=10, sm=64, rd=106.88, cd=0, um=0","Time elapsed: 13.35 seconds","/home/thomasverwaal/Robust-Rail-NL/mathematical-models/local_search_plans_discreet_120/plan_32_trains_1_units6.json"
"/home/thomasverwaal/Robust-Rail-NL/mathematical-models/scenarios_solver_types_120/scenario_solver_32_trains_1_units6.json","Cost of next node: Cost = 1,047.5 : 1,098.83 | cr=13, dd=11, da=10, tlv=10, sm=64, rd=106.88, cd=0, um=0","Time elapsed: 13.40 seconds","/home/thomasverwaal/Robust-Rail-NL/mathematical-models/local_search_plans_discreet_120/plan_32_trains_1_units6.json"
"/home/thomasverwaal/Robust-Rail-NL/mathematical-models/scenarios_solver_types_120/scenario_solver_32_trains_1_units6.json","Cost of next node: Cost = 996.6 : 1,052.86 | cr=14, dd=10, da=9, tlv=11, sm=64, rd=101.25, cd=0, um=0","Time elapsed: 13.78 seconds","/home/thomasverwaal/Robust-Rail-NL/mathematical-models/local_search_plans_discreet_120/plan_32_trains_1_units6.json"
"/home/thomasverwaal/Robust-Rail-NL/mathematical-models/scenarios_solver_types_120/scenario_solver_32_trains_1_units6.json","Cost of next node: Cost = 968.1 : 1,024.36 | cr=16, dd=9, da=9, tlv=11, sm=64, rd=101.25, cd=0, um=0","Time elapsed: 13.85 seconds","/home/thomasverwaal/Robust-Rail-NL/mathematical-models/local_search_plans_discreet_120/plan_32_trains_1_units6.json"
"/home/thomasverwaal/Robust-Rail-NL/mathematical-models/scenarios_solver_types_120/scenario_solver_32_trains_1_units6.json","Cost of next node: Cost = 838.2 : 899.53 | cr=14, dd=7, da=8, tlv=12, sm=64, rd=95.62, cd=0, um=0","Time elapsed: 14.10 seconds","/home/thomasverwaal/Robust-Rail-NL/mathematical-models/local_search_plans_discreet_120/plan_32_trains_1_units6.json"
"/home/thomasverwaal/Robust-Rail-NL/mathematical-models/scenarios_solver_types_120/scenario_solver_32_trains_1_units6.json","Cost of next node: Cost = 576.0 : 637.28 | cr=13, dd=4, da=3, tlv=12, sm=64, rd=90.00, cd=0, um=0","Time elapsed: 14.38 seconds","/home/thomasverwaal/Robust-Rail-NL/mathematical-models/local_search_plans_discreet_120/plan_32_trains_1_units6.json"
"/home/thomasverwaal/Robust-Rail-NL/mathematical-models/scenarios_solver_types_120/scenario_solver_32_trains_1_units6.json","Cost of next node: Cost = 511.3 : 577.58 | cr=12, dd=3, da=2, tlv=13, sm=64, rd=86.25, cd=0, um=0","Time elapsed: 14.80 seconds","/home/thomasverwaal/Robust-Rail-NL/mathematical-models/local_search_plans_discreet_120/plan_32_trains_1_units6.json"
"/home/thomasverwaal/Robust-Rail-NL/mathematical-models/scenarios_solver_types_120/scenario_solver_32_trains_1_units6.json","Cost of next node: Cost = 491.3 : 557.58 | cr=10, dd=3, da=2, tlv=13, sm=64, rd=86.25, cd=0, um=0","Time elapsed: 18.62 seconds","/home/thomasverwaal/Robust-Rail-NL/mathematical-models/local_search_plans_discreet_120/plan_32_trains_1_units6.json"
"/home/thomasverwaal/Robust-Rail-NL/mathematical-models/scenarios_solver_types_120/scenario_solver_32_trains_1_units6.json","Cost of next node: Cost = 481.3 : 547.58 | cr=9, dd=3, da=2, tlv=13, sm=64, rd=86.25, cd=0, um=0","Time elapsed: 21.51 seconds","/home/thomasverwaal/Robust-Rail-NL/mathematical-models/local_search_plans_discreet_120/plan_32_trains_1_units6.json"
"/home/thomasverwaal/Robust-Rail-NL/mathematical-models/scenarios_solver_types_120/scenario_solver_32_trains_1_units6.json","Cost of next node: Cost = 471.3 : 537.58 | cr=8, dd=3, da=2, tlv=13, sm=64, rd=86.25, cd=0, um=0","Time elapsed: 24.33 seconds","/home/thomasverwaal/Robust-Rail-NL/mathematical-models/local_search_plans_discreet_120/plan_32_trains_1_units6.json"
"/home/thomasverwaal/Robust-Rail-NL/mathematical-models/scenarios_solver_types_120/scenario_solver_32_trains_1_units6.json","Cost of next node: Cost = 461.3 : 527.58 | cr=9, dd=3, da=1, tlv=13, sm=64, rd=86.25, cd=0, um=0","Time elapsed: 26.87 seconds","/home/thomasverwaal/Robust-Rail-NL/mathematical-models/local_search_plans_discreet_120/plan_32_trains_1_units6.json"
"/home/thomasverwaal/Robust-Rail-NL/mathematical-models/scenarios_solver_types_120/scenario_solver_32_trains_1_units6.json","Cost of next node: Cost = 290.0 : 361.28 | cr=8, dd=0, da=0, tlv=14, sm=64, rd=80.62, cd=0, um=0","Time elapsed: 27.04 seconds","/home/thomasverwaal/Robust-Rail-NL/mathematical-models/local_search_plans_discreet_120/plan_32_trains_1_units6.json"
"/home/thomasverwaal/Robust-Rail-NL/mathematical-models/scenarios_solver_types_120/scenario_solver_32_trains_1_units6.json","Cost of next node: Cost = 280.0 : 351.28 | cr=7, dd=0, da=0, tlv=14, sm=64, rd=80.62, cd=0, um=0","Time elapsed: 51.49 seconds","/home/thomasverwaal/Robust-Rail-NL/mathematical-models/local_search_plans_discreet_120/plan_32_trains_1_units6.json"
"/home/thomasverwaal/Robust-Rail-NL/mathematical-models/scenarios_solver_types_120/scenario_solver_32_trains_1_units6.json","Cost of next node: Cost = 270.0 : 341.28 | cr=6, dd=0, da=0, tlv=14, sm=64, rd=80.62, cd=0, um=0","Time elapsed: 54.20 seconds","/home/thomasverwaal/Robust-Rail-NL/mathematical-models/local_search_plans_discreet_120/plan_32_trains_1_units6.json"
"/home/thomasverwaal/Robust-Rail-NL/mathematical-models/scenarios_solver_types_120/scenario_solver_32_trains_1_units6.json","Cost of next node: Cost = 260.0 : 331.28 | cr=5, dd=0, da=0, tlv=14, sm=64, rd=80.62, cd=0, um=0","Time elapsed: 56.48 seconds","/home/thomasverwaal/Robust-Rail-NL/mathematical-models/local_search_plans_discreet_120/plan_32_trains_1_units6.json"
"/home/thomasverwaal/Robust-Rail-NL/mathematical-models/scenarios_solver_types_120/scenario_solver_32_trains_1_units6.json","Cost of next node: Cost = 255.0 : 321.28 | cr=6, dd=0, da=0, tlv=13, sm=64, rd=84.38, cd=0, um=0","Time elapsed: 65.21 seconds","/home/thomasverwaal/Robust-Rail-NL/mathematical-models/local_search_plans_discreet_120/plan_32_trains_1_units6.json"
"/home/thomasverwaal/Robust-Rail-NL/mathematical-models/scenarios_solver_types_120/scenario_solver_32_trains_1_units6.json","Cost of next node: Cost = 245.0 : 311.28 | cr=5, dd=0, da=0, tlv=13, sm=64, rd=84.38, cd=0, um=0","Time elapsed: 72.47 seconds","/home/thomasverwaal/Robust-Rail-NL/mathematical-models/local_search_plans_discreet_120/plan_32_trains_1_units6.json"
"/home/thomasverwaal/Robust-Rail-NL/mathematical-models/scenarios_solver_types_120/scenario_solver_32_trains_1_units6.json","Cost of next node: Cost = 235.0 : 301.28 | cr=4, dd=0, da=0, tlv=13, sm=64, rd=86.25, cd=0, um=0","Time elapsed: 74.01 seconds","/home/thomasverwaal/Robust-Rail-NL/mathematical-models/local_search_plans_discreet_120/plan_32_trains_1_units6.json"
"/home/thomasverwaal/Robust-Rail-NL/mathematical-models/scenarios_solver_types_120/scenario_solver_32_trains_1_units6.json","Cost of next node: Cost = 225.0 : 291.28 | cr=3, dd=0, da=0, tlv=13, sm=64, rd=86.25, cd=0, um=0","Time elapsed: 75.43 seconds","/home/thomasverwaal/Robust-Rail-NL/mathematical-models/local_search_plans_discreet_120/plan_32_trains_1_units6.json"
"/home/thomasverwaal/Robust-Rail-NL/mathematical-models/scenarios_solver_types_120/scenario_solver_32_trains_1_units6.json","Cost of next node: Cost = 215.0 : 281.32 | cr=2, dd=0, da=0, tlv=13, sm=66, rd=87.27, cd=0, um=0","Time elapsed: 87.97 seconds","/home/thomasverwaal/Robust-Rail-NL/mathematical-models/local_search_plans_discreet_120/plan_32_trains_1_units6.json"
"/home/thomasverwaal/Robust-Rail-NL/mathematical-models/scenarios_solver_types_120/scenario_solver_32_trains_1_units6.json","Cost of next node: Cost = 205.0 : 271.32 | cr=1, dd=0, da=0, tlv=13, sm=66, rd=87.27, cd=0, um=0","Time elapsed: 94.31 seconds","/home/thomasverwaal/Robust-Rail-NL/mathematical-models/local_search_plans_discreet_120/plan_32_trains_1_units6.json"
"/home/thomasverwaal/Robust-Rail-NL/mathematical-models/scenarios_solver_types_120/scenario_solver_32_trains_1_units6.json","Cost of next node: Cost = 195.0 : 261.32 | cr=0, dd=0, da=0, tlv=13, sm=66, rd=85.45, cd=0, um=0","Time elapsed: 140.97 seconds","/home/thomasverwaal/Robust-Rail-NL/mathematical-models/local_search_plans_discreet_120/plan_32_trains_1_units6.json"
"/home/thomasverwaal/Robust-Rail-NL/mathematical-models/scenarios_solver_types_120/scenario_solver_32_trains_1_units6.json","NO_COST_FOUND","NO_TIME_FOUND","NO_PLAN_CREATED"
"/home/thomasverwaal/Robust-Rail-NL/mathematical-models/scenarios_solver_types_120/scenario_solver_32_trains_1_units7.json","Cost of next node: Cost = 2,757.5 : 2,758.75 | cr=41, dd=32, da=30, tlv=0, sm=64, rd=180.00, cd=0, um=0","Time elapsed: 4.44 seconds","/home/thomasverwaal/Robust-Rail-NL/mathematical-models/local_search_plans_discreet_120/plan_32_trains_1_units7.json"
"/home/thomasverwaal/Robust-Rail-NL/mathematical-models/scenarios_solver_types_120/scenario_solver_32_trains_1_units7.json","Cost of next node: Cost = 2,730.1 : 2,731.39 | cr=39, dd=32, da=30, tlv=0, sm=64, rd=178.12, cd=0, um=0","Time elapsed: 4.59 seconds","/home/thomasverwaal/Robust-Rail-NL/mathematical-models/local_search_plans_discreet_120/plan_32_trains_1_units7.json"
"/home/thomasverwaal/Robust-Rail-NL/mathematical-models/scenarios_solver_types_120/scenario_solver_32_trains_1_units7.json","Cost of next node: Cost = 2,709.6 : 2,710.93 | cr=37, dd=32, da=30, tlv=0, sm=64, rd=178.12, cd=0, um=0","Time elapsed: 4.91 seconds","/home/thomasverwaal/Robust-Rail-NL/mathematical-models/local_search_plans_discreet_120/plan_32_trains_1_units7.json"
"/home/thomasverwaal/Robust-Rail-NL/mathematical-models/scenarios_solver_types_120/scenario_solver_32_trains_1_units7.json","Cost of next node: Cost = 2,688.9 : 2,690.20 | cr=35, dd=32, da=30, tlv=0, sm=64, rd=178.12, cd=0, um=0","Time elapsed: 5.21 seconds","/home/thomasverwaal/Robust-Rail-NL/mathematical-models/local_search_plans_discreet_120/plan_32_trains_1_units7.json"
"/home/thomasverwaal/Robust-Rail-NL/mathematical-models/scenarios_solver_types_120/scenario_solver_32_trains_1_units7.json","Cost of next node: Cost = 2,646.2 : 2,647.52 | cr=35, dd=32, da=29, tlv=0, sm=64, rd=173.44, cd=0, um=0","Time elapsed: 5.57 seconds","/home/thomasverwaal/Robust-Rail-NL/mathematical-models/local_search_plans_discreet_120/plan_32_trains_1_units7.json"
"/home/thomasverwaal/Robust-Rail-NL/mathematical-models/scenarios_solver_types_120/scenario_solver_32_trains_1_units7.json","Cost of next node: Cost = 2,614.4 : 2,615.69 | cr=32, dd=32, da=29, tlv=0, sm=64, rd=174.38, cd=0, um=0","Time elapsed: 5.86 seconds","/home/thomasverwaal/Robust-Rail-NL/mathematical-models/local_search_plans_discreet_120/plan_32_trains_1_units7.json"
"/home/thomasverwaal/Robust-Rail-NL/mathematical-models/scenarios_solver_types_120/scenario_solver_32_trains_1_units7.json","Cost of next node: Cost = 2,565.1 : 2,566.37 | cr=32, dd=32, da=27, tlv=0, sm=64, rd=170.62, cd=0, um=0","Time elapsed: 6.12 seconds","/home/thomasverwaal/Robust-Rail-NL/mathematical-models/local_search_plans_discreet_120/plan_32_trains_1_units7.json"
"/home/thomasverwaal/Robust-Rail-NL/mathematical-models/scenarios_solver_types_120/scenario_solver_32_trains_1_units7.json","Cost of next node: Cost = 2,439.7 : 2,445.97 | cr=27, dd=32, da=22, tlv=1, sm=64, rd=169.69, cd=0, um=0","Time elapsed: 6.40 seconds","/home/thomasverwaal/Robust-Rail-NL/mathematical-models/local_search_plans_discreet_120/plan_32_trains_1_units7.json"
"/home/thomasverwaal/Robust-Rail-NL/mathematical-models/scenarios_solver_types_120/scenario_solver_32_trains_1_units7.json","Cost of next node: Cost = 2,387.7 : 2,393.95 | cr=33, dd=32, da=17, tlv=1, sm=64, rd=165.94, cd=0, um=0","Time elapsed: 6.70 seconds","/home/thomasverwaal/Robust-Rail-NL/mathematical-models/local_search_plans_discreet_120/plan_32_trains_1_units7.json"
"/home/thomasverwaal/Robust-Rail-NL/mathematical-models/scenarios_solver_types_120/scenario_solver_32_trains_1_units7.json","Cost of next node: Cost = 2,341.6 : 2,352.88 | cr=33, dd=32, da=14, tlv=2, sm=64, rd=162.19, cd=0, um=0","Time elapsed: 7.00 seconds","/home/thomasverwaal/Robust-Rail-NL/mathematical-models/local_search_plans_discreet_120/plan_32_trains_1_units7.json"
"/home/thomasverwaal/Robust-Rail-NL/mathematical-models/scenarios_solver_types_120/scenario_solver_32_trains_1_units7.json","Cost of next node: Cost = 2,321.5 : 2,332.83 | cr=32, dd=32, da=14, tlv=2, sm=64, rd=160.31, cd=0, um=0","Time elapsed: 7.37 seconds","/home/thomasverwaal/Robust-Rail-NL/mathematical-models/local_search_plans_discreet_120/plan_32_trains_1_units7.json"
"/home/thomasverwaal/Robust-Rail-NL/mathematical-models/scenarios_solver_types_120/scenario_solver_32_trains_1_units7.json","Cost of next node: Cost = 2,299.1 : 2,310.42 | cr=32, dd=32, da=13, tlv=2, sm=64, rd=156.56, cd=0, um=0","Time elapsed: 7.98 seconds","/home/thomasverwaal/Robust-Rail-NL/mathematical-models/local_search_plans_discreet_120/plan_32_trains_1_units7.json"
"/home/thomasverwaal/Robust-Rail-NL/mathematical-models/scenarios_solver_types_120/scenario_solver_32_trains_1_units7.json","Cost of next node: Cost = 2,274.1 : 2,290.42 | cr=28, dd=32, da=13, tlv=3, sm=64, rd=156.56, cd=0, um=0","Time elapsed: 8.81 seconds","/home/thomasverwaal/Robust-Rail-NL/mathematical-models/local_search_plans_discreet_120/plan_32_trains_1_units7.json"
"/home/thomasverwaal/Robust-Rail-NL/mathematical-models/scenarios_solver_types_120/scenario_solver_32_trains_1_units7.json","Cost of next node: Cost = 2,242.5 : 2,258.79 | cr=25, dd=32, da=13, tlv=3, sm=64, rd=156.56, cd=0, um=0","Time elapsed: 8.91 seconds","/home/thomasverwaal/Robust-Rail-NL/mathematical-models/local_search_plans_discreet_120/plan_32_trains_1_units7.json"
"/home/thomasverwaal/Robust-Rail-NL/mathematical-models/scenarios_solver_types_120/scenario_solver_32_trains_1_units7.json","Cost of next node: Cost = 2,218.1 : 2,239.40 | cr=23, dd=32, da=13, tlv=4, sm=64, rd=147.19, cd=0, um=0","Time elapsed: 9.95 seconds","/home/thomasverwaal/Robust-Rail-NL/mathematical-models/local_search_plans_discreet_120/plan_32_trains_1_units7.json"
"/home/thomasverwaal/Robust-Rail-NL/mathematical-models/scenarios_solver_types_120/scenario_solver_32_trains_1_units7.json","Cost of next node: Cost = 2,192.1 : 2,218.42 | cr=20, dd=32, da=13, tlv=5, sm=64, rd=141.56, cd=0, um=0","Time elapsed: 10.60 seconds","/home/thomasverwaal/Robust-Rail-NL/mathematical-models/local_search_plans_discreet_120/plan_32_trains_1_units7.json"
"/home/thomasverwaal/Robust-Rail-NL/mathematical-models/scenarios_solver_types_120/scenario_solver_32_trains_1_units7.json","Cost of next node: Cost = 2,150.5 : 2,176.82 | cr=17, dd=32, da=13, tlv=5, sm=64, rd=135.94, cd=0, um=0","Time elapsed: 10.90 seconds","/home/thomasverwaal/Robust-Rail-NL/mathematical-models/local_search_plans_discreet_120/plan_32_trains_1_units7.json"
"/home/thomasverwaal/Robust-Rail-NL/mathematical-models/scenarios_solver_types_120/scenario_solver_32_trains_1_units7.json","Cost of next node: Cost = 2,060.6 : 2,091.90 | cr=19, dd=30, da=13, tlv=6, sm=64, rd=128.44, cd=0, um=0","Time elapsed: 11.21 seconds","/home/thomasverwaal/Robust-Rail-NL/mathematical-models/local_search_plans_discreet_120/plan_32_trains_1_units7.json"
"/home/thomasverwaal/Robust-Rail-NL/mathematical-models/scenarios_solver_types_120/scenario_solver_32_trains_1_units7.json","Cost of next node: Cost = 2,019.7 : 2,050.98 | cr=20, dd=29, da=13, tlv=6, sm=64, rd=126.56, cd=0, um=0","Time elapsed: 11.26 seconds","/home/thomasverwaal/Robust-Rail-NL/mathematical-models/local_search_plans_discreet_120/plan_32_trains_1_units7.json"
"/home/thomasverwaal/Robust-Rail-NL/mathematical-models/scenarios_solver_types_120/scenario_solver_32_trains_1_units7.json","Cost of next node: Cost = 1,969.7 : 2,001.03 | cr=20, dd=28, da=13, tlv=6, sm=64, rd=126.56, cd=0, um=0","Time elapsed: 11.46 seconds","/home/thomasverwaal/Robust-Rail-NL/mathematical-models/local_search_plans_discreet_120/plan_32_trains_1_units7.json"
"/home/thomasverwaal/Robust-Rail-NL/mathematical-models/scenarios_solver_types_120/scenario_solver_32_trains_1_units7.json","Cost of next node: Cost = 1,944.2 : 1,975.47 | cr=23, dd=27, da=13, tlv=6, sm=64, rd=124.69, cd=0, um=0","Time elapsed: 11.61 seconds","/home/thomasverwaal/Robust-Rail-NL/mathematical-models/local_search_plans_discreet_120/plan_32_trains_1_units7.json"
"/home/thomasverwaal/Robust-Rail-NL/mathematical-models/scenarios_solver_types_120/scenario_solver_32_trains_1_units7.json","Cost of next node: Cost = 1,848.3 : 1,879.63 | cr=23, dd=25, da=13, tlv=6, sm=64, rd=124.69, cd=0, um=0","Time elapsed: 11.68 seconds","/home/thomasverwaal/Robust-Rail-NL/mathematical-models/local_search_plans_discreet_120/plan_32_trains_1_units7.json"
"/home/thomasverwaal/Robust-Rail-NL/mathematical-models/scenarios_solver_types_120/scenario_solver_32_trains_1_units7.json","Cost of next node: Cost = 1,783.2 : 1,819.48 | cr=22, dd=24, da=12, tlv=7, sm=64, rd=120.94, cd=0, um=0","Time elapsed: 12.06 seconds","/home/thomasverwaal/Robust-Rail-NL/mathematical-models/local_search_plans_discreet_120/plan_32_trains_1_units7.json"
"/home/thomasverwaal/Robust-Rail-NL/mathematical-models/scenarios_solver_types_120/scenario_solver_32_trains_1_units7.json","Cost of next node: Cost = 1,733.6 : 1,769.91 | cr=22, dd=23, da=12, tlv=7, sm=64, rd=120.94, cd=0, um=0","Time elapsed: 12.20 seconds","/home/thomasverwaal/Robust-Rail-NL/mathematical-models/local_search_plans_discreet_120/plan_32_trains_1_units7.json"
"/home/thomasverwaal/Robust-Rail-NL/mathematical-models/scenarios_solver_types_120/scenario_solver_32_trains_1_units7.json","Cost of next node: Cost = 1,712.5 : 1,748.79 | cr=20, dd=23, da=12, tlv=7, sm=64, rd=120.94, cd=0, um=0","Time elapsed: 12.32 seconds","/home/thomasverwaal/Robust-Rail-NL/mathematical-models/local_search_plans_discreet_120/plan_32_trains_1_units7.json"
"/home/thomasverwaal/Robust-Rail-NL/mathematical-models/scenarios_solver_types_120/scenario_solver_32_trains_1_units7.json","Cost of next node: Cost = 1,661.7 : 1,698.01 | cr=20, dd=22, da=12, tlv=7, sm=64, rd=120.94, cd=0, um=0","Time elapsed: 12.42 seconds","/home/thomasverwaal/Robust-Rail-NL/mathematical-models/local_search_plans_discreet_120/plan_32_trains_1_units7.json"
"/home/thomasverwaal/Robust-Rail-NL/mathematical-models/scenarios_solver_types_120/scenario_solver_32_trains_1_units7.json","Cost of next node: Cost = 1,610.2 : 1,646.46 | cr=20, dd=21, da=12, tlv=7, sm=64, rd=121.88, cd=0, um=0","Time elapsed: 12.48 seconds","/home/thomasverwaal/Robust-Rail-NL/mathematical-models/local_search_plans_discreet_120/plan_32_trains_1_units7.json"
"/home/thomasverwaal/Robust-Rail-NL/mathematical-models/scenarios_solver_types_120/scenario_solver_32_trains_1_units7.json","Cost of next node: Cost = 1,460.6 : 1,496.88 | cr=20, dd=18, da=12, tlv=7, sm=64, rd=121.88, cd=0, um=0","Time elapsed: 12.55 seconds","/home/thomasverwaal/Robust-Rail-NL/mathematical-models/local_search_plans_discreet_120/plan_32_trains_1_units7.json"
"/home/thomasverwaal/Robust-Rail-NL/mathematical-models/scenarios_solver_types_120/scenario_solver_32_trains_1_units7.json","Cost of next node: Cost = 1,430.7 : 1,466.94 | cr=21, dd=18, da=10, tlv=7, sm=64, rd=120.00, cd=0, um=0","Time elapsed: 12.92 seconds","/home/thomasverwaal/Robust-Rail-NL/mathematical-models/local_search_plans_discreet_120/plan_32_trains_1_units7.json"
"/home/thomasverwaal/Robust-Rail-NL/mathematical-models/scenarios_solver_types_120/scenario_solver_32_trains_1_units7.json","Cost of next node: Cost = 1,391.1 : 1,427.35 | cr=22, dd=17, da=10, tlv=7, sm=64, rd=120.00, cd=0, um=0","Time elapsed: 13.07 seconds","/home/thomasverwaal/Robust-Rail-NL/mathematical-models/local_search_plans_discreet_120/plan_32_trains_1_units7.json"
"/home/thomasverwaal/Robust-Rail-NL/mathematical-models/scenarios_solver_types_120/scenario_solver_32_trains_1_units7.json","Cost of next node: Cost = 1,291.1 : 1,327.39 | cr=22, dd=15, da=10, tlv=7, sm=64, rd=120.00, cd=0, um=0","Time elapsed: 13.27 seconds","/home/thomasverwaal/Robust-Rail-NL/mathematical-models/local_search_plans_discreet_120/plan_32_trains_1_units7.json"
"/home/thomasverwaal/Robust-Rail-NL/mathematical-models/scenarios_solver_types_120/scenario_solver_32_trains_1_units7.json","Cost of next node: Cost = 1,233.6 : 1,274.92 | cr=22, dd=14, da=9, tlv=8, sm=64, rd=118.12, cd=0, um=0","Time elapsed: 13.56 seconds","/home/thomasverwaal/Robust-Rail-NL/mathematical-models/local_search_plans_discreet_120/plan_32_trains_1_units7.json"
"/home/thomasverwaal/Robust-Rail-NL/mathematical-models/scenarios_solver_types_120/scenario_solver_32_trains_1_units7.json","Cost of next node: Cost = 1,119.5 : 1,165.76 | cr=21, dd=12, da=8, tlv=9, sm=64, rd=114.38, cd=0, um=0","Time elapsed: 13.84 seconds","/home/thomasverwaal/Robust-Rail-NL/mathematical-models/local_search_plans_discreet_120/plan_32_trains_1_units7.json"
"/home/thomasverwaal/Robust-Rail-NL/mathematical-models/scenarios_solver_types_120/scenario_solver_32_trains_1_units7.json","Cost of next node: Cost = 1,062.1 : 1,113.40 | cr=20, dd=12, da=5, tlv=10, sm=64, rd=118.12, cd=0, um=0","Time elapsed: 13.94 seconds","/home/thomasverwaal/Robust-Rail-NL/mathematical-models/local_search_plans_discreet_120/plan_32_trains_1_units7.json"
"/home/thomasverwaal/Robust-Rail-NL/mathematical-models/scenarios_solver_types_120/scenario_solver_32_trains_1_units7.json","Cost of next node: Cost = 1,037.1 : 1,083.40 | cr=19, dd=12, da=5, tlv=9, sm=64, rd=118.12, cd=0, um=0","Time elapsed: 14.15 seconds","/home/thomasverwaal/Robust-Rail-NL/mathematical-models/local_search_plans_discreet_120/plan_32_trains_1_units7.json"
"/home/thomasverwaal/Robust-Rail-NL/mathematical-models/scenarios_solver_types_120/scenario_solver_32_trains_1_units7.json","Cost of next node: Cost = 975.8 : 1,022.05 | cr=17, dd=12, da=3, tlv=9, sm=64, rd=112.50, cd=0, um=0","Time elapsed: 14.44 seconds","/home/thomasverwaal/Robust-Rail-NL/mathematical-models/local_search_plans_discreet_120/plan_32_trains_1_units7.json"
"/home/thomasverwaal/Robust-Rail-NL/mathematical-models/scenarios_solver_types_120/scenario_solver_32_trains_1_units7.json","Cost of next node: Cost = 834.5 : 880.83 | cr=15, dd=10, da=2, tlv=9, sm=64, rd=108.75, cd=0, um=0","Time elapsed: 14.78 seconds","/home/thomasverwaal/Robust-Rail-NL/mathematical-models/local_search_plans_discreet_120/plan_32_trains_1_units7.json"
"/home/thomasverwaal/Robust-Rail-NL/mathematical-models/scenarios_solver_types_120/scenario_solver_32_trains_1_units7.json","Cost of next node: Cost = 662.8 : 714.05 | cr=16, dd=6, da=2, tlv=10, sm=64, rd=104.06, cd=0, um=0","Time elapsed: 15.04 seconds","/home/thomasverwaal/Robust-Rail-NL/mathematical-models/local_search_plans_discreet_120/plan_32_trains_1_units7.json"
"/home/thomasverwaal/Robust-Rail-NL/mathematical-models/scenarios_solver_types_120/scenario_solver_32_trains_1_units7.json","Cost of next node: Cost = 524.8 : 576.08 | cr=13, dd=4, da=2, tlv=10, sm=64, rd=99.38, cd=0, um=0","Time elapsed: 15.12 seconds","/home/thomasverwaal/Robust-Rail-NL/mathematical-models/local_search_plans_discreet_120/plan_32_trains_1_units7.json"
"/home/thomasverwaal/Robust-Rail-NL/mathematical-models/scenarios_solver_types_120/scenario_solver_32_trains_1_units7.json","Cost of next node: Cost = 474.2 : 525.48 | cr=13, dd=3, da=2, tlv=10, sm=64, rd=99.38, cd=0, um=0","Time elapsed: 15.25 seconds","/home/thomasverwaal/Robust-Rail-NL/mathematical-models/local_search_plans_discreet_120/plan_32_trains_1_units7.json"
"/home/thomasverwaal/Robust-Rail-NL/mathematical-models/scenarios_solver_types_120/scenario_solver_32_trains_1_units7.json","Cost of next node: Cost = 454.2 : 505.48 | cr=11, dd=3, da=2, tlv=10, sm=64, rd=99.38, cd=0, um=0","Time elapsed: 17.90 seconds","/home/thomasverwaal/Robust-Rail-NL/mathematical-models/local_search_plans_discreet_120/plan_32_trains_1_units7.json"
"/home/thomasverwaal/Robust-Rail-NL/mathematical-models/scenarios_solver_types_120/scenario_solver_32_trains_1_units7.json","Cost of next node: Cost = 444.2 : 495.48 | cr=10, dd=3, da=2, tlv=10, sm=64, rd=101.25, cd=0, um=0","Time elapsed: 19.91 seconds","/home/thomasverwaal/Robust-Rail-NL/mathematical-models/local_search_plans_discreet_120/plan_32_trains_1_units7.json"
"/home/thomasverwaal/Robust-Rail-NL/mathematical-models/scenarios_solver_types_120/scenario_solver_32_trains_1_units7.json","Cost of next node: Cost = 434.2 : 485.48 | cr=9, dd=3, da=2, tlv=10, sm=64, rd=101.25, cd=0, um=0","Time elapsed: 21.65 seconds","/home/thomasverwaal/Robust-Rail-NL/mathematical-models/local_search_plans_discreet_120/plan_32_trains_1_units7.json"
"/home/thomasverwaal/Robust-Rail-NL/mathematical-models/scenarios_solver_types_120/scenario_solver_32_trains_1_units7.json","Cost of next node: Cost = 393.2 : 444.48 | cr=10, dd=2, da=2, tlv=10, sm=64, rd=101.25, cd=0, um=0","Time elapsed: 21.76 seconds","/home/thomasverwaal/Robust-Rail-NL/mathematical-models/local_search_plans_discreet_120/plan_32_trains_1_units7.json"
"/home/thomasverwaal/Robust-Rail-NL/mathematical-models/scenarios_solver_types_120/scenario_solver_32_trains_1_units7.json","Cost of next node: Cost = 327.4 : 383.68 | cr=9, dd=1, da=1, tlv=11, sm=64, rd=97.50, cd=0, um=0","Time elapsed: 22.15 seconds","/home/thomasverwaal/Robust-Rail-NL/mathematical-models/local_search_plans_discreet_120/plan_32_trains_1_units7.json"
"/home/thomasverwaal/Robust-Rail-NL/mathematical-models/scenarios_solver_types_120/scenario_solver_32_trains_1_units7.json","Cost of next node: Cost = 302.4 : 353.70 | cr=8, dd=1, da=1, tlv=10, sm=65, rd=96.00, cd=0, um=0","Time elapsed: 22.47 seconds","/home/thomasverwaal/Robust-Rail-NL/mathematical-models/local_search_plans_discreet_120/plan_32_trains_1_units7.json"
"/home/thomasverwaal/Robust-Rail-NL/mathematical-models/scenarios_solver_types_120/scenario_solver_32_trains_1_units7.json","Cost of next node: Cost = 282.4 : 333.70 | cr=6, dd=1, da=1, tlv=10, sm=65, rd=96.00, cd=0, um=0","Time elapsed: 24.27 seconds","/home/thomasverwaal/Robust-Rail-NL/mathematical-models/local_search_plans_discreet_120/plan_32_trains_1_units7.json"
"/home/thomasverwaal/Robust-Rail-NL/mathematical-models/scenarios_solver_types_120/scenario_solver_32_trains_1_units7.json","Cost of next node: Cost = 272.4 : 323.70 | cr=5, dd=1, da=1, tlv=10, sm=65, rd=96.00, cd=0, um=0","Time elapsed: 26.10 seconds","/home/thomasverwaal/Robust-Rail-NL/mathematical-models/local_search_plans_discreet_120/plan_32_trains_1_units7.json"
"/home/thomasverwaal/Robust-Rail-NL/mathematical-models/scenarios_solver_types_120/scenario_solver_32_trains_1_units7.json","Cost of next node: Cost = 245.0 : 301.30 | cr=8, dd=0, da=0, tlv=11, sm=65, rd=92.31, cd=0, um=0","Time elapsed: 26.41 seconds","/home/thomasverwaal/Robust-Rail-NL/mathematical-models/local_search_plans_discreet_120/plan_32_trains_1_units7.json"
"/home/thomasverwaal/Robust-Rail-NL/mathematical-models/scenarios_solver_types_120/scenario_solver_32_trains_1_units7.json","Cost of next node: Cost = 235.0 : 291.30 | cr=7, dd=0, da=0, tlv=11, sm=65, rd=92.31, cd=0, um=0","Time elapsed: 27.91 seconds","/home/thomasverwaal/Robust-Rail-NL/mathematical-models/local_search_plans_discreet_120/plan_32_trains_1_units7.json"
"/home/thomasverwaal/Robust-Rail-NL/mathematical-models/scenarios_solver_types_120/scenario_solver_32_trains_1_units7.json","Cost of next node: Cost = 225.0 : 281.30 | cr=6, dd=0, da=0, tlv=11, sm=65, rd=92.31, cd=0, um=0","Time elapsed: 29.30 seconds","/home/thomasverwaal/Robust-Rail-NL/mathematical-models/local_search_plans_discreet_120/plan_32_trains_1_units7.json"
"/home/thomasverwaal/Robust-Rail-NL/mathematical-models/scenarios_solver_types_120/scenario_solver_32_trains_1_units7.json","Cost of next node: Cost = 215.0 : 271.30 | cr=5, dd=0, da=0, tlv=11, sm=65, rd=92.31, cd=0, um=0","Time elapsed: 30.37 seconds","/home/thomasverwaal/Robust-Rail-NL/mathematical-models/local_search_plans_discreet_120/plan_32_trains_1_units7.json"
"/home/thomasverwaal/Robust-Rail-NL/mathematical-models/scenarios_solver_types_120/scenario_solver_32_trains_1_units7.json","Cost of next node: Cost = 205.0 : 261.30 | cr=4, dd=0, da=0, tlv=11, sm=65, rd=92.31, cd=0, um=0","Time elapsed: 31.36 seconds","/home/thomasverwaal/Robust-Rail-NL/mathematical-models/local_search_plans_discreet_120/plan_32_trains_1_units7.json"
"/home/thomasverwaal/Robust-Rail-NL/mathematical-models/scenarios_solver_types_120/scenario_solver_32_trains_1_units7.json","Cost of next node: Cost = 200.9 : 252.22 | cr=3, dd=0, da=1, tlv=10, sm=66, rd=94.55, cd=0, um=0","Time elapsed: 34.28 seconds","/home/thomasverwaal/Robust-Rail-NL/mathematical-models/local_search_plans_discreet_120/plan_32_trains_1_units7.json"
"/home/thomasverwaal/Robust-Rail-NL/mathematical-models/scenarios_solver_types_120/scenario_solver_32_trains_1_units7.json","Cost of next node: Cost = 180.9 : 232.22 | cr=1, dd=0, da=1, tlv=10, sm=66, rd=94.55, cd=0, um=0","Time elapsed: 35.17 seconds","/home/thomasverwaal/Robust-Rail-NL/mathematical-models/local_search_plans_discreet_120/plan_32_trains_1_units7.json"
"/home/thomasverwaal/Robust-Rail-NL/mathematical-models/scenarios_solver_types_120/scenario_solver_32_trains_1_units7.json","Cost of next node: Cost = 175.0 : 231.32 | cr=1, dd=0, da=0, tlv=11, sm=66, rd=94.55, cd=0, um=0","Time elapsed: 35.99 seconds","/home/thomasverwaal/Robust-Rail-NL/mathematical-models/local_search_plans_discreet_120/plan_32_trains_1_units7.json"
"/home/thomasverwaal/Robust-Rail-NL/mathematical-models/scenarios_solver_types_120/scenario_solver_32_trains_1_units7.json","Cost of next node: Cost = 160.0 : 211.34 | cr=1, dd=0, da=0, tlv=10, sm=67, rd=93.13, cd=0, um=0","Time elapsed: 36.86 seconds","/home/thomasverwaal/Robust-Rail-NL/mathematical-models/local_search_plans_discreet_120/plan_32_trains_1_units7.json"
"/home/thomasverwaal/Robust-Rail-NL/mathematical-models/scenarios_solver_types_120/scenario_solver_32_trains_1_units7.json","Cost of next node: Cost = 150.0 : 201.34 | cr=0, dd=0, da=0, tlv=10, sm=67, rd=93.13, cd=0, um=0","Time elapsed: 38.48 seconds","/home/thomasverwaal/Robust-Rail-NL/mathematical-models/local_search_plans_discreet_120/plan_32_trains_1_units7.json"
"/home/thomasverwaal/Robust-Rail-NL/mathematical-models/scenarios_solver_types_120/scenario_solver_32_trains_1_units7.json","NO_COST_FOUND","NO_TIME_FOUND","NO_PLAN_CREATED"
"/home/thomasverwaal/Robust-Rail-NL/mathematical-models/scenarios_solver_types_120/scenario_solver_32_trains_1_units8.json","Cost of next node: Cost = 2,732.0 : 2,733.26 | cr=41, dd=32, da=30, tlv=0, sm=64, rd=180.00, cd=0, um=0","Time elapsed: 4.40 seconds","/home/thomasverwaal/Robust-Rail-NL/mathematical-models/local_search_plans_discreet_120/plan_32_trains_1_units8.json"
"/home/thomasverwaal/Robust-Rail-NL/mathematical-models/scenarios_solver_types_120/scenario_solver_32_trains_1_units8.json","Cost of next node: Cost = 2,704.6 : 2,705.90 | cr=39, dd=32, da=30, tlv=0, sm=64, rd=178.12, cd=0, um=0","Time elapsed: 4.53 seconds","/home/thomasverwaal/Robust-Rail-NL/mathematical-models/local_search_plans_discreet_120/plan_32_trains_1_units8.json"
"/home/thomasverwaal/Robust-Rail-NL/mathematical-models/scenarios_solver_types_120/scenario_solver_32_trains_1_units8.json","Cost of next node: Cost = 2,684.2 : 2,685.45 | cr=37, dd=32, da=30, tlv=0, sm=64, rd=178.12, cd=0, um=0","Time elapsed: 4.81 seconds","/home/thomasverwaal/Robust-Rail-NL/mathematical-models/local_search_plans_discreet_120/plan_32_trains_1_units8.json"
"/home/thomasverwaal/Robust-Rail-NL/mathematical-models/scenarios_solver_types_120/scenario_solver_32_trains_1_units8.json","Cost of next node: Cost = 2,664.2 : 2,665.45 | cr=35, dd=32, da=30, tlv=0, sm=64, rd=178.12, cd=0, um=0","Time elapsed: 5.12 seconds","/home/thomasverwaal/Robust-Rail-NL/mathematical-models/local_search_plans_discreet_120/plan_32_trains_1_units8.json"
"/home/thomasverwaal/Robust-Rail-NL/mathematical-models/scenarios_solver_types_120/scenario_solver_32_trains_1_units8.json","Cost of next node: Cost = 2,597.8 : 2,604.09 | cr=36, dd=32, da=26, tlv=1, sm=64, rd=175.31, cd=0, um=0","Time elapsed: 5.42 seconds","/home/thomasverwaal/Robust-Rail-NL/mathematical-models/local_search_plans_discreet_120/plan_32_trains_1_units8.json"
"/home/thomasverwaal/Robust-Rail-NL/mathematical-models/scenarios_solver_types_120/scenario_solver_32_trains_1_units8.json","Cost of next node: Cost = 2,570.0 : 2,571.28 | cr=35, dd=32, da=26, tlv=0, sm=64, rd=173.44, cd=0, um=0","Time elapsed: 5.70 seconds","/home/thomasverwaal/Robust-Rail-NL/mathematical-models/local_search_plans_discreet_120/plan_32_trains_1_units8.json"
"/home/thomasverwaal/Robust-Rail-NL/mathematical-models/scenarios_solver_types_120/scenario_solver_32_trains_1_units8.json","Cost of next node: Cost = 2,542.8 : 2,549.07 | cr=32, dd=32, da=25, tlv=1, sm=64, rd=172.50, cd=0, um=0","Time elapsed: 5.94 seconds","/home/thomasverwaal/Robust-Rail-NL/mathematical-models/local_search_plans_discreet_120/plan_32_trains_1_units8.json"
"/home/thomasverwaal/Robust-Rail-NL/mathematical-models/scenarios_solver_types_120/scenario_solver_32_trains_1_units8.json","Cost of next node: Cost = 2,378.6 : 2,384.84 | cr=34, dd=32, da=16, tlv=1, sm=64, rd=165.94, cd=0, um=0","Time elapsed: 6.21 seconds","/home/thomasverwaal/Robust-Rail-NL/mathematical-models/local_search_plans_discreet_120/plan_32_trains_1_units8.json"
"/home/thomasverwaal/Robust-Rail-NL/mathematical-models/scenarios_solver_types_120/scenario_solver_32_trains_1_units8.json","Cost of next node: Cost = 2,348.3 : 2,354.57 | cr=31, dd=32, da=16, tlv=1, sm=64, rd=165.94, cd=0, um=0","Time elapsed: 6.27 seconds","/home/thomasverwaal/Robust-Rail-NL/mathematical-models/local_search_plans_discreet_120/plan_32_trains_1_units8.json"
"/home/thomasverwaal/Robust-Rail-NL/mathematical-models/scenarios_solver_types_120/scenario_solver_32_trains_1_units8.json","Cost of next node: Cost = 2,312.5 : 2,323.73 | cr=34, dd=32, da=12, tlv=2, sm=64, rd=159.38, cd=0, um=0","Time elapsed: 6.61 seconds","/home/thomasverwaal/Robust-Rail-NL/mathematical-models/local_search_plans_discreet_120/plan_32_trains_1_units8.json"
"/home/thomasverwaal/Robust-Rail-NL/mathematical-models/scenarios_solver_types_120/scenario_solver_32_trains_1_units8.json","Cost of next node: Cost = 2,292.3 : 2,303.54 | cr=33, dd=32, da=12, tlv=2, sm=64, rd=157.50, cd=0, um=0","Time elapsed: 7.04 seconds","/home/thomasverwaal/Robust-Rail-NL/mathematical-models/local_search_plans_discreet_120/plan_32_trains_1_units8.json"
"/home/thomasverwaal/Robust-Rail-NL/mathematical-models/scenarios_solver_types_120/scenario_solver_32_trains_1_units8.json","Cost of next node: Cost = 2,244.2 : 2,260.50 | cr=27, dd=32, da=12, tlv=3, sm=64, rd=155.62, cd=0, um=0","Time elapsed: 7.55 seconds","/home/thomasverwaal/Robust-Rail-NL/mathematical-models/local_search_plans_discreet_120/plan_32_trains_1_units8.json"
"/home/thomasverwaal/Robust-Rail-NL/mathematical-models/scenarios_solver_types_120/scenario_solver_32_trains_1_units8.json","Cost of next node: Cost = 2,219.2 : 2,240.45 | cr=27, dd=32, da=10, tlv=4, sm=64, rd=150.00, cd=0, um=0","Time elapsed: 8.34 seconds","/home/thomasverwaal/Robust-Rail-NL/mathematical-models/local_search_plans_discreet_120/plan_32_trains_1_units8.json"
"/home/thomasverwaal/Robust-Rail-NL/mathematical-models/scenarios_solver_types_120/scenario_solver_32_trains_1_units8.json","Cost of next node: Cost = 2,194.2 : 2,220.45 | cr=23, dd=32, da=10, tlv=5, sm=64, rd=150.00, cd=0, um=0","Time elapsed: 8.63 seconds","/home/thomasverwaal/Robust-Rail-NL/mathematical-models/local_search_plans_discreet_120/plan_32_trains_1_units8.json"
"/home/thomasverwaal/Robust-Rail-NL/mathematical-models/scenarios_solver_types_120/scenario_solver_32_trains_1_units8.json","Cost of next node: Cost = 2,162.6 : 2,188.90 | cr=20, dd=32, da=10, tlv=5, sm=64, rd=150.00, cd=0, um=0","Time elapsed: 8.70 seconds","/home/thomasverwaal/Robust-Rail-NL/mathematical-models/local_search_plans_discreet_120/plan_32_trains_1_units8.json"
"/home/thomasverwaal/Robust-Rail-NL/mathematical-models/scenarios_solver_types_120/scenario_solver_32_trains_1_units8.json","Cost of next node: Cost = 2,141.3 : 2,167.54 | cr=18, dd=32, da=10, tlv=5, sm=64, rd=147.19, cd=0, um=0","Time elapsed: 9.08 seconds","/home/thomasverwaal/Robust-Rail-NL/mathematical-models/local_search_plans_discreet_120/plan_32_trains_1_units8.json"
"/home/thomasverwaal/Robust-Rail-NL/mathematical-models/scenarios_solver_types_120/scenario_solver_32_trains_1_units8.json","Cost of next node: Cost = 2,108.1 : 2,134.34 | cr=16, dd=32, da=10, tlv=5, sm=64, rd=141.56, cd=0, um=0","Time elapsed: 9.41 seconds","/home/thomasverwaal/Robust-Rail-NL/mathematical-models/local_search_plans_discreet_120/plan_32_trains_1_units8.json"
"/home/thomasverwaal/Robust-Rail-NL/mathematical-models/scenarios_solver_types_120/scenario_solver_32_trains_1_units8.json","Cost of next node: Cost = 2,080.1 : 2,106.34 | cr=14, dd=32, da=10, tlv=5, sm=64, rd=135.00, cd=0, um=0","Time elapsed: 9.79 seconds","/home/thomasverwaal/Robust-Rail-NL/mathematical-models/local_search_plans_discreet_120/plan_32_trains_1_units8.json"
"/home/thomasverwaal/Robust-Rail-NL/mathematical-models/scenarios_solver_types_120/scenario_solver_32_trains_1_units8.json","Cost of next node: Cost = 2,058.5 : 2,089.80 | cr=13, dd=32, da=9, tlv=6, sm=64, rd=135.00, cd=0, um=0","Time elapsed: 10.05 seconds","/home/thomasverwaal/Robust-Rail-NL/mathematical-models/local_search_plans_discreet_120/plan_32_trains_1_units8.json"
"/home/thomasverwaal/Robust-Rail-NL/mathematical-models/scenarios_solver_types_120/scenario_solver_32_trains_1_units8.json","Cost of next node: Cost = 1,830.0 : 1,861.25 | cr=17, dd=27, da=9, tlv=6, sm=64, rd=125.62, cd=0, um=0","Time elapsed: 10.28 seconds","/home/thomasverwaal/Robust-Rail-NL/mathematical-models/local_search_plans_discreet_120/plan_32_trains_1_units8.json"
"/home/thomasverwaal/Robust-Rail-NL/mathematical-models/scenarios_solver_types_120/scenario_solver_32_trains_1_units8.json","Cost of next node: Cost = 1,779.3 : 1,810.61 | cr=17, dd=26, da=9, tlv=6, sm=64, rd=125.62, cd=0, um=0","Time elapsed: 10.35 seconds","/home/thomasverwaal/Robust-Rail-NL/mathematical-models/local_search_plans_discreet_120/plan_32_trains_1_units8.json"
"/home/thomasverwaal/Robust-Rail-NL/mathematical-models/scenarios_solver_types_120/scenario_solver_32_trains_1_units8.json","Cost of next node: Cost = 1,749.1 : 1,780.40 | cr=19, dd=25, da=9, tlv=6, sm=64, rd=125.62, cd=0, um=0","Time elapsed: 10.44 seconds","/home/thomasverwaal/Robust-Rail-NL/mathematical-models/local_search_plans_discreet_120/plan_32_trains_1_units8.json"
"/home/thomasverwaal/Robust-Rail-NL/mathematical-models/scenarios_solver_types_120/scenario_solver_32_trains_1_units8.json","Cost of next node: Cost = 1,689.7 : 1,721.00 | cr=18, dd=24, da=9, tlv=6, sm=64, rd=125.62, cd=0, um=0","Time elapsed: 10.57 seconds","/home/thomasverwaal/Robust-Rail-NL/mathematical-models/local_search_plans_discreet_120/plan_32_trains_1_units8.json"
"/home/thomasverwaal/Robust-Rail-NL/mathematical-models/scenarios_solver_types_120/scenario_solver_32_trains_1_units8.json","Cost of next node: Cost = 1,591.3 : 1,622.63 | cr=18, dd=22, da=9, tlv=6, sm=64, rd=125.62, cd=0, um=0","Time elapsed: 10.70 seconds","/home/thomasverwaal/Robust-Rail-NL/mathematical-models/local_search_plans_discreet_120/plan_32_trains_1_units8.json"
"/home/thomasverwaal/Robust-Rail-NL/mathematical-models/scenarios_solver_types_120/scenario_solver_32_trains_1_units8.json","Cost of next node: Cost = 1,547.8 : 1,579.05 | cr=19, dd=21, da=9, tlv=6, sm=64, rd=121.88, cd=0, um=0","Time elapsed: 10.83 seconds","/home/thomasverwaal/Robust-Rail-NL/mathematical-models/local_search_plans_discreet_120/plan_32_trains_1_units8.json"
"/home/thomasverwaal/Robust-Rail-NL/mathematical-models/scenarios_solver_types_120/scenario_solver_32_trains_1_units8.json","Cost of next node: Cost = 1,498.1 : 1,529.42 | cr=19, dd=20, da=9, tlv=6, sm=64, rd=121.88, cd=0, um=0","Time elapsed: 10.94 seconds","/home/thomasverwaal/Robust-Rail-NL/mathematical-models/local_search_plans_discreet_120/plan_32_trains_1_units8.json"
"/home/thomasverwaal/Robust-Rail-NL/mathematical-models/scenarios_solver_types_120/scenario_solver_32_trains_1_units8.json","Cost of next node: Cost = 1,439.2 : 1,470.43 | cr=18, dd=19, da=9, tlv=6, sm=64, rd=123.75, cd=0, um=0","Time elapsed: 11.04 seconds","/home/thomasverwaal/Robust-Rail-NL/mathematical-models/local_search_plans_discreet_120/plan_32_trains_1_units8.json"
"/home/thomasverwaal/Robust-Rail-NL/mathematical-models/scenarios_solver_types_120/scenario_solver_32_trains_1_units8.json","Cost of next node: Cost = 1,418.0 : 1,449.23 | cr=16, dd=19, da=9, tlv=6, sm=64, rd=121.88, cd=0, um=0","Time elapsed: 11.15 seconds","/home/thomasverwaal/Robust-Rail-NL/mathematical-models/local_search_plans_discreet_120/plan_32_trains_1_units8.json"
"/home/thomasverwaal/Robust-Rail-NL/mathematical-models/scenarios_solver_types_120/scenario_solver_32_trains_1_units8.json","Cost of next node: Cost = 1,383.8 : 1,420.12 | cr=16, dd=18, da=9, tlv=7, sm=64, rd=120.00, cd=0, um=0","Time elapsed: 11.26 seconds","/home/thomasverwaal/Robust-Rail-NL/mathematical-models/local_search_plans_discreet_120/plan_32_trains_1_units8.json"
"/home/thomasverwaal/Robust-Rail-NL/mathematical-models/scenarios_solver_types_120/scenario_solver_32_trains_1_units8.json","Cost of next node: Cost = 1,321.9 : 1,358.15 | cr=19, dd=16, da=10, tlv=7, sm=64, rd=120.00, cd=0, um=0","Time elapsed: 11.49 seconds","/home/thomasverwaal/Robust-Rail-NL/mathematical-models/local_search_plans_discreet_120/plan_32_trains_1_units8.json"
"/home/thomasverwaal/Robust-Rail-NL/mathematical-models/scenarios_solver_types_120/scenario_solver_32_trains_1_units8.json","Cost of next node: Cost = 1,251.8 : 1,288.05 | cr=19, dd=15, da=9, tlv=7, sm=64, rd=117.19, cd=0, um=0","Time elapsed: 11.96 seconds","/home/thomasverwaal/Robust-Rail-NL/mathematical-models/local_search_plans_discreet_120/plan_32_trains_1_units8.json"
"/home/thomasverwaal/Robust-Rail-NL/mathematical-models/scenarios_solver_types_120/scenario_solver_32_trains_1_units8.json","Cost of next node: Cost = 1,082.3 : 1,123.59 | cr=18, dd=12, da=8, tlv=8, sm=64, rd=111.56, cd=0, um=0","Time elapsed: 12.21 seconds","/home/thomasverwaal/Robust-Rail-NL/mathematical-models/local_search_plans_discreet_120/plan_32_trains_1_units8.json"
"/home/thomasverwaal/Robust-Rail-NL/mathematical-models/scenarios_solver_types_120/scenario_solver_32_trains_1_units8.json","Cost of next node: Cost = 860.1 : 906.37 | cr=19, dd=8, da=6, tlv=9, sm=64, rd=104.06, cd=0, um=0","Time elapsed: 12.43 seconds","/home/thomasverwaal/Robust-Rail-NL/mathematical-models/local_search_plans_discreet_120/plan_32_trains_1_units8.json"
"/home/thomasverwaal/Robust-Rail-NL/mathematical-models/scenarios_solver_types_120/scenario_solver_32_trains_1_units8.json","Cost of next node: Cost = 773.4 : 824.68 | cr=18, dd=7, da=4, tlv=10, sm=64, rd=100.31, cd=0, um=0","Time elapsed: 12.70 seconds","/home/thomasverwaal/Robust-Rail-NL/mathematical-models/local_search_plans_discreet_120/plan_32_trains_1_units8.json"
"/home/thomasverwaal/Robust-Rail-NL/mathematical-models/scenarios_solver_types_120/scenario_solver_32_trains_1_units8.json","Cost of next node: Cost = 722.4 : 773.66 | cr=18, dd=6, da=4, tlv=10, sm=64, rd=100.31, cd=0, um=0","Time elapsed: 12.98 seconds","/home/thomasverwaal/Robust-Rail-NL/mathematical-models/local_search_plans_discreet_120/plan_32_trains_1_units8.json"
"/home/thomasverwaal/Robust-Rail-NL/mathematical-models/scenarios_solver_types_120/scenario_solver_32_trains_1_units8.json","Cost of next node: Cost = 663.2 : 719.48 | cr=18, dd=5, da=3, tlv=11, sm=64, rd=93.75, cd=0, um=0","Time elapsed: 13.26 seconds","/home/thomasverwaal/Robust-Rail-NL/mathematical-models/local_search_plans_discreet_120/plan_32_trains_1_units8.json"
"/home/thomasverwaal/Robust-Rail-NL/mathematical-models/scenarios_solver_types_120/scenario_solver_32_trains_1_units8.json","Cost of next node: Cost = 597.8 : 659.08 | cr=17, dd=4, da=2, tlv=12, sm=64, rd=90.00, cd=0, um=0","Time elapsed: 13.68 seconds","/home/thomasverwaal/Robust-Rail-NL/mathematical-models/local_search_plans_discreet_120/plan_32_trains_1_units8.json"
"/home/thomasverwaal/Robust-Rail-NL/mathematical-models/scenarios_solver_types_120/scenario_solver_32_trains_1_units8.json","Cost of next node: Cost = 569.9 : 631.18 | cr=19, dd=3, da=2, tlv=12, sm=64, rd=90.00, cd=0, um=0","Time elapsed: 13.75 seconds","/home/thomasverwaal/Robust-Rail-NL/mathematical-models/local_search_plans_discreet_120/plan_32_trains_1_units8.json"
"/home/thomasverwaal/Robust-Rail-NL/mathematical-models/scenarios_solver_types_120/scenario_solver_32_trains_1_units8.json","Cost of next node: Cost = 458.9 : 525.18 | cr=19, dd=1, da=1, tlv=13, sm=64, rd=82.50, cd=0, um=0","Time elapsed: 14.14 seconds","/home/thomasverwaal/Robust-Rail-NL/mathematical-models/local_search_plans_discreet_120/plan_32_trains_1_units8.json"
"/home/thomasverwaal/Robust-Rail-NL/mathematical-models/scenarios_solver_types_120/scenario_solver_32_trains_1_units8.json","Cost of next node: Cost = 428.9 : 495.18 | cr=16, dd=1, da=1, tlv=13, sm=64, rd=82.50, cd=0, um=0","Time elapsed: 14.26 seconds","/home/thomasverwaal/Robust-Rail-NL/mathematical-models/local_search_plans_discreet_120/plan_32_trains_1_units8.json"
"/home/thomasverwaal/Robust-Rail-NL/mathematical-models/scenarios_solver_types_120/scenario_solver_32_trains_1_units8.json","Cost of next node: Cost = 408.9 : 475.18 | cr=14, dd=1, da=1, tlv=13, sm=64, rd=82.50, cd=0, um=0","Time elapsed: 17.45 seconds","/home/thomasverwaal/Robust-Rail-NL/mathematical-models/local_search_plans_discreet_120/plan_32_trains_1_units8.json"
"/home/thomasverwaal/Robust-Rail-NL/mathematical-models/scenarios_solver_types_120/scenario_solver_32_trains_1_units8.json","Cost of next node: Cost = 398.9 : 465.18 | cr=13, dd=1, da=1, tlv=13, sm=64, rd=82.50, cd=0, um=0","Time elapsed: 19.86 seconds","/home/thomasverwaal/Robust-Rail-NL/mathematical-models/local_search_plans_discreet_120/plan_32_trains_1_units8.json"
"/home/thomasverwaal/Robust-Rail-NL/mathematical-models/scenarios_solver_types_120/scenario_solver_32_trains_1_units8.json","Cost of next node: Cost = 388.9 : 455.18 | cr=12, dd=1, da=1, tlv=13, sm=64, rd=82.50, cd=0, um=0","Time elapsed: 22.44 seconds","/home/thomasverwaal/Robust-Rail-NL/mathematical-models/local_search_plans_discreet_120/plan_32_trains_1_units8.json"
"/home/thomasverwaal/Robust-Rail-NL/mathematical-models/scenarios_solver_types_120/scenario_solver_32_trains_1_units8.json","Cost of next node: Cost = 378.9 : 445.18 | cr=11, dd=1, da=1, tlv=13, sm=64, rd=82.50, cd=0, um=0","Time elapsed: 24.50 seconds","/home/thomasverwaal/Robust-Rail-NL/mathematical-models/local_search_plans_discreet_120/plan_32_trains_1_units8.json"
"/home/thomasverwaal/Robust-Rail-NL/mathematical-models/scenarios_solver_types_120/scenario_solver_32_trains_1_units8.json","Cost of next node: Cost = 368.9 : 435.18 | cr=10, dd=1, da=1, tlv=13, sm=64, rd=84.38, cd=0, um=0","Time elapsed: 26.58 seconds","/home/thomasverwaal/Robust-Rail-NL/mathematical-models/local_search_plans_discreet_120/plan_32_trains_1_units8.json"
"/home/thomasverwaal/Robust-Rail-NL/mathematical-models/scenarios_solver_types_120/scenario_solver_32_trains_1_units8.json","Cost of next node: Cost = 358.9 : 425.18 | cr=9, dd=1, da=1, tlv=13, sm=64, rd=84.38, cd=0, um=0","Time elapsed: 28.66 seconds","/home/thomasverwaal/Robust-Rail-NL/mathematical-models/local_search_plans_discreet_120/plan_32_trains_1_units8.json"
"/home/thomasverwaal/Robust-Rail-NL/mathematical-models/scenarios_solver_types_120/scenario_solver_32_trains_1_units8.json","Cost of next node: Cost = 290.0 : 361.28 | cr=8, dd=0, da=0, tlv=14, sm=64, rd=80.62, cd=0, um=0","Time elapsed: 28.80 seconds","/home/thomasverwaal/Robust-Rail-NL/mathematical-models/local_search_plans_discreet_120/plan_32_trains_1_units8.json"
"/home/thomasverwaal/Robust-Rail-NL/mathematical-models/scenarios_solver_types_120/scenario_solver_32_trains_1_units8.json","Cost of next node: Cost = 280.0 : 351.28 | cr=7, dd=0, da=0, tlv=14, sm=64, rd=80.62, cd=0, um=0","Time elapsed: 31.37 seconds","/home/thomasverwaal/Robust-Rail-NL/mathematical-models/local_search_plans_discreet_120/plan_32_trains_1_units8.json"
"/home/thomasverwaal/Robust-Rail-NL/mathematical-models/scenarios_solver_types_120/scenario_solver_32_trains_1_units8.json","Cost of next node: Cost = 270.0 : 341.28 | cr=6, dd=0, da=0, tlv=14, sm=64, rd=80.62, cd=0, um=0","Time elapsed: 33.45 seconds","/home/thomasverwaal/Robust-Rail-NL/mathematical-models/local_search_plans_discreet_120/plan_32_trains_1_units8.json"
"/home/thomasverwaal/Robust-Rail-NL/mathematical-models/scenarios_solver_types_120/scenario_solver_32_trains_1_units8.json","Cost of next node: Cost = 260.0 : 331.28 | cr=5, dd=0, da=0, tlv=14, sm=64, rd=82.50, cd=0, um=0","Time elapsed: 34.89 seconds","/home/thomasverwaal/Robust-Rail-NL/mathematical-models/local_search_plans_discreet_120/plan_32_trains_1_units8.json"
"/home/thomasverwaal/Robust-Rail-NL/mathematical-models/scenarios_solver_types_120/scenario_solver_32_trains_1_units8.json","Cost of next node: Cost = 250.0 : 321.30 | cr=4, dd=0, da=0, tlv=14, sm=65, rd=84.92, cd=0, um=0","Time elapsed: 38.50 seconds","/home/thomasverwaal/Robust-Rail-NL/mathematical-models/local_search_plans_discreet_120/plan_32_trains_1_units8.json"
"/home/thomasverwaal/Robust-Rail-NL/mathematical-models/scenarios_solver_types_120/scenario_solver_32_trains_1_units8.json","Cost of next node: Cost = 240.0 : 311.30 | cr=3, dd=0, da=0, tlv=14, sm=65, rd=86.77, cd=0, um=0","Time elapsed: 78.93 seconds","/home/thomasverwaal/Robust-Rail-NL/mathematical-models/local_search_plans_discreet_120/plan_32_trains_1_units8.json"
"/home/thomasverwaal/Robust-Rail-NL/mathematical-models/scenarios_solver_types_120/scenario_solver_32_trains_1_units8.json","Cost of next node: Cost = 230.0 : 301.30 | cr=2, dd=0, da=0, tlv=14, sm=65, rd=86.77, cd=0, um=0","Time elapsed: 85.59 seconds","/home/thomasverwaal/Robust-Rail-NL/mathematical-models/local_search_plans_discreet_120/plan_32_trains_1_units8.json"
"/home/thomasverwaal/Robust-Rail-NL/mathematical-models/scenarios_solver_types_120/scenario_solver_32_trains_1_units8.json","Cost of next node: Cost = 220.0 : 291.30 | cr=1, dd=0, da=0, tlv=14, sm=65, rd=88.62, cd=0, um=0","Time elapsed: 93.25 seconds","/home/thomasverwaal/Robust-Rail-NL/mathematical-models/local_search_plans_discreet_120/plan_32_trains_1_units8.json"
"/home/thomasverwaal/Robust-Rail-NL/mathematical-models/scenarios_solver_types_120/scenario_solver_32_trains_1_units8.json","NO_COST_FOUND","NO_TIME_FOUND","NO_PLAN_CREATED"
"/home/thomasverwaal/Robust-Rail-NL/mathematical-models/scenarios_solver_types_120/scenario_solver_32_trains_1_units9.json","Cost of next node: Cost = 2,737.0 : 2,738.31 | cr=41, dd=32, da=30, tlv=0, sm=64, rd=180.00, cd=0, um=0","Time elapsed: 4.38 seconds","/home/thomasverwaal/Robust-Rail-NL/mathematical-models/local_search_plans_discreet_120/plan_32_trains_1_units9.json"
"/home/thomasverwaal/Robust-Rail-NL/mathematical-models/scenarios_solver_types_120/scenario_solver_32_trains_1_units9.json","Cost of next node: Cost = 2,709.7 : 2,710.95 | cr=39, dd=32, da=30, tlv=0, sm=64, rd=178.12, cd=0, um=0","Time elapsed: 4.52 seconds","/home/thomasverwaal/Robust-Rail-NL/mathematical-models/local_search_plans_discreet_120/plan_32_trains_1_units9.json"
"/home/thomasverwaal/Robust-Rail-NL/mathematical-models/scenarios_solver_types_120/scenario_solver_32_trains_1_units9.json","Cost of next node: Cost = 2,689.2 : 2,690.50 | cr=37, dd=32, da=30, tlv=0, sm=64, rd=178.12, cd=0, um=0","Time elapsed: 4.87 seconds","/home/thomasverwaal/Robust-Rail-NL/mathematical-models/local_search_plans_discreet_120/plan_32_trains_1_units9.json"
"/home/thomasverwaal/Robust-Rail-NL/mathematical-models/scenarios_solver_types_120/scenario_solver_32_trains_1_units9.json","Cost of next node: Cost = 2,668.5 : 2,669.77 | cr=35, dd=32, da=30, tlv=0, sm=64, rd=178.12, cd=0, um=0","Time elapsed: 5.16 seconds","/home/thomasverwaal/Robust-Rail-NL/mathematical-models/local_search_plans_discreet_120/plan_32_trains_1_units9.json"
"/home/thomasverwaal/Robust-Rail-NL/mathematical-models/scenarios_solver_types_120/scenario_solver_32_trains_1_units9.json","Cost of next node: Cost = 2,625.7 : 2,626.96 | cr=35, dd=32, da=29, tlv=0, sm=64, rd=173.44, cd=0, um=0","Time elapsed: 5.51 seconds","/home/thomasverwaal/Robust-Rail-NL/mathematical-models/local_search_plans_discreet_120/plan_32_trains_1_units9.json"
"/home/thomasverwaal/Robust-Rail-NL/mathematical-models/scenarios_solver_types_120/scenario_solver_32_trains_1_units9.json","Cost of next node: Cost = 2,596.8 : 2,603.03 | cr=32, dd=32, da=28, tlv=1, sm=64, rd=176.25, cd=0, um=0","Time elapsed: 5.76 seconds","/home/thomasverwaal/Robust-Rail-NL/mathematical-models/local_search_plans_discreet_120/plan_32_trains_1_units9.json"
"/home/thomasverwaal/Robust-Rail-NL/mathematical-models/scenarios_solver_types_120/scenario_solver_32_trains_1_units9.json","Cost of next node: Cost = 2,484.2 : 2,485.52 | cr=36, dd=32, da=22, tlv=0, sm=64, rd=168.75, cd=0, um=0","Time elapsed: 6.03 seconds","/home/thomasverwaal/Robust-Rail-NL/mathematical-models/local_search_plans_discreet_120/plan_32_trains_1_units9.json"
"/home/thomasverwaal/Robust-Rail-NL/mathematical-models/scenarios_solver_types_120/scenario_solver_32_trains_1_units9.json","Cost of next node: Cost = 2,354.7 : 2,360.97 | cr=33, dd=32, da=16, tlv=1, sm=64, rd=165.94, cd=0, um=0","Time elapsed: 6.31 seconds","/home/thomasverwaal/Robust-Rail-NL/mathematical-models/local_search_plans_discreet_120/plan_32_trains_1_units9.json"
"/home/thomasverwaal/Robust-Rail-NL/mathematical-models/scenarios_solver_types_120/scenario_solver_32_trains_1_units9.json","Cost of next node: Cost = 2,334.3 : 2,340.61 | cr=31, dd=32, da=16, tlv=1, sm=64, rd=165.94, cd=0, um=0","Time elapsed: 6.38 seconds","/home/thomasverwaal/Robust-Rail-NL/mathematical-models/local_search_plans_discreet_120/plan_32_trains_1_units9.json"
"/home/thomasverwaal/Robust-Rail-NL/mathematical-models/scenarios_solver_types_120/scenario_solver_32_trains_1_units9.json","Cost of next node: Cost = 2,298.1 : 2,309.43 | cr=34, dd=32, da=12, tlv=2, sm=64, rd=161.25, cd=0, um=0","Time elapsed: 6.65 seconds","/home/thomasverwaal/Robust-Rail-NL/mathematical-models/local_search_plans_discreet_120/plan_32_trains_1_units9.json"
"/home/thomasverwaal/Robust-Rail-NL/mathematical-models/scenarios_solver_types_120/scenario_solver_32_trains_1_units9.json","Cost of next node: Cost = 2,277.9 : 2,289.23 | cr=33, dd=32, da=12, tlv=2, sm=64, rd=159.38, cd=0, um=0","Time elapsed: 7.15 seconds","/home/thomasverwaal/Robust-Rail-NL/mathematical-models/local_search_plans_discreet_120/plan_32_trains_1_units9.json"
"/home/thomasverwaal/Robust-Rail-NL/mathematical-models/scenarios_solver_types_120/scenario_solver_32_trains_1_units9.json","Cost of next node: Cost = 2,251.7 : 2,267.94 | cr=33, dd=32, da=11, tlv=3, sm=64, rd=151.88, cd=0, um=0","Time elapsed: 7.69 seconds","/home/thomasverwaal/Robust-Rail-NL/mathematical-models/local_search_plans_discreet_120/plan_32_trains_1_units9.json"
"/home/thomasverwaal/Robust-Rail-NL/mathematical-models/scenarios_solver_types_120/scenario_solver_32_trains_1_units9.json","Cost of next node: Cost = 2,228.9 : 2,245.21 | cr=33, dd=32, da=10, tlv=3, sm=64, rd=148.12, cd=0, um=0","Time elapsed: 8.22 seconds","/home/thomasverwaal/Robust-Rail-NL/mathematical-models/local_search_plans_discreet_120/plan_32_trains_1_units9.json"
"/home/thomasverwaal/Robust-Rail-NL/mathematical-models/scenarios_solver_types_120/scenario_solver_32_trains_1_units9.json","Cost of next node: Cost = 2,208.3 : 2,224.62 | cr=33, dd=32, da=9, tlv=3, sm=64, rd=146.25, cd=0, um=0","Time elapsed: 8.93 seconds","/home/thomasverwaal/Robust-Rail-NL/mathematical-models/local_search_plans_discreet_120/plan_32_trains_1_units9.json"
"/home/thomasverwaal/Robust-Rail-NL/mathematical-models/scenarios_solver_types_120/scenario_solver_32_trains_1_units9.json","Cost of next node: Cost = 2,183.3 : 2,204.62 | cr=29, dd=32, da=9, tlv=4, sm=64, rd=146.25, cd=0, um=0","Time elapsed: 9.37 seconds","/home/thomasverwaal/Robust-Rail-NL/mathematical-models/local_search_plans_discreet_120/plan_32_trains_1_units9.json"
"/home/thomasverwaal/Robust-Rail-NL/mathematical-models/scenarios_solver_types_120/scenario_solver_32_trains_1_units9.json","Cost of next node: Cost = 2,152.6 : 2,173.85 | cr=28, dd=32, da=8, tlv=4, sm=64, rd=144.38, cd=0, um=0","Time elapsed: 10.20 seconds","/home/thomasverwaal/Robust-Rail-NL/mathematical-models/local_search_plans_discreet_120/plan_32_trains_1_units9.json"
"/home/thomasverwaal/Robust-Rail-NL/mathematical-models/scenarios_solver_types_120/scenario_solver_32_trains_1_units9.json","Cost of next node: Cost = 2,120.0 : 2,146.31 | cr=29, dd=32, da=6, tlv=5, sm=64, rd=136.88, cd=0, um=0","Time elapsed: 11.19 seconds","/home/thomasverwaal/Robust-Rail-NL/mathematical-models/local_search_plans_discreet_120/plan_32_trains_1_units9.json"
"/home/thomasverwaal/Robust-Rail-NL/mathematical-models/scenarios_solver_types_120/scenario_solver_32_trains_1_units9.json","Cost of next node: Cost = 2,098.2 : 2,124.49 | cr=27, dd=32, da=6, tlv=5, sm=64, rd=136.88, cd=0, um=0","Time elapsed: 11.35 seconds","/home/thomasverwaal/Robust-Rail-NL/mathematical-models/local_search_plans_discreet_120/plan_32_trains_1_units9.json"
"/home/thomasverwaal/Robust-Rail-NL/mathematical-models/scenarios_solver_types_120/scenario_solver_32_trains_1_units9.json","Cost of next node: Cost = 1,998.4 : 2,024.64 | cr=27, dd=30, da=6, tlv=5, sm=64, rd=136.88, cd=0, um=0","Time elapsed: 11.64 seconds","/home/thomasverwaal/Robust-Rail-NL/mathematical-models/local_search_plans_discreet_120/plan_32_trains_1_units9.json"
"/home/thomasverwaal/Robust-Rail-NL/mathematical-models/scenarios_solver_types_120/scenario_solver_32_trains_1_units9.json","Cost of next node: Cost = 1,899.0 : 1,925.32 | cr=27, dd=28, da=6, tlv=5, sm=64, rd=136.88, cd=0, um=0","Time elapsed: 11.87 seconds","/home/thomasverwaal/Robust-Rail-NL/mathematical-models/local_search_plans_discreet_120/plan_32_trains_1_units9.json"
"/home/thomasverwaal/Robust-Rail-NL/mathematical-models/scenarios_solver_types_120/scenario_solver_32_trains_1_units9.json","Cost of next node: Cost = 1,839.4 : 1,865.70 | cr=26, dd=27, da=6, tlv=5, sm=64, rd=136.88, cd=0, um=0","Time elapsed: 12.07 seconds","/home/thomasverwaal/Robust-Rail-NL/mathematical-models/local_search_plans_discreet_120/plan_32_trains_1_units9.json"
"/home/thomasverwaal/Robust-Rail-NL/mathematical-models/scenarios_solver_types_120/scenario_solver_32_trains_1_units9.json","Cost of next node: Cost = 1,753.4 : 1,784.69 | cr=26, dd=25, da=6, tlv=6, sm=64, rd=133.12, cd=0, um=0","Time elapsed: 12.37 seconds","/home/thomasverwaal/Robust-Rail-NL/mathematical-models/local_search_plans_discreet_120/plan_32_trains_1_units9.json"
"/home/thomasverwaal/Robust-Rail-NL/mathematical-models/scenarios_solver_types_120/scenario_solver_32_trains_1_units9.json","Cost of next node: Cost = 1,704.2 : 1,735.45 | cr=26, dd=24, da=6, tlv=6, sm=64, rd=133.12, cd=0, um=0","Time elapsed: 12.68 seconds","/home/thomasverwaal/Robust-Rail-NL/mathematical-models/local_search_plans_discreet_120/plan_32_trains_1_units9.json"
"/home/thomasverwaal/Robust-Rail-NL/mathematical-models/scenarios_solver_types_120/scenario_solver_32_trains_1_units9.json","Cost of next node: Cost = 1,654.9 : 1,686.14 | cr=26, dd=23, da=6, tlv=6, sm=64, rd=133.12, cd=0, um=0","Time elapsed: 12.87 seconds","/home/thomasverwaal/Robust-Rail-NL/mathematical-models/local_search_plans_discreet_120/plan_32_trains_1_units9.json"
"/home/thomasverwaal/Robust-Rail-NL/mathematical-models/scenarios_solver_types_120/scenario_solver_32_trains_1_units9.json","Cost of next node: Cost = 1,540.5 : 1,576.79 | cr=25, dd=21, da=5, tlv=7, sm=64, rd=129.38, cd=0, um=0","Time elapsed: 13.16 seconds","/home/thomasverwaal/Robust-Rail-NL/mathematical-models/local_search_plans_discreet_120/plan_32_trains_1_units9.json"
"/home/thomasverwaal/Robust-Rail-NL/mathematical-models/scenarios_solver_types_120/scenario_solver_32_trains_1_units9.json","Cost of next node: Cost = 1,514.7 : 1,556.02 | cr=26, dd=20, da=5, tlv=8, sm=64, rd=125.62, cd=0, um=0","Time elapsed: 13.63 seconds","/home/thomasverwaal/Robust-Rail-NL/mathematical-models/local_search_plans_discreet_120/plan_32_trains_1_units9.json"
"/home/thomasverwaal/Robust-Rail-NL/mathematical-models/scenarios_solver_types_120/scenario_solver_32_trains_1_units9.json","Cost of next node: Cost = 1,458.4 : 1,504.70 | cr=26, dd=19, da=4, tlv=9, sm=64, rd=121.88, cd=0, um=0","Time elapsed: 13.92 seconds","/home/thomasverwaal/Robust-Rail-NL/mathematical-models/local_search_plans_discreet_120/plan_32_trains_1_units9.json"
"/home/thomasverwaal/Robust-Rail-NL/mathematical-models/scenarios_solver_types_120/scenario_solver_32_trains_1_units9.json","Cost of next node: Cost = 1,428.4 : 1,474.70 | cr=23, dd=19, da=4, tlv=9, sm=64, rd=121.88, cd=0, um=0","Time elapsed: 13.98 seconds","/home/thomasverwaal/Robust-Rail-NL/mathematical-models/local_search_plans_discreet_120/plan_32_trains_1_units9.json"
"/home/thomasverwaal/Robust-Rail-NL/mathematical-models/scenarios_solver_types_120/scenario_solver_32_trains_1_units9.json","Cost of next node: Cost = 1,394.5 : 1,445.79 | cr=23, dd=18, da=4, tlv=10, sm=64, rd=120.00, cd=0, um=0","Time elapsed: 14.23 seconds","/home/thomasverwaal/Robust-Rail-NL/mathematical-models/local_search_plans_discreet_120/plan_32_trains_1_units9.json"
"/home/thomasverwaal/Robust-Rail-NL/mathematical-models/scenarios_solver_types_120/scenario_solver_32_trains_1_units9.json","Cost of next node: Cost = 1,178.8 : 1,235.03 | cr=23, dd=14, da=3, tlv=11, sm=64, rd=110.62, cd=0, um=0","Time elapsed: 14.54 seconds","/home/thomasverwaal/Robust-Rail-NL/mathematical-models/local_search_plans_discreet_120/plan_32_trains_1_units9.json"
"/home/thomasverwaal/Robust-Rail-NL/mathematical-models/scenarios_solver_types_120/scenario_solver_32_trains_1_units9.json","Cost of next node: Cost = 1,138.8 : 1,195.03 | cr=19, dd=14, da=3, tlv=11, sm=64, rd=110.62, cd=0, um=0","Time elapsed: 14.62 seconds","/home/thomasverwaal/Robust-Rail-NL/mathematical-models/local_search_plans_discreet_120/plan_32_trains_1_units9.json"
"/home/thomasverwaal/Robust-Rail-NL/mathematical-models/scenarios_solver_types_120/scenario_solver_32_trains_1_units9.json","Cost of next node: Cost = 1,060.5 : 1,121.74 | cr=20, dd=12, da=3, tlv=12, sm=64, rd=106.88, cd=0, um=0","Time elapsed: 15.03 seconds","/home/thomasverwaal/Robust-Rail-NL/mathematical-models/local_search_plans_discreet_120/plan_32_trains_1_units9.json"
"/home/thomasverwaal/Robust-Rail-NL/mathematical-models/scenarios_solver_types_120/scenario_solver_32_trains_1_units9.json","Cost of next node: Cost = 947.2 : 1,013.44 | cr=20, dd=10, da=2, tlv=13, sm=64, rd=99.38, cd=0, um=0","Time elapsed: 15.48 seconds","/home/thomasverwaal/Robust-Rail-NL/mathematical-models/local_search_plans_discreet_120/plan_32_trains_1_units9.json"
"/home/thomasverwaal/Robust-Rail-NL/mathematical-models/scenarios_solver_types_120/scenario_solver_32_trains_1_units9.json","Cost of next node: Cost = 907.2 : 973.44 | cr=16, dd=10, da=2, tlv=13, sm=64, rd=99.38, cd=0, um=0","Time elapsed: 15.60 seconds","/home/thomasverwaal/Robust-Rail-NL/mathematical-models/local_search_plans_discreet_120/plan_32_trains_1_units9.json"
"/home/thomasverwaal/Robust-Rail-NL/mathematical-models/scenarios_solver_types_120/scenario_solver_32_trains_1_units9.json","Cost of next node: Cost = 870.5 : 941.78 | cr=16, dd=9, da=2, tlv=14, sm=64, rd=93.75, cd=0, um=0","Time elapsed: 15.92 seconds","/home/thomasverwaal/Robust-Rail-NL/mathematical-models/local_search_plans_discreet_120/plan_32_trains_1_units9.json"
"/home/thomasverwaal/Robust-Rail-NL/mathematical-models/scenarios_solver_types_120/scenario_solver_32_trains_1_units9.json","Cost of next node: Cost = 656.4 : 732.68 | cr=18, dd=4, da=2, tlv=15, sm=64, rd=89.06, cd=0, um=0","Time elapsed: 16.40 seconds","/home/thomasverwaal/Robust-Rail-NL/mathematical-models/local_search_plans_discreet_120/plan_32_trains_1_units9.json"
"/home/thomasverwaal/Robust-Rail-NL/mathematical-models/scenarios_solver_types_120/scenario_solver_32_trains_1_units9.json","Cost of next node: Cost = 509.8 : 586.08 | cr=14, dd=2, da=2, tlv=15, sm=64, rd=82.50, cd=0, um=0","Time elapsed: 16.55 seconds","/home/thomasverwaal/Robust-Rail-NL/mathematical-models/local_search_plans_discreet_120/plan_32_trains_1_units9.json"
"/home/thomasverwaal/Robust-Rail-NL/mathematical-models/scenarios_solver_types_120/scenario_solver_32_trains_1_units9.json","Cost of next node: Cost = 494.8 : 566.08 | cr=14, dd=2, da=2, tlv=14, sm=64, rd=82.50, cd=0, um=0","Time elapsed: 21.75 seconds","/home/thomasverwaal/Robust-Rail-NL/mathematical-models/local_search_plans_discreet_120/plan_32_trains_1_units9.json"
"/home/thomasverwaal/Robust-Rail-NL/mathematical-models/scenarios_solver_types_120/scenario_solver_32_trains_1_units9.json","Cost of next node: Cost = 484.8 : 556.08 | cr=13, dd=2, da=2, tlv=14, sm=64, rd=84.38, cd=0, um=0","Time elapsed: 26.22 seconds","/home/thomasverwaal/Robust-Rail-NL/mathematical-models/local_search_plans_discreet_120/plan_32_trains_1_units9.json"
"/home/thomasverwaal/Robust-Rail-NL/mathematical-models/scenarios_solver_types_120/scenario_solver_32_trains_1_units9.json","Cost of next node: Cost = 474.8 : 546.08 | cr=12, dd=2, da=2, tlv=14, sm=64, rd=84.38, cd=0, um=0","Time elapsed: 29.95 seconds","/home/thomasverwaal/Robust-Rail-NL/mathematical-models/local_search_plans_discreet_120/plan_32_trains_1_units9.json"
"/home/thomasverwaal/Robust-Rail-NL/mathematical-models/scenarios_solver_types_120/scenario_solver_32_trains_1_units9.json","Cost of next node: Cost = 459.8 : 526.08 | cr=12, dd=2, da=2, tlv=13, sm=64, rd=86.25, cd=0, um=0","Time elapsed: 33.01 seconds","/home/thomasverwaal/Robust-Rail-NL/mathematical-models/local_search_plans_discreet_120/plan_32_trains_1_units9.json"
"/home/thomasverwaal/Robust-Rail-NL/mathematical-models/scenarios_solver_types_120/scenario_solver_32_trains_1_units9.json","Cost of next node: Cost = 449.8 : 516.08 | cr=11, dd=2, da=2, tlv=13, sm=64, rd=86.25, cd=0, um=0","Time elapsed: 36.67 seconds","/home/thomasverwaal/Robust-Rail-NL/mathematical-models/local_search_plans_discreet_120/plan_32_trains_1_units9.json"
"/home/thomasverwaal/Robust-Rail-NL/mathematical-models/scenarios_solver_types_120/scenario_solver_32_trains_1_units9.json","Cost of next node: Cost = 409.8 : 476.08 | cr=12, dd=1, da=2, tlv=13, sm=64, rd=86.25, cd=0, um=0","Time elapsed: 36.85 seconds","/home/thomasverwaal/Robust-Rail-NL/mathematical-models/local_search_plans_discreet_120/plan_32_trains_1_units9.json"
"/home/thomasverwaal/Robust-Rail-NL/mathematical-models/scenarios_solver_types_120/scenario_solver_32_trains_1_units9.json","Cost of next node: Cost = 310.0 : 381.28 | cr=10, dd=0, da=0, tlv=14, sm=64, rd=80.62, cd=0, um=0","Time elapsed: 37.14 seconds","/home/thomasverwaal/Robust-Rail-NL/mathematical-models/local_search_plans_discreet_120/plan_32_trains_1_units9.json"
"/home/thomasverwaal/Robust-Rail-NL/mathematical-models/scenarios_solver_types_120/scenario_solver_32_trains_1_units9.json","Cost of next node: Cost = 300.0 : 371.28 | cr=9, dd=0, da=0, tlv=14, sm=64, rd=80.62, cd=0, um=0","Time elapsed: 40.66 seconds","/home/thomasverwaal/Robust-Rail-NL/mathematical-models/local_search_plans_discreet_120/plan_32_trains_1_units9.json"
"/home/thomasverwaal/Robust-Rail-NL/mathematical-models/scenarios_solver_types_120/scenario_solver_32_trains_1_units9.json","Cost of next node: Cost = 290.0 : 361.28 | cr=8, dd=0, da=0, tlv=14, sm=64, rd=82.50, cd=0, um=0","Time elapsed: 44.12 seconds","/home/thomasverwaal/Robust-Rail-NL/mathematical-models/local_search_plans_discreet_120/plan_32_trains_1_units9.json"
"/home/thomasverwaal/Robust-Rail-NL/mathematical-models/scenarios_solver_types_120/scenario_solver_32_trains_1_units9.json","Cost of next node: Cost = 280.0 : 351.28 | cr=7, dd=0, da=0, tlv=14, sm=64, rd=80.62, cd=0, um=0","Time elapsed: 47.20 seconds","/home/thomasverwaal/Robust-Rail-NL/mathematical-models/local_search_plans_discreet_120/plan_32_trains_1_units9.json"
"/home/thomasverwaal/Robust-Rail-NL/mathematical-models/scenarios_solver_types_120/scenario_solver_32_trains_1_units9.json","Cost of next node: Cost = 270.0 : 341.28 | cr=6, dd=0, da=0, tlv=14, sm=64, rd=80.62, cd=0, um=0","Time elapsed: 49.98 seconds","/home/thomasverwaal/Robust-Rail-NL/mathematical-models/local_search_plans_discreet_120/plan_32_trains_1_units9.json"
"/home/thomasverwaal/Robust-Rail-NL/mathematical-models/scenarios_solver_types_120/scenario_solver_32_trains_1_units9.json","Cost of next node: Cost = 260.0 : 331.28 | cr=5, dd=0, da=0, tlv=14, sm=64, rd=80.62, cd=0, um=0","Time elapsed: 52.58 seconds","/home/thomasverwaal/Robust-Rail-NL/mathematical-models/local_search_plans_discreet_120/plan_32_trains_1_units9.json"
"/home/thomasverwaal/Robust-Rail-NL/mathematical-models/scenarios_solver_types_120/scenario_solver_32_trains_1_units9.json","Cost of next node: Cost = 250.0 : 321.28 | cr=4, dd=0, da=0, tlv=14, sm=64, rd=80.62, cd=0, um=0","Time elapsed: 54.86 seconds","/home/thomasverwaal/Robust-Rail-NL/mathematical-models/local_search_plans_discreet_120/plan_32_trains_1_units9.json"
"/home/thomasverwaal/Robust-Rail-NL/mathematical-models/scenarios_solver_types_120/scenario_solver_32_trains_1_units9.json","Cost of next node: Cost = 245.0 : 321.28 | cr=2, dd=0, da=0, tlv=15, sm=64, rd=78.75, cd=0, um=0","Time elapsed: 56.52 seconds","/home/thomasverwaal/Robust-Rail-NL/mathematical-models/local_search_plans_discreet_120/plan_32_trains_1_units9.json"
"/home/thomasverwaal/Robust-Rail-NL/mathematical-models/scenarios_solver_types_120/scenario_solver_32_trains_1_units9.json","Cost of next node: Cost = 230.0 : 301.28 | cr=2, dd=0, da=0, tlv=14, sm=64, rd=80.62, cd=0, um=0","Time elapsed: 58.23 seconds","/home/thomasverwaal/Robust-Rail-NL/mathematical-models/local_search_plans_discreet_120/plan_32_trains_1_units9.json"
"/home/thomasverwaal/Robust-Rail-NL/mathematical-models/scenarios_solver_types_120/scenario_solver_32_trains_1_units9.json","Cost of next node: Cost = 220.0 : 291.28 | cr=1, dd=0, da=0, tlv=14, sm=64, rd=80.62, cd=0, um=0","Time elapsed: 63.45 seconds","/home/thomasverwaal/Robust-Rail-NL/mathematical-models/local_search_plans_discreet_120/plan_32_trains_1_units9.json"
"/home/thomasverwaal/Robust-Rail-NL/mathematical-models/scenarios_solver_types_120/scenario_solver_32_trains_1_units9.json","Cost of next node: Cost = 210.0 : 281.28 | cr=0, dd=0, da=0, tlv=14, sm=64, rd=84.38, cd=0, um=0","Time elapsed: 82.18 seconds","/home/thomasverwaal/Robust-Rail-NL/mathematical-models/local_search_plans_discreet_120/plan_32_trains_1_units9.json"
"/home/thomasverwaal/Robust-Rail-NL/mathematical-models/scenarios_solver_types_120/scenario_solver_32_trains_1_units9.json","Cost of next node: Cost = 205.0 : 271.30 | cr=1, dd=0, da=0, tlv=13, sm=65, rd=86.77, cd=0, um=0","Time elapsed: 156.96 seconds","/home/thomasverwaal/Robust-Rail-NL/mathematical-models/local_search_plans_discreet_120/plan_32_trains_1_units9.json"
"/home/thomasverwaal/Robust-Rail-NL/mathematical-models/scenarios_solver_types_120/scenario_solver_32_trains_1_units9.json","Cost of next node: Cost = 195.0 : 261.30 | cr=0, dd=0, da=0, tlv=13, sm=65, rd=86.77, cd=0, um=0","Time elapsed: 157.84 seconds","/home/thomasverwaal/Robust-Rail-NL/mathematical-models/local_search_plans_discreet_120/plan_32_trains_1_units9.json"
"/home/thomasverwaal/Robust-Rail-NL/mathematical-models/scenarios_solver_types_120/scenario_solver_32_trains_1_units9.json","NO_COST_FOUND","NO_TIME_FOUND","NO_PLAN_CREATED"
