scenario,cost_line,time_line,plan_file
"/home/thomasverwaal/Robust-Rail-NL/mathematical-models/scenarios_solver_types_120/scenario_solver_32_trains_5_units1.json","Cost of next node: Cost = 2,818.9 : 2,820.21 | cr=47, dd=32, da=30, tlv=0, sm=64, rd=185.62, cd=0, um=0","Time elapsed: 4.43 seconds","/home/thomasverwaal/Robust-Rail-NL/mathematical-models/local_search_plans_discreet_120/plan_32_trains_5_units1.json"
"/home/thomasverwaal/Robust-Rail-NL/mathematical-models/scenarios_solver_types_120/scenario_solver_32_trains_5_units1.json","Cost of next node: Cost = 2,773.6 : 2,779.84 | cr=45, dd=32, da=29, tlv=1, sm=64, rd=182.81, cd=0, um=0","Time elapsed: 4.58 seconds","/home/thomasverwaal/Robust-Rail-NL/mathematical-models/local_search_plans_discreet_120/plan_32_trains_5_units1.json"
"/home/thomasverwaal/Robust-Rail-NL/mathematical-models/scenarios_solver_types_120/scenario_solver_32_trains_5_units1.json","Cost of next node: Cost = 2,687.5 : 2,693.81 | cr=44, dd=32, da=26, tlv=1, sm=64, rd=176.25, cd=0, um=0","Time elapsed: 4.75 seconds","/home/thomasverwaal/Robust-Rail-NL/mathematical-models/local_search_plans_discreet_120/plan_32_trains_5_units1.json"
"/home/thomasverwaal/Robust-Rail-NL/mathematical-models/scenarios_solver_types_120/scenario_solver_32_trains_5_units1.json","Cost of next node: Cost = 2,578.4 : 2,589.73 | cr=43, dd=32, da=20, tlv=2, sm=64, rd=173.44, cd=0, um=0","Time elapsed: 4.98 seconds","/home/thomasverwaal/Robust-Rail-NL/mathematical-models/local_search_plans_discreet_120/plan_32_trains_5_units1.json"
"/home/thomasverwaal/Robust-Rail-NL/mathematical-models/scenarios_solver_types_120/scenario_solver_32_trains_5_units1.json","Cost of next node: Cost = 2,550.9 : 2,557.19 | cr=42, dd=32, da=20, tlv=1, sm=64, rd=171.56, cd=0, um=0","Time elapsed: 5.16 seconds","/home/thomasverwaal/Robust-Rail-NL/mathematical-models/local_search_plans_discreet_120/plan_32_trains_5_units1.json"
"/home/thomasverwaal/Robust-Rail-NL/mathematical-models/scenarios_solver_types_120/scenario_solver_32_trains_5_units1.json","Cost of next node: Cost = 2,434.1 : 2,445.43 | cr=41, dd=32, da=14, tlv=2, sm=64, rd=166.88, cd=0, um=0","Time elapsed: 5.26 seconds","/home/thomasverwaal/Robust-Rail-NL/mathematical-models/local_search_plans_discreet_120/plan_32_trains_5_units1.json"
"/home/thomasverwaal/Robust-Rail-NL/mathematical-models/scenarios_solver_types_120/scenario_solver_32_trains_5_units1.json","Cost of next node: Cost = 2,388.9 : 2,405.19 | cr=41, dd=32, da=11, tlv=3, sm=64, rd=163.12, cd=0, um=0","Time elapsed: 5.46 seconds","/home/thomasverwaal/Robust-Rail-NL/mathematical-models/local_search_plans_discreet_120/plan_32_trains_5_units1.json"
"/home/thomasverwaal/Robust-Rail-NL/mathematical-models/scenarios_solver_types_120/scenario_solver_32_trains_5_units1.json","Cost of next node: Cost = 2,362.2 : 2,383.44 | cr=38, dd=32, da=11, tlv=4, sm=64, rd=161.25, cd=0, um=0","Time elapsed: 5.74 seconds","/home/thomasverwaal/Robust-Rail-NL/mathematical-models/local_search_plans_discreet_120/plan_32_trains_5_units1.json"
"/home/thomasverwaal/Robust-Rail-NL/mathematical-models/scenarios_solver_types_120/scenario_solver_32_trains_5_units1.json","Cost of next node: Cost = 2,340.8 : 2,362.10 | cr=36, dd=32, da=11, tlv=4, sm=64, rd=161.25, cd=0, um=0","Time elapsed: 6.07 seconds","/home/thomasverwaal/Robust-Rail-NL/mathematical-models/local_search_plans_discreet_120/plan_32_trains_5_units1.json"
"/home/thomasverwaal/Robust-Rail-NL/mathematical-models/scenarios_solver_types_120/scenario_solver_32_trains_5_units1.json","Cost of next node: Cost = 2,315.5 : 2,336.74 | cr=34, dd=32, da=11, tlv=4, sm=64, rd=157.50, cd=0, um=0","Time elapsed: 6.21 seconds","/home/thomasverwaal/Robust-Rail-NL/mathematical-models/local_search_plans_discreet_120/plan_32_trains_5_units1.json"
"/home/thomasverwaal/Robust-Rail-NL/mathematical-models/scenarios_solver_types_120/scenario_solver_32_trains_5_units1.json","Cost of next node: Cost = 2,293.3 : 2,319.58 | cr=29, dd=32, da=11, tlv=5, sm=64, rd=161.25, cd=0, um=0","Time elapsed: 6.35 seconds","/home/thomasverwaal/Robust-Rail-NL/mathematical-models/local_search_plans_discreet_120/plan_32_trains_5_units1.json"
"/home/thomasverwaal/Robust-Rail-NL/mathematical-models/scenarios_solver_types_120/scenario_solver_32_trains_5_units1.json","Cost of next node: Cost = 2,268.6 : 2,294.83 | cr=28, dd=32, da=11, tlv=5, sm=64, rd=155.62, cd=0, um=0","Time elapsed: 6.54 seconds","/home/thomasverwaal/Robust-Rail-NL/mathematical-models/local_search_plans_discreet_120/plan_32_trains_5_units1.json"
"/home/thomasverwaal/Robust-Rail-NL/mathematical-models/scenarios_solver_types_120/scenario_solver_32_trains_5_units1.json","Cost of next node: Cost = 2,247.2 : 2,273.47 | cr=25, dd=32, da=11, tlv=5, sm=64, rd=160.31, cd=0, um=0","Time elapsed: 6.62 seconds","/home/thomasverwaal/Robust-Rail-NL/mathematical-models/local_search_plans_discreet_120/plan_32_trains_5_units1.json"
"/home/thomasverwaal/Robust-Rail-NL/mathematical-models/scenarios_solver_types_120/scenario_solver_32_trains_5_units1.json","Cost of next node: Cost = 2,225.7 : 2,256.97 | cr=24, dd=32, da=11, tlv=6, sm=64, rd=152.81, cd=0, um=0","Time elapsed: 6.83 seconds","/home/thomasverwaal/Robust-Rail-NL/mathematical-models/local_search_plans_discreet_120/plan_32_trains_5_units1.json"
"/home/thomasverwaal/Robust-Rail-NL/mathematical-models/scenarios_solver_types_120/scenario_solver_32_trains_5_units1.json","Cost of next node: Cost = 2,186.2 : 2,222.45 | cr=21, dd=32, da=10, tlv=7, sm=64, rd=149.06, cd=0, um=0","Time elapsed: 7.38 seconds","/home/thomasverwaal/Robust-Rail-NL/mathematical-models/local_search_plans_discreet_120/plan_32_trains_5_units1.json"
"/home/thomasverwaal/Robust-Rail-NL/mathematical-models/scenarios_solver_types_120/scenario_solver_32_trains_5_units1.json","Cost of next node: Cost = 2,156.8 : 2,198.08 | cr=14, dd=32, da=10, tlv=8, sm=64, rd=154.69, cd=0, um=0","Time elapsed: 7.64 seconds","/home/thomasverwaal/Robust-Rail-NL/mathematical-models/local_search_plans_discreet_120/plan_32_trains_5_units1.json"
"/home/thomasverwaal/Robust-Rail-NL/mathematical-models/scenarios_solver_types_120/scenario_solver_32_trains_5_units1.json","Cost of next node: Cost = 2,129.1 : 2,175.36 | cr=15, dd=32, da=9, tlv=9, sm=64, rd=145.31, cd=0, um=0","Time elapsed: 7.91 seconds","/home/thomasverwaal/Robust-Rail-NL/mathematical-models/local_search_plans_discreet_120/plan_32_trains_5_units1.json"
"/home/thomasverwaal/Robust-Rail-NL/mathematical-models/scenarios_solver_types_120/scenario_solver_32_trains_5_units1.json","Cost of next node: Cost = 2,106.4 : 2,152.63 | cr=13, dd=32, da=9, tlv=9, sm=64, rd=142.50, cd=0, um=0","Time elapsed: 8.30 seconds","/home/thomasverwaal/Robust-Rail-NL/mathematical-models/local_search_plans_discreet_120/plan_32_trains_5_units1.json"
"/home/thomasverwaal/Robust-Rail-NL/mathematical-models/scenarios_solver_types_120/scenario_solver_32_trains_5_units1.json","Cost of next node: Cost = 2,084.5 : 2,135.74 | cr=11, dd=32, da=9, tlv=10, sm=64, rd=136.88, cd=0, um=0","Time elapsed: 8.68 seconds","/home/thomasverwaal/Robust-Rail-NL/mathematical-models/local_search_plans_discreet_120/plan_32_trains_5_units1.json"
"/home/thomasverwaal/Robust-Rail-NL/mathematical-models/scenarios_solver_types_120/scenario_solver_32_trains_5_units1.json","Cost of next node: Cost = 1,941.0 : 1,992.24 | cr=14, dd=29, da=9, tlv=10, sm=64, rd=126.56, cd=0, um=0","Time elapsed: 9.06 seconds","/home/thomasverwaal/Robust-Rail-NL/mathematical-models/local_search_plans_discreet_120/plan_32_trains_5_units1.json"
"/home/thomasverwaal/Robust-Rail-NL/mathematical-models/scenarios_solver_types_120/scenario_solver_32_trains_5_units1.json","Cost of next node: Cost = 1,861.4 : 1,912.64 | cr=16, dd=27, da=9, tlv=10, sm=64, rd=124.69, cd=0, um=0","Time elapsed: 9.16 seconds","/home/thomasverwaal/Robust-Rail-NL/mathematical-models/local_search_plans_discreet_120/plan_32_trains_5_units1.json"
"/home/thomasverwaal/Robust-Rail-NL/mathematical-models/scenarios_solver_types_120/scenario_solver_32_trains_5_units1.json","Cost of next node: Cost = 1,502.3 : 1,558.57 | cr=16, dd=20, da=8, tlv=11, sm=64, rd=120.00, cd=0, um=0","Time elapsed: 9.27 seconds","/home/thomasverwaal/Robust-Rail-NL/mathematical-models/local_search_plans_discreet_120/plan_32_trains_5_units1.json"
"/home/thomasverwaal/Robust-Rail-NL/mathematical-models/scenarios_solver_types_120/scenario_solver_32_trains_5_units1.json","Cost of next node: Cost = 1,461.7 : 1,517.93 | cr=17, dd=19, da=8, tlv=11, sm=64, rd=120.00, cd=0, um=0","Time elapsed: 9.37 seconds","/home/thomasverwaal/Robust-Rail-NL/mathematical-models/local_search_plans_discreet_120/plan_32_trains_5_units1.json"
"/home/thomasverwaal/Robust-Rail-NL/mathematical-models/scenarios_solver_types_120/scenario_solver_32_trains_5_units1.json","Cost of next node: Cost = 1,436.7 : 1,487.93 | cr=16, dd=19, da=8, tlv=10, sm=64, rd=120.00, cd=0, um=0","Time elapsed: 9.67 seconds","/home/thomasverwaal/Robust-Rail-NL/mathematical-models/local_search_plans_discreet_120/plan_32_trains_5_units1.json"
"/home/thomasverwaal/Robust-Rail-NL/mathematical-models/scenarios_solver_types_120/scenario_solver_32_trains_5_units1.json","Cost of next node: Cost = 1,292.5 : 1,348.80 | cr=17, dd=16, da=7, tlv=11, sm=64, rd=114.38, cd=0, um=0","Time elapsed: 9.90 seconds","/home/thomasverwaal/Robust-Rail-NL/mathematical-models/local_search_plans_discreet_120/plan_32_trains_5_units1.json"
"/home/thomasverwaal/Robust-Rail-NL/mathematical-models/scenarios_solver_types_120/scenario_solver_32_trains_5_units1.json","Cost of next node: Cost = 1,228.9 : 1,290.18 | cr=19, dd=14, da=7, tlv=12, sm=64, rd=108.75, cd=0, um=0","Time elapsed: 10.19 seconds","/home/thomasverwaal/Robust-Rail-NL/mathematical-models/local_search_plans_discreet_120/plan_32_trains_5_units1.json"
"/home/thomasverwaal/Robust-Rail-NL/mathematical-models/scenarios_solver_types_120/scenario_solver_32_trains_5_units1.json","Cost of next node: Cost = 1,163.9 : 1,230.18 | cr=19, dd=14, da=3, tlv=13, sm=64, rd=103.12, cd=0, um=0","Time elapsed: 10.42 seconds","/home/thomasverwaal/Robust-Rail-NL/mathematical-models/local_search_plans_discreet_120/plan_32_trains_5_units1.json"
"/home/thomasverwaal/Robust-Rail-NL/mathematical-models/scenarios_solver_types_120/scenario_solver_32_trains_5_units1.json","Cost of next node: Cost = 1,100.1 : 1,171.42 | cr=18, dd=13, da=2, tlv=14, sm=64, rd=99.38, cd=0, um=0","Time elapsed: 10.72 seconds","/home/thomasverwaal/Robust-Rail-NL/mathematical-models/local_search_plans_discreet_120/plan_32_trains_5_units1.json"
"/home/thomasverwaal/Robust-Rail-NL/mathematical-models/scenarios_solver_types_120/scenario_solver_32_trains_5_units1.json","Cost of next node: Cost = 1,053.6 : 1,129.90 | cr=19, dd=12, da=1, tlv=15, sm=64, rd=95.62, cd=0, um=0","Time elapsed: 10.99 seconds","/home/thomasverwaal/Robust-Rail-NL/mathematical-models/local_search_plans_discreet_120/plan_32_trains_5_units1.json"
"/home/thomasverwaal/Robust-Rail-NL/mathematical-models/scenarios_solver_types_120/scenario_solver_32_trains_5_units1.json","Cost of next node: Cost = 980.0 : 1,061.28 | cr=18, dd=11, da=0, tlv=16, sm=64, rd=90.94, cd=0, um=0","Time elapsed: 11.38 seconds","/home/thomasverwaal/Robust-Rail-NL/mathematical-models/local_search_plans_discreet_120/plan_32_trains_5_units1.json"
"/home/thomasverwaal/Robust-Rail-NL/mathematical-models/scenarios_solver_types_120/scenario_solver_32_trains_5_units1.json","Cost of next node: Cost = 891.1 : 972.38 | cr=19, dd=9, da=0, tlv=16, sm=64, rd=88.12, cd=0, um=0","Time elapsed: 11.49 seconds","/home/thomasverwaal/Robust-Rail-NL/mathematical-models/local_search_plans_discreet_120/plan_32_trains_5_units1.json"
"/home/thomasverwaal/Robust-Rail-NL/mathematical-models/scenarios_solver_types_120/scenario_solver_32_trains_5_units1.json","Cost of next node: Cost = 861.1 : 942.38 | cr=16, dd=9, da=0, tlv=16, sm=64, rd=88.12, cd=0, um=0","Time elapsed: 11.59 seconds","/home/thomasverwaal/Robust-Rail-NL/mathematical-models/local_search_plans_discreet_120/plan_32_trains_5_units1.json"
"/home/thomasverwaal/Robust-Rail-NL/mathematical-models/scenarios_solver_types_120/scenario_solver_32_trains_5_units1.json","Cost of next node: Cost = 825.0 : 911.28 | cr=16, dd=8, da=0, tlv=17, sm=64, rd=86.25, cd=0, um=0","Time elapsed: 11.91 seconds","/home/thomasverwaal/Robust-Rail-NL/mathematical-models/local_search_plans_discreet_120/plan_32_trains_5_units1.json"
"/home/thomasverwaal/Robust-Rail-NL/mathematical-models/scenarios_solver_types_120/scenario_solver_32_trains_5_units1.json","Cost of next node: Cost = 460.0 : 551.28 | cr=19, dd=0, da=0, tlv=18, sm=64, rd=75.00, cd=0, um=0","Time elapsed: 12.20 seconds","/home/thomasverwaal/Robust-Rail-NL/mathematical-models/local_search_plans_discreet_120/plan_32_trains_5_units1.json"
"/home/thomasverwaal/Robust-Rail-NL/mathematical-models/scenarios_solver_types_120/scenario_solver_32_trains_5_units1.json","Cost of next node: Cost = 420.0 : 511.28 | cr=15, dd=0, da=0, tlv=18, sm=64, rd=75.00, cd=0, um=0","Time elapsed: 12.30 seconds","/home/thomasverwaal/Robust-Rail-NL/mathematical-models/local_search_plans_discreet_120/plan_32_trains_5_units1.json"
"/home/thomasverwaal/Robust-Rail-NL/mathematical-models/scenarios_solver_types_120/scenario_solver_32_trains_5_units1.json","Cost of next node: Cost = 395.0 : 481.28 | cr=14, dd=0, da=0, tlv=17, sm=64, rd=75.00, cd=0, um=0","Time elapsed: 12.84 seconds","/home/thomasverwaal/Robust-Rail-NL/mathematical-models/local_search_plans_discreet_120/plan_32_trains_5_units1.json"
"/home/thomasverwaal/Robust-Rail-NL/mathematical-models/scenarios_solver_types_120/scenario_solver_32_trains_5_units1.json","Cost of next node: Cost = 380.0 : 461.28 | cr=14, dd=0, da=0, tlv=16, sm=64, rd=76.88, cd=0, um=0","Time elapsed: 16.94 seconds","/home/thomasverwaal/Robust-Rail-NL/mathematical-models/local_search_plans_discreet_120/plan_32_trains_5_units1.json"
"/home/thomasverwaal/Robust-Rail-NL/mathematical-models/scenarios_solver_types_120/scenario_solver_32_trains_5_units1.json","Cost of next node: Cost = 365.0 : 441.28 | cr=14, dd=0, da=0, tlv=15, sm=64, rd=78.75, cd=0, um=0","Time elapsed: 20.44 seconds","/home/thomasverwaal/Robust-Rail-NL/mathematical-models/local_search_plans_discreet_120/plan_32_trains_5_units1.json"
"/home/thomasverwaal/Robust-Rail-NL/mathematical-models/scenarios_solver_types_120/scenario_solver_32_trains_5_units1.json","Cost of next node: Cost = 350.0 : 421.28 | cr=14, dd=0, da=0, tlv=14, sm=64, rd=80.62, cd=0, um=0","Time elapsed: 23.70 seconds","/home/thomasverwaal/Robust-Rail-NL/mathematical-models/local_search_plans_discreet_120/plan_32_trains_5_units1.json"
"/home/thomasverwaal/Robust-Rail-NL/mathematical-models/scenarios_solver_types_120/scenario_solver_32_trains_5_units1.json","Cost of next node: Cost = 340.0 : 411.28 | cr=13, dd=0, da=0, tlv=14, sm=64, rd=80.62, cd=0, um=0","Time elapsed: 26.34 seconds","/home/thomasverwaal/Robust-Rail-NL/mathematical-models/local_search_plans_discreet_120/plan_32_trains_5_units1.json"
"/home/thomasverwaal/Robust-Rail-NL/mathematical-models/scenarios_solver_types_120/scenario_solver_32_trains_5_units1.json","Cost of next node: Cost = 330.0 : 401.28 | cr=12, dd=0, da=0, tlv=14, sm=64, rd=80.62, cd=0, um=0","Time elapsed: 28.94 seconds","/home/thomasverwaal/Robust-Rail-NL/mathematical-models/local_search_plans_discreet_120/plan_32_trains_5_units1.json"
"/home/thomasverwaal/Robust-Rail-NL/mathematical-models/scenarios_solver_types_120/scenario_solver_32_trains_5_units1.json","Cost of next node: Cost = 320.0 : 391.28 | cr=11, dd=0, da=0, tlv=14, sm=64, rd=80.62, cd=0, um=0","Time elapsed: 31.35 seconds","/home/thomasverwaal/Robust-Rail-NL/mathematical-models/local_search_plans_discreet_120/plan_32_trains_5_units1.json"
"/home/thomasverwaal/Robust-Rail-NL/mathematical-models/scenarios_solver_types_120/scenario_solver_32_trains_5_units1.json","Cost of next node: Cost = 310.0 : 381.28 | cr=10, dd=0, da=0, tlv=14, sm=64, rd=82.50, cd=0, um=0","Time elapsed: 33.38 seconds","/home/thomasverwaal/Robust-Rail-NL/mathematical-models/local_search_plans_discreet_120/plan_32_trains_5_units1.json"
"/home/thomasverwaal/Robust-Rail-NL/mathematical-models/scenarios_solver_types_120/scenario_solver_32_trains_5_units1.json","Cost of next node: Cost = 300.0 : 371.28 | cr=9, dd=0, da=0, tlv=14, sm=64, rd=82.50, cd=0, um=0","Time elapsed: 35.44 seconds","/home/thomasverwaal/Robust-Rail-NL/mathematical-models/local_search_plans_discreet_120/plan_32_trains_5_units1.json"
"/home/thomasverwaal/Robust-Rail-NL/mathematical-models/scenarios_solver_types_120/scenario_solver_32_trains_5_units1.json","Cost of next node: Cost = 290.0 : 361.28 | cr=8, dd=0, da=0, tlv=14, sm=64, rd=82.50, cd=0, um=0","Time elapsed: 37.63 seconds","/home/thomasverwaal/Robust-Rail-NL/mathematical-models/local_search_plans_discreet_120/plan_32_trains_5_units1.json"
"/home/thomasverwaal/Robust-Rail-NL/mathematical-models/scenarios_solver_types_120/scenario_solver_32_trains_5_units1.json","Cost of next node: Cost = 280.0 : 351.28 | cr=7, dd=0, da=0, tlv=14, sm=64, rd=82.50, cd=0, um=0","Time elapsed: 39.47 seconds","/home/thomasverwaal/Robust-Rail-NL/mathematical-models/local_search_plans_discreet_120/plan_32_trains_5_units1.json"
"/home/thomasverwaal/Robust-Rail-NL/mathematical-models/scenarios_solver_types_120/scenario_solver_32_trains_5_units1.json","Cost of next node: Cost = 270.0 : 341.28 | cr=6, dd=0, da=0, tlv=14, sm=64, rd=82.50, cd=0, um=0","Time elapsed: 41.37 seconds","/home/thomasverwaal/Robust-Rail-NL/mathematical-models/local_search_plans_discreet_120/plan_32_trains_5_units1.json"
"/home/thomasverwaal/Robust-Rail-NL/mathematical-models/scenarios_solver_types_120/scenario_solver_32_trains_5_units1.json","Cost of next node: Cost = 260.0 : 331.28 | cr=5, dd=0, da=0, tlv=14, sm=64, rd=82.50, cd=0, um=0","Time elapsed: 42.90 seconds","/home/thomasverwaal/Robust-Rail-NL/mathematical-models/local_search_plans_discreet_120/plan_32_trains_5_units1.json"
"/home/thomasverwaal/Robust-Rail-NL/mathematical-models/scenarios_solver_types_120/scenario_solver_32_trains_5_units1.json","Cost of next node: Cost = 250.0 : 321.28 | cr=4, dd=0, da=0, tlv=14, sm=64, rd=82.50, cd=0, um=0","Time elapsed: 44.29 seconds","/home/thomasverwaal/Robust-Rail-NL/mathematical-models/local_search_plans_discreet_120/plan_32_trains_5_units1.json"
"/home/thomasverwaal/Robust-Rail-NL/mathematical-models/scenarios_solver_types_120/scenario_solver_32_trains_5_units1.json","Cost of next node: Cost = 240.0 : 311.30 | cr=3, dd=0, da=0, tlv=14, sm=65, rd=83.08, cd=0, um=0","Time elapsed: 45.51 seconds","/home/thomasverwaal/Robust-Rail-NL/mathematical-models/local_search_plans_discreet_120/plan_32_trains_5_units1.json"
"/home/thomasverwaal/Robust-Rail-NL/mathematical-models/scenarios_solver_types_120/scenario_solver_32_trains_5_units1.json","Cost of next node: Cost = 235.0 : 301.30 | cr=4, dd=0, da=0, tlv=13, sm=65, rd=84.92, cd=0, um=0","Time elapsed: 46.77 seconds","/home/thomasverwaal/Robust-Rail-NL/mathematical-models/local_search_plans_discreet_120/plan_32_trains_5_units1.json"
"/home/thomasverwaal/Robust-Rail-NL/mathematical-models/scenarios_solver_types_120/scenario_solver_32_trains_5_units1.json","Cost of next node: Cost = 225.0 : 291.30 | cr=3, dd=0, da=0, tlv=13, sm=65, rd=84.92, cd=0, um=0","Time elapsed: 48.22 seconds","/home/thomasverwaal/Robust-Rail-NL/mathematical-models/local_search_plans_discreet_120/plan_32_trains_5_units1.json"
"/home/thomasverwaal/Robust-Rail-NL/mathematical-models/scenarios_solver_types_120/scenario_solver_32_trains_5_units1.json","Cost of next node: Cost = 215.0 : 281.32 | cr=2, dd=0, da=0, tlv=13, sm=66, rd=83.64, cd=0, um=0","Time elapsed: 52.76 seconds","/home/thomasverwaal/Robust-Rail-NL/mathematical-models/local_search_plans_discreet_120/plan_32_trains_5_units1.json"
"/home/thomasverwaal/Robust-Rail-NL/mathematical-models/scenarios_solver_types_120/scenario_solver_32_trains_5_units1.json","Cost of next node: Cost = 205.0 : 271.32 | cr=1, dd=0, da=0, tlv=13, sm=66, rd=83.64, cd=0, um=0","Time elapsed: 68.47 seconds","/home/thomasverwaal/Robust-Rail-NL/mathematical-models/local_search_plans_discreet_120/plan_32_trains_5_units1.json"
"/home/thomasverwaal/Robust-Rail-NL/mathematical-models/scenarios_solver_types_120/scenario_solver_32_trains_5_units1.json","Cost of next node: Cost = 200.0 : 261.34 | cr=2, dd=0, da=0, tlv=12, sm=67, rd=85.97, cd=0, um=0","Time elapsed: 89.42 seconds","/home/thomasverwaal/Robust-Rail-NL/mathematical-models/local_search_plans_discreet_120/plan_32_trains_5_units1.json"
"/home/thomasverwaal/Robust-Rail-NL/mathematical-models/scenarios_solver_types_120/scenario_solver_32_trains_5_units1.json","Cost of next node: Cost = 190.0 : 251.34 | cr=1, dd=0, da=0, tlv=12, sm=67, rd=89.55, cd=0, um=0","Time elapsed: 170.53 seconds","/home/thomasverwaal/Robust-Rail-NL/mathematical-models/local_search_plans_discreet_120/plan_32_trains_5_units1.json"
"/home/thomasverwaal/Robust-Rail-NL/mathematical-models/scenarios_solver_types_120/scenario_solver_32_trains_5_units1.json","NO_COST_FOUND","NO_TIME_FOUND","NO_PLAN_CREATED"
"/home/thomasverwaal/Robust-Rail-NL/mathematical-models/scenarios_solver_types_120/scenario_solver_32_trains_5_units10.json","Cost of next node: Cost = 2,769.4 : 2,770.71 | cr=45, dd=32, da=30, tlv=0, sm=64, rd=178.12, cd=0, um=0","Time elapsed: 4.44 seconds","/home/thomasverwaal/Robust-Rail-NL/mathematical-models/local_search_plans_discreet_120/plan_32_trains_5_units10.json"
"/home/thomasverwaal/Robust-Rail-NL/mathematical-models/scenarios_solver_types_120/scenario_solver_32_trains_5_units10.json","Cost of next node: Cost = 2,740.1 : 2,741.34 | cr=41, dd=32, da=30, tlv=0, sm=64, rd=182.81, cd=0, um=0","Time elapsed: 4.52 seconds","/home/thomasverwaal/Robust-Rail-NL/mathematical-models/local_search_plans_discreet_120/plan_32_trains_5_units10.json"
"/home/thomasverwaal/Robust-Rail-NL/mathematical-models/scenarios_solver_types_120/scenario_solver_32_trains_5_units10.json","Cost of next node: Cost = 2,716.6 : 2,717.89 | cr=39, dd=32, da=30, tlv=0, sm=64, rd=182.81, cd=0, um=0","Time elapsed: 4.63 seconds","/home/thomasverwaal/Robust-Rail-NL/mathematical-models/local_search_plans_discreet_120/plan_32_trains_5_units10.json"
"/home/thomasverwaal/Robust-Rail-NL/mathematical-models/scenarios_solver_types_120/scenario_solver_32_trains_5_units10.json","Cost of next node: Cost = 2,671.8 : 2,678.06 | cr=39, dd=32, da=28, tlv=1, sm=64, rd=180.00, cd=0, um=0","Time elapsed: 4.77 seconds","/home/thomasverwaal/Robust-Rail-NL/mathematical-models/local_search_plans_discreet_120/plan_32_trains_5_units10.json"
"/home/thomasverwaal/Robust-Rail-NL/mathematical-models/scenarios_solver_types_120/scenario_solver_32_trains_5_units10.json","Cost of next node: Cost = 2,629.4 : 2,635.73 | cr=44, dd=32, da=23, tlv=1, sm=64, rd=180.94, cd=0, um=0","Time elapsed: 4.91 seconds","/home/thomasverwaal/Robust-Rail-NL/mathematical-models/local_search_plans_discreet_120/plan_32_trains_5_units10.json"
"/home/thomasverwaal/Robust-Rail-NL/mathematical-models/scenarios_solver_types_120/scenario_solver_32_trains_5_units10.json","Cost of next node: Cost = 2,602.7 : 2,608.96 | cr=42, dd=32, da=23, tlv=1, sm=64, rd=177.19, cd=0, um=0","Time elapsed: 5.02 seconds","/home/thomasverwaal/Robust-Rail-NL/mathematical-models/local_search_plans_discreet_120/plan_32_trains_5_units10.json"
"/home/thomasverwaal/Robust-Rail-NL/mathematical-models/scenarios_solver_types_120/scenario_solver_32_trains_5_units10.json","Cost of next node: Cost = 2,513.4 : 2,524.70 | cr=39, dd=32, da=19, tlv=2, sm=64, rd=174.38, cd=0, um=0","Time elapsed: 5.13 seconds","/home/thomasverwaal/Robust-Rail-NL/mathematical-models/local_search_plans_discreet_120/plan_32_trains_5_units10.json"
"/home/thomasverwaal/Robust-Rail-NL/mathematical-models/scenarios_solver_types_120/scenario_solver_32_trains_5_units10.json","Cost of next node: Cost = 2,488.8 : 2,505.10 | cr=39, dd=32, da=17, tlv=3, sm=64, rd=172.50, cd=0, um=0","Time elapsed: 5.28 seconds","/home/thomasverwaal/Robust-Rail-NL/mathematical-models/local_search_plans_discreet_120/plan_32_trains_5_units10.json"
"/home/thomasverwaal/Robust-Rail-NL/mathematical-models/scenarios_solver_types_120/scenario_solver_32_trains_5_units10.json","Cost of next node: Cost = 2,448.4 : 2,469.69 | cr=40, dd=32, da=14, tlv=4, sm=64, rd=165.00, cd=0, um=0","Time elapsed: 5.37 seconds","/home/thomasverwaal/Robust-Rail-NL/mathematical-models/local_search_plans_discreet_120/plan_32_trains_5_units10.json"
"/home/thomasverwaal/Robust-Rail-NL/mathematical-models/scenarios_solver_types_120/scenario_solver_32_trains_5_units10.json","Cost of next node: Cost = 2,413.4 : 2,439.69 | cr=35, dd=32, da=14, tlv=5, sm=64, rd=165.00, cd=0, um=0","Time elapsed: 5.57 seconds","/home/thomasverwaal/Robust-Rail-NL/mathematical-models/local_search_plans_discreet_120/plan_32_trains_5_units10.json"
"/home/thomasverwaal/Robust-Rail-NL/mathematical-models/scenarios_solver_types_120/scenario_solver_32_trains_5_units10.json","Cost of next node: Cost = 2,391.3 : 2,417.60 | cr=33, dd=32, da=14, tlv=5, sm=64, rd=161.25, cd=0, um=0","Time elapsed: 5.99 seconds","/home/thomasverwaal/Robust-Rail-NL/mathematical-models/local_search_plans_discreet_120/plan_32_trains_5_units10.json"
"/home/thomasverwaal/Robust-Rail-NL/mathematical-models/scenarios_solver_types_120/scenario_solver_32_trains_5_units10.json","Cost of next node: Cost = 2,368.7 : 2,395.01 | cr=32, dd=32, da=14, tlv=5, sm=64, rd=157.50, cd=0, um=0","Time elapsed: 6.16 seconds","/home/thomasverwaal/Robust-Rail-NL/mathematical-models/local_search_plans_discreet_120/plan_32_trains_5_units10.json"
"/home/thomasverwaal/Robust-Rail-NL/mathematical-models/scenarios_solver_types_120/scenario_solver_32_trains_5_units10.json","Cost of next node: Cost = 2,336.0 : 2,362.28 | cr=29, dd=32, da=14, tlv=5, sm=64, rd=155.62, cd=0, um=0","Time elapsed: 6.33 seconds","/home/thomasverwaal/Robust-Rail-NL/mathematical-models/local_search_plans_discreet_120/plan_32_trains_5_units10.json"
"/home/thomasverwaal/Robust-Rail-NL/mathematical-models/scenarios_solver_types_120/scenario_solver_32_trains_5_units10.json","Cost of next node: Cost = 2,311.9 : 2,338.16 | cr=29, dd=32, da=13, tlv=5, sm=64, rd=151.88, cd=0, um=0","Time elapsed: 6.68 seconds","/home/thomasverwaal/Robust-Rail-NL/mathematical-models/local_search_plans_discreet_120/plan_32_trains_5_units10.json"
"/home/thomasverwaal/Robust-Rail-NL/mathematical-models/scenarios_solver_types_120/scenario_solver_32_trains_5_units10.json","Cost of next node: Cost = 2,286.5 : 2,317.82 | cr=27, dd=32, da=12, tlv=6, sm=64, rd=150.00, cd=0, um=0","Time elapsed: 7.15 seconds","/home/thomasverwaal/Robust-Rail-NL/mathematical-models/local_search_plans_discreet_120/plan_32_trains_5_units10.json"
"/home/thomasverwaal/Robust-Rail-NL/mathematical-models/scenarios_solver_types_120/scenario_solver_32_trains_5_units10.json","Cost of next node: Cost = 2,256.5 : 2,292.82 | cr=22, dd=32, da=12, tlv=7, sm=64, rd=154.69, cd=0, um=0","Time elapsed: 7.63 seconds","/home/thomasverwaal/Robust-Rail-NL/mathematical-models/local_search_plans_discreet_120/plan_32_trains_5_units10.json"
"/home/thomasverwaal/Robust-Rail-NL/mathematical-models/scenarios_solver_types_120/scenario_solver_32_trains_5_units10.json","Cost of next node: Cost = 2,220.1 : 2,261.36 | cr=20, dd=32, da=11, tlv=8, sm=64, rd=149.06, cd=0, um=0","Time elapsed: 8.14 seconds","/home/thomasverwaal/Robust-Rail-NL/mathematical-models/local_search_plans_discreet_120/plan_32_trains_5_units10.json"
"/home/thomasverwaal/Robust-Rail-NL/mathematical-models/scenarios_solver_types_120/scenario_solver_32_trains_5_units10.json","Cost of next node: Cost = 2,199.8 : 2,241.12 | cr=21, dd=32, da=10, tlv=8, sm=64, rd=148.12, cd=0, um=0","Time elapsed: 8.72 seconds","/home/thomasverwaal/Robust-Rail-NL/mathematical-models/local_search_plans_discreet_120/plan_32_trains_5_units10.json"
"/home/thomasverwaal/Robust-Rail-NL/mathematical-models/scenarios_solver_types_120/scenario_solver_32_trains_5_units10.json","Cost of next node: Cost = 2,172.5 : 2,218.75 | cr=18, dd=32, da=10, tlv=9, sm=64, rd=145.31, cd=0, um=0","Time elapsed: 9.58 seconds","/home/thomasverwaal/Robust-Rail-NL/mathematical-models/local_search_plans_discreet_120/plan_32_trains_5_units10.json"
"/home/thomasverwaal/Robust-Rail-NL/mathematical-models/scenarios_solver_types_120/scenario_solver_32_trains_5_units10.json","Cost of next node: Cost = 2,136.5 : 2,182.83 | cr=16, dd=32, da=10, tlv=9, sm=64, rd=139.69, cd=0, um=0","Time elapsed: 9.92 seconds","/home/thomasverwaal/Robust-Rail-NL/mathematical-models/local_search_plans_discreet_120/plan_32_trains_5_units10.json"
"/home/thomasverwaal/Robust-Rail-NL/mathematical-models/scenarios_solver_types_120/scenario_solver_32_trains_5_units10.json","Cost of next node: Cost = 2,111.4 : 2,157.65 | cr=20, dd=31, da=10, tlv=9, sm=64, rd=127.50, cd=0, um=0","Time elapsed: 10.00 seconds","/home/thomasverwaal/Robust-Rail-NL/mathematical-models/local_search_plans_discreet_120/plan_32_trains_5_units10.json"
"/home/thomasverwaal/Robust-Rail-NL/mathematical-models/scenarios_solver_types_120/scenario_solver_32_trains_5_units10.json","Cost of next node: Cost = 2,013.3 : 2,059.56 | cr=20, dd=29, da=10, tlv=9, sm=64, rd=127.50, cd=0, um=0","Time elapsed: 10.08 seconds","/home/thomasverwaal/Robust-Rail-NL/mathematical-models/local_search_plans_discreet_120/plan_32_trains_5_units10.json"
"/home/thomasverwaal/Robust-Rail-NL/mathematical-models/scenarios_solver_types_120/scenario_solver_32_trains_5_units10.json","Cost of next node: Cost = 1,962.9 : 2,009.22 | cr=20, dd=28, da=10, tlv=9, sm=64, rd=127.50, cd=0, um=0","Time elapsed: 10.14 seconds","/home/thomasverwaal/Robust-Rail-NL/mathematical-models/local_search_plans_discreet_120/plan_32_trains_5_units10.json"
"/home/thomasverwaal/Robust-Rail-NL/mathematical-models/scenarios_solver_types_120/scenario_solver_32_trains_5_units10.json","Cost of next node: Cost = 1,912.5 : 1,958.75 | cr=20, dd=27, da=10, tlv=9, sm=64, rd=127.50, cd=0, um=0","Time elapsed: 10.27 seconds","/home/thomasverwaal/Robust-Rail-NL/mathematical-models/local_search_plans_discreet_120/plan_32_trains_5_units10.json"
"/home/thomasverwaal/Robust-Rail-NL/mathematical-models/scenarios_solver_types_120/scenario_solver_32_trains_5_units10.json","Cost of next node: Cost = 1,863.1 : 1,909.35 | cr=20, dd=26, da=10, tlv=9, sm=64, rd=127.50, cd=0, um=0","Time elapsed: 10.36 seconds","/home/thomasverwaal/Robust-Rail-NL/mathematical-models/local_search_plans_discreet_120/plan_32_trains_5_units10.json"
"/home/thomasverwaal/Robust-Rail-NL/mathematical-models/scenarios_solver_types_120/scenario_solver_32_trains_5_units10.json","Cost of next node: Cost = 1,813.8 : 1,860.13 | cr=19, dd=26, da=8, tlv=9, sm=64, rd=124.69, cd=0, um=0","Time elapsed: 10.54 seconds","/home/thomasverwaal/Robust-Rail-NL/mathematical-models/local_search_plans_discreet_120/plan_32_trains_5_units10.json"
"/home/thomasverwaal/Robust-Rail-NL/mathematical-models/scenarios_solver_types_120/scenario_solver_32_trains_5_units10.json","Cost of next node: Cost = 1,704.6 : 1,750.84 | cr=18, dd=24, da=8, tlv=9, sm=64, rd=122.81, cd=0, um=0","Time elapsed: 10.66 seconds","/home/thomasverwaal/Robust-Rail-NL/mathematical-models/local_search_plans_discreet_120/plan_32_trains_5_units10.json"
"/home/thomasverwaal/Robust-Rail-NL/mathematical-models/scenarios_solver_types_120/scenario_solver_32_trains_5_units10.json","Cost of next node: Cost = 1,650.8 : 1,697.06 | cr=23, dd=22, da=8, tlv=9, sm=64, rd=119.06, cd=0, um=0","Time elapsed: 10.88 seconds","/home/thomasverwaal/Robust-Rail-NL/mathematical-models/local_search_plans_discreet_120/plan_32_trains_5_units10.json"
"/home/thomasverwaal/Robust-Rail-NL/mathematical-models/scenarios_solver_types_120/scenario_solver_32_trains_5_units10.json","Cost of next node: Cost = 1,536.4 : 1,587.68 | cr=22, dd=20, da=7, tlv=10, sm=64, rd=118.12, cd=0, um=0","Time elapsed: 11.22 seconds","/home/thomasverwaal/Robust-Rail-NL/mathematical-models/local_search_plans_discreet_120/plan_32_trains_5_units10.json"
"/home/thomasverwaal/Robust-Rail-NL/mathematical-models/scenarios_solver_types_120/scenario_solver_32_trains_5_units10.json","Cost of next node: Cost = 1,352.8 : 1,404.03 | cr=22, dd=18, da=3, tlv=10, sm=64, rd=114.38, cd=0, um=0","Time elapsed: 11.56 seconds","/home/thomasverwaal/Robust-Rail-NL/mathematical-models/local_search_plans_discreet_120/plan_32_trains_5_units10.json"
"/home/thomasverwaal/Robust-Rail-NL/mathematical-models/scenarios_solver_types_120/scenario_solver_32_trains_5_units10.json","Cost of next node: Cost = 1,197.9 : 1,249.17 | cr=22, dd=15, da=3, tlv=10, sm=64, rd=109.69, cd=0, um=0","Time elapsed: 11.67 seconds","/home/thomasverwaal/Robust-Rail-NL/mathematical-models/local_search_plans_discreet_120/plan_32_trains_5_units10.json"
"/home/thomasverwaal/Robust-Rail-NL/mathematical-models/scenarios_solver_types_120/scenario_solver_32_trains_5_units10.json","Cost of next node: Cost = 1,167.5 : 1,218.78 | cr=24, dd=14, da=3, tlv=10, sm=64, rd=108.75, cd=0, um=0","Time elapsed: 11.81 seconds","/home/thomasverwaal/Robust-Rail-NL/mathematical-models/local_search_plans_discreet_120/plan_32_trains_5_units10.json"
"/home/thomasverwaal/Robust-Rail-NL/mathematical-models/scenarios_solver_types_120/scenario_solver_32_trains_5_units10.json","Cost of next node: Cost = 1,142.8 : 1,199.08 | cr=22, dd=14, da=2, tlv=11, sm=64, rd=105.00, cd=0, um=0","Time elapsed: 12.32 seconds","/home/thomasverwaal/Robust-Rail-NL/mathematical-models/local_search_plans_discreet_120/plan_32_trains_5_units10.json"
"/home/thomasverwaal/Robust-Rail-NL/mathematical-models/scenarios_solver_types_120/scenario_solver_32_trains_5_units10.json","Cost of next node: Cost = 1,027.5 : 1,088.75 | cr=21, dd=12, da=1, tlv=12, sm=64, rd=101.25, cd=0, um=0","Time elapsed: 12.61 seconds","/home/thomasverwaal/Robust-Rail-NL/mathematical-models/local_search_plans_discreet_120/plan_32_trains_5_units10.json"
"/home/thomasverwaal/Robust-Rail-NL/mathematical-models/scenarios_solver_types_120/scenario_solver_32_trains_5_units10.json","Cost of next node: Cost = 864.2 : 930.48 | cr=18, dd=9, da=1, tlv=13, sm=64, rd=95.62, cd=0, um=0","Time elapsed: 12.98 seconds","/home/thomasverwaal/Robust-Rail-NL/mathematical-models/local_search_plans_discreet_120/plan_32_trains_5_units10.json"
"/home/thomasverwaal/Robust-Rail-NL/mathematical-models/scenarios_solver_types_120/scenario_solver_32_trains_5_units10.json","Cost of next node: Cost = 805.5 : 876.75 | cr=16, dd=8, da=1, tlv=14, sm=64, rd=91.88, cd=0, um=0","Time elapsed: 13.25 seconds","/home/thomasverwaal/Robust-Rail-NL/mathematical-models/local_search_plans_discreet_120/plan_32_trains_5_units10.json"
"/home/thomasverwaal/Robust-Rail-NL/mathematical-models/scenarios_solver_types_120/scenario_solver_32_trains_5_units10.json","Cost of next node: Cost = 722.8 : 794.03 | cr=15, dd=7, da=0, tlv=14, sm=64, rd=88.12, cd=0, um=0","Time elapsed: 13.55 seconds","/home/thomasverwaal/Robust-Rail-NL/mathematical-models/local_search_plans_discreet_120/plan_32_trains_5_units10.json"
"/home/thomasverwaal/Robust-Rail-NL/mathematical-models/scenarios_solver_types_120/scenario_solver_32_trains_5_units10.json","Cost of next node: Cost = 395.0 : 471.28 | cr=17, dd=0, da=0, tlv=15, sm=64, rd=76.88, cd=0, um=0","Time elapsed: 13.99 seconds","/home/thomasverwaal/Robust-Rail-NL/mathematical-models/local_search_plans_discreet_120/plan_32_trains_5_units10.json"
"/home/thomasverwaal/Robust-Rail-NL/mathematical-models/scenarios_solver_types_120/scenario_solver_32_trains_5_units10.json","Cost of next node: Cost = 355.0 : 431.28 | cr=13, dd=0, da=0, tlv=15, sm=64, rd=76.88, cd=0, um=0","Time elapsed: 14.17 seconds","/home/thomasverwaal/Robust-Rail-NL/mathematical-models/local_search_plans_discreet_120/plan_32_trains_5_units10.json"
"/home/thomasverwaal/Robust-Rail-NL/mathematical-models/scenarios_solver_types_120/scenario_solver_32_trains_5_units10.json","Cost of next node: Cost = 340.0 : 411.28 | cr=13, dd=0, da=0, tlv=14, sm=64, rd=78.75, cd=0, um=0","Time elapsed: 19.38 seconds","/home/thomasverwaal/Robust-Rail-NL/mathematical-models/local_search_plans_discreet_120/plan_32_trains_5_units10.json"
"/home/thomasverwaal/Robust-Rail-NL/mathematical-models/scenarios_solver_types_120/scenario_solver_32_trains_5_units10.json","Cost of next node: Cost = 330.0 : 401.28 | cr=12, dd=0, da=0, tlv=14, sm=64, rd=80.62, cd=0, um=0","Time elapsed: 23.76 seconds","/home/thomasverwaal/Robust-Rail-NL/mathematical-models/local_search_plans_discreet_120/plan_32_trains_5_units10.json"
"/home/thomasverwaal/Robust-Rail-NL/mathematical-models/scenarios_solver_types_120/scenario_solver_32_trains_5_units10.json","Cost of next node: Cost = 320.0 : 391.28 | cr=11, dd=0, da=0, tlv=14, sm=64, rd=78.75, cd=0, um=0","Time elapsed: 27.58 seconds","/home/thomasverwaal/Robust-Rail-NL/mathematical-models/local_search_plans_discreet_120/plan_32_trains_5_units10.json"
"/home/thomasverwaal/Robust-Rail-NL/mathematical-models/scenarios_solver_types_120/scenario_solver_32_trains_5_units10.json","Cost of next node: Cost = 310.0 : 381.28 | cr=10, dd=0, da=0, tlv=14, sm=64, rd=78.75, cd=0, um=0","Time elapsed: 31.52 seconds","/home/thomasverwaal/Robust-Rail-NL/mathematical-models/local_search_plans_discreet_120/plan_32_trains_5_units10.json"
"/home/thomasverwaal/Robust-Rail-NL/mathematical-models/scenarios_solver_types_120/scenario_solver_32_trains_5_units10.json","Cost of next node: Cost = 300.0 : 371.28 | cr=9, dd=0, da=0, tlv=14, sm=64, rd=78.75, cd=0, um=0","Time elapsed: 34.68 seconds","/home/thomasverwaal/Robust-Rail-NL/mathematical-models/local_search_plans_discreet_120/plan_32_trains_5_units10.json"
"/home/thomasverwaal/Robust-Rail-NL/mathematical-models/scenarios_solver_types_120/scenario_solver_32_trains_5_units10.json","Cost of next node: Cost = 290.0 : 361.28 | cr=8, dd=0, da=0, tlv=14, sm=64, rd=78.75, cd=0, um=0","Time elapsed: 37.38 seconds","/home/thomasverwaal/Robust-Rail-NL/mathematical-models/local_search_plans_discreet_120/plan_32_trains_5_units10.json"
"/home/thomasverwaal/Robust-Rail-NL/mathematical-models/scenarios_solver_types_120/scenario_solver_32_trains_5_units10.json","Cost of next node: Cost = 280.0 : 351.30 | cr=7, dd=0, da=0, tlv=14, sm=65, rd=81.23, cd=0, um=0","Time elapsed: 47.26 seconds","/home/thomasverwaal/Robust-Rail-NL/mathematical-models/local_search_plans_discreet_120/plan_32_trains_5_units10.json"
"/home/thomasverwaal/Robust-Rail-NL/mathematical-models/scenarios_solver_types_120/scenario_solver_32_trains_5_units10.json","Cost of next node: Cost = 270.0 : 341.30 | cr=6, dd=0, da=0, tlv=14, sm=65, rd=81.23, cd=0, um=0","Time elapsed: 49.23 seconds","/home/thomasverwaal/Robust-Rail-NL/mathematical-models/local_search_plans_discreet_120/plan_32_trains_5_units10.json"
"/home/thomasverwaal/Robust-Rail-NL/mathematical-models/scenarios_solver_types_120/scenario_solver_32_trains_5_units10.json","Cost of next node: Cost = 260.0 : 331.30 | cr=5, dd=0, da=0, tlv=14, sm=65, rd=81.23, cd=0, um=0","Time elapsed: 54.41 seconds","/home/thomasverwaal/Robust-Rail-NL/mathematical-models/local_search_plans_discreet_120/plan_32_trains_5_units10.json"
"/home/thomasverwaal/Robust-Rail-NL/mathematical-models/scenarios_solver_types_120/scenario_solver_32_trains_5_units10.json","Cost of next node: Cost = 250.0 : 321.30 | cr=4, dd=0, da=0, tlv=14, sm=65, rd=81.23, cd=0, um=0","Time elapsed: 63.56 seconds","/home/thomasverwaal/Robust-Rail-NL/mathematical-models/local_search_plans_discreet_120/plan_32_trains_5_units10.json"
"/home/thomasverwaal/Robust-Rail-NL/mathematical-models/scenarios_solver_types_120/scenario_solver_32_trains_5_units10.json","Cost of next node: Cost = 240.0 : 311.30 | cr=3, dd=0, da=0, tlv=14, sm=65, rd=77.54, cd=0, um=0","Time elapsed: 64.70 seconds","/home/thomasverwaal/Robust-Rail-NL/mathematical-models/local_search_plans_discreet_120/plan_32_trains_5_units10.json"
"/home/thomasverwaal/Robust-Rail-NL/mathematical-models/scenarios_solver_types_120/scenario_solver_32_trains_5_units10.json","Cost of next node: Cost = 235.0 : 301.30 | cr=4, dd=0, da=0, tlv=13, sm=65, rd=81.23, cd=0, um=0","Time elapsed: 66.00 seconds","/home/thomasverwaal/Robust-Rail-NL/mathematical-models/local_search_plans_discreet_120/plan_32_trains_5_units10.json"
"/home/thomasverwaal/Robust-Rail-NL/mathematical-models/scenarios_solver_types_120/scenario_solver_32_trains_5_units10.json","NO_COST_FOUND","NO_TIME_FOUND","NO_PLAN_CREATED"
"/home/thomasverwaal/Robust-Rail-NL/mathematical-models/scenarios_solver_types_120/scenario_solver_32_trains_5_units11.json","Cost of next node: Cost = 2,783.9 : 2,785.16 | cr=46, dd=32, da=30, tlv=0, sm=64, rd=181.88, cd=0, um=0","Time elapsed: 4.35 seconds","/home/thomasverwaal/Robust-Rail-NL/mathematical-models/local_search_plans_discreet_120/plan_32_trains_5_units11.json"
"/home/thomasverwaal/Robust-Rail-NL/mathematical-models/scenarios_solver_types_120/scenario_solver_32_trains_5_units11.json","Cost of next node: Cost = 2,763.7 : 2,764.98 | cr=44, dd=32, da=30, tlv=0, sm=64, rd=183.75, cd=0, um=0","Time elapsed: 4.50 seconds","/home/thomasverwaal/Robust-Rail-NL/mathematical-models/local_search_plans_discreet_120/plan_32_trains_5_units11.json"
"/home/thomasverwaal/Robust-Rail-NL/mathematical-models/scenarios_solver_types_120/scenario_solver_32_trains_5_units11.json","Cost of next node: Cost = 2,742.0 : 2,743.25 | cr=42, dd=32, da=30, tlv=0, sm=64, rd=183.75, cd=0, um=0","Time elapsed: 4.59 seconds","/home/thomasverwaal/Robust-Rail-NL/mathematical-models/local_search_plans_discreet_120/plan_32_trains_5_units11.json"
"/home/thomasverwaal/Robust-Rail-NL/mathematical-models/scenarios_solver_types_120/scenario_solver_32_trains_5_units11.json","Cost of next node: Cost = 2,721.2 : 2,722.53 | cr=40, dd=32, da=30, tlv=0, sm=64, rd=180.00, cd=0, um=0","Time elapsed: 4.68 seconds","/home/thomasverwaal/Robust-Rail-NL/mathematical-models/local_search_plans_discreet_120/plan_32_trains_5_units11.json"
"/home/thomasverwaal/Robust-Rail-NL/mathematical-models/scenarios_solver_types_120/scenario_solver_32_trains_5_units11.json","Cost of next node: Cost = 2,696.1 : 2,702.36 | cr=41, dd=32, da=28, tlv=1, sm=64, rd=177.19, cd=0, um=0","Time elapsed: 4.79 seconds","/home/thomasverwaal/Robust-Rail-NL/mathematical-models/local_search_plans_discreet_120/plan_32_trains_5_units11.json"
"/home/thomasverwaal/Robust-Rail-NL/mathematical-models/scenarios_solver_types_120/scenario_solver_32_trains_5_units11.json","Cost of next node: Cost = 2,608.6 : 2,614.85 | cr=46, dd=32, da=21, tlv=1, sm=64, rd=177.19, cd=0, um=0","Time elapsed: 4.95 seconds","/home/thomasverwaal/Robust-Rail-NL/mathematical-models/local_search_plans_discreet_120/plan_32_trains_5_units11.json"
"/home/thomasverwaal/Robust-Rail-NL/mathematical-models/scenarios_solver_types_120/scenario_solver_32_trains_5_units11.json","Cost of next node: Cost = 2,586.3 : 2,592.59 | cr=46, dd=32, da=20, tlv=1, sm=64, rd=173.44, cd=0, um=0","Time elapsed: 5.04 seconds","/home/thomasverwaal/Robust-Rail-NL/mathematical-models/local_search_plans_discreet_120/plan_32_trains_5_units11.json"
"/home/thomasverwaal/Robust-Rail-NL/mathematical-models/scenarios_solver_types_120/scenario_solver_32_trains_5_units11.json","Cost of next node: Cost = 2,475.0 : 2,486.31 | cr=42, dd=32, da=15, tlv=2, sm=64, rd=171.56, cd=0, um=0","Time elapsed: 5.17 seconds","/home/thomasverwaal/Robust-Rail-NL/mathematical-models/local_search_plans_discreet_120/plan_32_trains_5_units11.json"
"/home/thomasverwaal/Robust-Rail-NL/mathematical-models/scenarios_solver_types_120/scenario_solver_32_trains_5_units11.json","Cost of next node: Cost = 2,437.9 : 2,454.22 | cr=39, dd=32, da=14, tlv=3, sm=64, rd=167.81, cd=0, um=0","Time elapsed: 5.30 seconds","/home/thomasverwaal/Robust-Rail-NL/mathematical-models/local_search_plans_discreet_120/plan_32_trains_5_units11.json"
"/home/thomasverwaal/Robust-Rail-NL/mathematical-models/scenarios_solver_types_120/scenario_solver_32_trains_5_units11.json","Cost of next node: Cost = 2,408.8 : 2,430.10 | cr=39, dd=32, da=12, tlv=4, sm=64, rd=162.19, cd=0, um=0","Time elapsed: 5.45 seconds","/home/thomasverwaal/Robust-Rail-NL/mathematical-models/local_search_plans_discreet_120/plan_32_trains_5_units11.json"
"/home/thomasverwaal/Robust-Rail-NL/mathematical-models/scenarios_solver_types_120/scenario_solver_32_trains_5_units11.json","Cost of next node: Cost = 2,373.8 : 2,400.10 | cr=34, dd=32, da=12, tlv=5, sm=64, rd=162.19, cd=0, um=0","Time elapsed: 5.58 seconds","/home/thomasverwaal/Robust-Rail-NL/mathematical-models/local_search_plans_discreet_120/plan_32_trains_5_units11.json"
"/home/thomasverwaal/Robust-Rail-NL/mathematical-models/scenarios_solver_types_120/scenario_solver_32_trains_5_units11.json","Cost of next node: Cost = 2,349.4 : 2,380.64 | cr=30, dd=32, da=12, tlv=6, sm=64, rd=164.06, cd=0, um=0","Time elapsed: 5.78 seconds","/home/thomasverwaal/Robust-Rail-NL/mathematical-models/local_search_plans_discreet_120/plan_32_trains_5_units11.json"
"/home/thomasverwaal/Robust-Rail-NL/mathematical-models/scenarios_solver_types_120/scenario_solver_32_trains_5_units11.json","Cost of next node: Cost = 2,324.2 : 2,355.45 | cr=29, dd=32, da=12, tlv=6, sm=64, rd=158.44, cd=0, um=0","Time elapsed: 6.08 seconds","/home/thomasverwaal/Robust-Rail-NL/mathematical-models/local_search_plans_discreet_120/plan_32_trains_5_units11.json"
"/home/thomasverwaal/Robust-Rail-NL/mathematical-models/scenarios_solver_types_120/scenario_solver_32_trains_5_units11.json","Cost of next node: Cost = 2,299.3 : 2,330.58 | cr=25, dd=32, da=13, tlv=6, sm=64, rd=155.62, cd=0, um=0","Time elapsed: 6.41 seconds","/home/thomasverwaal/Robust-Rail-NL/mathematical-models/local_search_plans_discreet_120/plan_32_trains_5_units11.json"
"/home/thomasverwaal/Robust-Rail-NL/mathematical-models/scenarios_solver_types_120/scenario_solver_32_trains_5_units11.json","Cost of next node: Cost = 2,274.2 : 2,305.49 | cr=22, dd=32, da=13, tlv=6, sm=64, rd=155.62, cd=0, um=0","Time elapsed: 6.47 seconds","/home/thomasverwaal/Robust-Rail-NL/mathematical-models/local_search_plans_discreet_120/plan_32_trains_5_units11.json"
"/home/thomasverwaal/Robust-Rail-NL/mathematical-models/scenarios_solver_types_120/scenario_solver_32_trains_5_units11.json","Cost of next node: Cost = 2,251.5 : 2,287.76 | cr=22, dd=32, da=11, tlv=7, sm=64, rd=153.75, cd=0, um=0","Time elapsed: 6.65 seconds","/home/thomasverwaal/Robust-Rail-NL/mathematical-models/local_search_plans_discreet_120/plan_32_trains_5_units11.json"
"/home/thomasverwaal/Robust-Rail-NL/mathematical-models/scenarios_solver_types_120/scenario_solver_32_trains_5_units11.json","Cost of next node: Cost = 2,226.5 : 2,262.81 | cr=22, dd=32, da=11, tlv=7, sm=64, rd=148.12, cd=0, um=0","Time elapsed: 7.03 seconds","/home/thomasverwaal/Robust-Rail-NL/mathematical-models/local_search_plans_discreet_120/plan_32_trains_5_units11.json"
"/home/thomasverwaal/Robust-Rail-NL/mathematical-models/scenarios_solver_types_120/scenario_solver_32_trains_5_units11.json","Cost of next node: Cost = 2,205.3 : 2,241.63 | cr=19, dd=32, da=11, tlv=7, sm=64, rd=150.00, cd=0, um=0","Time elapsed: 7.35 seconds","/home/thomasverwaal/Robust-Rail-NL/mathematical-models/local_search_plans_discreet_120/plan_32_trains_5_units11.json"
"/home/thomasverwaal/Robust-Rail-NL/mathematical-models/scenarios_solver_types_120/scenario_solver_32_trains_5_units11.json","Cost of next node: Cost = 2,181.5 : 2,222.81 | cr=16, dd=32, da=11, tlv=8, sm=64, rd=148.12, cd=0, um=0","Time elapsed: 7.75 seconds","/home/thomasverwaal/Robust-Rail-NL/mathematical-models/local_search_plans_discreet_120/plan_32_trains_5_units11.json"
"/home/thomasverwaal/Robust-Rail-NL/mathematical-models/scenarios_solver_types_120/scenario_solver_32_trains_5_units11.json","Cost of next node: Cost = 2,156.7 : 2,202.99 | cr=14, dd=32, da=11, tlv=9, sm=64, rd=138.75, cd=0, um=0","Time elapsed: 8.41 seconds","/home/thomasverwaal/Robust-Rail-NL/mathematical-models/local_search_plans_discreet_120/plan_32_trains_5_units11.json"
"/home/thomasverwaal/Robust-Rail-NL/mathematical-models/scenarios_solver_types_120/scenario_solver_32_trains_5_units11.json","Cost of next node: Cost = 2,123.2 : 2,164.46 | cr=14, dd=32, da=11, tlv=8, sm=64, rd=133.12, cd=0, um=0","Time elapsed: 9.35 seconds","/home/thomasverwaal/Robust-Rail-NL/mathematical-models/local_search_plans_discreet_120/plan_32_trains_5_units11.json"
"/home/thomasverwaal/Robust-Rail-NL/mathematical-models/scenarios_solver_types_120/scenario_solver_32_trains_5_units11.json","Cost of next node: Cost = 2,103.0 : 2,144.28 | cr=12, dd=32, da=11, tlv=8, sm=64, rd=132.19, cd=0, um=0","Time elapsed: 10.00 seconds","/home/thomasverwaal/Robust-Rail-NL/mathematical-models/local_search_plans_discreet_120/plan_32_trains_5_units11.json"
"/home/thomasverwaal/Robust-Rail-NL/mathematical-models/scenarios_solver_types_120/scenario_solver_32_trains_5_units11.json","Cost of next node: Cost = 2,083.9 : 2,125.19 | cr=12, dd=32, da=11, tlv=8, sm=64, rd=120.94, cd=0, um=0","Time elapsed: 13.34 seconds","/home/thomasverwaal/Robust-Rail-NL/mathematical-models/local_search_plans_discreet_120/plan_32_trains_5_units11.json"
"/home/thomasverwaal/Robust-Rail-NL/mathematical-models/scenarios_solver_types_120/scenario_solver_32_trains_5_units11.json","Cost of next node: Cost = 1,970.8 : 2,012.05 | cr=11, dd=30, da=11, tlv=8, sm=64, rd=120.94, cd=0, um=0","Time elapsed: 13.38 seconds","/home/thomasverwaal/Robust-Rail-NL/mathematical-models/local_search_plans_discreet_120/plan_32_trains_5_units11.json"
"/home/thomasverwaal/Robust-Rail-NL/mathematical-models/scenarios_solver_types_120/scenario_solver_32_trains_5_units11.json","Cost of next node: Cost = 1,920.5 : 1,961.83 | cr=11, dd=29, da=11, tlv=8, sm=64, rd=120.94, cd=0, um=0","Time elapsed: 13.43 seconds","/home/thomasverwaal/Robust-Rail-NL/mathematical-models/local_search_plans_discreet_120/plan_32_trains_5_units11.json"
"/home/thomasverwaal/Robust-Rail-NL/mathematical-models/scenarios_solver_types_120/scenario_solver_32_trains_5_units11.json","Cost of next node: Cost = 1,801.2 : 1,842.51 | cr=14, dd=26, da=11, tlv=8, sm=64, rd=119.06, cd=0, um=0","Time elapsed: 13.47 seconds","/home/thomasverwaal/Robust-Rail-NL/mathematical-models/local_search_plans_discreet_120/plan_32_trains_5_units11.json"
"/home/thomasverwaal/Robust-Rail-NL/mathematical-models/scenarios_solver_types_120/scenario_solver_32_trains_5_units11.json","Cost of next node: Cost = 1,700.5 : 1,741.77 | cr=14, dd=24, da=11, tlv=8, sm=64, rd=119.06, cd=0, um=0","Time elapsed: 13.53 seconds","/home/thomasverwaal/Robust-Rail-NL/mathematical-models/local_search_plans_discreet_120/plan_32_trains_5_units11.json"
"/home/thomasverwaal/Robust-Rail-NL/mathematical-models/scenarios_solver_types_120/scenario_solver_32_trains_5_units11.json","Cost of next node: Cost = 1,665.2 : 1,711.48 | cr=14, dd=23, da=11, tlv=9, sm=64, rd=113.44, cd=0, um=0","Time elapsed: 13.67 seconds","/home/thomasverwaal/Robust-Rail-NL/mathematical-models/local_search_plans_discreet_120/plan_32_trains_5_units11.json"
"/home/thomasverwaal/Robust-Rail-NL/mathematical-models/scenarios_solver_types_120/scenario_solver_32_trains_5_units11.json","Cost of next node: Cost = 1,630.8 : 1,682.12 | cr=16, dd=22, da=10, tlv=10, sm=64, rd=109.69, cd=0, um=0","Time elapsed: 13.85 seconds","/home/thomasverwaal/Robust-Rail-NL/mathematical-models/local_search_plans_discreet_120/plan_32_trains_5_units11.json"
"/home/thomasverwaal/Robust-Rail-NL/mathematical-models/scenarios_solver_types_120/scenario_solver_32_trains_5_units11.json","Cost of next node: Cost = 1,466.5 : 1,522.76 | cr=15, dd=19, da=9, tlv=11, sm=64, rd=105.94, cd=0, um=0","Time elapsed: 14.05 seconds","/home/thomasverwaal/Robust-Rail-NL/mathematical-models/local_search_plans_discreet_120/plan_32_trains_5_units11.json"
"/home/thomasverwaal/Robust-Rail-NL/mathematical-models/scenarios_solver_types_120/scenario_solver_32_trains_5_units11.json","Cost of next node: Cost = 1,406.9 : 1,458.17 | cr=21, dd=17, da=9, tlv=10, sm=64, rd=104.06, cd=0, um=0","Time elapsed: 14.12 seconds","/home/thomasverwaal/Robust-Rail-NL/mathematical-models/local_search_plans_discreet_120/plan_32_trains_5_units11.json"
"/home/thomasverwaal/Robust-Rail-NL/mathematical-models/scenarios_solver_types_120/scenario_solver_32_trains_5_units11.json","Cost of next node: Cost = 1,367.4 : 1,418.72 | cr=22, dd=16, da=9, tlv=10, sm=64, rd=104.06, cd=0, um=0","Time elapsed: 14.25 seconds","/home/thomasverwaal/Robust-Rail-NL/mathematical-models/local_search_plans_discreet_120/plan_32_trains_5_units11.json"
"/home/thomasverwaal/Robust-Rail-NL/mathematical-models/scenarios_solver_types_120/scenario_solver_32_trains_5_units11.json","Cost of next node: Cost = 1,317.9 : 1,369.15 | cr=22, dd=15, da=9, tlv=10, sm=64, rd=104.06, cd=0, um=0","Time elapsed: 14.35 seconds","/home/thomasverwaal/Robust-Rail-NL/mathematical-models/local_search_plans_discreet_120/plan_32_trains_5_units11.json"
"/home/thomasverwaal/Robust-Rail-NL/mathematical-models/scenarios_solver_types_120/scenario_solver_32_trains_5_units11.json","Cost of next node: Cost = 1,247.8 : 1,299.04 | cr=20, dd=14, da=9, tlv=10, sm=64, rd=104.06, cd=0, um=0","Time elapsed: 14.42 seconds","/home/thomasverwaal/Robust-Rail-NL/mathematical-models/local_search_plans_discreet_120/plan_32_trains_5_units11.json"
"/home/thomasverwaal/Robust-Rail-NL/mathematical-models/scenarios_solver_types_120/scenario_solver_32_trains_5_units11.json","Cost of next node: Cost = 1,211.8 : 1,258.09 | cr=23, dd=13, da=9, tlv=9, sm=64, rd=103.12, cd=0, um=0","Time elapsed: 14.72 seconds","/home/thomasverwaal/Robust-Rail-NL/mathematical-models/local_search_plans_discreet_120/plan_32_trains_5_units11.json"
"/home/thomasverwaal/Robust-Rail-NL/mathematical-models/scenarios_solver_types_120/scenario_solver_32_trains_5_units11.json","Cost of next node: Cost = 1,154.9 : 1,206.22 | cr=23, dd=12, da=8, tlv=10, sm=64, rd=99.38, cd=0, um=0","Time elapsed: 15.03 seconds","/home/thomasverwaal/Robust-Rail-NL/mathematical-models/local_search_plans_discreet_120/plan_32_trains_5_units11.json"
"/home/thomasverwaal/Robust-Rail-NL/mathematical-models/scenarios_solver_types_120/scenario_solver_32_trains_5_units11.json","Cost of next node: Cost = 1,024.9 : 1,081.15 | cr=21, dd=10, da=7, tlv=11, sm=64, rd=93.75, cd=0, um=0","Time elapsed: 15.36 seconds","/home/thomasverwaal/Robust-Rail-NL/mathematical-models/local_search_plans_discreet_120/plan_32_trains_5_units11.json"
"/home/thomasverwaal/Robust-Rail-NL/mathematical-models/scenarios_solver_types_120/scenario_solver_32_trains_5_units11.json","Cost of next node: Cost = 1,003.7 : 1,059.98 | cr=24, dd=9, da=7, tlv=11, sm=64, rd=93.75, cd=0, um=0","Time elapsed: 15.42 seconds","/home/thomasverwaal/Robust-Rail-NL/mathematical-models/local_search_plans_discreet_120/plan_32_trains_5_units11.json"
"/home/thomasverwaal/Robust-Rail-NL/mathematical-models/scenarios_solver_types_120/scenario_solver_32_trains_5_units11.json","Cost of next node: Cost = 948.6 : 1,009.88 | cr=22, dd=8, da=7, tlv=12, sm=64, rd=91.88, cd=0, um=0","Time elapsed: 15.71 seconds","/home/thomasverwaal/Robust-Rail-NL/mathematical-models/local_search_plans_discreet_120/plan_32_trains_5_units11.json"
"/home/thomasverwaal/Robust-Rail-NL/mathematical-models/scenarios_solver_types_120/scenario_solver_32_trains_5_units11.json","Cost of next node: Cost = 873.7 : 940.02 | cr=23, dd=6, da=7, tlv=13, sm=64, rd=90.00, cd=0, um=0","Time elapsed: 16.05 seconds","/home/thomasverwaal/Robust-Rail-NL/mathematical-models/local_search_plans_discreet_120/plan_32_trains_5_units11.json"
"/home/thomasverwaal/Robust-Rail-NL/mathematical-models/scenarios_solver_types_120/scenario_solver_32_trains_5_units11.json","Cost of next node: Cost = 731.2 : 797.53 | cr=22, dd=5, da=3, tlv=13, sm=64, rd=86.25, cd=0, um=0","Time elapsed: 16.15 seconds","/home/thomasverwaal/Robust-Rail-NL/mathematical-models/local_search_plans_discreet_120/plan_32_trains_5_units11.json"
"/home/thomasverwaal/Robust-Rail-NL/mathematical-models/scenarios_solver_types_120/scenario_solver_32_trains_5_units11.json","Cost of next node: Cost = 706.2 : 767.53 | cr=21, dd=5, da=3, tlv=12, sm=64, rd=88.12, cd=0, um=0","Time elapsed: 16.29 seconds","/home/thomasverwaal/Robust-Rail-NL/mathematical-models/local_search_plans_discreet_120/plan_32_trains_5_units11.json"
"/home/thomasverwaal/Robust-Rail-NL/mathematical-models/scenarios_solver_types_120/scenario_solver_32_trains_5_units11.json","Cost of next node: Cost = 651.6 : 717.88 | cr=21, dd=4, da=2, tlv=13, sm=64, rd=86.25, cd=0, um=0","Time elapsed: 16.54 seconds","/home/thomasverwaal/Robust-Rail-NL/mathematical-models/local_search_plans_discreet_120/plan_32_trains_5_units11.json"
"/home/thomasverwaal/Robust-Rail-NL/mathematical-models/scenarios_solver_types_120/scenario_solver_32_trains_5_units11.json","Cost of next node: Cost = 554.8 : 626.08 | cr=22, dd=2, da=1, tlv=14, sm=64, rd=82.50, cd=0, um=0","Time elapsed: 16.99 seconds","/home/thomasverwaal/Robust-Rail-NL/mathematical-models/local_search_plans_discreet_120/plan_32_trains_5_units11.json"
"/home/thomasverwaal/Robust-Rail-NL/mathematical-models/scenarios_solver_types_120/scenario_solver_32_trains_5_units11.json","Cost of next node: Cost = 529.8 : 596.08 | cr=21, dd=2, da=1, tlv=13, sm=64, rd=84.38, cd=0, um=0","Time elapsed: 17.35 seconds","/home/thomasverwaal/Robust-Rail-NL/mathematical-models/local_search_plans_discreet_120/plan_32_trains_5_units11.json"
"/home/thomasverwaal/Robust-Rail-NL/mathematical-models/scenarios_solver_types_120/scenario_solver_32_trains_5_units11.json","Cost of next node: Cost = 380.0 : 451.28 | cr=17, dd=0, da=0, tlv=14, sm=64, rd=78.75, cd=0, um=0","Time elapsed: 17.64 seconds","/home/thomasverwaal/Robust-Rail-NL/mathematical-models/local_search_plans_discreet_120/plan_32_trains_5_units11.json"
"/home/thomasverwaal/Robust-Rail-NL/mathematical-models/scenarios_solver_types_120/scenario_solver_32_trains_5_units11.json","Cost of next node: Cost = 360.0 : 431.28 | cr=15, dd=0, da=0, tlv=14, sm=64, rd=80.62, cd=0, um=0","Time elapsed: 21.23 seconds","/home/thomasverwaal/Robust-Rail-NL/mathematical-models/local_search_plans_discreet_120/plan_32_trains_5_units11.json"
"/home/thomasverwaal/Robust-Rail-NL/mathematical-models/scenarios_solver_types_120/scenario_solver_32_trains_5_units11.json","Cost of next node: Cost = 350.0 : 421.28 | cr=14, dd=0, da=0, tlv=14, sm=64, rd=80.62, cd=0, um=0","Time elapsed: 24.89 seconds","/home/thomasverwaal/Robust-Rail-NL/mathematical-models/local_search_plans_discreet_120/plan_32_trains_5_units11.json"
"/home/thomasverwaal/Robust-Rail-NL/mathematical-models/scenarios_solver_types_120/scenario_solver_32_trains_5_units11.json","Cost of next node: Cost = 340.0 : 411.28 | cr=13, dd=0, da=0, tlv=14, sm=64, rd=80.62, cd=0, um=0","Time elapsed: 27.96 seconds","/home/thomasverwaal/Robust-Rail-NL/mathematical-models/local_search_plans_discreet_120/plan_32_trains_5_units11.json"
"/home/thomasverwaal/Robust-Rail-NL/mathematical-models/scenarios_solver_types_120/scenario_solver_32_trains_5_units11.json","Cost of next node: Cost = 320.0 : 391.28 | cr=11, dd=0, da=0, tlv=14, sm=64, rd=80.62, cd=0, um=0","Time elapsed: 31.23 seconds","/home/thomasverwaal/Robust-Rail-NL/mathematical-models/local_search_plans_discreet_120/plan_32_trains_5_units11.json"
"/home/thomasverwaal/Robust-Rail-NL/mathematical-models/scenarios_solver_types_120/scenario_solver_32_trains_5_units11.json","Cost of next node: Cost = 300.0 : 371.28 | cr=9, dd=0, da=0, tlv=14, sm=64, rd=82.50, cd=0, um=0","Time elapsed: 34.19 seconds","/home/thomasverwaal/Robust-Rail-NL/mathematical-models/local_search_plans_discreet_120/plan_32_trains_5_units11.json"
"/home/thomasverwaal/Robust-Rail-NL/mathematical-models/scenarios_solver_types_120/scenario_solver_32_trains_5_units11.json","Cost of next node: Cost = 290.0 : 361.28 | cr=8, dd=0, da=0, tlv=14, sm=64, rd=82.50, cd=0, um=0","Time elapsed: 36.64 seconds","/home/thomasverwaal/Robust-Rail-NL/mathematical-models/local_search_plans_discreet_120/plan_32_trains_5_units11.json"
"/home/thomasverwaal/Robust-Rail-NL/mathematical-models/scenarios_solver_types_120/scenario_solver_32_trains_5_units11.json","Cost of next node: Cost = 280.0 : 351.28 | cr=7, dd=0, da=0, tlv=14, sm=64, rd=82.50, cd=0, um=0","Time elapsed: 39.12 seconds","/home/thomasverwaal/Robust-Rail-NL/mathematical-models/local_search_plans_discreet_120/plan_32_trains_5_units11.json"
"/home/thomasverwaal/Robust-Rail-NL/mathematical-models/scenarios_solver_types_120/scenario_solver_32_trains_5_units11.json","Cost of next node: Cost = 270.0 : 341.28 | cr=6, dd=0, da=0, tlv=14, sm=64, rd=82.50, cd=0, um=0","Time elapsed: 41.52 seconds","/home/thomasverwaal/Robust-Rail-NL/mathematical-models/local_search_plans_discreet_120/plan_32_trains_5_units11.json"
"/home/thomasverwaal/Robust-Rail-NL/mathematical-models/scenarios_solver_types_120/scenario_solver_32_trains_5_units11.json","Cost of next node: Cost = 255.0 : 321.30 | cr=6, dd=0, da=0, tlv=13, sm=65, rd=84.92, cd=0, um=0","Time elapsed: 52.92 seconds","/home/thomasverwaal/Robust-Rail-NL/mathematical-models/local_search_plans_discreet_120/plan_32_trains_5_units11.json"
"/home/thomasverwaal/Robust-Rail-NL/mathematical-models/scenarios_solver_types_120/scenario_solver_32_trains_5_units11.json","Cost of next node: Cost = 245.0 : 311.30 | cr=5, dd=0, da=0, tlv=13, sm=65, rd=84.92, cd=0, um=0","Time elapsed: 55.05 seconds","/home/thomasverwaal/Robust-Rail-NL/mathematical-models/local_search_plans_discreet_120/plan_32_trains_5_units11.json"
"/home/thomasverwaal/Robust-Rail-NL/mathematical-models/scenarios_solver_types_120/scenario_solver_32_trains_5_units11.json","Cost of next node: Cost = 225.0 : 291.32 | cr=3, dd=0, da=0, tlv=13, sm=66, rd=85.45, cd=0, um=0","Time elapsed: 72.77 seconds","/home/thomasverwaal/Robust-Rail-NL/mathematical-models/local_search_plans_discreet_120/plan_32_trains_5_units11.json"
"/home/thomasverwaal/Robust-Rail-NL/mathematical-models/scenarios_solver_types_120/scenario_solver_32_trains_5_units11.json","Cost of next node: Cost = 215.0 : 281.34 | cr=2, dd=0, da=0, tlv=13, sm=67, rd=87.76, cd=0, um=0","Time elapsed: 159.21 seconds","/home/thomasverwaal/Robust-Rail-NL/mathematical-models/local_search_plans_discreet_120/plan_32_trains_5_units11.json"
"/home/thomasverwaal/Robust-Rail-NL/mathematical-models/scenarios_solver_types_120/scenario_solver_32_trains_5_units11.json","NO_COST_FOUND","NO_TIME_FOUND","NO_PLAN_CREATED"
"/home/thomasverwaal/Robust-Rail-NL/mathematical-models/scenarios_solver_types_120/scenario_solver_32_trains_5_units12.json","Cost of next node: Cost = 2,757.9 : 2,759.14 | cr=43, dd=32, da=30, tlv=0, sm=64, rd=180.00, cd=0, um=0","Time elapsed: 4.37 seconds","/home/thomasverwaal/Robust-Rail-NL/mathematical-models/local_search_plans_discreet_120/plan_32_trains_5_units12.json"
"/home/thomasverwaal/Robust-Rail-NL/mathematical-models/scenarios_solver_types_120/scenario_solver_32_trains_5_units12.json","Cost of next node: Cost = 2,725.7 : 2,726.96 | cr=40, dd=32, da=30, tlv=0, sm=64, rd=180.00, cd=0, um=0","Time elapsed: 4.47 seconds","/home/thomasverwaal/Robust-Rail-NL/mathematical-models/local_search_plans_discreet_120/plan_32_trains_5_units12.json"
"/home/thomasverwaal/Robust-Rail-NL/mathematical-models/scenarios_solver_types_120/scenario_solver_32_trains_5_units12.json","Cost of next node: Cost = 2,671.1 : 2,677.39 | cr=39, dd=32, da=28, tlv=1, sm=64, rd=177.19, cd=0, um=0","Time elapsed: 4.58 seconds","/home/thomasverwaal/Robust-Rail-NL/mathematical-models/local_search_plans_discreet_120/plan_32_trains_5_units12.json"
"/home/thomasverwaal/Robust-Rail-NL/mathematical-models/scenarios_solver_types_120/scenario_solver_32_trains_5_units12.json","Cost of next node: Cost = 2,564.9 : 2,571.16 | cr=41, dd=32, da=22, tlv=1, sm=64, rd=170.62, cd=0, um=0","Time elapsed: 4.77 seconds","/home/thomasverwaal/Robust-Rail-NL/mathematical-models/local_search_plans_discreet_120/plan_32_trains_5_units12.json"
"/home/thomasverwaal/Robust-Rail-NL/mathematical-models/scenarios_solver_types_120/scenario_solver_32_trains_5_units12.json","Cost of next node: Cost = 2,537.1 : 2,538.34 | cr=40, dd=32, da=22, tlv=0, sm=64, rd=168.75, cd=0, um=0","Time elapsed: 4.91 seconds","/home/thomasverwaal/Robust-Rail-NL/mathematical-models/local_search_plans_discreet_120/plan_32_trains_5_units12.json"
"/home/thomasverwaal/Robust-Rail-NL/mathematical-models/scenarios_solver_types_120/scenario_solver_32_trains_5_units12.json","Cost of next node: Cost = 2,391.2 : 2,397.49 | cr=37, dd=32, da=15, tlv=1, sm=64, rd=165.94, cd=0, um=0","Time elapsed: 5.01 seconds","/home/thomasverwaal/Robust-Rail-NL/mathematical-models/local_search_plans_discreet_120/plan_32_trains_5_units12.json"
"/home/thomasverwaal/Robust-Rail-NL/mathematical-models/scenarios_solver_types_120/scenario_solver_32_trains_5_units12.json","Cost of next node: Cost = 2,345.3 : 2,356.59 | cr=37, dd=32, da=12, tlv=2, sm=64, rd=161.25, cd=0, um=0","Time elapsed: 5.14 seconds","/home/thomasverwaal/Robust-Rail-NL/mathematical-models/local_search_plans_discreet_120/plan_32_trains_5_units12.json"
"/home/thomasverwaal/Robust-Rail-NL/mathematical-models/scenarios_solver_types_120/scenario_solver_32_trains_5_units12.json","Cost of next node: Cost = 2,324.9 : 2,336.21 | cr=36, dd=32, da=12, tlv=2, sm=64, rd=159.38, cd=0, um=0","Time elapsed: 5.49 seconds","/home/thomasverwaal/Robust-Rail-NL/mathematical-models/local_search_plans_discreet_120/plan_32_trains_5_units12.json"
"/home/thomasverwaal/Robust-Rail-NL/mathematical-models/scenarios_solver_types_120/scenario_solver_32_trains_5_units12.json","Cost of next node: Cost = 2,304.2 : 2,320.47 | cr=35, dd=32, da=12, tlv=3, sm=64, rd=151.88, cd=0, um=0","Time elapsed: 5.91 seconds","/home/thomasverwaal/Robust-Rail-NL/mathematical-models/local_search_plans_discreet_120/plan_32_trains_5_units12.json"
"/home/thomasverwaal/Robust-Rail-NL/mathematical-models/scenarios_solver_types_120/scenario_solver_32_trains_5_units12.json","Cost of next node: Cost = 2,265.6 : 2,286.83 | cr=30, dd=32, da=12, tlv=4, sm=64, rd=150.00, cd=0, um=0","Time elapsed: 6.31 seconds","/home/thomasverwaal/Robust-Rail-NL/mathematical-models/local_search_plans_discreet_120/plan_32_trains_5_units12.json"
"/home/thomasverwaal/Robust-Rail-NL/mathematical-models/scenarios_solver_types_120/scenario_solver_32_trains_5_units12.json","Cost of next node: Cost = 2,245.1 : 2,266.38 | cr=28, dd=32, da=12, tlv=4, sm=64, rd=150.00, cd=0, um=0","Time elapsed: 6.36 seconds","/home/thomasverwaal/Robust-Rail-NL/mathematical-models/local_search_plans_discreet_120/plan_32_trains_5_units12.json"
"/home/thomasverwaal/Robust-Rail-NL/mathematical-models/scenarios_solver_types_120/scenario_solver_32_trains_5_units12.json","Cost of next node: Cost = 2,205.6 : 2,231.88 | cr=25, dd=32, da=11, tlv=5, sm=64, rd=146.25, cd=0, um=0","Time elapsed: 7.27 seconds","/home/thomasverwaal/Robust-Rail-NL/mathematical-models/local_search_plans_discreet_120/plan_32_trains_5_units12.json"
"/home/thomasverwaal/Robust-Rail-NL/mathematical-models/scenarios_solver_types_120/scenario_solver_32_trains_5_units12.json","Cost of next node: Cost = 2,179.1 : 2,205.39 | cr=25, dd=32, da=10, tlv=5, sm=64, rd=144.38, cd=0, um=0","Time elapsed: 7.86 seconds","/home/thomasverwaal/Robust-Rail-NL/mathematical-models/local_search_plans_discreet_120/plan_32_trains_5_units12.json"
"/home/thomasverwaal/Robust-Rail-NL/mathematical-models/scenarios_solver_types_120/scenario_solver_32_trains_5_units12.json","Cost of next node: Cost = 2,148.7 : 2,179.99 | cr=23, dd=32, da=9, tlv=6, sm=64, rd=140.62, cd=0, um=0","Time elapsed: 8.56 seconds","/home/thomasverwaal/Robust-Rail-NL/mathematical-models/local_search_plans_discreet_120/plan_32_trains_5_units12.json"
"/home/thomasverwaal/Robust-Rail-NL/mathematical-models/scenarios_solver_types_120/scenario_solver_32_trains_5_units12.json","Cost of next node: Cost = 2,108.7 : 2,145.02 | cr=24, dd=31, da=9, tlv=7, sm=64, rd=135.00, cd=0, um=0","Time elapsed: 9.34 seconds","/home/thomasverwaal/Robust-Rail-NL/mathematical-models/local_search_plans_discreet_120/plan_32_trains_5_units12.json"
"/home/thomasverwaal/Robust-Rail-NL/mathematical-models/scenarios_solver_types_120/scenario_solver_32_trains_5_units12.json","Cost of next node: Cost = 2,073.7 : 2,115.01 | cr=24, dd=30, da=9, tlv=8, sm=64, rd=133.12, cd=0, um=0","Time elapsed: 9.65 seconds","/home/thomasverwaal/Robust-Rail-NL/mathematical-models/local_search_plans_discreet_120/plan_32_trains_5_units12.json"
"/home/thomasverwaal/Robust-Rail-NL/mathematical-models/scenarios_solver_types_120/scenario_solver_32_trains_5_units12.json","Cost of next node: Cost = 2,029.3 : 2,070.61 | cr=24, dd=30, da=7, tlv=8, sm=64, rd=129.38, cd=0, um=0","Time elapsed: 9.90 seconds","/home/thomasverwaal/Robust-Rail-NL/mathematical-models/local_search_plans_discreet_120/plan_32_trains_5_units12.json"
"/home/thomasverwaal/Robust-Rail-NL/mathematical-models/scenarios_solver_types_120/scenario_solver_32_trains_5_units12.json","Cost of next node: Cost = 1,990.8 : 2,032.06 | cr=25, dd=29, da=7, tlv=8, sm=64, rd=129.38, cd=0, um=0","Time elapsed: 10.01 seconds","/home/thomasverwaal/Robust-Rail-NL/mathematical-models/local_search_plans_discreet_120/plan_32_trains_5_units12.json"
"/home/thomasverwaal/Robust-Rail-NL/mathematical-models/scenarios_solver_types_120/scenario_solver_32_trains_5_units12.json","Cost of next node: Cost = 1,940.6 : 1,981.84 | cr=25, dd=28, da=7, tlv=8, sm=64, rd=129.38, cd=0, um=0","Time elapsed: 10.06 seconds","/home/thomasverwaal/Robust-Rail-NL/mathematical-models/local_search_plans_discreet_120/plan_32_trains_5_units12.json"
"/home/thomasverwaal/Robust-Rail-NL/mathematical-models/scenarios_solver_types_120/scenario_solver_32_trains_5_units12.json","Cost of next node: Cost = 1,913.8 : 1,960.04 | cr=28, dd=27, da=6, tlv=9, sm=64, rd=125.62, cd=0, um=0","Time elapsed: 10.26 seconds","/home/thomasverwaal/Robust-Rail-NL/mathematical-models/local_search_plans_discreet_120/plan_32_trains_5_units12.json"
"/home/thomasverwaal/Robust-Rail-NL/mathematical-models/scenarios_solver_types_120/scenario_solver_32_trains_5_units12.json","Cost of next node: Cost = 1,883.8 : 1,930.04 | cr=25, dd=27, da=6, tlv=9, sm=64, rd=125.62, cd=0, um=0","Time elapsed: 10.44 seconds","/home/thomasverwaal/Robust-Rail-NL/mathematical-models/local_search_plans_discreet_120/plan_32_trains_5_units12.json"
"/home/thomasverwaal/Robust-Rail-NL/mathematical-models/scenarios_solver_types_120/scenario_solver_32_trains_5_units12.json","Cost of next node: Cost = 1,827.9 : 1,879.15 | cr=25, dd=26, da=5, tlv=10, sm=64, rd=121.88, cd=0, um=0","Time elapsed: 10.57 seconds","/home/thomasverwaal/Robust-Rail-NL/mathematical-models/local_search_plans_discreet_120/plan_32_trains_5_units12.json"
"/home/thomasverwaal/Robust-Rail-NL/mathematical-models/scenarios_solver_types_120/scenario_solver_32_trains_5_units12.json","Cost of next node: Cost = 1,727.4 : 1,778.64 | cr=25, dd=24, da=5, tlv=10, sm=64, rd=121.88, cd=0, um=0","Time elapsed: 10.64 seconds","/home/thomasverwaal/Robust-Rail-NL/mathematical-models/local_search_plans_discreet_120/plan_32_trains_5_units12.json"
"/home/thomasverwaal/Robust-Rail-NL/mathematical-models/scenarios_solver_types_120/scenario_solver_32_trains_5_units12.json","Cost of next node: Cost = 1,687.0 : 1,738.23 | cr=26, dd=23, da=5, tlv=10, sm=64, rd=121.88, cd=0, um=0","Time elapsed: 10.68 seconds","/home/thomasverwaal/Robust-Rail-NL/mathematical-models/local_search_plans_discreet_120/plan_32_trains_5_units12.json"
"/home/thomasverwaal/Robust-Rail-NL/mathematical-models/scenarios_solver_types_120/scenario_solver_32_trains_5_units12.json","Cost of next node: Cost = 1,637.4 : 1,688.70 | cr=26, dd=22, da=5, tlv=10, sm=64, rd=121.88, cd=0, um=0","Time elapsed: 10.80 seconds","/home/thomasverwaal/Robust-Rail-NL/mathematical-models/local_search_plans_discreet_120/plan_32_trains_5_units12.json"
"/home/thomasverwaal/Robust-Rail-NL/mathematical-models/scenarios_solver_types_120/scenario_solver_32_trains_5_units12.json","Cost of next node: Cost = 1,607.4 : 1,658.70 | cr=23, dd=22, da=5, tlv=10, sm=64, rd=123.75, cd=0, um=0","Time elapsed: 11.03 seconds","/home/thomasverwaal/Robust-Rail-NL/mathematical-models/local_search_plans_discreet_120/plan_32_trains_5_units12.json"
"/home/thomasverwaal/Robust-Rail-NL/mathematical-models/scenarios_solver_types_120/scenario_solver_32_trains_5_units12.json","Cost of next node: Cost = 1,582.8 : 1,639.07 | cr=24, dd=21, da=5, tlv=11, sm=64, rd=121.88, cd=0, um=0","Time elapsed: 11.19 seconds","/home/thomasverwaal/Robust-Rail-NL/mathematical-models/local_search_plans_discreet_120/plan_32_trains_5_units12.json"
"/home/thomasverwaal/Robust-Rail-NL/mathematical-models/scenarios_solver_types_120/scenario_solver_32_trains_5_units12.json","Cost of next node: Cost = 1,557.8 : 1,609.07 | cr=23, dd=21, da=5, tlv=10, sm=64, rd=121.88, cd=0, um=0","Time elapsed: 11.34 seconds","/home/thomasverwaal/Robust-Rail-NL/mathematical-models/local_search_plans_discreet_120/plan_32_trains_5_units12.json"
"/home/thomasverwaal/Robust-Rail-NL/mathematical-models/scenarios_solver_types_120/scenario_solver_32_trains_5_units12.json","Cost of next node: Cost = 1,532.8 : 1,579.07 | cr=22, dd=21, da=5, tlv=9, sm=64, rd=121.88, cd=0, um=0","Time elapsed: 11.65 seconds","/home/thomasverwaal/Robust-Rail-NL/mathematical-models/local_search_plans_discreet_120/plan_32_trains_5_units12.json"
"/home/thomasverwaal/Robust-Rail-NL/mathematical-models/scenarios_solver_types_120/scenario_solver_32_trains_5_units12.json","Cost of next node: Cost = 1,295.6 : 1,346.87 | cr=25, dd=16, da=4, tlv=10, sm=64, rd=112.50, cd=0, um=0","Time elapsed: 11.88 seconds","/home/thomasverwaal/Robust-Rail-NL/mathematical-models/local_search_plans_discreet_120/plan_32_trains_5_units12.json"
"/home/thomasverwaal/Robust-Rail-NL/mathematical-models/scenarios_solver_types_120/scenario_solver_32_trains_5_units12.json","Cost of next node: Cost = 1,246.5 : 1,297.75 | cr=20, dd=16, da=4, tlv=10, sm=64, rd=112.50, cd=0, um=0","Time elapsed: 11.97 seconds","/home/thomasverwaal/Robust-Rail-NL/mathematical-models/local_search_plans_discreet_120/plan_32_trains_5_units12.json"
"/home/thomasverwaal/Robust-Rail-NL/mathematical-models/scenarios_solver_types_120/scenario_solver_32_trains_5_units12.json","Cost of next node: Cost = 1,049.2 : 1,105.47 | cr=18, dd=13, da=2, tlv=11, sm=64, rd=106.88, cd=0, um=0","Time elapsed: 12.33 seconds","/home/thomasverwaal/Robust-Rail-NL/mathematical-models/local_search_plans_discreet_120/plan_32_trains_5_units12.json"
"/home/thomasverwaal/Robust-Rail-NL/mathematical-models/scenarios_solver_types_120/scenario_solver_32_trains_5_units12.json","Cost of next node: Cost = 1,004.2 : 1,065.45 | cr=17, dd=12, da=2, tlv=12, sm=64, rd=106.88, cd=0, um=0","Time elapsed: 12.63 seconds","/home/thomasverwaal/Robust-Rail-NL/mathematical-models/local_search_plans_discreet_120/plan_32_trains_5_units12.json"
"/home/thomasverwaal/Robust-Rail-NL/mathematical-models/scenarios_solver_types_120/scenario_solver_32_trains_5_units12.json","Cost of next node: Cost = 900.2 : 966.53 | cr=17, dd=10, da=1, tlv=13, sm=64, rd=103.12, cd=0, um=0","Time elapsed: 12.90 seconds","/home/thomasverwaal/Robust-Rail-NL/mathematical-models/local_search_plans_discreet_120/plan_32_trains_5_units12.json"
"/home/thomasverwaal/Robust-Rail-NL/mathematical-models/scenarios_solver_types_120/scenario_solver_32_trains_5_units12.json","Cost of next node: Cost = 875.2 : 936.53 | cr=16, dd=10, da=1, tlv=12, sm=64, rd=105.00, cd=0, um=0","Time elapsed: 13.07 seconds","/home/thomasverwaal/Robust-Rail-NL/mathematical-models/local_search_plans_discreet_120/plan_32_trains_5_units12.json"
"/home/thomasverwaal/Robust-Rail-NL/mathematical-models/scenarios_solver_types_120/scenario_solver_32_trains_5_units12.json","Cost of next node: Cost = 815.6 : 876.88 | cr=15, dd=9, da=1, tlv=12, sm=64, rd=104.06, cd=0, um=0","Time elapsed: 13.41 seconds","/home/thomasverwaal/Robust-Rail-NL/mathematical-models/local_search_plans_discreet_120/plan_32_trains_5_units12.json"
"/home/thomasverwaal/Robust-Rail-NL/mathematical-models/scenarios_solver_types_120/scenario_solver_32_trains_5_units12.json","Cost of next node: Cost = 793.8 : 855.08 | cr=18, dd=8, da=1, tlv=12, sm=64, rd=103.12, cd=0, um=0","Time elapsed: 13.50 seconds","/home/thomasverwaal/Robust-Rail-NL/mathematical-models/local_search_plans_discreet_120/plan_32_trains_5_units12.json"
"/home/thomasverwaal/Robust-Rail-NL/mathematical-models/scenarios_solver_types_120/scenario_solver_32_trains_5_units12.json","Cost of next node: Cost = 758.8 : 815.08 | cr=16, dd=8, da=1, tlv=11, sm=64, rd=99.38, cd=0, um=0","Time elapsed: 13.67 seconds","/home/thomasverwaal/Robust-Rail-NL/mathematical-models/local_search_plans_discreet_120/plan_32_trains_5_units12.json"
"/home/thomasverwaal/Robust-Rail-NL/mathematical-models/scenarios_solver_types_120/scenario_solver_32_trains_5_units12.json","Cost of next node: Cost = 733.8 : 795.08 | cr=17, dd=7, da=1, tlv=12, sm=64, rd=97.50, cd=0, um=0","Time elapsed: 13.98 seconds","/home/thomasverwaal/Robust-Rail-NL/mathematical-models/local_search_plans_discreet_120/plan_32_trains_5_units12.json"
"/home/thomasverwaal/Robust-Rail-NL/mathematical-models/scenarios_solver_types_120/scenario_solver_32_trains_5_units12.json","Cost of next node: Cost = 619.8 : 686.08 | cr=20, dd=4, da=1, tlv=13, sm=64, rd=87.19, cd=0, um=0","Time elapsed: 14.28 seconds","/home/thomasverwaal/Robust-Rail-NL/mathematical-models/local_search_plans_discreet_120/plan_32_trains_5_units12.json"
"/home/thomasverwaal/Robust-Rail-NL/mathematical-models/scenarios_solver_types_120/scenario_solver_32_trains_5_units12.json","Cost of next node: Cost = 519.8 : 586.08 | cr=20, dd=2, da=1, tlv=13, sm=64, rd=86.25, cd=0, um=0","Time elapsed: 14.40 seconds","/home/thomasverwaal/Robust-Rail-NL/mathematical-models/local_search_plans_discreet_120/plan_32_trains_5_units12.json"
"/home/thomasverwaal/Robust-Rail-NL/mathematical-models/scenarios_solver_types_120/scenario_solver_32_trains_5_units12.json","Cost of next node: Cost = 499.8 : 566.08 | cr=18, dd=2, da=1, tlv=13, sm=64, rd=86.25, cd=0, um=0","Time elapsed: 18.18 seconds","/home/thomasverwaal/Robust-Rail-NL/mathematical-models/local_search_plans_discreet_120/plan_32_trains_5_units12.json"
"/home/thomasverwaal/Robust-Rail-NL/mathematical-models/scenarios_solver_types_120/scenario_solver_32_trains_5_units12.json","Cost of next node: Cost = 479.8 : 546.08 | cr=16, dd=2, da=1, tlv=13, sm=64, rd=86.25, cd=0, um=0","Time elapsed: 21.68 seconds","/home/thomasverwaal/Robust-Rail-NL/mathematical-models/local_search_plans_discreet_120/plan_32_trains_5_units12.json"
"/home/thomasverwaal/Robust-Rail-NL/mathematical-models/scenarios_solver_types_120/scenario_solver_32_trains_5_units12.json","Cost of next node: Cost = 459.8 : 526.08 | cr=14, dd=2, da=1, tlv=13, sm=64, rd=86.25, cd=0, um=0","Time elapsed: 24.79 seconds","/home/thomasverwaal/Robust-Rail-NL/mathematical-models/local_search_plans_discreet_120/plan_32_trains_5_units12.json"
"/home/thomasverwaal/Robust-Rail-NL/mathematical-models/scenarios_solver_types_120/scenario_solver_32_trains_5_units12.json","Cost of next node: Cost = 449.8 : 516.08 | cr=13, dd=2, da=1, tlv=13, sm=64, rd=84.38, cd=0, um=0","Time elapsed: 27.32 seconds","/home/thomasverwaal/Robust-Rail-NL/mathematical-models/local_search_plans_discreet_120/plan_32_trains_5_units12.json"
"/home/thomasverwaal/Robust-Rail-NL/mathematical-models/scenarios_solver_types_120/scenario_solver_32_trains_5_units12.json","Cost of next node: Cost = 439.8 : 506.08 | cr=12, dd=2, da=1, tlv=13, sm=64, rd=84.38, cd=0, um=0","Time elapsed: 30.08 seconds","/home/thomasverwaal/Robust-Rail-NL/mathematical-models/local_search_plans_discreet_120/plan_32_trains_5_units12.json"
"/home/thomasverwaal/Robust-Rail-NL/mathematical-models/scenarios_solver_types_120/scenario_solver_32_trains_5_units12.json","Cost of next node: Cost = 429.8 : 496.08 | cr=11, dd=2, da=1, tlv=13, sm=64, rd=84.38, cd=0, um=0","Time elapsed: 32.24 seconds","/home/thomasverwaal/Robust-Rail-NL/mathematical-models/local_search_plans_discreet_120/plan_32_trains_5_units12.json"
"/home/thomasverwaal/Robust-Rail-NL/mathematical-models/scenarios_solver_types_120/scenario_solver_32_trains_5_units12.json","Cost of next node: Cost = 419.8 : 486.08 | cr=10, dd=2, da=1, tlv=13, sm=64, rd=84.38, cd=0, um=0","Time elapsed: 34.04 seconds","/home/thomasverwaal/Robust-Rail-NL/mathematical-models/local_search_plans_discreet_120/plan_32_trains_5_units12.json"
"/home/thomasverwaal/Robust-Rail-NL/mathematical-models/scenarios_solver_types_120/scenario_solver_32_trains_5_units12.json","Cost of next node: Cost = 409.8 : 476.08 | cr=9, dd=2, da=1, tlv=13, sm=64, rd=84.38, cd=0, um=0","Time elapsed: 35.76 seconds","/home/thomasverwaal/Robust-Rail-NL/mathematical-models/local_search_plans_discreet_120/plan_32_trains_5_units12.json"
"/home/thomasverwaal/Robust-Rail-NL/mathematical-models/scenarios_solver_types_120/scenario_solver_32_trains_5_units12.json","Cost of next node: Cost = 399.8 : 466.08 | cr=8, dd=2, da=1, tlv=13, sm=64, rd=84.38, cd=0, um=0","Time elapsed: 37.43 seconds","/home/thomasverwaal/Robust-Rail-NL/mathematical-models/local_search_plans_discreet_120/plan_32_trains_5_units12.json"
"/home/thomasverwaal/Robust-Rail-NL/mathematical-models/scenarios_solver_types_120/scenario_solver_32_trains_5_units12.json","Cost of next node: Cost = 389.8 : 456.08 | cr=7, dd=2, da=1, tlv=13, sm=64, rd=84.38, cd=0, um=0","Time elapsed: 38.70 seconds","/home/thomasverwaal/Robust-Rail-NL/mathematical-models/local_search_plans_discreet_120/plan_32_trains_5_units12.json"
"/home/thomasverwaal/Robust-Rail-NL/mathematical-models/scenarios_solver_types_120/scenario_solver_32_trains_5_units12.json","Cost of next node: Cost = 379.8 : 446.10 | cr=6, dd=2, da=1, tlv=13, sm=65, rd=84.92, cd=0, um=0","Time elapsed: 40.07 seconds","/home/thomasverwaal/Robust-Rail-NL/mathematical-models/local_search_plans_discreet_120/plan_32_trains_5_units12.json"
"/home/thomasverwaal/Robust-Rail-NL/mathematical-models/scenarios_solver_types_120/scenario_solver_32_trains_5_units12.json","Cost of next node: Cost = 270.0 : 341.30 | cr=6, dd=0, da=0, tlv=14, sm=65, rd=79.38, cd=0, um=0","Time elapsed: 40.26 seconds","/home/thomasverwaal/Robust-Rail-NL/mathematical-models/local_search_plans_discreet_120/plan_32_trains_5_units12.json"
"/home/thomasverwaal/Robust-Rail-NL/mathematical-models/scenarios_solver_types_120/scenario_solver_32_trains_5_units12.json","Cost of next node: Cost = 260.0 : 331.30 | cr=5, dd=0, da=0, tlv=14, sm=65, rd=79.38, cd=0, um=0","Time elapsed: 41.60 seconds","/home/thomasverwaal/Robust-Rail-NL/mathematical-models/local_search_plans_discreet_120/plan_32_trains_5_units12.json"
"/home/thomasverwaal/Robust-Rail-NL/mathematical-models/scenarios_solver_types_120/scenario_solver_32_trains_5_units12.json","Cost of next node: Cost = 250.0 : 321.30 | cr=4, dd=0, da=0, tlv=14, sm=65, rd=81.23, cd=0, um=0","Time elapsed: 42.91 seconds","/home/thomasverwaal/Robust-Rail-NL/mathematical-models/local_search_plans_discreet_120/plan_32_trains_5_units12.json"
"/home/thomasverwaal/Robust-Rail-NL/mathematical-models/scenarios_solver_types_120/scenario_solver_32_trains_5_units12.json","Cost of next node: Cost = 240.0 : 311.30 | cr=3, dd=0, da=0, tlv=14, sm=65, rd=81.23, cd=0, um=0","Time elapsed: 43.99 seconds","/home/thomasverwaal/Robust-Rail-NL/mathematical-models/local_search_plans_discreet_120/plan_32_trains_5_units12.json"
"/home/thomasverwaal/Robust-Rail-NL/mathematical-models/scenarios_solver_types_120/scenario_solver_32_trains_5_units12.json","Cost of next node: Cost = 230.0 : 301.30 | cr=2, dd=0, da=0, tlv=14, sm=65, rd=83.08, cd=0, um=0","Time elapsed: 60.87 seconds","/home/thomasverwaal/Robust-Rail-NL/mathematical-models/local_search_plans_discreet_120/plan_32_trains_5_units12.json"
"/home/thomasverwaal/Robust-Rail-NL/mathematical-models/scenarios_solver_types_120/scenario_solver_32_trains_5_units12.json","Cost of next node: Cost = 220.0 : 291.32 | cr=1, dd=0, da=0, tlv=14, sm=66, rd=83.64, cd=0, um=0","Time elapsed: 91.94 seconds","/home/thomasverwaal/Robust-Rail-NL/mathematical-models/local_search_plans_discreet_120/plan_32_trains_5_units12.json"
"/home/thomasverwaal/Robust-Rail-NL/mathematical-models/scenarios_solver_types_120/scenario_solver_32_trains_5_units12.json","Cost of next node: Cost = 215.0 : 281.34 | cr=2, dd=0, da=0, tlv=13, sm=67, rd=84.18, cd=0, um=0","Time elapsed: 111.78 seconds","/home/thomasverwaal/Robust-Rail-NL/mathematical-models/local_search_plans_discreet_120/plan_32_trains_5_units12.json"
"/home/thomasverwaal/Robust-Rail-NL/mathematical-models/scenarios_solver_types_120/scenario_solver_32_trains_5_units12.json","Cost of next node: Cost = 205.0 : 271.34 | cr=1, dd=0, da=0, tlv=13, sm=67, rd=84.18, cd=0, um=0","Time elapsed: 112.92 seconds","/home/thomasverwaal/Robust-Rail-NL/mathematical-models/local_search_plans_discreet_120/plan_32_trains_5_units12.json"
"/home/thomasverwaal/Robust-Rail-NL/mathematical-models/scenarios_solver_types_120/scenario_solver_32_trains_5_units12.json","NO_COST_FOUND","NO_TIME_FOUND","NO_PLAN_CREATED"
"/home/thomasverwaal/Robust-Rail-NL/mathematical-models/scenarios_solver_types_120/scenario_solver_32_trains_5_units13.json","Cost of next node: Cost = 2,749.3 : 2,750.55 | cr=42, dd=32, da=30, tlv=0, sm=64, rd=181.88, cd=0, um=0","Time elapsed: 4.54 seconds","/home/thomasverwaal/Robust-Rail-NL/mathematical-models/local_search_plans_discreet_120/plan_32_trains_5_units13.json"
"/home/thomasverwaal/Robust-Rail-NL/mathematical-models/scenarios_solver_types_120/scenario_solver_32_trains_5_units13.json","Cost of next node: Cost = 2,714.7 : 2,721.00 | cr=43, dd=32, da=28, tlv=1, sm=64, rd=179.06, cd=0, um=0","Time elapsed: 4.69 seconds","/home/thomasverwaal/Robust-Rail-NL/mathematical-models/local_search_plans_discreet_120/plan_32_trains_5_units13.json"
"/home/thomasverwaal/Robust-Rail-NL/mathematical-models/scenarios_solver_types_120/scenario_solver_32_trains_5_units13.json","Cost of next node: Cost = 2,630.4 : 2,636.65 | cr=48, dd=32, da=21, tlv=1, sm=64, rd=179.06, cd=0, um=0","Time elapsed: 4.86 seconds","/home/thomasverwaal/Robust-Rail-NL/mathematical-models/local_search_plans_discreet_120/plan_32_trains_5_units13.json"
"/home/thomasverwaal/Robust-Rail-NL/mathematical-models/scenarios_solver_types_120/scenario_solver_32_trains_5_units13.json","Cost of next node: Cost = 2,607.1 : 2,613.38 | cr=46, dd=32, da=21, tlv=1, sm=64, rd=179.06, cd=0, um=0","Time elapsed: 4.96 seconds","/home/thomasverwaal/Robust-Rail-NL/mathematical-models/local_search_plans_discreet_120/plan_32_trains_5_units13.json"
"/home/thomasverwaal/Robust-Rail-NL/mathematical-models/scenarios_solver_types_120/scenario_solver_32_trains_5_units13.json","Cost of next node: Cost = 2,583.1 : 2,589.35 | cr=46, dd=32, da=20, tlv=1, sm=64, rd=175.31, cd=0, um=0","Time elapsed: 5.08 seconds","/home/thomasverwaal/Robust-Rail-NL/mathematical-models/local_search_plans_discreet_120/plan_32_trains_5_units13.json"
"/home/thomasverwaal/Robust-Rail-NL/mathematical-models/scenarios_solver_types_120/scenario_solver_32_trains_5_units13.json","Cost of next node: Cost = 2,468.0 : 2,479.27 | cr=42, dd=32, da=15, tlv=2, sm=64, rd=172.50, cd=0, um=0","Time elapsed: 5.20 seconds","/home/thomasverwaal/Robust-Rail-NL/mathematical-models/local_search_plans_discreet_120/plan_32_trains_5_units13.json"
"/home/thomasverwaal/Robust-Rail-NL/mathematical-models/scenarios_solver_types_120/scenario_solver_32_trains_5_units13.json","Cost of next node: Cost = 2,441.4 : 2,452.63 | cr=40, dd=32, da=15, tlv=2, sm=64, rd=168.75, cd=0, um=0","Time elapsed: 5.34 seconds","/home/thomasverwaal/Robust-Rail-NL/mathematical-models/local_search_plans_discreet_120/plan_32_trains_5_units13.json"
"/home/thomasverwaal/Robust-Rail-NL/mathematical-models/scenarios_solver_types_120/scenario_solver_32_trains_5_units13.json","Cost of next node: Cost = 2,412.5 : 2,428.80 | cr=38, dd=32, da=14, tlv=3, sm=64, rd=165.00, cd=0, um=0","Time elapsed: 5.46 seconds","/home/thomasverwaal/Robust-Rail-NL/mathematical-models/local_search_plans_discreet_120/plan_32_trains_5_units13.json"
"/home/thomasverwaal/Robust-Rail-NL/mathematical-models/scenarios_solver_types_120/scenario_solver_32_trains_5_units13.json","Cost of next node: Cost = 2,388.1 : 2,404.36 | cr=38, dd=32, da=13, tlv=3, sm=64, rd=159.38, cd=0, um=0","Time elapsed: 5.65 seconds","/home/thomasverwaal/Robust-Rail-NL/mathematical-models/local_search_plans_discreet_120/plan_32_trains_5_units13.json"
"/home/thomasverwaal/Robust-Rail-NL/mathematical-models/scenarios_solver_types_120/scenario_solver_32_trains_5_units13.json","Cost of next node: Cost = 2,353.1 : 2,374.36 | cr=33, dd=32, da=13, tlv=4, sm=64, rd=159.38, cd=0, um=0","Time elapsed: 5.75 seconds","/home/thomasverwaal/Robust-Rail-NL/mathematical-models/local_search_plans_discreet_120/plan_32_trains_5_units13.json"
"/home/thomasverwaal/Robust-Rail-NL/mathematical-models/scenarios_solver_types_120/scenario_solver_32_trains_5_units13.json","Cost of next node: Cost = 2,332.0 : 2,358.30 | cr=32, dd=32, da=13, tlv=5, sm=64, rd=151.88, cd=0, um=0","Time elapsed: 6.17 seconds","/home/thomasverwaal/Robust-Rail-NL/mathematical-models/local_search_plans_discreet_120/plan_32_trains_5_units13.json"
"/home/thomasverwaal/Robust-Rail-NL/mathematical-models/scenarios_solver_types_120/scenario_solver_32_trains_5_units13.json","Cost of next node: Cost = 2,304.9 : 2,336.21 | cr=30, dd=32, da=12, tlv=6, sm=64, rd=148.12, cd=0, um=0","Time elapsed: 6.57 seconds","/home/thomasverwaal/Robust-Rail-NL/mathematical-models/local_search_plans_discreet_120/plan_32_trains_5_units13.json"
"/home/thomasverwaal/Robust-Rail-NL/mathematical-models/scenarios_solver_types_120/scenario_solver_32_trains_5_units13.json","Cost of next node: Cost = 2,282.2 : 2,313.47 | cr=29, dd=32, da=12, tlv=6, sm=64, rd=144.38, cd=0, um=0","Time elapsed: 6.73 seconds","/home/thomasverwaal/Robust-Rail-NL/mathematical-models/local_search_plans_discreet_120/plan_32_trains_5_units13.json"
"/home/thomasverwaal/Robust-Rail-NL/mathematical-models/scenarios_solver_types_120/scenario_solver_32_trains_5_units13.json","Cost of next node: Cost = 2,256.7 : 2,292.97 | cr=27, dd=32, da=11, tlv=7, sm=64, rd=142.50, cd=0, um=0","Time elapsed: 7.25 seconds","/home/thomasverwaal/Robust-Rail-NL/mathematical-models/local_search_plans_discreet_120/plan_32_trains_5_units13.json"
"/home/thomasverwaal/Robust-Rail-NL/mathematical-models/scenarios_solver_types_120/scenario_solver_32_trains_5_units13.json","Cost of next node: Cost = 2,229.2 : 2,265.51 | cr=24, dd=32, da=11, tlv=7, sm=64, rd=144.38, cd=0, um=0","Time elapsed: 7.48 seconds","/home/thomasverwaal/Robust-Rail-NL/mathematical-models/local_search_plans_discreet_120/plan_32_trains_5_units13.json"
"/home/thomasverwaal/Robust-Rail-NL/mathematical-models/scenarios_solver_types_120/scenario_solver_32_trains_5_units13.json","Cost of next node: Cost = 2,209.2 : 2,250.47 | cr=18, dd=32, da=11, tlv=8, sm=64, rd=150.00, cd=0, um=0","Time elapsed: 7.92 seconds","/home/thomasverwaal/Robust-Rail-NL/mathematical-models/local_search_plans_discreet_120/plan_32_trains_5_units13.json"
"/home/thomasverwaal/Robust-Rail-NL/mathematical-models/scenarios_solver_types_120/scenario_solver_32_trains_5_units13.json","Cost of next node: Cost = 2,183.7 : 2,229.97 | cr=17, dd=32, da=10, tlv=9, sm=64, rd=144.38, cd=0, um=0","Time elapsed: 8.41 seconds","/home/thomasverwaal/Robust-Rail-NL/mathematical-models/local_search_plans_discreet_120/plan_32_trains_5_units13.json"
"/home/thomasverwaal/Robust-Rail-NL/mathematical-models/scenarios_solver_types_120/scenario_solver_32_trains_5_units13.json","Cost of next node: Cost = 2,155.4 : 2,206.70 | cr=17, dd=32, da=9, tlv=10, sm=64, rd=136.88, cd=0, um=0","Time elapsed: 8.88 seconds","/home/thomasverwaal/Robust-Rail-NL/mathematical-models/local_search_plans_discreet_120/plan_32_trains_5_units13.json"
"/home/thomasverwaal/Robust-Rail-NL/mathematical-models/scenarios_solver_types_120/scenario_solver_32_trains_5_units13.json","Cost of next node: Cost = 2,096.5 : 2,147.81 | cr=20, dd=31, da=8, tlv=10, sm=64, rd=129.38, cd=0, um=0","Time elapsed: 9.47 seconds","/home/thomasverwaal/Robust-Rail-NL/mathematical-models/local_search_plans_discreet_120/plan_32_trains_5_units13.json"
"/home/thomasverwaal/Robust-Rail-NL/mathematical-models/scenarios_solver_types_120/scenario_solver_32_trains_5_units13.json","Cost of next node: Cost = 2,007.3 : 2,058.58 | cr=21, dd=29, da=8, tlv=10, sm=64, rd=129.38, cd=0, um=0","Time elapsed: 9.56 seconds","/home/thomasverwaal/Robust-Rail-NL/mathematical-models/local_search_plans_discreet_120/plan_32_trains_5_units13.json"
"/home/thomasverwaal/Robust-Rail-NL/mathematical-models/scenarios_solver_types_120/scenario_solver_32_trains_5_units13.json","Cost of next node: Cost = 1,941.6 : 1,987.90 | cr=23, dd=28, da=7, tlv=9, sm=64, rd=123.75, cd=0, um=0","Time elapsed: 9.75 seconds","/home/thomasverwaal/Robust-Rail-NL/mathematical-models/local_search_plans_discreet_120/plan_32_trains_5_units13.json"
"/home/thomasverwaal/Robust-Rail-NL/mathematical-models/scenarios_solver_types_120/scenario_solver_32_trains_5_units13.json","Cost of next node: Cost = 1,895.0 : 1,941.32 | cr=23, dd=28, da=5, tlv=9, sm=64, rd=120.00, cd=0, um=0","Time elapsed: 10.58 seconds","/home/thomasverwaal/Robust-Rail-NL/mathematical-models/local_search_plans_discreet_120/plan_32_trains_5_units13.json"
"/home/thomasverwaal/Robust-Rail-NL/mathematical-models/scenarios_solver_types_120/scenario_solver_32_trains_5_units13.json","Cost of next node: Cost = 1,866.7 : 1,912.97 | cr=25, dd=27, da=5, tlv=9, sm=64, rd=120.00, cd=0, um=0","Time elapsed: 10.66 seconds","/home/thomasverwaal/Robust-Rail-NL/mathematical-models/local_search_plans_discreet_120/plan_32_trains_5_units13.json"
"/home/thomasverwaal/Robust-Rail-NL/mathematical-models/scenarios_solver_types_120/scenario_solver_32_trains_5_units13.json","Cost of next node: Cost = 1,800.4 : 1,846.66 | cr=28, dd=25, da=5, tlv=9, sm=64, rd=120.00, cd=0, um=0","Time elapsed: 10.71 seconds","/home/thomasverwaal/Robust-Rail-NL/mathematical-models/local_search_plans_discreet_120/plan_32_trains_5_units13.json"
"/home/thomasverwaal/Robust-Rail-NL/mathematical-models/scenarios_solver_types_120/scenario_solver_32_trains_5_units13.json","Cost of next node: Cost = 1,775.4 : 1,826.66 | cr=24, dd=25, da=5, tlv=10, sm=64, rd=120.00, cd=0, um=0","Time elapsed: 11.03 seconds","/home/thomasverwaal/Robust-Rail-NL/mathematical-models/local_search_plans_discreet_120/plan_32_trains_5_units13.json"
"/home/thomasverwaal/Robust-Rail-NL/mathematical-models/scenarios_solver_types_120/scenario_solver_32_trains_5_units13.json","Cost of next node: Cost = 1,753.6 : 1,804.93 | cr=22, dd=25, da=5, tlv=10, sm=64, rd=118.12, cd=0, um=0","Time elapsed: 11.31 seconds","/home/thomasverwaal/Robust-Rail-NL/mathematical-models/local_search_plans_discreet_120/plan_32_trains_5_units13.json"
"/home/thomasverwaal/Robust-Rail-NL/mathematical-models/scenarios_solver_types_120/scenario_solver_32_trains_5_units13.json","Cost of next node: Cost = 1,731.1 : 1,782.38 | cr=22, dd=25, da=4, tlv=10, sm=64, rd=116.25, cd=0, um=0","Time elapsed: 11.66 seconds","/home/thomasverwaal/Robust-Rail-NL/mathematical-models/local_search_plans_discreet_120/plan_32_trains_5_units13.json"
"/home/thomasverwaal/Robust-Rail-NL/mathematical-models/scenarios_solver_types_120/scenario_solver_32_trains_5_units13.json","Cost of next node: Cost = 1,632.7 : 1,683.97 | cr=22, dd=23, da=4, tlv=10, sm=64, rd=116.25, cd=0, um=0","Time elapsed: 11.73 seconds","/home/thomasverwaal/Robust-Rail-NL/mathematical-models/local_search_plans_discreet_120/plan_32_trains_5_units13.json"
"/home/thomasverwaal/Robust-Rail-NL/mathematical-models/scenarios_solver_types_120/scenario_solver_32_trains_5_units13.json","Cost of next node: Cost = 1,592.3 : 1,643.62 | cr=23, dd=22, da=4, tlv=10, sm=64, rd=116.25, cd=0, um=0","Time elapsed: 11.81 seconds","/home/thomasverwaal/Robust-Rail-NL/mathematical-models/local_search_plans_discreet_120/plan_32_trains_5_units13.json"
"/home/thomasverwaal/Robust-Rail-NL/mathematical-models/scenarios_solver_types_120/scenario_solver_32_trains_5_units13.json","Cost of next node: Cost = 1,556.7 : 1,612.98 | cr=23, dd=21, da=4, tlv=11, sm=64, rd=114.38, cd=0, um=0","Time elapsed: 12.11 seconds","/home/thomasverwaal/Robust-Rail-NL/mathematical-models/local_search_plans_discreet_120/plan_32_trains_5_units13.json"
"/home/thomasverwaal/Robust-Rail-NL/mathematical-models/scenarios_solver_types_120/scenario_solver_32_trains_5_units13.json","Cost of next node: Cost = 1,527.4 : 1,583.70 | cr=25, dd=20, da=4, tlv=11, sm=64, rd=112.50, cd=0, um=0","Time elapsed: 12.45 seconds","/home/thomasverwaal/Robust-Rail-NL/mathematical-models/local_search_plans_discreet_120/plan_32_trains_5_units13.json"
"/home/thomasverwaal/Robust-Rail-NL/mathematical-models/scenarios_solver_types_120/scenario_solver_32_trains_5_units13.json","Cost of next node: Cost = 1,493.5 : 1,554.79 | cr=25, dd=19, da=4, tlv=12, sm=64, rd=108.75, cd=0, um=0","Time elapsed: 12.68 seconds","/home/thomasverwaal/Robust-Rail-NL/mathematical-models/local_search_plans_discreet_120/plan_32_trains_5_units13.json"
"/home/thomasverwaal/Robust-Rail-NL/mathematical-models/scenarios_solver_types_120/scenario_solver_32_trains_5_units13.json","Cost of next node: Cost = 1,468.5 : 1,524.79 | cr=24, dd=19, da=4, tlv=11, sm=64, rd=110.62, cd=0, um=0","Time elapsed: 13.04 seconds","/home/thomasverwaal/Robust-Rail-NL/mathematical-models/local_search_plans_discreet_120/plan_32_trains_5_units13.json"
"/home/thomasverwaal/Robust-Rail-NL/mathematical-models/scenarios_solver_types_120/scenario_solver_32_trains_5_units13.json","Cost of next node: Cost = 1,260.6 : 1,321.93 | cr=22, dd=16, da=2, tlv=12, sm=64, rd=101.25, cd=0, um=0","Time elapsed: 13.29 seconds","/home/thomasverwaal/Robust-Rail-NL/mathematical-models/local_search_plans_discreet_120/plan_32_trains_5_units13.json"
"/home/thomasverwaal/Robust-Rail-NL/mathematical-models/scenarios_solver_types_120/scenario_solver_32_trains_5_units13.json","Cost of next node: Cost = 1,230.6 : 1,291.93 | cr=19, dd=16, da=2, tlv=12, sm=64, rd=101.25, cd=0, um=0","Time elapsed: 13.44 seconds","/home/thomasverwaal/Robust-Rail-NL/mathematical-models/local_search_plans_discreet_120/plan_32_trains_5_units13.json"
"/home/thomasverwaal/Robust-Rail-NL/mathematical-models/scenarios_solver_types_120/scenario_solver_32_trains_5_units13.json","Cost of next node: Cost = 1,184.9 : 1,251.16 | cr=18, dd=15, da=2, tlv=13, sm=64, rd=95.62, cd=0, um=0","Time elapsed: 13.71 seconds","/home/thomasverwaal/Robust-Rail-NL/mathematical-models/local_search_plans_discreet_120/plan_32_trains_5_units13.json"
"/home/thomasverwaal/Robust-Rail-NL/mathematical-models/scenarios_solver_types_120/scenario_solver_32_trains_5_units13.json","Cost of next node: Cost = 1,128.1 : 1,199.38 | cr=18, dd=14, da=1, tlv=14, sm=64, rd=91.88, cd=0, um=0","Time elapsed: 13.96 seconds","/home/thomasverwaal/Robust-Rail-NL/mathematical-models/local_search_plans_discreet_120/plan_32_trains_5_units13.json"
"/home/thomasverwaal/Robust-Rail-NL/mathematical-models/scenarios_solver_types_120/scenario_solver_32_trains_5_units13.json","Cost of next node: Cost = 935.4 : 1,011.64 | cr=20, dd=10, da=0, tlv=15, sm=64, rd=84.38, cd=0, um=0","Time elapsed: 14.35 seconds","/home/thomasverwaal/Robust-Rail-NL/mathematical-models/local_search_plans_discreet_120/plan_32_trains_5_units13.json"
"/home/thomasverwaal/Robust-Rail-NL/mathematical-models/scenarios_solver_types_120/scenario_solver_32_trains_5_units13.json","Cost of next node: Cost = 905.4 : 981.64 | cr=17, dd=10, da=0, tlv=15, sm=64, rd=84.38, cd=0, um=0","Time elapsed: 14.44 seconds","/home/thomasverwaal/Robust-Rail-NL/mathematical-models/local_search_plans_discreet_120/plan_32_trains_5_units13.json"
"/home/thomasverwaal/Robust-Rail-NL/mathematical-models/scenarios_solver_types_120/scenario_solver_32_trains_5_units13.json","Cost of next node: Cost = 880.4 : 951.64 | cr=16, dd=10, da=0, tlv=14, sm=64, rd=86.25, cd=0, um=0","Time elapsed: 14.59 seconds","/home/thomasverwaal/Robust-Rail-NL/mathematical-models/local_search_plans_discreet_120/plan_32_trains_5_units13.json"
"/home/thomasverwaal/Robust-Rail-NL/mathematical-models/scenarios_solver_types_120/scenario_solver_32_trains_5_units13.json","Cost of next node: Cost = 829.3 : 900.58 | cr=16, dd=9, da=0, tlv=14, sm=64, rd=86.25, cd=0, um=0","Time elapsed: 14.73 seconds","/home/thomasverwaal/Robust-Rail-NL/mathematical-models/local_search_plans_discreet_120/plan_32_trains_5_units13.json"
"/home/thomasverwaal/Robust-Rail-NL/mathematical-models/scenarios_solver_types_120/scenario_solver_32_trains_5_units13.json","Cost of next node: Cost = 415.0 : 491.28 | cr=19, dd=0, da=0, tlv=15, sm=64, rd=75.00, cd=0, um=0","Time elapsed: 15.23 seconds","/home/thomasverwaal/Robust-Rail-NL/mathematical-models/local_search_plans_discreet_120/plan_32_trains_5_units13.json"
"/home/thomasverwaal/Robust-Rail-NL/mathematical-models/scenarios_solver_types_120/scenario_solver_32_trains_5_units13.json","Cost of next node: Cost = 395.0 : 471.28 | cr=17, dd=0, da=0, tlv=15, sm=64, rd=75.00, cd=0, um=0","Time elapsed: 19.03 seconds","/home/thomasverwaal/Robust-Rail-NL/mathematical-models/local_search_plans_discreet_120/plan_32_trains_5_units13.json"
"/home/thomasverwaal/Robust-Rail-NL/mathematical-models/scenarios_solver_types_120/scenario_solver_32_trains_5_units13.json","Cost of next node: Cost = 380.0 : 451.28 | cr=17, dd=0, da=0, tlv=14, sm=64, rd=76.88, cd=0, um=0","Time elapsed: 22.31 seconds","/home/thomasverwaal/Robust-Rail-NL/mathematical-models/local_search_plans_discreet_120/plan_32_trains_5_units13.json"
"/home/thomasverwaal/Robust-Rail-NL/mathematical-models/scenarios_solver_types_120/scenario_solver_32_trains_5_units13.json","Cost of next node: Cost = 370.0 : 441.28 | cr=16, dd=0, da=0, tlv=14, sm=64, rd=76.88, cd=0, um=0","Time elapsed: 25.57 seconds","/home/thomasverwaal/Robust-Rail-NL/mathematical-models/local_search_plans_discreet_120/plan_32_trains_5_units13.json"
"/home/thomasverwaal/Robust-Rail-NL/mathematical-models/scenarios_solver_types_120/scenario_solver_32_trains_5_units13.json","Cost of next node: Cost = 350.0 : 421.28 | cr=14, dd=0, da=0, tlv=14, sm=64, rd=76.88, cd=0, um=0","Time elapsed: 28.80 seconds","/home/thomasverwaal/Robust-Rail-NL/mathematical-models/local_search_plans_discreet_120/plan_32_trains_5_units13.json"
"/home/thomasverwaal/Robust-Rail-NL/mathematical-models/scenarios_solver_types_120/scenario_solver_32_trains_5_units13.json","Cost of next node: Cost = 340.0 : 411.28 | cr=13, dd=0, da=0, tlv=14, sm=64, rd=76.88, cd=0, um=0","Time elapsed: 31.74 seconds","/home/thomasverwaal/Robust-Rail-NL/mathematical-models/local_search_plans_discreet_120/plan_32_trains_5_units13.json"
"/home/thomasverwaal/Robust-Rail-NL/mathematical-models/scenarios_solver_types_120/scenario_solver_32_trains_5_units13.json","Cost of next node: Cost = 330.0 : 401.28 | cr=12, dd=0, da=0, tlv=14, sm=64, rd=76.88, cd=0, um=0","Time elapsed: 34.69 seconds","/home/thomasverwaal/Robust-Rail-NL/mathematical-models/local_search_plans_discreet_120/plan_32_trains_5_units13.json"
"/home/thomasverwaal/Robust-Rail-NL/mathematical-models/scenarios_solver_types_120/scenario_solver_32_trains_5_units13.json","Cost of next node: Cost = 320.0 : 391.28 | cr=11, dd=0, da=0, tlv=14, sm=64, rd=76.88, cd=0, um=0","Time elapsed: 37.57 seconds","/home/thomasverwaal/Robust-Rail-NL/mathematical-models/local_search_plans_discreet_120/plan_32_trains_5_units13.json"
"/home/thomasverwaal/Robust-Rail-NL/mathematical-models/scenarios_solver_types_120/scenario_solver_32_trains_5_units13.json","Cost of next node: Cost = 310.0 : 381.28 | cr=10, dd=0, da=0, tlv=14, sm=64, rd=76.88, cd=0, um=0","Time elapsed: 40.51 seconds","/home/thomasverwaal/Robust-Rail-NL/mathematical-models/local_search_plans_discreet_120/plan_32_trains_5_units13.json"
"/home/thomasverwaal/Robust-Rail-NL/mathematical-models/scenarios_solver_types_120/scenario_solver_32_trains_5_units13.json","Cost of next node: Cost = 300.0 : 371.28 | cr=9, dd=0, da=0, tlv=14, sm=64, rd=78.75, cd=0, um=0","Time elapsed: 42.84 seconds","/home/thomasverwaal/Robust-Rail-NL/mathematical-models/local_search_plans_discreet_120/plan_32_trains_5_units13.json"
"/home/thomasverwaal/Robust-Rail-NL/mathematical-models/scenarios_solver_types_120/scenario_solver_32_trains_5_units13.json","Cost of next node: Cost = 290.0 : 361.28 | cr=8, dd=0, da=0, tlv=14, sm=64, rd=78.75, cd=0, um=0","Time elapsed: 44.80 seconds","/home/thomasverwaal/Robust-Rail-NL/mathematical-models/local_search_plans_discreet_120/plan_32_trains_5_units13.json"
"/home/thomasverwaal/Robust-Rail-NL/mathematical-models/scenarios_solver_types_120/scenario_solver_32_trains_5_units13.json","Cost of next node: Cost = 280.0 : 351.28 | cr=7, dd=0, da=0, tlv=14, sm=64, rd=78.75, cd=0, um=0","Time elapsed: 46.41 seconds","/home/thomasverwaal/Robust-Rail-NL/mathematical-models/local_search_plans_discreet_120/plan_32_trains_5_units13.json"
"/home/thomasverwaal/Robust-Rail-NL/mathematical-models/scenarios_solver_types_120/scenario_solver_32_trains_5_units13.json","Cost of next node: Cost = 270.0 : 341.28 | cr=6, dd=0, da=0, tlv=14, sm=64, rd=78.75, cd=0, um=0","Time elapsed: 47.86 seconds","/home/thomasverwaal/Robust-Rail-NL/mathematical-models/local_search_plans_discreet_120/plan_32_trains_5_units13.json"
"/home/thomasverwaal/Robust-Rail-NL/mathematical-models/scenarios_solver_types_120/scenario_solver_32_trains_5_units13.json","Cost of next node: Cost = 260.0 : 331.28 | cr=5, dd=0, da=0, tlv=14, sm=64, rd=78.75, cd=0, um=0","Time elapsed: 49.35 seconds","/home/thomasverwaal/Robust-Rail-NL/mathematical-models/local_search_plans_discreet_120/plan_32_trains_5_units13.json"
"/home/thomasverwaal/Robust-Rail-NL/mathematical-models/scenarios_solver_types_120/scenario_solver_32_trains_5_units13.json","Cost of next node: Cost = 255.0 : 321.34 | cr=6, dd=0, da=0, tlv=13, sm=67, rd=85.07, cd=0, um=0","Time elapsed: 62.73 seconds","/home/thomasverwaal/Robust-Rail-NL/mathematical-models/local_search_plans_discreet_120/plan_32_trains_5_units13.json"
"/home/thomasverwaal/Robust-Rail-NL/mathematical-models/scenarios_solver_types_120/scenario_solver_32_trains_5_units13.json","Cost of next node: Cost = 245.0 : 311.34 | cr=5, dd=0, da=0, tlv=13, sm=67, rd=85.07, cd=0, um=0","Time elapsed: 114.52 seconds","/home/thomasverwaal/Robust-Rail-NL/mathematical-models/local_search_plans_discreet_120/plan_32_trains_5_units13.json"
"/home/thomasverwaal/Robust-Rail-NL/mathematical-models/scenarios_solver_types_120/scenario_solver_32_trains_5_units13.json","Cost of next node: Cost = 240.0 : 301.36 | cr=6, dd=0, da=0, tlv=12, sm=68, rd=87.35, cd=0, um=0","Time elapsed: 141.19 seconds","/home/thomasverwaal/Robust-Rail-NL/mathematical-models/local_search_plans_discreet_120/plan_32_trains_5_units13.json"
"/home/thomasverwaal/Robust-Rail-NL/mathematical-models/scenarios_solver_types_120/scenario_solver_32_trains_5_units13.json","NO_COST_FOUND","NO_TIME_FOUND","NO_PLAN_CREATED"
