scenario,cost_line,time_line,plan_file
"/home/thomasverwaal/Robust-Rail-NL/mathematical-models/scenarios_solver_types_120/scenario_solver_32_trains_32_units5.json","Cost of next node: Cost = 2,881.0 : 2,887.33 | cr=52, dd=32, da=28, tlv=1, sm=64, rd=185.62, cd=0, um=0","Time elapsed: 1.89 seconds","/home/thomasverwaal/Robust-Rail-NL/mathematical-models/local_search_plans_discreet_120/plan_32_trains_32_units5.json"
"/home/thomasverwaal/Robust-Rail-NL/mathematical-models/scenarios_solver_types_120/scenario_solver_32_trains_32_units5.json","Cost of next node: Cost = 2,858.5 : 2,869.73 | cr=50, dd=32, da=28, tlv=2, sm=64, rd=181.88, cd=0, um=0","Time elapsed: 2.05 seconds","/home/thomasverwaal/Robust-Rail-NL/mathematical-models/local_search_plans_discreet_120/plan_32_trains_32_units5.json"
"/home/thomasverwaal/Robust-Rail-NL/mathematical-models/scenarios_solver_types_120/scenario_solver_32_trains_32_units5.json","Cost of next node: Cost = 2,798.7 : 2,814.94 | cr=43, dd=32, da=27, tlv=3, sm=64, rd=184.69, cd=0, um=0","Time elapsed: 2.16 seconds","/home/thomasverwaal/Robust-Rail-NL/mathematical-models/local_search_plans_discreet_120/plan_32_trains_32_units5.json"
"/home/thomasverwaal/Robust-Rail-NL/mathematical-models/scenarios_solver_types_120/scenario_solver_32_trains_32_units5.json","Cost of next node: Cost = 2,774.6 : 2,790.86 | cr=43, dd=32, da=26, tlv=3, sm=64, rd=183.75, cd=0, um=0","Time elapsed: 2.30 seconds","/home/thomasverwaal/Robust-Rail-NL/mathematical-models/local_search_plans_discreet_120/plan_32_trains_32_units5.json"
"/home/thomasverwaal/Robust-Rail-NL/mathematical-models/scenarios_solver_types_120/scenario_solver_32_trains_32_units5.json","Cost of next node: Cost = 2,729.1 : 2,750.36 | cr=41, dd=32, da=24, tlv=4, sm=64, rd=181.88, cd=0, um=0","Time elapsed: 2.41 seconds","/home/thomasverwaal/Robust-Rail-NL/mathematical-models/local_search_plans_discreet_120/plan_32_trains_32_units5.json"
"/home/thomasverwaal/Robust-Rail-NL/mathematical-models/scenarios_solver_types_120/scenario_solver_32_trains_32_units5.json","Cost of next node: Cost = 2,692.8 : 2,719.11 | cr=36, dd=32, da=24, tlv=5, sm=64, rd=189.38, cd=0, um=0","Time elapsed: 2.55 seconds","/home/thomasverwaal/Robust-Rail-NL/mathematical-models/local_search_plans_discreet_120/plan_32_trains_32_units5.json"
"/home/thomasverwaal/Robust-Rail-NL/mathematical-models/scenarios_solver_types_120/scenario_solver_32_trains_32_units5.json","Cost of next node: Cost = 2,669.0 : 2,690.30 | cr=35, dd=32, da=24, tlv=4, sm=64, rd=191.25, cd=0, um=0","Time elapsed: 2.70 seconds","/home/thomasverwaal/Robust-Rail-NL/mathematical-models/local_search_plans_discreet_120/plan_32_trains_32_units5.json"
"/home/thomasverwaal/Robust-Rail-NL/mathematical-models/scenarios_solver_types_120/scenario_solver_32_trains_32_units5.json","Cost of next node: Cost = 2,646.6 : 2,672.87 | cr=33, dd=32, da=24, tlv=5, sm=64, rd=190.31, cd=0, um=0","Time elapsed: 2.79 seconds","/home/thomasverwaal/Robust-Rail-NL/mathematical-models/local_search_plans_discreet_120/plan_32_trains_32_units5.json"
"/home/thomasverwaal/Robust-Rail-NL/mathematical-models/scenarios_solver_types_120/scenario_solver_32_trains_32_units5.json","Cost of next node: Cost = 2,576.6 : 2,607.88 | cr=28, dd=32, da=22, tlv=6, sm=64, rd=189.38, cd=0, um=0","Time elapsed: 2.87 seconds","/home/thomasverwaal/Robust-Rail-NL/mathematical-models/local_search_plans_discreet_120/plan_32_trains_32_units5.json"
"/home/thomasverwaal/Robust-Rail-NL/mathematical-models/scenarios_solver_types_120/scenario_solver_32_trains_32_units5.json","Cost of next node: Cost = 2,538.5 : 2,574.77 | cr=28, dd=32, da=20, tlv=7, sm=64, rd=183.75, cd=0, um=0","Time elapsed: 2.95 seconds","/home/thomasverwaal/Robust-Rail-NL/mathematical-models/local_search_plans_discreet_120/plan_32_trains_32_units5.json"
"/home/thomasverwaal/Robust-Rail-NL/mathematical-models/scenarios_solver_types_120/scenario_solver_32_trains_32_units5.json","Cost of next node: Cost = 2,512.3 : 2,553.62 | cr=28, dd=32, da=19, tlv=8, sm=64, rd=175.31, cd=0, um=0","Time elapsed: 3.06 seconds","/home/thomasverwaal/Robust-Rail-NL/mathematical-models/local_search_plans_discreet_120/plan_32_trains_32_units5.json"
"/home/thomasverwaal/Robust-Rail-NL/mathematical-models/scenarios_solver_types_120/scenario_solver_32_trains_32_units5.json","Cost of next node: Cost = 2,486.3 : 2,532.61 | cr=27, dd=32, da=19, tlv=9, sm=64, rd=167.81, cd=0, um=0","Time elapsed: 3.19 seconds","/home/thomasverwaal/Robust-Rail-NL/mathematical-models/local_search_plans_discreet_120/plan_32_trains_32_units5.json"
"/home/thomasverwaal/Robust-Rail-NL/mathematical-models/scenarios_solver_types_120/scenario_solver_32_trains_32_units5.json","Cost of next node: Cost = 2,456.3 : 2,507.53 | cr=29, dd=32, da=16, tlv=10, sm=64, rd=165.00, cd=0, um=0","Time elapsed: 3.29 seconds","/home/thomasverwaal/Robust-Rail-NL/mathematical-models/local_search_plans_discreet_120/plan_32_trains_32_units5.json"
"/home/thomasverwaal/Robust-Rail-NL/mathematical-models/scenarios_solver_types_120/scenario_solver_32_trains_32_units5.json","Cost of next node: Cost = 2,423.1 : 2,474.40 | cr=28, dd=32, da=15, tlv=10, sm=64, rd=161.25, cd=0, um=0","Time elapsed: 3.50 seconds","/home/thomasverwaal/Robust-Rail-NL/mathematical-models/local_search_plans_discreet_120/plan_32_trains_32_units5.json"
"/home/thomasverwaal/Robust-Rail-NL/mathematical-models/scenarios_solver_types_120/scenario_solver_32_trains_32_units5.json","Cost of next node: Cost = 2,332.7 : 2,388.95 | cr=29, dd=32, da=10, tlv=11, sm=64, rd=157.50, cd=0, um=0","Time elapsed: 3.65 seconds","/home/thomasverwaal/Robust-Rail-NL/mathematical-models/local_search_plans_discreet_120/plan_32_trains_32_units5.json"
"/home/thomasverwaal/Robust-Rail-NL/mathematical-models/scenarios_solver_types_120/scenario_solver_32_trains_32_units5.json","Cost of next node: Cost = 2,297.9 : 2,354.19 | cr=21, dd=32, da=11, tlv=11, sm=64, rd=163.12, cd=0, um=0","Time elapsed: 3.85 seconds","/home/thomasverwaal/Robust-Rail-NL/mathematical-models/local_search_plans_discreet_120/plan_32_trains_32_units5.json"
"/home/thomasverwaal/Robust-Rail-NL/mathematical-models/scenarios_solver_types_120/scenario_solver_32_trains_32_units5.json","Cost of next node: Cost = 2,247.2 : 2,308.50 | cr=19, dd=32, da=10, tlv=12, sm=64, rd=155.62, cd=0, um=0","Time elapsed: 4.16 seconds","/home/thomasverwaal/Robust-Rail-NL/mathematical-models/local_search_plans_discreet_120/plan_32_trains_32_units5.json"
"/home/thomasverwaal/Robust-Rail-NL/mathematical-models/scenarios_solver_types_120/scenario_solver_32_trains_32_units5.json","Cost of next node: Cost = 2,203.1 : 2,264.39 | cr=19, dd=32, da=8, tlv=12, sm=64, rd=151.88, cd=0, um=0","Time elapsed: 4.63 seconds","/home/thomasverwaal/Robust-Rail-NL/mathematical-models/local_search_plans_discreet_120/plan_32_trains_32_units5.json"
"/home/thomasverwaal/Robust-Rail-NL/mathematical-models/scenarios_solver_types_120/scenario_solver_32_trains_32_units5.json","Cost of next node: Cost = 2,151.8 : 2,218.11 | cr=17, dd=32, da=6, tlv=13, sm=64, rd=148.12, cd=0, um=0","Time elapsed: 5.18 seconds","/home/thomasverwaal/Robust-Rail-NL/mathematical-models/local_search_plans_discreet_120/plan_32_trains_32_units5.json"
"/home/thomasverwaal/Robust-Rail-NL/mathematical-models/scenarios_solver_types_120/scenario_solver_32_trains_32_units5.json","Cost of next node: Cost = 2,130.4 : 2,191.72 | cr=17, dd=32, da=6, tlv=12, sm=64, rd=148.12, cd=0, um=0","Time elapsed: 5.41 seconds","/home/thomasverwaal/Robust-Rail-NL/mathematical-models/local_search_plans_discreet_120/plan_32_trains_32_units5.json"
"/home/thomasverwaal/Robust-Rail-NL/mathematical-models/scenarios_solver_types_120/scenario_solver_32_trains_32_units5.json","Cost of next node: Cost = 2,098.2 : 2,159.53 | cr=16, dd=32, da=5, tlv=12, sm=64, rd=143.44, cd=0, um=0","Time elapsed: 5.72 seconds","/home/thomasverwaal/Robust-Rail-NL/mathematical-models/local_search_plans_discreet_120/plan_32_trains_32_units5.json"
"/home/thomasverwaal/Robust-Rail-NL/mathematical-models/scenarios_solver_types_120/scenario_solver_32_trains_32_units5.json","Cost of next node: Cost = 2,077.1 : 2,143.36 | cr=16, dd=32, da=4, tlv=13, sm=64, rd=135.94, cd=0, um=0","Time elapsed: 6.43 seconds","/home/thomasverwaal/Robust-Rail-NL/mathematical-models/local_search_plans_discreet_120/plan_32_trains_32_units5.json"
"/home/thomasverwaal/Robust-Rail-NL/mathematical-models/scenarios_solver_types_120/scenario_solver_32_trains_32_units5.json","Cost of next node: Cost = 1,976.9 : 2,048.14 | cr=15, dd=30, da=4, tlv=14, sm=64, rd=128.44, cd=0, um=0","Time elapsed: 6.69 seconds","/home/thomasverwaal/Robust-Rail-NL/mathematical-models/local_search_plans_discreet_120/plan_32_trains_32_units5.json"
"/home/thomasverwaal/Robust-Rail-NL/mathematical-models/scenarios_solver_types_120/scenario_solver_32_trains_32_units5.json","Cost of next node: Cost = 1,619.2 : 1,695.48 | cr=15, dd=23, da=3, tlv=15, sm=64, rd=119.06, cd=0, um=0","Time elapsed: 7.08 seconds","/home/thomasverwaal/Robust-Rail-NL/mathematical-models/local_search_plans_discreet_120/plan_32_trains_32_units5.json"
"/home/thomasverwaal/Robust-Rail-NL/mathematical-models/scenarios_solver_types_120/scenario_solver_32_trains_32_units5.json","Cost of next node: Cost = 1,563.9 : 1,640.17 | cr=15, dd=22, da=3, tlv=15, sm=64, rd=112.50, cd=0, um=0","Time elapsed: 7.29 seconds","/home/thomasverwaal/Robust-Rail-NL/mathematical-models/local_search_plans_discreet_120/plan_32_trains_32_units5.json"
"/home/thomasverwaal/Robust-Rail-NL/mathematical-models/scenarios_solver_types_120/scenario_solver_32_trains_32_units5.json","Cost of next node: Cost = 1,519.9 : 1,596.14 | cr=16, dd=21, da=3, tlv=15, sm=64, rd=105.94, cd=0, um=0","Time elapsed: 7.66 seconds","/home/thomasverwaal/Robust-Rail-NL/mathematical-models/local_search_plans_discreet_120/plan_32_trains_32_units5.json"
"/home/thomasverwaal/Robust-Rail-NL/mathematical-models/scenarios_solver_types_120/scenario_solver_32_trains_32_units5.json","Cost of next node: Cost = 1,475.5 : 1,556.73 | cr=15, dd=20, da=3, tlv=16, sm=64, rd=104.06, cd=0, um=0","Time elapsed: 7.92 seconds","/home/thomasverwaal/Robust-Rail-NL/mathematical-models/local_search_plans_discreet_120/plan_32_trains_32_units5.json"
"/home/thomasverwaal/Robust-Rail-NL/mathematical-models/scenarios_solver_types_120/scenario_solver_32_trains_32_units5.json","Cost of next node: Cost = 1,450.5 : 1,526.73 | cr=14, dd=20, da=3, tlv=15, sm=64, rd=104.06, cd=0, um=0","Time elapsed: 8.18 seconds","/home/thomasverwaal/Robust-Rail-NL/mathematical-models/local_search_plans_discreet_120/plan_32_trains_32_units5.json"
"/home/thomasverwaal/Robust-Rail-NL/mathematical-models/scenarios_solver_types_120/scenario_solver_32_trains_32_units5.json","Cost of next node: Cost = 1,073.1 : 1,154.34 | cr=12, dd=13, da=2, tlv=16, sm=64, rd=96.56, cd=0, um=0","Time elapsed: 8.75 seconds","/home/thomasverwaal/Robust-Rail-NL/mathematical-models/local_search_plans_discreet_120/plan_32_trains_32_units5.json"
"/home/thomasverwaal/Robust-Rail-NL/mathematical-models/scenarios_solver_types_120/scenario_solver_32_trains_32_units5.json","Cost of next node: Cost = 835.1 : 921.41 | cr=15, dd=8, da=1, tlv=17, sm=64, rd=85.31, cd=0, um=0","Time elapsed: 9.05 seconds","/home/thomasverwaal/Robust-Rail-NL/mathematical-models/local_search_plans_discreet_120/plan_32_trains_32_units5.json"
"/home/thomasverwaal/Robust-Rail-NL/mathematical-models/scenarios_solver_types_120/scenario_solver_32_trains_32_units5.json","Cost of next node: Cost = 763.8 : 850.06 | cr=16, dd=4, da=7, tlv=17, sm=64, rd=85.31, cd=0, um=0","Time elapsed: 9.31 seconds","/home/thomasverwaal/Robust-Rail-NL/mathematical-models/local_search_plans_discreet_120/plan_32_trains_32_units5.json"
"/home/thomasverwaal/Robust-Rail-NL/mathematical-models/scenarios_solver_types_120/scenario_solver_32_trains_32_units5.json","Cost of next node: Cost = 650.4 : 736.68 | cr=17, dd=4, da=1, tlv=17, sm=64, rd=76.88, cd=0, um=0","Time elapsed: 9.61 seconds","/home/thomasverwaal/Robust-Rail-NL/mathematical-models/local_search_plans_discreet_120/plan_32_trains_32_units5.json"
"/home/thomasverwaal/Robust-Rail-NL/mathematical-models/scenarios_solver_types_120/scenario_solver_32_trains_32_units5.json","Cost of next node: Cost = 430.0 : 521.28 | cr=16, dd=0, da=0, tlv=18, sm=64, rd=71.25, cd=0, um=0","Time elapsed: 9.93 seconds","/home/thomasverwaal/Robust-Rail-NL/mathematical-models/local_search_plans_discreet_120/plan_32_trains_32_units5.json"
"/home/thomasverwaal/Robust-Rail-NL/mathematical-models/scenarios_solver_types_120/scenario_solver_32_trains_32_units5.json","Cost of next node: Cost = 415.0 : 501.28 | cr=16, dd=0, da=0, tlv=17, sm=64, rd=73.12, cd=0, um=0","Time elapsed: 16.38 seconds","/home/thomasverwaal/Robust-Rail-NL/mathematical-models/local_search_plans_discreet_120/plan_32_trains_32_units5.json"
"/home/thomasverwaal/Robust-Rail-NL/mathematical-models/scenarios_solver_types_120/scenario_solver_32_trains_32_units5.json","Cost of next node: Cost = 400.0 : 481.28 | cr=16, dd=0, da=0, tlv=16, sm=64, rd=75.00, cd=0, um=0","Time elapsed: 22.23 seconds","/home/thomasverwaal/Robust-Rail-NL/mathematical-models/local_search_plans_discreet_120/plan_32_trains_32_units5.json"
"/home/thomasverwaal/Robust-Rail-NL/mathematical-models/scenarios_solver_types_120/scenario_solver_32_trains_32_units5.json","Cost of next node: Cost = 390.0 : 471.28 | cr=15, dd=0, da=0, tlv=16, sm=64, rd=75.00, cd=0, um=0","Time elapsed: 27.13 seconds","/home/thomasverwaal/Robust-Rail-NL/mathematical-models/local_search_plans_discreet_120/plan_32_trains_32_units5.json"
"/home/thomasverwaal/Robust-Rail-NL/mathematical-models/scenarios_solver_types_120/scenario_solver_32_trains_32_units5.json","Cost of next node: Cost = 375.0 : 451.30 | cr=15, dd=0, da=0, tlv=15, sm=65, rd=75.69, cd=0, um=0","Time elapsed: 31.61 seconds","/home/thomasverwaal/Robust-Rail-NL/mathematical-models/local_search_plans_discreet_120/plan_32_trains_32_units5.json"
"/home/thomasverwaal/Robust-Rail-NL/mathematical-models/scenarios_solver_types_120/scenario_solver_32_trains_32_units5.json","Cost of next node: Cost = 365.0 : 441.30 | cr=14, dd=0, da=0, tlv=15, sm=65, rd=75.69, cd=0, um=0","Time elapsed: 36.10 seconds","/home/thomasverwaal/Robust-Rail-NL/mathematical-models/local_search_plans_discreet_120/plan_32_trains_32_units5.json"
"/home/thomasverwaal/Robust-Rail-NL/mathematical-models/scenarios_solver_types_120/scenario_solver_32_trains_32_units5.json","Cost of next node: Cost = 355.0 : 431.30 | cr=13, dd=0, da=0, tlv=15, sm=65, rd=75.69, cd=0, um=0","Time elapsed: 40.03 seconds","/home/thomasverwaal/Robust-Rail-NL/mathematical-models/local_search_plans_discreet_120/plan_32_trains_32_units5.json"
"/home/thomasverwaal/Robust-Rail-NL/mathematical-models/scenarios_solver_types_120/scenario_solver_32_trains_32_units5.json","Cost of next node: Cost = 345.0 : 421.30 | cr=12, dd=0, da=0, tlv=15, sm=65, rd=75.69, cd=0, um=0","Time elapsed: 43.30 seconds","/home/thomasverwaal/Robust-Rail-NL/mathematical-models/local_search_plans_discreet_120/plan_32_trains_32_units5.json"
"/home/thomasverwaal/Robust-Rail-NL/mathematical-models/scenarios_solver_types_120/scenario_solver_32_trains_32_units5.json","Cost of next node: Cost = 335.0 : 411.30 | cr=11, dd=0, da=0, tlv=15, sm=65, rd=75.69, cd=0, um=0","Time elapsed: 46.27 seconds","/home/thomasverwaal/Robust-Rail-NL/mathematical-models/local_search_plans_discreet_120/plan_32_trains_32_units5.json"
"/home/thomasverwaal/Robust-Rail-NL/mathematical-models/scenarios_solver_types_120/scenario_solver_32_trains_32_units5.json","Cost of next node: Cost = 320.0 : 391.30 | cr=11, dd=0, da=0, tlv=14, sm=65, rd=77.54, cd=0, um=0","Time elapsed: 48.61 seconds","/home/thomasverwaal/Robust-Rail-NL/mathematical-models/local_search_plans_discreet_120/plan_32_trains_32_units5.json"
"/home/thomasverwaal/Robust-Rail-NL/mathematical-models/scenarios_solver_types_120/scenario_solver_32_trains_32_units5.json","Cost of next node: Cost = 305.0 : 371.30 | cr=11, dd=0, da=0, tlv=13, sm=65, rd=79.38, cd=0, um=0","Time elapsed: 51.19 seconds","/home/thomasverwaal/Robust-Rail-NL/mathematical-models/local_search_plans_discreet_120/plan_32_trains_32_units5.json"
"/home/thomasverwaal/Robust-Rail-NL/mathematical-models/scenarios_solver_types_120/scenario_solver_32_trains_32_units5.json","Cost of next node: Cost = 295.0 : 361.30 | cr=10, dd=0, da=0, tlv=13, sm=65, rd=79.38, cd=0, um=0","Time elapsed: 53.67 seconds","/home/thomasverwaal/Robust-Rail-NL/mathematical-models/local_search_plans_discreet_120/plan_32_trains_32_units5.json"
"/home/thomasverwaal/Robust-Rail-NL/mathematical-models/scenarios_solver_types_120/scenario_solver_32_trains_32_units5.json","Cost of next node: Cost = 285.0 : 351.30 | cr=9, dd=0, da=0, tlv=13, sm=65, rd=79.38, cd=0, um=0","Time elapsed: 55.84 seconds","/home/thomasverwaal/Robust-Rail-NL/mathematical-models/local_search_plans_discreet_120/plan_32_trains_32_units5.json"
"/home/thomasverwaal/Robust-Rail-NL/mathematical-models/scenarios_solver_types_120/scenario_solver_32_trains_32_units5.json","Cost of next node: Cost = 275.0 : 341.30 | cr=8, dd=0, da=0, tlv=13, sm=65, rd=79.38, cd=0, um=0","Time elapsed: 57.51 seconds","/home/thomasverwaal/Robust-Rail-NL/mathematical-models/local_search_plans_discreet_120/plan_32_trains_32_units5.json"
"/home/thomasverwaal/Robust-Rail-NL/mathematical-models/scenarios_solver_types_120/scenario_solver_32_trains_32_units5.json","Cost of next node: Cost = 265.0 : 331.30 | cr=7, dd=0, da=0, tlv=13, sm=65, rd=79.38, cd=0, um=0","Time elapsed: 58.92 seconds","/home/thomasverwaal/Robust-Rail-NL/mathematical-models/local_search_plans_discreet_120/plan_32_trains_32_units5.json"
"/home/thomasverwaal/Robust-Rail-NL/mathematical-models/scenarios_solver_types_120/scenario_solver_32_trains_32_units5.json","Cost of next node: Cost = 255.0 : 321.30 | cr=6, dd=0, da=0, tlv=13, sm=65, rd=79.38, cd=0, um=0","Time elapsed: 60.07 seconds","/home/thomasverwaal/Robust-Rail-NL/mathematical-models/local_search_plans_discreet_120/plan_32_trains_32_units5.json"
"/home/thomasverwaal/Robust-Rail-NL/mathematical-models/scenarios_solver_types_120/scenario_solver_32_trains_32_units5.json","Cost of next node: Cost = 245.0 : 311.30 | cr=5, dd=0, da=0, tlv=13, sm=65, rd=79.38, cd=0, um=0","Time elapsed: 61.26 seconds","/home/thomasverwaal/Robust-Rail-NL/mathematical-models/local_search_plans_discreet_120/plan_32_trains_32_units5.json"
"/home/thomasverwaal/Robust-Rail-NL/mathematical-models/scenarios_solver_types_120/scenario_solver_32_trains_32_units5.json","Cost of next node: Cost = 235.0 : 301.30 | cr=4, dd=0, da=0, tlv=13, sm=65, rd=81.23, cd=0, um=0","Time elapsed: 62.17 seconds","/home/thomasverwaal/Robust-Rail-NL/mathematical-models/local_search_plans_discreet_120/plan_32_trains_32_units5.json"
"/home/thomasverwaal/Robust-Rail-NL/mathematical-models/scenarios_solver_types_120/scenario_solver_32_trains_32_units5.json","Cost of next node: Cost = 225.0 : 291.30 | cr=3, dd=0, da=0, tlv=13, sm=65, rd=81.23, cd=0, um=0","Time elapsed: 64.38 seconds","/home/thomasverwaal/Robust-Rail-NL/mathematical-models/local_search_plans_discreet_120/plan_32_trains_32_units5.json"
"/home/thomasverwaal/Robust-Rail-NL/mathematical-models/scenarios_solver_types_120/scenario_solver_32_trains_32_units5.json","NO_COST_FOUND","NO_TIME_FOUND","NO_PLAN_CREATED"
"/home/thomasverwaal/Robust-Rail-NL/mathematical-models/scenarios_solver_types_120/scenario_solver_32_trains_32_units6.json","Cost of next node: Cost = 2,802.2 : 2,808.51 | cr=46, dd=32, da=28, tlv=1, sm=64, rd=180.94, cd=0, um=0","Time elapsed: 1.91 seconds","/home/thomasverwaal/Robust-Rail-NL/mathematical-models/local_search_plans_discreet_120/plan_32_trains_32_units6.json"
"/home/thomasverwaal/Robust-Rail-NL/mathematical-models/scenarios_solver_types_120/scenario_solver_32_trains_32_units6.json","Cost of next node: Cost = 2,780.6 : 2,786.84 | cr=45, dd=32, da=28, tlv=1, sm=64, rd=180.94, cd=0, um=0","Time elapsed: 2.04 seconds","/home/thomasverwaal/Robust-Rail-NL/mathematical-models/local_search_plans_discreet_120/plan_32_trains_32_units6.json"
"/home/thomasverwaal/Robust-Rail-NL/mathematical-models/scenarios_solver_types_120/scenario_solver_32_trains_32_units6.json","Cost of next node: Cost = 2,758.0 : 2,769.25 | cr=43, dd=32, da=28, tlv=2, sm=64, rd=177.19, cd=0, um=0","Time elapsed: 2.11 seconds","/home/thomasverwaal/Robust-Rail-NL/mathematical-models/local_search_plans_discreet_120/plan_32_trains_32_units6.json"
"/home/thomasverwaal/Robust-Rail-NL/mathematical-models/scenarios_solver_types_120/scenario_solver_32_trains_32_units6.json","Cost of next node: Cost = 2,735.5 : 2,751.78 | cr=39, dd=32, da=27, tlv=3, sm=64, rd=180.94, cd=0, um=0","Time elapsed: 2.19 seconds","/home/thomasverwaal/Robust-Rail-NL/mathematical-models/local_search_plans_discreet_120/plan_32_trains_32_units6.json"
"/home/thomasverwaal/Robust-Rail-NL/mathematical-models/scenarios_solver_types_120/scenario_solver_32_trains_32_units6.json","Cost of next node: Cost = 2,697.4 : 2,718.72 | cr=36, dd=32, da=26, tlv=4, sm=64, rd=178.12, cd=0, um=0","Time elapsed: 2.27 seconds","/home/thomasverwaal/Robust-Rail-NL/mathematical-models/local_search_plans_discreet_120/plan_32_trains_32_units6.json"
"/home/thomasverwaal/Robust-Rail-NL/mathematical-models/scenarios_solver_types_120/scenario_solver_32_trains_32_units6.json","Cost of next node: Cost = 2,584.4 : 2,610.66 | cr=30, dd=32, da=23, tlv=5, sm=64, rd=171.56, cd=0, um=0","Time elapsed: 2.34 seconds","/home/thomasverwaal/Robust-Rail-NL/mathematical-models/local_search_plans_discreet_120/plan_32_trains_32_units6.json"
"/home/thomasverwaal/Robust-Rail-NL/mathematical-models/scenarios_solver_types_120/scenario_solver_32_trains_32_units6.json","Cost of next node: Cost = 2,547.9 : 2,579.18 | cr=29, dd=32, da=22, tlv=6, sm=64, rd=165.00, cd=0, um=0","Time elapsed: 2.54 seconds","/home/thomasverwaal/Robust-Rail-NL/mathematical-models/local_search_plans_discreet_120/plan_32_trains_32_units6.json"
"/home/thomasverwaal/Robust-Rail-NL/mathematical-models/scenarios_solver_types_120/scenario_solver_32_trains_32_units6.json","Cost of next node: Cost = 2,514.6 : 2,550.86 | cr=21, dd=32, da=22, tlv=7, sm=64, rd=176.25, cd=0, um=0","Time elapsed: 2.68 seconds","/home/thomasverwaal/Robust-Rail-NL/mathematical-models/local_search_plans_discreet_120/plan_32_trains_32_units6.json"
"/home/thomasverwaal/Robust-Rail-NL/mathematical-models/scenarios_solver_types_120/scenario_solver_32_trains_32_units6.json","Cost of next node: Cost = 2,484.8 : 2,526.10 | cr=22, dd=32, da=20, tlv=8, sm=64, rd=177.19, cd=0, um=0","Time elapsed: 2.77 seconds","/home/thomasverwaal/Robust-Rail-NL/mathematical-models/local_search_plans_discreet_120/plan_32_trains_32_units6.json"
"/home/thomasverwaal/Robust-Rail-NL/mathematical-models/scenarios_solver_types_120/scenario_solver_32_trains_32_units6.json","Cost of next node: Cost = 2,421.1 : 2,467.35 | cr=23, dd=32, da=17, tlv=9, sm=64, rd=165.94, cd=0, um=0","Time elapsed: 2.87 seconds","/home/thomasverwaal/Robust-Rail-NL/mathematical-models/local_search_plans_discreet_120/plan_32_trains_32_units6.json"
"/home/thomasverwaal/Robust-Rail-NL/mathematical-models/scenarios_solver_types_120/scenario_solver_32_trains_32_units6.json","Cost of next node: Cost = 2,390.7 : 2,436.94 | cr=23, dd=32, da=16, tlv=9, sm=64, rd=159.38, cd=0, um=0","Time elapsed: 2.96 seconds","/home/thomasverwaal/Robust-Rail-NL/mathematical-models/local_search_plans_discreet_120/plan_32_trains_32_units6.json"
"/home/thomasverwaal/Robust-Rail-NL/mathematical-models/scenarios_solver_types_120/scenario_solver_32_trains_32_units6.json","Cost of next node: Cost = 2,300.5 : 2,351.75 | cr=21, dd=32, da=12, tlv=10, sm=64, rd=155.62, cd=0, um=0","Time elapsed: 3.09 seconds","/home/thomasverwaal/Robust-Rail-NL/mathematical-models/local_search_plans_discreet_120/plan_32_trains_32_units6.json"
"/home/thomasverwaal/Robust-Rail-NL/mathematical-models/scenarios_solver_types_120/scenario_solver_32_trains_32_units6.json","Cost of next node: Cost = 2,256.4 : 2,307.65 | cr=20, dd=32, da=10, tlv=10, sm=64, rd=153.75, cd=0, um=0","Time elapsed: 3.22 seconds","/home/thomasverwaal/Robust-Rail-NL/mathematical-models/local_search_plans_discreet_120/plan_32_trains_32_units6.json"
"/home/thomasverwaal/Robust-Rail-NL/mathematical-models/scenarios_solver_types_120/scenario_solver_32_trains_32_units6.json","Cost of next node: Cost = 2,227.7 : 2,278.94 | cr=16, dd=32, da=10, tlv=10, sm=64, rd=157.50, cd=0, um=0","Time elapsed: 3.62 seconds","/home/thomasverwaal/Robust-Rail-NL/mathematical-models/local_search_plans_discreet_120/plan_32_trains_32_units6.json"
"/home/thomasverwaal/Robust-Rail-NL/mathematical-models/scenarios_solver_types_120/scenario_solver_32_trains_32_units6.json","Cost of next node: Cost = 2,194.5 : 2,245.75 | cr=15, dd=32, da=9, tlv=10, sm=64, rd=155.62, cd=0, um=0","Time elapsed: 4.22 seconds","/home/thomasverwaal/Robust-Rail-NL/mathematical-models/local_search_plans_discreet_120/plan_32_trains_32_units6.json"
"/home/thomasverwaal/Robust-Rail-NL/mathematical-models/scenarios_solver_types_120/scenario_solver_32_trains_32_units6.json","Cost of next node: Cost = 2,170.5 : 2,226.79 | cr=15, dd=32, da=8, tlv=11, sm=64, rd=148.12, cd=0, um=0","Time elapsed: 4.75 seconds","/home/thomasverwaal/Robust-Rail-NL/mathematical-models/local_search_plans_discreet_120/plan_32_trains_32_units6.json"
"/home/thomasverwaal/Robust-Rail-NL/mathematical-models/scenarios_solver_types_120/scenario_solver_32_trains_32_units6.json","Cost of next node: Cost = 2,142.3 : 2,198.57 | cr=15, dd=32, da=7, tlv=11, sm=64, rd=144.38, cd=0, um=0","Time elapsed: 5.37 seconds","/home/thomasverwaal/Robust-Rail-NL/mathematical-models/local_search_plans_discreet_120/plan_32_trains_32_units6.json"
"/home/thomasverwaal/Robust-Rail-NL/mathematical-models/scenarios_solver_types_120/scenario_solver_32_trains_32_units6.json","Cost of next node: Cost = 2,118.5 : 2,174.73 | cr=15, dd=32, da=6, tlv=11, sm=64, rd=144.38, cd=0, um=0","Time elapsed: 5.63 seconds","/home/thomasverwaal/Robust-Rail-NL/mathematical-models/local_search_plans_discreet_120/plan_32_trains_32_units6.json"
"/home/thomasverwaal/Robust-Rail-NL/mathematical-models/scenarios_solver_types_120/scenario_solver_32_trains_32_units6.json","Cost of next node: Cost = 2,066.5 : 2,127.80 | cr=13, dd=32, da=5, tlv=12, sm=64, rd=133.12, cd=0, um=0","Time elapsed: 5.95 seconds","/home/thomasverwaal/Robust-Rail-NL/mathematical-models/local_search_plans_discreet_120/plan_32_trains_32_units6.json"
"/home/thomasverwaal/Robust-Rail-NL/mathematical-models/scenarios_solver_types_120/scenario_solver_32_trains_32_units6.json","Cost of next node: Cost = 1,940.6 : 2,001.86 | cr=19, dd=29, da=4, tlv=12, sm=64, rd=119.06, cd=0, um=0","Time elapsed: 6.10 seconds","/home/thomasverwaal/Robust-Rail-NL/mathematical-models/local_search_plans_discreet_120/plan_32_trains_32_units6.json"
"/home/thomasverwaal/Robust-Rail-NL/mathematical-models/scenarios_solver_types_120/scenario_solver_32_trains_32_units6.json","Cost of next node: Cost = 1,918.6 : 1,979.88 | cr=20, dd=28, da=5, tlv=12, sm=64, rd=121.88, cd=0, um=0","Time elapsed: 6.25 seconds","/home/thomasverwaal/Robust-Rail-NL/mathematical-models/local_search_plans_discreet_120/plan_32_trains_32_units6.json"
"/home/thomasverwaal/Robust-Rail-NL/mathematical-models/scenarios_solver_types_120/scenario_solver_32_trains_32_units6.json","Cost of next node: Cost = 1,858.4 : 1,924.67 | cr=19, dd=24, da=12, tlv=13, sm=64, rd=124.69, cd=0, um=0","Time elapsed: 6.48 seconds","/home/thomasverwaal/Robust-Rail-NL/mathematical-models/local_search_plans_discreet_120/plan_32_trains_32_units6.json"
"/home/thomasverwaal/Robust-Rail-NL/mathematical-models/scenarios_solver_types_120/scenario_solver_32_trains_32_units6.json","Cost of next node: Cost = 1,816.7 : 1,882.98 | cr=20, dd=25, da=7, tlv=13, sm=64, rd=121.88, cd=0, um=0","Time elapsed: 6.60 seconds","/home/thomasverwaal/Robust-Rail-NL/mathematical-models/local_search_plans_discreet_120/plan_32_trains_32_units6.json"
"/home/thomasverwaal/Robust-Rail-NL/mathematical-models/scenarios_solver_types_120/scenario_solver_32_trains_32_units6.json","Cost of next node: Cost = 1,746.5 : 1,812.77 | cr=20, dd=24, da=6, tlv=13, sm=64, rd=120.00, cd=0, um=0","Time elapsed: 6.84 seconds","/home/thomasverwaal/Robust-Rail-NL/mathematical-models/local_search_plans_discreet_120/plan_32_trains_32_units6.json"
"/home/thomasverwaal/Robust-Rail-NL/mathematical-models/scenarios_solver_types_120/scenario_solver_32_trains_32_units6.json","Cost of next node: Cost = 1,721.5 : 1,782.77 | cr=19, dd=24, da=6, tlv=12, sm=64, rd=121.88, cd=0, um=0","Time elapsed: 6.98 seconds","/home/thomasverwaal/Robust-Rail-NL/mathematical-models/local_search_plans_discreet_120/plan_32_trains_32_units6.json"
"/home/thomasverwaal/Robust-Rail-NL/mathematical-models/scenarios_solver_types_120/scenario_solver_32_trains_32_units6.json","Cost of next node: Cost = 1,544.0 : 1,605.32 | cr=18, dd=21, da=5, tlv=12, sm=64, rd=118.12, cd=0, um=0","Time elapsed: 7.14 seconds","/home/thomasverwaal/Robust-Rail-NL/mathematical-models/local_search_plans_discreet_120/plan_32_trains_32_units6.json"
"/home/thomasverwaal/Robust-Rail-NL/mathematical-models/scenarios_solver_types_120/scenario_solver_32_trains_32_units6.json","Cost of next node: Cost = 1,461.0 : 1,527.28 | cr=18, dd=19, da=5, tlv=13, sm=64, rd=114.38, cd=0, um=0","Time elapsed: 7.33 seconds","/home/thomasverwaal/Robust-Rail-NL/mathematical-models/local_search_plans_discreet_120/plan_32_trains_32_units6.json"
"/home/thomasverwaal/Robust-Rail-NL/mathematical-models/scenarios_solver_types_120/scenario_solver_32_trains_32_units6.json","Cost of next node: Cost = 1,437.9 : 1,499.18 | cr=18, dd=19, da=5, tlv=12, sm=64, rd=108.75, cd=0, um=0","Time elapsed: 7.77 seconds","/home/thomasverwaal/Robust-Rail-NL/mathematical-models/local_search_plans_discreet_120/plan_32_trains_32_units6.json"
"/home/thomasverwaal/Robust-Rail-NL/mathematical-models/scenarios_solver_types_120/scenario_solver_32_trains_32_units6.json","Cost of next node: Cost = 1,303.5 : 1,369.73 | cr=21, dd=16, da=4, tlv=13, sm=64, rd=100.31, cd=0, um=0","Time elapsed: 8.00 seconds","/home/thomasverwaal/Robust-Rail-NL/mathematical-models/local_search_plans_discreet_120/plan_32_trains_32_units6.json"
"/home/thomasverwaal/Robust-Rail-NL/mathematical-models/scenarios_solver_types_120/scenario_solver_32_trains_32_units6.json","Cost of next node: Cost = 1,278.5 : 1,339.73 | cr=20, dd=16, da=4, tlv=12, sm=64, rd=102.19, cd=0, um=0","Time elapsed: 8.18 seconds","/home/thomasverwaal/Robust-Rail-NL/mathematical-models/local_search_plans_discreet_120/plan_32_trains_32_units6.json"
"/home/thomasverwaal/Robust-Rail-NL/mathematical-models/scenarios_solver_types_120/scenario_solver_32_trains_32_units6.json","Cost of next node: Cost = 650.4 : 716.68 | cr=19, dd=4, da=3, tlv=13, sm=64, rd=90.00, cd=0, um=0","Time elapsed: 8.45 seconds","/home/thomasverwaal/Robust-Rail-NL/mathematical-models/local_search_plans_discreet_120/plan_32_trains_32_units6.json"
"/home/thomasverwaal/Robust-Rail-NL/mathematical-models/scenarios_solver_types_120/scenario_solver_32_trains_32_units6.json","Cost of next node: Cost = 472.7 : 543.98 | cr=17, dd=1, da=2, tlv=14, sm=64, rd=84.38, cd=0, um=0","Time elapsed: 8.69 seconds","/home/thomasverwaal/Robust-Rail-NL/mathematical-models/local_search_plans_discreet_120/plan_32_trains_32_units6.json"
"/home/thomasverwaal/Robust-Rail-NL/mathematical-models/scenarios_solver_types_120/scenario_solver_32_trains_32_units6.json","Cost of next node: Cost = 447.7 : 513.98 | cr=16, dd=1, da=2, tlv=13, sm=64, rd=84.38, cd=0, um=0","Time elapsed: 8.96 seconds","/home/thomasverwaal/Robust-Rail-NL/mathematical-models/local_search_plans_discreet_120/plan_32_trains_32_units6.json"
"/home/thomasverwaal/Robust-Rail-NL/mathematical-models/scenarios_solver_types_120/scenario_solver_32_trains_32_units6.json","Cost of next node: Cost = 427.4 : 493.70 | cr=16, dd=1, da=1, tlv=13, sm=65, rd=83.08, cd=0, um=0","Time elapsed: 10.47 seconds","/home/thomasverwaal/Robust-Rail-NL/mathematical-models/local_search_plans_discreet_120/plan_32_trains_32_units6.json"
"/home/thomasverwaal/Robust-Rail-NL/mathematical-models/scenarios_solver_types_120/scenario_solver_32_trains_32_units6.json","Cost of next node: Cost = 417.4 : 483.70 | cr=15, dd=1, da=1, tlv=13, sm=65, rd=84.92, cd=0, um=0","Time elapsed: 14.38 seconds","/home/thomasverwaal/Robust-Rail-NL/mathematical-models/local_search_plans_discreet_120/plan_32_trains_32_units6.json"
"/home/thomasverwaal/Robust-Rail-NL/mathematical-models/scenarios_solver_types_120/scenario_solver_32_trains_32_units6.json","Cost of next node: Cost = 407.4 : 473.70 | cr=14, dd=1, da=1, tlv=13, sm=65, rd=84.92, cd=0, um=0","Time elapsed: 17.78 seconds","/home/thomasverwaal/Robust-Rail-NL/mathematical-models/local_search_plans_discreet_120/plan_32_trains_32_units6.json"
"/home/thomasverwaal/Robust-Rail-NL/mathematical-models/scenarios_solver_types_120/scenario_solver_32_trains_32_units6.json","Cost of next node: Cost = 397.4 : 463.70 | cr=13, dd=1, da=1, tlv=13, sm=65, rd=84.92, cd=0, um=0","Time elapsed: 20.48 seconds","/home/thomasverwaal/Robust-Rail-NL/mathematical-models/local_search_plans_discreet_120/plan_32_trains_32_units6.json"
"/home/thomasverwaal/Robust-Rail-NL/mathematical-models/scenarios_solver_types_120/scenario_solver_32_trains_32_units6.json","Cost of next node: Cost = 355.0 : 426.30 | cr=13, dd=0, da=0, tlv=15, sm=65, rd=83.08, cd=0, um=0","Time elapsed: 20.57 seconds","/home/thomasverwaal/Robust-Rail-NL/mathematical-models/local_search_plans_discreet_120/plan_32_trains_32_units6.json"
"/home/thomasverwaal/Robust-Rail-NL/mathematical-models/scenarios_solver_types_120/scenario_solver_32_trains_32_units6.json","Cost of next node: Cost = 330.0 : 401.28 | cr=12, dd=0, da=0, tlv=14, sm=64, rd=82.50, cd=0, um=0","Time elapsed: 20.86 seconds","/home/thomasverwaal/Robust-Rail-NL/mathematical-models/local_search_plans_discreet_120/plan_32_trains_32_units6.json"
"/home/thomasverwaal/Robust-Rail-NL/mathematical-models/scenarios_solver_types_120/scenario_solver_32_trains_32_units6.json","Cost of next node: Cost = 320.0 : 391.28 | cr=11, dd=0, da=0, tlv=14, sm=64, rd=80.62, cd=0, um=0","Time elapsed: 23.40 seconds","/home/thomasverwaal/Robust-Rail-NL/mathematical-models/local_search_plans_discreet_120/plan_32_trains_32_units6.json"
"/home/thomasverwaal/Robust-Rail-NL/mathematical-models/scenarios_solver_types_120/scenario_solver_32_trains_32_units6.json","Cost of next node: Cost = 310.0 : 381.28 | cr=10, dd=0, da=0, tlv=14, sm=64, rd=80.62, cd=0, um=0","Time elapsed: 25.75 seconds","/home/thomasverwaal/Robust-Rail-NL/mathematical-models/local_search_plans_discreet_120/plan_32_trains_32_units6.json"
"/home/thomasverwaal/Robust-Rail-NL/mathematical-models/scenarios_solver_types_120/scenario_solver_32_trains_32_units6.json","Cost of next node: Cost = 300.0 : 371.28 | cr=9, dd=0, da=0, tlv=14, sm=64, rd=80.62, cd=0, um=0","Time elapsed: 27.65 seconds","/home/thomasverwaal/Robust-Rail-NL/mathematical-models/local_search_plans_discreet_120/plan_32_trains_32_units6.json"
"/home/thomasverwaal/Robust-Rail-NL/mathematical-models/scenarios_solver_types_120/scenario_solver_32_trains_32_units6.json","Cost of next node: Cost = 290.0 : 361.28 | cr=8, dd=0, da=0, tlv=14, sm=64, rd=80.62, cd=0, um=0","Time elapsed: 29.34 seconds","/home/thomasverwaal/Robust-Rail-NL/mathematical-models/local_search_plans_discreet_120/plan_32_trains_32_units6.json"
"/home/thomasverwaal/Robust-Rail-NL/mathematical-models/scenarios_solver_types_120/scenario_solver_32_trains_32_units6.json","Cost of next node: Cost = 280.0 : 351.28 | cr=7, dd=0, da=0, tlv=14, sm=64, rd=80.62, cd=0, um=0","Time elapsed: 30.67 seconds","/home/thomasverwaal/Robust-Rail-NL/mathematical-models/local_search_plans_discreet_120/plan_32_trains_32_units6.json"
"/home/thomasverwaal/Robust-Rail-NL/mathematical-models/scenarios_solver_types_120/scenario_solver_32_trains_32_units6.json","Cost of next node: Cost = 270.0 : 341.28 | cr=6, dd=0, da=0, tlv=14, sm=64, rd=78.75, cd=0, um=0","Time elapsed: 31.88 seconds","/home/thomasverwaal/Robust-Rail-NL/mathematical-models/local_search_plans_discreet_120/plan_32_trains_32_units6.json"
"/home/thomasverwaal/Robust-Rail-NL/mathematical-models/scenarios_solver_types_120/scenario_solver_32_trains_32_units6.json","Cost of next node: Cost = 260.0 : 331.38 | cr=5, dd=0, da=0, tlv=14, sm=69, rd=81.74, cd=0, um=0","Time elapsed: 131.84 seconds","/home/thomasverwaal/Robust-Rail-NL/mathematical-models/local_search_plans_discreet_120/plan_32_trains_32_units6.json"
"/home/thomasverwaal/Robust-Rail-NL/mathematical-models/scenarios_solver_types_120/scenario_solver_32_trains_32_units6.json","Cost of next node: Cost = 250.0 : 321.38 | cr=4, dd=0, da=0, tlv=14, sm=69, rd=83.48, cd=0, um=0","Time elapsed: 214.74 seconds","/home/thomasverwaal/Robust-Rail-NL/mathematical-models/local_search_plans_discreet_120/plan_32_trains_32_units6.json"
"/home/thomasverwaal/Robust-Rail-NL/mathematical-models/scenarios_solver_types_120/scenario_solver_32_trains_32_units6.json","Cost of next node: Cost = 240.0 : 311.38 | cr=3, dd=0, da=0, tlv=14, sm=69, rd=85.22, cd=0, um=0","Time elapsed: 216.15 seconds","/home/thomasverwaal/Robust-Rail-NL/mathematical-models/local_search_plans_discreet_120/plan_32_trains_32_units6.json"
"/home/thomasverwaal/Robust-Rail-NL/mathematical-models/scenarios_solver_types_120/scenario_solver_32_trains_32_units6.json","Cost of next node: Cost = 230.0 : 301.38 | cr=2, dd=0, da=0, tlv=14, sm=69, rd=85.22, cd=0, um=0","Time elapsed: 217.52 seconds","/home/thomasverwaal/Robust-Rail-NL/mathematical-models/local_search_plans_discreet_120/plan_32_trains_32_units6.json"
"/home/thomasverwaal/Robust-Rail-NL/mathematical-models/scenarios_solver_types_120/scenario_solver_32_trains_32_units6.json","NO_COST_FOUND","NO_TIME_FOUND","NO_PLAN_CREATED"
"/home/thomasverwaal/Robust-Rail-NL/mathematical-models/scenarios_solver_types_120/scenario_solver_32_trains_32_units7.json","Cost of next node: Cost = 2,910.5 : 2,911.76 | cr=54, dd=32, da=28, tlv=0, sm=64, rd=190.31, cd=0, um=0","Time elapsed: 1.59 seconds","/home/thomasverwaal/Robust-Rail-NL/mathematical-models/local_search_plans_discreet_120/plan_32_trains_32_units7.json"
"/home/thomasverwaal/Robust-Rail-NL/mathematical-models/scenarios_solver_types_120/scenario_solver_32_trains_32_units7.json","Cost of next node: Cost = 2,881.9 : 2,888.19 | cr=48, dd=32, da=28, tlv=1, sm=64, rd=194.06, cd=0, um=0","Time elapsed: 1.66 seconds","/home/thomasverwaal/Robust-Rail-NL/mathematical-models/local_search_plans_discreet_120/plan_32_trains_32_units7.json"
"/home/thomasverwaal/Robust-Rail-NL/mathematical-models/scenarios_solver_types_120/scenario_solver_32_trains_32_units7.json","Cost of next node: Cost = 2,855.0 : 2,866.28 | cr=45, dd=32, da=28, tlv=2, sm=64, rd=193.12, cd=0, um=0","Time elapsed: 1.76 seconds","/home/thomasverwaal/Robust-Rail-NL/mathematical-models/local_search_plans_discreet_120/plan_32_trains_32_units7.json"
"/home/thomasverwaal/Robust-Rail-NL/mathematical-models/scenarios_solver_types_120/scenario_solver_32_trains_32_units7.json","Cost of next node: Cost = 2,829.6 : 2,840.93 | cr=45, dd=32, da=27, tlv=2, sm=64, rd=191.25, cd=0, um=0","Time elapsed: 1.85 seconds","/home/thomasverwaal/Robust-Rail-NL/mathematical-models/local_search_plans_discreet_120/plan_32_trains_32_units7.json"
"/home/thomasverwaal/Robust-Rail-NL/mathematical-models/scenarios_solver_types_120/scenario_solver_32_trains_32_units7.json","Cost of next node: Cost = 2,759.7 : 2,771.00 | cr=44, dd=32, da=23, tlv=2, sm=64, rd=199.69, cd=0, um=0","Time elapsed: 1.92 seconds","/home/thomasverwaal/Robust-Rail-NL/mathematical-models/local_search_plans_discreet_120/plan_32_trains_32_units7.json"
"/home/thomasverwaal/Robust-Rail-NL/mathematical-models/scenarios_solver_types_120/scenario_solver_32_trains_32_units7.json","Cost of next node: Cost = 2,730.0 : 2,741.27 | cr=42, dd=32, da=23, tlv=2, sm=64, rd=189.38, cd=0, um=0","Time elapsed: 2.01 seconds","/home/thomasverwaal/Robust-Rail-NL/mathematical-models/local_search_plans_discreet_120/plan_32_trains_32_units7.json"
"/home/thomasverwaal/Robust-Rail-NL/mathematical-models/scenarios_solver_types_120/scenario_solver_32_trains_32_units7.json","Cost of next node: Cost = 2,694.2 : 2,710.47 | cr=40, dd=32, da=23, tlv=3, sm=64, rd=186.56, cd=0, um=0","Time elapsed: 2.20 seconds","/home/thomasverwaal/Robust-Rail-NL/mathematical-models/local_search_plans_discreet_120/plan_32_trains_32_units7.json"
"/home/thomasverwaal/Robust-Rail-NL/mathematical-models/scenarios_solver_types_120/scenario_solver_32_trains_32_units7.json","Cost of next node: Cost = 2,595.2 : 2,616.51 | cr=33, dd=32, da=21, tlv=4, sm=64, rd=185.62, cd=0, um=0","Time elapsed: 2.30 seconds","/home/thomasverwaal/Robust-Rail-NL/mathematical-models/local_search_plans_discreet_120/plan_32_trains_32_units7.json"
"/home/thomasverwaal/Robust-Rail-NL/mathematical-models/scenarios_solver_types_120/scenario_solver_32_trains_32_units7.json","Cost of next node: Cost = 2,564.6 : 2,585.91 | cr=35, dd=32, da=19, tlv=4, sm=64, rd=182.81, cd=0, um=0","Time elapsed: 2.40 seconds","/home/thomasverwaal/Robust-Rail-NL/mathematical-models/local_search_plans_discreet_120/plan_32_trains_32_units7.json"
"/home/thomasverwaal/Robust-Rail-NL/mathematical-models/scenarios_solver_types_120/scenario_solver_32_trains_32_units7.json","Cost of next node: Cost = 2,534.0 : 2,555.28 | cr=34, dd=32, da=19, tlv=4, sm=64, rd=175.31, cd=0, um=0","Time elapsed: 2.47 seconds","/home/thomasverwaal/Robust-Rail-NL/mathematical-models/local_search_plans_discreet_120/plan_32_trains_32_units7.json"
"/home/thomasverwaal/Robust-Rail-NL/mathematical-models/scenarios_solver_types_120/scenario_solver_32_trains_32_units7.json","Cost of next node: Cost = 2,500.3 : 2,521.61 | cr=37, dd=32, da=16, tlv=4, sm=64, rd=171.56, cd=0, um=0","Time elapsed: 2.57 seconds","/home/thomasverwaal/Robust-Rail-NL/mathematical-models/local_search_plans_discreet_120/plan_32_trains_32_units7.json"
"/home/thomasverwaal/Robust-Rail-NL/mathematical-models/scenarios_solver_types_120/scenario_solver_32_trains_32_units7.json","Cost of next node: Cost = 2,478.9 : 2,505.17 | cr=36, dd=32, da=16, tlv=5, sm=64, rd=168.75, cd=0, um=0","Time elapsed: 2.65 seconds","/home/thomasverwaal/Robust-Rail-NL/mathematical-models/local_search_plans_discreet_120/plan_32_trains_32_units7.json"
"/home/thomasverwaal/Robust-Rail-NL/mathematical-models/scenarios_solver_types_120/scenario_solver_32_trains_32_units7.json","Cost of next node: Cost = 2,423.3 : 2,454.61 | cr=38, dd=32, da=12, tlv=6, sm=64, rd=159.38, cd=0, um=0","Time elapsed: 2.78 seconds","/home/thomasverwaal/Robust-Rail-NL/mathematical-models/local_search_plans_discreet_120/plan_32_trains_32_units7.json"
"/home/thomasverwaal/Robust-Rail-NL/mathematical-models/scenarios_solver_types_120/scenario_solver_32_trains_32_units7.json","Cost of next node: Cost = 2,394.9 : 2,426.16 | cr=35, dd=32, da=12, tlv=6, sm=64, rd=159.38, cd=0, um=0","Time elapsed: 3.01 seconds","/home/thomasverwaal/Robust-Rail-NL/mathematical-models/local_search_plans_discreet_120/plan_32_trains_32_units7.json"
"/home/thomasverwaal/Robust-Rail-NL/mathematical-models/scenarios_solver_types_120/scenario_solver_32_trains_32_units7.json","Cost of next node: Cost = 2,349.6 : 2,385.92 | cr=28, dd=32, da=12, tlv=7, sm=64, rd=159.38, cd=0, um=0","Time elapsed: 3.31 seconds","/home/thomasverwaal/Robust-Rail-NL/mathematical-models/local_search_plans_discreet_120/plan_32_trains_32_units7.json"
"/home/thomasverwaal/Robust-Rail-NL/mathematical-models/scenarios_solver_types_120/scenario_solver_32_trains_32_units7.json","Cost of next node: Cost = 2,294.1 : 2,335.40 | cr=18, dd=32, da=12, tlv=8, sm=64, rd=166.88, cd=0, um=0","Time elapsed: 3.65 seconds","/home/thomasverwaal/Robust-Rail-NL/mathematical-models/local_search_plans_discreet_120/plan_32_trains_32_units7.json"
"/home/thomasverwaal/Robust-Rail-NL/mathematical-models/scenarios_solver_types_120/scenario_solver_32_trains_32_units7.json","Cost of next node: Cost = 2,265.5 : 2,311.80 | cr=18, dd=32, da=11, tlv=9, sm=64, rd=159.38, cd=0, um=0","Time elapsed: 4.05 seconds","/home/thomasverwaal/Robust-Rail-NL/mathematical-models/local_search_plans_discreet_120/plan_32_trains_32_units7.json"
"/home/thomasverwaal/Robust-Rail-NL/mathematical-models/scenarios_solver_types_120/scenario_solver_32_trains_32_units7.json","Cost of next node: Cost = 2,244.9 : 2,291.15 | cr=18, dd=32, da=10, tlv=9, sm=64, rd=159.38, cd=0, um=0","Time elapsed: 4.47 seconds","/home/thomasverwaal/Robust-Rail-NL/mathematical-models/local_search_plans_discreet_120/plan_32_trains_32_units7.json"
"/home/thomasverwaal/Robust-Rail-NL/mathematical-models/scenarios_solver_types_120/scenario_solver_32_trains_32_units7.json","Cost of next node: Cost = 2,223.5 : 2,264.79 | cr=17, dd=32, da=10, tlv=8, sm=64, rd=161.25, cd=0, um=0","Time elapsed: 4.82 seconds","/home/thomasverwaal/Robust-Rail-NL/mathematical-models/local_search_plans_discreet_120/plan_32_trains_32_units7.json"
"/home/thomasverwaal/Robust-Rail-NL/mathematical-models/scenarios_solver_types_120/scenario_solver_32_trains_32_units7.json","Cost of next node: Cost = 2,201.2 : 2,247.48 | cr=16, dd=32, da=9, tlv=9, sm=64, rd=157.50, cd=0, um=0","Time elapsed: 5.19 seconds","/home/thomasverwaal/Robust-Rail-NL/mathematical-models/local_search_plans_discreet_120/plan_32_trains_32_units7.json"
"/home/thomasverwaal/Robust-Rail-NL/mathematical-models/scenarios_solver_types_120/scenario_solver_32_trains_32_units7.json","Cost of next node: Cost = 2,168.5 : 2,219.75 | cr=16, dd=32, da=8, tlv=10, sm=64, rd=148.12, cd=0, um=0","Time elapsed: 5.62 seconds","/home/thomasverwaal/Robust-Rail-NL/mathematical-models/local_search_plans_discreet_120/plan_32_trains_32_units7.json"
"/home/thomasverwaal/Robust-Rail-NL/mathematical-models/scenarios_solver_types_120/scenario_solver_32_trains_32_units7.json","Cost of next node: Cost = 2,143.8 : 2,195.12 | cr=17, dd=32, da=7, tlv=10, sm=64, rd=142.50, cd=0, um=0","Time elapsed: 6.18 seconds","/home/thomasverwaal/Robust-Rail-NL/mathematical-models/local_search_plans_discreet_120/plan_32_trains_32_units7.json"
"/home/thomasverwaal/Robust-Rail-NL/mathematical-models/scenarios_solver_types_120/scenario_solver_32_trains_32_units7.json","Cost of next node: Cost = 2,115.0 : 2,166.31 | cr=17, dd=32, da=6, tlv=10, sm=64, rd=138.75, cd=0, um=0","Time elapsed: 6.64 seconds","/home/thomasverwaal/Robust-Rail-NL/mathematical-models/local_search_plans_discreet_120/plan_32_trains_32_units7.json"
"/home/thomasverwaal/Robust-Rail-NL/mathematical-models/scenarios_solver_types_120/scenario_solver_32_trains_32_units7.json","Cost of next node: Cost = 2,030.7 : 2,087.00 | cr=12, dd=32, da=5, tlv=11, sm=64, rd=129.38, cd=0, um=0","Time elapsed: 7.23 seconds","/home/thomasverwaal/Robust-Rail-NL/mathematical-models/local_search_plans_discreet_120/plan_32_trains_32_units7.json"
"/home/thomasverwaal/Robust-Rail-NL/mathematical-models/scenarios_solver_types_120/scenario_solver_32_trains_32_units7.json","Cost of next node: Cost = 1,875.1 : 1,936.35 | cr=9, dd=30, da=4, tlv=12, sm=64, rd=121.88, cd=0, um=0","Time elapsed: 7.72 seconds","/home/thomasverwaal/Robust-Rail-NL/mathematical-models/local_search_plans_discreet_120/plan_32_trains_32_units7.json"
"/home/thomasverwaal/Robust-Rail-NL/mathematical-models/scenarios_solver_types_120/scenario_solver_32_trains_32_units7.json","Cost of next node: Cost = 1,797.9 : 1,864.22 | cr=10, dd=28, da=4, tlv=13, sm=64, rd=118.12, cd=0, um=0","Time elapsed: 7.94 seconds","/home/thomasverwaal/Robust-Rail-NL/mathematical-models/local_search_plans_discreet_120/plan_32_trains_32_units7.json"
"/home/thomasverwaal/Robust-Rail-NL/mathematical-models/scenarios_solver_types_120/scenario_solver_32_trains_32_units7.json","Cost of next node: Cost = 1,773.0 : 1,844.32 | cr=11, dd=27, da=4, tlv=14, sm=64, rd=116.25, cd=0, um=0","Time elapsed: 8.07 seconds","/home/thomasverwaal/Robust-Rail-NL/mathematical-models/local_search_plans_discreet_120/plan_32_trains_32_units7.json"
"/home/thomasverwaal/Robust-Rail-NL/mathematical-models/scenarios_solver_types_120/scenario_solver_32_trains_32_units7.json","Cost of next node: Cost = 1,486.9 : 1,563.23 | cr=11, dd=21, da=4, tlv=15, sm=64, rd=111.56, cd=0, um=0","Time elapsed: 8.40 seconds","/home/thomasverwaal/Robust-Rail-NL/mathematical-models/local_search_plans_discreet_120/plan_32_trains_32_units7.json"
"/home/thomasverwaal/Robust-Rail-NL/mathematical-models/scenarios_solver_types_120/scenario_solver_32_trains_32_units7.json","Cost of next node: Cost = 1,354.0 : 1,435.27 | cr=11, dd=18, da=4, tlv=16, sm=64, rd=107.81, cd=0, um=0","Time elapsed: 8.68 seconds","/home/thomasverwaal/Robust-Rail-NL/mathematical-models/local_search_plans_discreet_120/plan_32_trains_32_units7.json"
"/home/thomasverwaal/Robust-Rail-NL/mathematical-models/scenarios_solver_types_120/scenario_solver_32_trains_32_units7.json","Cost of next node: Cost = 1,222.3 : 1,308.62 | cr=9, dd=15, da=5, tlv=17, sm=64, rd=105.00, cd=0, um=0","Time elapsed: 8.91 seconds","/home/thomasverwaal/Robust-Rail-NL/mathematical-models/local_search_plans_discreet_120/plan_32_trains_32_units7.json"
"/home/thomasverwaal/Robust-Rail-NL/mathematical-models/scenarios_solver_types_120/scenario_solver_32_trains_32_units7.json","Cost of next node: Cost = 1,201.6 : 1,287.88 | cr=13, dd=14, da=5, tlv=17, sm=64, rd=95.62, cd=0, um=0","Time elapsed: 9.15 seconds","/home/thomasverwaal/Robust-Rail-NL/mathematical-models/local_search_plans_discreet_120/plan_32_trains_32_units7.json"
"/home/thomasverwaal/Robust-Rail-NL/mathematical-models/scenarios_solver_types_120/scenario_solver_32_trains_32_units7.json","Cost of next node: Cost = 1,176.6 : 1,257.88 | cr=12, dd=14, da=5, tlv=16, sm=64, rd=97.50, cd=0, um=0","Time elapsed: 9.33 seconds","/home/thomasverwaal/Robust-Rail-NL/mathematical-models/local_search_plans_discreet_120/plan_32_trains_32_units7.json"
"/home/thomasverwaal/Robust-Rail-NL/mathematical-models/scenarios_solver_types_120/scenario_solver_32_trains_32_units7.json","Cost of next node: Cost = 1,151.6 : 1,227.88 | cr=11, dd=14, da=5, tlv=15, sm=64, rd=97.50, cd=0, um=0","Time elapsed: 9.51 seconds","/home/thomasverwaal/Robust-Rail-NL/mathematical-models/local_search_plans_discreet_120/plan_32_trains_32_units7.json"
"/home/thomasverwaal/Robust-Rail-NL/mathematical-models/scenarios_solver_types_120/scenario_solver_32_trains_32_units7.json","Cost of next node: Cost = 1,097.8 : 1,179.11 | cr=11, dd=13, da=4, tlv=16, sm=64, rd=93.75, cd=0, um=0","Time elapsed: 9.64 seconds","/home/thomasverwaal/Robust-Rail-NL/mathematical-models/local_search_plans_discreet_120/plan_32_trains_32_units7.json"
"/home/thomasverwaal/Robust-Rail-NL/mathematical-models/scenarios_solver_types_120/scenario_solver_32_trains_32_units7.json","Cost of next node: Cost = 721.2 : 807.53 | cr=15, dd=5, da=3, tlv=17, sm=64, rd=82.50, cd=0, um=0","Time elapsed: 10.06 seconds","/home/thomasverwaal/Robust-Rail-NL/mathematical-models/local_search_plans_discreet_120/plan_32_trains_32_units7.json"
"/home/thomasverwaal/Robust-Rail-NL/mathematical-models/scenarios_solver_types_120/scenario_solver_32_trains_32_units7.json","Cost of next node: Cost = 685.9 : 777.13 | cr=15, dd=4, da=3, tlv=18, sm=64, rd=80.62, cd=0, um=0","Time elapsed: 10.26 seconds","/home/thomasverwaal/Robust-Rail-NL/mathematical-models/local_search_plans_discreet_120/plan_32_trains_32_units7.json"
"/home/thomasverwaal/Robust-Rail-NL/mathematical-models/scenarios_solver_types_120/scenario_solver_32_trains_32_units7.json","Cost of next node: Cost = 564.8 : 656.08 | cr=15, dd=2, da=2, tlv=18, sm=64, rd=75.00, cd=0, um=0","Time elapsed: 10.68 seconds","/home/thomasverwaal/Robust-Rail-NL/mathematical-models/local_search_plans_discreet_120/plan_32_trains_32_units7.json"
"/home/thomasverwaal/Robust-Rail-NL/mathematical-models/scenarios_solver_types_120/scenario_solver_32_trains_32_units7.json","Cost of next node: Cost = 539.8 : 626.08 | cr=14, dd=2, da=2, tlv=17, sm=64, rd=75.00, cd=0, um=0","Time elapsed: 10.85 seconds","/home/thomasverwaal/Robust-Rail-NL/mathematical-models/local_search_plans_discreet_120/plan_32_trains_32_units7.json"
"/home/thomasverwaal/Robust-Rail-NL/mathematical-models/scenarios_solver_types_120/scenario_solver_32_trains_32_units7.json","Cost of next node: Cost = 524.8 : 606.08 | cr=14, dd=2, da=2, tlv=16, sm=64, rd=76.88, cd=0, um=0","Time elapsed: 15.91 seconds","/home/thomasverwaal/Robust-Rail-NL/mathematical-models/local_search_plans_discreet_120/plan_32_trains_32_units7.json"
"/home/thomasverwaal/Robust-Rail-NL/mathematical-models/scenarios_solver_types_120/scenario_solver_32_trains_32_units7.json","Cost of next node: Cost = 509.8 : 586.08 | cr=14, dd=2, da=2, tlv=15, sm=64, rd=78.75, cd=0, um=0","Time elapsed: 20.52 seconds","/home/thomasverwaal/Robust-Rail-NL/mathematical-models/local_search_plans_discreet_120/plan_32_trains_32_units7.json"
"/home/thomasverwaal/Robust-Rail-NL/mathematical-models/scenarios_solver_types_120/scenario_solver_32_trains_32_units7.json","Cost of next node: Cost = 494.8 : 566.08 | cr=14, dd=2, da=2, tlv=14, sm=64, rd=80.62, cd=0, um=0","Time elapsed: 24.91 seconds","/home/thomasverwaal/Robust-Rail-NL/mathematical-models/local_search_plans_discreet_120/plan_32_trains_32_units7.json"
"/home/thomasverwaal/Robust-Rail-NL/mathematical-models/scenarios_solver_types_120/scenario_solver_32_trains_32_units7.json","Cost of next node: Cost = 484.8 : 556.08 | cr=13, dd=2, da=2, tlv=14, sm=64, rd=80.62, cd=0, um=0","Time elapsed: 28.91 seconds","/home/thomasverwaal/Robust-Rail-NL/mathematical-models/local_search_plans_discreet_120/plan_32_trains_32_units7.json"
"/home/thomasverwaal/Robust-Rail-NL/mathematical-models/scenarios_solver_types_120/scenario_solver_32_trains_32_units7.json","Cost of next node: Cost = 474.8 : 546.08 | cr=12, dd=2, da=2, tlv=14, sm=64, rd=82.50, cd=0, um=0","Time elapsed: 32.04 seconds","/home/thomasverwaal/Robust-Rail-NL/mathematical-models/local_search_plans_discreet_120/plan_32_trains_32_units7.json"
"/home/thomasverwaal/Robust-Rail-NL/mathematical-models/scenarios_solver_types_120/scenario_solver_32_trains_32_units7.json","Cost of next node: Cost = 464.8 : 536.08 | cr=11, dd=2, da=2, tlv=14, sm=64, rd=82.50, cd=0, um=0","Time elapsed: 35.19 seconds","/home/thomasverwaal/Robust-Rail-NL/mathematical-models/local_search_plans_discreet_120/plan_32_trains_32_units7.json"
"/home/thomasverwaal/Robust-Rail-NL/mathematical-models/scenarios_solver_types_120/scenario_solver_32_trains_32_units7.json","Cost of next node: Cost = 454.8 : 526.08 | cr=10, dd=2, da=2, tlv=14, sm=64, rd=82.50, cd=0, um=0","Time elapsed: 37.83 seconds","/home/thomasverwaal/Robust-Rail-NL/mathematical-models/local_search_plans_discreet_120/plan_32_trains_32_units7.json"
"/home/thomasverwaal/Robust-Rail-NL/mathematical-models/scenarios_solver_types_120/scenario_solver_32_trains_32_units7.json","Cost of next node: Cost = 444.8 : 516.08 | cr=9, dd=2, da=2, tlv=14, sm=64, rd=86.25, cd=0, um=0","Time elapsed: 40.26 seconds","/home/thomasverwaal/Robust-Rail-NL/mathematical-models/local_search_plans_discreet_120/plan_32_trains_32_units7.json"
"/home/thomasverwaal/Robust-Rail-NL/mathematical-models/scenarios_solver_types_120/scenario_solver_32_trains_32_units7.json","Cost of next node: Cost = 429.8 : 496.08 | cr=9, dd=2, da=2, tlv=13, sm=64, rd=88.12, cd=0, um=0","Time elapsed: 42.67 seconds","/home/thomasverwaal/Robust-Rail-NL/mathematical-models/local_search_plans_discreet_120/plan_32_trains_32_units7.json"
"/home/thomasverwaal/Robust-Rail-NL/mathematical-models/scenarios_solver_types_120/scenario_solver_32_trains_32_units7.json","Cost of next node: Cost = 419.8 : 486.08 | cr=8, dd=2, da=2, tlv=13, sm=64, rd=88.12, cd=0, um=0","Time elapsed: 44.62 seconds","/home/thomasverwaal/Robust-Rail-NL/mathematical-models/local_search_plans_discreet_120/plan_32_trains_32_units7.json"
"/home/thomasverwaal/Robust-Rail-NL/mathematical-models/scenarios_solver_types_120/scenario_solver_32_trains_32_units7.json","Cost of next node: Cost = 409.8 : 476.08 | cr=7, dd=2, da=2, tlv=13, sm=64, rd=88.12, cd=0, um=0","Time elapsed: 46.12 seconds","/home/thomasverwaal/Robust-Rail-NL/mathematical-models/local_search_plans_discreet_120/plan_32_trains_32_units7.json"
"/home/thomasverwaal/Robust-Rail-NL/mathematical-models/scenarios_solver_types_120/scenario_solver_32_trains_32_units7.json","Cost of next node: Cost = 399.8 : 466.08 | cr=6, dd=2, da=2, tlv=13, sm=64, rd=88.12, cd=0, um=0","Time elapsed: 47.34 seconds","/home/thomasverwaal/Robust-Rail-NL/mathematical-models/local_search_plans_discreet_120/plan_32_trains_32_units7.json"
"/home/thomasverwaal/Robust-Rail-NL/mathematical-models/scenarios_solver_types_120/scenario_solver_32_trains_32_units7.json","Cost of next node: Cost = 389.8 : 456.08 | cr=5, dd=2, da=2, tlv=13, sm=64, rd=88.12, cd=0, um=0","Time elapsed: 48.32 seconds","/home/thomasverwaal/Robust-Rail-NL/mathematical-models/local_search_plans_discreet_120/plan_32_trains_32_units7.json"
"/home/thomasverwaal/Robust-Rail-NL/mathematical-models/scenarios_solver_types_120/scenario_solver_32_trains_32_units7.json","Cost of next node: Cost = 379.8 : 446.08 | cr=4, dd=2, da=2, tlv=13, sm=64, rd=88.12, cd=0, um=0","Time elapsed: 57.55 seconds","/home/thomasverwaal/Robust-Rail-NL/mathematical-models/local_search_plans_discreet_120/plan_32_trains_32_units7.json"
"/home/thomasverwaal/Robust-Rail-NL/mathematical-models/scenarios_solver_types_120/scenario_solver_32_trains_32_units7.json","Cost of next node: Cost = 280.0 : 351.28 | cr=7, dd=0, da=0, tlv=14, sm=64, rd=80.62, cd=0, um=0","Time elapsed: 71.60 seconds","/home/thomasverwaal/Robust-Rail-NL/mathematical-models/local_search_plans_discreet_120/plan_32_trains_32_units7.json"
"/home/thomasverwaal/Robust-Rail-NL/mathematical-models/scenarios_solver_types_120/scenario_solver_32_trains_32_units7.json","Cost of next node: Cost = 270.0 : 341.30 | cr=6, dd=0, da=0, tlv=14, sm=65, rd=81.23, cd=0, um=0","Time elapsed: 105.40 seconds","/home/thomasverwaal/Robust-Rail-NL/mathematical-models/local_search_plans_discreet_120/plan_32_trains_32_units7.json"
"/home/thomasverwaal/Robust-Rail-NL/mathematical-models/scenarios_solver_types_120/scenario_solver_32_trains_32_units7.json","Cost of next node: Cost = 260.0 : 331.30 | cr=5, dd=0, da=0, tlv=14, sm=65, rd=81.23, cd=0, um=0","Time elapsed: 106.54 seconds","/home/thomasverwaal/Robust-Rail-NL/mathematical-models/local_search_plans_discreet_120/plan_32_trains_32_units7.json"
"/home/thomasverwaal/Robust-Rail-NL/mathematical-models/scenarios_solver_types_120/scenario_solver_32_trains_32_units7.json","Cost of next node: Cost = 250.0 : 321.30 | cr=4, dd=0, da=0, tlv=14, sm=65, rd=81.23, cd=0, um=0","Time elapsed: 107.59 seconds","/home/thomasverwaal/Robust-Rail-NL/mathematical-models/local_search_plans_discreet_120/plan_32_trains_32_units7.json"
"/home/thomasverwaal/Robust-Rail-NL/mathematical-models/scenarios_solver_types_120/scenario_solver_32_trains_32_units7.json","Cost of next node: Cost = 240.0 : 311.30 | cr=3, dd=0, da=0, tlv=14, sm=65, rd=79.38, cd=0, um=0","Time elapsed: 125.60 seconds","/home/thomasverwaal/Robust-Rail-NL/mathematical-models/local_search_plans_discreet_120/plan_32_trains_32_units7.json"
"/home/thomasverwaal/Robust-Rail-NL/mathematical-models/scenarios_solver_types_120/scenario_solver_32_trains_32_units7.json","Cost of next node: Cost = 230.0 : 301.32 | cr=2, dd=0, da=0, tlv=14, sm=66, rd=80.00, cd=0, um=0","Time elapsed: 177.73 seconds","/home/thomasverwaal/Robust-Rail-NL/mathematical-models/local_search_plans_discreet_120/plan_32_trains_32_units7.json"
"/home/thomasverwaal/Robust-Rail-NL/mathematical-models/scenarios_solver_types_120/scenario_solver_32_trains_32_units7.json","NO_COST_FOUND","NO_TIME_FOUND","NO_PLAN_CREATED"
"/home/thomasverwaal/Robust-Rail-NL/mathematical-models/scenarios_solver_types_120/scenario_solver_32_trains_32_units8.json","Cost of next node: Cost = 2,863.5 : 2,869.80 | cr=51, dd=32, da=28, tlv=1, sm=64, rd=179.06, cd=0, um=0","Time elapsed: 1.82 seconds","/home/thomasverwaal/Robust-Rail-NL/mathematical-models/local_search_plans_discreet_120/plan_32_trains_32_units8.json"
"/home/thomasverwaal/Robust-Rail-NL/mathematical-models/scenarios_solver_types_120/scenario_solver_32_trains_32_units8.json","Cost of next node: Cost = 2,839.4 : 2,840.71 | cr=50, dd=32, da=28, tlv=0, sm=64, rd=180.94, cd=0, um=0","Time elapsed: 2.00 seconds","/home/thomasverwaal/Robust-Rail-NL/mathematical-models/local_search_plans_discreet_120/plan_32_trains_32_units8.json"
"/home/thomasverwaal/Robust-Rail-NL/mathematical-models/scenarios_solver_types_120/scenario_solver_32_trains_32_units8.json","Cost of next node: Cost = 2,816.8 : 2,823.12 | cr=48, dd=32, da=28, tlv=1, sm=64, rd=177.19, cd=0, um=0","Time elapsed: 2.08 seconds","/home/thomasverwaal/Robust-Rail-NL/mathematical-models/local_search_plans_discreet_120/plan_32_trains_32_units8.json"
"/home/thomasverwaal/Robust-Rail-NL/mathematical-models/scenarios_solver_types_120/scenario_solver_32_trains_32_units8.json","Cost of next node: Cost = 2,739.6 : 2,750.91 | cr=39, dd=32, da=27, tlv=2, sm=64, rd=180.94, cd=0, um=0","Time elapsed: 2.15 seconds","/home/thomasverwaal/Robust-Rail-NL/mathematical-models/local_search_plans_discreet_120/plan_32_trains_32_units8.json"
"/home/thomasverwaal/Robust-Rail-NL/mathematical-models/scenarios_solver_types_120/scenario_solver_32_trains_32_units8.json","Cost of next node: Cost = 2,647.5 : 2,663.74 | cr=33, dd=32, da=26, tlv=3, sm=64, rd=174.38, cd=0, um=0","Time elapsed: 2.26 seconds","/home/thomasverwaal/Robust-Rail-NL/mathematical-models/local_search_plans_discreet_120/plan_32_trains_32_units8.json"
"/home/thomasverwaal/Robust-Rail-NL/mathematical-models/scenarios_solver_types_120/scenario_solver_32_trains_32_units8.json","Cost of next node: Cost = 2,615.2 : 2,636.52 | cr=33, dd=32, da=23, tlv=4, sm=64, rd=171.56, cd=0, um=0","Time elapsed: 2.37 seconds","/home/thomasverwaal/Robust-Rail-NL/mathematical-models/local_search_plans_discreet_120/plan_32_trains_32_units8.json"
"/home/thomasverwaal/Robust-Rail-NL/mathematical-models/scenarios_solver_types_120/scenario_solver_32_trains_32_units8.json","Cost of next node: Cost = 2,585.1 : 2,611.34 | cr=32, dd=32, da=22, tlv=5, sm=64, rd=167.81, cd=0, um=0","Time elapsed: 2.58 seconds","/home/thomasverwaal/Robust-Rail-NL/mathematical-models/local_search_plans_discreet_120/plan_32_trains_32_units8.json"
"/home/thomasverwaal/Robust-Rail-NL/mathematical-models/scenarios_solver_types_120/scenario_solver_32_trains_32_units8.json","Cost of next node: Cost = 2,550.7 : 2,581.93 | cr=26, dd=32, da=22, tlv=6, sm=64, rd=168.75, cd=0, um=0","Time elapsed: 2.67 seconds","/home/thomasverwaal/Robust-Rail-NL/mathematical-models/local_search_plans_discreet_120/plan_32_trains_32_units8.json"
"/home/thomasverwaal/Robust-Rail-NL/mathematical-models/scenarios_solver_types_120/scenario_solver_32_trains_32_units8.json","Cost of next node: Cost = 2,521.9 : 2,558.20 | cr=26, dd=32, da=21, tlv=7, sm=64, rd=162.19, cd=0, um=0","Time elapsed: 2.83 seconds","/home/thomasverwaal/Robust-Rail-NL/mathematical-models/local_search_plans_discreet_120/plan_32_trains_32_units8.json"
"/home/thomasverwaal/Robust-Rail-NL/mathematical-models/scenarios_solver_types_120/scenario_solver_32_trains_32_units8.json","Cost of next node: Cost = 2,498.3 : 2,539.59 | cr=27, dd=32, da=19, tlv=8, sm=64, rd=158.44, cd=0, um=0","Time elapsed: 2.93 seconds","/home/thomasverwaal/Robust-Rail-NL/mathematical-models/local_search_plans_discreet_120/plan_32_trains_32_units8.json"
"/home/thomasverwaal/Robust-Rail-NL/mathematical-models/scenarios_solver_types_120/scenario_solver_32_trains_32_units8.json","Cost of next node: Cost = 2,467.6 : 2,513.88 | cr=27, dd=32, da=18, tlv=9, sm=64, rd=148.12, cd=0, um=0","Time elapsed: 3.10 seconds","/home/thomasverwaal/Robust-Rail-NL/mathematical-models/local_search_plans_discreet_120/plan_32_trains_32_units8.json"
"/home/thomasverwaal/Robust-Rail-NL/mathematical-models/scenarios_solver_types_120/scenario_solver_32_trains_32_units8.json","Cost of next node: Cost = 2,441.2 : 2,492.46 | cr=26, dd=32, da=18, tlv=10, sm=64, rd=140.62, cd=0, um=0","Time elapsed: 3.32 seconds","/home/thomasverwaal/Robust-Rail-NL/mathematical-models/local_search_plans_discreet_120/plan_32_trains_32_units8.json"
"/home/thomasverwaal/Robust-Rail-NL/mathematical-models/scenarios_solver_types_120/scenario_solver_32_trains_32_units8.json","Cost of next node: Cost = 2,412.7 : 2,468.98 | cr=28, dd=32, da=15, tlv=11, sm=64, rd=136.88, cd=0, um=0","Time elapsed: 3.45 seconds","/home/thomasverwaal/Robust-Rail-NL/mathematical-models/local_search_plans_discreet_120/plan_32_trains_32_units8.json"
"/home/thomasverwaal/Robust-Rail-NL/mathematical-models/scenarios_solver_types_120/scenario_solver_32_trains_32_units8.json","Cost of next node: Cost = 2,321.7 : 2,383.03 | cr=29, dd=32, da=10, tlv=12, sm=64, rd=129.38, cd=0, um=0","Time elapsed: 3.67 seconds","/home/thomasverwaal/Robust-Rail-NL/mathematical-models/local_search_plans_discreet_120/plan_32_trains_32_units8.json"
"/home/thomasverwaal/Robust-Rail-NL/mathematical-models/scenarios_solver_types_120/scenario_solver_32_trains_32_units8.json","Cost of next node: Cost = 2,295.7 : 2,351.94 | cr=28, dd=32, da=10, tlv=11, sm=64, rd=127.50, cd=0, um=0","Time elapsed: 4.02 seconds","/home/thomasverwaal/Robust-Rail-NL/mathematical-models/local_search_plans_discreet_120/plan_32_trains_32_units8.json"
"/home/thomasverwaal/Robust-Rail-NL/mathematical-models/scenarios_solver_types_120/scenario_solver_32_trains_32_units8.json","Cost of next node: Cost = 2,262.0 : 2,323.32 | cr=22, dd=32, da=10, tlv=12, sm=64, rd=129.38, cd=0, um=0","Time elapsed: 4.38 seconds","/home/thomasverwaal/Robust-Rail-NL/mathematical-models/local_search_plans_discreet_120/plan_32_trains_32_units8.json"
"/home/thomasverwaal/Robust-Rail-NL/mathematical-models/scenarios_solver_types_120/scenario_solver_32_trains_32_units8.json","Cost of next node: Cost = 2,239.0 : 2,300.26 | cr=17, dd=32, da=10, tlv=12, sm=64, rd=135.00, cd=0, um=0","Time elapsed: 4.76 seconds","/home/thomasverwaal/Robust-Rail-NL/mathematical-models/local_search_plans_discreet_120/plan_32_trains_32_units8.json"
"/home/thomasverwaal/Robust-Rail-NL/mathematical-models/scenarios_solver_types_120/scenario_solver_32_trains_32_units8.json","Cost of next node: Cost = 2,215.0 : 2,271.26 | cr=16, dd=32, da=10, tlv=11, sm=64, rd=136.88, cd=0, um=0","Time elapsed: 4.93 seconds","/home/thomasverwaal/Robust-Rail-NL/mathematical-models/local_search_plans_discreet_120/plan_32_trains_32_units8.json"
"/home/thomasverwaal/Robust-Rail-NL/mathematical-models/scenarios_solver_types_120/scenario_solver_32_trains_32_units8.json","Cost of next node: Cost = 2,184.9 : 2,246.22 | cr=16, dd=32, da=9, tlv=12, sm=64, rd=129.38, cd=0, um=0","Time elapsed: 5.36 seconds","/home/thomasverwaal/Robust-Rail-NL/mathematical-models/local_search_plans_discreet_120/plan_32_trains_32_units8.json"
"/home/thomasverwaal/Robust-Rail-NL/mathematical-models/scenarios_solver_types_120/scenario_solver_32_trains_32_units8.json","Cost of next node: Cost = 2,164.8 : 2,231.06 | cr=16, dd=32, da=8, tlv=13, sm=64, rd=123.75, cd=0, um=0","Time elapsed: 5.87 seconds","/home/thomasverwaal/Robust-Rail-NL/mathematical-models/local_search_plans_discreet_120/plan_32_trains_32_units8.json"
"/home/thomasverwaal/Robust-Rail-NL/mathematical-models/scenarios_solver_types_120/scenario_solver_32_trains_32_units8.json","Cost of next node: Cost = 2,144.3 : 2,215.57 | cr=15, dd=32, da=7, tlv=14, sm=64, rd=120.00, cd=0, um=0","Time elapsed: 6.43 seconds","/home/thomasverwaal/Robust-Rail-NL/mathematical-models/local_search_plans_discreet_120/plan_32_trains_32_units8.json"
"/home/thomasverwaal/Robust-Rail-NL/mathematical-models/scenarios_solver_types_120/scenario_solver_32_trains_32_units8.json","Cost of next node: Cost = 2,035.8 : 2,107.08 | cr=17, dd=30, da=6, tlv=14, sm=64, rd=116.25, cd=0, um=0","Time elapsed: 6.76 seconds","/home/thomasverwaal/Robust-Rail-NL/mathematical-models/local_search_plans_discreet_120/plan_32_trains_32_units8.json"
"/home/thomasverwaal/Robust-Rail-NL/mathematical-models/scenarios_solver_types_120/scenario_solver_32_trains_32_units8.json","Cost of next node: Cost = 2,001.0 : 2,077.32 | cr=17, dd=29, da=6, tlv=15, sm=64, rd=110.62, cd=0, um=0","Time elapsed: 7.03 seconds","/home/thomasverwaal/Robust-Rail-NL/mathematical-models/local_search_plans_discreet_120/plan_32_trains_32_units8.json"
"/home/thomasverwaal/Robust-Rail-NL/mathematical-models/scenarios_solver_types_120/scenario_solver_32_trains_32_units8.json","Cost of next node: Cost = 1,691.3 : 1,772.61 | cr=17, dd=23, da=5, tlv=16, sm=64, rd=105.00, cd=0, um=0","Time elapsed: 7.37 seconds","/home/thomasverwaal/Robust-Rail-NL/mathematical-models/local_search_plans_discreet_120/plan_32_trains_32_units8.json"
"/home/thomasverwaal/Robust-Rail-NL/mathematical-models/scenarios_solver_types_120/scenario_solver_32_trains_32_units8.json","Cost of next node: Cost = 1,666.3 : 1,742.61 | cr=16, dd=23, da=5, tlv=15, sm=64, rd=106.88, cd=0, um=0","Time elapsed: 7.71 seconds","/home/thomasverwaal/Robust-Rail-NL/mathematical-models/local_search_plans_discreet_120/plan_32_trains_32_units8.json"
"/home/thomasverwaal/Robust-Rail-NL/mathematical-models/scenarios_solver_types_120/scenario_solver_32_trains_32_units8.json","Cost of next node: Cost = 1,460.3 : 1,541.58 | cr=18, dd=19, da=3, tlv=16, sm=64, rd=101.25, cd=0, um=0","Time elapsed: 8.02 seconds","/home/thomasverwaal/Robust-Rail-NL/mathematical-models/local_search_plans_discreet_120/plan_32_trains_32_units8.json"
"/home/thomasverwaal/Robust-Rail-NL/mathematical-models/scenarios_solver_types_120/scenario_solver_32_trains_32_units8.json","Cost of next node: Cost = 1,435.3 : 1,511.58 | cr=17, dd=19, da=3, tlv=15, sm=64, rd=103.12, cd=0, um=0","Time elapsed: 8.46 seconds","/home/thomasverwaal/Robust-Rail-NL/mathematical-models/local_search_plans_discreet_120/plan_32_trains_32_units8.json"
"/home/thomasverwaal/Robust-Rail-NL/mathematical-models/scenarios_solver_types_120/scenario_solver_32_trains_32_units8.json","Cost of next node: Cost = 1,214.5 : 1,295.77 | cr=14, dd=15, da=3, tlv=16, sm=64, rd=93.75, cd=0, um=0","Time elapsed: 8.90 seconds","/home/thomasverwaal/Robust-Rail-NL/mathematical-models/local_search_plans_discreet_120/plan_32_trains_32_units8.json"
"/home/thomasverwaal/Robust-Rail-NL/mathematical-models/scenarios_solver_types_120/scenario_solver_32_trains_32_units8.json","Cost of next node: Cost = 1,175.0 : 1,261.28 | cr=16, dd=14, da=2, tlv=17, sm=64, rd=92.81, cd=0, um=0","Time elapsed: 9.25 seconds","/home/thomasverwaal/Robust-Rail-NL/mathematical-models/local_search_plans_discreet_120/plan_32_trains_32_units8.json"
"/home/thomasverwaal/Robust-Rail-NL/mathematical-models/scenarios_solver_types_120/scenario_solver_32_trains_32_units8.json","Cost of next node: Cost = 1,082.5 : 1,168.82 | cr=17, dd=12, da=2, tlv=17, sm=64, rd=86.25, cd=0, um=0","Time elapsed: 9.45 seconds","/home/thomasverwaal/Robust-Rail-NL/mathematical-models/local_search_plans_discreet_120/plan_32_trains_32_units8.json"
"/home/thomasverwaal/Robust-Rail-NL/mathematical-models/scenarios_solver_types_120/scenario_solver_32_trains_32_units8.json","Cost of next node: Cost = 1,057.5 : 1,138.82 | cr=16, dd=12, da=2, tlv=16, sm=64, rd=88.12, cd=0, um=0","Time elapsed: 9.86 seconds","/home/thomasverwaal/Robust-Rail-NL/mathematical-models/local_search_plans_discreet_120/plan_32_trains_32_units8.json"
"/home/thomasverwaal/Robust-Rail-NL/mathematical-models/scenarios_solver_types_120/scenario_solver_32_trains_32_units8.json","Cost of next node: Cost = 1,023.0 : 1,109.28 | cr=16, dd=11, da=2, tlv=17, sm=64, rd=86.25, cd=0, um=0","Time elapsed: 10.08 seconds","/home/thomasverwaal/Robust-Rail-NL/mathematical-models/local_search_plans_discreet_120/plan_32_trains_32_units8.json"
"/home/thomasverwaal/Robust-Rail-NL/mathematical-models/scenarios_solver_types_120/scenario_solver_32_trains_32_units8.json","Cost of next node: Cost = 998.0 : 1,079.28 | cr=15, dd=11, da=2, tlv=16, sm=64, rd=88.12, cd=0, um=0","Time elapsed: 10.24 seconds","/home/thomasverwaal/Robust-Rail-NL/mathematical-models/local_search_plans_discreet_120/plan_32_trains_32_units8.json"
"/home/thomasverwaal/Robust-Rail-NL/mathematical-models/scenarios_solver_types_120/scenario_solver_32_trains_32_units8.json","Cost of next node: Cost = 498.0 : 584.28 | cr=14, dd=2, da=0, tlv=17, sm=64, rd=76.88, cd=0, um=0","Time elapsed: 10.67 seconds","/home/thomasverwaal/Robust-Rail-NL/mathematical-models/local_search_plans_discreet_120/plan_32_trains_32_units8.json"
"/home/thomasverwaal/Robust-Rail-NL/mathematical-models/scenarios_solver_types_120/scenario_solver_32_trains_32_units8.json","Cost of next node: Cost = 395.0 : 481.28 | cr=14, dd=0, da=0, tlv=17, sm=64, rd=71.25, cd=0, um=0","Time elapsed: 10.93 seconds","/home/thomasverwaal/Robust-Rail-NL/mathematical-models/local_search_plans_discreet_120/plan_32_trains_32_units8.json"
"/home/thomasverwaal/Robust-Rail-NL/mathematical-models/scenarios_solver_types_120/scenario_solver_32_trains_32_units8.json","Cost of next node: Cost = 380.0 : 461.28 | cr=14, dd=0, da=0, tlv=16, sm=64, rd=73.12, cd=0, um=0","Time elapsed: 15.76 seconds","/home/thomasverwaal/Robust-Rail-NL/mathematical-models/local_search_plans_discreet_120/plan_32_trains_32_units8.json"
"/home/thomasverwaal/Robust-Rail-NL/mathematical-models/scenarios_solver_types_120/scenario_solver_32_trains_32_units8.json","Cost of next node: Cost = 365.0 : 441.28 | cr=14, dd=0, da=0, tlv=15, sm=64, rd=75.00, cd=0, um=0","Time elapsed: 20.27 seconds","/home/thomasverwaal/Robust-Rail-NL/mathematical-models/local_search_plans_discreet_120/plan_32_trains_32_units8.json"
"/home/thomasverwaal/Robust-Rail-NL/mathematical-models/scenarios_solver_types_120/scenario_solver_32_trains_32_units8.json","Cost of next node: Cost = 350.0 : 421.28 | cr=14, dd=0, da=0, tlv=14, sm=64, rd=76.88, cd=0, um=0","Time elapsed: 24.08 seconds","/home/thomasverwaal/Robust-Rail-NL/mathematical-models/local_search_plans_discreet_120/plan_32_trains_32_units8.json"
"/home/thomasverwaal/Robust-Rail-NL/mathematical-models/scenarios_solver_types_120/scenario_solver_32_trains_32_units8.json","Cost of next node: Cost = 340.0 : 411.28 | cr=13, dd=0, da=0, tlv=14, sm=64, rd=76.88, cd=0, um=0","Time elapsed: 27.29 seconds","/home/thomasverwaal/Robust-Rail-NL/mathematical-models/local_search_plans_discreet_120/plan_32_trains_32_units8.json"
"/home/thomasverwaal/Robust-Rail-NL/mathematical-models/scenarios_solver_types_120/scenario_solver_32_trains_32_units8.json","Cost of next node: Cost = 330.0 : 401.28 | cr=12, dd=0, da=0, tlv=14, sm=64, rd=76.88, cd=0, um=0","Time elapsed: 30.17 seconds","/home/thomasverwaal/Robust-Rail-NL/mathematical-models/local_search_plans_discreet_120/plan_32_trains_32_units8.json"
"/home/thomasverwaal/Robust-Rail-NL/mathematical-models/scenarios_solver_types_120/scenario_solver_32_trains_32_units8.json","Cost of next node: Cost = 320.0 : 391.28 | cr=11, dd=0, da=0, tlv=14, sm=64, rd=76.88, cd=0, um=0","Time elapsed: 32.65 seconds","/home/thomasverwaal/Robust-Rail-NL/mathematical-models/local_search_plans_discreet_120/plan_32_trains_32_units8.json"
"/home/thomasverwaal/Robust-Rail-NL/mathematical-models/scenarios_solver_types_120/scenario_solver_32_trains_32_units8.json","Cost of next node: Cost = 310.0 : 381.28 | cr=10, dd=0, da=0, tlv=14, sm=64, rd=76.88, cd=0, um=0","Time elapsed: 35.01 seconds","/home/thomasverwaal/Robust-Rail-NL/mathematical-models/local_search_plans_discreet_120/plan_32_trains_32_units8.json"
"/home/thomasverwaal/Robust-Rail-NL/mathematical-models/scenarios_solver_types_120/scenario_solver_32_trains_32_units8.json","Cost of next node: Cost = 300.0 : 371.28 | cr=9, dd=0, da=0, tlv=14, sm=64, rd=76.88, cd=0, um=0","Time elapsed: 36.87 seconds","/home/thomasverwaal/Robust-Rail-NL/mathematical-models/local_search_plans_discreet_120/plan_32_trains_32_units8.json"
"/home/thomasverwaal/Robust-Rail-NL/mathematical-models/scenarios_solver_types_120/scenario_solver_32_trains_32_units8.json","Cost of next node: Cost = 290.0 : 361.28 | cr=8, dd=0, da=0, tlv=14, sm=64, rd=76.88, cd=0, um=0","Time elapsed: 38.40 seconds","/home/thomasverwaal/Robust-Rail-NL/mathematical-models/local_search_plans_discreet_120/plan_32_trains_32_units8.json"
"/home/thomasverwaal/Robust-Rail-NL/mathematical-models/scenarios_solver_types_120/scenario_solver_32_trains_32_units8.json","Cost of next node: Cost = 280.0 : 351.28 | cr=7, dd=0, da=0, tlv=14, sm=64, rd=76.88, cd=0, um=0","Time elapsed: 39.71 seconds","/home/thomasverwaal/Robust-Rail-NL/mathematical-models/local_search_plans_discreet_120/plan_32_trains_32_units8.json"
"/home/thomasverwaal/Robust-Rail-NL/mathematical-models/scenarios_solver_types_120/scenario_solver_32_trains_32_units8.json","Cost of next node: Cost = 260.0 : 331.28 | cr=5, dd=0, da=0, tlv=14, sm=64, rd=76.88, cd=0, um=0","Time elapsed: 40.98 seconds","/home/thomasverwaal/Robust-Rail-NL/mathematical-models/local_search_plans_discreet_120/plan_32_trains_32_units8.json"
"/home/thomasverwaal/Robust-Rail-NL/mathematical-models/scenarios_solver_types_120/scenario_solver_32_trains_32_units8.json","Cost of next node: Cost = 250.0 : 321.28 | cr=4, dd=0, da=0, tlv=14, sm=64, rd=76.88, cd=0, um=0","Time elapsed: 42.01 seconds","/home/thomasverwaal/Robust-Rail-NL/mathematical-models/local_search_plans_discreet_120/plan_32_trains_32_units8.json"
"/home/thomasverwaal/Robust-Rail-NL/mathematical-models/scenarios_solver_types_120/scenario_solver_32_trains_32_units8.json","Cost of next node: Cost = 240.0 : 311.28 | cr=3, dd=0, da=0, tlv=14, sm=64, rd=76.88, cd=0, um=0","Time elapsed: 118.20 seconds","/home/thomasverwaal/Robust-Rail-NL/mathematical-models/local_search_plans_discreet_120/plan_32_trains_32_units8.json"
"/home/thomasverwaal/Robust-Rail-NL/mathematical-models/scenarios_solver_types_120/scenario_solver_32_trains_32_units8.json","Cost of next node: Cost = 235.0 : 301.32 | cr=4, dd=0, da=0, tlv=13, sm=66, rd=78.18, cd=0, um=0","Time elapsed: 178.61 seconds","/home/thomasverwaal/Robust-Rail-NL/mathematical-models/local_search_plans_discreet_120/plan_32_trains_32_units8.json"
"/home/thomasverwaal/Robust-Rail-NL/mathematical-models/scenarios_solver_types_120/scenario_solver_32_trains_32_units8.json","NO_COST_FOUND","NO_TIME_FOUND","NO_PLAN_CREATED"
"/home/thomasverwaal/Robust-Rail-NL/mathematical-models/scenarios_solver_types_120/scenario_solver_32_trains_32_units9.json","Cost of next node: Cost = 2,864.4 : 2,870.68 | cr=52, dd=32, da=27, tlv=1, sm=64, rd=180.94, cd=0, um=0","Time elapsed: 1.88 seconds","/home/thomasverwaal/Robust-Rail-NL/mathematical-models/local_search_plans_discreet_120/plan_32_trains_32_units9.json"
"/home/thomasverwaal/Robust-Rail-NL/mathematical-models/scenarios_solver_types_120/scenario_solver_32_trains_32_units9.json","Cost of next node: Cost = 2,830.6 : 2,831.87 | cr=50, dd=32, da=27, tlv=0, sm=64, rd=182.81, cd=0, um=0","Time elapsed: 2.02 seconds","/home/thomasverwaal/Robust-Rail-NL/mathematical-models/local_search_plans_discreet_120/plan_32_trains_32_units9.json"
"/home/thomasverwaal/Robust-Rail-NL/mathematical-models/scenarios_solver_types_120/scenario_solver_32_trains_32_units9.json","Cost of next node: Cost = 2,807.8 : 2,814.06 | cr=48, dd=32, da=27, tlv=1, sm=64, rd=179.06, cd=0, um=0","Time elapsed: 2.15 seconds","/home/thomasverwaal/Robust-Rail-NL/mathematical-models/local_search_plans_discreet_120/plan_32_trains_32_units9.json"
"/home/thomasverwaal/Robust-Rail-NL/mathematical-models/scenarios_solver_types_120/scenario_solver_32_trains_32_units9.json","Cost of next node: Cost = 2,683.1 : 2,694.39 | cr=40, dd=32, da=23, tlv=2, sm=64, rd=180.94, cd=0, um=0","Time elapsed: 2.27 seconds","/home/thomasverwaal/Robust-Rail-NL/mathematical-models/local_search_plans_discreet_120/plan_32_trains_32_units9.json"
"/home/thomasverwaal/Robust-Rail-NL/mathematical-models/scenarios_solver_types_120/scenario_solver_32_trains_32_units9.json","Cost of next node: Cost = 2,653.1 : 2,669.40 | cr=37, dd=32, da=23, tlv=3, sm=64, rd=176.25, cd=0, um=0","Time elapsed: 2.42 seconds","/home/thomasverwaal/Robust-Rail-NL/mathematical-models/local_search_plans_discreet_120/plan_32_trains_32_units9.json"
"/home/thomasverwaal/Robust-Rail-NL/mathematical-models/scenarios_solver_types_120/scenario_solver_32_trains_32_units9.json","Cost of next node: Cost = 2,617.2 : 2,638.47 | cr=33, dd=32, da=22, tlv=4, sm=64, rd=175.31, cd=0, um=0","Time elapsed: 2.65 seconds","/home/thomasverwaal/Robust-Rail-NL/mathematical-models/local_search_plans_discreet_120/plan_32_trains_32_units9.json"
"/home/thomasverwaal/Robust-Rail-NL/mathematical-models/scenarios_solver_types_120/scenario_solver_32_trains_32_units9.json","Cost of next node: Cost = 2,584.3 : 2,610.54 | cr=35, dd=32, da=20, tlv=5, sm=64, rd=171.56, cd=0, um=0","Time elapsed: 2.87 seconds","/home/thomasverwaal/Robust-Rail-NL/mathematical-models/local_search_plans_discreet_120/plan_32_trains_32_units9.json"
"/home/thomasverwaal/Robust-Rail-NL/mathematical-models/scenarios_solver_types_120/scenario_solver_32_trains_32_units9.json","Cost of next node: Cost = 2,561.5 : 2,587.77 | cr=35, dd=32, da=19, tlv=5, sm=64, rd=167.81, cd=0, um=0","Time elapsed: 3.14 seconds","/home/thomasverwaal/Robust-Rail-NL/mathematical-models/local_search_plans_discreet_120/plan_32_trains_32_units9.json"
"/home/thomasverwaal/Robust-Rail-NL/mathematical-models/scenarios_solver_types_120/scenario_solver_32_trains_32_units9.json","Cost of next node: Cost = 2,531.3 : 2,562.54 | cr=34, dd=32, da=18, tlv=6, sm=64, rd=163.12, cd=0, um=0","Time elapsed: 3.40 seconds","/home/thomasverwaal/Robust-Rail-NL/mathematical-models/local_search_plans_discreet_120/plan_32_trains_32_units9.json"
"/home/thomasverwaal/Robust-Rail-NL/mathematical-models/scenarios_solver_types_120/scenario_solver_32_trains_32_units9.json","Cost of next node: Cost = 2,436.5 : 2,472.82 | cr=36, dd=32, da=13, tlv=7, sm=64, rd=159.38, cd=0, um=0","Time elapsed: 3.63 seconds","/home/thomasverwaal/Robust-Rail-NL/mathematical-models/local_search_plans_discreet_120/plan_32_trains_32_units9.json"
"/home/thomasverwaal/Robust-Rail-NL/mathematical-models/scenarios_solver_types_120/scenario_solver_32_trains_32_units9.json","Cost of next node: Cost = 2,413.0 : 2,449.25 | cr=36, dd=32, da=12, tlv=7, sm=64, rd=155.62, cd=0, um=0","Time elapsed: 3.85 seconds","/home/thomasverwaal/Robust-Rail-NL/mathematical-models/local_search_plans_discreet_120/plan_32_trains_32_units9.json"
"/home/thomasverwaal/Robust-Rail-NL/mathematical-models/scenarios_solver_types_120/scenario_solver_32_trains_32_units9.json","Cost of next node: Cost = 2,391.4 : 2,427.67 | cr=35, dd=32, da=12, tlv=7, sm=64, rd=148.12, cd=0, um=0","Time elapsed: 4.24 seconds","/home/thomasverwaal/Robust-Rail-NL/mathematical-models/local_search_plans_discreet_120/plan_32_trains_32_units9.json"
"/home/thomasverwaal/Robust-Rail-NL/mathematical-models/scenarios_solver_types_120/scenario_solver_32_trains_32_units9.json","Cost of next node: Cost = 2,362.9 : 2,404.16 | cr=30, dd=32, da=12, tlv=8, sm=64, rd=148.12, cd=0, um=0","Time elapsed: 4.68 seconds","/home/thomasverwaal/Robust-Rail-NL/mathematical-models/local_search_plans_discreet_120/plan_32_trains_32_units9.json"
"/home/thomasverwaal/Robust-Rail-NL/mathematical-models/scenarios_solver_types_120/scenario_solver_32_trains_32_units9.json","Cost of next node: Cost = 2,312.0 : 2,358.29 | cr=22, dd=32, da=12, tlv=9, sm=64, rd=153.75, cd=0, um=0","Time elapsed: 5.19 seconds","/home/thomasverwaal/Robust-Rail-NL/mathematical-models/local_search_plans_discreet_120/plan_32_trains_32_units9.json"
"/home/thomasverwaal/Robust-Rail-NL/mathematical-models/scenarios_solver_types_120/scenario_solver_32_trains_32_units9.json","Cost of next node: Cost = 2,277.1 : 2,323.34 | cr=21, dd=32, da=11, tlv=9, sm=64, rd=150.00, cd=0, um=0","Time elapsed: 5.65 seconds","/home/thomasverwaal/Robust-Rail-NL/mathematical-models/local_search_plans_discreet_120/plan_32_trains_32_units9.json"
"/home/thomasverwaal/Robust-Rail-NL/mathematical-models/scenarios_solver_types_120/scenario_solver_32_trains_32_units9.json","Cost of next node: Cost = 2,249.1 : 2,300.35 | cr=21, dd=32, da=10, tlv=10, sm=64, rd=140.62, cd=0, um=0","Time elapsed: 6.23 seconds","/home/thomasverwaal/Robust-Rail-NL/mathematical-models/local_search_plans_discreet_120/plan_32_trains_32_units9.json"
"/home/thomasverwaal/Robust-Rail-NL/mathematical-models/scenarios_solver_types_120/scenario_solver_32_trains_32_units9.json","Cost of next node: Cost = 2,227.4 : 2,278.65 | cr=22, dd=32, da=8, tlv=10, sm=64, rd=142.50, cd=0, um=0","Time elapsed: 6.48 seconds","/home/thomasverwaal/Robust-Rail-NL/mathematical-models/local_search_plans_discreet_120/plan_32_trains_32_units9.json"
"/home/thomasverwaal/Robust-Rail-NL/mathematical-models/scenarios_solver_types_120/scenario_solver_32_trains_32_units9.json","Cost of next node: Cost = 2,204.6 : 2,250.92 | cr=21, dd=32, da=8, tlv=9, sm=64, rd=141.56, cd=0, um=0","Time elapsed: 6.67 seconds","/home/thomasverwaal/Robust-Rail-NL/mathematical-models/local_search_plans_discreet_120/plan_32_trains_32_units9.json"
"/home/thomasverwaal/Robust-Rail-NL/mathematical-models/scenarios_solver_types_120/scenario_solver_32_trains_32_units9.json","Cost of next node: Cost = 2,178.2 : 2,229.44 | cr=20, dd=32, da=7, tlv=10, sm=64, rd=135.94, cd=0, um=0","Time elapsed: 7.30 seconds","/home/thomasverwaal/Robust-Rail-NL/mathematical-models/local_search_plans_discreet_120/plan_32_trains_32_units9.json"
"/home/thomasverwaal/Robust-Rail-NL/mathematical-models/scenarios_solver_types_120/scenario_solver_32_trains_32_units9.json","Cost of next node: Cost = 2,126.0 : 2,182.27 | cr=18, dd=32, da=6, tlv=11, sm=64, rd=125.62, cd=0, um=0","Time elapsed: 7.91 seconds","/home/thomasverwaal/Robust-Rail-NL/mathematical-models/local_search_plans_discreet_120/plan_32_trains_32_units9.json"
"/home/thomasverwaal/Robust-Rail-NL/mathematical-models/scenarios_solver_types_120/scenario_solver_32_trains_32_units9.json","Cost of next node: Cost = 2,096.0 : 2,152.27 | cr=15, dd=32, da=6, tlv=11, sm=64, rd=125.62, cd=0, um=0","Time elapsed: 8.29 seconds","/home/thomasverwaal/Robust-Rail-NL/mathematical-models/local_search_plans_discreet_120/plan_32_trains_32_units9.json"
"/home/thomasverwaal/Robust-Rail-NL/mathematical-models/scenarios_solver_types_120/scenario_solver_32_trains_32_units9.json","Cost of next node: Cost = 2,043.4 : 2,104.68 | cr=13, dd=32, da=5, tlv=12, sm=64, rd=116.25, cd=0, um=0","Time elapsed: 8.76 seconds","/home/thomasverwaal/Robust-Rail-NL/mathematical-models/local_search_plans_discreet_120/plan_32_trains_32_units9.json"
"/home/thomasverwaal/Robust-Rail-NL/mathematical-models/scenarios_solver_types_120/scenario_solver_32_trains_32_units9.json","Cost of next node: Cost = 1,958.5 : 2,014.78 | cr=17, dd=30, da=5, tlv=11, sm=64, rd=110.62, cd=0, um=0","Time elapsed: 8.93 seconds","/home/thomasverwaal/Robust-Rail-NL/mathematical-models/local_search_plans_discreet_120/plan_32_trains_32_units9.json"
"/home/thomasverwaal/Robust-Rail-NL/mathematical-models/scenarios_solver_types_120/scenario_solver_32_trains_32_units9.json","Cost of next node: Cost = 1,928.2 : 1,984.48 | cr=19, dd=29, da=5, tlv=11, sm=64, rd=108.75, cd=0, um=0","Time elapsed: 8.98 seconds","/home/thomasverwaal/Robust-Rail-NL/mathematical-models/local_search_plans_discreet_120/plan_32_trains_32_units9.json"
"/home/thomasverwaal/Robust-Rail-NL/mathematical-models/scenarios_solver_types_120/scenario_solver_32_trains_32_units9.json","Cost of next node: Cost = 1,843.8 : 1,905.11 | cr=19, dd=27, da=5, tlv=12, sm=64, rd=106.88, cd=0, um=0","Time elapsed: 9.15 seconds","/home/thomasverwaal/Robust-Rail-NL/mathematical-models/local_search_plans_discreet_120/plan_32_trains_32_units9.json"
"/home/thomasverwaal/Robust-Rail-NL/mathematical-models/scenarios_solver_types_120/scenario_solver_32_trains_32_units9.json","Cost of next node: Cost = 1,783.8 : 1,845.13 | cr=18, dd=26, da=5, tlv=12, sm=64, rd=105.00, cd=0, um=0","Time elapsed: 9.32 seconds","/home/thomasverwaal/Robust-Rail-NL/mathematical-models/local_search_plans_discreet_120/plan_32_trains_32_units9.json"
"/home/thomasverwaal/Robust-Rail-NL/mathematical-models/scenarios_solver_types_120/scenario_solver_32_trains_32_units9.json","Cost of next node: Cost = 1,735.1 : 1,791.37 | cr=21, dd=24, da=7, tlv=11, sm=64, rd=109.69, cd=0, um=0","Time elapsed: 9.39 seconds","/home/thomasverwaal/Robust-Rail-NL/mathematical-models/local_search_plans_discreet_120/plan_32_trains_32_units9.json"
"/home/thomasverwaal/Robust-Rail-NL/mathematical-models/scenarios_solver_types_120/scenario_solver_32_trains_32_units9.json","Cost of next node: Cost = 1,671.0 : 1,732.30 | cr=20, dd=23, da=6, tlv=12, sm=64, rd=105.94, cd=0, um=0","Time elapsed: 9.48 seconds","/home/thomasverwaal/Robust-Rail-NL/mathematical-models/local_search_plans_discreet_120/plan_32_trains_32_units9.json"
"/home/thomasverwaal/Robust-Rail-NL/mathematical-models/scenarios_solver_types_120/scenario_solver_32_trains_32_units9.json","Cost of next node: Cost = 1,641.0 : 1,702.30 | cr=17, dd=23, da=6, tlv=12, sm=64, rd=105.94, cd=0, um=0","Time elapsed: 9.66 seconds","/home/thomasverwaal/Robust-Rail-NL/mathematical-models/local_search_plans_discreet_120/plan_32_trains_32_units9.json"
"/home/thomasverwaal/Robust-Rail-NL/mathematical-models/scenarios_solver_types_120/scenario_solver_32_trains_32_units9.json","Cost of next node: Cost = 1,595.4 : 1,661.68 | cr=16, dd=22, da=6, tlv=13, sm=64, rd=104.06, cd=0, um=0","Time elapsed: 9.99 seconds","/home/thomasverwaal/Robust-Rail-NL/mathematical-models/local_search_plans_discreet_120/plan_32_trains_32_units9.json"
"/home/thomasverwaal/Robust-Rail-NL/mathematical-models/scenarios_solver_types_120/scenario_solver_32_trains_32_units9.json","Cost of next node: Cost = 1,551.5 : 1,622.80 | cr=17, dd=21, da=5, tlv=14, sm=64, rd=100.31, cd=0, um=0","Time elapsed: 10.10 seconds","/home/thomasverwaal/Robust-Rail-NL/mathematical-models/local_search_plans_discreet_120/plan_32_trains_32_units9.json"
"/home/thomasverwaal/Robust-Rail-NL/mathematical-models/scenarios_solver_types_120/scenario_solver_32_trains_32_units9.json","Cost of next node: Cost = 1,384.3 : 1,460.55 | cr=16, dd=18, da=4, tlv=15, sm=64, rd=96.56, cd=0, um=0","Time elapsed: 10.31 seconds","/home/thomasverwaal/Robust-Rail-NL/mathematical-models/local_search_plans_discreet_120/plan_32_trains_32_units9.json"
"/home/thomasverwaal/Robust-Rail-NL/mathematical-models/scenarios_solver_types_120/scenario_solver_32_trains_32_units9.json","Cost of next node: Cost = 1,235.5 : 1,316.76 | cr=15, dd=15, da=4, tlv=16, sm=64, rd=90.94, cd=0, um=0","Time elapsed: 10.62 seconds","/home/thomasverwaal/Robust-Rail-NL/mathematical-models/local_search_plans_discreet_120/plan_32_trains_32_units9.json"
"/home/thomasverwaal/Robust-Rail-NL/mathematical-models/scenarios_solver_types_120/scenario_solver_32_trains_32_units9.json","Cost of next node: Cost = 1,200.5 : 1,276.76 | cr=13, dd=15, da=4, tlv=15, sm=64, rd=92.81, cd=0, um=0","Time elapsed: 10.75 seconds","/home/thomasverwaal/Robust-Rail-NL/mathematical-models/local_search_plans_discreet_120/plan_32_trains_32_units9.json"
"/home/thomasverwaal/Robust-Rail-NL/mathematical-models/scenarios_solver_types_120/scenario_solver_32_trains_32_units9.json","Cost of next node: Cost = 1,175.7 : 1,256.96 | cr=14, dd=14, da=4, tlv=16, sm=64, rd=90.94, cd=0, um=0","Time elapsed: 10.82 seconds","/home/thomasverwaal/Robust-Rail-NL/mathematical-models/local_search_plans_discreet_120/plan_32_trains_32_units9.json"
"/home/thomasverwaal/Robust-Rail-NL/mathematical-models/scenarios_solver_types_120/scenario_solver_32_trains_32_units9.json","Cost of next node: Cost = 1,150.7 : 1,226.96 | cr=13, dd=14, da=4, tlv=15, sm=64, rd=92.81, cd=0, um=0","Time elapsed: 10.94 seconds","/home/thomasverwaal/Robust-Rail-NL/mathematical-models/local_search_plans_discreet_120/plan_32_trains_32_units9.json"
"/home/thomasverwaal/Robust-Rail-NL/mathematical-models/scenarios_solver_types_120/scenario_solver_32_trains_32_units9.json","Cost of next node: Cost = 1,115.9 : 1,197.19 | cr=13, dd=13, da=4, tlv=16, sm=64, rd=90.94, cd=0, um=0","Time elapsed: 11.16 seconds","/home/thomasverwaal/Robust-Rail-NL/mathematical-models/local_search_plans_discreet_120/plan_32_trains_32_units9.json"
"/home/thomasverwaal/Robust-Rail-NL/mathematical-models/scenarios_solver_types_120/scenario_solver_32_trains_32_units9.json","Cost of next node: Cost = 652.2 : 738.48 | cr=13, dd=4, da=3, tlv=17, sm=64, rd=79.69, cd=0, um=0","Time elapsed: 11.47 seconds","/home/thomasverwaal/Robust-Rail-NL/mathematical-models/local_search_plans_discreet_120/plan_32_trains_32_units9.json"
"/home/thomasverwaal/Robust-Rail-NL/mathematical-models/scenarios_solver_types_120/scenario_solver_32_trains_32_units9.json","Cost of next node: Cost = 637.2 : 718.48 | cr=13, dd=4, da=3, tlv=16, sm=64, rd=81.56, cd=0, um=0","Time elapsed: 15.85 seconds","/home/thomasverwaal/Robust-Rail-NL/mathematical-models/local_search_plans_discreet_120/plan_32_trains_32_units9.json"
"/home/thomasverwaal/Robust-Rail-NL/mathematical-models/scenarios_solver_types_120/scenario_solver_32_trains_32_units9.json","Cost of next node: Cost = 622.2 : 698.48 | cr=13, dd=4, da=3, tlv=15, sm=64, rd=83.44, cd=0, um=0","Time elapsed: 19.47 seconds","/home/thomasverwaal/Robust-Rail-NL/mathematical-models/local_search_plans_discreet_120/plan_32_trains_32_units9.json"
"/home/thomasverwaal/Robust-Rail-NL/mathematical-models/scenarios_solver_types_120/scenario_solver_32_trains_32_units9.json","Cost of next node: Cost = 607.2 : 678.50 | cr=13, dd=4, da=3, tlv=14, sm=65, rd=84.00, cd=0, um=0","Time elapsed: 22.86 seconds","/home/thomasverwaal/Robust-Rail-NL/mathematical-models/local_search_plans_discreet_120/plan_32_trains_32_units9.json"
"/home/thomasverwaal/Robust-Rail-NL/mathematical-models/scenarios_solver_types_120/scenario_solver_32_trains_32_units9.json","Cost of next node: Cost = 597.2 : 668.50 | cr=12, dd=4, da=3, tlv=14, sm=65, rd=84.00, cd=0, um=0","Time elapsed: 26.25 seconds","/home/thomasverwaal/Robust-Rail-NL/mathematical-models/local_search_plans_discreet_120/plan_32_trains_32_units9.json"
"/home/thomasverwaal/Robust-Rail-NL/mathematical-models/scenarios_solver_types_120/scenario_solver_32_trains_32_units9.json","Cost of next node: Cost = 587.2 : 658.50 | cr=11, dd=4, da=3, tlv=14, sm=65, rd=84.00, cd=0, um=0","Time elapsed: 29.23 seconds","/home/thomasverwaal/Robust-Rail-NL/mathematical-models/local_search_plans_discreet_120/plan_32_trains_32_units9.json"
"/home/thomasverwaal/Robust-Rail-NL/mathematical-models/scenarios_solver_types_120/scenario_solver_32_trains_32_units9.json","Cost of next node: Cost = 560.4 : 636.70 | cr=11, dd=4, da=1, tlv=15, sm=65, rd=77.54, cd=0, um=0","Time elapsed: 29.32 seconds","/home/thomasverwaal/Robust-Rail-NL/mathematical-models/local_search_plans_discreet_120/plan_32_trains_32_units9.json"
"/home/thomasverwaal/Robust-Rail-NL/mathematical-models/scenarios_solver_types_120/scenario_solver_32_trains_32_units9.json","Cost of next node: Cost = 550.4 : 626.70 | cr=10, dd=4, da=1, tlv=15, sm=65, rd=79.38, cd=0, um=0","Time elapsed: 32.09 seconds","/home/thomasverwaal/Robust-Rail-NL/mathematical-models/local_search_plans_discreet_120/plan_32_trains_32_units9.json"
"/home/thomasverwaal/Robust-Rail-NL/mathematical-models/scenarios_solver_types_120/scenario_solver_32_trains_32_units9.json","Cost of next node: Cost = 545.4 : 616.70 | cr=11, dd=4, da=1, tlv=14, sm=65, rd=81.23, cd=0, um=0","Time elapsed: 34.68 seconds","/home/thomasverwaal/Robust-Rail-NL/mathematical-models/local_search_plans_discreet_120/plan_32_trains_32_units9.json"
"/home/thomasverwaal/Robust-Rail-NL/mathematical-models/scenarios_solver_types_120/scenario_solver_32_trains_32_units9.json","Cost of next node: Cost = 355.0 : 431.30 | cr=13, dd=0, da=0, tlv=15, sm=65, rd=75.69, cd=0, um=0","Time elapsed: 35.02 seconds","/home/thomasverwaal/Robust-Rail-NL/mathematical-models/local_search_plans_discreet_120/plan_32_trains_32_units9.json"
"/home/thomasverwaal/Robust-Rail-NL/mathematical-models/scenarios_solver_types_120/scenario_solver_32_trains_32_units9.json","Cost of next node: Cost = 340.0 : 411.30 | cr=13, dd=0, da=0, tlv=14, sm=65, rd=77.54, cd=0, um=0","Time elapsed: 37.33 seconds","/home/thomasverwaal/Robust-Rail-NL/mathematical-models/local_search_plans_discreet_120/plan_32_trains_32_units9.json"
"/home/thomasverwaal/Robust-Rail-NL/mathematical-models/scenarios_solver_types_120/scenario_solver_32_trains_32_units9.json","Cost of next node: Cost = 330.0 : 401.30 | cr=12, dd=0, da=0, tlv=14, sm=65, rd=77.54, cd=0, um=0","Time elapsed: 39.74 seconds","/home/thomasverwaal/Robust-Rail-NL/mathematical-models/local_search_plans_discreet_120/plan_32_trains_32_units9.json"
"/home/thomasverwaal/Robust-Rail-NL/mathematical-models/scenarios_solver_types_120/scenario_solver_32_trains_32_units9.json","Cost of next node: Cost = 320.0 : 391.30 | cr=11, dd=0, da=0, tlv=14, sm=65, rd=77.54, cd=0, um=0","Time elapsed: 42.02 seconds","/home/thomasverwaal/Robust-Rail-NL/mathematical-models/local_search_plans_discreet_120/plan_32_trains_32_units9.json"
"/home/thomasverwaal/Robust-Rail-NL/mathematical-models/scenarios_solver_types_120/scenario_solver_32_trains_32_units9.json","Cost of next node: Cost = 310.0 : 381.30 | cr=10, dd=0, da=0, tlv=14, sm=65, rd=77.54, cd=0, um=0","Time elapsed: 43.83 seconds","/home/thomasverwaal/Robust-Rail-NL/mathematical-models/local_search_plans_discreet_120/plan_32_trains_32_units9.json"
"/home/thomasverwaal/Robust-Rail-NL/mathematical-models/scenarios_solver_types_120/scenario_solver_32_trains_32_units9.json","Cost of next node: Cost = 300.0 : 371.30 | cr=9, dd=0, da=0, tlv=14, sm=65, rd=77.54, cd=0, um=0","Time elapsed: 45.35 seconds","/home/thomasverwaal/Robust-Rail-NL/mathematical-models/local_search_plans_discreet_120/plan_32_trains_32_units9.json"
"/home/thomasverwaal/Robust-Rail-NL/mathematical-models/scenarios_solver_types_120/scenario_solver_32_trains_32_units9.json","Cost of next node: Cost = 290.0 : 361.30 | cr=8, dd=0, da=0, tlv=14, sm=65, rd=75.69, cd=0, um=0","Time elapsed: 46.68 seconds","/home/thomasverwaal/Robust-Rail-NL/mathematical-models/local_search_plans_discreet_120/plan_32_trains_32_units9.json"
"/home/thomasverwaal/Robust-Rail-NL/mathematical-models/scenarios_solver_types_120/scenario_solver_32_trains_32_units9.json","Cost of next node: Cost = 285.0 : 351.32 | cr=9, dd=0, da=0, tlv=13, sm=66, rd=78.18, cd=0, um=0","Time elapsed: 75.56 seconds","/home/thomasverwaal/Robust-Rail-NL/mathematical-models/local_search_plans_discreet_120/plan_32_trains_32_units9.json"
"/home/thomasverwaal/Robust-Rail-NL/mathematical-models/scenarios_solver_types_120/scenario_solver_32_trains_32_units9.json","Cost of next node: Cost = 265.0 : 331.32 | cr=7, dd=0, da=0, tlv=13, sm=66, rd=80.00, cd=0, um=0","Time elapsed: 80.05 seconds","/home/thomasverwaal/Robust-Rail-NL/mathematical-models/local_search_plans_discreet_120/plan_32_trains_32_units9.json"
"/home/thomasverwaal/Robust-Rail-NL/mathematical-models/scenarios_solver_types_120/scenario_solver_32_trains_32_units9.json","Cost of next node: Cost = 255.0 : 321.32 | cr=6, dd=0, da=0, tlv=13, sm=66, rd=78.18, cd=0, um=0","Time elapsed: 81.47 seconds","/home/thomasverwaal/Robust-Rail-NL/mathematical-models/local_search_plans_discreet_120/plan_32_trains_32_units9.json"
"/home/thomasverwaal/Robust-Rail-NL/mathematical-models/scenarios_solver_types_120/scenario_solver_32_trains_32_units9.json","Cost of next node: Cost = 245.0 : 311.34 | cr=5, dd=0, da=0, tlv=13, sm=67, rd=78.81, cd=0, um=0","Time elapsed: 99.73 seconds","/home/thomasverwaal/Robust-Rail-NL/mathematical-models/local_search_plans_discreet_120/plan_32_trains_32_units9.json"
"/home/thomasverwaal/Robust-Rail-NL/mathematical-models/scenarios_solver_types_120/scenario_solver_32_trains_32_units9.json","NO_COST_FOUND","NO_TIME_FOUND","NO_PLAN_CREATED"
