scenario,cost_line,time_line,plan_file
"/home/thomasverwaal/Robust-Rail-NL/mathematical-models/scenarios_solver_types_120/scenario_solver_32_trains_32_units23.json","Cost of next node: Cost = 2,846.7 : 2,852.99 | cr=45, dd=32, da=28, tlv=1, sm=64, rd=204.38, cd=0, um=0","Time elapsed: 1.68 seconds","/home/thomasverwaal/Robust-Rail-NL/mathematical-models/local_search_plans_discreet_120/plan_32_trains_32_units23.json"
"/home/thomasverwaal/Robust-Rail-NL/mathematical-models/scenarios_solver_types_120/scenario_solver_32_trains_32_units23.json","Cost of next node: Cost = 2,822.2 : 2,833.48 | cr=43, dd=32, da=28, tlv=2, sm=64, rd=197.81, cd=0, um=0","Time elapsed: 1.78 seconds","/home/thomasverwaal/Robust-Rail-NL/mathematical-models/local_search_plans_discreet_120/plan_32_trains_32_units23.json"
"/home/thomasverwaal/Robust-Rail-NL/mathematical-models/scenarios_solver_types_120/scenario_solver_32_trains_32_units23.json","Cost of next node: Cost = 2,745.5 : 2,761.81 | cr=37, dd=32, da=26, tlv=3, sm=64, rd=196.88, cd=0, um=0","Time elapsed: 1.92 seconds","/home/thomasverwaal/Robust-Rail-NL/mathematical-models/local_search_plans_discreet_120/plan_32_trains_32_units23.json"
"/home/thomasverwaal/Robust-Rail-NL/mathematical-models/scenarios_solver_types_120/scenario_solver_32_trains_32_units23.json","Cost of next node: Cost = 2,723.9 : 2,745.14 | cr=43, dd=32, da=23, tlv=4, sm=64, rd=187.50, cd=0, um=0","Time elapsed: 2.07 seconds","/home/thomasverwaal/Robust-Rail-NL/mathematical-models/local_search_plans_discreet_120/plan_32_trains_32_units23.json"
"/home/thomasverwaal/Robust-Rail-NL/mathematical-models/scenarios_solver_types_120/scenario_solver_32_trains_32_units23.json","Cost of next node: Cost = 2,674.9 : 2,696.18 | cr=46, dd=32, da=19, tlv=4, sm=64, rd=191.25, cd=0, um=0","Time elapsed: 2.14 seconds","/home/thomasverwaal/Robust-Rail-NL/mathematical-models/local_search_plans_discreet_120/plan_32_trains_32_units23.json"
"/home/thomasverwaal/Robust-Rail-NL/mathematical-models/scenarios_solver_types_120/scenario_solver_32_trains_32_units23.json","Cost of next node: Cost = 2,648.4 : 2,674.73 | cr=42, dd=32, da=19, tlv=5, sm=64, rd=187.50, cd=0, um=0","Time elapsed: 2.19 seconds","/home/thomasverwaal/Robust-Rail-NL/mathematical-models/local_search_plans_discreet_120/plan_32_trains_32_units23.json"
"/home/thomasverwaal/Robust-Rail-NL/mathematical-models/scenarios_solver_types_120/scenario_solver_32_trains_32_units23.json","Cost of next node: Cost = 2,555.5 : 2,586.80 | cr=44, dd=32, da=14, tlv=6, sm=64, rd=181.88, cd=0, um=0","Time elapsed: 2.35 seconds","/home/thomasverwaal/Robust-Rail-NL/mathematical-models/local_search_plans_discreet_120/plan_32_trains_32_units23.json"
"/home/thomasverwaal/Robust-Rail-NL/mathematical-models/scenarios_solver_types_120/scenario_solver_32_trains_32_units23.json","Cost of next node: Cost = 2,519.1 : 2,550.39 | cr=44, dd=32, da=12, tlv=6, sm=64, rd=179.06, cd=0, um=0","Time elapsed: 2.52 seconds","/home/thomasverwaal/Robust-Rail-NL/mathematical-models/local_search_plans_discreet_120/plan_32_trains_32_units23.json"
"/home/thomasverwaal/Robust-Rail-NL/mathematical-models/scenarios_solver_types_120/scenario_solver_32_trains_32_units23.json","Cost of next node: Cost = 2,442.6 : 2,478.85 | cr=36, dd=32, da=12, tlv=7, sm=64, rd=173.44, cd=0, um=0","Time elapsed: 2.61 seconds","/home/thomasverwaal/Robust-Rail-NL/mathematical-models/local_search_plans_discreet_120/plan_32_trains_32_units23.json"
"/home/thomasverwaal/Robust-Rail-NL/mathematical-models/scenarios_solver_types_120/scenario_solver_32_trains_32_units23.json","Cost of next node: Cost = 2,415.9 : 2,452.18 | cr=34, dd=32, da=12, tlv=7, sm=64, rd=176.25, cd=0, um=0","Time elapsed: 2.80 seconds","/home/thomasverwaal/Robust-Rail-NL/mathematical-models/local_search_plans_discreet_120/plan_32_trains_32_units23.json"
"/home/thomasverwaal/Robust-Rail-NL/mathematical-models/scenarios_solver_types_120/scenario_solver_32_trains_32_units23.json","Cost of next node: Cost = 2,390.8 : 2,427.09 | cr=32, dd=32, da=12, tlv=7, sm=64, rd=172.50, cd=0, um=0","Time elapsed: 3.05 seconds","/home/thomasverwaal/Robust-Rail-NL/mathematical-models/local_search_plans_discreet_120/plan_32_trains_32_units23.json"
"/home/thomasverwaal/Robust-Rail-NL/mathematical-models/scenarios_solver_types_120/scenario_solver_32_trains_32_units23.json","Cost of next node: Cost = 2,356.3 : 2,397.63 | cr=31, dd=32, da=11, tlv=8, sm=64, rd=163.12, cd=0, um=0","Time elapsed: 3.22 seconds","/home/thomasverwaal/Robust-Rail-NL/mathematical-models/local_search_plans_discreet_120/plan_32_trains_32_units23.json"
"/home/thomasverwaal/Robust-Rail-NL/mathematical-models/scenarios_solver_types_120/scenario_solver_32_trains_32_units23.json","Cost of next node: Cost = 2,327.0 : 2,373.27 | cr=26, dd=32, da=11, tlv=9, sm=64, rd=163.12, cd=0, um=0","Time elapsed: 3.60 seconds","/home/thomasverwaal/Robust-Rail-NL/mathematical-models/local_search_plans_discreet_120/plan_32_trains_32_units23.json"
"/home/thomasverwaal/Robust-Rail-NL/mathematical-models/scenarios_solver_types_120/scenario_solver_32_trains_32_units23.json","Cost of next node: Cost = 2,305.4 : 2,356.70 | cr=21, dd=32, da=11, tlv=10, sm=64, rd=166.88, cd=0, um=0","Time elapsed: 4.02 seconds","/home/thomasverwaal/Robust-Rail-NL/mathematical-models/local_search_plans_discreet_120/plan_32_trains_32_units23.json"
"/home/thomasverwaal/Robust-Rail-NL/mathematical-models/scenarios_solver_types_120/scenario_solver_32_trains_32_units23.json","Cost of next node: Cost = 2,282.6 : 2,333.92 | cr=21, dd=32, da=10, tlv=10, sm=64, rd=165.94, cd=0, um=0","Time elapsed: 4.41 seconds","/home/thomasverwaal/Robust-Rail-NL/mathematical-models/local_search_plans_discreet_120/plan_32_trains_32_units23.json"
"/home/thomasverwaal/Robust-Rail-NL/mathematical-models/scenarios_solver_types_120/scenario_solver_32_trains_32_units23.json","Cost of next node: Cost = 2,255.3 : 2,306.59 | cr=21, dd=32, da=9, tlv=10, sm=64, rd=164.06, cd=0, um=0","Time elapsed: 4.59 seconds","/home/thomasverwaal/Robust-Rail-NL/mathematical-models/local_search_plans_discreet_120/plan_32_trains_32_units23.json"
"/home/thomasverwaal/Robust-Rail-NL/mathematical-models/scenarios_solver_types_120/scenario_solver_32_trains_32_units23.json","Cost of next node: Cost = 2,225.2 : 2,281.48 | cr=19, dd=32, da=8, tlv=11, sm=64, rd=160.31, cd=0, um=0","Time elapsed: 4.76 seconds","/home/thomasverwaal/Robust-Rail-NL/mathematical-models/local_search_plans_discreet_120/plan_32_trains_32_units23.json"
"/home/thomasverwaal/Robust-Rail-NL/mathematical-models/scenarios_solver_types_120/scenario_solver_32_trains_32_units23.json","Cost of next node: Cost = 2,182.0 : 2,243.27 | cr=18, dd=32, da=7, tlv=12, sm=64, rd=150.94, cd=0, um=0","Time elapsed: 4.97 seconds","/home/thomasverwaal/Robust-Rail-NL/mathematical-models/local_search_plans_discreet_120/plan_32_trains_32_units23.json"
"/home/thomasverwaal/Robust-Rail-NL/mathematical-models/scenarios_solver_types_120/scenario_solver_32_trains_32_units23.json","Cost of next node: Cost = 2,157.3 : 2,218.59 | cr=18, dd=32, da=6, tlv=12, sm=64, rd=147.19, cd=0, um=0","Time elapsed: 5.14 seconds","/home/thomasverwaal/Robust-Rail-NL/mathematical-models/local_search_plans_discreet_120/plan_32_trains_32_units23.json"
"/home/thomasverwaal/Robust-Rail-NL/mathematical-models/scenarios_solver_types_120/scenario_solver_32_trains_32_units23.json","Cost of next node: Cost = 2,125.3 : 2,186.57 | cr=18, dd=32, da=5, tlv=12, sm=64, rd=141.56, cd=0, um=0","Time elapsed: 5.38 seconds","/home/thomasverwaal/Robust-Rail-NL/mathematical-models/local_search_plans_discreet_120/plan_32_trains_32_units23.json"
"/home/thomasverwaal/Robust-Rail-NL/mathematical-models/scenarios_solver_types_120/scenario_solver_32_trains_32_units23.json","Cost of next node: Cost = 2,097.7 : 2,158.94 | cr=16, dd=32, da=5, tlv=12, sm=64, rd=135.94, cd=0, um=0","Time elapsed: 5.50 seconds","/home/thomasverwaal/Robust-Rail-NL/mathematical-models/local_search_plans_discreet_120/plan_32_trains_32_units23.json"
"/home/thomasverwaal/Robust-Rail-NL/mathematical-models/scenarios_solver_types_120/scenario_solver_32_trains_32_units23.json","Cost of next node: Cost = 2,044.8 : 2,111.13 | cr=13, dd=32, da=4, tlv=13, sm=64, rd=126.56, cd=0, um=0","Time elapsed: 5.77 seconds","/home/thomasverwaal/Robust-Rail-NL/mathematical-models/local_search_plans_discreet_120/plan_32_trains_32_units23.json"
"/home/thomasverwaal/Robust-Rail-NL/mathematical-models/scenarios_solver_types_120/scenario_solver_32_trains_32_units23.json","Cost of next node: Cost = 2,003.7 : 2,069.99 | cr=15, dd=31, da=4, tlv=13, sm=64, rd=115.31, cd=0, um=0","Time elapsed: 5.87 seconds","/home/thomasverwaal/Robust-Rail-NL/mathematical-models/local_search_plans_discreet_120/plan_32_trains_32_units23.json"
"/home/thomasverwaal/Robust-Rail-NL/mathematical-models/scenarios_solver_types_120/scenario_solver_32_trains_32_units23.json","Cost of next node: Cost = 1,919.9 : 1,986.17 | cr=15, dd=27, da=10, tlv=13, sm=64, rd=113.44, cd=0, um=0","Time elapsed: 6.04 seconds","/home/thomasverwaal/Robust-Rail-NL/mathematical-models/local_search_plans_discreet_120/plan_32_trains_32_units23.json"
"/home/thomasverwaal/Robust-Rail-NL/mathematical-models/scenarios_solver_types_120/scenario_solver_32_trains_32_units23.json","Cost of next node: Cost = 1,809.7 : 1,875.98 | cr=14, dd=25, da=10, tlv=13, sm=64, rd=111.56, cd=0, um=0","Time elapsed: 6.13 seconds","/home/thomasverwaal/Robust-Rail-NL/mathematical-models/local_search_plans_discreet_120/plan_32_trains_32_units23.json"
"/home/thomasverwaal/Robust-Rail-NL/mathematical-models/scenarios_solver_types_120/scenario_solver_32_trains_32_units23.json","Cost of next node: Cost = 1,776.3 : 1,847.58 | cr=15, dd=25, da=7, tlv=14, sm=64, rd=109.69, cd=0, um=0","Time elapsed: 6.33 seconds","/home/thomasverwaal/Robust-Rail-NL/mathematical-models/local_search_plans_discreet_120/plan_32_trains_32_units23.json"
"/home/thomasverwaal/Robust-Rail-NL/mathematical-models/scenarios_solver_types_120/scenario_solver_32_trains_32_units23.json","Cost of next node: Cost = 1,739.0 : 1,815.33 | cr=13, dd=22, da=13, tlv=15, sm=64, rd=112.50, cd=0, um=0","Time elapsed: 6.51 seconds","/home/thomasverwaal/Robust-Rail-NL/mathematical-models/local_search_plans_discreet_120/plan_32_trains_32_units23.json"
"/home/thomasverwaal/Robust-Rail-NL/mathematical-models/scenarios_solver_types_120/scenario_solver_32_trains_32_units23.json","Cost of next node: Cost = 1,644.0 : 1,715.26 | cr=17, dd=22, da=7, tlv=14, sm=64, rd=105.94, cd=0, um=0","Time elapsed: 6.70 seconds","/home/thomasverwaal/Robust-Rail-NL/mathematical-models/local_search_plans_discreet_120/plan_32_trains_32_units23.json"
"/home/thomasverwaal/Robust-Rail-NL/mathematical-models/scenarios_solver_types_120/scenario_solver_32_trains_32_units23.json","Cost of next node: Cost = 1,619.6 : 1,695.92 | cr=18, dd=21, da=7, tlv=15, sm=64, rd=104.06, cd=0, um=0","Time elapsed: 6.95 seconds","/home/thomasverwaal/Robust-Rail-NL/mathematical-models/local_search_plans_discreet_120/plan_32_trains_32_units23.json"
"/home/thomasverwaal/Robust-Rail-NL/mathematical-models/scenarios_solver_types_120/scenario_solver_32_trains_32_units23.json","Cost of next node: Cost = 1,594.6 : 1,665.92 | cr=17, dd=21, da=7, tlv=14, sm=64, rd=104.06, cd=0, um=0","Time elapsed: 7.07 seconds","/home/thomasverwaal/Robust-Rail-NL/mathematical-models/local_search_plans_discreet_120/plan_32_trains_32_units23.json"
"/home/thomasverwaal/Robust-Rail-NL/mathematical-models/scenarios_solver_types_120/scenario_solver_32_trains_32_units23.json","Cost of next node: Cost = 1,551.1 : 1,627.42 | cr=18, dd=20, da=6, tlv=15, sm=64, rd=100.31, cd=0, um=0","Time elapsed: 7.22 seconds","/home/thomasverwaal/Robust-Rail-NL/mathematical-models/local_search_plans_discreet_120/plan_32_trains_32_units23.json"
"/home/thomasverwaal/Robust-Rail-NL/mathematical-models/scenarios_solver_types_120/scenario_solver_32_trains_32_units23.json","Cost of next node: Cost = 1,526.9 : 1,608.22 | cr=19, dd=19, da=6, tlv=16, sm=64, rd=98.44, cd=0, um=0","Time elapsed: 7.49 seconds","/home/thomasverwaal/Robust-Rail-NL/mathematical-models/local_search_plans_discreet_120/plan_32_trains_32_units23.json"
"/home/thomasverwaal/Robust-Rail-NL/mathematical-models/scenarios_solver_types_120/scenario_solver_32_trains_32_units23.json","Cost of next node: Cost = 1,285.7 : 1,371.96 | cr=21, dd=14, da=5, tlv=17, sm=64, rd=90.94, cd=0, um=0","Time elapsed: 7.71 seconds","/home/thomasverwaal/Robust-Rail-NL/mathematical-models/local_search_plans_discreet_120/plan_32_trains_32_units23.json"
"/home/thomasverwaal/Robust-Rail-NL/mathematical-models/scenarios_solver_types_120/scenario_solver_32_trains_32_units23.json","Cost of next node: Cost = 1,260.7 : 1,341.96 | cr=20, dd=14, da=5, tlv=16, sm=64, rd=92.81, cd=0, um=0","Time elapsed: 8.02 seconds","/home/thomasverwaal/Robust-Rail-NL/mathematical-models/local_search_plans_discreet_120/plan_32_trains_32_units23.json"
"/home/thomasverwaal/Robust-Rail-NL/mathematical-models/scenarios_solver_types_120/scenario_solver_32_trains_32_units23.json","Cost of next node: Cost = 773.5 : 859.82 | cr=18, dd=5, da=4, tlv=17, sm=64, rd=81.56, cd=0, um=0","Time elapsed: 8.25 seconds","/home/thomasverwaal/Robust-Rail-NL/mathematical-models/local_search_plans_discreet_120/plan_32_trains_32_units23.json"
"/home/thomasverwaal/Robust-Rail-NL/mathematical-models/scenarios_solver_types_120/scenario_solver_32_trains_32_units23.json","Cost of next node: Cost = 495.4 : 586.68 | cr=16, dd=0, da=3, tlv=18, sm=64, rd=75.94, cd=0, um=0","Time elapsed: 8.46 seconds","/home/thomasverwaal/Robust-Rail-NL/mathematical-models/local_search_plans_discreet_120/plan_32_trains_32_units23.json"
"/home/thomasverwaal/Robust-Rail-NL/mathematical-models/scenarios_solver_types_120/scenario_solver_32_trains_32_units23.json","Cost of next node: Cost = 475.4 : 566.70 | cr=14, dd=0, da=3, tlv=18, sm=65, rd=78.46, cd=0, um=0","Time elapsed: 13.13 seconds","/home/thomasverwaal/Robust-Rail-NL/mathematical-models/local_search_plans_discreet_120/plan_32_trains_32_units23.json"
"/home/thomasverwaal/Robust-Rail-NL/mathematical-models/scenarios_solver_types_120/scenario_solver_32_trains_32_units23.json","Cost of next node: Cost = 450.4 : 536.68 | cr=13, dd=0, da=3, tlv=17, sm=64, rd=77.81, cd=0, um=0","Time elapsed: 13.54 seconds","/home/thomasverwaal/Robust-Rail-NL/mathematical-models/local_search_plans_discreet_120/plan_32_trains_32_units23.json"
"/home/thomasverwaal/Robust-Rail-NL/mathematical-models/scenarios_solver_types_120/scenario_solver_32_trains_32_units23.json","Cost of next node: Cost = 430.4 : 516.70 | cr=11, dd=0, da=3, tlv=17, sm=65, rd=78.46, cd=0, um=0","Time elapsed: 17.39 seconds","/home/thomasverwaal/Robust-Rail-NL/mathematical-models/local_search_plans_discreet_120/plan_32_trains_32_units23.json"
"/home/thomasverwaal/Robust-Rail-NL/mathematical-models/scenarios_solver_types_120/scenario_solver_32_trains_32_units23.json","Cost of next node: Cost = 375.0 : 461.30 | cr=12, dd=0, da=0, tlv=17, sm=65, rd=72.00, cd=0, um=0","Time elapsed: 17.50 seconds","/home/thomasverwaal/Robust-Rail-NL/mathematical-models/local_search_plans_discreet_120/plan_32_trains_32_units23.json"
"/home/thomasverwaal/Robust-Rail-NL/mathematical-models/scenarios_solver_types_120/scenario_solver_32_trains_32_units23.json","Cost of next node: Cost = 360.0 : 441.30 | cr=12, dd=0, da=0, tlv=16, sm=65, rd=73.85, cd=0, um=0","Time elapsed: 21.71 seconds","/home/thomasverwaal/Robust-Rail-NL/mathematical-models/local_search_plans_discreet_120/plan_32_trains_32_units23.json"
"/home/thomasverwaal/Robust-Rail-NL/mathematical-models/scenarios_solver_types_120/scenario_solver_32_trains_32_units23.json","Cost of next node: Cost = 345.0 : 421.30 | cr=12, dd=0, da=0, tlv=15, sm=65, rd=75.69, cd=0, um=0","Time elapsed: 25.17 seconds","/home/thomasverwaal/Robust-Rail-NL/mathematical-models/local_search_plans_discreet_120/plan_32_trains_32_units23.json"
"/home/thomasverwaal/Robust-Rail-NL/mathematical-models/scenarios_solver_types_120/scenario_solver_32_trains_32_units23.json","Cost of next node: Cost = 330.0 : 401.30 | cr=12, dd=0, da=0, tlv=14, sm=65, rd=77.54, cd=0, um=0","Time elapsed: 28.83 seconds","/home/thomasverwaal/Robust-Rail-NL/mathematical-models/local_search_plans_discreet_120/plan_32_trains_32_units23.json"
"/home/thomasverwaal/Robust-Rail-NL/mathematical-models/scenarios_solver_types_120/scenario_solver_32_trains_32_units23.json","Cost of next node: Cost = 320.0 : 391.30 | cr=11, dd=0, da=0, tlv=14, sm=65, rd=77.54, cd=0, um=0","Time elapsed: 32.37 seconds","/home/thomasverwaal/Robust-Rail-NL/mathematical-models/local_search_plans_discreet_120/plan_32_trains_32_units23.json"
"/home/thomasverwaal/Robust-Rail-NL/mathematical-models/scenarios_solver_types_120/scenario_solver_32_trains_32_units23.json","Cost of next node: Cost = 310.0 : 381.30 | cr=10, dd=0, da=0, tlv=14, sm=65, rd=79.38, cd=0, um=0","Time elapsed: 35.12 seconds","/home/thomasverwaal/Robust-Rail-NL/mathematical-models/local_search_plans_discreet_120/plan_32_trains_32_units23.json"
"/home/thomasverwaal/Robust-Rail-NL/mathematical-models/scenarios_solver_types_120/scenario_solver_32_trains_32_units23.json","Cost of next node: Cost = 300.0 : 371.30 | cr=9, dd=0, da=0, tlv=14, sm=65, rd=79.38, cd=0, um=0","Time elapsed: 37.78 seconds","/home/thomasverwaal/Robust-Rail-NL/mathematical-models/local_search_plans_discreet_120/plan_32_trains_32_units23.json"
"/home/thomasverwaal/Robust-Rail-NL/mathematical-models/scenarios_solver_types_120/scenario_solver_32_trains_32_units23.json","Cost of next node: Cost = 290.0 : 361.30 | cr=8, dd=0, da=0, tlv=14, sm=65, rd=79.38, cd=0, um=0","Time elapsed: 40.10 seconds","/home/thomasverwaal/Robust-Rail-NL/mathematical-models/local_search_plans_discreet_120/plan_32_trains_32_units23.json"
"/home/thomasverwaal/Robust-Rail-NL/mathematical-models/scenarios_solver_types_120/scenario_solver_32_trains_32_units23.json","Cost of next node: Cost = 280.0 : 351.30 | cr=7, dd=0, da=0, tlv=14, sm=65, rd=79.38, cd=0, um=0","Time elapsed: 42.30 seconds","/home/thomasverwaal/Robust-Rail-NL/mathematical-models/local_search_plans_discreet_120/plan_32_trains_32_units23.json"
"/home/thomasverwaal/Robust-Rail-NL/mathematical-models/scenarios_solver_types_120/scenario_solver_32_trains_32_units23.json","Cost of next node: Cost = 270.0 : 341.30 | cr=6, dd=0, da=0, tlv=14, sm=65, rd=79.38, cd=0, um=0","Time elapsed: 44.05 seconds","/home/thomasverwaal/Robust-Rail-NL/mathematical-models/local_search_plans_discreet_120/plan_32_trains_32_units23.json"
"/home/thomasverwaal/Robust-Rail-NL/mathematical-models/scenarios_solver_types_120/scenario_solver_32_trains_32_units23.json","Cost of next node: Cost = 260.0 : 331.30 | cr=5, dd=0, da=0, tlv=14, sm=65, rd=79.38, cd=0, um=0","Time elapsed: 45.52 seconds","/home/thomasverwaal/Robust-Rail-NL/mathematical-models/local_search_plans_discreet_120/plan_32_trains_32_units23.json"
"/home/thomasverwaal/Robust-Rail-NL/mathematical-models/scenarios_solver_types_120/scenario_solver_32_trains_32_units23.json","Cost of next node: Cost = 250.0 : 321.28 | cr=4, dd=0, da=0, tlv=14, sm=64, rd=78.75, cd=0, um=0","Time elapsed: 159.58 seconds","/home/thomasverwaal/Robust-Rail-NL/mathematical-models/local_search_plans_discreet_120/plan_32_trains_32_units23.json"
"/home/thomasverwaal/Robust-Rail-NL/mathematical-models/scenarios_solver_types_120/scenario_solver_32_trains_32_units23.json","NO_COST_FOUND","NO_TIME_FOUND","NO_PLAN_CREATED"
"/home/thomasverwaal/Robust-Rail-NL/mathematical-models/scenarios_solver_types_120/scenario_solver_32_trains_32_units24.json","Cost of next node: Cost = 2,847.8 : 2,854.07 | cr=50, dd=32, da=28, tlv=1, sm=64, rd=180.94, cd=0, um=0","Time elapsed: 1.67 seconds","/home/thomasverwaal/Robust-Rail-NL/mathematical-models/local_search_plans_discreet_120/plan_32_trains_32_units24.json"
"/home/thomasverwaal/Robust-Rail-NL/mathematical-models/scenarios_solver_types_120/scenario_solver_32_trains_32_units24.json","Cost of next node: Cost = 2,825.2 : 2,836.48 | cr=48, dd=32, da=28, tlv=2, sm=64, rd=177.19, cd=0, um=0","Time elapsed: 1.82 seconds","/home/thomasverwaal/Robust-Rail-NL/mathematical-models/local_search_plans_discreet_120/plan_32_trains_32_units24.json"
"/home/thomasverwaal/Robust-Rail-NL/mathematical-models/scenarios_solver_types_120/scenario_solver_32_trains_32_units24.json","Cost of next node: Cost = 2,762.5 : 2,778.77 | cr=41, dd=32, da=27, tlv=3, sm=64, rd=179.06, cd=0, um=0","Time elapsed: 1.95 seconds","/home/thomasverwaal/Robust-Rail-NL/mathematical-models/local_search_plans_discreet_120/plan_32_trains_32_units24.json"
"/home/thomasverwaal/Robust-Rail-NL/mathematical-models/scenarios_solver_types_120/scenario_solver_32_trains_32_units24.json","Cost of next node: Cost = 2,738.3 : 2,754.57 | cr=41, dd=32, da=26, tlv=3, sm=64, rd=178.12, cd=0, um=0","Time elapsed: 2.06 seconds","/home/thomasverwaal/Robust-Rail-NL/mathematical-models/local_search_plans_discreet_120/plan_32_trains_32_units24.json"
"/home/thomasverwaal/Robust-Rail-NL/mathematical-models/scenarios_solver_types_120/scenario_solver_32_trains_32_units24.json","Cost of next node: Cost = 2,714.4 : 2,735.72 | cr=41, dd=32, da=24, tlv=4, sm=64, rd=176.25, cd=0, um=0","Time elapsed: 2.21 seconds","/home/thomasverwaal/Robust-Rail-NL/mathematical-models/local_search_plans_discreet_120/plan_32_trains_32_units24.json"
"/home/thomasverwaal/Robust-Rail-NL/mathematical-models/scenarios_solver_types_120/scenario_solver_32_trains_32_units24.json","Cost of next node: Cost = 2,661.5 : 2,687.75 | cr=35, dd=32, da=24, tlv=5, sm=64, rd=174.38, cd=0, um=0","Time elapsed: 2.29 seconds","/home/thomasverwaal/Robust-Rail-NL/mathematical-models/local_search_plans_discreet_120/plan_32_trains_32_units24.json"
"/home/thomasverwaal/Robust-Rail-NL/mathematical-models/scenarios_solver_types_120/scenario_solver_32_trains_32_units24.json","Cost of next node: Cost = 2,636.7 : 2,662.95 | cr=38, dd=32, da=23, tlv=5, sm=64, rd=166.88, cd=0, um=0","Time elapsed: 2.41 seconds","/home/thomasverwaal/Robust-Rail-NL/mathematical-models/local_search_plans_discreet_120/plan_32_trains_32_units24.json"
"/home/thomasverwaal/Robust-Rail-NL/mathematical-models/scenarios_solver_types_120/scenario_solver_32_trains_32_units24.json","Cost of next node: Cost = 2,597.2 : 2,628.46 | cr=33, dd=32, da=23, tlv=6, sm=64, rd=165.94, cd=0, um=0","Time elapsed: 2.54 seconds","/home/thomasverwaal/Robust-Rail-NL/mathematical-models/local_search_plans_discreet_120/plan_32_trains_32_units24.json"
"/home/thomasverwaal/Robust-Rail-NL/mathematical-models/scenarios_solver_types_120/scenario_solver_32_trains_32_units24.json","Cost of next node: Cost = 2,537.9 : 2,574.18 | cr=32, dd=32, da=20, tlv=7, sm=64, rd=160.31, cd=0, um=0","Time elapsed: 2.64 seconds","/home/thomasverwaal/Robust-Rail-NL/mathematical-models/local_search_plans_discreet_120/plan_32_trains_32_units24.json"
"/home/thomasverwaal/Robust-Rail-NL/mathematical-models/scenarios_solver_types_120/scenario_solver_32_trains_32_units24.json","Cost of next node: Cost = 2,509.9 : 2,541.21 | cr=39, dd=32, da=16, tlv=6, sm=64, rd=155.62, cd=0, um=0","Time elapsed: 2.72 seconds","/home/thomasverwaal/Robust-Rail-NL/mathematical-models/local_search_plans_discreet_120/plan_32_trains_32_units24.json"
"/home/thomasverwaal/Robust-Rail-NL/mathematical-models/scenarios_solver_types_120/scenario_solver_32_trains_32_units24.json","Cost of next node: Cost = 2,459.1 : 2,495.33 | cr=40, dd=32, da=13, tlv=7, sm=64, rd=146.25, cd=0, um=0","Time elapsed: 2.79 seconds","/home/thomasverwaal/Robust-Rail-NL/mathematical-models/local_search_plans_discreet_120/plan_32_trains_32_units24.json"
"/home/thomasverwaal/Robust-Rail-NL/mathematical-models/scenarios_solver_types_120/scenario_solver_32_trains_32_units24.json","Cost of next node: Cost = 2,437.5 : 2,473.79 | cr=38, dd=32, da=13, tlv=7, sm=64, rd=145.31, cd=0, um=0","Time elapsed: 3.00 seconds","/home/thomasverwaal/Robust-Rail-NL/mathematical-models/local_search_plans_discreet_120/plan_32_trains_32_units24.json"
"/home/thomasverwaal/Robust-Rail-NL/mathematical-models/scenarios_solver_types_120/scenario_solver_32_trains_32_units24.json","Cost of next node: Cost = 2,416.7 : 2,453.01 | cr=38, dd=32, da=12, tlv=7, sm=64, rd=143.44, cd=0, um=0","Time elapsed: 3.17 seconds","/home/thomasverwaal/Robust-Rail-NL/mathematical-models/local_search_plans_discreet_120/plan_32_trains_32_units24.json"
"/home/thomasverwaal/Robust-Rail-NL/mathematical-models/scenarios_solver_types_120/scenario_solver_32_trains_32_units24.json","Cost of next node: Cost = 2,391.8 : 2,433.10 | cr=34, dd=32, da=12, tlv=8, sm=64, rd=142.50, cd=0, um=0","Time elapsed: 3.58 seconds","/home/thomasverwaal/Robust-Rail-NL/mathematical-models/local_search_plans_discreet_120/plan_32_trains_32_units24.json"
"/home/thomasverwaal/Robust-Rail-NL/mathematical-models/scenarios_solver_types_120/scenario_solver_32_trains_32_units24.json","Cost of next node: Cost = 2,336.4 : 2,382.68 | cr=26, dd=32, da=12, tlv=9, sm=64, rd=144.38, cd=0, um=0","Time elapsed: 3.98 seconds","/home/thomasverwaal/Robust-Rail-NL/mathematical-models/local_search_plans_discreet_120/plan_32_trains_32_units24.json"
"/home/thomasverwaal/Robust-Rail-NL/mathematical-models/scenarios_solver_types_120/scenario_solver_32_trains_32_units24.json","Cost of next node: Cost = 2,281.8 : 2,328.10 | cr=23, dd=32, da=11, tlv=9, sm=64, rd=140.62, cd=0, um=0","Time elapsed: 4.35 seconds","/home/thomasverwaal/Robust-Rail-NL/mathematical-models/local_search_plans_discreet_120/plan_32_trains_32_units24.json"
"/home/thomasverwaal/Robust-Rail-NL/mathematical-models/scenarios_solver_types_120/scenario_solver_32_trains_32_units24.json","Cost of next node: Cost = 2,257.4 : 2,308.67 | cr=21, dd=32, da=11, tlv=10, sm=64, rd=135.00, cd=0, um=0","Time elapsed: 4.89 seconds","/home/thomasverwaal/Robust-Rail-NL/mathematical-models/local_search_plans_discreet_120/plan_32_trains_32_units24.json"
"/home/thomasverwaal/Robust-Rail-NL/mathematical-models/scenarios_solver_types_120/scenario_solver_32_trains_32_units24.json","Cost of next node: Cost = 2,236.3 : 2,287.57 | cr=21, dd=32, da=10, tlv=10, sm=64, rd=136.88, cd=0, um=0","Time elapsed: 5.01 seconds","/home/thomasverwaal/Robust-Rail-NL/mathematical-models/local_search_plans_discreet_120/plan_32_trains_32_units24.json"
"/home/thomasverwaal/Robust-Rail-NL/mathematical-models/scenarios_solver_types_120/scenario_solver_32_trains_32_units24.json","Cost of next node: Cost = 2,214.3 : 2,270.56 | cr=21, dd=32, da=9, tlv=11, sm=64, rd=135.00, cd=0, um=0","Time elapsed: 5.53 seconds","/home/thomasverwaal/Robust-Rail-NL/mathematical-models/local_search_plans_discreet_120/plan_32_trains_32_units24.json"
"/home/thomasverwaal/Robust-Rail-NL/mathematical-models/scenarios_solver_types_120/scenario_solver_32_trains_32_units24.json","Cost of next node: Cost = 2,190.9 : 2,247.19 | cr=23, dd=32, da=7, tlv=11, sm=64, rd=131.25, cd=0, um=0","Time elapsed: 6.10 seconds","/home/thomasverwaal/Robust-Rail-NL/mathematical-models/local_search_plans_discreet_120/plan_32_trains_32_units24.json"
"/home/thomasverwaal/Robust-Rail-NL/mathematical-models/scenarios_solver_types_120/scenario_solver_32_trains_32_units24.json","Cost of next node: Cost = 2,170.4 : 2,231.67 | cr=21, dd=32, da=6, tlv=12, sm=64, rd=135.00, cd=0, um=0","Time elapsed: 6.36 seconds","/home/thomasverwaal/Robust-Rail-NL/mathematical-models/local_search_plans_discreet_120/plan_32_trains_32_units24.json"
"/home/thomasverwaal/Robust-Rail-NL/mathematical-models/scenarios_solver_types_120/scenario_solver_32_trains_32_units24.json","Cost of next node: Cost = 2,112.9 : 2,179.18 | cr=18, dd=32, da=5, tlv=13, sm=64, rd=125.62, cd=0, um=0","Time elapsed: 6.93 seconds","/home/thomasverwaal/Robust-Rail-NL/mathematical-models/local_search_plans_discreet_120/plan_32_trains_32_units24.json"
"/home/thomasverwaal/Robust-Rail-NL/mathematical-models/scenarios_solver_types_120/scenario_solver_32_trains_32_units24.json","Cost of next node: Cost = 1,942.0 : 2,013.26 | cr=13, dd=30, da=4, tlv=14, sm=64, rd=118.12, cd=0, um=0","Time elapsed: 7.45 seconds","/home/thomasverwaal/Robust-Rail-NL/mathematical-models/local_search_plans_discreet_120/plan_32_trains_32_units24.json"
"/home/thomasverwaal/Robust-Rail-NL/mathematical-models/scenarios_solver_types_120/scenario_solver_32_trains_32_units24.json","Cost of next node: Cost = 1,897.7 : 1,969.02 | cr=14, dd=29, da=4, tlv=14, sm=64, rd=112.50, cd=0, um=0","Time elapsed: 7.59 seconds","/home/thomasverwaal/Robust-Rail-NL/mathematical-models/local_search_plans_discreet_120/plan_32_trains_32_units24.json"
"/home/thomasverwaal/Robust-Rail-NL/mathematical-models/scenarios_solver_types_120/scenario_solver_32_trains_32_units24.json","Cost of next node: Cost = 1,868.0 : 1,939.31 | cr=13, dd=27, da=8, tlv=14, sm=64, rd=118.12, cd=0, um=0","Time elapsed: 7.76 seconds","/home/thomasverwaal/Robust-Rail-NL/mathematical-models/local_search_plans_discreet_120/plan_32_trains_32_units24.json"
"/home/thomasverwaal/Robust-Rail-NL/mathematical-models/scenarios_solver_types_120/scenario_solver_32_trains_32_units24.json","Cost of next node: Cost = 1,841.8 : 1,908.08 | cr=16, dd=27, da=6, tlv=13, sm=64, rd=112.50, cd=0, um=0","Time elapsed: 7.86 seconds","/home/thomasverwaal/Robust-Rail-NL/mathematical-models/local_search_plans_discreet_120/plan_32_trains_32_units24.json"
"/home/thomasverwaal/Robust-Rail-NL/mathematical-models/scenarios_solver_types_120/scenario_solver_32_trains_32_units24.json","Cost of next node: Cost = 1,783.3 : 1,849.56 | cr=16, dd=27, da=3, tlv=13, sm=64, rd=110.62, cd=0, um=0","Time elapsed: 8.03 seconds","/home/thomasverwaal/Robust-Rail-NL/mathematical-models/local_search_plans_discreet_120/plan_32_trains_32_units24.json"
"/home/thomasverwaal/Robust-Rail-NL/mathematical-models/scenarios_solver_types_120/scenario_solver_32_trains_32_units24.json","Cost of next node: Cost = 1,741.6 : 1,807.92 | cr=17, dd=24, da=8, tlv=13, sm=64, rd=110.62, cd=0, um=0","Time elapsed: 8.11 seconds","/home/thomasverwaal/Robust-Rail-NL/mathematical-models/local_search_plans_discreet_120/plan_32_trains_32_units24.json"
"/home/thomasverwaal/Robust-Rail-NL/mathematical-models/scenarios_solver_types_120/scenario_solver_32_trains_32_units24.json","Cost of next node: Cost = 1,716.6 : 1,787.88 | cr=18, dd=23, da=8, tlv=14, sm=64, rd=110.62, cd=0, um=0","Time elapsed: 8.32 seconds","/home/thomasverwaal/Robust-Rail-NL/mathematical-models/local_search_plans_discreet_120/plan_32_trains_32_units24.json"
"/home/thomasverwaal/Robust-Rail-NL/mathematical-models/scenarios_solver_types_120/scenario_solver_32_trains_32_units24.json","Cost of next node: Cost = 1,659.2 : 1,735.49 | cr=16, dd=22, da=8, tlv=15, sm=64, rd=106.88, cd=0, um=0","Time elapsed: 8.54 seconds","/home/thomasverwaal/Robust-Rail-NL/mathematical-models/local_search_plans_discreet_120/plan_32_trains_32_units24.json"
"/home/thomasverwaal/Robust-Rail-NL/mathematical-models/scenarios_solver_types_120/scenario_solver_32_trains_32_units24.json","Cost of next node: Cost = 1,634.2 : 1,715.47 | cr=17, dd=21, da=8, tlv=16, sm=64, rd=105.00, cd=0, um=0","Time elapsed: 8.70 seconds","/home/thomasverwaal/Robust-Rail-NL/mathematical-models/local_search_plans_discreet_120/plan_32_trains_32_units24.json"
"/home/thomasverwaal/Robust-Rail-NL/mathematical-models/scenarios_solver_types_120/scenario_solver_32_trains_32_units24.json","Cost of next node: Cost = 1,549.8 : 1,636.03 | cr=17, dd=19, da=8, tlv=17, sm=64, rd=103.12, cd=0, um=0","Time elapsed: 8.88 seconds","/home/thomasverwaal/Robust-Rail-NL/mathematical-models/local_search_plans_discreet_120/plan_32_trains_32_units24.json"
"/home/thomasverwaal/Robust-Rail-NL/mathematical-models/scenarios_solver_types_120/scenario_solver_32_trains_32_units24.json","Cost of next node: Cost = 1,474.9 : 1,566.21 | cr=18, dd=17, da=8, tlv=18, sm=64, rd=101.25, cd=0, um=0","Time elapsed: 9.13 seconds","/home/thomasverwaal/Robust-Rail-NL/mathematical-models/local_search_plans_discreet_120/plan_32_trains_32_units24.json"
"/home/thomasverwaal/Robust-Rail-NL/mathematical-models/scenarios_solver_types_120/scenario_solver_32_trains_32_units24.json","Cost of next node: Cost = 1,344.4 : 1,435.66 | cr=18, dd=14, da=9, tlv=18, sm=64, rd=103.12, cd=0, um=0","Time elapsed: 9.38 seconds","/home/thomasverwaal/Robust-Rail-NL/mathematical-models/local_search_plans_discreet_120/plan_32_trains_32_units24.json"
"/home/thomasverwaal/Robust-Rail-NL/mathematical-models/scenarios_solver_types_120/scenario_solver_32_trains_32_units24.json","Cost of next node: Cost = 1,294.2 : 1,385.43 | cr=18, dd=13, da=9, tlv=18, sm=64, rd=101.25, cd=0, um=0","Time elapsed: 9.48 seconds","/home/thomasverwaal/Robust-Rail-NL/mathematical-models/local_search_plans_discreet_120/plan_32_trains_32_units24.json"
"/home/thomasverwaal/Robust-Rail-NL/mathematical-models/scenarios_solver_types_120/scenario_solver_32_trains_32_units24.json","Cost of next node: Cost = 1,230.0 : 1,326.28 | cr=17, dd=12, da=8, tlv=19, sm=64, rd=97.50, cd=0, um=0","Time elapsed: 9.66 seconds","/home/thomasverwaal/Robust-Rail-NL/mathematical-models/local_search_plans_discreet_120/plan_32_trains_32_units24.json"
"/home/thomasverwaal/Robust-Rail-NL/mathematical-models/scenarios_solver_types_120/scenario_solver_32_trains_32_units24.json","Cost of next node: Cost = 1,200.0 : 1,296.28 | cr=14, dd=12, da=8, tlv=19, sm=64, rd=99.38, cd=0, um=0","Time elapsed: 9.94 seconds","/home/thomasverwaal/Robust-Rail-NL/mathematical-models/local_search_plans_discreet_120/plan_32_trains_32_units24.json"
"/home/thomasverwaal/Robust-Rail-NL/mathematical-models/scenarios_solver_types_120/scenario_solver_32_trains_32_units24.json","Cost of next node: Cost = 1,179.6 : 1,275.91 | cr=14, dd=12, da=7, tlv=19, sm=64, rd=101.25, cd=0, um=0","Time elapsed: 10.05 seconds","/home/thomasverwaal/Robust-Rail-NL/mathematical-models/local_search_plans_discreet_120/plan_32_trains_32_units24.json"
"/home/thomasverwaal/Robust-Rail-NL/mathematical-models/scenarios_solver_types_120/scenario_solver_32_trains_32_units24.json","Cost of next node: Cost = 1,154.6 : 1,245.91 | cr=13, dd=12, da=7, tlv=18, sm=64, rd=101.25, cd=0, um=0","Time elapsed: 10.36 seconds","/home/thomasverwaal/Robust-Rail-NL/mathematical-models/local_search_plans_discreet_120/plan_32_trains_32_units24.json"
"/home/thomasverwaal/Robust-Rail-NL/mathematical-models/scenarios_solver_types_120/scenario_solver_32_trains_32_units24.json","Cost of next node: Cost = 1,129.6 : 1,215.91 | cr=12, dd=12, da=7, tlv=17, sm=64, rd=101.25, cd=0, um=0","Time elapsed: 10.65 seconds","/home/thomasverwaal/Robust-Rail-NL/mathematical-models/local_search_plans_discreet_120/plan_32_trains_32_units24.json"
"/home/thomasverwaal/Robust-Rail-NL/mathematical-models/scenarios_solver_types_120/scenario_solver_32_trains_32_units24.json","Cost of next node: Cost = 707.5 : 798.74 | cr=11, dd=4, da=6, tlv=18, sm=64, rd=90.00, cd=0, um=0","Time elapsed: 10.87 seconds","/home/thomasverwaal/Robust-Rail-NL/mathematical-models/local_search_plans_discreet_120/plan_32_trains_32_units24.json"
"/home/thomasverwaal/Robust-Rail-NL/mathematical-models/scenarios_solver_types_120/scenario_solver_32_trains_32_units24.json","Cost of next node: Cost = 538.9 : 635.18 | cr=15, dd=0, da=5, tlv=19, sm=64, rd=84.38, cd=0, um=0","Time elapsed: 11.08 seconds","/home/thomasverwaal/Robust-Rail-NL/mathematical-models/local_search_plans_discreet_120/plan_32_trains_32_units24.json"
"/home/thomasverwaal/Robust-Rail-NL/mathematical-models/scenarios_solver_types_120/scenario_solver_32_trains_32_units24.json","Cost of next node: Cost = 513.9 : 605.18 | cr=14, dd=0, da=5, tlv=18, sm=64, rd=84.38, cd=0, um=0","Time elapsed: 11.43 seconds","/home/thomasverwaal/Robust-Rail-NL/mathematical-models/local_search_plans_discreet_120/plan_32_trains_32_units24.json"
"/home/thomasverwaal/Robust-Rail-NL/mathematical-models/scenarios_solver_types_120/scenario_solver_32_trains_32_units24.json","Cost of next node: Cost = 453.0 : 544.30 | cr=14, dd=0, da=2, tlv=18, sm=65, rd=80.31, cd=0, um=0","Time elapsed: 11.68 seconds","/home/thomasverwaal/Robust-Rail-NL/mathematical-models/local_search_plans_discreet_120/plan_32_trains_32_units24.json"
"/home/thomasverwaal/Robust-Rail-NL/mathematical-models/scenarios_solver_types_120/scenario_solver_32_trains_32_units24.json","Cost of next node: Cost = 428.0 : 514.30 | cr=13, dd=0, da=2, tlv=17, sm=65, rd=82.15, cd=0, um=0","Time elapsed: 11.84 seconds","/home/thomasverwaal/Robust-Rail-NL/mathematical-models/local_search_plans_discreet_120/plan_32_trains_32_units24.json"
"/home/thomasverwaal/Robust-Rail-NL/mathematical-models/scenarios_solver_types_120/scenario_solver_32_trains_32_units24.json","Cost of next node: Cost = 407.7 : 494.00 | cr=13, dd=0, da=1, tlv=17, sm=65, rd=82.15, cd=0, um=0","Time elapsed: 12.18 seconds","/home/thomasverwaal/Robust-Rail-NL/mathematical-models/local_search_plans_discreet_120/plan_32_trains_32_units24.json"
"/home/thomasverwaal/Robust-Rail-NL/mathematical-models/scenarios_solver_types_120/scenario_solver_32_trains_32_units24.json","Cost of next node: Cost = 392.7 : 474.00 | cr=13, dd=0, da=1, tlv=16, sm=65, rd=84.00, cd=0, um=0","Time elapsed: 15.88 seconds","/home/thomasverwaal/Robust-Rail-NL/mathematical-models/local_search_plans_discreet_120/plan_32_trains_32_units24.json"
"/home/thomasverwaal/Robust-Rail-NL/mathematical-models/scenarios_solver_types_120/scenario_solver_32_trains_32_units24.json","Cost of next node: Cost = 377.7 : 454.00 | cr=13, dd=0, da=1, tlv=15, sm=65, rd=84.00, cd=0, um=0","Time elapsed: 19.44 seconds","/home/thomasverwaal/Robust-Rail-NL/mathematical-models/local_search_plans_discreet_120/plan_32_trains_32_units24.json"
"/home/thomasverwaal/Robust-Rail-NL/mathematical-models/scenarios_solver_types_120/scenario_solver_32_trains_32_units24.json","Cost of next node: Cost = 355.0 : 431.30 | cr=13, dd=0, da=0, tlv=15, sm=65, rd=81.23, cd=0, um=0","Time elapsed: 19.64 seconds","/home/thomasverwaal/Robust-Rail-NL/mathematical-models/local_search_plans_discreet_120/plan_32_trains_32_units24.json"
"/home/thomasverwaal/Robust-Rail-NL/mathematical-models/scenarios_solver_types_120/scenario_solver_32_trains_32_units24.json","Cost of next node: Cost = 335.0 : 411.30 | cr=11, dd=0, da=0, tlv=15, sm=65, rd=81.23, cd=0, um=0","Time elapsed: 23.49 seconds","/home/thomasverwaal/Robust-Rail-NL/mathematical-models/local_search_plans_discreet_120/plan_32_trains_32_units24.json"
"/home/thomasverwaal/Robust-Rail-NL/mathematical-models/scenarios_solver_types_120/scenario_solver_32_trains_32_units24.json","Cost of next node: Cost = 310.0 : 381.30 | cr=10, dd=0, da=0, tlv=14, sm=65, rd=79.38, cd=0, um=0","Time elapsed: 23.69 seconds","/home/thomasverwaal/Robust-Rail-NL/mathematical-models/local_search_plans_discreet_120/plan_32_trains_32_units24.json"
"/home/thomasverwaal/Robust-Rail-NL/mathematical-models/scenarios_solver_types_120/scenario_solver_32_trains_32_units24.json","Cost of next node: Cost = 295.0 : 361.32 | cr=10, dd=0, da=0, tlv=13, sm=66, rd=80.00, cd=0, um=0","Time elapsed: 27.18 seconds","/home/thomasverwaal/Robust-Rail-NL/mathematical-models/local_search_plans_discreet_120/plan_32_trains_32_units24.json"
"/home/thomasverwaal/Robust-Rail-NL/mathematical-models/scenarios_solver_types_120/scenario_solver_32_trains_32_units24.json","Cost of next node: Cost = 285.0 : 351.32 | cr=9, dd=0, da=0, tlv=13, sm=66, rd=80.00, cd=0, um=0","Time elapsed: 30.68 seconds","/home/thomasverwaal/Robust-Rail-NL/mathematical-models/local_search_plans_discreet_120/plan_32_trains_32_units24.json"
"/home/thomasverwaal/Robust-Rail-NL/mathematical-models/scenarios_solver_types_120/scenario_solver_32_trains_32_units24.json","Cost of next node: Cost = 275.0 : 341.32 | cr=8, dd=0, da=0, tlv=13, sm=66, rd=80.00, cd=0, um=0","Time elapsed: 33.54 seconds","/home/thomasverwaal/Robust-Rail-NL/mathematical-models/local_search_plans_discreet_120/plan_32_trains_32_units24.json"
"/home/thomasverwaal/Robust-Rail-NL/mathematical-models/scenarios_solver_types_120/scenario_solver_32_trains_32_units24.json","Cost of next node: Cost = 265.0 : 331.32 | cr=7, dd=0, da=0, tlv=13, sm=66, rd=80.00, cd=0, um=0","Time elapsed: 36.13 seconds","/home/thomasverwaal/Robust-Rail-NL/mathematical-models/local_search_plans_discreet_120/plan_32_trains_32_units24.json"
"/home/thomasverwaal/Robust-Rail-NL/mathematical-models/scenarios_solver_types_120/scenario_solver_32_trains_32_units24.json","Cost of next node: Cost = 255.0 : 321.32 | cr=6, dd=0, da=0, tlv=13, sm=66, rd=80.00, cd=0, um=0","Time elapsed: 38.30 seconds","/home/thomasverwaal/Robust-Rail-NL/mathematical-models/local_search_plans_discreet_120/plan_32_trains_32_units24.json"
"/home/thomasverwaal/Robust-Rail-NL/mathematical-models/scenarios_solver_types_120/scenario_solver_32_trains_32_units24.json","Cost of next node: Cost = 245.0 : 311.32 | cr=5, dd=0, da=0, tlv=13, sm=66, rd=80.00, cd=0, um=0","Time elapsed: 39.96 seconds","/home/thomasverwaal/Robust-Rail-NL/mathematical-models/local_search_plans_discreet_120/plan_32_trains_32_units24.json"
"/home/thomasverwaal/Robust-Rail-NL/mathematical-models/scenarios_solver_types_120/scenario_solver_32_trains_32_units24.json","Cost of next node: Cost = 235.0 : 301.32 | cr=4, dd=0, da=0, tlv=13, sm=66, rd=80.00, cd=0, um=0","Time elapsed: 41.27 seconds","/home/thomasverwaal/Robust-Rail-NL/mathematical-models/local_search_plans_discreet_120/plan_32_trains_32_units24.json"
"/home/thomasverwaal/Robust-Rail-NL/mathematical-models/scenarios_solver_types_120/scenario_solver_32_trains_32_units24.json","Cost of next node: Cost = 215.0 : 281.32 | cr=2, dd=0, da=0, tlv=13, sm=66, rd=80.00, cd=0, um=0","Time elapsed: 42.29 seconds","/home/thomasverwaal/Robust-Rail-NL/mathematical-models/local_search_plans_discreet_120/plan_32_trains_32_units24.json"
"/home/thomasverwaal/Robust-Rail-NL/mathematical-models/scenarios_solver_types_120/scenario_solver_32_trains_32_units24.json","Cost of next node: Cost = 205.0 : 271.32 | cr=1, dd=0, da=0, tlv=13, sm=66, rd=81.82, cd=0, um=0","Time elapsed: 42.98 seconds","/home/thomasverwaal/Robust-Rail-NL/mathematical-models/local_search_plans_discreet_120/plan_32_trains_32_units24.json"
"/home/thomasverwaal/Robust-Rail-NL/mathematical-models/scenarios_solver_types_120/scenario_solver_32_trains_32_units24.json","NO_COST_FOUND","NO_TIME_FOUND","NO_PLAN_CREATED"
"/home/thomasverwaal/Robust-Rail-NL/mathematical-models/scenarios_solver_types_120/scenario_solver_32_trains_32_units25.json","Cost of next node: Cost = 2,847.1 : 2,853.37 | cr=49, dd=32, da=28, tlv=1, sm=64, rd=186.56, cd=0, um=0","Time elapsed: 1.89 seconds","/home/thomasverwaal/Robust-Rail-NL/mathematical-models/local_search_plans_discreet_120/plan_32_trains_32_units25.json"
"/home/thomasverwaal/Robust-Rail-NL/mathematical-models/scenarios_solver_types_120/scenario_solver_32_trains_32_units25.json","Cost of next node: Cost = 2,802.9 : 2,814.21 | cr=43, dd=32, da=27, tlv=2, sm=64, rd=190.31, cd=0, um=0","Time elapsed: 2.07 seconds","/home/thomasverwaal/Robust-Rail-NL/mathematical-models/local_search_plans_discreet_120/plan_32_trains_32_units25.json"
"/home/thomasverwaal/Robust-Rail-NL/mathematical-models/scenarios_solver_types_120/scenario_solver_32_trains_32_units25.json","Cost of next node: Cost = 2,773.0 : 2,784.27 | cr=41, dd=32, da=26, tlv=2, sm=64, rd=190.31, cd=0, um=0","Time elapsed: 2.31 seconds","/home/thomasverwaal/Robust-Rail-NL/mathematical-models/local_search_plans_discreet_120/plan_32_trains_32_units25.json"
"/home/thomasverwaal/Robust-Rail-NL/mathematical-models/scenarios_solver_types_120/scenario_solver_32_trains_32_units25.json","Cost of next node: Cost = 2,695.1 : 2,711.35 | cr=36, dd=32, da=25, tlv=3, sm=64, rd=183.75, cd=0, um=0","Time elapsed: 2.45 seconds","/home/thomasverwaal/Robust-Rail-NL/mathematical-models/local_search_plans_discreet_120/plan_32_trains_32_units25.json"
"/home/thomasverwaal/Robust-Rail-NL/mathematical-models/scenarios_solver_types_120/scenario_solver_32_trains_32_units25.json","Cost of next node: Cost = 2,651.2 : 2,667.51 | cr=37, dd=32, da=23, tlv=3, sm=64, rd=180.94, cd=0, um=0","Time elapsed: 2.52 seconds","/home/thomasverwaal/Robust-Rail-NL/mathematical-models/local_search_plans_discreet_120/plan_32_trains_32_units25.json"
"/home/thomasverwaal/Robust-Rail-NL/mathematical-models/scenarios_solver_types_120/scenario_solver_32_trains_32_units25.json","Cost of next node: Cost = 2,629.0 : 2,645.33 | cr=35, dd=32, da=23, tlv=3, sm=64, rd=179.06, cd=0, um=0","Time elapsed: 2.62 seconds","/home/thomasverwaal/Robust-Rail-NL/mathematical-models/local_search_plans_discreet_120/plan_32_trains_32_units25.json"
"/home/thomasverwaal/Robust-Rail-NL/mathematical-models/scenarios_solver_types_120/scenario_solver_32_trains_32_units25.json","Cost of next node: Cost = 2,605.8 : 2,627.03 | cr=33, dd=32, da=23, tlv=4, sm=64, rd=181.88, cd=0, um=0","Time elapsed: 2.80 seconds","/home/thomasverwaal/Robust-Rail-NL/mathematical-models/local_search_plans_discreet_120/plan_32_trains_32_units25.json"
"/home/thomasverwaal/Robust-Rail-NL/mathematical-models/scenarios_solver_types_120/scenario_solver_32_trains_32_units25.json","Cost of next node: Cost = 2,527.9 : 2,554.20 | cr=33, dd=32, da=18, tlv=5, sm=64, rd=189.38, cd=0, um=0","Time elapsed: 2.92 seconds","/home/thomasverwaal/Robust-Rail-NL/mathematical-models/local_search_plans_discreet_120/plan_32_trains_32_units25.json"
"/home/thomasverwaal/Robust-Rail-NL/mathematical-models/scenarios_solver_types_120/scenario_solver_32_trains_32_units25.json","Cost of next node: Cost = 2,443.7 : 2,474.97 | cr=36, dd=32, da=13, tlv=6, sm=64, rd=181.88, cd=0, um=0","Time elapsed: 3.02 seconds","/home/thomasverwaal/Robust-Rail-NL/mathematical-models/local_search_plans_discreet_120/plan_32_trains_32_units25.json"
"/home/thomasverwaal/Robust-Rail-NL/mathematical-models/scenarios_solver_types_120/scenario_solver_32_trains_32_units25.json","Cost of next node: Cost = 2,406.6 : 2,442.87 | cr=35, dd=32, da=12, tlv=7, sm=64, rd=171.56, cd=0, um=0","Time elapsed: 3.14 seconds","/home/thomasverwaal/Robust-Rail-NL/mathematical-models/local_search_plans_discreet_120/plan_32_trains_32_units25.json"
"/home/thomasverwaal/Robust-Rail-NL/mathematical-models/scenarios_solver_types_120/scenario_solver_32_trains_32_units25.json","Cost of next node: Cost = 2,373.8 : 2,415.12 | cr=31, dd=32, da=12, tlv=8, sm=64, rd=169.69, cd=0, um=0","Time elapsed: 3.27 seconds","/home/thomasverwaal/Robust-Rail-NL/mathematical-models/local_search_plans_discreet_120/plan_32_trains_32_units25.json"
"/home/thomasverwaal/Robust-Rail-NL/mathematical-models/scenarios_solver_types_120/scenario_solver_32_trains_32_units25.json","Cost of next node: Cost = 2,353.4 : 2,394.72 | cr=31, dd=32, da=11, tlv=8, sm=64, rd=165.94, cd=0, um=0","Time elapsed: 3.49 seconds","/home/thomasverwaal/Robust-Rail-NL/mathematical-models/local_search_plans_discreet_120/plan_32_trains_32_units25.json"
"/home/thomasverwaal/Robust-Rail-NL/mathematical-models/scenarios_solver_types_120/scenario_solver_32_trains_32_units25.json","Cost of next node: Cost = 2,317.8 : 2,364.08 | cr=25, dd=32, da=11, tlv=9, sm=64, rd=168.75, cd=0, um=0","Time elapsed: 3.54 seconds","/home/thomasverwaal/Robust-Rail-NL/mathematical-models/local_search_plans_discreet_120/plan_32_trains_32_units25.json"
"/home/thomasverwaal/Robust-Rail-NL/mathematical-models/scenarios_solver_types_120/scenario_solver_32_trains_32_units25.json","Cost of next node: Cost = 2,278.8 : 2,330.09 | cr=20, dd=32, da=11, tlv=10, sm=64, rd=163.12, cd=0, um=0","Time elapsed: 3.89 seconds","/home/thomasverwaal/Robust-Rail-NL/mathematical-models/local_search_plans_discreet_120/plan_32_trains_32_units25.json"
"/home/thomasverwaal/Robust-Rail-NL/mathematical-models/scenarios_solver_types_120/scenario_solver_32_trains_32_units25.json","Cost of next node: Cost = 2,232.3 : 2,288.61 | cr=13, dd=32, da=11, tlv=11, sm=64, rd=165.00, cd=0, um=0","Time elapsed: 4.32 seconds","/home/thomasverwaal/Robust-Rail-NL/mathematical-models/local_search_plans_discreet_120/plan_32_trains_32_units25.json"
"/home/thomasverwaal/Robust-Rail-NL/mathematical-models/scenarios_solver_types_120/scenario_solver_32_trains_32_units25.json","Cost of next node: Cost = 2,183.6 : 2,239.85 | cr=11, dd=32, da=10, tlv=11, sm=64, rd=161.25, cd=0, um=0","Time elapsed: 4.75 seconds","/home/thomasverwaal/Robust-Rail-NL/mathematical-models/local_search_plans_discreet_120/plan_32_trains_32_units25.json"
"/home/thomasverwaal/Robust-Rail-NL/mathematical-models/scenarios_solver_types_120/scenario_solver_32_trains_32_units25.json","Cost of next node: Cost = 2,159.5 : 2,215.78 | cr=11, dd=32, da=9, tlv=11, sm=64, rd=161.25, cd=0, um=0","Time elapsed: 4.87 seconds","/home/thomasverwaal/Robust-Rail-NL/mathematical-models/local_search_plans_discreet_120/plan_32_trains_32_units25.json"
"/home/thomasverwaal/Robust-Rail-NL/mathematical-models/scenarios_solver_types_120/scenario_solver_32_trains_32_units25.json","Cost of next node: Cost = 2,138.2 : 2,199.52 | cr=10, dd=32, da=8, tlv=12, sm=64, rd=157.50, cd=0, um=0","Time elapsed: 5.29 seconds","/home/thomasverwaal/Robust-Rail-NL/mathematical-models/local_search_plans_discreet_120/plan_32_trains_32_units25.json"
"/home/thomasverwaal/Robust-Rail-NL/mathematical-models/scenarios_solver_types_120/scenario_solver_32_trains_32_units25.json","Cost of next node: Cost = 2,116.2 : 2,182.46 | cr=10, dd=32, da=7, tlv=13, sm=64, rd=150.00, cd=0, um=0","Time elapsed: 5.92 seconds","/home/thomasverwaal/Robust-Rail-NL/mathematical-models/local_search_plans_discreet_120/plan_32_trains_32_units25.json"
"/home/thomasverwaal/Robust-Rail-NL/mathematical-models/scenarios_solver_types_120/scenario_solver_32_trains_32_units25.json","Cost of next node: Cost = 2,095.9 : 2,162.18 | cr=10, dd=32, da=7, tlv=13, sm=64, rd=144.38, cd=0, um=0","Time elapsed: 6.45 seconds","/home/thomasverwaal/Robust-Rail-NL/mathematical-models/local_search_plans_discreet_120/plan_32_trains_32_units25.json"
"/home/thomasverwaal/Robust-Rail-NL/mathematical-models/scenarios_solver_types_120/scenario_solver_32_trains_32_units25.json","Cost of next node: Cost = 2,007.9 : 2,074.21 | cr=20, dd=29, da=7, tlv=13, sm=64, rd=118.12, cd=0, um=0","Time elapsed: 6.58 seconds","/home/thomasverwaal/Robust-Rail-NL/mathematical-models/local_search_plans_discreet_120/plan_32_trains_32_units25.json"
"/home/thomasverwaal/Robust-Rail-NL/mathematical-models/scenarios_solver_types_120/scenario_solver_32_trains_32_units25.json","Cost of next node: Cost = 1,922.3 : 1,993.62 | cr=20, dd=27, da=7, tlv=14, sm=64, rd=116.25, cd=0, um=0","Time elapsed: 6.79 seconds","/home/thomasverwaal/Robust-Rail-NL/mathematical-models/local_search_plans_discreet_120/plan_32_trains_32_units25.json"
"/home/thomasverwaal/Robust-Rail-NL/mathematical-models/scenarios_solver_types_120/scenario_solver_32_trains_32_units25.json","Cost of next node: Cost = 1,847.4 : 1,923.64 | cr=21, dd=25, da=7, tlv=15, sm=64, rd=116.25, cd=0, um=0","Time elapsed: 7.07 seconds","/home/thomasverwaal/Robust-Rail-NL/mathematical-models/local_search_plans_discreet_120/plan_32_trains_32_units25.json"
"/home/thomasverwaal/Robust-Rail-NL/mathematical-models/scenarios_solver_types_120/scenario_solver_32_trains_32_units25.json","Cost of next node: Cost = 1,821.1 : 1,902.39 | cr=22, dd=24, da=7, tlv=16, sm=64, rd=114.38, cd=0, um=0","Time elapsed: 7.34 seconds","/home/thomasverwaal/Robust-Rail-NL/mathematical-models/local_search_plans_discreet_120/plan_32_trains_32_units25.json"
"/home/thomasverwaal/Robust-Rail-NL/mathematical-models/scenarios_solver_types_120/scenario_solver_32_trains_32_units25.json","Cost of next node: Cost = 1,796.6 : 1,872.87 | cr=21, dd=24, da=7, tlv=15, sm=64, rd=116.25, cd=0, um=0","Time elapsed: 7.66 seconds","/home/thomasverwaal/Robust-Rail-NL/mathematical-models/local_search_plans_discreet_120/plan_32_trains_32_units25.json"
"/home/thomasverwaal/Robust-Rail-NL/mathematical-models/scenarios_solver_types_120/scenario_solver_32_trains_32_units25.json","Cost of next node: Cost = 1,650.9 : 1,732.18 | cr=22, dd=21, da=6, tlv=16, sm=64, rd=112.50, cd=0, um=0","Time elapsed: 7.84 seconds","/home/thomasverwaal/Robust-Rail-NL/mathematical-models/local_search_plans_discreet_120/plan_32_trains_32_units25.json"
"/home/thomasverwaal/Robust-Rail-NL/mathematical-models/scenarios_solver_types_120/scenario_solver_32_trains_32_units25.json","Cost of next node: Cost = 1,625.9 : 1,702.18 | cr=21, dd=21, da=6, tlv=15, sm=64, rd=114.38, cd=0, um=0","Time elapsed: 8.05 seconds","/home/thomasverwaal/Robust-Rail-NL/mathematical-models/local_search_plans_discreet_120/plan_32_trains_32_units25.json"
"/home/thomasverwaal/Robust-Rail-NL/mathematical-models/scenarios_solver_types_120/scenario_solver_32_trains_32_units25.json","Cost of next node: Cost = 1,600.9 : 1,672.18 | cr=20, dd=21, da=6, tlv=14, sm=64, rd=114.38, cd=0, um=0","Time elapsed: 8.43 seconds","/home/thomasverwaal/Robust-Rail-NL/mathematical-models/local_search_plans_discreet_120/plan_32_trains_32_units25.json"
"/home/thomasverwaal/Robust-Rail-NL/mathematical-models/scenarios_solver_types_120/scenario_solver_32_trains_32_units25.json","Cost of next node: Cost = 1,541.5 : 1,612.74 | cr=19, dd=20, da=6, tlv=14, sm=64, rd=112.50, cd=0, um=0","Time elapsed: 8.72 seconds","/home/thomasverwaal/Robust-Rail-NL/mathematical-models/local_search_plans_discreet_120/plan_32_trains_32_units25.json"
"/home/thomasverwaal/Robust-Rail-NL/mathematical-models/scenarios_solver_types_120/scenario_solver_32_trains_32_units25.json","Cost of next node: Cost = 1,462.3 : 1,533.56 | cr=21, dd=18, da=6, tlv=14, sm=64, rd=110.62, cd=0, um=0","Time elapsed: 8.93 seconds","/home/thomasverwaal/Robust-Rail-NL/mathematical-models/local_search_plans_discreet_120/plan_32_trains_32_units25.json"
"/home/thomasverwaal/Robust-Rail-NL/mathematical-models/scenarios_solver_types_120/scenario_solver_32_trains_32_units25.json","Cost of next node: Cost = 1,218.7 : 1,295.00 | cr=19, dd=14, da=4, tlv=15, sm=64, rd=105.00, cd=0, um=0","Time elapsed: 9.30 seconds","/home/thomasverwaal/Robust-Rail-NL/mathematical-models/local_search_plans_discreet_120/plan_32_trains_32_units25.json"
"/home/thomasverwaal/Robust-Rail-NL/mathematical-models/scenarios_solver_types_120/scenario_solver_32_trains_32_units25.json","Cost of next node: Cost = 1,193.7 : 1,265.00 | cr=18, dd=14, da=4, tlv=14, sm=64, rd=106.88, cd=0, um=0","Time elapsed: 9.52 seconds","/home/thomasverwaal/Robust-Rail-NL/mathematical-models/local_search_plans_discreet_120/plan_32_trains_32_units25.json"
"/home/thomasverwaal/Robust-Rail-NL/mathematical-models/scenarios_solver_types_120/scenario_solver_32_trains_32_units25.json","Cost of next node: Cost = 1,057.7 : 1,133.98 | cr=22, dd=11, da=2, tlv=15, sm=64, rd=97.50, cd=0, um=0","Time elapsed: 9.80 seconds","/home/thomasverwaal/Robust-Rail-NL/mathematical-models/local_search_plans_discreet_120/plan_32_trains_32_units25.json"
"/home/thomasverwaal/Robust-Rail-NL/mathematical-models/scenarios_solver_types_120/scenario_solver_32_trains_32_units25.json","Cost of next node: Cost = 876.9 : 958.15 | cr=18, dd=8, da=2, tlv=16, sm=64, rd=90.00, cd=0, um=0","Time elapsed: 10.13 seconds","/home/thomasverwaal/Robust-Rail-NL/mathematical-models/local_search_plans_discreet_120/plan_32_trains_32_units25.json"
"/home/thomasverwaal/Robust-Rail-NL/mathematical-models/scenarios_solver_types_120/scenario_solver_32_trains_32_units25.json","Cost of next node: Cost = 767.9 : 854.22 | cr=18, dd=6, da=1, tlv=17, sm=64, rd=85.31, cd=0, um=0","Time elapsed: 10.37 seconds","/home/thomasverwaal/Robust-Rail-NL/mathematical-models/local_search_plans_discreet_120/plan_32_trains_32_units25.json"
"/home/thomasverwaal/Robust-Rail-NL/mathematical-models/scenarios_solver_types_120/scenario_solver_32_trains_32_units25.json","Cost of next node: Cost = 677.0 : 763.28 | cr=19, dd=4, da=1, tlv=17, sm=64, rd=85.31, cd=0, um=0","Time elapsed: 10.73 seconds","/home/thomasverwaal/Robust-Rail-NL/mathematical-models/local_search_plans_discreet_120/plan_32_trains_32_units25.json"
"/home/thomasverwaal/Robust-Rail-NL/mathematical-models/scenarios_solver_types_120/scenario_solver_32_trains_32_units25.json","Cost of next node: Cost = 652.0 : 733.28 | cr=18, dd=4, da=1, tlv=16, sm=64, rd=87.19, cd=0, um=0","Time elapsed: 10.95 seconds","/home/thomasverwaal/Robust-Rail-NL/mathematical-models/local_search_plans_discreet_120/plan_32_trains_32_units25.json"
"/home/thomasverwaal/Robust-Rail-NL/mathematical-models/scenarios_solver_types_120/scenario_solver_32_trains_32_units25.json","Cost of next node: Cost = 627.6 : 708.88 | cr=17, dd=1, da=8, tlv=16, sm=64, rd=87.19, cd=0, um=0","Time elapsed: 11.12 seconds","/home/thomasverwaal/Robust-Rail-NL/mathematical-models/local_search_plans_discreet_120/plan_32_trains_32_units25.json"
"/home/thomasverwaal/Robust-Rail-NL/mathematical-models/scenarios_solver_types_120/scenario_solver_32_trains_32_units25.json","Cost of next node: Cost = 593.5 : 669.83 | cr=17, dd=3, da=2, tlv=15, sm=64, rd=89.06, cd=0, um=0","Time elapsed: 11.48 seconds","/home/thomasverwaal/Robust-Rail-NL/mathematical-models/local_search_plans_discreet_120/plan_32_trains_32_units25.json"
"/home/thomasverwaal/Robust-Rail-NL/mathematical-models/scenarios_solver_types_120/scenario_solver_32_trains_32_units25.json","Cost of next node: Cost = 537.9 : 619.18 | cr=17, dd=2, da=1, tlv=16, sm=64, rd=83.44, cd=0, um=0","Time elapsed: 11.79 seconds","/home/thomasverwaal/Robust-Rail-NL/mathematical-models/local_search_plans_discreet_120/plan_32_trains_32_units25.json"
"/home/thomasverwaal/Robust-Rail-NL/mathematical-models/scenarios_solver_types_120/scenario_solver_32_trains_32_units25.json","Cost of next node: Cost = 512.9 : 589.18 | cr=16, dd=2, da=1, tlv=15, sm=64, rd=83.44, cd=0, um=0","Time elapsed: 12.11 seconds","/home/thomasverwaal/Robust-Rail-NL/mathematical-models/local_search_plans_discreet_120/plan_32_trains_32_units25.json"
"/home/thomasverwaal/Robust-Rail-NL/mathematical-models/scenarios_solver_types_120/scenario_solver_32_trains_32_units25.json","Cost of next node: Cost = 497.9 : 569.18 | cr=16, dd=2, da=1, tlv=14, sm=64, rd=85.31, cd=0, um=0","Time elapsed: 17.24 seconds","/home/thomasverwaal/Robust-Rail-NL/mathematical-models/local_search_plans_discreet_120/plan_32_trains_32_units25.json"
"/home/thomasverwaal/Robust-Rail-NL/mathematical-models/scenarios_solver_types_120/scenario_solver_32_trains_32_units25.json","Cost of next node: Cost = 482.9 : 549.18 | cr=16, dd=2, da=1, tlv=13, sm=64, rd=83.44, cd=0, um=0","Time elapsed: 21.95 seconds","/home/thomasverwaal/Robust-Rail-NL/mathematical-models/local_search_plans_discreet_120/plan_32_trains_32_units25.json"
"/home/thomasverwaal/Robust-Rail-NL/mathematical-models/scenarios_solver_types_120/scenario_solver_32_trains_32_units25.json","Cost of next node: Cost = 472.9 : 539.18 | cr=15, dd=2, da=1, tlv=13, sm=64, rd=83.44, cd=0, um=0","Time elapsed: 26.53 seconds","/home/thomasverwaal/Robust-Rail-NL/mathematical-models/local_search_plans_discreet_120/plan_32_trains_32_units25.json"
"/home/thomasverwaal/Robust-Rail-NL/mathematical-models/scenarios_solver_types_120/scenario_solver_32_trains_32_units25.json","Cost of next node: Cost = 462.9 : 529.18 | cr=14, dd=2, da=1, tlv=13, sm=64, rd=83.44, cd=0, um=0","Time elapsed: 30.27 seconds","/home/thomasverwaal/Robust-Rail-NL/mathematical-models/local_search_plans_discreet_120/plan_32_trains_32_units25.json"
"/home/thomasverwaal/Robust-Rail-NL/mathematical-models/scenarios_solver_types_120/scenario_solver_32_trains_32_units25.json","Cost of next node: Cost = 407.4 : 473.68 | cr=14, dd=1, da=1, tlv=13, sm=64, rd=80.62, cd=0, um=0","Time elapsed: 30.37 seconds","/home/thomasverwaal/Robust-Rail-NL/mathematical-models/local_search_plans_discreet_120/plan_32_trains_32_units25.json"
"/home/thomasverwaal/Robust-Rail-NL/mathematical-models/scenarios_solver_types_120/scenario_solver_32_trains_32_units25.json","Cost of next node: Cost = 397.4 : 463.68 | cr=13, dd=1, da=1, tlv=13, sm=64, rd=80.62, cd=0, um=0","Time elapsed: 33.59 seconds","/home/thomasverwaal/Robust-Rail-NL/mathematical-models/local_search_plans_discreet_120/plan_32_trains_32_units25.json"
"/home/thomasverwaal/Robust-Rail-NL/mathematical-models/scenarios_solver_types_120/scenario_solver_32_trains_32_units25.json","Cost of next node: Cost = 387.4 : 453.68 | cr=12, dd=1, da=1, tlv=13, sm=64, rd=80.62, cd=0, um=0","Time elapsed: 36.28 seconds","/home/thomasverwaal/Robust-Rail-NL/mathematical-models/local_search_plans_discreet_120/plan_32_trains_32_units25.json"
"/home/thomasverwaal/Robust-Rail-NL/mathematical-models/scenarios_solver_types_120/scenario_solver_32_trains_32_units25.json","Cost of next node: Cost = 377.4 : 443.68 | cr=11, dd=1, da=1, tlv=13, sm=64, rd=80.62, cd=0, um=0","Time elapsed: 38.36 seconds","/home/thomasverwaal/Robust-Rail-NL/mathematical-models/local_search_plans_discreet_120/plan_32_trains_32_units25.json"
"/home/thomasverwaal/Robust-Rail-NL/mathematical-models/scenarios_solver_types_120/scenario_solver_32_trains_32_units25.json","Cost of next node: Cost = 367.4 : 433.68 | cr=10, dd=1, da=1, tlv=13, sm=64, rd=80.62, cd=0, um=0","Time elapsed: 40.07 seconds","/home/thomasverwaal/Robust-Rail-NL/mathematical-models/local_search_plans_discreet_120/plan_32_trains_32_units25.json"
"/home/thomasverwaal/Robust-Rail-NL/mathematical-models/scenarios_solver_types_120/scenario_solver_32_trains_32_units25.json","Cost of next node: Cost = 357.4 : 423.68 | cr=9, dd=1, da=1, tlv=13, sm=64, rd=80.62, cd=0, um=0","Time elapsed: 41.49 seconds","/home/thomasverwaal/Robust-Rail-NL/mathematical-models/local_search_plans_discreet_120/plan_32_trains_32_units25.json"
"/home/thomasverwaal/Robust-Rail-NL/mathematical-models/scenarios_solver_types_120/scenario_solver_32_trains_32_units25.json","Cost of next node: Cost = 347.4 : 413.68 | cr=8, dd=1, da=1, tlv=13, sm=64, rd=80.62, cd=0, um=0","Time elapsed: 42.67 seconds","/home/thomasverwaal/Robust-Rail-NL/mathematical-models/local_search_plans_discreet_120/plan_32_trains_32_units25.json"
"/home/thomasverwaal/Robust-Rail-NL/mathematical-models/scenarios_solver_types_120/scenario_solver_32_trains_32_units25.json","Cost of next node: Cost = 337.4 : 403.68 | cr=7, dd=1, da=1, tlv=13, sm=64, rd=80.62, cd=0, um=0","Time elapsed: 43.79 seconds","/home/thomasverwaal/Robust-Rail-NL/mathematical-models/local_search_plans_discreet_120/plan_32_trains_32_units25.json"
"/home/thomasverwaal/Robust-Rail-NL/mathematical-models/scenarios_solver_types_120/scenario_solver_32_trains_32_units25.json","Cost of next node: Cost = 327.4 : 393.68 | cr=6, dd=1, da=1, tlv=13, sm=64, rd=80.62, cd=0, um=0","Time elapsed: 44.74 seconds","/home/thomasverwaal/Robust-Rail-NL/mathematical-models/local_search_plans_discreet_120/plan_32_trains_32_units25.json"
"/home/thomasverwaal/Robust-Rail-NL/mathematical-models/scenarios_solver_types_120/scenario_solver_32_trains_32_units25.json","Cost of next node: Cost = 295.0 : 371.28 | cr=7, dd=0, da=0, tlv=15, sm=64, rd=78.75, cd=0, um=0","Time elapsed: 45.66 seconds","/home/thomasverwaal/Robust-Rail-NL/mathematical-models/local_search_plans_discreet_120/plan_32_trains_32_units25.json"
"/home/thomasverwaal/Robust-Rail-NL/mathematical-models/scenarios_solver_types_120/scenario_solver_32_trains_32_units25.json","Cost of next node: Cost = 270.0 : 341.28 | cr=6, dd=0, da=0, tlv=14, sm=64, rd=78.75, cd=0, um=0","Time elapsed: 45.72 seconds","/home/thomasverwaal/Robust-Rail-NL/mathematical-models/local_search_plans_discreet_120/plan_32_trains_32_units25.json"
"/home/thomasverwaal/Robust-Rail-NL/mathematical-models/scenarios_solver_types_120/scenario_solver_32_trains_32_units25.json","Cost of next node: Cost = 260.0 : 331.28 | cr=5, dd=0, da=0, tlv=14, sm=64, rd=80.62, cd=0, um=0","Time elapsed: 46.95 seconds","/home/thomasverwaal/Robust-Rail-NL/mathematical-models/local_search_plans_discreet_120/plan_32_trains_32_units25.json"
"/home/thomasverwaal/Robust-Rail-NL/mathematical-models/scenarios_solver_types_120/scenario_solver_32_trains_32_units25.json","Cost of next node: Cost = 250.0 : 321.28 | cr=4, dd=0, da=0, tlv=14, sm=64, rd=80.62, cd=0, um=0","Time elapsed: 89.82 seconds","/home/thomasverwaal/Robust-Rail-NL/mathematical-models/local_search_plans_discreet_120/plan_32_trains_32_units25.json"
"/home/thomasverwaal/Robust-Rail-NL/mathematical-models/scenarios_solver_types_120/scenario_solver_32_trains_32_units25.json","Cost of next node: Cost = 240.0 : 311.28 | cr=3, dd=0, da=0, tlv=14, sm=64, rd=78.75, cd=0, um=0","Time elapsed: 97.21 seconds","/home/thomasverwaal/Robust-Rail-NL/mathematical-models/local_search_plans_discreet_120/plan_32_trains_32_units25.json"
"/home/thomasverwaal/Robust-Rail-NL/mathematical-models/scenarios_solver_types_120/scenario_solver_32_trains_32_units25.json","NO_COST_FOUND","NO_TIME_FOUND","NO_PLAN_CREATED"
"/home/thomasverwaal/Robust-Rail-NL/mathematical-models/scenarios_solver_types_120/scenario_solver_32_trains_32_units26.json","Cost of next node: Cost = 2,848.7 : 2,850.02 | cr=48, dd=32, da=28, tlv=0, sm=64, rd=202.50, cd=0, um=0","Time elapsed: 2.09 seconds","/home/thomasverwaal/Robust-Rail-NL/mathematical-models/local_search_plans_discreet_120/plan_32_trains_32_units26.json"
"/home/thomasverwaal/Robust-Rail-NL/mathematical-models/scenarios_solver_types_120/scenario_solver_32_trains_32_units26.json","Cost of next node: Cost = 2,826.6 : 2,832.91 | cr=44, dd=32, da=28, tlv=1, sm=64, rd=204.38, cd=0, um=0","Time elapsed: 2.16 seconds","/home/thomasverwaal/Robust-Rail-NL/mathematical-models/local_search_plans_discreet_120/plan_32_trains_32_units26.json"
"/home/thomasverwaal/Robust-Rail-NL/mathematical-models/scenarios_solver_types_120/scenario_solver_32_trains_32_units26.json","Cost of next node: Cost = 2,769.8 : 2,781.10 | cr=39, dd=32, da=27, tlv=2, sm=64, rd=203.44, cd=0, um=0","Time elapsed: 2.28 seconds","/home/thomasverwaal/Robust-Rail-NL/mathematical-models/local_search_plans_discreet_120/plan_32_trains_32_units26.json"
"/home/thomasverwaal/Robust-Rail-NL/mathematical-models/scenarios_solver_types_120/scenario_solver_32_trains_32_units26.json","Cost of next node: Cost = 2,747.0 : 2,758.25 | cr=46, dd=32, da=23, tlv=2, sm=64, rd=195.00, cd=0, um=0","Time elapsed: 2.38 seconds","/home/thomasverwaal/Robust-Rail-NL/mathematical-models/local_search_plans_discreet_120/plan_32_trains_32_units26.json"
"/home/thomasverwaal/Robust-Rail-NL/mathematical-models/scenarios_solver_types_120/scenario_solver_32_trains_32_units26.json","Cost of next node: Cost = 2,701.3 : 2,717.61 | cr=46, dd=32, da=21, tlv=3, sm=64, rd=193.12, cd=0, um=0","Time elapsed: 2.49 seconds","/home/thomasverwaal/Robust-Rail-NL/mathematical-models/local_search_plans_discreet_120/plan_32_trains_32_units26.json"
"/home/thomasverwaal/Robust-Rail-NL/mathematical-models/scenarios_solver_types_120/scenario_solver_32_trains_32_units26.json","Cost of next node: Cost = 2,678.7 : 2,694.97 | cr=44, dd=32, da=21, tlv=3, sm=64, rd=191.25, cd=0, um=0","Time elapsed: 2.57 seconds","/home/thomasverwaal/Robust-Rail-NL/mathematical-models/local_search_plans_discreet_120/plan_32_trains_32_units26.json"
"/home/thomasverwaal/Robust-Rail-NL/mathematical-models/scenarios_solver_types_120/scenario_solver_32_trains_32_units26.json","Cost of next node: Cost = 2,641.9 : 2,663.15 | cr=39, dd=32, da=21, tlv=4, sm=64, rd=189.38, cd=0, um=0","Time elapsed: 2.63 seconds","/home/thomasverwaal/Robust-Rail-NL/mathematical-models/local_search_plans_discreet_120/plan_32_trains_32_units26.json"
"/home/thomasverwaal/Robust-Rail-NL/mathematical-models/scenarios_solver_types_120/scenario_solver_32_trains_32_units26.json","Cost of next node: Cost = 2,616.5 : 2,642.74 | cr=39, dd=32, da=19, tlv=5, sm=64, rd=189.38, cd=0, um=0","Time elapsed: 2.71 seconds","/home/thomasverwaal/Robust-Rail-NL/mathematical-models/local_search_plans_discreet_120/plan_32_trains_32_units26.json"
"/home/thomasverwaal/Robust-Rail-NL/mathematical-models/scenarios_solver_types_120/scenario_solver_32_trains_32_units26.json","Cost of next node: Cost = 2,595.7 : 2,621.96 | cr=41, dd=32, da=17, tlv=5, sm=64, rd=182.81, cd=0, um=0","Time elapsed: 2.79 seconds","/home/thomasverwaal/Robust-Rail-NL/mathematical-models/local_search_plans_discreet_120/plan_32_trains_32_units26.json"
"/home/thomasverwaal/Robust-Rail-NL/mathematical-models/scenarios_solver_types_120/scenario_solver_32_trains_32_units26.json","Cost of next node: Cost = 2,567.3 : 2,593.60 | cr=40, dd=32, da=17, tlv=5, sm=64, rd=176.25, cd=0, um=0","Time elapsed: 2.88 seconds","/home/thomasverwaal/Robust-Rail-NL/mathematical-models/local_search_plans_discreet_120/plan_32_trains_32_units26.json"
"/home/thomasverwaal/Robust-Rail-NL/mathematical-models/scenarios_solver_types_120/scenario_solver_32_trains_32_units26.json","Cost of next node: Cost = 2,500.7 : 2,526.95 | cr=42, dd=32, da=13, tlv=5, sm=64, rd=168.75, cd=0, um=0","Time elapsed: 2.98 seconds","/home/thomasverwaal/Robust-Rail-NL/mathematical-models/local_search_plans_discreet_120/plan_32_trains_32_units26.json"
"/home/thomasverwaal/Robust-Rail-NL/mathematical-models/scenarios_solver_types_120/scenario_solver_32_trains_32_units26.json","Cost of next node: Cost = 2,456.5 : 2,487.82 | cr=39, dd=32, da=13, tlv=6, sm=64, rd=161.25, cd=0, um=0","Time elapsed: 3.07 seconds","/home/thomasverwaal/Robust-Rail-NL/mathematical-models/local_search_plans_discreet_120/plan_32_trains_32_units26.json"
"/home/thomasverwaal/Robust-Rail-NL/mathematical-models/scenarios_solver_types_120/scenario_solver_32_trains_32_units26.json","Cost of next node: Cost = 2,436.4 : 2,467.70 | cr=39, dd=32, da=12, tlv=6, sm=64, rd=159.38, cd=0, um=0","Time elapsed: 3.20 seconds","/home/thomasverwaal/Robust-Rail-NL/mathematical-models/local_search_plans_discreet_120/plan_32_trains_32_units26.json"
"/home/thomasverwaal/Robust-Rail-NL/mathematical-models/scenarios_solver_types_120/scenario_solver_32_trains_32_units26.json","Cost of next node: Cost = 2,404.9 : 2,436.16 | cr=36, dd=32, da=12, tlv=6, sm=64, rd=157.50, cd=0, um=0","Time elapsed: 3.28 seconds","/home/thomasverwaal/Robust-Rail-NL/mathematical-models/local_search_plans_discreet_120/plan_32_trains_32_units26.json"
"/home/thomasverwaal/Robust-Rail-NL/mathematical-models/scenarios_solver_types_120/scenario_solver_32_trains_32_units26.json","Cost of next node: Cost = 2,369.9 : 2,406.16 | cr=31, dd=32, da=12, tlv=7, sm=64, rd=157.50, cd=0, um=0","Time elapsed: 3.38 seconds","/home/thomasverwaal/Robust-Rail-NL/mathematical-models/local_search_plans_discreet_120/plan_32_trains_32_units26.json"
"/home/thomasverwaal/Robust-Rail-NL/mathematical-models/scenarios_solver_types_120/scenario_solver_32_trains_32_units26.json","Cost of next node: Cost = 2,341.5 : 2,377.79 | cr=28, dd=32, da=12, tlv=7, sm=64, rd=157.50, cd=0, um=0","Time elapsed: 3.48 seconds","/home/thomasverwaal/Robust-Rail-NL/mathematical-models/local_search_plans_discreet_120/plan_32_trains_32_units26.json"
"/home/thomasverwaal/Robust-Rail-NL/mathematical-models/scenarios_solver_types_120/scenario_solver_32_trains_32_units26.json","Cost of next node: Cost = 2,319.6 : 2,355.89 | cr=26, dd=32, da=12, tlv=7, sm=64, rd=155.62, cd=0, um=0","Time elapsed: 3.60 seconds","/home/thomasverwaal/Robust-Rail-NL/mathematical-models/local_search_plans_discreet_120/plan_32_trains_32_units26.json"
"/home/thomasverwaal/Robust-Rail-NL/mathematical-models/scenarios_solver_types_120/scenario_solver_32_trains_32_units26.json","Cost of next node: Cost = 2,291.4 : 2,332.64 | cr=21, dd=32, da=12, tlv=8, sm=64, rd=151.88, cd=0, um=0","Time elapsed: 3.79 seconds","/home/thomasverwaal/Robust-Rail-NL/mathematical-models/local_search_plans_discreet_120/plan_32_trains_32_units26.json"
"/home/thomasverwaal/Robust-Rail-NL/mathematical-models/scenarios_solver_types_120/scenario_solver_32_trains_32_units26.json","Cost of next node: Cost = 2,242.0 : 2,288.31 | cr=13, dd=32, da=12, tlv=9, sm=64, rd=150.00, cd=0, um=0","Time elapsed: 4.01 seconds","/home/thomasverwaal/Robust-Rail-NL/mathematical-models/local_search_plans_discreet_120/plan_32_trains_32_units26.json"
"/home/thomasverwaal/Robust-Rail-NL/mathematical-models/scenarios_solver_types_120/scenario_solver_32_trains_32_units26.json","Cost of next node: Cost = 2,212.5 : 2,263.80 | cr=13, dd=32, da=11, tlv=10, sm=64, rd=142.50, cd=0, um=0","Time elapsed: 4.36 seconds","/home/thomasverwaal/Robust-Rail-NL/mathematical-models/local_search_plans_discreet_120/plan_32_trains_32_units26.json"
"/home/thomasverwaal/Robust-Rail-NL/mathematical-models/scenarios_solver_types_120/scenario_solver_32_trains_32_units26.json","Cost of next node: Cost = 2,180.9 : 2,232.19 | cr=13, dd=32, da=11, tlv=10, sm=64, rd=133.12, cd=0, um=0","Time elapsed: 4.80 seconds","/home/thomasverwaal/Robust-Rail-NL/mathematical-models/local_search_plans_discreet_120/plan_32_trains_32_units26.json"
"/home/thomasverwaal/Robust-Rail-NL/mathematical-models/scenarios_solver_types_120/scenario_solver_32_trains_32_units26.json","Cost of next node: Cost = 2,159.0 : 2,215.32 | cr=13, dd=32, da=9, tlv=11, sm=64, rd=135.94, cd=0, um=0","Time elapsed: 5.00 seconds","/home/thomasverwaal/Robust-Rail-NL/mathematical-models/local_search_plans_discreet_120/plan_32_trains_32_units26.json"
"/home/thomasverwaal/Robust-Rail-NL/mathematical-models/scenarios_solver_types_120/scenario_solver_32_trains_32_units26.json","Cost of next node: Cost = 2,130.7 : 2,186.96 | cr=15, dd=32, da=7, tlv=11, sm=64, rd=132.19, cd=0, um=0","Time elapsed: 5.28 seconds","/home/thomasverwaal/Robust-Rail-NL/mathematical-models/local_search_plans_discreet_120/plan_32_trains_32_units26.json"
"/home/thomasverwaal/Robust-Rail-NL/mathematical-models/scenarios_solver_types_120/scenario_solver_32_trains_32_units26.json","Cost of next node: Cost = 2,106.9 : 2,158.14 | cr=14, dd=32, da=7, tlv=10, sm=64, rd=134.06, cd=0, um=0","Time elapsed: 5.50 seconds","/home/thomasverwaal/Robust-Rail-NL/mathematical-models/local_search_plans_discreet_120/plan_32_trains_32_units26.json"
"/home/thomasverwaal/Robust-Rail-NL/mathematical-models/scenarios_solver_types_120/scenario_solver_32_trains_32_units26.json","Cost of next node: Cost = 2,085.9 : 2,137.14 | cr=12, dd=32, da=7, tlv=10, sm=64, rd=132.19, cd=0, um=0","Time elapsed: 6.08 seconds","/home/thomasverwaal/Robust-Rail-NL/mathematical-models/local_search_plans_discreet_120/plan_32_trains_32_units26.json"
"/home/thomasverwaal/Robust-Rail-NL/mathematical-models/scenarios_solver_types_120/scenario_solver_32_trains_32_units26.json","Cost of next node: Cost = 2,059.6 : 2,115.91 | cr=10, dd=32, da=6, tlv=11, sm=64, rd=128.44, cd=0, um=0","Time elapsed: 6.54 seconds","/home/thomasverwaal/Robust-Rail-NL/mathematical-models/local_search_plans_discreet_120/plan_32_trains_32_units26.json"
"/home/thomasverwaal/Robust-Rail-NL/mathematical-models/scenarios_solver_types_120/scenario_solver_32_trains_32_units26.json","Cost of next node: Cost = 2,039.4 : 2,095.69 | cr=10, dd=32, da=6, tlv=11, sm=64, rd=122.81, cd=0, um=0","Time elapsed: 7.05 seconds","/home/thomasverwaal/Robust-Rail-NL/mathematical-models/local_search_plans_discreet_120/plan_32_trains_32_units26.json"
"/home/thomasverwaal/Robust-Rail-NL/mathematical-models/scenarios_solver_types_120/scenario_solver_32_trains_32_units26.json","Cost of next node: Cost = 2,006.1 : 2,067.42 | cr=10, dd=32, da=4, tlv=12, sm=64, rd=117.19, cd=0, um=0","Time elapsed: 7.53 seconds","/home/thomasverwaal/Robust-Rail-NL/mathematical-models/local_search_plans_discreet_120/plan_32_trains_32_units26.json"
"/home/thomasverwaal/Robust-Rail-NL/mathematical-models/scenarios_solver_types_120/scenario_solver_32_trains_32_units26.json","Cost of next node: Cost = 1,983.0 : 2,039.24 | cr=9, dd=32, da=4, tlv=11, sm=64, rd=119.06, cd=0, um=0","Time elapsed: 7.80 seconds","/home/thomasverwaal/Robust-Rail-NL/mathematical-models/local_search_plans_discreet_120/plan_32_trains_32_units26.json"
"/home/thomasverwaal/Robust-Rail-NL/mathematical-models/scenarios_solver_types_120/scenario_solver_32_trains_32_units26.json","Cost of next node: Cost = 1,865.1 : 1,926.41 | cr=10, dd=30, da=3, tlv=12, sm=64, rd=109.69, cd=0, um=0","Time elapsed: 8.32 seconds","/home/thomasverwaal/Robust-Rail-NL/mathematical-models/local_search_plans_discreet_120/plan_32_trains_32_units26.json"
"/home/thomasverwaal/Robust-Rail-NL/mathematical-models/scenarios_solver_types_120/scenario_solver_32_trains_32_units26.json","Cost of next node: Cost = 1,830.4 : 1,896.63 | cr=10, dd=29, da=3, tlv=13, sm=64, rd=107.81, cd=0, um=0","Time elapsed: 8.40 seconds","/home/thomasverwaal/Robust-Rail-NL/mathematical-models/local_search_plans_discreet_120/plan_32_trains_32_units26.json"
"/home/thomasverwaal/Robust-Rail-NL/mathematical-models/scenarios_solver_types_120/scenario_solver_32_trains_32_units26.json","Cost of next node: Cost = 1,705.8 : 1,777.06 | cr=11, dd=26, da=3, tlv=14, sm=64, rd=107.81, cd=0, um=0","Time elapsed: 8.51 seconds","/home/thomasverwaal/Robust-Rail-NL/mathematical-models/local_search_plans_discreet_120/plan_32_trains_32_units26.json"
"/home/thomasverwaal/Robust-Rail-NL/mathematical-models/scenarios_solver_types_120/scenario_solver_32_trains_32_units26.json","Cost of next node: Cost = 1,679.8 : 1,756.08 | cr=12, dd=25, da=3, tlv=15, sm=64, rd=105.94, cd=0, um=0","Time elapsed: 8.67 seconds","/home/thomasverwaal/Robust-Rail-NL/mathematical-models/local_search_plans_discreet_120/plan_32_trains_32_units26.json"
"/home/thomasverwaal/Robust-Rail-NL/mathematical-models/scenarios_solver_types_120/scenario_solver_32_trains_32_units26.json","Cost of next node: Cost = 1,608.1 : 1,684.36 | cr=12, dd=22, da=7, tlv=15, sm=64, rd=107.81, cd=0, um=0","Time elapsed: 8.82 seconds","/home/thomasverwaal/Robust-Rail-NL/mathematical-models/local_search_plans_discreet_120/plan_32_trains_32_units26.json"
"/home/thomasverwaal/Robust-Rail-NL/mathematical-models/scenarios_solver_types_120/scenario_solver_32_trains_32_units26.json","Cost of next node: Cost = 1,489.7 : 1,565.97 | cr=12, dd=20, da=6, tlv=15, sm=64, rd=105.94, cd=0, um=0","Time elapsed: 8.93 seconds","/home/thomasverwaal/Robust-Rail-NL/mathematical-models/local_search_plans_discreet_120/plan_32_trains_32_units26.json"
"/home/thomasverwaal/Robust-Rail-NL/mathematical-models/scenarios_solver_types_120/scenario_solver_32_trains_32_units26.json","Cost of next node: Cost = 1,464.7 : 1,535.97 | cr=11, dd=20, da=6, tlv=14, sm=64, rd=105.94, cd=0, um=0","Time elapsed: 9.20 seconds","/home/thomasverwaal/Robust-Rail-NL/mathematical-models/local_search_plans_discreet_120/plan_32_trains_32_units26.json"
"/home/thomasverwaal/Robust-Rail-NL/mathematical-models/scenarios_solver_types_120/scenario_solver_32_trains_32_units26.json","Cost of next node: Cost = 1,366.0 : 1,437.25 | cr=11, dd=18, da=6, tlv=14, sm=64, rd=104.06, cd=0, um=0","Time elapsed: 9.45 seconds","/home/thomasverwaal/Robust-Rail-NL/mathematical-models/local_search_plans_discreet_120/plan_32_trains_32_units26.json"
"/home/thomasverwaal/Robust-Rail-NL/mathematical-models/scenarios_solver_types_120/scenario_solver_32_trains_32_units26.json","Cost of next node: Cost = 1,341.0 : 1,407.25 | cr=10, dd=18, da=6, tlv=13, sm=64, rd=105.94, cd=0, um=0","Time elapsed: 9.66 seconds","/home/thomasverwaal/Robust-Rail-NL/mathematical-models/local_search_plans_discreet_120/plan_32_trains_32_units26.json"
"/home/thomasverwaal/Robust-Rail-NL/mathematical-models/scenarios_solver_types_120/scenario_solver_32_trains_32_units26.json","Cost of next node: Cost = 907.0 : 978.24 | cr=8, dd=10, da=5, tlv=14, sm=64, rd=98.44, cd=0, um=0","Time elapsed: 9.89 seconds","/home/thomasverwaal/Robust-Rail-NL/mathematical-models/local_search_plans_discreet_120/plan_32_trains_32_units26.json"
"/home/thomasverwaal/Robust-Rail-NL/mathematical-models/scenarios_solver_types_120/scenario_solver_32_trains_32_units26.json","Cost of next node: Cost = 882.6 : 948.84 | cr=13, dd=10, da=2, tlv=13, sm=64, rd=91.88, cd=0, um=0","Time elapsed: 9.98 seconds","/home/thomasverwaal/Robust-Rail-NL/mathematical-models/local_search_plans_discreet_120/plan_32_trains_32_units26.json"
"/home/thomasverwaal/Robust-Rail-NL/mathematical-models/scenarios_solver_types_120/scenario_solver_32_trains_32_units26.json","Cost of next node: Cost = 565.4 : 636.68 | cr=13, dd=4, da=1, tlv=14, sm=64, rd=80.62, cd=0, um=0","Time elapsed: 10.25 seconds","/home/thomasverwaal/Robust-Rail-NL/mathematical-models/local_search_plans_discreet_120/plan_32_trains_32_units26.json"
"/home/thomasverwaal/Robust-Rail-NL/mathematical-models/scenarios_solver_types_120/scenario_solver_32_trains_32_units26.json","Cost of next node: Cost = 335.0 : 411.28 | cr=11, dd=0, da=0, tlv=15, sm=64, rd=75.00, cd=0, um=0","Time elapsed: 10.54 seconds","/home/thomasverwaal/Robust-Rail-NL/mathematical-models/local_search_plans_discreet_120/plan_32_trains_32_units26.json"
"/home/thomasverwaal/Robust-Rail-NL/mathematical-models/scenarios_solver_types_120/scenario_solver_32_trains_32_units26.json","Cost of next node: Cost = 325.0 : 401.28 | cr=10, dd=0, da=0, tlv=15, sm=64, rd=75.00, cd=0, um=0","Time elapsed: 14.57 seconds","/home/thomasverwaal/Robust-Rail-NL/mathematical-models/local_search_plans_discreet_120/plan_32_trains_32_units26.json"
"/home/thomasverwaal/Robust-Rail-NL/mathematical-models/scenarios_solver_types_120/scenario_solver_32_trains_32_units26.json","Cost of next node: Cost = 315.0 : 391.28 | cr=9, dd=0, da=0, tlv=15, sm=64, rd=75.00, cd=0, um=0","Time elapsed: 17.82 seconds","/home/thomasverwaal/Robust-Rail-NL/mathematical-models/local_search_plans_discreet_120/plan_32_trains_32_units26.json"
"/home/thomasverwaal/Robust-Rail-NL/mathematical-models/scenarios_solver_types_120/scenario_solver_32_trains_32_units26.json","Cost of next node: Cost = 305.0 : 381.28 | cr=8, dd=0, da=0, tlv=15, sm=64, rd=75.00, cd=0, um=0","Time elapsed: 21.15 seconds","/home/thomasverwaal/Robust-Rail-NL/mathematical-models/local_search_plans_discreet_120/plan_32_trains_32_units26.json"
"/home/thomasverwaal/Robust-Rail-NL/mathematical-models/scenarios_solver_types_120/scenario_solver_32_trains_32_units26.json","Cost of next node: Cost = 295.0 : 371.28 | cr=7, dd=0, da=0, tlv=15, sm=64, rd=75.00, cd=0, um=0","Time elapsed: 23.93 seconds","/home/thomasverwaal/Robust-Rail-NL/mathematical-models/local_search_plans_discreet_120/plan_32_trains_32_units26.json"
"/home/thomasverwaal/Robust-Rail-NL/mathematical-models/scenarios_solver_types_120/scenario_solver_32_trains_32_units26.json","Cost of next node: Cost = 285.0 : 361.28 | cr=6, dd=0, da=0, tlv=15, sm=64, rd=75.00, cd=0, um=0","Time elapsed: 26.14 seconds","/home/thomasverwaal/Robust-Rail-NL/mathematical-models/local_search_plans_discreet_120/plan_32_trains_32_units26.json"
"/home/thomasverwaal/Robust-Rail-NL/mathematical-models/scenarios_solver_types_120/scenario_solver_32_trains_32_units26.json","Cost of next node: Cost = 275.0 : 351.28 | cr=5, dd=0, da=0, tlv=15, sm=64, rd=75.00, cd=0, um=0","Time elapsed: 28.11 seconds","/home/thomasverwaal/Robust-Rail-NL/mathematical-models/local_search_plans_discreet_120/plan_32_trains_32_units26.json"
"/home/thomasverwaal/Robust-Rail-NL/mathematical-models/scenarios_solver_types_120/scenario_solver_32_trains_32_units26.json","Cost of next node: Cost = 265.0 : 341.28 | cr=4, dd=0, da=0, tlv=15, sm=64, rd=75.00, cd=0, um=0","Time elapsed: 29.62 seconds","/home/thomasverwaal/Robust-Rail-NL/mathematical-models/local_search_plans_discreet_120/plan_32_trains_32_units26.json"
"/home/thomasverwaal/Robust-Rail-NL/mathematical-models/scenarios_solver_types_120/scenario_solver_32_trains_32_units26.json","Cost of next node: Cost = 255.0 : 331.28 | cr=3, dd=0, da=0, tlv=15, sm=64, rd=75.00, cd=0, um=0","Time elapsed: 30.96 seconds","/home/thomasverwaal/Robust-Rail-NL/mathematical-models/local_search_plans_discreet_120/plan_32_trains_32_units26.json"
"/home/thomasverwaal/Robust-Rail-NL/mathematical-models/scenarios_solver_types_120/scenario_solver_32_trains_32_units26.json","Cost of next node: Cost = 240.0 : 311.28 | cr=3, dd=0, da=0, tlv=14, sm=64, rd=76.88, cd=0, um=0","Time elapsed: 37.96 seconds","/home/thomasverwaal/Robust-Rail-NL/mathematical-models/local_search_plans_discreet_120/plan_32_trains_32_units26.json"
"/home/thomasverwaal/Robust-Rail-NL/mathematical-models/scenarios_solver_types_120/scenario_solver_32_trains_32_units26.json","Cost of next node: Cost = 230.0 : 301.30 | cr=2, dd=0, da=0, tlv=14, sm=65, rd=77.54, cd=0, um=0","Time elapsed: 43.72 seconds","/home/thomasverwaal/Robust-Rail-NL/mathematical-models/local_search_plans_discreet_120/plan_32_trains_32_units26.json"
"/home/thomasverwaal/Robust-Rail-NL/mathematical-models/scenarios_solver_types_120/scenario_solver_32_trains_32_units26.json","Cost of next node: Cost = 220.0 : 291.30 | cr=1, dd=0, da=0, tlv=14, sm=65, rd=77.54, cd=0, um=0","Time elapsed: 60.00 seconds","/home/thomasverwaal/Robust-Rail-NL/mathematical-models/local_search_plans_discreet_120/plan_32_trains_32_units26.json"
"/home/thomasverwaal/Robust-Rail-NL/mathematical-models/scenarios_solver_types_120/scenario_solver_32_trains_32_units26.json","Cost of next node: Cost = 205.0 : 271.32 | cr=1, dd=0, da=0, tlv=13, sm=66, rd=80.00, cd=0, um=0","Time elapsed: 157.49 seconds","/home/thomasverwaal/Robust-Rail-NL/mathematical-models/local_search_plans_discreet_120/plan_32_trains_32_units26.json"
"/home/thomasverwaal/Robust-Rail-NL/mathematical-models/scenarios_solver_types_120/scenario_solver_32_trains_32_units26.json","NO_COST_FOUND","NO_TIME_FOUND","NO_PLAN_CREATED"
"/home/thomasverwaal/Robust-Rail-NL/mathematical-models/scenarios_solver_types_120/scenario_solver_32_trains_32_units27.json","Cost of next node: Cost = 2,846.0 : 2,852.27 | cr=50, dd=32, da=29, tlv=1, sm=64, rd=185.62, cd=0, um=0","Time elapsed: 2.09 seconds","/home/thomasverwaal/Robust-Rail-NL/mathematical-models/local_search_plans_discreet_120/plan_32_trains_32_units27.json"
"/home/thomasverwaal/Robust-Rail-NL/mathematical-models/scenarios_solver_types_120/scenario_solver_32_trains_32_units27.json","Cost of next node: Cost = 2,825.4 : 2,836.69 | cr=51, dd=32, da=27, tlv=2, sm=64, rd=181.88, cd=0, um=0","Time elapsed: 2.31 seconds","/home/thomasverwaal/Robust-Rail-NL/mathematical-models/local_search_plans_discreet_120/plan_32_trains_32_units27.json"
"/home/thomasverwaal/Robust-Rail-NL/mathematical-models/scenarios_solver_types_120/scenario_solver_32_trains_32_units27.json","Cost of next node: Cost = 2,792.2 : 2,808.51 | cr=47, dd=32, da=26, tlv=3, sm=64, rd=181.88, cd=0, um=0","Time elapsed: 2.35 seconds","/home/thomasverwaal/Robust-Rail-NL/mathematical-models/local_search_plans_discreet_120/plan_32_trains_32_units27.json"
"/home/thomasverwaal/Robust-Rail-NL/mathematical-models/scenarios_solver_types_120/scenario_solver_32_trains_32_units27.json","Cost of next node: Cost = 2,767.4 : 2,783.63 | cr=50, dd=32, da=23, tlv=3, sm=64, rd=183.75, cd=0, um=0","Time elapsed: 2.42 seconds","/home/thomasverwaal/Robust-Rail-NL/mathematical-models/local_search_plans_discreet_120/plan_32_trains_32_units27.json"
"/home/thomasverwaal/Robust-Rail-NL/mathematical-models/scenarios_solver_types_120/scenario_solver_32_trains_32_units27.json","Cost of next node: Cost = 2,743.3 : 2,764.57 | cr=50, dd=32, da=21, tlv=4, sm=64, rd=181.88, cd=0, um=0","Time elapsed: 2.52 seconds","/home/thomasverwaal/Robust-Rail-NL/mathematical-models/local_search_plans_discreet_120/plan_32_trains_32_units27.json"
"/home/thomasverwaal/Robust-Rail-NL/mathematical-models/scenarios_solver_types_120/scenario_solver_32_trains_32_units27.json","Cost of next node: Cost = 2,683.8 : 2,705.08 | cr=48, dd=32, da=19, tlv=4, sm=64, rd=180.00, cd=0, um=0","Time elapsed: 2.57 seconds","/home/thomasverwaal/Robust-Rail-NL/mathematical-models/local_search_plans_discreet_120/plan_32_trains_32_units27.json"
"/home/thomasverwaal/Robust-Rail-NL/mathematical-models/scenarios_solver_types_120/scenario_solver_32_trains_32_units27.json","Cost of next node: Cost = 2,627.8 : 2,654.08 | cr=40, dd=32, da=19, tlv=5, sm=64, rd=182.81, cd=0, um=0","Time elapsed: 2.69 seconds","/home/thomasverwaal/Robust-Rail-NL/mathematical-models/local_search_plans_discreet_120/plan_32_trains_32_units27.json"
"/home/thomasverwaal/Robust-Rail-NL/mathematical-models/scenarios_solver_types_120/scenario_solver_32_trains_32_units27.json","Cost of next node: Cost = 2,605.0 : 2,636.26 | cr=37, dd=32, da=19, tlv=6, sm=64, rd=178.12, cd=0, um=0","Time elapsed: 2.79 seconds","/home/thomasverwaal/Robust-Rail-NL/mathematical-models/local_search_plans_discreet_120/plan_32_trains_32_units27.json"
"/home/thomasverwaal/Robust-Rail-NL/mathematical-models/scenarios_solver_types_120/scenario_solver_32_trains_32_units27.json","Cost of next node: Cost = 2,576.5 : 2,607.77 | cr=38, dd=32, da=17, tlv=6, sm=64, rd=176.25, cd=0, um=0","Time elapsed: 2.85 seconds","/home/thomasverwaal/Robust-Rail-NL/mathematical-models/local_search_plans_discreet_120/plan_32_trains_32_units27.json"
"/home/thomasverwaal/Robust-Rail-NL/mathematical-models/scenarios_solver_types_120/scenario_solver_32_trains_32_units27.json","Cost of next node: Cost = 2,551.4 : 2,582.66 | cr=40, dd=32, da=15, tlv=6, sm=64, rd=172.50, cd=0, um=0","Time elapsed: 2.93 seconds","/home/thomasverwaal/Robust-Rail-NL/mathematical-models/local_search_plans_discreet_120/plan_32_trains_32_units27.json"
"/home/thomasverwaal/Robust-Rail-NL/mathematical-models/scenarios_solver_types_120/scenario_solver_32_trains_32_units27.json","Cost of next node: Cost = 2,525.6 : 2,556.84 | cr=38, dd=32, da=15, tlv=6, sm=64, rd=168.75, cd=0, um=0","Time elapsed: 3.02 seconds","/home/thomasverwaal/Robust-Rail-NL/mathematical-models/local_search_plans_discreet_120/plan_32_trains_32_units27.json"
"/home/thomasverwaal/Robust-Rail-NL/mathematical-models/scenarios_solver_types_120/scenario_solver_32_trains_32_units27.json","Cost of next node: Cost = 2,497.0 : 2,533.31 | cr=36, dd=32, da=15, tlv=7, sm=64, rd=163.12, cd=0, um=0","Time elapsed: 3.11 seconds","/home/thomasverwaal/Robust-Rail-NL/mathematical-models/local_search_plans_discreet_120/plan_32_trains_32_units27.json"
"/home/thomasverwaal/Robust-Rail-NL/mathematical-models/scenarios_solver_types_120/scenario_solver_32_trains_32_units27.json","Cost of next node: Cost = 2,464.4 : 2,500.68 | cr=33, dd=32, da=15, tlv=7, sm=64, rd=161.25, cd=0, um=0","Time elapsed: 3.20 seconds","/home/thomasverwaal/Robust-Rail-NL/mathematical-models/local_search_plans_discreet_120/plan_32_trains_32_units27.json"
"/home/thomasverwaal/Robust-Rail-NL/mathematical-models/scenarios_solver_types_120/scenario_solver_32_trains_32_units27.json","Cost of next node: Cost = 2,436.0 : 2,472.28 | cr=32, dd=32, da=15, tlv=7, sm=64, rd=153.75, cd=0, um=0","Time elapsed: 3.30 seconds","/home/thomasverwaal/Robust-Rail-NL/mathematical-models/local_search_plans_discreet_120/plan_32_trains_32_units27.json"
"/home/thomasverwaal/Robust-Rail-NL/mathematical-models/scenarios_solver_types_120/scenario_solver_32_trains_32_units27.json","Cost of next node: Cost = 2,401.0 : 2,442.28 | cr=27, dd=32, da=15, tlv=8, sm=64, rd=153.75, cd=0, um=0","Time elapsed: 3.40 seconds","/home/thomasverwaal/Robust-Rail-NL/mathematical-models/local_search_plans_discreet_120/plan_32_trains_32_units27.json"
"/home/thomasverwaal/Robust-Rail-NL/mathematical-models/scenarios_solver_types_120/scenario_solver_32_trains_32_units27.json","Cost of next node: Cost = 2,325.6 : 2,366.85 | cr=29, dd=32, da=11, tlv=8, sm=64, rd=148.12, cd=0, um=0","Time elapsed: 3.53 seconds","/home/thomasverwaal/Robust-Rail-NL/mathematical-models/local_search_plans_discreet_120/plan_32_trains_32_units27.json"
"/home/thomasverwaal/Robust-Rail-NL/mathematical-models/scenarios_solver_types_120/scenario_solver_32_trains_32_units27.json","Cost of next node: Cost = 2,293.7 : 2,329.95 | cr=27, dd=32, da=11, tlv=7, sm=64, rd=150.00, cd=0, um=0","Time elapsed: 3.68 seconds","/home/thomasverwaal/Robust-Rail-NL/mathematical-models/local_search_plans_discreet_120/plan_32_trains_32_units27.json"
"/home/thomasverwaal/Robust-Rail-NL/mathematical-models/scenarios_solver_types_120/scenario_solver_32_trains_32_units27.json","Cost of next node: Cost = 2,268.9 : 2,310.14 | cr=22, dd=32, da=11, tlv=8, sm=64, rd=154.69, cd=0, um=0","Time elapsed: 3.87 seconds","/home/thomasverwaal/Robust-Rail-NL/mathematical-models/local_search_plans_discreet_120/plan_32_trains_32_units27.json"
"/home/thomasverwaal/Robust-Rail-NL/mathematical-models/scenarios_solver_types_120/scenario_solver_32_trains_32_units27.json","Cost of next node: Cost = 2,244.9 : 2,281.14 | cr=21, dd=32, da=11, tlv=7, sm=64, rd=156.56, cd=0, um=0","Time elapsed: 4.09 seconds","/home/thomasverwaal/Robust-Rail-NL/mathematical-models/local_search_plans_discreet_120/plan_32_trains_32_units27.json"
"/home/thomasverwaal/Robust-Rail-NL/mathematical-models/scenarios_solver_types_120/scenario_solver_32_trains_32_units27.json","Cost of next node: Cost = 2,216.0 : 2,257.29 | cr=14, dd=32, da=11, tlv=8, sm=64, rd=162.19, cd=0, um=0","Time elapsed: 4.31 seconds","/home/thomasverwaal/Robust-Rail-NL/mathematical-models/local_search_plans_discreet_120/plan_32_trains_32_units27.json"
"/home/thomasverwaal/Robust-Rail-NL/mathematical-models/scenarios_solver_types_120/scenario_solver_32_trains_32_units27.json","Cost of next node: Cost = 2,175.1 : 2,221.39 | cr=13, dd=32, da=10, tlv=9, sm=64, rd=154.69, cd=0, um=0","Time elapsed: 4.63 seconds","/home/thomasverwaal/Robust-Rail-NL/mathematical-models/local_search_plans_discreet_120/plan_32_trains_32_units27.json"
"/home/thomasverwaal/Robust-Rail-NL/mathematical-models/scenarios_solver_types_120/scenario_solver_32_trains_32_units27.json","Cost of next node: Cost = 2,149.0 : 2,195.31 | cr=13, dd=32, da=9, tlv=9, sm=64, rd=152.81, cd=0, um=0","Time elapsed: 4.99 seconds","/home/thomasverwaal/Robust-Rail-NL/mathematical-models/local_search_plans_discreet_120/plan_32_trains_32_units27.json"
"/home/thomasverwaal/Robust-Rail-NL/mathematical-models/scenarios_solver_types_120/scenario_solver_32_trains_32_units27.json","Cost of next node: Cost = 2,126.1 : 2,177.43 | cr=12, dd=32, da=8, tlv=10, sm=64, rd=149.06, cd=0, um=0","Time elapsed: 5.38 seconds","/home/thomasverwaal/Robust-Rail-NL/mathematical-models/local_search_plans_discreet_120/plan_32_trains_32_units27.json"
"/home/thomasverwaal/Robust-Rail-NL/mathematical-models/scenarios_solver_types_120/scenario_solver_32_trains_32_units27.json","Cost of next node: Cost = 2,103.3 : 2,159.62 | cr=13, dd=32, da=7, tlv=11, sm=64, rd=139.69, cd=0, um=0","Time elapsed: 5.84 seconds","/home/thomasverwaal/Robust-Rail-NL/mathematical-models/local_search_plans_discreet_120/plan_32_trains_32_units27.json"
"/home/thomasverwaal/Robust-Rail-NL/mathematical-models/scenarios_solver_types_120/scenario_solver_32_trains_32_units27.json","Cost of next node: Cost = 2,078.0 : 2,139.32 | cr=14, dd=32, da=5, tlv=12, sm=64, rd=134.06, cd=0, um=0","Time elapsed: 6.30 seconds","/home/thomasverwaal/Robust-Rail-NL/mathematical-models/local_search_plans_discreet_120/plan_32_trains_32_units27.json"
"/home/thomasverwaal/Robust-Rail-NL/mathematical-models/scenarios_solver_types_120/scenario_solver_32_trains_32_units27.json","Cost of next node: Cost = 2,057.5 : 2,118.77 | cr=12, dd=32, da=5, tlv=12, sm=64, rd=132.19, cd=0, um=0","Time elapsed: 6.62 seconds","/home/thomasverwaal/Robust-Rail-NL/mathematical-models/local_search_plans_discreet_120/plan_32_trains_32_units27.json"
"/home/thomasverwaal/Robust-Rail-NL/mathematical-models/scenarios_solver_types_120/scenario_solver_32_trains_32_units27.json","Cost of next node: Cost = 2,006.9 : 2,073.20 | cr=10, dd=32, da=4, tlv=13, sm=64, rd=122.81, cd=0, um=0","Time elapsed: 7.11 seconds","/home/thomasverwaal/Robust-Rail-NL/mathematical-models/local_search_plans_discreet_120/plan_32_trains_32_units27.json"
"/home/thomasverwaal/Robust-Rail-NL/mathematical-models/scenarios_solver_types_120/scenario_solver_32_trains_32_units27.json","Cost of next node: Cost = 1,975.2 : 2,046.45 | cr=11, dd=31, da=4, tlv=14, sm=64, rd=117.19, cd=0, um=0","Time elapsed: 7.30 seconds","/home/thomasverwaal/Robust-Rail-NL/mathematical-models/local_search_plans_discreet_120/plan_32_trains_32_units27.json"
"/home/thomasverwaal/Robust-Rail-NL/mathematical-models/scenarios_solver_types_120/scenario_solver_32_trains_32_units27.json","Cost of next node: Cost = 1,842.5 : 1,913.77 | cr=18, dd=27, da=4, tlv=14, sm=64, rd=106.88, cd=0, um=0","Time elapsed: 7.45 seconds","/home/thomasverwaal/Robust-Rail-NL/mathematical-models/local_search_plans_discreet_120/plan_32_trains_32_units27.json"
"/home/thomasverwaal/Robust-Rail-NL/mathematical-models/scenarios_solver_types_120/scenario_solver_32_trains_32_units27.json","Cost of next node: Cost = 1,789.5 : 1,865.73 | cr=18, dd=26, da=3, tlv=15, sm=64, rd=103.12, cd=0, um=0","Time elapsed: 7.62 seconds","/home/thomasverwaal/Robust-Rail-NL/mathematical-models/local_search_plans_discreet_120/plan_32_trains_32_units27.json"
"/home/thomasverwaal/Robust-Rail-NL/mathematical-models/scenarios_solver_types_120/scenario_solver_32_trains_32_units27.json","Cost of next node: Cost = 1,764.7 : 1,845.96 | cr=19, dd=25, da=3, tlv=16, sm=64, rd=101.25, cd=0, um=0","Time elapsed: 8.19 seconds","/home/thomasverwaal/Robust-Rail-NL/mathematical-models/local_search_plans_discreet_120/plan_32_trains_32_units27.json"
"/home/thomasverwaal/Robust-Rail-NL/mathematical-models/scenarios_solver_types_120/scenario_solver_32_trains_32_units27.json","Cost of next node: Cost = 1,739.3 : 1,815.62 | cr=18, dd=25, da=3, tlv=15, sm=64, rd=99.38, cd=0, um=0","Time elapsed: 8.58 seconds","/home/thomasverwaal/Robust-Rail-NL/mathematical-models/local_search_plans_discreet_120/plan_32_trains_32_units27.json"
"/home/thomasverwaal/Robust-Rail-NL/mathematical-models/scenarios_solver_types_120/scenario_solver_32_trains_32_units27.json","Cost of next node: Cost = 1,714.8 : 1,796.09 | cr=19, dd=24, da=3, tlv=16, sm=64, rd=97.50, cd=0, um=0","Time elapsed: 8.94 seconds","/home/thomasverwaal/Robust-Rail-NL/mathematical-models/local_search_plans_discreet_120/plan_32_trains_32_units27.json"
"/home/thomasverwaal/Robust-Rail-NL/mathematical-models/scenarios_solver_types_120/scenario_solver_32_trains_32_units27.json","Cost of next node: Cost = 1,690.8 : 1,767.05 | cr=18, dd=24, da=3, tlv=15, sm=64, rd=99.38, cd=0, um=0","Time elapsed: 9.18 seconds","/home/thomasverwaal/Robust-Rail-NL/mathematical-models/local_search_plans_discreet_120/plan_32_trains_32_units27.json"
"/home/thomasverwaal/Robust-Rail-NL/mathematical-models/scenarios_solver_types_120/scenario_solver_32_trains_32_units27.json","Cost of next node: Cost = 1,566.0 : 1,647.23 | cr=19, dd=21, da=3, tlv=16, sm=64, rd=93.75, cd=0, um=0","Time elapsed: 9.68 seconds","/home/thomasverwaal/Robust-Rail-NL/mathematical-models/local_search_plans_discreet_120/plan_32_trains_32_units27.json"
"/home/thomasverwaal/Robust-Rail-NL/mathematical-models/scenarios_solver_types_120/scenario_solver_32_trains_32_units27.json","Cost of next node: Cost = 1,541.0 : 1,617.23 | cr=18, dd=21, da=3, tlv=15, sm=64, rd=93.75, cd=0, um=0","Time elapsed: 9.92 seconds","/home/thomasverwaal/Robust-Rail-NL/mathematical-models/local_search_plans_discreet_120/plan_32_trains_32_units27.json"
"/home/thomasverwaal/Robust-Rail-NL/mathematical-models/scenarios_solver_types_120/scenario_solver_32_trains_32_units27.json","Cost of next node: Cost = 1,269.6 : 1,350.83 | cr=17, dd=16, da=2, tlv=16, sm=64, rd=86.25, cd=0, um=0","Time elapsed: 10.18 seconds","/home/thomasverwaal/Robust-Rail-NL/mathematical-models/local_search_plans_discreet_120/plan_32_trains_32_units27.json"
"/home/thomasverwaal/Robust-Rail-NL/mathematical-models/scenarios_solver_types_120/scenario_solver_32_trains_32_units27.json","Cost of next node: Cost = 1,244.2 : 1,330.48 | cr=18, dd=15, da=2, tlv=17, sm=64, rd=84.38, cd=0, um=0","Time elapsed: 10.35 seconds","/home/thomasverwaal/Robust-Rail-NL/mathematical-models/local_search_plans_discreet_120/plan_32_trains_32_units27.json"
"/home/thomasverwaal/Robust-Rail-NL/mathematical-models/scenarios_solver_types_120/scenario_solver_32_trains_32_units27.json","Cost of next node: Cost = 1,219.8 : 1,311.08 | cr=19, dd=14, da=2, tlv=18, sm=64, rd=82.50, cd=0, um=0","Time elapsed: 10.58 seconds","/home/thomasverwaal/Robust-Rail-NL/mathematical-models/local_search_plans_discreet_120/plan_32_trains_32_units27.json"
"/home/thomasverwaal/Robust-Rail-NL/mathematical-models/scenarios_solver_types_120/scenario_solver_32_trains_32_units27.json","Cost of next node: Cost = 1,194.8 : 1,281.08 | cr=18, dd=14, da=2, tlv=17, sm=64, rd=84.38, cd=0, um=0","Time elapsed: 10.94 seconds","/home/thomasverwaal/Robust-Rail-NL/mathematical-models/local_search_plans_discreet_120/plan_32_trains_32_units27.json"
"/home/thomasverwaal/Robust-Rail-NL/mathematical-models/scenarios_solver_types_120/scenario_solver_32_trains_32_units27.json","Cost of next node: Cost = 1,159.8 : 1,241.08 | cr=16, dd=14, da=2, tlv=16, sm=64, rd=86.25, cd=0, um=0","Time elapsed: 11.16 seconds","/home/thomasverwaal/Robust-Rail-NL/mathematical-models/local_search_plans_discreet_120/plan_32_trains_32_units27.json"
"/home/thomasverwaal/Robust-Rail-NL/mathematical-models/scenarios_solver_types_120/scenario_solver_32_trains_32_units27.json","Cost of next node: Cost = 681.3 : 767.58 | cr=15, dd=5, da=1, tlv=17, sm=64, rd=75.00, cd=0, um=0","Time elapsed: 11.39 seconds","/home/thomasverwaal/Robust-Rail-NL/mathematical-models/local_search_plans_discreet_120/plan_32_trains_32_units27.json"
"/home/thomasverwaal/Robust-Rail-NL/mathematical-models/scenarios_solver_types_120/scenario_solver_32_trains_32_units27.json","Cost of next node: Cost = 400.0 : 491.28 | cr=13, dd=0, da=0, tlv=18, sm=64, rd=69.38, cd=0, um=0","Time elapsed: 11.89 seconds","/home/thomasverwaal/Robust-Rail-NL/mathematical-models/local_search_plans_discreet_120/plan_32_trains_32_units27.json"
"/home/thomasverwaal/Robust-Rail-NL/mathematical-models/scenarios_solver_types_120/scenario_solver_32_trains_32_units27.json","Cost of next node: Cost = 385.0 : 471.30 | cr=13, dd=0, da=0, tlv=17, sm=65, rd=70.15, cd=0, um=0","Time elapsed: 18.41 seconds","/home/thomasverwaal/Robust-Rail-NL/mathematical-models/local_search_plans_discreet_120/plan_32_trains_32_units27.json"
"/home/thomasverwaal/Robust-Rail-NL/mathematical-models/scenarios_solver_types_120/scenario_solver_32_trains_32_units27.json","Cost of next node: Cost = 375.0 : 461.30 | cr=12, dd=0, da=0, tlv=17, sm=65, rd=70.15, cd=0, um=0","Time elapsed: 24.25 seconds","/home/thomasverwaal/Robust-Rail-NL/mathematical-models/local_search_plans_discreet_120/plan_32_trains_32_units27.json"
"/home/thomasverwaal/Robust-Rail-NL/mathematical-models/scenarios_solver_types_120/scenario_solver_32_trains_32_units27.json","Cost of next node: Cost = 360.0 : 441.30 | cr=12, dd=0, da=0, tlv=16, sm=65, rd=72.00, cd=0, um=0","Time elapsed: 29.54 seconds","/home/thomasverwaal/Robust-Rail-NL/mathematical-models/local_search_plans_discreet_120/plan_32_trains_32_units27.json"
"/home/thomasverwaal/Robust-Rail-NL/mathematical-models/scenarios_solver_types_120/scenario_solver_32_trains_32_units27.json","Cost of next node: Cost = 345.0 : 421.30 | cr=12, dd=0, da=0, tlv=15, sm=65, rd=73.85, cd=0, um=0","Time elapsed: 34.89 seconds","/home/thomasverwaal/Robust-Rail-NL/mathematical-models/local_search_plans_discreet_120/plan_32_trains_32_units27.json"
"/home/thomasverwaal/Robust-Rail-NL/mathematical-models/scenarios_solver_types_120/scenario_solver_32_trains_32_units27.json","Cost of next node: Cost = 335.0 : 411.30 | cr=11, dd=0, da=0, tlv=15, sm=65, rd=73.85, cd=0, um=0","Time elapsed: 39.42 seconds","/home/thomasverwaal/Robust-Rail-NL/mathematical-models/local_search_plans_discreet_120/plan_32_trains_32_units27.json"
"/home/thomasverwaal/Robust-Rail-NL/mathematical-models/scenarios_solver_types_120/scenario_solver_32_trains_32_units27.json","Cost of next node: Cost = 325.0 : 401.30 | cr=10, dd=0, da=0, tlv=15, sm=65, rd=73.85, cd=0, um=0","Time elapsed: 43.47 seconds","/home/thomasverwaal/Robust-Rail-NL/mathematical-models/local_search_plans_discreet_120/plan_32_trains_32_units27.json"
"/home/thomasverwaal/Robust-Rail-NL/mathematical-models/scenarios_solver_types_120/scenario_solver_32_trains_32_units27.json","Cost of next node: Cost = 315.0 : 391.30 | cr=9, dd=0, da=0, tlv=15, sm=65, rd=73.85, cd=0, um=0","Time elapsed: 46.87 seconds","/home/thomasverwaal/Robust-Rail-NL/mathematical-models/local_search_plans_discreet_120/plan_32_trains_32_units27.json"
"/home/thomasverwaal/Robust-Rail-NL/mathematical-models/scenarios_solver_types_120/scenario_solver_32_trains_32_units27.json","Cost of next node: Cost = 305.0 : 381.30 | cr=8, dd=0, da=0, tlv=15, sm=65, rd=73.85, cd=0, um=0","Time elapsed: 49.70 seconds","/home/thomasverwaal/Robust-Rail-NL/mathematical-models/local_search_plans_discreet_120/plan_32_trains_32_units27.json"
"/home/thomasverwaal/Robust-Rail-NL/mathematical-models/scenarios_solver_types_120/scenario_solver_32_trains_32_units27.json","Cost of next node: Cost = 290.0 : 361.32 | cr=8, dd=0, da=0, tlv=14, sm=66, rd=74.55, cd=0, um=0","Time elapsed: 52.05 seconds","/home/thomasverwaal/Robust-Rail-NL/mathematical-models/local_search_plans_discreet_120/plan_32_trains_32_units27.json"
"/home/thomasverwaal/Robust-Rail-NL/mathematical-models/scenarios_solver_types_120/scenario_solver_32_trains_32_units27.json","Cost of next node: Cost = 280.0 : 351.32 | cr=7, dd=0, da=0, tlv=14, sm=66, rd=74.55, cd=0, um=0","Time elapsed: 54.59 seconds","/home/thomasverwaal/Robust-Rail-NL/mathematical-models/local_search_plans_discreet_120/plan_32_trains_32_units27.json"
"/home/thomasverwaal/Robust-Rail-NL/mathematical-models/scenarios_solver_types_120/scenario_solver_32_trains_32_units27.json","Cost of next node: Cost = 270.0 : 341.32 | cr=6, dd=0, da=0, tlv=14, sm=66, rd=74.55, cd=0, um=0","Time elapsed: 56.55 seconds","/home/thomasverwaal/Robust-Rail-NL/mathematical-models/local_search_plans_discreet_120/plan_32_trains_32_units27.json"
"/home/thomasverwaal/Robust-Rail-NL/mathematical-models/scenarios_solver_types_120/scenario_solver_32_trains_32_units27.json","Cost of next node: Cost = 260.0 : 331.32 | cr=5, dd=0, da=0, tlv=14, sm=66, rd=74.55, cd=0, um=0","Time elapsed: 58.15 seconds","/home/thomasverwaal/Robust-Rail-NL/mathematical-models/local_search_plans_discreet_120/plan_32_trains_32_units27.json"
"/home/thomasverwaal/Robust-Rail-NL/mathematical-models/scenarios_solver_types_120/scenario_solver_32_trains_32_units27.json","Cost of next node: Cost = 250.0 : 321.32 | cr=4, dd=0, da=0, tlv=14, sm=66, rd=74.55, cd=0, um=0","Time elapsed: 59.54 seconds","/home/thomasverwaal/Robust-Rail-NL/mathematical-models/local_search_plans_discreet_120/plan_32_trains_32_units27.json"
"/home/thomasverwaal/Robust-Rail-NL/mathematical-models/scenarios_solver_types_120/scenario_solver_32_trains_32_units27.json","Cost of next node: Cost = 240.0 : 311.32 | cr=3, dd=0, da=0, tlv=14, sm=66, rd=74.55, cd=0, um=0","Time elapsed: 60.81 seconds","/home/thomasverwaal/Robust-Rail-NL/mathematical-models/local_search_plans_discreet_120/plan_32_trains_32_units27.json"
"/home/thomasverwaal/Robust-Rail-NL/mathematical-models/scenarios_solver_types_120/scenario_solver_32_trains_32_units27.json","Cost of next node: Cost = 230.0 : 301.30 | cr=2, dd=0, da=0, tlv=14, sm=65, rd=75.69, cd=0, um=0","Time elapsed: 136.64 seconds","/home/thomasverwaal/Robust-Rail-NL/mathematical-models/local_search_plans_discreet_120/plan_32_trains_32_units27.json"
"/home/thomasverwaal/Robust-Rail-NL/mathematical-models/scenarios_solver_types_120/scenario_solver_32_trains_32_units27.json","NO_COST_FOUND","NO_TIME_FOUND","NO_PLAN_CREATED"
