scenario,cost_line,time_line,plan_file
"/home/thomasverwaal/Robust-Rail-NL/mathematical-models/scenarios_solver_types_120/scenario_solver_32_trains_5_units19.json","Cost of next node: Cost = 2,794.9 : 2,796.16 | cr=45, dd=32, da=30, tlv=0, sm=64, rd=184.69, cd=0, um=0","Time elapsed: 4.40 seconds","/home/thomasverwaal/Robust-Rail-NL/mathematical-models/local_search_plans_discreet_120/plan_32_trains_5_units19.json"
"/home/thomasverwaal/Robust-Rail-NL/mathematical-models/scenarios_solver_types_120/scenario_solver_32_trains_5_units19.json","Cost of next node: Cost = 2,752.3 : 2,753.61 | cr=41, dd=32, da=30, tlv=0, sm=64, rd=183.75, cd=0, um=0","Time elapsed: 4.48 seconds","/home/thomasverwaal/Robust-Rail-NL/mathematical-models/local_search_plans_discreet_120/plan_32_trains_5_units19.json"
"/home/thomasverwaal/Robust-Rail-NL/mathematical-models/scenarios_solver_types_120/scenario_solver_32_trains_5_units19.json","Cost of next node: Cost = 2,728.2 : 2,729.52 | cr=39, dd=32, da=30, tlv=0, sm=64, rd=183.75, cd=0, um=0","Time elapsed: 4.55 seconds","/home/thomasverwaal/Robust-Rail-NL/mathematical-models/local_search_plans_discreet_120/plan_32_trains_5_units19.json"
"/home/thomasverwaal/Robust-Rail-NL/mathematical-models/scenarios_solver_types_120/scenario_solver_32_trains_5_units19.json","Cost of next node: Cost = 2,708.0 : 2,714.23 | cr=39, dd=32, da=29, tlv=1, sm=64, rd=180.94, cd=0, um=0","Time elapsed: 4.69 seconds","/home/thomasverwaal/Robust-Rail-NL/mathematical-models/local_search_plans_discreet_120/plan_32_trains_5_units19.json"
"/home/thomasverwaal/Robust-Rail-NL/mathematical-models/scenarios_solver_types_120/scenario_solver_32_trains_5_units19.json","Cost of next node: Cost = 2,686.6 : 2,697.86 | cr=35, dd=32, da=29, tlv=2, sm=64, rd=181.88, cd=0, um=0","Time elapsed: 4.81 seconds","/home/thomasverwaal/Robust-Rail-NL/mathematical-models/local_search_plans_discreet_120/plan_32_trains_5_units19.json"
"/home/thomasverwaal/Robust-Rail-NL/mathematical-models/scenarios_solver_types_120/scenario_solver_32_trains_5_units19.json","Cost of next node: Cost = 2,659.6 : 2,670.85 | cr=35, dd=32, da=28, tlv=2, sm=64, rd=178.12, cd=0, um=0","Time elapsed: 4.91 seconds","/home/thomasverwaal/Robust-Rail-NL/mathematical-models/local_search_plans_discreet_120/plan_32_trains_5_units19.json"
"/home/thomasverwaal/Robust-Rail-NL/mathematical-models/scenarios_solver_types_120/scenario_solver_32_trains_5_units19.json","Cost of next node: Cost = 2,600.7 : 2,617.02 | cr=29, dd=32, da=27, tlv=3, sm=64, rd=177.19, cd=0, um=0","Time elapsed: 5.02 seconds","/home/thomasverwaal/Robust-Rail-NL/mathematical-models/local_search_plans_discreet_120/plan_32_trains_5_units19.json"
"/home/thomasverwaal/Robust-Rail-NL/mathematical-models/scenarios_solver_types_120/scenario_solver_32_trains_5_units19.json","Cost of next node: Cost = 2,500.1 : 2,521.36 | cr=28, dd=32, da=22, tlv=4, sm=64, rd=172.50, cd=0, um=0","Time elapsed: 5.12 seconds","/home/thomasverwaal/Robust-Rail-NL/mathematical-models/local_search_plans_discreet_120/plan_32_trains_5_units19.json"
"/home/thomasverwaal/Robust-Rail-NL/mathematical-models/scenarios_solver_types_120/scenario_solver_32_trains_5_units19.json","Cost of next node: Cost = 2,457.4 : 2,483.70 | cr=28, dd=32, da=19, tlv=5, sm=64, rd=168.75, cd=0, um=0","Time elapsed: 5.30 seconds","/home/thomasverwaal/Robust-Rail-NL/mathematical-models/local_search_plans_discreet_120/plan_32_trains_5_units19.json"
"/home/thomasverwaal/Robust-Rail-NL/mathematical-models/scenarios_solver_types_120/scenario_solver_32_trains_5_units19.json","Cost of next node: Cost = 2,430.4 : 2,451.70 | cr=27, dd=32, da=19, tlv=4, sm=64, rd=166.88, cd=0, um=0","Time elapsed: 5.57 seconds","/home/thomasverwaal/Robust-Rail-NL/mathematical-models/local_search_plans_discreet_120/plan_32_trains_5_units19.json"
"/home/thomasverwaal/Robust-Rail-NL/mathematical-models/scenarios_solver_types_120/scenario_solver_32_trains_5_units19.json","Cost of next node: Cost = 2,403.9 : 2,430.14 | cr=30, dd=32, da=17, tlv=5, sm=64, rd=162.19, cd=0, um=0","Time elapsed: 5.75 seconds","/home/thomasverwaal/Robust-Rail-NL/mathematical-models/local_search_plans_discreet_120/plan_32_trains_5_units19.json"
"/home/thomasverwaal/Robust-Rail-NL/mathematical-models/scenarios_solver_types_120/scenario_solver_32_trains_5_units19.json","Cost of next node: Cost = 2,337.0 : 2,368.29 | cr=29, dd=32, da=14, tlv=6, sm=64, rd=159.38, cd=0, um=0","Time elapsed: 5.89 seconds","/home/thomasverwaal/Robust-Rail-NL/mathematical-models/local_search_plans_discreet_120/plan_32_trains_5_units19.json"
"/home/thomasverwaal/Robust-Rail-NL/mathematical-models/scenarios_solver_types_120/scenario_solver_32_trains_5_units19.json","Cost of next node: Cost = 2,308.6 : 2,344.86 | cr=30, dd=32, da=12, tlv=7, sm=64, rd=151.88, cd=0, um=0","Time elapsed: 6.07 seconds","/home/thomasverwaal/Robust-Rail-NL/mathematical-models/local_search_plans_discreet_120/plan_32_trains_5_units19.json"
"/home/thomasverwaal/Robust-Rail-NL/mathematical-models/scenarios_solver_types_120/scenario_solver_32_trains_5_units19.json","Cost of next node: Cost = 2,282.8 : 2,319.04 | cr=28, dd=32, da=12, tlv=7, sm=64, rd=150.00, cd=0, um=0","Time elapsed: 6.20 seconds","/home/thomasverwaal/Robust-Rail-NL/mathematical-models/local_search_plans_discreet_120/plan_32_trains_5_units19.json"
"/home/thomasverwaal/Robust-Rail-NL/mathematical-models/scenarios_solver_types_120/scenario_solver_32_trains_5_units19.json","Cost of next node: Cost = 2,258.9 : 2,295.20 | cr=28, dd=32, da=11, tlv=7, sm=64, rd=145.31, cd=0, um=0","Time elapsed: 6.54 seconds","/home/thomasverwaal/Robust-Rail-NL/mathematical-models/local_search_plans_discreet_120/plan_32_trains_5_units19.json"
"/home/thomasverwaal/Robust-Rail-NL/mathematical-models/scenarios_solver_types_120/scenario_solver_32_trains_5_units19.json","Cost of next node: Cost = 2,238.0 : 2,274.26 | cr=28, dd=32, da=10, tlv=7, sm=64, rd=142.50, cd=0, um=0","Time elapsed: 6.90 seconds","/home/thomasverwaal/Robust-Rail-NL/mathematical-models/local_search_plans_discreet_120/plan_32_trains_5_units19.json"
"/home/thomasverwaal/Robust-Rail-NL/mathematical-models/scenarios_solver_types_120/scenario_solver_32_trains_5_units19.json","Cost of next node: Cost = 2,208.0 : 2,244.25 | cr=26, dd=32, da=10, tlv=7, sm=64, rd=138.75, cd=0, um=0","Time elapsed: 7.11 seconds","/home/thomasverwaal/Robust-Rail-NL/mathematical-models/local_search_plans_discreet_120/plan_32_trains_5_units19.json"
"/home/thomasverwaal/Robust-Rail-NL/mathematical-models/scenarios_solver_types_120/scenario_solver_32_trains_5_units19.json","Cost of next node: Cost = 2,185.3 : 2,221.61 | cr=23, dd=32, da=10, tlv=7, sm=64, rd=143.44, cd=0, um=0","Time elapsed: 7.18 seconds","/home/thomasverwaal/Robust-Rail-NL/mathematical-models/local_search_plans_discreet_120/plan_32_trains_5_units19.json"
"/home/thomasverwaal/Robust-Rail-NL/mathematical-models/scenarios_solver_types_120/scenario_solver_32_trains_5_units19.json","Cost of next node: Cost = 2,131.0 : 2,167.25 | cr=24, dd=32, da=7, tlv=7, sm=64, rd=137.81, cd=0, um=0","Time elapsed: 7.68 seconds","/home/thomasverwaal/Robust-Rail-NL/mathematical-models/local_search_plans_discreet_120/plan_32_trains_5_units19.json"
"/home/thomasverwaal/Robust-Rail-NL/mathematical-models/scenarios_solver_types_120/scenario_solver_32_trains_5_units19.json","Cost of next node: Cost = 2,104.6 : 2,145.89 | cr=22, dd=32, da=6, tlv=8, sm=64, rd=132.19, cd=0, um=0","Time elapsed: 8.19 seconds","/home/thomasverwaal/Robust-Rail-NL/mathematical-models/local_search_plans_discreet_120/plan_32_trains_5_units19.json"
"/home/thomasverwaal/Robust-Rail-NL/mathematical-models/scenarios_solver_types_120/scenario_solver_32_trains_5_units19.json","Cost of next node: Cost = 2,074.0 : 2,120.26 | cr=20, dd=32, da=5, tlv=9, sm=64, rd=128.44, cd=0, um=0","Time elapsed: 8.84 seconds","/home/thomasverwaal/Robust-Rail-NL/mathematical-models/local_search_plans_discreet_120/plan_32_trains_5_units19.json"
"/home/thomasverwaal/Robust-Rail-NL/mathematical-models/scenarios_solver_types_120/scenario_solver_32_trains_5_units19.json","Cost of next node: Cost = 1,889.1 : 1,940.38 | cr=19, dd=29, da=4, tlv=10, sm=64, rd=119.06, cd=0, um=0","Time elapsed: 9.54 seconds","/home/thomasverwaal/Robust-Rail-NL/mathematical-models/local_search_plans_discreet_120/plan_32_trains_5_units19.json"
"/home/thomasverwaal/Robust-Rail-NL/mathematical-models/scenarios_solver_types_120/scenario_solver_32_trains_5_units19.json","Cost of next node: Cost = 1,839.0 : 1,890.29 | cr=19, dd=28, da=4, tlv=10, sm=64, rd=119.06, cd=0, um=0","Time elapsed: 9.70 seconds","/home/thomasverwaal/Robust-Rail-NL/mathematical-models/local_search_plans_discreet_120/plan_32_trains_5_units19.json"
"/home/thomasverwaal/Robust-Rail-NL/mathematical-models/scenarios_solver_types_120/scenario_solver_32_trains_5_units19.json","Cost of next node: Cost = 1,799.9 : 1,851.17 | cr=20, dd=27, da=4, tlv=10, sm=64, rd=119.06, cd=0, um=0","Time elapsed: 9.83 seconds","/home/thomasverwaal/Robust-Rail-NL/mathematical-models/local_search_plans_discreet_120/plan_32_trains_5_units19.json"
"/home/thomasverwaal/Robust-Rail-NL/mathematical-models/scenarios_solver_types_120/scenario_solver_32_trains_5_units19.json","Cost of next node: Cost = 1,766.2 : 1,817.44 | cr=22, dd=26, da=4, tlv=10, sm=64, rd=115.31, cd=0, um=0","Time elapsed: 9.93 seconds","/home/thomasverwaal/Robust-Rail-NL/mathematical-models/local_search_plans_discreet_120/plan_32_trains_5_units19.json"
"/home/thomasverwaal/Robust-Rail-NL/mathematical-models/scenarios_solver_types_120/scenario_solver_32_trains_5_units19.json","Cost of next node: Cost = 1,736.6 : 1,787.92 | cr=24, dd=25, da=4, tlv=10, sm=64, rd=114.38, cd=0, um=0","Time elapsed: 10.07 seconds","/home/thomasverwaal/Robust-Rail-NL/mathematical-models/local_search_plans_discreet_120/plan_32_trains_5_units19.json"
"/home/thomasverwaal/Robust-Rail-NL/mathematical-models/scenarios_solver_types_120/scenario_solver_32_trains_5_units19.json","Cost of next node: Cost = 1,711.9 : 1,758.15 | cr=23, dd=25, da=4, tlv=9, sm=64, rd=116.25, cd=0, um=0","Time elapsed: 10.30 seconds","/home/thomasverwaal/Robust-Rail-NL/mathematical-models/local_search_plans_discreet_120/plan_32_trains_5_units19.json"
"/home/thomasverwaal/Robust-Rail-NL/mathematical-models/scenarios_solver_types_120/scenario_solver_32_trains_5_units19.json","Cost of next node: Cost = 1,626.6 : 1,677.88 | cr=23, dd=23, da=4, tlv=10, sm=64, rd=114.38, cd=0, um=0","Time elapsed: 10.44 seconds","/home/thomasverwaal/Robust-Rail-NL/mathematical-models/local_search_plans_discreet_120/plan_32_trains_5_units19.json"
"/home/thomasverwaal/Robust-Rail-NL/mathematical-models/scenarios_solver_types_120/scenario_solver_32_trains_5_units19.json","Cost of next node: Cost = 1,573.0 : 1,629.29 | cr=23, dd=22, da=3, tlv=11, sm=64, rd=112.50, cd=0, um=0","Time elapsed: 10.62 seconds","/home/thomasverwaal/Robust-Rail-NL/mathematical-models/local_search_plans_discreet_120/plan_32_trains_5_units19.json"
"/home/thomasverwaal/Robust-Rail-NL/mathematical-models/scenarios_solver_types_120/scenario_solver_32_trains_5_units19.json","Cost of next node: Cost = 1,473.3 : 1,529.62 | cr=23, dd=20, da=3, tlv=11, sm=64, rd=106.88, cd=0, um=0","Time elapsed: 10.98 seconds","/home/thomasverwaal/Robust-Rail-NL/mathematical-models/local_search_plans_discreet_120/plan_32_trains_5_units19.json"
"/home/thomasverwaal/Robust-Rail-NL/mathematical-models/scenarios_solver_types_120/scenario_solver_32_trains_5_units19.json","Cost of next node: Cost = 1,418.5 : 1,479.73 | cr=21, dd=19, da=3, tlv=12, sm=64, rd=105.00, cd=0, um=0","Time elapsed: 11.31 seconds","/home/thomasverwaal/Robust-Rail-NL/mathematical-models/local_search_plans_discreet_120/plan_32_trains_5_units19.json"
"/home/thomasverwaal/Robust-Rail-NL/mathematical-models/scenarios_solver_types_120/scenario_solver_32_trains_5_units19.json","Cost of next node: Cost = 1,293.3 : 1,359.58 | cr=19, dd=17, da=2, tlv=13, sm=64, rd=104.06, cd=0, um=0","Time elapsed: 11.63 seconds","/home/thomasverwaal/Robust-Rail-NL/mathematical-models/local_search_plans_discreet_120/plan_32_trains_5_units19.json"
"/home/thomasverwaal/Robust-Rail-NL/mathematical-models/scenarios_solver_types_120/scenario_solver_32_trains_5_units19.json","Cost of next node: Cost = 1,225.9 : 1,297.18 | cr=18, dd=16, da=1, tlv=14, sm=64, rd=100.31, cd=0, um=0","Time elapsed: 12.10 seconds","/home/thomasverwaal/Robust-Rail-NL/mathematical-models/local_search_plans_discreet_120/plan_32_trains_5_units19.json"
"/home/thomasverwaal/Robust-Rail-NL/mathematical-models/scenarios_solver_types_120/scenario_solver_32_trains_5_units19.json","Cost of next node: Cost = 991.6 : 1,067.90 | cr=15, dd=12, da=0, tlv=15, sm=64, rd=92.81, cd=0, um=0","Time elapsed: 12.40 seconds","/home/thomasverwaal/Robust-Rail-NL/mathematical-models/local_search_plans_discreet_120/plan_32_trains_5_units19.json"
"/home/thomasverwaal/Robust-Rail-NL/mathematical-models/scenarios_solver_types_120/scenario_solver_32_trains_5_units19.json","Cost of next node: Cost = 650.5 : 731.78 | cr=15, dd=5, da=0, tlv=16, sm=64, rd=81.56, cd=0, um=0","Time elapsed: 12.82 seconds","/home/thomasverwaal/Robust-Rail-NL/mathematical-models/local_search_plans_discreet_120/plan_32_trains_5_units19.json"
"/home/thomasverwaal/Robust-Rail-NL/mathematical-models/scenarios_solver_types_120/scenario_solver_32_trains_5_units19.json","Cost of next node: Cost = 456.8 : 538.10 | cr=18, dd=0, da=1, tlv=17, sm=65, rd=79.38, cd=0, um=0","Time elapsed: 15.03 seconds","/home/thomasverwaal/Robust-Rail-NL/mathematical-models/local_search_plans_discreet_120/plan_32_trains_5_units19.json"
"/home/thomasverwaal/Robust-Rail-NL/mathematical-models/scenarios_solver_types_120/scenario_solver_32_trains_5_units19.json","Cost of next node: Cost = 415.0 : 496.30 | cr=16, dd=0, da=0, tlv=17, sm=65, rd=75.69, cd=0, um=0","Time elapsed: 15.38 seconds","/home/thomasverwaal/Robust-Rail-NL/mathematical-models/local_search_plans_discreet_120/plan_32_trains_5_units19.json"
"/home/thomasverwaal/Robust-Rail-NL/mathematical-models/scenarios_solver_types_120/scenario_solver_32_trains_5_units19.json","Cost of next node: Cost = 400.0 : 476.30 | cr=16, dd=0, da=0, tlv=16, sm=65, rd=77.54, cd=0, um=0","Time elapsed: 21.15 seconds","/home/thomasverwaal/Robust-Rail-NL/mathematical-models/local_search_plans_discreet_120/plan_32_trains_5_units19.json"
"/home/thomasverwaal/Robust-Rail-NL/mathematical-models/scenarios_solver_types_120/scenario_solver_32_trains_5_units19.json","Cost of next node: Cost = 385.0 : 456.30 | cr=16, dd=0, da=0, tlv=15, sm=65, rd=79.38, cd=0, um=0","Time elapsed: 27.26 seconds","/home/thomasverwaal/Robust-Rail-NL/mathematical-models/local_search_plans_discreet_120/plan_32_trains_5_units19.json"
"/home/thomasverwaal/Robust-Rail-NL/mathematical-models/scenarios_solver_types_120/scenario_solver_32_trains_5_units19.json","Cost of next node: Cost = 365.0 : 436.30 | cr=14, dd=0, da=0, tlv=15, sm=65, rd=79.38, cd=0, um=0","Time elapsed: 32.48 seconds","/home/thomasverwaal/Robust-Rail-NL/mathematical-models/local_search_plans_discreet_120/plan_32_trains_5_units19.json"
"/home/thomasverwaal/Robust-Rail-NL/mathematical-models/scenarios_solver_types_120/scenario_solver_32_trains_5_units19.json","Cost of next node: Cost = 350.0 : 416.30 | cr=14, dd=0, da=0, tlv=14, sm=65, rd=81.23, cd=0, um=0","Time elapsed: 37.62 seconds","/home/thomasverwaal/Robust-Rail-NL/mathematical-models/local_search_plans_discreet_120/plan_32_trains_5_units19.json"
"/home/thomasverwaal/Robust-Rail-NL/mathematical-models/scenarios_solver_types_120/scenario_solver_32_trains_5_units19.json","Cost of next node: Cost = 335.0 : 401.28 | cr=14, dd=0, da=0, tlv=13, sm=64, rd=82.50, cd=0, um=0","Time elapsed: 42.09 seconds","/home/thomasverwaal/Robust-Rail-NL/mathematical-models/local_search_plans_discreet_120/plan_32_trains_5_units19.json"
"/home/thomasverwaal/Robust-Rail-NL/mathematical-models/scenarios_solver_types_120/scenario_solver_32_trains_5_units19.json","Cost of next node: Cost = 325.0 : 391.28 | cr=13, dd=0, da=0, tlv=13, sm=64, rd=82.50, cd=0, um=0","Time elapsed: 45.93 seconds","/home/thomasverwaal/Robust-Rail-NL/mathematical-models/local_search_plans_discreet_120/plan_32_trains_5_units19.json"
"/home/thomasverwaal/Robust-Rail-NL/mathematical-models/scenarios_solver_types_120/scenario_solver_32_trains_5_units19.json","Cost of next node: Cost = 315.0 : 381.28 | cr=12, dd=0, da=0, tlv=13, sm=64, rd=82.50, cd=0, um=0","Time elapsed: 49.92 seconds","/home/thomasverwaal/Robust-Rail-NL/mathematical-models/local_search_plans_discreet_120/plan_32_trains_5_units19.json"
"/home/thomasverwaal/Robust-Rail-NL/mathematical-models/scenarios_solver_types_120/scenario_solver_32_trains_5_units19.json","Cost of next node: Cost = 305.0 : 371.28 | cr=11, dd=0, da=0, tlv=13, sm=64, rd=84.38, cd=0, um=0","Time elapsed: 53.52 seconds","/home/thomasverwaal/Robust-Rail-NL/mathematical-models/local_search_plans_discreet_120/plan_32_trains_5_units19.json"
"/home/thomasverwaal/Robust-Rail-NL/mathematical-models/scenarios_solver_types_120/scenario_solver_32_trains_5_units19.json","Cost of next node: Cost = 295.0 : 361.28 | cr=10, dd=0, da=0, tlv=13, sm=64, rd=84.38, cd=0, um=0","Time elapsed: 56.53 seconds","/home/thomasverwaal/Robust-Rail-NL/mathematical-models/local_search_plans_discreet_120/plan_32_trains_5_units19.json"
"/home/thomasverwaal/Robust-Rail-NL/mathematical-models/scenarios_solver_types_120/scenario_solver_32_trains_5_units19.json","Cost of next node: Cost = 285.0 : 351.28 | cr=9, dd=0, da=0, tlv=13, sm=64, rd=86.25, cd=0, um=0","Time elapsed: 59.00 seconds","/home/thomasverwaal/Robust-Rail-NL/mathematical-models/local_search_plans_discreet_120/plan_32_trains_5_units19.json"
"/home/thomasverwaal/Robust-Rail-NL/mathematical-models/scenarios_solver_types_120/scenario_solver_32_trains_5_units19.json","Cost of next node: Cost = 275.0 : 341.28 | cr=8, dd=0, da=0, tlv=13, sm=64, rd=86.25, cd=0, um=0","Time elapsed: 61.24 seconds","/home/thomasverwaal/Robust-Rail-NL/mathematical-models/local_search_plans_discreet_120/plan_32_trains_5_units19.json"
"/home/thomasverwaal/Robust-Rail-NL/mathematical-models/scenarios_solver_types_120/scenario_solver_32_trains_5_units19.json","Cost of next node: Cost = 265.0 : 331.28 | cr=7, dd=0, da=0, tlv=13, sm=64, rd=86.25, cd=0, um=0","Time elapsed: 62.92 seconds","/home/thomasverwaal/Robust-Rail-NL/mathematical-models/local_search_plans_discreet_120/plan_32_trains_5_units19.json"
"/home/thomasverwaal/Robust-Rail-NL/mathematical-models/scenarios_solver_types_120/scenario_solver_32_trains_5_units19.json","Cost of next node: Cost = 245.0 : 311.28 | cr=5, dd=0, da=0, tlv=13, sm=64, rd=90.00, cd=0, um=0","Time elapsed: 68.66 seconds","/home/thomasverwaal/Robust-Rail-NL/mathematical-models/local_search_plans_discreet_120/plan_32_trains_5_units19.json"
"/home/thomasverwaal/Robust-Rail-NL/mathematical-models/scenarios_solver_types_120/scenario_solver_32_trains_5_units19.json","Cost of next node: Cost = 230.0 : 291.30 | cr=5, dd=0, da=0, tlv=12, sm=65, rd=88.62, cd=0, um=0","Time elapsed: 69.68 seconds","/home/thomasverwaal/Robust-Rail-NL/mathematical-models/local_search_plans_discreet_120/plan_32_trains_5_units19.json"
"/home/thomasverwaal/Robust-Rail-NL/mathematical-models/scenarios_solver_types_120/scenario_solver_32_trains_5_units19.json","Cost of next node: Cost = 220.0 : 281.30 | cr=4, dd=0, da=0, tlv=12, sm=65, rd=88.62, cd=0, um=0","Time elapsed: 70.83 seconds","/home/thomasverwaal/Robust-Rail-NL/mathematical-models/local_search_plans_discreet_120/plan_32_trains_5_units19.json"
"/home/thomasverwaal/Robust-Rail-NL/mathematical-models/scenarios_solver_types_120/scenario_solver_32_trains_5_units19.json","Cost of next node: Cost = 210.0 : 271.30 | cr=3, dd=0, da=0, tlv=12, sm=65, rd=88.62, cd=0, um=0","Time elapsed: 82.59 seconds","/home/thomasverwaal/Robust-Rail-NL/mathematical-models/local_search_plans_discreet_120/plan_32_trains_5_units19.json"
"/home/thomasverwaal/Robust-Rail-NL/mathematical-models/scenarios_solver_types_120/scenario_solver_32_trains_5_units19.json","NO_COST_FOUND","NO_TIME_FOUND","NO_PLAN_CREATED"
"/home/thomasverwaal/Robust-Rail-NL/mathematical-models/scenarios_solver_types_120/scenario_solver_32_trains_5_units2.json","Cost of next node: Cost = 2,801.2 : 2,802.50 | cr=47, dd=32, da=30, tlv=0, sm=64, rd=178.12, cd=0, um=0","Time elapsed: 4.30 seconds","/home/thomasverwaal/Robust-Rail-NL/mathematical-models/local_search_plans_discreet_120/plan_32_trains_5_units2.json"
"/home/thomasverwaal/Robust-Rail-NL/mathematical-models/scenarios_solver_types_120/scenario_solver_32_trains_5_units2.json","Cost of next node: Cost = 2,758.5 : 2,759.73 | cr=47, dd=32, da=29, tlv=0, sm=64, rd=173.44, cd=0, um=0","Time elapsed: 4.50 seconds","/home/thomasverwaal/Robust-Rail-NL/mathematical-models/local_search_plans_discreet_120/plan_32_trains_5_units2.json"
"/home/thomasverwaal/Robust-Rail-NL/mathematical-models/scenarios_solver_types_120/scenario_solver_32_trains_5_units2.json","Cost of next node: Cost = 2,728.9 : 2,735.16 | cr=42, dd=32, da=29, tlv=1, sm=64, rd=176.25, cd=0, um=0","Time elapsed: 4.60 seconds","/home/thomasverwaal/Robust-Rail-NL/mathematical-models/local_search_plans_discreet_120/plan_32_trains_5_units2.json"
"/home/thomasverwaal/Robust-Rail-NL/mathematical-models/scenarios_solver_types_120/scenario_solver_32_trains_5_units2.json","Cost of next node: Cost = 2,577.7 : 2,579.00 | cr=46, dd=32, da=21, tlv=0, sm=64, rd=168.75, cd=0, um=0","Time elapsed: 4.74 seconds","/home/thomasverwaal/Robust-Rail-NL/mathematical-models/local_search_plans_discreet_120/plan_32_trains_5_units2.json"
"/home/thomasverwaal/Robust-Rail-NL/mathematical-models/scenarios_solver_types_120/scenario_solver_32_trains_5_units2.json","Cost of next node: Cost = 2,478.5 : 2,484.75 | cr=42, dd=32, da=17, tlv=1, sm=64, rd=165.94, cd=0, um=0","Time elapsed: 4.82 seconds","/home/thomasverwaal/Robust-Rail-NL/mathematical-models/local_search_plans_discreet_120/plan_32_trains_5_units2.json"
"/home/thomasverwaal/Robust-Rail-NL/mathematical-models/scenarios_solver_types_120/scenario_solver_32_trains_5_units2.json","Cost of next node: Cost = 2,456.8 : 2,463.04 | cr=42, dd=32, da=16, tlv=1, sm=64, rd=163.12, cd=0, um=0","Time elapsed: 4.98 seconds","/home/thomasverwaal/Robust-Rail-NL/mathematical-models/local_search_plans_discreet_120/plan_32_trains_5_units2.json"
"/home/thomasverwaal/Robust-Rail-NL/mathematical-models/scenarios_solver_types_120/scenario_solver_32_trains_5_units2.json","Cost of next node: Cost = 2,410.8 : 2,422.07 | cr=42, dd=32, da=13, tlv=2, sm=64, rd=159.38, cd=0, um=0","Time elapsed: 5.15 seconds","/home/thomasverwaal/Robust-Rail-NL/mathematical-models/local_search_plans_discreet_120/plan_32_trains_5_units2.json"
"/home/thomasverwaal/Robust-Rail-NL/mathematical-models/scenarios_solver_types_120/scenario_solver_32_trains_5_units2.json","Cost of next node: Cost = 2,388.1 : 2,399.40 | cr=41, dd=32, da=13, tlv=2, sm=64, rd=155.62, cd=0, um=0","Time elapsed: 5.47 seconds","/home/thomasverwaal/Robust-Rail-NL/mathematical-models/local_search_plans_discreet_120/plan_32_trains_5_units2.json"
"/home/thomasverwaal/Robust-Rail-NL/mathematical-models/scenarios_solver_types_120/scenario_solver_32_trains_5_units2.json","Cost of next node: Cost = 2,366.8 : 2,383.07 | cr=40, dd=32, da=13, tlv=3, sm=64, rd=148.12, cd=0, um=0","Time elapsed: 5.85 seconds","/home/thomasverwaal/Robust-Rail-NL/mathematical-models/local_search_plans_discreet_120/plan_32_trains_5_units2.json"
"/home/thomasverwaal/Robust-Rail-NL/mathematical-models/scenarios_solver_types_120/scenario_solver_32_trains_5_units2.json","Cost of next node: Cost = 2,346.1 : 2,362.41 | cr=40, dd=32, da=12, tlv=3, sm=64, rd=146.25, cd=0, um=0","Time elapsed: 6.18 seconds","/home/thomasverwaal/Robust-Rail-NL/mathematical-models/local_search_plans_discreet_120/plan_32_trains_5_units2.json"
"/home/thomasverwaal/Robust-Rail-NL/mathematical-models/scenarios_solver_types_120/scenario_solver_32_trains_5_units2.json","Cost of next node: Cost = 2,326.1 : 2,342.41 | cr=38, dd=32, da=12, tlv=3, sm=64, rd=146.25, cd=0, um=0","Time elapsed: 6.30 seconds","/home/thomasverwaal/Robust-Rail-NL/mathematical-models/local_search_plans_discreet_120/plan_32_trains_5_units2.json"
"/home/thomasverwaal/Robust-Rail-NL/mathematical-models/scenarios_solver_types_120/scenario_solver_32_trains_5_units2.json","Cost of next node: Cost = 2,298.5 : 2,319.79 | cr=36, dd=32, da=11, tlv=4, sm=64, rd=142.50, cd=0, um=0","Time elapsed: 6.74 seconds","/home/thomasverwaal/Robust-Rail-NL/mathematical-models/local_search_plans_discreet_120/plan_32_trains_5_units2.json"
"/home/thomasverwaal/Robust-Rail-NL/mathematical-models/scenarios_solver_types_120/scenario_solver_32_trains_5_units2.json","Cost of next node: Cost = 2,275.3 : 2,296.61 | cr=33, dd=32, da=11, tlv=4, sm=64, rd=146.25, cd=0, um=0","Time elapsed: 6.88 seconds","/home/thomasverwaal/Robust-Rail-NL/mathematical-models/local_search_plans_discreet_120/plan_32_trains_5_units2.json"
"/home/thomasverwaal/Robust-Rail-NL/mathematical-models/scenarios_solver_types_120/scenario_solver_32_trains_5_units2.json","Cost of next node: Cost = 2,253.2 : 2,279.45 | cr=28, dd=32, da=11, tlv=5, sm=64, rd=150.00, cd=0, um=0","Time elapsed: 6.97 seconds","/home/thomasverwaal/Robust-Rail-NL/mathematical-models/local_search_plans_discreet_120/plan_32_trains_5_units2.json"
"/home/thomasverwaal/Robust-Rail-NL/mathematical-models/scenarios_solver_types_120/scenario_solver_32_trains_5_units2.json","Cost of next node: Cost = 2,230.3 : 2,256.61 | cr=27, dd=32, da=11, tlv=5, sm=64, rd=146.25, cd=0, um=0","Time elapsed: 7.19 seconds","/home/thomasverwaal/Robust-Rail-NL/mathematical-models/local_search_plans_discreet_120/plan_32_trains_5_units2.json"
"/home/thomasverwaal/Robust-Rail-NL/mathematical-models/scenarios_solver_types_120/scenario_solver_32_trains_5_units2.json","Cost of next node: Cost = 2,210.0 : 2,236.23 | cr=23, dd=32, da=12, tlv=5, sm=64, rd=150.00, cd=0, um=0","Time elapsed: 7.38 seconds","/home/thomasverwaal/Robust-Rail-NL/mathematical-models/local_search_plans_discreet_120/plan_32_trains_5_units2.json"
"/home/thomasverwaal/Robust-Rail-NL/mathematical-models/scenarios_solver_types_120/scenario_solver_32_trains_5_units2.json","Cost of next node: Cost = 2,179.3 : 2,210.61 | cr=16, dd=32, da=12, tlv=6, sm=64, rd=155.62, cd=0, um=0","Time elapsed: 7.74 seconds","/home/thomasverwaal/Robust-Rail-NL/mathematical-models/local_search_plans_discreet_120/plan_32_trains_5_units2.json"
"/home/thomasverwaal/Robust-Rail-NL/mathematical-models/scenarios_solver_types_120/scenario_solver_32_trains_5_units2.json","Cost of next node: Cost = 2,157.8 : 2,184.11 | cr=17, dd=32, da=11, tlv=5, sm=64, rd=155.62, cd=0, um=0","Time elapsed: 7.93 seconds","/home/thomasverwaal/Robust-Rail-NL/mathematical-models/local_search_plans_discreet_120/plan_32_trains_5_units2.json"
"/home/thomasverwaal/Robust-Rail-NL/mathematical-models/scenarios_solver_types_120/scenario_solver_32_trains_5_units2.json","Cost of next node: Cost = 2,130.9 : 2,162.21 | cr=16, dd=32, da=10, tlv=6, sm=64, rd=150.00, cd=0, um=0","Time elapsed: 8.35 seconds","/home/thomasverwaal/Robust-Rail-NL/mathematical-models/local_search_plans_discreet_120/plan_32_trains_5_units2.json"
"/home/thomasverwaal/Robust-Rail-NL/mathematical-models/scenarios_solver_types_120/scenario_solver_32_trains_5_units2.json","Cost of next node: Cost = 2,107.0 : 2,138.28 | cr=14, dd=32, da=10, tlv=6, sm=64, rd=147.19, cd=0, um=0","Time elapsed: 9.02 seconds","/home/thomasverwaal/Robust-Rail-NL/mathematical-models/local_search_plans_discreet_120/plan_32_trains_5_units2.json"
"/home/thomasverwaal/Robust-Rail-NL/mathematical-models/scenarios_solver_types_120/scenario_solver_32_trains_5_units2.json","Cost of next node: Cost = 2,083.2 : 2,114.45 | cr=11, dd=32, da=10, tlv=6, sm=64, rd=148.12, cd=0, um=0","Time elapsed: 9.67 seconds","/home/thomasverwaal/Robust-Rail-NL/mathematical-models/local_search_plans_discreet_120/plan_32_trains_5_units2.json"
"/home/thomasverwaal/Robust-Rail-NL/mathematical-models/scenarios_solver_types_120/scenario_solver_32_trains_5_units2.json","Cost of next node: Cost = 2,062.8 : 2,094.08 | cr=9, dd=32, da=10, tlv=6, sm=64, rd=147.19, cd=0, um=0","Time elapsed: 10.47 seconds","/home/thomasverwaal/Robust-Rail-NL/mathematical-models/local_search_plans_discreet_120/plan_32_trains_5_units2.json"
"/home/thomasverwaal/Robust-Rail-NL/mathematical-models/scenarios_solver_types_120/scenario_solver_32_trains_5_units2.json","Cost of next node: Cost = 2,039.3 : 2,070.63 | cr=9, dd=32, da=10, tlv=6, sm=64, rd=135.94, cd=0, um=0","Time elapsed: 10.68 seconds","/home/thomasverwaal/Robust-Rail-NL/mathematical-models/local_search_plans_discreet_120/plan_32_trains_5_units2.json"
"/home/thomasverwaal/Robust-Rail-NL/mathematical-models/scenarios_solver_types_120/scenario_solver_32_trains_5_units2.json","Cost of next node: Cost = 2,021.2 : 2,057.52 | cr=10, dd=32, da=9, tlv=7, sm=64, rd=128.44, cd=0, um=0","Time elapsed: 11.38 seconds","/home/thomasverwaal/Robust-Rail-NL/mathematical-models/local_search_plans_discreet_120/plan_32_trains_5_units2.json"
"/home/thomasverwaal/Robust-Rail-NL/mathematical-models/scenarios_solver_types_120/scenario_solver_32_trains_5_units2.json","Cost of next node: Cost = 1,959.6 : 2,000.93 | cr=13, dd=30, da=9, tlv=8, sm=64, rd=127.50, cd=0, um=0","Time elapsed: 11.51 seconds","/home/thomasverwaal/Robust-Rail-NL/mathematical-models/local_search_plans_discreet_120/plan_32_trains_5_units2.json"
"/home/thomasverwaal/Robust-Rail-NL/mathematical-models/scenarios_solver_types_120/scenario_solver_32_trains_5_units2.json","Cost of next node: Cost = 1,902.4 : 1,943.64 | cr=12, dd=29, da=9, tlv=8, sm=64, rd=130.31, cd=0, um=0","Time elapsed: 11.55 seconds","/home/thomasverwaal/Robust-Rail-NL/mathematical-models/local_search_plans_discreet_120/plan_32_trains_5_units2.json"
"/home/thomasverwaal/Robust-Rail-NL/mathematical-models/scenarios_solver_types_120/scenario_solver_32_trains_5_units2.json","Cost of next node: Cost = 1,794.2 : 1,835.44 | cr=16, dd=26, da=9, tlv=8, sm=64, rd=128.44, cd=0, um=0","Time elapsed: 11.59 seconds","/home/thomasverwaal/Robust-Rail-NL/mathematical-models/local_search_plans_discreet_120/plan_32_trains_5_units2.json"
"/home/thomasverwaal/Robust-Rail-NL/mathematical-models/scenarios_solver_types_120/scenario_solver_32_trains_5_units2.json","Cost of next node: Cost = 1,744.5 : 1,785.75 | cr=16, dd=25, da=9, tlv=8, sm=64, rd=128.44, cd=0, um=0","Time elapsed: 11.64 seconds","/home/thomasverwaal/Robust-Rail-NL/mathematical-models/local_search_plans_discreet_120/plan_32_trains_5_units2.json"
"/home/thomasverwaal/Robust-Rail-NL/mathematical-models/scenarios_solver_types_120/scenario_solver_32_trains_5_units2.json","Cost of next node: Cost = 1,678.7 : 1,725.00 | cr=16, dd=24, da=8, tlv=9, sm=64, rd=120.94, cd=0, um=0","Time elapsed: 11.92 seconds","/home/thomasverwaal/Robust-Rail-NL/mathematical-models/local_search_plans_discreet_120/plan_32_trains_5_units2.json"
"/home/thomasverwaal/Robust-Rail-NL/mathematical-models/scenarios_solver_types_120/scenario_solver_32_trains_5_units2.json","Cost of next node: Cost = 1,449.2 : 1,495.48 | cr=18, dd=19, da=8, tlv=9, sm=64, rd=118.12, cd=0, um=0","Time elapsed: 11.96 seconds","/home/thomasverwaal/Robust-Rail-NL/mathematical-models/local_search_plans_discreet_120/plan_32_trains_5_units2.json"
"/home/thomasverwaal/Robust-Rail-NL/mathematical-models/scenarios_solver_types_120/scenario_solver_32_trains_5_units2.json","Cost of next node: Cost = 1,424.2 : 1,465.48 | cr=17, dd=19, da=8, tlv=8, sm=64, rd=118.12, cd=0, um=0","Time elapsed: 12.10 seconds","/home/thomasverwaal/Robust-Rail-NL/mathematical-models/local_search_plans_discreet_120/plan_32_trains_5_units2.json"
"/home/thomasverwaal/Robust-Rail-NL/mathematical-models/scenarios_solver_types_120/scenario_solver_32_trains_5_units2.json","Cost of next node: Cost = 1,403.1 : 1,449.37 | cr=19, dd=18, da=8, tlv=9, sm=64, rd=116.25, cd=0, um=0","Time elapsed: 12.28 seconds","/home/thomasverwaal/Robust-Rail-NL/mathematical-models/local_search_plans_discreet_120/plan_32_trains_5_units2.json"
"/home/thomasverwaal/Robust-Rail-NL/mathematical-models/scenarios_solver_types_120/scenario_solver_32_trains_5_units2.json","Cost of next node: Cost = 1,367.9 : 1,419.18 | cr=19, dd=17, da=8, tlv=10, sm=64, rd=114.38, cd=0, um=0","Time elapsed: 12.43 seconds","/home/thomasverwaal/Robust-Rail-NL/mathematical-models/local_search_plans_discreet_120/plan_32_trains_5_units2.json"
"/home/thomasverwaal/Robust-Rail-NL/mathematical-models/scenarios_solver_types_120/scenario_solver_32_trains_5_units2.json","Cost of next node: Cost = 1,287.9 : 1,344.20 | cr=19, dd=16, da=6, tlv=11, sm=64, rd=108.75, cd=0, um=0","Time elapsed: 12.73 seconds","/home/thomasverwaal/Robust-Rail-NL/mathematical-models/local_search_plans_discreet_120/plan_32_trains_5_units2.json"
"/home/thomasverwaal/Robust-Rail-NL/mathematical-models/scenarios_solver_types_120/scenario_solver_32_trains_5_units2.json","Cost of next node: Cost = 1,197.0 : 1,253.31 | cr=20, dd=14, da=6, tlv=11, sm=64, rd=108.75, cd=0, um=0","Time elapsed: 12.84 seconds","/home/thomasverwaal/Robust-Rail-NL/mathematical-models/local_search_plans_discreet_120/plan_32_trains_5_units2.json"
"/home/thomasverwaal/Robust-Rail-NL/mathematical-models/scenarios_solver_types_120/scenario_solver_32_trains_5_units2.json","Cost of next node: Cost = 1,097.0 : 1,153.29 | cr=20, dd=12, da=6, tlv=11, sm=64, rd=108.75, cd=0, um=0","Time elapsed: 12.95 seconds","/home/thomasverwaal/Robust-Rail-NL/mathematical-models/local_search_plans_discreet_120/plan_32_trains_5_units2.json"
"/home/thomasverwaal/Robust-Rail-NL/mathematical-models/scenarios_solver_types_120/scenario_solver_32_trains_5_units2.json","Cost of next node: Cost = 1,042.8 : 1,104.13 | cr=20, dd=11, da=5, tlv=12, sm=64, rd=106.88, cd=0, um=0","Time elapsed: 12.99 seconds","/home/thomasverwaal/Robust-Rail-NL/mathematical-models/local_search_plans_discreet_120/plan_32_trains_5_units2.json"
"/home/thomasverwaal/Robust-Rail-NL/mathematical-models/scenarios_solver_types_120/scenario_solver_32_trains_5_units2.json","Cost of next node: Cost = 1,017.9 : 1,074.13 | cr=19, dd=11, da=5, tlv=11, sm=64, rd=108.75, cd=0, um=0","Time elapsed: 13.06 seconds","/home/thomasverwaal/Robust-Rail-NL/mathematical-models/local_search_plans_discreet_120/plan_32_trains_5_units2.json"
"/home/thomasverwaal/Robust-Rail-NL/mathematical-models/scenarios_solver_types_120/scenario_solver_32_trains_5_units2.json","Cost of next node: Cost = 992.9 : 1,044.13 | cr=18, dd=11, da=5, tlv=10, sm=64, rd=108.75, cd=0, um=0","Time elapsed: 13.30 seconds","/home/thomasverwaal/Robust-Rail-NL/mathematical-models/local_search_plans_discreet_120/plan_32_trains_5_units2.json"
"/home/thomasverwaal/Robust-Rail-NL/mathematical-models/scenarios_solver_types_120/scenario_solver_32_trains_5_units2.json","Cost of next node: Cost = 968.8 : 1,020.08 | cr=19, dd=10, da=6, tlv=10, sm=64, rd=110.62, cd=0, um=0","Time elapsed: 13.37 seconds","/home/thomasverwaal/Robust-Rail-NL/mathematical-models/local_search_plans_discreet_120/plan_32_trains_5_units2.json"
"/home/thomasverwaal/Robust-Rail-NL/mathematical-models/scenarios_solver_types_120/scenario_solver_32_trains_5_units2.json","Cost of next node: Cost = 928.7 : 980.02 | cr=20, dd=9, da=6, tlv=10, sm=64, rd=108.75, cd=0, um=0","Time elapsed: 13.39 seconds","/home/thomasverwaal/Robust-Rail-NL/mathematical-models/local_search_plans_discreet_120/plan_32_trains_5_units2.json"
"/home/thomasverwaal/Robust-Rail-NL/mathematical-models/scenarios_solver_types_120/scenario_solver_32_trains_5_units2.json","Cost of next node: Cost = 801.9 : 858.18 | cr=18, dd=7, da=5, tlv=11, sm=64, rd=105.00, cd=0, um=0","Time elapsed: 13.61 seconds","/home/thomasverwaal/Robust-Rail-NL/mathematical-models/local_search_plans_discreet_120/plan_32_trains_5_units2.json"
"/home/thomasverwaal/Robust-Rail-NL/mathematical-models/scenarios_solver_types_120/scenario_solver_32_trains_5_units2.json","Cost of next node: Cost = 704.4 : 765.63 | cr=16, dd=6, da=3, tlv=12, sm=64, rd=102.19, cd=0, um=0","Time elapsed: 13.79 seconds","/home/thomasverwaal/Robust-Rail-NL/mathematical-models/local_search_plans_discreet_120/plan_32_trains_5_units2.json"
"/home/thomasverwaal/Robust-Rail-NL/mathematical-models/scenarios_solver_types_120/scenario_solver_32_trains_5_units2.json","Cost of next node: Cost = 603.8 : 665.03 | cr=16, dd=4, da=3, tlv=12, sm=64, rd=99.38, cd=0, um=0","Time elapsed: 13.91 seconds","/home/thomasverwaal/Robust-Rail-NL/mathematical-models/local_search_plans_discreet_120/plan_32_trains_5_units2.json"
"/home/thomasverwaal/Robust-Rail-NL/mathematical-models/scenarios_solver_types_120/scenario_solver_32_trains_5_units2.json","Cost of next node: Cost = 573.6 : 634.88 | cr=18, dd=3, da=3, tlv=12, sm=64, rd=99.38, cd=0, um=0","Time elapsed: 13.98 seconds","/home/thomasverwaal/Robust-Rail-NL/mathematical-models/local_search_plans_discreet_120/plan_32_trains_5_units2.json"
"/home/thomasverwaal/Robust-Rail-NL/mathematical-models/scenarios_solver_types_120/scenario_solver_32_trains_5_units2.json","Cost of next node: Cost = 533.4 : 594.63 | cr=19, dd=2, da=3, tlv=12, sm=64, rd=95.62, cd=0, um=0","Time elapsed: 14.05 seconds","/home/thomasverwaal/Robust-Rail-NL/mathematical-models/local_search_plans_discreet_120/plan_32_trains_5_units2.json"
"/home/thomasverwaal/Robust-Rail-NL/mathematical-models/scenarios_solver_types_120/scenario_solver_32_trains_5_units2.json","Cost of next node: Cost = 467.9 : 534.13 | cr=16, dd=1, da=3, tlv=13, sm=64, rd=91.88, cd=0, um=0","Time elapsed: 14.28 seconds","/home/thomasverwaal/Robust-Rail-NL/mathematical-models/local_search_plans_discreet_120/plan_32_trains_5_units2.json"
"/home/thomasverwaal/Robust-Rail-NL/mathematical-models/scenarios_solver_types_120/scenario_solver_32_trains_5_units2.json","Cost of next node: Cost = 390.9 : 462.18 | cr=16, dd=0, da=1, tlv=14, sm=64, rd=88.12, cd=0, um=0","Time elapsed: 14.56 seconds","/home/thomasverwaal/Robust-Rail-NL/mathematical-models/local_search_plans_discreet_120/plan_32_trains_5_units2.json"
"/home/thomasverwaal/Robust-Rail-NL/mathematical-models/scenarios_solver_types_120/scenario_solver_32_trains_5_units2.json","Cost of next node: Cost = 370.9 : 442.18 | cr=14, dd=0, da=1, tlv=14, sm=64, rd=90.00, cd=0, um=0","Time elapsed: 16.98 seconds","/home/thomasverwaal/Robust-Rail-NL/mathematical-models/local_search_plans_discreet_120/plan_32_trains_5_units2.json"
"/home/thomasverwaal/Robust-Rail-NL/mathematical-models/scenarios_solver_types_120/scenario_solver_32_trains_5_units2.json","Cost of next node: Cost = 355.9 : 422.18 | cr=14, dd=0, da=1, tlv=13, sm=64, rd=90.00, cd=0, um=0","Time elapsed: 19.32 seconds","/home/thomasverwaal/Robust-Rail-NL/mathematical-models/local_search_plans_discreet_120/plan_32_trains_5_units2.json"
"/home/thomasverwaal/Robust-Rail-NL/mathematical-models/scenarios_solver_types_120/scenario_solver_32_trains_5_units2.json","Cost of next node: Cost = 345.9 : 412.18 | cr=13, dd=0, da=1, tlv=13, sm=64, rd=90.00, cd=0, um=0","Time elapsed: 21.49 seconds","/home/thomasverwaal/Robust-Rail-NL/mathematical-models/local_search_plans_discreet_120/plan_32_trains_5_units2.json"
"/home/thomasverwaal/Robust-Rail-NL/mathematical-models/scenarios_solver_types_120/scenario_solver_32_trains_5_units2.json","Cost of next node: Cost = 335.9 : 402.18 | cr=12, dd=0, da=1, tlv=13, sm=64, rd=90.00, cd=0, um=0","Time elapsed: 23.71 seconds","/home/thomasverwaal/Robust-Rail-NL/mathematical-models/local_search_plans_discreet_120/plan_32_trains_5_units2.json"
"/home/thomasverwaal/Robust-Rail-NL/mathematical-models/scenarios_solver_types_120/scenario_solver_32_trains_5_units2.json","Cost of next node: Cost = 325.9 : 392.18 | cr=11, dd=0, da=1, tlv=13, sm=64, rd=90.00, cd=0, um=0","Time elapsed: 25.93 seconds","/home/thomasverwaal/Robust-Rail-NL/mathematical-models/local_search_plans_discreet_120/plan_32_trains_5_units2.json"
"/home/thomasverwaal/Robust-Rail-NL/mathematical-models/scenarios_solver_types_120/scenario_solver_32_trains_5_units2.json","Cost of next node: Cost = 315.9 : 382.18 | cr=10, dd=0, da=1, tlv=13, sm=64, rd=90.00, cd=0, um=0","Time elapsed: 27.95 seconds","/home/thomasverwaal/Robust-Rail-NL/mathematical-models/local_search_plans_discreet_120/plan_32_trains_5_units2.json"
"/home/thomasverwaal/Robust-Rail-NL/mathematical-models/scenarios_solver_types_120/scenario_solver_32_trains_5_units2.json","Cost of next node: Cost = 305.9 : 372.18 | cr=9, dd=0, da=1, tlv=13, sm=64, rd=90.00, cd=0, um=0","Time elapsed: 29.81 seconds","/home/thomasverwaal/Robust-Rail-NL/mathematical-models/local_search_plans_discreet_120/plan_32_trains_5_units2.json"
"/home/thomasverwaal/Robust-Rail-NL/mathematical-models/scenarios_solver_types_120/scenario_solver_32_trains_5_units2.json","Cost of next node: Cost = 295.9 : 362.18 | cr=8, dd=0, da=1, tlv=13, sm=64, rd=88.12, cd=0, um=0","Time elapsed: 31.41 seconds","/home/thomasverwaal/Robust-Rail-NL/mathematical-models/local_search_plans_discreet_120/plan_32_trains_5_units2.json"
"/home/thomasverwaal/Robust-Rail-NL/mathematical-models/scenarios_solver_types_120/scenario_solver_32_trains_5_units2.json","Cost of next node: Cost = 285.9 : 352.18 | cr=7, dd=0, da=1, tlv=13, sm=64, rd=86.25, cd=0, um=0","Time elapsed: 32.99 seconds","/home/thomasverwaal/Robust-Rail-NL/mathematical-models/local_search_plans_discreet_120/plan_32_trains_5_units2.json"
"/home/thomasverwaal/Robust-Rail-NL/mathematical-models/scenarios_solver_types_120/scenario_solver_32_trains_5_units2.json","Cost of next node: Cost = 275.9 : 342.18 | cr=6, dd=0, da=1, tlv=13, sm=64, rd=84.38, cd=0, um=0","Time elapsed: 34.45 seconds","/home/thomasverwaal/Robust-Rail-NL/mathematical-models/local_search_plans_discreet_120/plan_32_trains_5_units2.json"
"/home/thomasverwaal/Robust-Rail-NL/mathematical-models/scenarios_solver_types_120/scenario_solver_32_trains_5_units2.json","Cost of next node: Cost = 270.0 : 341.28 | cr=6, dd=0, da=0, tlv=14, sm=64, rd=82.50, cd=0, um=0","Time elapsed: 35.92 seconds","/home/thomasverwaal/Robust-Rail-NL/mathematical-models/local_search_plans_discreet_120/plan_32_trains_5_units2.json"
"/home/thomasverwaal/Robust-Rail-NL/mathematical-models/scenarios_solver_types_120/scenario_solver_32_trains_5_units2.json","Cost of next node: Cost = 255.0 : 321.30 | cr=6, dd=0, da=0, tlv=13, sm=65, rd=83.08, cd=0, um=0","Time elapsed: 37.64 seconds","/home/thomasverwaal/Robust-Rail-NL/mathematical-models/local_search_plans_discreet_120/plan_32_trains_5_units2.json"
"/home/thomasverwaal/Robust-Rail-NL/mathematical-models/scenarios_solver_types_120/scenario_solver_32_trains_5_units2.json","Cost of next node: Cost = 250.0 : 311.30 | cr=7, dd=0, da=0, tlv=12, sm=65, rd=84.92, cd=0, um=0","Time elapsed: 39.14 seconds","/home/thomasverwaal/Robust-Rail-NL/mathematical-models/local_search_plans_discreet_120/plan_32_trains_5_units2.json"
"/home/thomasverwaal/Robust-Rail-NL/mathematical-models/scenarios_solver_types_120/scenario_solver_32_trains_5_units2.json","Cost of next node: Cost = 240.0 : 301.30 | cr=6, dd=0, da=0, tlv=12, sm=65, rd=84.92, cd=0, um=0","Time elapsed: 64.83 seconds","/home/thomasverwaal/Robust-Rail-NL/mathematical-models/local_search_plans_discreet_120/plan_32_trains_5_units2.json"
"/home/thomasverwaal/Robust-Rail-NL/mathematical-models/scenarios_solver_types_120/scenario_solver_32_trains_5_units2.json","Cost of next node: Cost = 230.0 : 291.30 | cr=5, dd=0, da=0, tlv=12, sm=65, rd=86.77, cd=0, um=0","Time elapsed: 68.10 seconds","/home/thomasverwaal/Robust-Rail-NL/mathematical-models/local_search_plans_discreet_120/plan_32_trains_5_units2.json"
"/home/thomasverwaal/Robust-Rail-NL/mathematical-models/scenarios_solver_types_120/scenario_solver_32_trains_5_units2.json","Cost of next node: Cost = 220.0 : 281.34 | cr=4, dd=0, da=0, tlv=12, sm=67, rd=84.18, cd=0, um=0","Time elapsed: 96.16 seconds","/home/thomasverwaal/Robust-Rail-NL/mathematical-models/local_search_plans_discreet_120/plan_32_trains_5_units2.json"
"/home/thomasverwaal/Robust-Rail-NL/mathematical-models/scenarios_solver_types_120/scenario_solver_32_trains_5_units2.json","Cost of next node: Cost = 210.0 : 271.34 | cr=3, dd=0, da=0, tlv=12, sm=67, rd=84.18, cd=0, um=0","Time elapsed: 114.98 seconds","/home/thomasverwaal/Robust-Rail-NL/mathematical-models/local_search_plans_discreet_120/plan_32_trains_5_units2.json"
"/home/thomasverwaal/Robust-Rail-NL/mathematical-models/scenarios_solver_types_120/scenario_solver_32_trains_5_units2.json","NO_COST_FOUND","NO_TIME_FOUND","NO_PLAN_CREATED"
"/home/thomasverwaal/Robust-Rail-NL/mathematical-models/scenarios_solver_types_120/scenario_solver_32_trains_5_units20.json","Cost of next node: Cost = 2,748.3 : 2,749.54 | cr=42, dd=32, da=30, tlv=0, sm=64, rd=181.88, cd=0, um=0","Time elapsed: 4.30 seconds","/home/thomasverwaal/Robust-Rail-NL/mathematical-models/local_search_plans_discreet_120/plan_32_trains_5_units20.json"
"/home/thomasverwaal/Robust-Rail-NL/mathematical-models/scenarios_solver_types_120/scenario_solver_32_trains_5_units20.json","Cost of next node: Cost = 2,705.5 : 2,706.77 | cr=42, dd=32, da=29, tlv=0, sm=64, rd=177.19, cd=0, um=0","Time elapsed: 4.49 seconds","/home/thomasverwaal/Robust-Rail-NL/mathematical-models/local_search_plans_discreet_120/plan_32_trains_5_units20.json"
"/home/thomasverwaal/Robust-Rail-NL/mathematical-models/scenarios_solver_types_120/scenario_solver_32_trains_5_units20.json","Cost of next node: Cost = 2,650.4 : 2,656.64 | cr=39, dd=32, da=27, tlv=1, sm=64, rd=176.25, cd=0, um=0","Time elapsed: 4.61 seconds","/home/thomasverwaal/Robust-Rail-NL/mathematical-models/local_search_plans_discreet_120/plan_32_trains_5_units20.json"
"/home/thomasverwaal/Robust-Rail-NL/mathematical-models/scenarios_solver_types_120/scenario_solver_32_trains_5_units20.json","Cost of next node: Cost = 2,528.7 : 2,534.97 | cr=39, dd=32, da=21, tlv=1, sm=64, rd=172.50, cd=0, um=0","Time elapsed: 4.75 seconds","/home/thomasverwaal/Robust-Rail-NL/mathematical-models/local_search_plans_discreet_120/plan_32_trains_5_units20.json"
"/home/thomasverwaal/Robust-Rail-NL/mathematical-models/scenarios_solver_types_120/scenario_solver_32_trains_5_units20.json","Cost of next node: Cost = 2,503.4 : 2,514.64 | cr=32, dd=32, da=22, tlv=2, sm=64, rd=171.56, cd=0, um=0","Time elapsed: 4.86 seconds","/home/thomasverwaal/Robust-Rail-NL/mathematical-models/local_search_plans_discreet_120/plan_32_trains_5_units20.json"
"/home/thomasverwaal/Robust-Rail-NL/mathematical-models/scenarios_solver_types_120/scenario_solver_32_trains_5_units20.json","Cost of next node: Cost = 2,451.6 : 2,462.88 | cr=38, dd=32, da=17, tlv=2, sm=64, rd=167.81, cd=0, um=0","Time elapsed: 4.96 seconds","/home/thomasverwaal/Robust-Rail-NL/mathematical-models/local_search_plans_discreet_120/plan_32_trains_5_units20.json"
"/home/thomasverwaal/Robust-Rail-NL/mathematical-models/scenarios_solver_types_120/scenario_solver_32_trains_5_units20.json","Cost of next node: Cost = 2,429.9 : 2,441.23 | cr=38, dd=32, da=16, tlv=2, sm=64, rd=165.94, cd=0, um=0","Time elapsed: 5.13 seconds","/home/thomasverwaal/Robust-Rail-NL/mathematical-models/local_search_plans_discreet_120/plan_32_trains_5_units20.json"
"/home/thomasverwaal/Robust-Rail-NL/mathematical-models/scenarios_solver_types_120/scenario_solver_32_trains_5_units20.json","Cost of next node: Cost = 2,399.9 : 2,416.20 | cr=35, dd=32, da=16, tlv=3, sm=64, rd=160.31, cd=0, um=0","Time elapsed: 5.46 seconds","/home/thomasverwaal/Robust-Rail-NL/mathematical-models/local_search_plans_discreet_120/plan_32_trains_5_units20.json"
"/home/thomasverwaal/Robust-Rail-NL/mathematical-models/scenarios_solver_types_120/scenario_solver_32_trains_5_units20.json","Cost of next node: Cost = 2,377.2 : 2,393.45 | cr=35, dd=32, da=16, tlv=3, sm=64, rd=154.69, cd=0, um=0","Time elapsed: 5.88 seconds","/home/thomasverwaal/Robust-Rail-NL/mathematical-models/local_search_plans_discreet_120/plan_32_trains_5_units20.json"
"/home/thomasverwaal/Robust-Rail-NL/mathematical-models/scenarios_solver_types_120/scenario_solver_32_trains_5_units20.json","Cost of next node: Cost = 2,349.2 : 2,365.53 | cr=34, dd=32, da=15, tlv=3, sm=64, rd=153.75, cd=0, um=0","Time elapsed: 6.36 seconds","/home/thomasverwaal/Robust-Rail-NL/mathematical-models/local_search_plans_discreet_120/plan_32_trains_5_units20.json"
"/home/thomasverwaal/Robust-Rail-NL/mathematical-models/scenarios_solver_types_120/scenario_solver_32_trains_5_units20.json","Cost of next node: Cost = 2,324.2 : 2,345.53 | cr=30, dd=32, da=15, tlv=4, sm=64, rd=153.75, cd=0, um=0","Time elapsed: 6.64 seconds","/home/thomasverwaal/Robust-Rail-NL/mathematical-models/local_search_plans_discreet_120/plan_32_trains_5_units20.json"
"/home/thomasverwaal/Robust-Rail-NL/mathematical-models/scenarios_solver_types_120/scenario_solver_32_trains_5_units20.json","Cost of next node: Cost = 2,303.7 : 2,325.03 | cr=30, dd=32, da=14, tlv=4, sm=64, rd=151.88, cd=0, um=0","Time elapsed: 7.04 seconds","/home/thomasverwaal/Robust-Rail-NL/mathematical-models/local_search_plans_discreet_120/plan_32_trains_5_units20.json"
"/home/thomasverwaal/Robust-Rail-NL/mathematical-models/scenarios_solver_types_120/scenario_solver_32_trains_5_units20.json","Cost of next node: Cost = 2,269.8 : 2,296.12 | cr=23, dd=32, da=14, tlv=5, sm=64, rd=155.62, cd=0, um=0","Time elapsed: 7.55 seconds","/home/thomasverwaal/Robust-Rail-NL/mathematical-models/local_search_plans_discreet_120/plan_32_trains_5_units20.json"
"/home/thomasverwaal/Robust-Rail-NL/mathematical-models/scenarios_solver_types_120/scenario_solver_32_trains_5_units20.json","Cost of next node: Cost = 2,249.7 : 2,276.02 | cr=22, dd=32, da=14, tlv=5, sm=64, rd=151.88, cd=0, um=0","Time elapsed: 8.19 seconds","/home/thomasverwaal/Robust-Rail-NL/mathematical-models/local_search_plans_discreet_120/plan_32_trains_5_units20.json"
"/home/thomasverwaal/Robust-Rail-NL/mathematical-models/scenarios_solver_types_120/scenario_solver_32_trains_5_units20.json","Cost of next node: Cost = 2,223.1 : 2,254.42 | cr=24, dd=32, da=12, tlv=6, sm=64, rd=142.50, cd=0, um=0","Time elapsed: 8.76 seconds","/home/thomasverwaal/Robust-Rail-NL/mathematical-models/local_search_plans_discreet_120/plan_32_trains_5_units20.json"
"/home/thomasverwaal/Robust-Rail-NL/mathematical-models/scenarios_solver_types_120/scenario_solver_32_trains_5_units20.json","Cost of next node: Cost = 2,200.9 : 2,237.19 | cr=26, dd=32, da=10, tlv=7, sm=64, rd=135.00, cd=0, um=0","Time elapsed: 9.47 seconds","/home/thomasverwaal/Robust-Rail-NL/mathematical-models/local_search_plans_discreet_120/plan_32_trains_5_units20.json"
"/home/thomasverwaal/Robust-Rail-NL/mathematical-models/scenarios_solver_types_120/scenario_solver_32_trains_5_units20.json","Cost of next node: Cost = 2,175.8 : 2,212.10 | cr=24, dd=32, da=10, tlv=7, sm=64, rd=135.00, cd=0, um=0","Time elapsed: 9.55 seconds","/home/thomasverwaal/Robust-Rail-NL/mathematical-models/local_search_plans_discreet_120/plan_32_trains_5_units20.json"
"/home/thomasverwaal/Robust-Rail-NL/mathematical-models/scenarios_solver_types_120/scenario_solver_32_trains_5_units20.json","Cost of next node: Cost = 1,835.2 : 1,876.50 | cr=24, dd=26, da=8, tlv=8, sm=64, rd=125.62, cd=0, um=0","Time elapsed: 9.83 seconds","/home/thomasverwaal/Robust-Rail-NL/mathematical-models/local_search_plans_discreet_120/plan_32_trains_5_units20.json"
"/home/thomasverwaal/Robust-Rail-NL/mathematical-models/scenarios_solver_types_120/scenario_solver_32_trains_5_units20.json","Cost of next node: Cost = 1,805.8 : 1,847.05 | cr=26, dd=25, da=8, tlv=8, sm=64, rd=125.62, cd=0, um=0","Time elapsed: 9.90 seconds","/home/thomasverwaal/Robust-Rail-NL/mathematical-models/local_search_plans_discreet_120/plan_32_trains_5_units20.json"
"/home/thomasverwaal/Robust-Rail-NL/mathematical-models/scenarios_solver_types_120/scenario_solver_32_trains_5_units20.json","Cost of next node: Cost = 1,666.0 : 1,707.28 | cr=27, dd=22, da=8, tlv=8, sm=64, rd=124.69, cd=0, um=0","Time elapsed: 9.99 seconds","/home/thomasverwaal/Robust-Rail-NL/mathematical-models/local_search_plans_discreet_120/plan_32_trains_5_units20.json"
"/home/thomasverwaal/Robust-Rail-NL/mathematical-models/scenarios_solver_types_120/scenario_solver_32_trains_5_units20.json","Cost of next node: Cost = 1,616.4 : 1,657.69 | cr=27, dd=21, da=8, tlv=8, sm=64, rd=124.69, cd=0, um=0","Time elapsed: 10.14 seconds","/home/thomasverwaal/Robust-Rail-NL/mathematical-models/local_search_plans_discreet_120/plan_32_trains_5_units20.json"
"/home/thomasverwaal/Robust-Rail-NL/mathematical-models/scenarios_solver_types_120/scenario_solver_32_trains_5_units20.json","Cost of next node: Cost = 1,580.1 : 1,626.42 | cr=27, dd=20, da=8, tlv=9, sm=64, rd=122.81, cd=0, um=0","Time elapsed: 10.36 seconds","/home/thomasverwaal/Robust-Rail-NL/mathematical-models/local_search_plans_discreet_120/plan_32_trains_5_units20.json"
"/home/thomasverwaal/Robust-Rail-NL/mathematical-models/scenarios_solver_types_120/scenario_solver_32_trains_5_units20.json","Cost of next node: Cost = 1,434.2 : 1,485.52 | cr=27, dd=18, da=5, tlv=10, sm=64, rd=116.25, cd=0, um=0","Time elapsed: 10.47 seconds","/home/thomasverwaal/Robust-Rail-NL/mathematical-models/local_search_plans_discreet_120/plan_32_trains_5_units20.json"
"/home/thomasverwaal/Robust-Rail-NL/mathematical-models/scenarios_solver_types_120/scenario_solver_32_trains_5_units20.json","Cost of next node: Cost = 1,384.2 : 1,435.51 | cr=27, dd=17, da=5, tlv=10, sm=64, rd=116.25, cd=0, um=0","Time elapsed: 10.66 seconds","/home/thomasverwaal/Robust-Rail-NL/mathematical-models/local_search_plans_discreet_120/plan_32_trains_5_units20.json"
"/home/thomasverwaal/Robust-Rail-NL/mathematical-models/scenarios_solver_types_120/scenario_solver_32_trains_5_units20.json","Cost of next node: Cost = 1,330.8 : 1,387.03 | cr=26, dd=15, da=7, tlv=11, sm=64, rd=117.19, cd=0, um=0","Time elapsed: 10.88 seconds","/home/thomasverwaal/Robust-Rail-NL/mathematical-models/local_search_plans_discreet_120/plan_32_trains_5_units20.json"
"/home/thomasverwaal/Robust-Rail-NL/mathematical-models/scenarios_solver_types_120/scenario_solver_32_trains_5_units20.json","Cost of next node: Cost = 1,281.0 : 1,337.26 | cr=26, dd=14, da=7, tlv=11, sm=64, rd=117.19, cd=0, um=0","Time elapsed: 10.99 seconds","/home/thomasverwaal/Robust-Rail-NL/mathematical-models/local_search_plans_discreet_120/plan_32_trains_5_units20.json"
"/home/thomasverwaal/Robust-Rail-NL/mathematical-models/scenarios_solver_types_120/scenario_solver_32_trains_5_units20.json","Cost of next node: Cost = 1,225.1 : 1,286.40 | cr=25, dd=14, da=4, tlv=12, sm=64, rd=114.38, cd=0, um=0","Time elapsed: 11.08 seconds","/home/thomasverwaal/Robust-Rail-NL/mathematical-models/local_search_plans_discreet_120/plan_32_trains_5_units20.json"
"/home/thomasverwaal/Robust-Rail-NL/mathematical-models/scenarios_solver_types_120/scenario_solver_32_trains_5_units20.json","Cost of next node: Cost = 1,200.3 : 1,266.54 | cr=24, dd=13, da=5, tlv=13, sm=64, rd=114.38, cd=0, um=0","Time elapsed: 11.47 seconds","/home/thomasverwaal/Robust-Rail-NL/mathematical-models/local_search_plans_discreet_120/plan_32_trains_5_units20.json"
"/home/thomasverwaal/Robust-Rail-NL/mathematical-models/scenarios_solver_types_120/scenario_solver_32_trains_5_units20.json","Cost of next node: Cost = 1,165.4 : 1,226.66 | cr=24, dd=13, da=4, tlv=12, sm=64, rd=114.38, cd=0, um=0","Time elapsed: 11.63 seconds","/home/thomasverwaal/Robust-Rail-NL/mathematical-models/local_search_plans_discreet_120/plan_32_trains_5_units20.json"
"/home/thomasverwaal/Robust-Rail-NL/mathematical-models/scenarios_solver_types_120/scenario_solver_32_trains_5_units20.json","Cost of next node: Cost = 1,140.4 : 1,196.66 | cr=23, dd=13, da=4, tlv=11, sm=64, rd=114.38, cd=0, um=0","Time elapsed: 12.03 seconds","/home/thomasverwaal/Robust-Rail-NL/mathematical-models/local_search_plans_discreet_120/plan_32_trains_5_units20.json"
"/home/thomasverwaal/Robust-Rail-NL/mathematical-models/scenarios_solver_types_120/scenario_solver_32_trains_5_units20.json","Cost of next node: Cost = 1,086.3 : 1,147.60 | cr=23, dd=12, da=3, tlv=12, sm=64, rd=110.62, cd=0, um=0","Time elapsed: 12.34 seconds","/home/thomasverwaal/Robust-Rail-NL/mathematical-models/local_search_plans_discreet_120/plan_32_trains_5_units20.json"
"/home/thomasverwaal/Robust-Rail-NL/mathematical-models/scenarios_solver_types_120/scenario_solver_32_trains_5_units20.json","Cost of next node: Cost = 1,056.3 : 1,117.60 | cr=20, dd=12, da=3, tlv=12, sm=64, rd=110.62, cd=0, um=0","Time elapsed: 12.40 seconds","/home/thomasverwaal/Robust-Rail-NL/mathematical-models/local_search_plans_discreet_120/plan_32_trains_5_units20.json"
"/home/thomasverwaal/Robust-Rail-NL/mathematical-models/scenarios_solver_types_120/scenario_solver_32_trains_5_units20.json","Cost of next node: Cost = 1,022.0 : 1,088.28 | cr=22, dd=11, da=2, tlv=13, sm=64, rd=106.88, cd=0, um=0","Time elapsed: 12.68 seconds","/home/thomasverwaal/Robust-Rail-NL/mathematical-models/local_search_plans_discreet_120/plan_32_trains_5_units20.json"
"/home/thomasverwaal/Robust-Rail-NL/mathematical-models/scenarios_solver_types_120/scenario_solver_32_trains_5_units20.json","Cost of next node: Cost = 992.0 : 1,058.28 | cr=19, dd=11, da=2, tlv=13, sm=64, rd=106.88, cd=0, um=0","Time elapsed: 12.86 seconds","/home/thomasverwaal/Robust-Rail-NL/mathematical-models/local_search_plans_discreet_120/plan_32_trains_5_units20.json"
"/home/thomasverwaal/Robust-Rail-NL/mathematical-models/scenarios_solver_types_120/scenario_solver_32_trains_5_units20.json","Cost of next node: Cost = 916.8 : 988.08 | cr=22, dd=9, da=1, tlv=14, sm=64, rd=103.12, cd=0, um=0","Time elapsed: 13.14 seconds","/home/thomasverwaal/Robust-Rail-NL/mathematical-models/local_search_plans_discreet_120/plan_32_trains_5_units20.json"
"/home/thomasverwaal/Robust-Rail-NL/mathematical-models/scenarios_solver_types_120/scenario_solver_32_trains_5_units20.json","Cost of next node: Cost = 891.8 : 958.08 | cr=21, dd=9, da=1, tlv=13, sm=64, rd=105.00, cd=0, um=0","Time elapsed: 13.27 seconds","/home/thomasverwaal/Robust-Rail-NL/mathematical-models/local_search_plans_discreet_120/plan_32_trains_5_units20.json"
"/home/thomasverwaal/Robust-Rail-NL/mathematical-models/scenarios_solver_types_120/scenario_solver_32_trains_5_units20.json","Cost of next node: Cost = 866.8 : 928.08 | cr=20, dd=9, da=1, tlv=12, sm=64, rd=105.00, cd=0, um=0","Time elapsed: 13.66 seconds","/home/thomasverwaal/Robust-Rail-NL/mathematical-models/local_search_plans_discreet_120/plan_32_trains_5_units20.json"
"/home/thomasverwaal/Robust-Rail-NL/mathematical-models/scenarios_solver_types_120/scenario_solver_32_trains_5_units20.json","Cost of next node: Cost = 694.9 : 761.14 | cr=19, dd=6, da=0, tlv=13, sm=64, rd=97.50, cd=0, um=0","Time elapsed: 14.01 seconds","/home/thomasverwaal/Robust-Rail-NL/mathematical-models/local_search_plans_discreet_120/plan_32_trains_5_units20.json"
"/home/thomasverwaal/Robust-Rail-NL/mathematical-models/scenarios_solver_types_120/scenario_solver_32_trains_5_units20.json","Cost of next node: Cost = 489.0 : 560.28 | cr=17, dd=2, da=0, tlv=14, sm=64, rd=92.81, cd=0, um=0","Time elapsed: 14.32 seconds","/home/thomasverwaal/Robust-Rail-NL/mathematical-models/local_search_plans_discreet_120/plan_32_trains_5_units20.json"
"/home/thomasverwaal/Robust-Rail-NL/mathematical-models/scenarios_solver_types_120/scenario_solver_32_trains_5_units20.json","Cost of next node: Cost = 443.0 : 514.28 | cr=18, dd=1, da=0, tlv=14, sm=64, rd=86.25, cd=0, um=0","Time elapsed: 14.47 seconds","/home/thomasverwaal/Robust-Rail-NL/mathematical-models/local_search_plans_discreet_120/plan_32_trains_5_units20.json"
"/home/thomasverwaal/Robust-Rail-NL/mathematical-models/scenarios_solver_types_120/scenario_solver_32_trains_5_units20.json","Cost of next node: Cost = 423.0 : 494.28 | cr=16, dd=1, da=0, tlv=14, sm=64, rd=86.25, cd=0, um=0","Time elapsed: 19.28 seconds","/home/thomasverwaal/Robust-Rail-NL/mathematical-models/local_search_plans_discreet_120/plan_32_trains_5_units20.json"
"/home/thomasverwaal/Robust-Rail-NL/mathematical-models/scenarios_solver_types_120/scenario_solver_32_trains_5_units20.json","Cost of next node: Cost = 375.0 : 451.28 | cr=15, dd=0, da=0, tlv=15, sm=64, rd=80.62, cd=0, um=0","Time elapsed: 19.73 seconds","/home/thomasverwaal/Robust-Rail-NL/mathematical-models/local_search_plans_discreet_120/plan_32_trains_5_units20.json"
"/home/thomasverwaal/Robust-Rail-NL/mathematical-models/scenarios_solver_types_120/scenario_solver_32_trains_5_units20.json","Cost of next node: Cost = 350.0 : 421.28 | cr=14, dd=0, da=0, tlv=14, sm=64, rd=80.62, cd=0, um=0","Time elapsed: 19.99 seconds","/home/thomasverwaal/Robust-Rail-NL/mathematical-models/local_search_plans_discreet_120/plan_32_trains_5_units20.json"
"/home/thomasverwaal/Robust-Rail-NL/mathematical-models/scenarios_solver_types_120/scenario_solver_32_trains_5_units20.json","Cost of next node: Cost = 340.0 : 411.28 | cr=13, dd=0, da=0, tlv=14, sm=64, rd=80.62, cd=0, um=0","Time elapsed: 24.52 seconds","/home/thomasverwaal/Robust-Rail-NL/mathematical-models/local_search_plans_discreet_120/plan_32_trains_5_units20.json"
"/home/thomasverwaal/Robust-Rail-NL/mathematical-models/scenarios_solver_types_120/scenario_solver_32_trains_5_units20.json","Cost of next node: Cost = 330.0 : 401.28 | cr=12, dd=0, da=0, tlv=14, sm=64, rd=80.62, cd=0, um=0","Time elapsed: 28.79 seconds","/home/thomasverwaal/Robust-Rail-NL/mathematical-models/local_search_plans_discreet_120/plan_32_trains_5_units20.json"
"/home/thomasverwaal/Robust-Rail-NL/mathematical-models/scenarios_solver_types_120/scenario_solver_32_trains_5_units20.json","Cost of next node: Cost = 320.0 : 391.28 | cr=11, dd=0, da=0, tlv=14, sm=64, rd=80.62, cd=0, um=0","Time elapsed: 32.57 seconds","/home/thomasverwaal/Robust-Rail-NL/mathematical-models/local_search_plans_discreet_120/plan_32_trains_5_units20.json"
"/home/thomasverwaal/Robust-Rail-NL/mathematical-models/scenarios_solver_types_120/scenario_solver_32_trains_5_units20.json","Cost of next node: Cost = 310.0 : 381.28 | cr=10, dd=0, da=0, tlv=14, sm=64, rd=78.75, cd=0, um=0","Time elapsed: 35.87 seconds","/home/thomasverwaal/Robust-Rail-NL/mathematical-models/local_search_plans_discreet_120/plan_32_trains_5_units20.json"
"/home/thomasverwaal/Robust-Rail-NL/mathematical-models/scenarios_solver_types_120/scenario_solver_32_trains_5_units20.json","Cost of next node: Cost = 300.0 : 371.28 | cr=9, dd=0, da=0, tlv=14, sm=64, rd=80.62, cd=0, um=0","Time elapsed: 39.13 seconds","/home/thomasverwaal/Robust-Rail-NL/mathematical-models/local_search_plans_discreet_120/plan_32_trains_5_units20.json"
"/home/thomasverwaal/Robust-Rail-NL/mathematical-models/scenarios_solver_types_120/scenario_solver_32_trains_5_units20.json","Cost of next node: Cost = 290.0 : 361.28 | cr=8, dd=0, da=0, tlv=14, sm=64, rd=80.62, cd=0, um=0","Time elapsed: 41.81 seconds","/home/thomasverwaal/Robust-Rail-NL/mathematical-models/local_search_plans_discreet_120/plan_32_trains_5_units20.json"
"/home/thomasverwaal/Robust-Rail-NL/mathematical-models/scenarios_solver_types_120/scenario_solver_32_trains_5_units20.json","Cost of next node: Cost = 280.0 : 351.28 | cr=7, dd=0, da=0, tlv=14, sm=64, rd=80.62, cd=0, um=0","Time elapsed: 44.04 seconds","/home/thomasverwaal/Robust-Rail-NL/mathematical-models/local_search_plans_discreet_120/plan_32_trains_5_units20.json"
"/home/thomasverwaal/Robust-Rail-NL/mathematical-models/scenarios_solver_types_120/scenario_solver_32_trains_5_units20.json","Cost of next node: Cost = 270.0 : 341.28 | cr=6, dd=0, da=0, tlv=14, sm=64, rd=80.62, cd=0, um=0","Time elapsed: 45.90 seconds","/home/thomasverwaal/Robust-Rail-NL/mathematical-models/local_search_plans_discreet_120/plan_32_trains_5_units20.json"
"/home/thomasverwaal/Robust-Rail-NL/mathematical-models/scenarios_solver_types_120/scenario_solver_32_trains_5_units20.json","Cost of next node: Cost = 260.0 : 331.28 | cr=5, dd=0, da=0, tlv=14, sm=64, rd=80.62, cd=0, um=0","Time elapsed: 47.60 seconds","/home/thomasverwaal/Robust-Rail-NL/mathematical-models/local_search_plans_discreet_120/plan_32_trains_5_units20.json"
"/home/thomasverwaal/Robust-Rail-NL/mathematical-models/scenarios_solver_types_120/scenario_solver_32_trains_5_units20.json","Cost of next node: Cost = 250.0 : 321.28 | cr=4, dd=0, da=0, tlv=14, sm=64, rd=80.62, cd=0, um=0","Time elapsed: 49.23 seconds","/home/thomasverwaal/Robust-Rail-NL/mathematical-models/local_search_plans_discreet_120/plan_32_trains_5_units20.json"
"/home/thomasverwaal/Robust-Rail-NL/mathematical-models/scenarios_solver_types_120/scenario_solver_32_trains_5_units20.json","Cost of next node: Cost = 240.0 : 311.28 | cr=3, dd=0, da=0, tlv=14, sm=64, rd=80.62, cd=0, um=0","Time elapsed: 50.45 seconds","/home/thomasverwaal/Robust-Rail-NL/mathematical-models/local_search_plans_discreet_120/plan_32_trains_5_units20.json"
"/home/thomasverwaal/Robust-Rail-NL/mathematical-models/scenarios_solver_types_120/scenario_solver_32_trains_5_units20.json","Cost of next node: Cost = 235.0 : 301.28 | cr=4, dd=0, da=0, tlv=13, sm=64, rd=84.38, cd=0, um=0","Time elapsed: 51.50 seconds","/home/thomasverwaal/Robust-Rail-NL/mathematical-models/local_search_plans_discreet_120/plan_32_trains_5_units20.json"
"/home/thomasverwaal/Robust-Rail-NL/mathematical-models/scenarios_solver_types_120/scenario_solver_32_trains_5_units20.json","Cost of next node: Cost = 225.0 : 291.28 | cr=3, dd=0, da=0, tlv=13, sm=64, rd=84.38, cd=0, um=0","Time elapsed: 102.65 seconds","/home/thomasverwaal/Robust-Rail-NL/mathematical-models/local_search_plans_discreet_120/plan_32_trains_5_units20.json"
"/home/thomasverwaal/Robust-Rail-NL/mathematical-models/scenarios_solver_types_120/scenario_solver_32_trains_5_units20.json","Cost of next node: Cost = 215.0 : 281.28 | cr=2, dd=0, da=0, tlv=13, sm=64, rd=86.25, cd=0, um=0","Time elapsed: 139.83 seconds","/home/thomasverwaal/Robust-Rail-NL/mathematical-models/local_search_plans_discreet_120/plan_32_trains_5_units20.json"
"/home/thomasverwaal/Robust-Rail-NL/mathematical-models/scenarios_solver_types_120/scenario_solver_32_trains_5_units20.json","NO_COST_FOUND","NO_TIME_FOUND","NO_PLAN_CREATED"
"/home/thomasverwaal/Robust-Rail-NL/mathematical-models/scenarios_solver_types_120/scenario_solver_32_trains_5_units21.json","Cost of next node: Cost = 2,750.6 : 2,751.92 | cr=42, dd=32, da=30, tlv=0, sm=64, rd=183.75, cd=0, um=0","Time elapsed: 4.30 seconds","/home/thomasverwaal/Robust-Rail-NL/mathematical-models/local_search_plans_discreet_120/plan_32_trains_5_units21.json"
"/home/thomasverwaal/Robust-Rail-NL/mathematical-models/scenarios_solver_types_120/scenario_solver_32_trains_5_units21.json","Cost of next node: Cost = 2,724.8 : 2,726.11 | cr=40, dd=32, da=30, tlv=0, sm=64, rd=180.00, cd=0, um=0","Time elapsed: 4.34 seconds","/home/thomasverwaal/Robust-Rail-NL/mathematical-models/local_search_plans_discreet_120/plan_32_trains_5_units21.json"
"/home/thomasverwaal/Robust-Rail-NL/mathematical-models/scenarios_solver_types_120/scenario_solver_32_trains_5_units21.json","Cost of next node: Cost = 2,703.2 : 2,704.47 | cr=38, dd=32, da=30, tlv=0, sm=64, rd=180.00, cd=0, um=0","Time elapsed: 4.42 seconds","/home/thomasverwaal/Robust-Rail-NL/mathematical-models/local_search_plans_discreet_120/plan_32_trains_5_units21.json"
"/home/thomasverwaal/Robust-Rail-NL/mathematical-models/scenarios_solver_types_120/scenario_solver_32_trains_5_units21.json","Cost of next node: Cost = 2,682.5 : 2,683.74 | cr=36, dd=32, da=30, tlv=0, sm=64, rd=180.00, cd=0, um=0","Time elapsed: 4.50 seconds","/home/thomasverwaal/Robust-Rail-NL/mathematical-models/local_search_plans_discreet_120/plan_32_trains_5_units21.json"
"/home/thomasverwaal/Robust-Rail-NL/mathematical-models/scenarios_solver_types_120/scenario_solver_32_trains_5_units21.json","Cost of next node: Cost = 2,627.9 : 2,634.13 | cr=35, dd=32, da=28, tlv=1, sm=64, rd=177.19, cd=0, um=0","Time elapsed: 4.64 seconds","/home/thomasverwaal/Robust-Rail-NL/mathematical-models/local_search_plans_discreet_120/plan_32_trains_5_units21.json"
"/home/thomasverwaal/Robust-Rail-NL/mathematical-models/scenarios_solver_types_120/scenario_solver_32_trains_5_units21.json","Cost of next node: Cost = 2,521.8 : 2,528.10 | cr=37, dd=32, da=22, tlv=1, sm=64, rd=170.62, cd=0, um=0","Time elapsed: 4.79 seconds","/home/thomasverwaal/Robust-Rail-NL/mathematical-models/local_search_plans_discreet_120/plan_32_trains_5_units21.json"
"/home/thomasverwaal/Robust-Rail-NL/mathematical-models/scenarios_solver_types_120/scenario_solver_32_trains_5_units21.json","Cost of next node: Cost = 2,493.9 : 2,495.19 | cr=36, dd=32, da=22, tlv=0, sm=64, rd=168.75, cd=0, um=0","Time elapsed: 4.92 seconds","/home/thomasverwaal/Robust-Rail-NL/mathematical-models/local_search_plans_discreet_120/plan_32_trains_5_units21.json"
"/home/thomasverwaal/Robust-Rail-NL/mathematical-models/scenarios_solver_types_120/scenario_solver_32_trains_5_units21.json","Cost of next node: Cost = 2,347.5 : 2,353.73 | cr=33, dd=32, da=15, tlv=1, sm=64, rd=165.94, cd=0, um=0","Time elapsed: 5.01 seconds","/home/thomasverwaal/Robust-Rail-NL/mathematical-models/local_search_plans_discreet_120/plan_32_trains_5_units21.json"
"/home/thomasverwaal/Robust-Rail-NL/mathematical-models/scenarios_solver_types_120/scenario_solver_32_trains_5_units21.json","Cost of next node: Cost = 2,312.7 : 2,324.03 | cr=34, dd=32, da=12, tlv=2, sm=64, rd=161.25, cd=0, um=0","Time elapsed: 5.15 seconds","/home/thomasverwaal/Robust-Rail-NL/mathematical-models/local_search_plans_discreet_120/plan_32_trains_5_units21.json"
"/home/thomasverwaal/Robust-Rail-NL/mathematical-models/scenarios_solver_types_120/scenario_solver_32_trains_5_units21.json","Cost of next node: Cost = 2,291.6 : 2,302.92 | cr=33, dd=32, da=12, tlv=2, sm=64, rd=159.38, cd=0, um=0","Time elapsed: 5.48 seconds","/home/thomasverwaal/Robust-Rail-NL/mathematical-models/local_search_plans_discreet_120/plan_32_trains_5_units21.json"
"/home/thomasverwaal/Robust-Rail-NL/mathematical-models/scenarios_solver_types_120/scenario_solver_32_trains_5_units21.json","Cost of next node: Cost = 2,254.1 : 2,270.37 | cr=28, dd=32, da=12, tlv=3, sm=64, rd=157.50, cd=0, um=0","Time elapsed: 5.89 seconds","/home/thomasverwaal/Robust-Rail-NL/mathematical-models/local_search_plans_discreet_120/plan_32_trains_5_units21.json"
"/home/thomasverwaal/Robust-Rail-NL/mathematical-models/scenarios_solver_types_120/scenario_solver_32_trains_5_units21.json","Cost of next node: Cost = 2,230.4 : 2,251.72 | cr=26, dd=32, da=11, tlv=4, sm=64, rd=155.62, cd=0, um=0","Time elapsed: 6.24 seconds","/home/thomasverwaal/Robust-Rail-NL/mathematical-models/local_search_plans_discreet_120/plan_32_trains_5_units21.json"
"/home/thomasverwaal/Robust-Rail-NL/mathematical-models/scenarios_solver_types_120/scenario_solver_32_trains_5_units21.json","Cost of next node: Cost = 2,175.4 : 2,201.72 | cr=19, dd=32, da=11, tlv=5, sm=64, rd=155.62, cd=0, um=0","Time elapsed: 6.80 seconds","/home/thomasverwaal/Robust-Rail-NL/mathematical-models/local_search_plans_discreet_120/plan_32_trains_5_units21.json"
"/home/thomasverwaal/Robust-Rail-NL/mathematical-models/scenarios_solver_types_120/scenario_solver_32_trains_5_units21.json","Cost of next node: Cost = 2,150.6 : 2,181.90 | cr=17, dd=32, da=11, tlv=6, sm=64, rd=146.25, cd=0, um=0","Time elapsed: 7.55 seconds","/home/thomasverwaal/Robust-Rail-NL/mathematical-models/local_search_plans_discreet_120/plan_32_trains_5_units21.json"
"/home/thomasverwaal/Robust-Rail-NL/mathematical-models/scenarios_solver_types_120/scenario_solver_32_trains_5_units21.json","Cost of next node: Cost = 2,130.4 : 2,161.64 | cr=16, dd=32, da=11, tlv=6, sm=64, rd=140.62, cd=0, um=0","Time elapsed: 7.88 seconds","/home/thomasverwaal/Robust-Rail-NL/mathematical-models/local_search_plans_discreet_120/plan_32_trains_5_units21.json"
"/home/thomasverwaal/Robust-Rail-NL/mathematical-models/scenarios_solver_types_120/scenario_solver_32_trains_5_units21.json","Cost of next node: Cost = 2,115.0 : 2,151.26 | cr=16, dd=32, da=10, tlv=7, sm=64, rd=135.00, cd=0, um=0","Time elapsed: 9.51 seconds","/home/thomasverwaal/Robust-Rail-NL/mathematical-models/local_search_plans_discreet_120/plan_32_trains_5_units21.json"
"/home/thomasverwaal/Robust-Rail-NL/mathematical-models/scenarios_solver_types_120/scenario_solver_32_trains_5_units21.json","Cost of next node: Cost = 2,009.0 : 2,050.24 | cr=18, dd=30, da=9, tlv=8, sm=64, rd=127.50, cd=0, um=0","Time elapsed: 9.73 seconds","/home/thomasverwaal/Robust-Rail-NL/mathematical-models/local_search_plans_discreet_120/plan_32_trains_5_units21.json"
"/home/thomasverwaal/Robust-Rail-NL/mathematical-models/scenarios_solver_types_120/scenario_solver_32_trains_5_units21.json","Cost of next node: Cost = 1,987.1 : 2,028.40 | cr=16, dd=30, da=9, tlv=8, sm=64, rd=127.50, cd=0, um=0","Time elapsed: 9.81 seconds","/home/thomasverwaal/Robust-Rail-NL/mathematical-models/local_search_plans_discreet_120/plan_32_trains_5_units21.json"
"/home/thomasverwaal/Robust-Rail-NL/mathematical-models/scenarios_solver_types_120/scenario_solver_32_trains_5_units21.json","Cost of next node: Cost = 1,838.8 : 1,880.09 | cr=16, dd=27, da=9, tlv=8, sm=64, rd=129.38, cd=0, um=0","Time elapsed: 9.91 seconds","/home/thomasverwaal/Robust-Rail-NL/mathematical-models/local_search_plans_discreet_120/plan_32_trains_5_units21.json"
"/home/thomasverwaal/Robust-Rail-NL/mathematical-models/scenarios_solver_types_120/scenario_solver_32_trains_5_units21.json","Cost of next node: Cost = 1,779.0 : 1,820.33 | cr=15, dd=26, da=9, tlv=8, sm=64, rd=129.38, cd=0, um=0","Time elapsed: 9.98 seconds","/home/thomasverwaal/Robust-Rail-NL/mathematical-models/local_search_plans_discreet_120/plan_32_trains_5_units21.json"
"/home/thomasverwaal/Robust-Rail-NL/mathematical-models/scenarios_solver_types_120/scenario_solver_32_trains_5_units21.json","Cost of next node: Cost = 1,728.8 : 1,770.12 | cr=15, dd=25, da=9, tlv=8, sm=64, rd=129.38, cd=0, um=0","Time elapsed: 10.14 seconds","/home/thomasverwaal/Robust-Rail-NL/mathematical-models/local_search_plans_discreet_120/plan_32_trains_5_units21.json"
"/home/thomasverwaal/Robust-Rail-NL/mathematical-models/scenarios_solver_types_120/scenario_solver_32_trains_5_units21.json","Cost of next node: Cost = 1,678.9 : 1,720.14 | cr=15, dd=24, da=9, tlv=8, sm=64, rd=127.50, cd=0, um=0","Time elapsed: 10.24 seconds","/home/thomasverwaal/Robust-Rail-NL/mathematical-models/local_search_plans_discreet_120/plan_32_trains_5_units21.json"
"/home/thomasverwaal/Robust-Rail-NL/mathematical-models/scenarios_solver_types_120/scenario_solver_32_trains_5_units21.json","Cost of next node: Cost = 1,524.7 : 1,566.00 | cr=20, dd=20, da=9, tlv=8, sm=64, rd=123.75, cd=0, um=0","Time elapsed: 10.41 seconds","/home/thomasverwaal/Robust-Rail-NL/mathematical-models/local_search_plans_discreet_120/plan_32_trains_5_units21.json"
"/home/thomasverwaal/Robust-Rail-NL/mathematical-models/scenarios_solver_types_120/scenario_solver_32_trains_5_units21.json","Cost of next node: Cost = 1,475.6 : 1,516.84 | cr=20, dd=19, da=9, tlv=8, sm=64, rd=123.75, cd=0, um=0","Time elapsed: 10.48 seconds","/home/thomasverwaal/Robust-Rail-NL/mathematical-models/local_search_plans_discreet_120/plan_32_trains_5_units21.json"
"/home/thomasverwaal/Robust-Rail-NL/mathematical-models/scenarios_solver_types_120/scenario_solver_32_trains_5_units21.json","Cost of next node: Cost = 1,293.3 : 1,339.58 | cr=24, dd=16, da=5, tlv=9, sm=64, rd=116.25, cd=0, um=0","Time elapsed: 10.81 seconds","/home/thomasverwaal/Robust-Rail-NL/mathematical-models/local_search_plans_discreet_120/plan_32_trains_5_units21.json"
"/home/thomasverwaal/Robust-Rail-NL/mathematical-models/scenarios_solver_types_120/scenario_solver_32_trains_5_units21.json","Cost of next node: Cost = 1,253.3 : 1,299.58 | cr=20, dd=16, da=5, tlv=9, sm=64, rd=116.25, cd=0, um=0","Time elapsed: 10.91 seconds","/home/thomasverwaal/Robust-Rail-NL/mathematical-models/local_search_plans_discreet_120/plan_32_trains_5_units21.json"
"/home/thomasverwaal/Robust-Rail-NL/mathematical-models/scenarios_solver_types_120/scenario_solver_32_trains_5_units21.json","Cost of next node: Cost = 1,222.9 : 1,269.18 | cr=19, dd=16, da=4, tlv=9, sm=64, rd=114.38, cd=0, um=0","Time elapsed: 11.31 seconds","/home/thomasverwaal/Robust-Rail-NL/mathematical-models/local_search_plans_discreet_120/plan_32_trains_5_units21.json"
"/home/thomasverwaal/Robust-Rail-NL/mathematical-models/scenarios_solver_types_120/scenario_solver_32_trains_5_units21.json","Cost of next node: Cost = 1,056.7 : 1,102.94 | cr=20, dd=13, da=3, tlv=9, sm=64, rd=108.75, cd=0, um=0","Time elapsed: 11.65 seconds","/home/thomasverwaal/Robust-Rail-NL/mathematical-models/local_search_plans_discreet_120/plan_32_trains_5_units21.json"
"/home/thomasverwaal/Robust-Rail-NL/mathematical-models/scenarios_solver_types_120/scenario_solver_32_trains_5_units21.json","Cost of next node: Cost = 1,016.7 : 1,063.00 | cr=21, dd=12, da=3, tlv=9, sm=64, rd=108.75, cd=0, um=0","Time elapsed: 11.76 seconds","/home/thomasverwaal/Robust-Rail-NL/mathematical-models/local_search_plans_discreet_120/plan_32_trains_5_units21.json"
"/home/thomasverwaal/Robust-Rail-NL/mathematical-models/scenarios_solver_types_120/scenario_solver_32_trains_5_units21.json","Cost of next node: Cost = 943.0 : 994.26 | cr=22, dd=10, da=3, tlv=10, sm=64, rd=105.00, cd=0, um=0","Time elapsed: 12.06 seconds","/home/thomasverwaal/Robust-Rail-NL/mathematical-models/local_search_plans_discreet_120/plan_32_trains_5_units21.json"
"/home/thomasverwaal/Robust-Rail-NL/mathematical-models/scenarios_solver_types_120/scenario_solver_32_trains_5_units21.json","Cost of next node: Cost = 837.8 : 894.08 | cr=24, dd=8, da=1, tlv=11, sm=64, rd=101.25, cd=0, um=0","Time elapsed: 12.49 seconds","/home/thomasverwaal/Robust-Rail-NL/mathematical-models/local_search_plans_discreet_120/plan_32_trains_5_units21.json"
"/home/thomasverwaal/Robust-Rail-NL/mathematical-models/scenarios_solver_types_120/scenario_solver_32_trains_5_units21.json","Cost of next node: Cost = 595.3 : 656.58 | cr=23, dd=3, da=1, tlv=12, sm=64, rd=96.56, cd=0, um=0","Time elapsed: 12.78 seconds","/home/thomasverwaal/Robust-Rail-NL/mathematical-models/local_search_plans_discreet_120/plan_32_trains_5_units21.json"
"/home/thomasverwaal/Robust-Rail-NL/mathematical-models/scenarios_solver_types_120/scenario_solver_32_trains_5_units21.json","Cost of next node: Cost = 464.8 : 526.08 | cr=21, dd=1, da=1, tlv=12, sm=64, rd=90.00, cd=0, um=0","Time elapsed: 12.87 seconds","/home/thomasverwaal/Robust-Rail-NL/mathematical-models/local_search_plans_discreet_120/plan_32_trains_5_units21.json"
"/home/thomasverwaal/Robust-Rail-NL/mathematical-models/scenarios_solver_types_120/scenario_solver_32_trains_5_units21.json","Cost of next node: Cost = 405.0 : 471.28 | cr=21, dd=0, da=0, tlv=13, sm=64, rd=86.25, cd=0, um=0","Time elapsed: 13.14 seconds","/home/thomasverwaal/Robust-Rail-NL/mathematical-models/local_search_plans_discreet_120/plan_32_trains_5_units21.json"
"/home/thomasverwaal/Robust-Rail-NL/mathematical-models/scenarios_solver_types_120/scenario_solver_32_trains_5_units21.json","Cost of next node: Cost = 385.0 : 451.28 | cr=19, dd=0, da=0, tlv=13, sm=64, rd=86.25, cd=0, um=0","Time elapsed: 16.76 seconds","/home/thomasverwaal/Robust-Rail-NL/mathematical-models/local_search_plans_discreet_120/plan_32_trains_5_units21.json"
"/home/thomasverwaal/Robust-Rail-NL/mathematical-models/scenarios_solver_types_120/scenario_solver_32_trains_5_units21.json","Cost of next node: Cost = 365.0 : 431.28 | cr=17, dd=0, da=0, tlv=13, sm=64, rd=86.25, cd=0, um=0","Time elapsed: 19.84 seconds","/home/thomasverwaal/Robust-Rail-NL/mathematical-models/local_search_plans_discreet_120/plan_32_trains_5_units21.json"
"/home/thomasverwaal/Robust-Rail-NL/mathematical-models/scenarios_solver_types_120/scenario_solver_32_trains_5_units21.json","Cost of next node: Cost = 355.0 : 421.28 | cr=16, dd=0, da=0, tlv=13, sm=64, rd=86.25, cd=0, um=0","Time elapsed: 22.26 seconds","/home/thomasverwaal/Robust-Rail-NL/mathematical-models/local_search_plans_discreet_120/plan_32_trains_5_units21.json"
"/home/thomasverwaal/Robust-Rail-NL/mathematical-models/scenarios_solver_types_120/scenario_solver_32_trains_5_units21.json","Cost of next node: Cost = 345.0 : 411.28 | cr=15, dd=0, da=0, tlv=13, sm=64, rd=86.25, cd=0, um=0","Time elapsed: 24.73 seconds","/home/thomasverwaal/Robust-Rail-NL/mathematical-models/local_search_plans_discreet_120/plan_32_trains_5_units21.json"
"/home/thomasverwaal/Robust-Rail-NL/mathematical-models/scenarios_solver_types_120/scenario_solver_32_trains_5_units21.json","Cost of next node: Cost = 335.0 : 401.28 | cr=14, dd=0, da=0, tlv=13, sm=64, rd=86.25, cd=0, um=0","Time elapsed: 27.31 seconds","/home/thomasverwaal/Robust-Rail-NL/mathematical-models/local_search_plans_discreet_120/plan_32_trains_5_units21.json"
"/home/thomasverwaal/Robust-Rail-NL/mathematical-models/scenarios_solver_types_120/scenario_solver_32_trains_5_units21.json","Cost of next node: Cost = 325.0 : 391.28 | cr=13, dd=0, da=0, tlv=13, sm=64, rd=88.12, cd=0, um=0","Time elapsed: 29.68 seconds","/home/thomasverwaal/Robust-Rail-NL/mathematical-models/local_search_plans_discreet_120/plan_32_trains_5_units21.json"
"/home/thomasverwaal/Robust-Rail-NL/mathematical-models/scenarios_solver_types_120/scenario_solver_32_trains_5_units21.json","Cost of next node: Cost = 310.0 : 371.28 | cr=13, dd=0, da=0, tlv=12, sm=64, rd=90.00, cd=0, um=0","Time elapsed: 31.84 seconds","/home/thomasverwaal/Robust-Rail-NL/mathematical-models/local_search_plans_discreet_120/plan_32_trains_5_units21.json"
"/home/thomasverwaal/Robust-Rail-NL/mathematical-models/scenarios_solver_types_120/scenario_solver_32_trains_5_units21.json","Cost of next node: Cost = 300.0 : 361.28 | cr=12, dd=0, da=0, tlv=12, sm=64, rd=90.00, cd=0, um=0","Time elapsed: 33.88 seconds","/home/thomasverwaal/Robust-Rail-NL/mathematical-models/local_search_plans_discreet_120/plan_32_trains_5_units21.json"
"/home/thomasverwaal/Robust-Rail-NL/mathematical-models/scenarios_solver_types_120/scenario_solver_32_trains_5_units21.json","Cost of next node: Cost = 290.0 : 351.28 | cr=11, dd=0, da=0, tlv=12, sm=64, rd=90.00, cd=0, um=0","Time elapsed: 35.57 seconds","/home/thomasverwaal/Robust-Rail-NL/mathematical-models/local_search_plans_discreet_120/plan_32_trains_5_units21.json"
"/home/thomasverwaal/Robust-Rail-NL/mathematical-models/scenarios_solver_types_120/scenario_solver_32_trains_5_units21.json","Cost of next node: Cost = 280.0 : 341.28 | cr=10, dd=0, da=0, tlv=12, sm=64, rd=90.00, cd=0, um=0","Time elapsed: 37.31 seconds","/home/thomasverwaal/Robust-Rail-NL/mathematical-models/local_search_plans_discreet_120/plan_32_trains_5_units21.json"
"/home/thomasverwaal/Robust-Rail-NL/mathematical-models/scenarios_solver_types_120/scenario_solver_32_trains_5_units21.json","Cost of next node: Cost = 270.0 : 331.28 | cr=9, dd=0, da=0, tlv=12, sm=64, rd=90.00, cd=0, um=0","Time elapsed: 38.83 seconds","/home/thomasverwaal/Robust-Rail-NL/mathematical-models/local_search_plans_discreet_120/plan_32_trains_5_units21.json"
"/home/thomasverwaal/Robust-Rail-NL/mathematical-models/scenarios_solver_types_120/scenario_solver_32_trains_5_units21.json","Cost of next node: Cost = 260.0 : 321.28 | cr=8, dd=0, da=0, tlv=12, sm=64, rd=90.00, cd=0, um=0","Time elapsed: 40.29 seconds","/home/thomasverwaal/Robust-Rail-NL/mathematical-models/local_search_plans_discreet_120/plan_32_trains_5_units21.json"
"/home/thomasverwaal/Robust-Rail-NL/mathematical-models/scenarios_solver_types_120/scenario_solver_32_trains_5_units21.json","Cost of next node: Cost = 250.0 : 311.28 | cr=7, dd=0, da=0, tlv=12, sm=64, rd=90.00, cd=0, um=0","Time elapsed: 41.42 seconds","/home/thomasverwaal/Robust-Rail-NL/mathematical-models/local_search_plans_discreet_120/plan_32_trains_5_units21.json"
"/home/thomasverwaal/Robust-Rail-NL/mathematical-models/scenarios_solver_types_120/scenario_solver_32_trains_5_units21.json","Cost of next node: Cost = 245.0 : 311.28 | cr=5, dd=0, da=0, tlv=13, sm=64, rd=90.00, cd=0, um=0","Time elapsed: 42.39 seconds","/home/thomasverwaal/Robust-Rail-NL/mathematical-models/local_search_plans_discreet_120/plan_32_trains_5_units21.json"
"/home/thomasverwaal/Robust-Rail-NL/mathematical-models/scenarios_solver_types_120/scenario_solver_32_trains_5_units21.json","Cost of next node: Cost = 235.0 : 301.28 | cr=4, dd=0, da=0, tlv=13, sm=64, rd=90.00, cd=0, um=0","Time elapsed: 43.63 seconds","/home/thomasverwaal/Robust-Rail-NL/mathematical-models/local_search_plans_discreet_120/plan_32_trains_5_units21.json"
"/home/thomasverwaal/Robust-Rail-NL/mathematical-models/scenarios_solver_types_120/scenario_solver_32_trains_5_units21.json","Cost of next node: Cost = 220.0 : 281.28 | cr=4, dd=0, da=0, tlv=12, sm=64, rd=88.12, cd=0, um=0","Time elapsed: 44.56 seconds","/home/thomasverwaal/Robust-Rail-NL/mathematical-models/local_search_plans_discreet_120/plan_32_trains_5_units21.json"
"/home/thomasverwaal/Robust-Rail-NL/mathematical-models/scenarios_solver_types_120/scenario_solver_32_trains_5_units21.json","Cost of next node: Cost = 215.0 : 281.28 | cr=2, dd=0, da=0, tlv=13, sm=64, rd=86.25, cd=0, um=0","Time elapsed: 45.48 seconds","/home/thomasverwaal/Robust-Rail-NL/mathematical-models/local_search_plans_discreet_120/plan_32_trains_5_units21.json"
"/home/thomasverwaal/Robust-Rail-NL/mathematical-models/scenarios_solver_types_120/scenario_solver_32_trains_5_units21.json","Cost of next node: Cost = 200.0 : 261.28 | cr=2, dd=0, da=0, tlv=12, sm=64, rd=88.12, cd=0, um=0","Time elapsed: 46.27 seconds","/home/thomasverwaal/Robust-Rail-NL/mathematical-models/local_search_plans_discreet_120/plan_32_trains_5_units21.json"
"/home/thomasverwaal/Robust-Rail-NL/mathematical-models/scenarios_solver_types_120/scenario_solver_32_trains_5_units21.json","Cost of next node: Cost = 190.0 : 251.30 | cr=1, dd=0, da=0, tlv=12, sm=65, rd=86.77, cd=0, um=0","Time elapsed: 103.22 seconds","/home/thomasverwaal/Robust-Rail-NL/mathematical-models/local_search_plans_discreet_120/plan_32_trains_5_units21.json"
"/home/thomasverwaal/Robust-Rail-NL/mathematical-models/scenarios_solver_types_120/scenario_solver_32_trains_5_units21.json","NO_COST_FOUND","NO_TIME_FOUND","NO_PLAN_CREATED"
"/home/thomasverwaal/Robust-Rail-NL/mathematical-models/scenarios_solver_types_120/scenario_solver_32_trains_5_units22.json","Cost of next node: Cost = 2,817.4 : 2,818.73 | cr=46, dd=32, da=30, tlv=0, sm=64, rd=185.62, cd=0, um=0","Time elapsed: 4.31 seconds","/home/thomasverwaal/Robust-Rail-NL/mathematical-models/local_search_plans_discreet_120/plan_32_trains_5_units22.json"
"/home/thomasverwaal/Robust-Rail-NL/mathematical-models/scenarios_solver_types_120/scenario_solver_32_trains_5_units22.json","Cost of next node: Cost = 2,796.0 : 2,797.27 | cr=44, dd=32, da=30, tlv=0, sm=64, rd=185.62, cd=0, um=0","Time elapsed: 4.42 seconds","/home/thomasverwaal/Robust-Rail-NL/mathematical-models/local_search_plans_discreet_120/plan_32_trains_5_units22.json"
"/home/thomasverwaal/Robust-Rail-NL/mathematical-models/scenarios_solver_types_120/scenario_solver_32_trains_5_units22.json","Cost of next node: Cost = 2,730.2 : 2,736.50 | cr=42, dd=32, da=28, tlv=1, sm=64, rd=182.81, cd=0, um=0","Time elapsed: 4.54 seconds","/home/thomasverwaal/Robust-Rail-NL/mathematical-models/local_search_plans_discreet_120/plan_32_trains_5_units22.json"
"/home/thomasverwaal/Robust-Rail-NL/mathematical-models/scenarios_solver_types_120/scenario_solver_32_trains_5_units22.json","Cost of next node: Cost = 2,516.4 : 2,522.66 | cr=41, dd=32, da=18, tlv=1, sm=64, rd=176.25, cd=0, um=0","Time elapsed: 4.73 seconds","/home/thomasverwaal/Robust-Rail-NL/mathematical-models/local_search_plans_discreet_120/plan_32_trains_5_units22.json"
"/home/thomasverwaal/Robust-Rail-NL/mathematical-models/scenarios_solver_types_120/scenario_solver_32_trains_5_units22.json","Cost of next node: Cost = 2,448.4 : 2,459.71 | cr=38, dd=32, da=15, tlv=2, sm=64, rd=173.44, cd=0, um=0","Time elapsed: 4.86 seconds","/home/thomasverwaal/Robust-Rail-NL/mathematical-models/local_search_plans_discreet_120/plan_32_trains_5_units22.json"
"/home/thomasverwaal/Robust-Rail-NL/mathematical-models/scenarios_solver_types_120/scenario_solver_32_trains_5_units22.json","Cost of next node: Cost = 2,428.1 : 2,439.35 | cr=36, dd=32, da=15, tlv=2, sm=64, rd=173.44, cd=0, um=0","Time elapsed: 4.94 seconds","/home/thomasverwaal/Robust-Rail-NL/mathematical-models/local_search_plans_discreet_120/plan_32_trains_5_units22.json"
"/home/thomasverwaal/Robust-Rail-NL/mathematical-models/scenarios_solver_types_120/scenario_solver_32_trains_5_units22.json","Cost of next node: Cost = 2,400.9 : 2,417.13 | cr=36, dd=32, da=13, tlv=3, sm=64, rd=168.75, cd=0, um=0","Time elapsed: 5.13 seconds","/home/thomasverwaal/Robust-Rail-NL/mathematical-models/local_search_plans_discreet_120/plan_32_trains_5_units22.json"
"/home/thomasverwaal/Robust-Rail-NL/mathematical-models/scenarios_solver_types_120/scenario_solver_32_trains_5_units22.json","Cost of next node: Cost = 2,376.3 : 2,397.60 | cr=36, dd=32, da=11, tlv=4, sm=64, rd=165.00, cd=0, um=0","Time elapsed: 5.34 seconds","/home/thomasverwaal/Robust-Rail-NL/mathematical-models/local_search_plans_discreet_120/plan_32_trains_5_units22.json"
"/home/thomasverwaal/Robust-Rail-NL/mathematical-models/scenarios_solver_types_120/scenario_solver_32_trains_5_units22.json","Cost of next node: Cost = 2,340.3 : 2,356.60 | cr=34, dd=32, da=11, tlv=3, sm=64, rd=163.12, cd=0, um=0","Time elapsed: 5.58 seconds","/home/thomasverwaal/Robust-Rail-NL/mathematical-models/local_search_plans_discreet_120/plan_32_trains_5_units22.json"
"/home/thomasverwaal/Robust-Rail-NL/mathematical-models/scenarios_solver_types_120/scenario_solver_32_trains_5_units22.json","Cost of next node: Cost = 2,320.1 : 2,341.40 | cr=32, dd=32, da=11, tlv=4, sm=64, rd=157.50, cd=0, um=0","Time elapsed: 5.92 seconds","/home/thomasverwaal/Robust-Rail-NL/mathematical-models/local_search_plans_discreet_120/plan_32_trains_5_units22.json"
"/home/thomasverwaal/Robust-Rail-NL/mathematical-models/scenarios_solver_types_120/scenario_solver_32_trains_5_units22.json","Cost of next node: Cost = 2,298.3 : 2,324.63 | cr=31, dd=32, da=11, tlv=5, sm=64, rd=150.00, cd=0, um=0","Time elapsed: 6.28 seconds","/home/thomasverwaal/Robust-Rail-NL/mathematical-models/local_search_plans_discreet_120/plan_32_trains_5_units22.json"
"/home/thomasverwaal/Robust-Rail-NL/mathematical-models/scenarios_solver_types_120/scenario_solver_32_trains_5_units22.json","Cost of next node: Cost = 2,269.6 : 2,300.90 | cr=27, dd=32, da=11, tlv=6, sm=64, rd=146.25, cd=0, um=0","Time elapsed: 6.58 seconds","/home/thomasverwaal/Robust-Rail-NL/mathematical-models/local_search_plans_discreet_120/plan_32_trains_5_units22.json"
"/home/thomasverwaal/Robust-Rail-NL/mathematical-models/scenarios_solver_types_120/scenario_solver_32_trains_5_units22.json","Cost of next node: Cost = 2,247.3 : 2,283.54 | cr=23, dd=32, da=11, tlv=7, sm=64, rd=148.12, cd=0, um=0","Time elapsed: 6.78 seconds","/home/thomasverwaal/Robust-Rail-NL/mathematical-models/local_search_plans_discreet_120/plan_32_trains_5_units22.json"
"/home/thomasverwaal/Robust-Rail-NL/mathematical-models/scenarios_solver_types_120/scenario_solver_32_trains_5_units22.json","Cost of next node: Cost = 2,224.3 : 2,260.63 | cr=21, dd=32, da=11, tlv=7, sm=64, rd=146.25, cd=0, um=0","Time elapsed: 7.09 seconds","/home/thomasverwaal/Robust-Rail-NL/mathematical-models/local_search_plans_discreet_120/plan_32_trains_5_units22.json"
"/home/thomasverwaal/Robust-Rail-NL/mathematical-models/scenarios_solver_types_120/scenario_solver_32_trains_5_units22.json","Cost of next node: Cost = 2,194.3 : 2,235.58 | cr=14, dd=32, da=11, tlv=8, sm=64, rd=151.88, cd=0, um=0","Time elapsed: 7.54 seconds","/home/thomasverwaal/Robust-Rail-NL/mathematical-models/local_search_plans_discreet_120/plan_32_trains_5_units22.json"
"/home/thomasverwaal/Robust-Rail-NL/mathematical-models/scenarios_solver_types_120/scenario_solver_32_trains_5_units22.json","Cost of next node: Cost = 2,171.8 : 2,208.13 | cr=13, dd=32, da=11, tlv=7, sm=64, rd=153.75, cd=0, um=0","Time elapsed: 7.70 seconds","/home/thomasverwaal/Robust-Rail-NL/mathematical-models/local_search_plans_discreet_120/plan_32_trains_5_units22.json"
"/home/thomasverwaal/Robust-Rail-NL/mathematical-models/scenarios_solver_types_120/scenario_solver_32_trains_5_units22.json","Cost of next node: Cost = 2,147.2 : 2,188.52 | cr=12, dd=32, da=10, tlv=8, sm=64, rd=148.12, cd=0, um=0","Time elapsed: 8.20 seconds","/home/thomasverwaal/Robust-Rail-NL/mathematical-models/local_search_plans_discreet_120/plan_32_trains_5_units22.json"
"/home/thomasverwaal/Robust-Rail-NL/mathematical-models/scenarios_solver_types_120/scenario_solver_32_trains_5_units22.json","Cost of next node: Cost = 2,126.7 : 2,172.96 | cr=13, dd=32, da=9, tlv=9, sm=64, rd=140.62, cd=0, um=0","Time elapsed: 8.64 seconds","/home/thomasverwaal/Robust-Rail-NL/mathematical-models/local_search_plans_discreet_120/plan_32_trains_5_units22.json"
"/home/thomasverwaal/Robust-Rail-NL/mathematical-models/scenarios_solver_types_120/scenario_solver_32_trains_5_units22.json","Cost of next node: Cost = 2,092.6 : 2,138.87 | cr=10, dd=32, da=9, tlv=9, sm=64, rd=137.81, cd=0, um=0","Time elapsed: 9.22 seconds","/home/thomasverwaal/Robust-Rail-NL/mathematical-models/local_search_plans_discreet_120/plan_32_trains_5_units22.json"
"/home/thomasverwaal/Robust-Rail-NL/mathematical-models/scenarios_solver_types_120/scenario_solver_32_trains_5_units22.json","Cost of next node: Cost = 2,071.9 : 2,118.23 | cr=7, dd=32, da=9, tlv=9, sm=64, rd=143.44, cd=0, um=0","Time elapsed: 9.89 seconds","/home/thomasverwaal/Robust-Rail-NL/mathematical-models/local_search_plans_discreet_120/plan_32_trains_5_units22.json"
"/home/thomasverwaal/Robust-Rail-NL/mathematical-models/scenarios_solver_types_120/scenario_solver_32_trains_5_units22.json","Cost of next node: Cost = 2,047.5 : 2,093.77 | cr=7, dd=32, da=9, tlv=9, sm=64, rd=127.50, cd=0, um=0","Time elapsed: 10.62 seconds","/home/thomasverwaal/Robust-Rail-NL/mathematical-models/local_search_plans_discreet_120/plan_32_trains_5_units22.json"
"/home/thomasverwaal/Robust-Rail-NL/mathematical-models/scenarios_solver_types_120/scenario_solver_32_trains_5_units22.json","Cost of next node: Cost = 2,027.8 : 2,079.08 | cr=7, dd=32, da=8, tlv=10, sm=64, rd=120.00, cd=0, um=0","Time elapsed: 11.80 seconds","/home/thomasverwaal/Robust-Rail-NL/mathematical-models/local_search_plans_discreet_120/plan_32_trains_5_units22.json"
"/home/thomasverwaal/Robust-Rail-NL/mathematical-models/scenarios_solver_types_120/scenario_solver_32_trains_5_units22.json","Cost of next node: Cost = 2,004.3 : 2,060.63 | cr=9, dd=32, da=6, tlv=11, sm=64, rd=114.38, cd=0, um=0","Time elapsed: 11.97 seconds","/home/thomasverwaal/Robust-Rail-NL/mathematical-models/local_search_plans_discreet_120/plan_32_trains_5_units22.json"
"/home/thomasverwaal/Robust-Rail-NL/mathematical-models/scenarios_solver_types_120/scenario_solver_32_trains_5_units22.json","Cost of next node: Cost = 1,907.4 : 1,963.70 | cr=10, dd=30, da=6, tlv=11, sm=64, rd=110.62, cd=0, um=0","Time elapsed: 12.03 seconds","/home/thomasverwaal/Robust-Rail-NL/mathematical-models/local_search_plans_discreet_120/plan_32_trains_5_units22.json"
"/home/thomasverwaal/Robust-Rail-NL/mathematical-models/scenarios_solver_types_120/scenario_solver_32_trains_5_units22.json","Cost of next node: Cost = 1,876.4 : 1,932.64 | cr=12, dd=29, da=6, tlv=11, sm=64, rd=110.62, cd=0, um=0","Time elapsed: 12.10 seconds","/home/thomasverwaal/Robust-Rail-NL/mathematical-models/local_search_plans_discreet_120/plan_32_trains_5_units22.json"
"/home/thomasverwaal/Robust-Rail-NL/mathematical-models/scenarios_solver_types_120/scenario_solver_32_trains_5_units22.json","Cost of next node: Cost = 1,826.7 : 1,882.95 | cr=12, dd=28, da=6, tlv=11, sm=64, rd=110.62, cd=0, um=0","Time elapsed: 12.19 seconds","/home/thomasverwaal/Robust-Rail-NL/mathematical-models/local_search_plans_discreet_120/plan_32_trains_5_units22.json"
"/home/thomasverwaal/Robust-Rail-NL/mathematical-models/scenarios_solver_types_120/scenario_solver_32_trains_5_units22.json","Cost of next node: Cost = 1,667.5 : 1,723.81 | cr=11, dd=25, da=6, tlv=11, sm=64, rd=110.62, cd=0, um=0","Time elapsed: 12.34 seconds","/home/thomasverwaal/Robust-Rail-NL/mathematical-models/local_search_plans_discreet_120/plan_32_trains_5_units22.json"
"/home/thomasverwaal/Robust-Rail-NL/mathematical-models/scenarios_solver_types_120/scenario_solver_32_trains_5_units22.json","Cost of next node: Cost = 1,637.8 : 1,694.10 | cr=13, dd=24, da=6, tlv=11, sm=64, rd=110.62, cd=0, um=0","Time elapsed: 12.42 seconds","/home/thomasverwaal/Robust-Rail-NL/mathematical-models/local_search_plans_discreet_120/plan_32_trains_5_units22.json"
"/home/thomasverwaal/Robust-Rail-NL/mathematical-models/scenarios_solver_types_120/scenario_solver_32_trains_5_units22.json","Cost of next node: Cost = 1,577.8 : 1,634.04 | cr=12, dd=23, da=6, tlv=11, sm=64, rd=110.62, cd=0, um=0","Time elapsed: 12.46 seconds","/home/thomasverwaal/Robust-Rail-NL/mathematical-models/local_search_plans_discreet_120/plan_32_trains_5_units22.json"
"/home/thomasverwaal/Robust-Rail-NL/mathematical-models/scenarios_solver_types_120/scenario_solver_32_trains_5_units22.json","Cost of next node: Cost = 1,481.8 : 1,538.09 | cr=13, dd=21, da=6, tlv=11, sm=64, rd=109.69, cd=0, um=0","Time elapsed: 12.52 seconds","/home/thomasverwaal/Robust-Rail-NL/mathematical-models/local_search_plans_discreet_120/plan_32_trains_5_units22.json"
"/home/thomasverwaal/Robust-Rail-NL/mathematical-models/scenarios_solver_types_120/scenario_solver_32_trains_5_units22.json","Cost of next node: Cost = 1,396.8 : 1,458.10 | cr=13, dd=19, da=6, tlv=12, sm=64, rd=107.81, cd=0, um=0","Time elapsed: 12.70 seconds","/home/thomasverwaal/Robust-Rail-NL/mathematical-models/local_search_plans_discreet_120/plan_32_trains_5_units22.json"
"/home/thomasverwaal/Robust-Rail-NL/mathematical-models/scenarios_solver_types_120/scenario_solver_32_trains_5_units22.json","Cost of next node: Cost = 1,361.3 : 1,427.56 | cr=13, dd=18, da=6, tlv=13, sm=64, rd=105.94, cd=0, um=0","Time elapsed: 12.90 seconds","/home/thomasverwaal/Robust-Rail-NL/mathematical-models/local_search_plans_discreet_120/plan_32_trains_5_units22.json"
"/home/thomasverwaal/Robust-Rail-NL/mathematical-models/scenarios_solver_types_120/scenario_solver_32_trains_5_units22.json","Cost of next node: Cost = 1,327.4 : 1,398.68 | cr=15, dd=17, da=5, tlv=14, sm=64, rd=100.31, cd=0, um=0","Time elapsed: 13.12 seconds","/home/thomasverwaal/Robust-Rail-NL/mathematical-models/local_search_plans_discreet_120/plan_32_trains_5_units22.json"
"/home/thomasverwaal/Robust-Rail-NL/mathematical-models/scenarios_solver_types_120/scenario_solver_32_trains_5_units22.json","Cost of next node: Cost = 1,261.4 : 1,337.70 | cr=19, dd=15, da=4, tlv=15, sm=64, rd=96.56, cd=0, um=0","Time elapsed: 13.38 seconds","/home/thomasverwaal/Robust-Rail-NL/mathematical-models/local_search_plans_discreet_120/plan_32_trains_5_units22.json"
"/home/thomasverwaal/Robust-Rail-NL/mathematical-models/scenarios_solver_types_120/scenario_solver_32_trains_5_units22.json","Cost of next node: Cost = 1,221.4 : 1,297.70 | cr=15, dd=15, da=4, tlv=15, sm=64, rd=96.56, cd=0, um=0","Time elapsed: 13.48 seconds","/home/thomasverwaal/Robust-Rail-NL/mathematical-models/local_search_plans_discreet_120/plan_32_trains_5_units22.json"
"/home/thomasverwaal/Robust-Rail-NL/mathematical-models/scenarios_solver_types_120/scenario_solver_32_trains_5_units22.json","Cost of next node: Cost = 1,170.3 : 1,246.58 | cr=17, dd=14, da=3, tlv=15, sm=64, rd=92.81, cd=0, um=0","Time elapsed: 13.77 seconds","/home/thomasverwaal/Robust-Rail-NL/mathematical-models/local_search_plans_discreet_120/plan_32_trains_5_units22.json"
"/home/thomasverwaal/Robust-Rail-NL/mathematical-models/scenarios_solver_types_120/scenario_solver_32_trains_5_units22.json","Cost of next node: Cost = 1,140.3 : 1,216.58 | cr=14, dd=14, da=3, tlv=15, sm=64, rd=92.81, cd=0, um=0","Time elapsed: 13.85 seconds","/home/thomasverwaal/Robust-Rail-NL/mathematical-models/local_search_plans_discreet_120/plan_32_trains_5_units22.json"
"/home/thomasverwaal/Robust-Rail-NL/mathematical-models/scenarios_solver_types_120/scenario_solver_32_trains_5_units22.json","Cost of next node: Cost = 1,115.3 : 1,186.58 | cr=13, dd=14, da=3, tlv=14, sm=64, rd=94.69, cd=0, um=0","Time elapsed: 13.95 seconds","/home/thomasverwaal/Robust-Rail-NL/mathematical-models/local_search_plans_discreet_120/plan_32_trains_5_units22.json"
"/home/thomasverwaal/Robust-Rail-NL/mathematical-models/scenarios_solver_types_120/scenario_solver_32_trains_5_units22.json","Cost of next node: Cost = 895.2 : 971.48 | cr=17, dd=9, da=2, tlv=15, sm=64, rd=88.12, cd=0, um=0","Time elapsed: 14.29 seconds","/home/thomasverwaal/Robust-Rail-NL/mathematical-models/local_search_plans_discreet_120/plan_32_trains_5_units22.json"
"/home/thomasverwaal/Robust-Rail-NL/mathematical-models/scenarios_solver_types_120/scenario_solver_32_trains_5_units22.json","Cost of next node: Cost = 788.7 : 869.98 | cr=17, dd=7, da=1, tlv=16, sm=64, rd=84.38, cd=0, um=0","Time elapsed: 14.55 seconds","/home/thomasverwaal/Robust-Rail-NL/mathematical-models/local_search_plans_discreet_120/plan_32_trains_5_units22.json"
"/home/thomasverwaal/Robust-Rail-NL/mathematical-models/scenarios_solver_types_120/scenario_solver_32_trains_5_units22.json","Cost of next node: Cost = 763.7 : 839.98 | cr=16, dd=7, da=1, tlv=15, sm=64, rd=84.38, cd=0, um=0","Time elapsed: 14.87 seconds","/home/thomasverwaal/Robust-Rail-NL/mathematical-models/local_search_plans_discreet_120/plan_32_trains_5_units22.json"
"/home/thomasverwaal/Robust-Rail-NL/mathematical-models/scenarios_solver_types_120/scenario_solver_32_trains_5_units22.json","Cost of next node: Cost = 461.5 : 542.78 | cr=17, dd=1, da=0, tlv=16, sm=64, rd=76.88, cd=0, um=0","Time elapsed: 15.12 seconds","/home/thomasverwaal/Robust-Rail-NL/mathematical-models/local_search_plans_discreet_120/plan_32_trains_5_units22.json"
"/home/thomasverwaal/Robust-Rail-NL/mathematical-models/scenarios_solver_types_120/scenario_solver_32_trains_5_units22.json","Cost of next node: Cost = 441.5 : 522.78 | cr=15, dd=1, da=0, tlv=16, sm=64, rd=76.88, cd=0, um=0","Time elapsed: 18.57 seconds","/home/thomasverwaal/Robust-Rail-NL/mathematical-models/local_search_plans_discreet_120/plan_32_trains_5_units22.json"
"/home/thomasverwaal/Robust-Rail-NL/mathematical-models/scenarios_solver_types_120/scenario_solver_32_trains_5_units22.json","Cost of next node: Cost = 416.5 : 492.78 | cr=14, dd=1, da=0, tlv=15, sm=64, rd=78.75, cd=0, um=0","Time elapsed: 18.68 seconds","/home/thomasverwaal/Robust-Rail-NL/mathematical-models/local_search_plans_discreet_120/plan_32_trains_5_units22.json"
"/home/thomasverwaal/Robust-Rail-NL/mathematical-models/scenarios_solver_types_120/scenario_solver_32_trains_5_units22.json","Cost of next node: Cost = 386.5 : 462.78 | cr=11, dd=1, da=0, tlv=15, sm=64, rd=78.75, cd=0, um=0","Time elapsed: 18.76 seconds","/home/thomasverwaal/Robust-Rail-NL/mathematical-models/local_search_plans_discreet_120/plan_32_trains_5_units22.json"
"/home/thomasverwaal/Robust-Rail-NL/mathematical-models/scenarios_solver_types_120/scenario_solver_32_trains_5_units22.json","Cost of next node: Cost = 371.5 : 442.78 | cr=11, dd=1, da=0, tlv=14, sm=64, rd=78.75, cd=0, um=0","Time elapsed: 21.42 seconds","/home/thomasverwaal/Robust-Rail-NL/mathematical-models/local_search_plans_discreet_120/plan_32_trains_5_units22.json"
"/home/thomasverwaal/Robust-Rail-NL/mathematical-models/scenarios_solver_types_120/scenario_solver_32_trains_5_units22.json","Cost of next node: Cost = 335.0 : 411.28 | cr=11, dd=0, da=0, tlv=15, sm=64, rd=76.88, cd=0, um=0","Time elapsed: 21.47 seconds","/home/thomasverwaal/Robust-Rail-NL/mathematical-models/local_search_plans_discreet_120/plan_32_trains_5_units22.json"
"/home/thomasverwaal/Robust-Rail-NL/mathematical-models/scenarios_solver_types_120/scenario_solver_32_trains_5_units22.json","Cost of next node: Cost = 320.0 : 391.28 | cr=11, dd=0, da=0, tlv=14, sm=64, rd=76.88, cd=0, um=0","Time elapsed: 23.82 seconds","/home/thomasverwaal/Robust-Rail-NL/mathematical-models/local_search_plans_discreet_120/plan_32_trains_5_units22.json"
"/home/thomasverwaal/Robust-Rail-NL/mathematical-models/scenarios_solver_types_120/scenario_solver_32_trains_5_units22.json","Cost of next node: Cost = 310.0 : 381.28 | cr=10, dd=0, da=0, tlv=14, sm=64, rd=76.88, cd=0, um=0","Time elapsed: 25.94 seconds","/home/thomasverwaal/Robust-Rail-NL/mathematical-models/local_search_plans_discreet_120/plan_32_trains_5_units22.json"
"/home/thomasverwaal/Robust-Rail-NL/mathematical-models/scenarios_solver_types_120/scenario_solver_32_trains_5_units22.json","Cost of next node: Cost = 300.0 : 371.28 | cr=9, dd=0, da=0, tlv=14, sm=64, rd=76.88, cd=0, um=0","Time elapsed: 27.92 seconds","/home/thomasverwaal/Robust-Rail-NL/mathematical-models/local_search_plans_discreet_120/plan_32_trains_5_units22.json"
"/home/thomasverwaal/Robust-Rail-NL/mathematical-models/scenarios_solver_types_120/scenario_solver_32_trains_5_units22.json","Cost of next node: Cost = 290.0 : 361.28 | cr=8, dd=0, da=0, tlv=14, sm=64, rd=76.88, cd=0, um=0","Time elapsed: 29.83 seconds","/home/thomasverwaal/Robust-Rail-NL/mathematical-models/local_search_plans_discreet_120/plan_32_trains_5_units22.json"
"/home/thomasverwaal/Robust-Rail-NL/mathematical-models/scenarios_solver_types_120/scenario_solver_32_trains_5_units22.json","Cost of next node: Cost = 280.0 : 351.28 | cr=7, dd=0, da=0, tlv=14, sm=64, rd=76.88, cd=0, um=0","Time elapsed: 31.58 seconds","/home/thomasverwaal/Robust-Rail-NL/mathematical-models/local_search_plans_discreet_120/plan_32_trains_5_units22.json"
"/home/thomasverwaal/Robust-Rail-NL/mathematical-models/scenarios_solver_types_120/scenario_solver_32_trains_5_units22.json","Cost of next node: Cost = 270.0 : 341.28 | cr=6, dd=0, da=0, tlv=14, sm=64, rd=76.88, cd=0, um=0","Time elapsed: 33.07 seconds","/home/thomasverwaal/Robust-Rail-NL/mathematical-models/local_search_plans_discreet_120/plan_32_trains_5_units22.json"
"/home/thomasverwaal/Robust-Rail-NL/mathematical-models/scenarios_solver_types_120/scenario_solver_32_trains_5_units22.json","Cost of next node: Cost = 260.0 : 331.28 | cr=5, dd=0, da=0, tlv=14, sm=64, rd=76.88, cd=0, um=0","Time elapsed: 34.26 seconds","/home/thomasverwaal/Robust-Rail-NL/mathematical-models/local_search_plans_discreet_120/plan_32_trains_5_units22.json"
"/home/thomasverwaal/Robust-Rail-NL/mathematical-models/scenarios_solver_types_120/scenario_solver_32_trains_5_units22.json","Cost of next node: Cost = 250.0 : 321.28 | cr=4, dd=0, da=0, tlv=14, sm=64, rd=76.88, cd=0, um=0","Time elapsed: 35.28 seconds","/home/thomasverwaal/Robust-Rail-NL/mathematical-models/local_search_plans_discreet_120/plan_32_trains_5_units22.json"
"/home/thomasverwaal/Robust-Rail-NL/mathematical-models/scenarios_solver_types_120/scenario_solver_32_trains_5_units22.json","Cost of next node: Cost = 240.0 : 311.28 | cr=3, dd=0, da=0, tlv=14, sm=64, rd=76.88, cd=0, um=0","Time elapsed: 36.21 seconds","/home/thomasverwaal/Robust-Rail-NL/mathematical-models/local_search_plans_discreet_120/plan_32_trains_5_units22.json"
"/home/thomasverwaal/Robust-Rail-NL/mathematical-models/scenarios_solver_types_120/scenario_solver_32_trains_5_units22.json","Cost of next node: Cost = 230.0 : 301.30 | cr=2, dd=0, da=0, tlv=14, sm=65, rd=77.54, cd=0, um=0","Time elapsed: 114.55 seconds","/home/thomasverwaal/Robust-Rail-NL/mathematical-models/local_search_plans_discreet_120/plan_32_trains_5_units22.json"
"/home/thomasverwaal/Robust-Rail-NL/mathematical-models/scenarios_solver_types_120/scenario_solver_32_trains_5_units22.json","NO_COST_FOUND","NO_TIME_FOUND","NO_PLAN_CREATED"
