scenario,cost_line,time_line,plan_file
"/home/thomasverwaal/Robust-Rail-NL/mathematical-models/scenarios_solver_types_120/scenario_solver_33_trains_1_units23.json","Cost of next node: Cost = 2,813.3 : 2,814.65 | cr=41, dd=33, da=31, tlv=0, sm=66, rd=178.18, cd=0, um=0","Time elapsed: 4.47 seconds","/home/thomasverwaal/Robust-Rail-NL/mathematical-models/local_search_plans_discreet_120/plan_33_trains_1_units23.json"
"/home/thomasverwaal/Robust-Rail-NL/mathematical-models/scenarios_solver_types_120/scenario_solver_33_trains_1_units23.json","Cost of next node: Cost = 2,786.0 : 2,787.33 | cr=39, dd=33, da=31, tlv=0, sm=66, rd=176.36, cd=0, um=0","Time elapsed: 4.60 seconds","/home/thomasverwaal/Robust-Rail-NL/mathematical-models/local_search_plans_discreet_120/plan_33_trains_1_units23.json"
"/home/thomasverwaal/Robust-Rail-NL/mathematical-models/scenarios_solver_types_120/scenario_solver_33_trains_1_units23.json","Cost of next node: Cost = 2,765.6 : 2,766.89 | cr=37, dd=33, da=31, tlv=0, sm=66, rd=176.36, cd=0, um=0","Time elapsed: 4.89 seconds","/home/thomasverwaal/Robust-Rail-NL/mathematical-models/local_search_plans_discreet_120/plan_33_trains_1_units23.json"
"/home/thomasverwaal/Robust-Rail-NL/mathematical-models/scenarios_solver_types_120/scenario_solver_33_trains_1_units23.json","Cost of next node: Cost = 2,744.9 : 2,746.18 | cr=35, dd=33, da=31, tlv=0, sm=66, rd=176.36, cd=0, um=0","Time elapsed: 5.21 seconds","/home/thomasverwaal/Robust-Rail-NL/mathematical-models/local_search_plans_discreet_120/plan_33_trains_1_units23.json"
"/home/thomasverwaal/Robust-Rail-NL/mathematical-models/scenarios_solver_types_120/scenario_solver_33_trains_1_units23.json","Cost of next node: Cost = 2,712.1 : 2,713.42 | cr=36, dd=33, da=30, tlv=0, sm=66, rd=171.82, cd=0, um=0","Time elapsed: 5.55 seconds","/home/thomasverwaal/Robust-Rail-NL/mathematical-models/local_search_plans_discreet_120/plan_33_trains_1_units23.json"
"/home/thomasverwaal/Robust-Rail-NL/mathematical-models/scenarios_solver_types_120/scenario_solver_33_trains_1_units23.json","Cost of next node: Cost = 2,683.5 : 2,689.79 | cr=33, dd=33, da=29, tlv=1, sm=66, rd=174.55, cd=0, um=0","Time elapsed: 5.85 seconds","/home/thomasverwaal/Robust-Rail-NL/mathematical-models/local_search_plans_discreet_120/plan_33_trains_1_units23.json"
"/home/thomasverwaal/Robust-Rail-NL/mathematical-models/scenarios_solver_types_120/scenario_solver_33_trains_1_units23.json","Cost of next node: Cost = 2,590.8 : 2,592.14 | cr=37, dd=33, da=24, tlv=0, sm=66, rd=167.27, cd=0, um=0","Time elapsed: 6.11 seconds","/home/thomasverwaal/Robust-Rail-NL/mathematical-models/local_search_plans_discreet_120/plan_33_trains_1_units23.json"
"/home/thomasverwaal/Robust-Rail-NL/mathematical-models/scenarios_solver_types_120/scenario_solver_33_trains_1_units23.json","Cost of next node: Cost = 2,443.0 : 2,449.36 | cr=34, dd=33, da=17, tlv=1, sm=66, rd=164.55, cd=0, um=0","Time elapsed: 6.39 seconds","/home/thomasverwaal/Robust-Rail-NL/mathematical-models/local_search_plans_discreet_120/plan_33_trains_1_units23.json"
"/home/thomasverwaal/Robust-Rail-NL/mathematical-models/scenarios_solver_types_120/scenario_solver_33_trains_1_units23.json","Cost of next node: Cost = 2,422.7 : 2,429.01 | cr=32, dd=33, da=17, tlv=1, sm=66, rd=164.55, cd=0, um=0","Time elapsed: 6.49 seconds","/home/thomasverwaal/Robust-Rail-NL/mathematical-models/local_search_plans_discreet_120/plan_33_trains_1_units23.json"
"/home/thomasverwaal/Robust-Rail-NL/mathematical-models/scenarios_solver_types_120/scenario_solver_33_trains_1_units23.json","Cost of next node: Cost = 2,397.2 : 2,408.50 | cr=32, dd=33, da=15, tlv=2, sm=66, rd=162.73, cd=0, um=0","Time elapsed: 6.78 seconds","/home/thomasverwaal/Robust-Rail-NL/mathematical-models/local_search_plans_discreet_120/plan_33_trains_1_units23.json"
"/home/thomasverwaal/Robust-Rail-NL/mathematical-models/scenarios_solver_types_120/scenario_solver_33_trains_1_units23.json","Cost of next node: Cost = 2,375.9 : 2,387.21 | cr=34, dd=33, da=13, tlv=2, sm=66, rd=158.18, cd=0, um=0","Time elapsed: 7.02 seconds","/home/thomasverwaal/Robust-Rail-NL/mathematical-models/local_search_plans_discreet_120/plan_33_trains_1_units23.json"
"/home/thomasverwaal/Robust-Rail-NL/mathematical-models/scenarios_solver_types_120/scenario_solver_33_trains_1_units23.json","Cost of next node: Cost = 2,355.5 : 2,371.84 | cr=34, dd=33, da=12, tlv=3, sm=66, rd=150.91, cd=0, um=0","Time elapsed: 7.66 seconds","/home/thomasverwaal/Robust-Rail-NL/mathematical-models/local_search_plans_discreet_120/plan_33_trains_1_units23.json"
"/home/thomasverwaal/Robust-Rail-NL/mathematical-models/scenarios_solver_types_120/scenario_solver_33_trains_1_units23.json","Cost of next node: Cost = 2,320.5 : 2,341.84 | cr=29, dd=33, da=12, tlv=4, sm=66, rd=150.91, cd=0, um=0","Time elapsed: 8.48 seconds","/home/thomasverwaal/Robust-Rail-NL/mathematical-models/local_search_plans_discreet_120/plan_33_trains_1_units23.json"
"/home/thomasverwaal/Robust-Rail-NL/mathematical-models/scenarios_solver_types_120/scenario_solver_33_trains_1_units23.json","Cost of next node: Cost = 2,274.9 : 2,301.18 | cr=25, dd=33, da=12, tlv=5, sm=66, rd=141.82, cd=0, um=0","Time elapsed: 8.88 seconds","/home/thomasverwaal/Robust-Rail-NL/mathematical-models/local_search_plans_discreet_120/plan_33_trains_1_units23.json"
"/home/thomasverwaal/Robust-Rail-NL/mathematical-models/scenarios_solver_types_120/scenario_solver_33_trains_1_units23.json","Cost of next node: Cost = 2,220.0 : 2,246.34 | cr=32, dd=31, da=12, tlv=5, sm=66, rd=134.55, cd=0, um=0","Time elapsed: 9.09 seconds","/home/thomasverwaal/Robust-Rail-NL/mathematical-models/local_search_plans_discreet_120/plan_33_trains_1_units23.json"
"/home/thomasverwaal/Robust-Rail-NL/mathematical-models/scenarios_solver_types_120/scenario_solver_33_trains_1_units23.json","Cost of next node: Cost = 2,140.6 : 2,166.96 | cr=34, dd=29, da=12, tlv=5, sm=66, rd=134.55, cd=0, um=0","Time elapsed: 9.18 seconds","/home/thomasverwaal/Robust-Rail-NL/mathematical-models/local_search_plans_discreet_120/plan_33_trains_1_units23.json"
"/home/thomasverwaal/Robust-Rail-NL/mathematical-models/scenarios_solver_types_120/scenario_solver_33_trains_1_units23.json","Cost of next node: Cost = 2,092.4 : 2,118.68 | cr=34, dd=28, da=12, tlv=5, sm=66, rd=136.36, cd=0, um=0","Time elapsed: 9.35 seconds","/home/thomasverwaal/Robust-Rail-NL/mathematical-models/local_search_plans_discreet_120/plan_33_trains_1_units23.json"
"/home/thomasverwaal/Robust-Rail-NL/mathematical-models/scenarios_solver_types_120/scenario_solver_33_trains_1_units23.json","Cost of next node: Cost = 2,051.0 : 2,077.32 | cr=35, dd=27, da=12, tlv=5, sm=66, rd=134.55, cd=0, um=0","Time elapsed: 9.48 seconds","/home/thomasverwaal/Robust-Rail-NL/mathematical-models/local_search_plans_discreet_120/plan_33_trains_1_units23.json"
"/home/thomasverwaal/Robust-Rail-NL/mathematical-models/scenarios_solver_types_120/scenario_solver_33_trains_1_units23.json","Cost of next node: Cost = 1,990.2 : 2,016.52 | cr=34, dd=26, da=12, tlv=5, sm=66, rd=134.55, cd=0, um=0","Time elapsed: 9.61 seconds","/home/thomasverwaal/Robust-Rail-NL/mathematical-models/local_search_plans_discreet_120/plan_33_trains_1_units23.json"
"/home/thomasverwaal/Robust-Rail-NL/mathematical-models/scenarios_solver_types_120/scenario_solver_33_trains_1_units23.json","Cost of next node: Cost = 1,966.9 : 1,993.26 | cr=34, dd=26, da=11, tlv=5, sm=66, rd=132.73, cd=0, um=0","Time elapsed: 9.89 seconds","/home/thomasverwaal/Robust-Rail-NL/mathematical-models/local_search_plans_discreet_120/plan_33_trains_1_units23.json"
"/home/thomasverwaal/Robust-Rail-NL/mathematical-models/scenarios_solver_types_120/scenario_solver_33_trains_1_units23.json","Cost of next node: Cost = 1,928.8 : 1,955.07 | cr=35, dd=25, da=11, tlv=5, sm=66, rd=132.73, cd=0, um=0","Time elapsed: 10.07 seconds","/home/thomasverwaal/Robust-Rail-NL/mathematical-models/local_search_plans_discreet_120/plan_33_trains_1_units23.json"
"/home/thomasverwaal/Robust-Rail-NL/mathematical-models/scenarios_solver_types_120/scenario_solver_33_trains_1_units23.json","Cost of next node: Cost = 1,893.3 : 1,924.62 | cr=37, dd=24, da=10, tlv=6, sm=66, rd=129.09, cd=0, um=0","Time elapsed: 10.34 seconds","/home/thomasverwaal/Robust-Rail-NL/mathematical-models/local_search_plans_discreet_120/plan_33_trains_1_units23.json"
"/home/thomasverwaal/Robust-Rail-NL/mathematical-models/scenarios_solver_types_120/scenario_solver_33_trains_1_units23.json","Cost of next node: Cost = 1,830.4 : 1,866.72 | cr=36, dd=24, da=7, tlv=7, sm=66, rd=125.45, cd=0, um=0","Time elapsed: 10.88 seconds","/home/thomasverwaal/Robust-Rail-NL/mathematical-models/local_search_plans_discreet_120/plan_33_trains_1_units23.json"
"/home/thomasverwaal/Robust-Rail-NL/mathematical-models/scenarios_solver_types_120/scenario_solver_33_trains_1_units23.json","Cost of next node: Cost = 1,727.7 : 1,764.03 | cr=36, dd=22, da=7, tlv=7, sm=66, rd=121.82, cd=0, um=0","Time elapsed: 10.94 seconds","/home/thomasverwaal/Robust-Rail-NL/mathematical-models/local_search_plans_discreet_120/plan_33_trains_1_units23.json"
"/home/thomasverwaal/Robust-Rail-NL/mathematical-models/scenarios_solver_types_120/scenario_solver_33_trains_1_units23.json","Cost of next node: Cost = 1,677.9 : 1,714.21 | cr=36, dd=21, da=7, tlv=7, sm=66, rd=121.82, cd=0, um=0","Time elapsed: 11.04 seconds","/home/thomasverwaal/Robust-Rail-NL/mathematical-models/local_search_plans_discreet_120/plan_33_trains_1_units23.json"
"/home/thomasverwaal/Robust-Rail-NL/mathematical-models/scenarios_solver_types_120/scenario_solver_33_trains_1_units23.json","Cost of next node: Cost = 1,615.7 : 1,651.97 | cr=35, dd=20, da=7, tlv=7, sm=66, rd=121.82, cd=0, um=0","Time elapsed: 11.10 seconds","/home/thomasverwaal/Robust-Rail-NL/mathematical-models/local_search_plans_discreet_120/plan_33_trains_1_units23.json"
"/home/thomasverwaal/Robust-Rail-NL/mathematical-models/scenarios_solver_types_120/scenario_solver_33_trains_1_units23.json","Cost of next node: Cost = 1,579.2 : 1,615.49 | cr=36, dd=19, da=7, tlv=7, sm=66, rd=121.82, cd=0, um=0","Time elapsed: 11.21 seconds","/home/thomasverwaal/Robust-Rail-NL/mathematical-models/local_search_plans_discreet_120/plan_33_trains_1_units23.json"
"/home/thomasverwaal/Robust-Rail-NL/mathematical-models/scenarios_solver_types_120/scenario_solver_33_trains_1_units23.json","Cost of next node: Cost = 1,554.7 : 1,596.03 | cr=34, dd=19, da=6, tlv=8, sm=66, rd=118.18, cd=0, um=0","Time elapsed: 11.49 seconds","/home/thomasverwaal/Robust-Rail-NL/mathematical-models/local_search_plans_discreet_120/plan_33_trains_1_units23.json"
"/home/thomasverwaal/Robust-Rail-NL/mathematical-models/scenarios_solver_types_120/scenario_solver_33_trains_1_units23.json","Cost of next node: Cost = 1,529.7 : 1,576.03 | cr=30, dd=19, da=6, tlv=9, sm=66, rd=118.18, cd=0, um=0","Time elapsed: 11.66 seconds","/home/thomasverwaal/Robust-Rail-NL/mathematical-models/local_search_plans_discreet_120/plan_33_trains_1_units23.json"
"/home/thomasverwaal/Robust-Rail-NL/mathematical-models/scenarios_solver_types_120/scenario_solver_33_trains_1_units23.json","Cost of next node: Cost = 1,494.7 : 1,546.03 | cr=25, dd=19, da=6, tlv=10, sm=66, rd=116.36, cd=0, um=0","Time elapsed: 12.05 seconds","/home/thomasverwaal/Robust-Rail-NL/mathematical-models/local_search_plans_discreet_120/plan_33_trains_1_units23.json"
"/home/thomasverwaal/Robust-Rail-NL/mathematical-models/scenarios_solver_types_120/scenario_solver_33_trains_1_units23.json","Cost of next node: Cost = 1,427.4 : 1,483.73 | cr=24, dd=18, da=5, tlv=11, sm=66, rd=112.73, cd=0, um=0","Time elapsed: 12.35 seconds","/home/thomasverwaal/Robust-Rail-NL/mathematical-models/local_search_plans_discreet_120/plan_33_trains_1_units23.json"
"/home/thomasverwaal/Robust-Rail-NL/mathematical-models/scenarios_solver_types_120/scenario_solver_33_trains_1_units23.json","Cost of next node: Cost = 1,378.0 : 1,434.35 | cr=24, dd=17, da=5, tlv=11, sm=66, rd=112.73, cd=0, um=0","Time elapsed: 12.41 seconds","/home/thomasverwaal/Robust-Rail-NL/mathematical-models/local_search_plans_discreet_120/plan_33_trains_1_units23.json"
"/home/thomasverwaal/Robust-Rail-NL/mathematical-models/scenarios_solver_types_120/scenario_solver_33_trains_1_units23.json","Cost of next node: Cost = 1,190.8 : 1,252.11 | cr=24, dd=13, da=5, tlv=12, sm=66, rd=109.09, cd=0, um=0","Time elapsed: 12.71 seconds","/home/thomasverwaal/Robust-Rail-NL/mathematical-models/local_search_plans_discreet_120/plan_33_trains_1_units23.json"
"/home/thomasverwaal/Robust-Rail-NL/mathematical-models/scenarios_solver_types_120/scenario_solver_33_trains_1_units23.json","Cost of next node: Cost = 1,165.8 : 1,222.11 | cr=23, dd=13, da=5, tlv=11, sm=66, rd=110.91, cd=0, um=0","Time elapsed: 13.12 seconds","/home/thomasverwaal/Robust-Rail-NL/mathematical-models/local_search_plans_discreet_120/plan_33_trains_1_units23.json"
"/home/thomasverwaal/Robust-Rail-NL/mathematical-models/scenarios_solver_types_120/scenario_solver_33_trains_1_units23.json","Cost of next node: Cost = 944.5 : 1,005.84 | cr=22, dd=9, da=4, tlv=12, sm=66, rd=103.64, cd=0, um=0","Time elapsed: 13.39 seconds","/home/thomasverwaal/Robust-Rail-NL/mathematical-models/local_search_plans_discreet_120/plan_33_trains_1_units23.json"
"/home/thomasverwaal/Robust-Rail-NL/mathematical-models/scenarios_solver_types_120/scenario_solver_33_trains_1_units23.json","Cost of next node: Cost = 920.8 : 982.14 | cr=19, dd=9, da=4, tlv=12, sm=66, rd=110.00, cd=0, um=0","Time elapsed: 13.48 seconds","/home/thomasverwaal/Robust-Rail-NL/mathematical-models/local_search_plans_discreet_120/plan_33_trains_1_units23.json"
"/home/thomasverwaal/Robust-Rail-NL/mathematical-models/scenarios_solver_types_120/scenario_solver_33_trains_1_units23.json","Cost of next node: Cost = 894.5 : 955.84 | cr=17, dd=9, da=4, tlv=12, sm=66, rd=103.64, cd=0, um=0","Time elapsed: 13.58 seconds","/home/thomasverwaal/Robust-Rail-NL/mathematical-models/local_search_plans_discreet_120/plan_33_trains_1_units23.json"
"/home/thomasverwaal/Robust-Rail-NL/mathematical-models/scenarios_solver_types_120/scenario_solver_33_trains_1_units23.json","Cost of next node: Cost = 856.8 : 923.09 | cr=17, dd=8, da=4, tlv=13, sm=66, rd=98.18, cd=0, um=0","Time elapsed: 13.97 seconds","/home/thomasverwaal/Robust-Rail-NL/mathematical-models/local_search_plans_discreet_120/plan_33_trains_1_units23.json"
"/home/thomasverwaal/Robust-Rail-NL/mathematical-models/scenarios_solver_types_120/scenario_solver_33_trains_1_units23.json","Cost of next node: Cost = 634.4 : 705.67 | cr=21, dd=3, da=3, tlv=14, sm=66, rd=87.27, cd=0, um=0","Time elapsed: 14.28 seconds","/home/thomasverwaal/Robust-Rail-NL/mathematical-models/local_search_plans_discreet_120/plan_33_trains_1_units23.json"
"/home/thomasverwaal/Robust-Rail-NL/mathematical-models/scenarios_solver_types_120/scenario_solver_33_trains_1_units23.json","Cost of next node: Cost = 604.4 : 675.67 | cr=18, dd=3, da=3, tlv=14, sm=66, rd=87.27, cd=0, um=0","Time elapsed: 14.58 seconds","/home/thomasverwaal/Robust-Rail-NL/mathematical-models/local_search_plans_discreet_120/plan_33_trains_1_units23.json"
"/home/thomasverwaal/Robust-Rail-NL/mathematical-models/scenarios_solver_types_120/scenario_solver_33_trains_1_units23.json","Cost of next node: Cost = 574.4 : 645.67 | cr=15, dd=3, da=3, tlv=14, sm=66, rd=89.09, cd=0, um=0","Time elapsed: 14.78 seconds","/home/thomasverwaal/Robust-Rail-NL/mathematical-models/local_search_plans_discreet_120/plan_33_trains_1_units23.json"
"/home/thomasverwaal/Robust-Rail-NL/mathematical-models/scenarios_solver_types_120/scenario_solver_33_trains_1_units23.json","Cost of next node: Cost = 549.4 : 615.67 | cr=14, dd=3, da=3, tlv=13, sm=66, rd=89.09, cd=0, um=0","Time elapsed: 15.03 seconds","/home/thomasverwaal/Robust-Rail-NL/mathematical-models/local_search_plans_discreet_120/plan_33_trains_1_units23.json"
"/home/thomasverwaal/Robust-Rail-NL/mathematical-models/scenarios_solver_types_120/scenario_solver_33_trains_1_units23.json","Cost of next node: Cost = 421.5 : 492.82 | cr=14, dd=1, da=1, tlv=14, sm=66, rd=83.64, cd=0, um=0","Time elapsed: 15.51 seconds","/home/thomasverwaal/Robust-Rail-NL/mathematical-models/local_search_plans_discreet_120/plan_33_trains_1_units23.json"
"/home/thomasverwaal/Robust-Rail-NL/mathematical-models/scenarios_solver_types_120/scenario_solver_33_trains_1_units23.json","Cost of next node: Cost = 395.9 : 472.22 | cr=15, dd=0, da=1, tlv=15, sm=66, rd=81.82, cd=0, um=0","Time elapsed: 15.81 seconds","/home/thomasverwaal/Robust-Rail-NL/mathematical-models/local_search_plans_discreet_120/plan_33_trains_1_units23.json"
"/home/thomasverwaal/Robust-Rail-NL/mathematical-models/scenarios_solver_types_120/scenario_solver_33_trains_1_units23.json","Cost of next node: Cost = 375.9 : 452.22 | cr=13, dd=0, da=1, tlv=15, sm=66, rd=81.82, cd=0, um=0","Time elapsed: 19.29 seconds","/home/thomasverwaal/Robust-Rail-NL/mathematical-models/local_search_plans_discreet_120/plan_33_trains_1_units23.json"
"/home/thomasverwaal/Robust-Rail-NL/mathematical-models/scenarios_solver_types_120/scenario_solver_33_trains_1_units23.json","Cost of next node: Cost = 355.9 : 432.22 | cr=11, dd=0, da=1, tlv=15, sm=66, rd=81.82, cd=0, um=0","Time elapsed: 22.39 seconds","/home/thomasverwaal/Robust-Rail-NL/mathematical-models/local_search_plans_discreet_120/plan_33_trains_1_units23.json"
"/home/thomasverwaal/Robust-Rail-NL/mathematical-models/scenarios_solver_types_120/scenario_solver_33_trains_1_units23.json","Cost of next node: Cost = 340.9 : 412.22 | cr=11, dd=0, da=1, tlv=14, sm=66, rd=83.64, cd=0, um=0","Time elapsed: 25.47 seconds","/home/thomasverwaal/Robust-Rail-NL/mathematical-models/local_search_plans_discreet_120/plan_33_trains_1_units23.json"
"/home/thomasverwaal/Robust-Rail-NL/mathematical-models/scenarios_solver_types_120/scenario_solver_33_trains_1_units23.json","Cost of next node: Cost = 330.9 : 402.22 | cr=10, dd=0, da=1, tlv=14, sm=66, rd=83.64, cd=0, um=0","Time elapsed: 28.37 seconds","/home/thomasverwaal/Robust-Rail-NL/mathematical-models/local_search_plans_discreet_120/plan_33_trains_1_units23.json"
"/home/thomasverwaal/Robust-Rail-NL/mathematical-models/scenarios_solver_types_120/scenario_solver_33_trains_1_units23.json","Cost of next node: Cost = 315.0 : 391.32 | cr=9, dd=0, da=0, tlv=15, sm=66, rd=80.00, cd=0, um=0","Time elapsed: 30.66 seconds","/home/thomasverwaal/Robust-Rail-NL/mathematical-models/local_search_plans_discreet_120/plan_33_trains_1_units23.json"
"/home/thomasverwaal/Robust-Rail-NL/mathematical-models/scenarios_solver_types_120/scenario_solver_33_trains_1_units23.json","Cost of next node: Cost = 305.0 : 381.32 | cr=8, dd=0, da=0, tlv=15, sm=66, rd=80.00, cd=0, um=0","Time elapsed: 32.94 seconds","/home/thomasverwaal/Robust-Rail-NL/mathematical-models/local_search_plans_discreet_120/plan_33_trains_1_units23.json"
"/home/thomasverwaal/Robust-Rail-NL/mathematical-models/scenarios_solver_types_120/scenario_solver_33_trains_1_units23.json","Cost of next node: Cost = 295.0 : 371.34 | cr=7, dd=0, da=0, tlv=15, sm=67, rd=80.60, cd=0, um=0","Time elapsed: 34.74 seconds","/home/thomasverwaal/Robust-Rail-NL/mathematical-models/local_search_plans_discreet_120/plan_33_trains_1_units23.json"
"/home/thomasverwaal/Robust-Rail-NL/mathematical-models/scenarios_solver_types_120/scenario_solver_33_trains_1_units23.json","Cost of next node: Cost = 285.0 : 361.34 | cr=6, dd=0, da=0, tlv=15, sm=67, rd=80.60, cd=0, um=0","Time elapsed: 36.70 seconds","/home/thomasverwaal/Robust-Rail-NL/mathematical-models/local_search_plans_discreet_120/plan_33_trains_1_units23.json"
"/home/thomasverwaal/Robust-Rail-NL/mathematical-models/scenarios_solver_types_120/scenario_solver_33_trains_1_units23.json","Cost of next node: Cost = 280.0 : 361.34 | cr=4, dd=0, da=0, tlv=16, sm=67, rd=78.81, cd=0, um=0","Time elapsed: 38.10 seconds","/home/thomasverwaal/Robust-Rail-NL/mathematical-models/local_search_plans_discreet_120/plan_33_trains_1_units23.json"
"/home/thomasverwaal/Robust-Rail-NL/mathematical-models/scenarios_solver_types_120/scenario_solver_33_trains_1_units23.json","Cost of next node: Cost = 275.0 : 351.34 | cr=5, dd=0, da=0, tlv=15, sm=67, rd=80.60, cd=0, um=0","Time elapsed: 39.62 seconds","/home/thomasverwaal/Robust-Rail-NL/mathematical-models/local_search_plans_discreet_120/plan_33_trains_1_units23.json"
"/home/thomasverwaal/Robust-Rail-NL/mathematical-models/scenarios_solver_types_120/scenario_solver_33_trains_1_units23.json","Cost of next node: Cost = 270.0 : 341.34 | cr=6, dd=0, da=0, tlv=14, sm=67, rd=82.39, cd=0, um=0","Time elapsed: 45.00 seconds","/home/thomasverwaal/Robust-Rail-NL/mathematical-models/local_search_plans_discreet_120/plan_33_trains_1_units23.json"
"/home/thomasverwaal/Robust-Rail-NL/mathematical-models/scenarios_solver_types_120/scenario_solver_33_trains_1_units23.json","Cost of next node: Cost = 260.0 : 331.34 | cr=5, dd=0, da=0, tlv=14, sm=67, rd=84.18, cd=0, um=0","Time elapsed: 53.97 seconds","/home/thomasverwaal/Robust-Rail-NL/mathematical-models/local_search_plans_discreet_120/plan_33_trains_1_units23.json"
"/home/thomasverwaal/Robust-Rail-NL/mathematical-models/scenarios_solver_types_120/scenario_solver_33_trains_1_units23.json","Cost of next node: Cost = 250.0 : 321.34 | cr=4, dd=0, da=0, tlv=14, sm=67, rd=84.18, cd=0, um=0","Time elapsed: 55.44 seconds","/home/thomasverwaal/Robust-Rail-NL/mathematical-models/local_search_plans_discreet_120/plan_33_trains_1_units23.json"
"/home/thomasverwaal/Robust-Rail-NL/mathematical-models/scenarios_solver_types_120/scenario_solver_33_trains_1_units23.json","Cost of next node: Cost = 240.0 : 311.34 | cr=3, dd=0, da=0, tlv=14, sm=67, rd=87.76, cd=0, um=0","Time elapsed: 93.80 seconds","/home/thomasverwaal/Robust-Rail-NL/mathematical-models/local_search_plans_discreet_120/plan_33_trains_1_units23.json"
"/home/thomasverwaal/Robust-Rail-NL/mathematical-models/scenarios_solver_types_120/scenario_solver_33_trains_1_units23.json","Cost of next node: Cost = 230.0 : 301.34 | cr=2, dd=0, da=0, tlv=14, sm=67, rd=87.76, cd=0, um=0","Time elapsed: 141.18 seconds","/home/thomasverwaal/Robust-Rail-NL/mathematical-models/local_search_plans_discreet_120/plan_33_trains_1_units23.json"
"/home/thomasverwaal/Robust-Rail-NL/mathematical-models/scenarios_solver_types_120/scenario_solver_33_trains_1_units23.json","Cost of next node: Cost = 220.0 : 291.34 | cr=1, dd=0, da=0, tlv=14, sm=67, rd=87.76, cd=0, um=0","Time elapsed: 183.51 seconds","/home/thomasverwaal/Robust-Rail-NL/mathematical-models/local_search_plans_discreet_120/plan_33_trains_1_units23.json"
"/home/thomasverwaal/Robust-Rail-NL/mathematical-models/scenarios_solver_types_120/scenario_solver_33_trains_1_units23.json","NO_COST_FOUND","NO_TIME_FOUND","NO_PLAN_CREATED"
"/home/thomasverwaal/Robust-Rail-NL/mathematical-models/scenarios_solver_types_120/scenario_solver_33_trains_1_units24.json","Cost of next node: Cost = 2,815.5 : 2,816.80 | cr=41, dd=33, da=31, tlv=0, sm=66, rd=178.18, cd=0, um=0","Time elapsed: 4.42 seconds","/home/thomasverwaal/Robust-Rail-NL/mathematical-models/local_search_plans_discreet_120/plan_33_trains_1_units24.json"
"/home/thomasverwaal/Robust-Rail-NL/mathematical-models/scenarios_solver_types_120/scenario_solver_33_trains_1_units24.json","Cost of next node: Cost = 2,788.2 : 2,789.48 | cr=39, dd=33, da=31, tlv=0, sm=66, rd=176.36, cd=0, um=0","Time elapsed: 4.56 seconds","/home/thomasverwaal/Robust-Rail-NL/mathematical-models/local_search_plans_discreet_120/plan_33_trains_1_units24.json"
"/home/thomasverwaal/Robust-Rail-NL/mathematical-models/scenarios_solver_types_120/scenario_solver_33_trains_1_units24.json","Cost of next node: Cost = 2,767.7 : 2,769.04 | cr=37, dd=33, da=31, tlv=0, sm=66, rd=176.36, cd=0, um=0","Time elapsed: 4.85 seconds","/home/thomasverwaal/Robust-Rail-NL/mathematical-models/local_search_plans_discreet_120/plan_33_trains_1_units24.json"
"/home/thomasverwaal/Robust-Rail-NL/mathematical-models/scenarios_solver_types_120/scenario_solver_33_trains_1_units24.json","Cost of next node: Cost = 2,747.0 : 2,748.33 | cr=35, dd=33, da=31, tlv=0, sm=66, rd=176.36, cd=0, um=0","Time elapsed: 5.17 seconds","/home/thomasverwaal/Robust-Rail-NL/mathematical-models/local_search_plans_discreet_120/plan_33_trains_1_units24.json"
"/home/thomasverwaal/Robust-Rail-NL/mathematical-models/scenarios_solver_types_120/scenario_solver_33_trains_1_units24.json","Cost of next node: Cost = 2,714.3 : 2,715.62 | cr=36, dd=33, da=30, tlv=0, sm=66, rd=171.82, cd=0, um=0","Time elapsed: 5.50 seconds","/home/thomasverwaal/Robust-Rail-NL/mathematical-models/local_search_plans_discreet_120/plan_33_trains_1_units24.json"
"/home/thomasverwaal/Robust-Rail-NL/mathematical-models/scenarios_solver_types_120/scenario_solver_33_trains_1_units24.json","Cost of next node: Cost = 2,641.4 : 2,642.71 | cr=37, dd=33, da=27, tlv=0, sm=66, rd=165.45, cd=0, um=0","Time elapsed: 5.85 seconds","/home/thomasverwaal/Robust-Rail-NL/mathematical-models/local_search_plans_discreet_120/plan_33_trains_1_units24.json"
"/home/thomasverwaal/Robust-Rail-NL/mathematical-models/scenarios_solver_types_120/scenario_solver_33_trains_1_units24.json","Cost of next node: Cost = 2,415.1 : 2,421.46 | cr=34, dd=33, da=16, tlv=1, sm=66, rd=162.73, cd=0, um=0","Time elapsed: 6.15 seconds","/home/thomasverwaal/Robust-Rail-NL/mathematical-models/local_search_plans_discreet_120/plan_33_trains_1_units24.json"
"/home/thomasverwaal/Robust-Rail-NL/mathematical-models/scenarios_solver_types_120/scenario_solver_33_trains_1_units24.json","Cost of next node: Cost = 2,395.0 : 2,401.29 | cr=32, dd=33, da=16, tlv=1, sm=66, rd=162.73, cd=0, um=0","Time elapsed: 6.20 seconds","/home/thomasverwaal/Robust-Rail-NL/mathematical-models/local_search_plans_discreet_120/plan_33_trains_1_units24.json"
"/home/thomasverwaal/Robust-Rail-NL/mathematical-models/scenarios_solver_types_120/scenario_solver_33_trains_1_units24.json","Cost of next node: Cost = 2,370.8 : 2,382.14 | cr=34, dd=33, da=13, tlv=2, sm=66, rd=160.00, cd=0, um=0","Time elapsed: 6.54 seconds","/home/thomasverwaal/Robust-Rail-NL/mathematical-models/local_search_plans_discreet_120/plan_33_trains_1_units24.json"
"/home/thomasverwaal/Robust-Rail-NL/mathematical-models/scenarios_solver_types_120/scenario_solver_33_trains_1_units24.json","Cost of next node: Cost = 2,350.4 : 2,366.72 | cr=34, dd=33, da=12, tlv=3, sm=66, rd=152.73, cd=0, um=0","Time elapsed: 7.24 seconds","/home/thomasverwaal/Robust-Rail-NL/mathematical-models/local_search_plans_discreet_120/plan_33_trains_1_units24.json"
"/home/thomasverwaal/Robust-Rail-NL/mathematical-models/scenarios_solver_types_120/scenario_solver_33_trains_1_units24.json","Cost of next node: Cost = 2,325.4 : 2,346.72 | cr=30, dd=33, da=12, tlv=4, sm=66, rd=152.73, cd=0, um=0","Time elapsed: 8.26 seconds","/home/thomasverwaal/Robust-Rail-NL/mathematical-models/local_search_plans_discreet_120/plan_33_trains_1_units24.json"
"/home/thomasverwaal/Robust-Rail-NL/mathematical-models/scenarios_solver_types_120/scenario_solver_33_trains_1_units24.json","Cost of next node: Cost = 2,299.7 : 2,326.05 | cr=28, dd=33, da=12, tlv=5, sm=66, rd=143.64, cd=0, um=0","Time elapsed: 9.37 seconds","/home/thomasverwaal/Robust-Rail-NL/mathematical-models/local_search_plans_discreet_120/plan_33_trains_1_units24.json"
"/home/thomasverwaal/Robust-Rail-NL/mathematical-models/scenarios_solver_types_120/scenario_solver_33_trains_1_units24.json","Cost of next node: Cost = 2,269.7 : 2,296.05 | cr=25, dd=33, da=12, tlv=5, sm=66, rd=143.64, cd=0, um=0","Time elapsed: 9.50 seconds","/home/thomasverwaal/Robust-Rail-NL/mathematical-models/local_search_plans_discreet_120/plan_33_trains_1_units24.json"
"/home/thomasverwaal/Robust-Rail-NL/mathematical-models/scenarios_solver_types_120/scenario_solver_33_trains_1_units24.json","Cost of next node: Cost = 2,243.0 : 2,274.29 | cr=23, dd=33, da=11, tlv=6, sm=66, rd=140.00, cd=0, um=0","Time elapsed: 10.16 seconds","/home/thomasverwaal/Robust-Rail-NL/mathematical-models/local_search_plans_discreet_120/plan_33_trains_1_units24.json"
"/home/thomasverwaal/Robust-Rail-NL/mathematical-models/scenarios_solver_types_120/scenario_solver_33_trains_1_units24.json","Cost of next node: Cost = 2,088.8 : 2,120.07 | cr=30, dd=29, da=11, tlv=6, sm=66, rd=132.73, cd=0, um=0","Time elapsed: 10.56 seconds","/home/thomasverwaal/Robust-Rail-NL/mathematical-models/local_search_plans_discreet_120/plan_33_trains_1_units24.json"
"/home/thomasverwaal/Robust-Rail-NL/mathematical-models/scenarios_solver_types_120/scenario_solver_33_trains_1_units24.json","Cost of next node: Cost = 2,038.5 : 2,069.81 | cr=30, dd=28, da=11, tlv=6, sm=66, rd=132.73, cd=0, um=0","Time elapsed: 10.64 seconds","/home/thomasverwaal/Robust-Rail-NL/mathematical-models/local_search_plans_discreet_120/plan_33_trains_1_units24.json"
"/home/thomasverwaal/Robust-Rail-NL/mathematical-models/scenarios_solver_types_120/scenario_solver_33_trains_1_units24.json","Cost of next node: Cost = 1,988.8 : 2,020.16 | cr=30, dd=27, da=11, tlv=6, sm=66, rd=132.73, cd=0, um=0","Time elapsed: 10.72 seconds","/home/thomasverwaal/Robust-Rail-NL/mathematical-models/local_search_plans_discreet_120/plan_33_trains_1_units24.json"
"/home/thomasverwaal/Robust-Rail-NL/mathematical-models/scenarios_solver_types_120/scenario_solver_33_trains_1_units24.json","Cost of next node: Cost = 1,889.9 : 1,921.19 | cr=30, dd=25, da=11, tlv=6, sm=66, rd=132.73, cd=0, um=0","Time elapsed: 10.84 seconds","/home/thomasverwaal/Robust-Rail-NL/mathematical-models/local_search_plans_discreet_120/plan_33_trains_1_units24.json"
"/home/thomasverwaal/Robust-Rail-NL/mathematical-models/scenarios_solver_types_120/scenario_solver_33_trains_1_units24.json","Cost of next node: Cost = 1,833.6 : 1,864.89 | cr=29, dd=24, da=11, tlv=6, sm=66, rd=132.73, cd=0, um=0","Time elapsed: 10.91 seconds","/home/thomasverwaal/Robust-Rail-NL/mathematical-models/local_search_plans_discreet_120/plan_33_trains_1_units24.json"
"/home/thomasverwaal/Robust-Rail-NL/mathematical-models/scenarios_solver_types_120/scenario_solver_33_trains_1_units24.json","Cost of next node: Cost = 1,727.5 : 1,763.87 | cr=29, dd=22, da=10, tlv=7, sm=66, rd=129.09, cd=0, um=0","Time elapsed: 11.05 seconds","/home/thomasverwaal/Robust-Rail-NL/mathematical-models/local_search_plans_discreet_120/plan_33_trains_1_units24.json"
"/home/thomasverwaal/Robust-Rail-NL/mathematical-models/scenarios_solver_types_120/scenario_solver_33_trains_1_units24.json","Cost of next node: Cost = 1,688.0 : 1,724.35 | cr=30, dd=21, da=10, tlv=7, sm=66, rd=129.09, cd=0, um=0","Time elapsed: 11.12 seconds","/home/thomasverwaal/Robust-Rail-NL/mathematical-models/local_search_plans_discreet_120/plan_33_trains_1_units24.json"
"/home/thomasverwaal/Robust-Rail-NL/mathematical-models/scenarios_solver_types_120/scenario_solver_33_trains_1_units24.json","Cost of next node: Cost = 1,657.7 : 1,694.02 | cr=32, dd=20, da=10, tlv=7, sm=66, rd=129.09, cd=0, um=0","Time elapsed: 11.19 seconds","/home/thomasverwaal/Robust-Rail-NL/mathematical-models/local_search_plans_discreet_120/plan_33_trains_1_units24.json"
"/home/thomasverwaal/Robust-Rail-NL/mathematical-models/scenarios_solver_types_120/scenario_solver_33_trains_1_units24.json","Cost of next node: Cost = 1,632.7 : 1,674.02 | cr=28, dd=20, da=10, tlv=8, sm=66, rd=127.27, cd=0, um=0","Time elapsed: 11.35 seconds","/home/thomasverwaal/Robust-Rail-NL/mathematical-models/local_search_plans_discreet_120/plan_33_trains_1_units24.json"
"/home/thomasverwaal/Robust-Rail-NL/mathematical-models/scenarios_solver_types_120/scenario_solver_33_trains_1_units24.json","Cost of next node: Cost = 1,576.2 : 1,622.55 | cr=28, dd=19, da=9, tlv=9, sm=66, rd=123.64, cd=0, um=0","Time elapsed: 11.66 seconds","/home/thomasverwaal/Robust-Rail-NL/mathematical-models/local_search_plans_discreet_120/plan_33_trains_1_units24.json"
"/home/thomasverwaal/Robust-Rail-NL/mathematical-models/scenarios_solver_types_120/scenario_solver_33_trains_1_units24.json","Cost of next node: Cost = 1,516.4 : 1,562.76 | cr=27, dd=18, da=9, tlv=9, sm=66, rd=123.64, cd=0, um=0","Time elapsed: 11.69 seconds","/home/thomasverwaal/Robust-Rail-NL/mathematical-models/local_search_plans_discreet_120/plan_33_trains_1_units24.json"
"/home/thomasverwaal/Robust-Rail-NL/mathematical-models/scenarios_solver_types_120/scenario_solver_33_trains_1_units24.json","Cost of next node: Cost = 1,491.4 : 1,532.76 | cr=26, dd=18, da=9, tlv=8, sm=66, rd=123.64, cd=0, um=0","Time elapsed: 11.93 seconds","/home/thomasverwaal/Robust-Rail-NL/mathematical-models/local_search_plans_discreet_120/plan_33_trains_1_units24.json"
"/home/thomasverwaal/Robust-Rail-NL/mathematical-models/scenarios_solver_types_120/scenario_solver_33_trains_1_units24.json","Cost of next node: Cost = 1,405.0 : 1,451.29 | cr=23, dd=17, da=8, tlv=9, sm=66, rd=120.00, cd=0, um=0","Time elapsed: 12.19 seconds","/home/thomasverwaal/Robust-Rail-NL/mathematical-models/local_search_plans_discreet_120/plan_33_trains_1_units24.json"
"/home/thomasverwaal/Robust-Rail-NL/mathematical-models/scenarios_solver_types_120/scenario_solver_33_trains_1_units24.json","Cost of next node: Cost = 1,361.4 : 1,407.69 | cr=24, dd=16, da=8, tlv=9, sm=66, rd=120.00, cd=0, um=0","Time elapsed: 12.28 seconds","/home/thomasverwaal/Robust-Rail-NL/mathematical-models/local_search_plans_discreet_120/plan_33_trains_1_units24.json"
"/home/thomasverwaal/Robust-Rail-NL/mathematical-models/scenarios_solver_types_120/scenario_solver_33_trains_1_units24.json","Cost of next node: Cost = 1,201.1 : 1,252.42 | cr=23, dd=14, da=5, tlv=10, sm=66, rd=114.55, cd=0, um=0","Time elapsed: 12.53 seconds","/home/thomasverwaal/Robust-Rail-NL/mathematical-models/local_search_plans_discreet_120/plan_33_trains_1_units24.json"
"/home/thomasverwaal/Robust-Rail-NL/mathematical-models/scenarios_solver_types_120/scenario_solver_33_trains_1_units24.json","Cost of next node: Cost = 1,171.8 : 1,223.14 | cr=25, dd=13, da=5, tlv=10, sm=66, rd=114.55, cd=0, um=0","Time elapsed: 12.60 seconds","/home/thomasverwaal/Robust-Rail-NL/mathematical-models/local_search_plans_discreet_120/plan_33_trains_1_units24.json"
"/home/thomasverwaal/Robust-Rail-NL/mathematical-models/scenarios_solver_types_120/scenario_solver_33_trains_1_units24.json","Cost of next node: Cost = 1,146.8 : 1,203.14 | cr=21, dd=13, da=5, tlv=11, sm=66, rd=112.73, cd=0, um=0","Time elapsed: 12.93 seconds","/home/thomasverwaal/Robust-Rail-NL/mathematical-models/local_search_plans_discreet_120/plan_33_trains_1_units24.json"
"/home/thomasverwaal/Robust-Rail-NL/mathematical-models/scenarios_solver_types_120/scenario_solver_33_trains_1_units24.json","Cost of next node: Cost = 1,071.0 : 1,132.31 | cr=19, dd=12, da=4, tlv=12, sm=66, rd=109.09, cd=0, um=0","Time elapsed: 13.19 seconds","/home/thomasverwaal/Robust-Rail-NL/mathematical-models/local_search_plans_discreet_120/plan_33_trains_1_units24.json"
"/home/thomasverwaal/Robust-Rail-NL/mathematical-models/scenarios_solver_types_120/scenario_solver_33_trains_1_units24.json","Cost of next node: Cost = 954.8 : 1,021.12 | cr=21, dd=9, da=4, tlv=13, sm=66, rd=105.45, cd=0, um=0","Time elapsed: 13.43 seconds","/home/thomasverwaal/Robust-Rail-NL/mathematical-models/local_search_plans_discreet_120/plan_33_trains_1_units24.json"
"/home/thomasverwaal/Robust-Rail-NL/mathematical-models/scenarios_solver_types_120/scenario_solver_33_trains_1_units24.json","Cost of next node: Cost = 922.9 : 994.22 | cr=19, dd=9, da=3, tlv=14, sm=66, rd=98.18, cd=0, um=0","Time elapsed: 13.78 seconds","/home/thomasverwaal/Robust-Rail-NL/mathematical-models/local_search_plans_discreet_120/plan_33_trains_1_units24.json"
"/home/thomasverwaal/Robust-Rail-NL/mathematical-models/scenarios_solver_types_120/scenario_solver_33_trains_1_units24.json","Cost of next node: Cost = 890.0 : 961.35 | cr=21, dd=8, da=3, tlv=14, sm=66, rd=98.18, cd=0, um=0","Time elapsed: 13.94 seconds","/home/thomasverwaal/Robust-Rail-NL/mathematical-models/local_search_plans_discreet_120/plan_33_trains_1_units24.json"
"/home/thomasverwaal/Robust-Rail-NL/mathematical-models/scenarios_solver_types_120/scenario_solver_33_trains_1_units24.json","Cost of next node: Cost = 842.1 : 913.40 | cr=21, dd=7, da=3, tlv=14, sm=66, rd=98.18, cd=0, um=0","Time elapsed: 14.07 seconds","/home/thomasverwaal/Robust-Rail-NL/mathematical-models/local_search_plans_discreet_120/plan_33_trains_1_units24.json"
"/home/thomasverwaal/Robust-Rail-NL/mathematical-models/scenarios_solver_types_120/scenario_solver_33_trains_1_units24.json","Cost of next node: Cost = 619.8 : 696.12 | cr=20, dd=3, da=2, tlv=15, sm=66, rd=87.27, cd=0, um=0","Time elapsed: 14.36 seconds","/home/thomasverwaal/Robust-Rail-NL/mathematical-models/local_search_plans_discreet_120/plan_33_trains_1_units24.json"
"/home/thomasverwaal/Robust-Rail-NL/mathematical-models/scenarios_solver_types_120/scenario_solver_33_trains_1_units24.json","Cost of next node: Cost = 594.8 : 666.12 | cr=19, dd=3, da=2, tlv=14, sm=66, rd=89.09, cd=0, um=0","Time elapsed: 14.79 seconds","/home/thomasverwaal/Robust-Rail-NL/mathematical-models/local_search_plans_discreet_120/plan_33_trains_1_units24.json"
"/home/thomasverwaal/Robust-Rail-NL/mathematical-models/scenarios_solver_types_120/scenario_solver_33_trains_1_units24.json","Cost of next node: Cost = 539.8 : 616.12 | cr=17, dd=2, da=2, tlv=15, sm=66, rd=87.27, cd=0, um=0","Time elapsed: 15.12 seconds","/home/thomasverwaal/Robust-Rail-NL/mathematical-models/local_search_plans_discreet_120/plan_33_trains_1_units24.json"
"/home/thomasverwaal/Robust-Rail-NL/mathematical-models/scenarios_solver_types_120/scenario_solver_33_trains_1_units24.json","Cost of next node: Cost = 519.8 : 596.12 | cr=15, dd=2, da=2, tlv=15, sm=66, rd=87.27, cd=0, um=0","Time elapsed: 19.19 seconds","/home/thomasverwaal/Robust-Rail-NL/mathematical-models/local_search_plans_discreet_120/plan_33_trains_1_units24.json"
"/home/thomasverwaal/Robust-Rail-NL/mathematical-models/scenarios_solver_types_120/scenario_solver_33_trains_1_units24.json","Cost of next node: Cost = 499.8 : 576.12 | cr=13, dd=2, da=2, tlv=15, sm=66, rd=87.27, cd=0, um=0","Time elapsed: 23.00 seconds","/home/thomasverwaal/Robust-Rail-NL/mathematical-models/local_search_plans_discreet_120/plan_33_trains_1_units24.json"
"/home/thomasverwaal/Robust-Rail-NL/mathematical-models/scenarios_solver_types_120/scenario_solver_33_trains_1_units24.json","Cost of next node: Cost = 484.8 : 556.12 | cr=13, dd=2, da=2, tlv=14, sm=66, rd=89.09, cd=0, um=0","Time elapsed: 26.21 seconds","/home/thomasverwaal/Robust-Rail-NL/mathematical-models/local_search_plans_discreet_120/plan_33_trains_1_units24.json"
"/home/thomasverwaal/Robust-Rail-NL/mathematical-models/scenarios_solver_types_120/scenario_solver_33_trains_1_units24.json","Cost of next node: Cost = 474.8 : 546.12 | cr=12, dd=2, da=2, tlv=14, sm=66, rd=89.09, cd=0, um=0","Time elapsed: 28.95 seconds","/home/thomasverwaal/Robust-Rail-NL/mathematical-models/local_search_plans_discreet_120/plan_33_trains_1_units24.json"
"/home/thomasverwaal/Robust-Rail-NL/mathematical-models/scenarios_solver_types_120/scenario_solver_33_trains_1_units24.json","Cost of next node: Cost = 464.8 : 536.12 | cr=11, dd=2, da=2, tlv=14, sm=66, rd=90.91, cd=0, um=0","Time elapsed: 31.51 seconds","/home/thomasverwaal/Robust-Rail-NL/mathematical-models/local_search_plans_discreet_120/plan_33_trains_1_units24.json"
"/home/thomasverwaal/Robust-Rail-NL/mathematical-models/scenarios_solver_types_120/scenario_solver_33_trains_1_units24.json","Cost of next node: Cost = 335.0 : 411.32 | cr=11, dd=0, da=0, tlv=15, sm=66, rd=85.45, cd=0, um=0","Time elapsed: 31.96 seconds","/home/thomasverwaal/Robust-Rail-NL/mathematical-models/local_search_plans_discreet_120/plan_33_trains_1_units24.json"
"/home/thomasverwaal/Robust-Rail-NL/mathematical-models/scenarios_solver_types_120/scenario_solver_33_trains_1_units24.json","Cost of next node: Cost = 315.0 : 391.32 | cr=9, dd=0, da=0, tlv=15, sm=66, rd=85.45, cd=0, um=0","Time elapsed: 34.38 seconds","/home/thomasverwaal/Robust-Rail-NL/mathematical-models/local_search_plans_discreet_120/plan_33_trains_1_units24.json"
"/home/thomasverwaal/Robust-Rail-NL/mathematical-models/scenarios_solver_types_120/scenario_solver_33_trains_1_units24.json","Cost of next node: Cost = 305.0 : 381.32 | cr=8, dd=0, da=0, tlv=15, sm=66, rd=85.45, cd=0, um=0","Time elapsed: 36.53 seconds","/home/thomasverwaal/Robust-Rail-NL/mathematical-models/local_search_plans_discreet_120/plan_33_trains_1_units24.json"
"/home/thomasverwaal/Robust-Rail-NL/mathematical-models/scenarios_solver_types_120/scenario_solver_33_trains_1_units24.json","Cost of next node: Cost = 295.0 : 371.32 | cr=7, dd=0, da=0, tlv=15, sm=66, rd=83.64, cd=0, um=0","Time elapsed: 38.26 seconds","/home/thomasverwaal/Robust-Rail-NL/mathematical-models/local_search_plans_discreet_120/plan_33_trains_1_units24.json"
"/home/thomasverwaal/Robust-Rail-NL/mathematical-models/scenarios_solver_types_120/scenario_solver_33_trains_1_units24.json","Cost of next node: Cost = 285.0 : 361.32 | cr=6, dd=0, da=0, tlv=15, sm=66, rd=83.64, cd=0, um=0","Time elapsed: 39.99 seconds","/home/thomasverwaal/Robust-Rail-NL/mathematical-models/local_search_plans_discreet_120/plan_33_trains_1_units24.json"
"/home/thomasverwaal/Robust-Rail-NL/mathematical-models/scenarios_solver_types_120/scenario_solver_33_trains_1_units24.json","Cost of next node: Cost = 275.0 : 351.32 | cr=5, dd=0, da=0, tlv=15, sm=66, rd=83.64, cd=0, um=0","Time elapsed: 41.62 seconds","/home/thomasverwaal/Robust-Rail-NL/mathematical-models/local_search_plans_discreet_120/plan_33_trains_1_units24.json"
"/home/thomasverwaal/Robust-Rail-NL/mathematical-models/scenarios_solver_types_120/scenario_solver_33_trains_1_units24.json","Cost of next node: Cost = 265.0 : 341.32 | cr=4, dd=0, da=0, tlv=15, sm=66, rd=83.64, cd=0, um=0","Time elapsed: 42.83 seconds","/home/thomasverwaal/Robust-Rail-NL/mathematical-models/local_search_plans_discreet_120/plan_33_trains_1_units24.json"
"/home/thomasverwaal/Robust-Rail-NL/mathematical-models/scenarios_solver_types_120/scenario_solver_33_trains_1_units24.json","Cost of next node: Cost = 260.0 : 331.32 | cr=5, dd=0, da=0, tlv=14, sm=66, rd=85.45, cd=0, um=0","Time elapsed: 43.84 seconds","/home/thomasverwaal/Robust-Rail-NL/mathematical-models/local_search_plans_discreet_120/plan_33_trains_1_units24.json"
"/home/thomasverwaal/Robust-Rail-NL/mathematical-models/scenarios_solver_types_120/scenario_solver_33_trains_1_units24.json","Cost of next node: Cost = 255.0 : 331.32 | cr=3, dd=0, da=0, tlv=15, sm=66, rd=80.00, cd=0, um=0","Time elapsed: 44.92 seconds","/home/thomasverwaal/Robust-Rail-NL/mathematical-models/local_search_plans_discreet_120/plan_33_trains_1_units24.json"
"/home/thomasverwaal/Robust-Rail-NL/mathematical-models/scenarios_solver_types_120/scenario_solver_33_trains_1_units24.json","Cost of next node: Cost = 245.0 : 321.34 | cr=2, dd=0, da=0, tlv=15, sm=67, rd=80.60, cd=0, um=0","Time elapsed: 62.79 seconds","/home/thomasverwaal/Robust-Rail-NL/mathematical-models/local_search_plans_discreet_120/plan_33_trains_1_units24.json"
"/home/thomasverwaal/Robust-Rail-NL/mathematical-models/scenarios_solver_types_120/scenario_solver_33_trains_1_units24.json","Cost of next node: Cost = 235.0 : 311.34 | cr=1, dd=0, da=0, tlv=15, sm=67, rd=80.60, cd=0, um=0","Time elapsed: 116.50 seconds","/home/thomasverwaal/Robust-Rail-NL/mathematical-models/local_search_plans_discreet_120/plan_33_trains_1_units24.json"
"/home/thomasverwaal/Robust-Rail-NL/mathematical-models/scenarios_solver_types_120/scenario_solver_33_trains_1_units24.json","Cost of next node: Cost = 225.0 : 301.34 | cr=0, dd=0, da=0, tlv=15, sm=67, rd=78.81, cd=0, um=0","Time elapsed: 172.34 seconds","/home/thomasverwaal/Robust-Rail-NL/mathematical-models/local_search_plans_discreet_120/plan_33_trains_1_units24.json"
"/home/thomasverwaal/Robust-Rail-NL/mathematical-models/scenarios_solver_types_120/scenario_solver_33_trains_1_units24.json","NO_COST_FOUND","NO_TIME_FOUND","NO_PLAN_CREATED"
"/home/thomasverwaal/Robust-Rail-NL/mathematical-models/scenarios_solver_types_120/scenario_solver_33_trains_1_units25.json","Cost of next node: Cost = 2,809.3 : 2,810.60 | cr=41, dd=33, da=31, tlv=0, sm=66, rd=178.18, cd=0, um=0","Time elapsed: 4.44 seconds","/home/thomasverwaal/Robust-Rail-NL/mathematical-models/local_search_plans_discreet_120/plan_33_trains_1_units25.json"
"/home/thomasverwaal/Robust-Rail-NL/mathematical-models/scenarios_solver_types_120/scenario_solver_33_trains_1_units25.json","Cost of next node: Cost = 2,782.0 : 2,783.28 | cr=39, dd=33, da=31, tlv=0, sm=66, rd=176.36, cd=0, um=0","Time elapsed: 4.57 seconds","/home/thomasverwaal/Robust-Rail-NL/mathematical-models/local_search_plans_discreet_120/plan_33_trains_1_units25.json"
"/home/thomasverwaal/Robust-Rail-NL/mathematical-models/scenarios_solver_types_120/scenario_solver_33_trains_1_units25.json","Cost of next node: Cost = 2,761.5 : 2,762.84 | cr=37, dd=33, da=31, tlv=0, sm=66, rd=176.36, cd=0, um=0","Time elapsed: 4.85 seconds","/home/thomasverwaal/Robust-Rail-NL/mathematical-models/local_search_plans_discreet_120/plan_33_trains_1_units25.json"
"/home/thomasverwaal/Robust-Rail-NL/mathematical-models/scenarios_solver_types_120/scenario_solver_33_trains_1_units25.json","Cost of next node: Cost = 2,740.8 : 2,742.13 | cr=35, dd=33, da=31, tlv=0, sm=66, rd=176.36, cd=0, um=0","Time elapsed: 5.16 seconds","/home/thomasverwaal/Robust-Rail-NL/mathematical-models/local_search_plans_discreet_120/plan_33_trains_1_units25.json"
"/home/thomasverwaal/Robust-Rail-NL/mathematical-models/scenarios_solver_types_120/scenario_solver_33_trains_1_units25.json","Cost of next node: Cost = 2,706.4 : 2,712.70 | cr=36, dd=33, da=29, tlv=1, sm=66, rd=173.64, cd=0, um=0","Time elapsed: 5.45 seconds","/home/thomasverwaal/Robust-Rail-NL/mathematical-models/local_search_plans_discreet_120/plan_33_trains_1_units25.json"
"/home/thomasverwaal/Robust-Rail-NL/mathematical-models/scenarios_solver_types_120/scenario_solver_33_trains_1_units25.json","Cost of next node: Cost = 2,561.0 : 2,567.37 | cr=38, dd=33, da=21, tlv=1, sm=66, rd=167.27, cd=0, um=0","Time elapsed: 5.77 seconds","/home/thomasverwaal/Robust-Rail-NL/mathematical-models/local_search_plans_discreet_120/plan_33_trains_1_units25.json"
"/home/thomasverwaal/Robust-Rail-NL/mathematical-models/scenarios_solver_types_120/scenario_solver_33_trains_1_units25.json","Cost of next node: Cost = 2,530.9 : 2,537.19 | cr=35, dd=33, da=21, tlv=1, sm=66, rd=167.27, cd=0, um=0","Time elapsed: 5.83 seconds","/home/thomasverwaal/Robust-Rail-NL/mathematical-models/local_search_plans_discreet_120/plan_33_trains_1_units25.json"
"/home/thomasverwaal/Robust-Rail-NL/mathematical-models/scenarios_solver_types_120/scenario_solver_33_trains_1_units25.json","Cost of next node: Cost = 2,461.9 : 2,473.26 | cr=34, dd=33, da=17, tlv=2, sm=66, rd=164.55, cd=0, um=0","Time elapsed: 6.13 seconds","/home/thomasverwaal/Robust-Rail-NL/mathematical-models/local_search_plans_discreet_120/plan_33_trains_1_units25.json"
"/home/thomasverwaal/Robust-Rail-NL/mathematical-models/scenarios_solver_types_120/scenario_solver_33_trains_1_units25.json","Cost of next node: Cost = 2,425.4 : 2,441.75 | cr=35, dd=33, da=14, tlv=3, sm=66, rd=160.00, cd=0, um=0","Time elapsed: 6.41 seconds","/home/thomasverwaal/Robust-Rail-NL/mathematical-models/local_search_plans_discreet_120/plan_33_trains_1_units25.json"
"/home/thomasverwaal/Robust-Rail-NL/mathematical-models/scenarios_solver_types_120/scenario_solver_33_trains_1_units25.json","Cost of next node: Cost = 2,402.3 : 2,418.66 | cr=34, dd=33, da=14, tlv=3, sm=66, rd=156.36, cd=0, um=0","Time elapsed: 7.88 seconds","/home/thomasverwaal/Robust-Rail-NL/mathematical-models/local_search_plans_discreet_120/plan_33_trains_1_units25.json"
"/home/thomasverwaal/Robust-Rail-NL/mathematical-models/scenarios_solver_types_120/scenario_solver_33_trains_1_units25.json","Cost of next node: Cost = 2,345.3 : 2,366.62 | cr=29, dd=33, da=13, tlv=4, sm=66, rd=154.55, cd=0, um=0","Time elapsed: 8.54 seconds","/home/thomasverwaal/Robust-Rail-NL/mathematical-models/local_search_plans_discreet_120/plan_33_trains_1_units25.json"
"/home/thomasverwaal/Robust-Rail-NL/mathematical-models/scenarios_solver_types_120/scenario_solver_33_trains_1_units25.json","Cost of next node: Cost = 2,300.3 : 2,326.62 | cr=23, dd=33, da=13, tlv=5, sm=66, rd=154.55, cd=0, um=0","Time elapsed: 9.61 seconds","/home/thomasverwaal/Robust-Rail-NL/mathematical-models/local_search_plans_discreet_120/plan_33_trains_1_units25.json"
"/home/thomasverwaal/Robust-Rail-NL/mathematical-models/scenarios_solver_types_120/scenario_solver_33_trains_1_units25.json","Cost of next node: Cost = 2,264.9 : 2,296.20 | cr=20, dd=33, da=13, tlv=6, sm=66, rd=145.45, cd=0, um=0","Time elapsed: 10.06 seconds","/home/thomasverwaal/Robust-Rail-NL/mathematical-models/local_search_plans_discreet_120/plan_33_trains_1_units25.json"
"/home/thomasverwaal/Robust-Rail-NL/mathematical-models/scenarios_solver_types_120/scenario_solver_33_trains_1_units25.json","Cost of next node: Cost = 2,241.3 : 2,277.59 | cr=19, dd=33, da=12, tlv=7, sm=66, rd=140.00, cd=0, um=0","Time elapsed: 10.36 seconds","/home/thomasverwaal/Robust-Rail-NL/mathematical-models/local_search_plans_discreet_120/plan_33_trains_1_units25.json"
"/home/thomasverwaal/Robust-Rail-NL/mathematical-models/scenarios_solver_types_120/scenario_solver_33_trains_1_units25.json","Cost of next node: Cost = 2,212.0 : 2,248.29 | cr=15, dd=33, da=12, tlv=7, sm=66, rd=149.09, cd=0, um=0","Time elapsed: 10.83 seconds","/home/thomasverwaal/Robust-Rail-NL/mathematical-models/local_search_plans_discreet_120/plan_33_trains_1_units25.json"
"/home/thomasverwaal/Robust-Rail-NL/mathematical-models/scenarios_solver_types_120/scenario_solver_33_trains_1_units25.json","Cost of next node: Cost = 2,052.1 : 2,093.40 | cr=18, dd=30, da=11, tlv=8, sm=66, rd=135.45, cd=0, um=0","Time elapsed: 11.33 seconds","/home/thomasverwaal/Robust-Rail-NL/mathematical-models/local_search_plans_discreet_120/plan_33_trains_1_units25.json"
"/home/thomasverwaal/Robust-Rail-NL/mathematical-models/scenarios_solver_types_120/scenario_solver_33_trains_1_units25.json","Cost of next node: Cost = 2,002.7 : 2,044.02 | cr=18, dd=29, da=11, tlv=8, sm=66, rd=135.45, cd=0, um=0","Time elapsed: 11.46 seconds","/home/thomasverwaal/Robust-Rail-NL/mathematical-models/local_search_plans_discreet_120/plan_33_trains_1_units25.json"
"/home/thomasverwaal/Robust-Rail-NL/mathematical-models/scenarios_solver_types_120/scenario_solver_33_trains_1_units25.json","Cost of next node: Cost = 1,953.5 : 1,994.79 | cr=18, dd=28, da=11, tlv=8, sm=66, rd=135.45, cd=0, um=0","Time elapsed: 11.62 seconds","/home/thomasverwaal/Robust-Rail-NL/mathematical-models/local_search_plans_discreet_120/plan_33_trains_1_units25.json"
"/home/thomasverwaal/Robust-Rail-NL/mathematical-models/scenarios_solver_types_120/scenario_solver_33_trains_1_units25.json","Cost of next node: Cost = 1,865.1 : 1,906.38 | cr=19, dd=26, da=11, tlv=8, sm=66, rd=133.64, cd=0, um=0","Time elapsed: 11.72 seconds","/home/thomasverwaal/Robust-Rail-NL/mathematical-models/local_search_plans_discreet_120/plan_33_trains_1_units25.json"
"/home/thomasverwaal/Robust-Rail-NL/mathematical-models/scenarios_solver_types_120/scenario_solver_33_trains_1_units25.json","Cost of next node: Cost = 1,812.1 : 1,853.40 | cr=19, dd=25, da=11, tlv=8, sm=66, rd=133.64, cd=0, um=0","Time elapsed: 11.93 seconds","/home/thomasverwaal/Robust-Rail-NL/mathematical-models/local_search_plans_discreet_120/plan_33_trains_1_units25.json"
"/home/thomasverwaal/Robust-Rail-NL/mathematical-models/scenarios_solver_types_120/scenario_solver_33_trains_1_units25.json","Cost of next node: Cost = 1,774.1 : 1,815.46 | cr=20, dd=24, da=11, tlv=8, sm=66, rd=133.64, cd=0, um=0","Time elapsed: 12.03 seconds","/home/thomasverwaal/Robust-Rail-NL/mathematical-models/local_search_plans_discreet_120/plan_33_trains_1_units25.json"
"/home/thomasverwaal/Robust-Rail-NL/mathematical-models/scenarios_solver_types_120/scenario_solver_33_trains_1_units25.json","Cost of next node: Cost = 1,709.0 : 1,750.32 | cr=19, dd=23, da=11, tlv=8, sm=66, rd=127.27, cd=0, um=0","Time elapsed: 12.18 seconds","/home/thomasverwaal/Robust-Rail-NL/mathematical-models/local_search_plans_discreet_120/plan_33_trains_1_units25.json"
"/home/thomasverwaal/Robust-Rail-NL/mathematical-models/scenarios_solver_types_120/scenario_solver_33_trains_1_units25.json","Cost of next node: Cost = 1,657.8 : 1,699.17 | cr=19, dd=22, da=11, tlv=8, sm=66, rd=127.27, cd=0, um=0","Time elapsed: 12.33 seconds","/home/thomasverwaal/Robust-Rail-NL/mathematical-models/local_search_plans_discreet_120/plan_33_trains_1_units25.json"
"/home/thomasverwaal/Robust-Rail-NL/mathematical-models/scenarios_solver_types_120/scenario_solver_33_trains_1_units25.json","Cost of next node: Cost = 1,552.9 : 1,599.18 | cr=19, dd=20, da=10, tlv=9, sm=66, rd=123.64, cd=0, um=0","Time elapsed: 12.46 seconds","/home/thomasverwaal/Robust-Rail-NL/mathematical-models/local_search_plans_discreet_120/plan_33_trains_1_units25.json"
"/home/thomasverwaal/Robust-Rail-NL/mathematical-models/scenarios_solver_types_120/scenario_solver_33_trains_1_units25.json","Cost of next node: Cost = 1,498.9 : 1,550.27 | cr=19, dd=19, da=9, tlv=10, sm=66, rd=118.18, cd=0, um=0","Time elapsed: 12.94 seconds","/home/thomasverwaal/Robust-Rail-NL/mathematical-models/local_search_plans_discreet_120/plan_33_trains_1_units25.json"
"/home/thomasverwaal/Robust-Rail-NL/mathematical-models/scenarios_solver_types_120/scenario_solver_33_trains_1_units25.json","Cost of next node: Cost = 1,446.3 : 1,502.67 | cr=20, dd=18, da=8, tlv=11, sm=66, rd=112.73, cd=0, um=0","Time elapsed: 13.20 seconds","/home/thomasverwaal/Robust-Rail-NL/mathematical-models/local_search_plans_discreet_120/plan_33_trains_1_units25.json"
"/home/thomasverwaal/Robust-Rail-NL/mathematical-models/scenarios_solver_types_120/scenario_solver_33_trains_1_units25.json","Cost of next node: Cost = 1,411.4 : 1,467.72 | cr=21, dd=17, da=8, tlv=11, sm=66, rd=112.73, cd=0, um=0","Time elapsed: 13.30 seconds","/home/thomasverwaal/Robust-Rail-NL/mathematical-models/local_search_plans_discreet_120/plan_33_trains_1_units25.json"
"/home/thomasverwaal/Robust-Rail-NL/mathematical-models/scenarios_solver_types_120/scenario_solver_33_trains_1_units25.json","Cost of next node: Cost = 1,384.1 : 1,445.39 | cr=25, dd=17, da=4, tlv=12, sm=66, rd=109.09, cd=0, um=0","Time elapsed: 13.63 seconds","/home/thomasverwaal/Robust-Rail-NL/mathematical-models/local_search_plans_discreet_120/plan_33_trains_1_units25.json"
"/home/thomasverwaal/Robust-Rail-NL/mathematical-models/scenarios_solver_types_120/scenario_solver_33_trains_1_units25.json","Cost of next node: Cost = 1,334.1 : 1,395.43 | cr=25, dd=16, da=4, tlv=12, sm=66, rd=109.09, cd=0, um=0","Time elapsed: 13.75 seconds","/home/thomasverwaal/Robust-Rail-NL/mathematical-models/local_search_plans_discreet_120/plan_33_trains_1_units25.json"
"/home/thomasverwaal/Robust-Rail-NL/mathematical-models/scenarios_solver_types_120/scenario_solver_33_trains_1_units25.json","Cost of next node: Cost = 1,236.2 : 1,297.52 | cr=25, dd=14, da=4, tlv=12, sm=66, rd=109.09, cd=0, um=0","Time elapsed: 13.99 seconds","/home/thomasverwaal/Robust-Rail-NL/mathematical-models/local_search_plans_discreet_120/plan_33_trains_1_units25.json"
"/home/thomasverwaal/Robust-Rail-NL/mathematical-models/scenarios_solver_types_120/scenario_solver_33_trains_1_units25.json","Cost of next node: Cost = 1,211.2 : 1,277.52 | cr=21, dd=14, da=4, tlv=13, sm=66, rd=107.27, cd=0, um=0","Time elapsed: 14.29 seconds","/home/thomasverwaal/Robust-Rail-NL/mathematical-models/local_search_plans_discreet_120/plan_33_trains_1_units25.json"
"/home/thomasverwaal/Robust-Rail-NL/mathematical-models/scenarios_solver_types_120/scenario_solver_33_trains_1_units25.json","Cost of next node: Cost = 1,183.1 : 1,254.42 | cr=19, dd=14, da=3, tlv=14, sm=66, rd=103.64, cd=0, um=0","Time elapsed: 14.84 seconds","/home/thomasverwaal/Robust-Rail-NL/mathematical-models/local_search_plans_discreet_120/plan_33_trains_1_units25.json"
"/home/thomasverwaal/Robust-Rail-NL/mathematical-models/scenarios_solver_types_120/scenario_solver_33_trains_1_units25.json","Cost of next node: Cost = 1,137.6 : 1,203.91 | cr=21, dd=13, da=3, tlv=13, sm=66, rd=101.82, cd=0, um=0","Time elapsed: 14.97 seconds","/home/thomasverwaal/Robust-Rail-NL/mathematical-models/local_search_plans_discreet_120/plan_33_trains_1_units25.json"
"/home/thomasverwaal/Robust-Rail-NL/mathematical-models/scenarios_solver_types_120/scenario_solver_33_trains_1_units25.json","Cost of next node: Cost = 1,087.0 : 1,153.31 | cr=21, dd=12, da=3, tlv=13, sm=66, rd=101.82, cd=0, um=0","Time elapsed: 15.05 seconds","/home/thomasverwaal/Robust-Rail-NL/mathematical-models/local_search_plans_discreet_120/plan_33_trains_1_units25.json"
"/home/thomasverwaal/Robust-Rail-NL/mathematical-models/scenarios_solver_types_120/scenario_solver_33_trains_1_units25.json","Cost of next node: Cost = 1,012.7 : 1,084.01 | cr=24, dd=10, da=2, tlv=14, sm=66, rd=98.18, cd=0, um=0","Time elapsed: 15.39 seconds","/home/thomasverwaal/Robust-Rail-NL/mathematical-models/local_search_plans_discreet_120/plan_33_trains_1_units25.json"
"/home/thomasverwaal/Robust-Rail-NL/mathematical-models/scenarios_solver_types_120/scenario_solver_33_trains_1_units25.json","Cost of next node: Cost = 987.7 : 1,054.01 | cr=23, dd=10, da=2, tlv=13, sm=66, rd=100.00, cd=0, um=0","Time elapsed: 15.69 seconds","/home/thomasverwaal/Robust-Rail-NL/mathematical-models/local_search_plans_discreet_120/plan_33_trains_1_units25.json"
"/home/thomasverwaal/Robust-Rail-NL/mathematical-models/scenarios_solver_types_120/scenario_solver_33_trains_1_units25.json","Cost of next node: Cost = 910.4 : 981.72 | cr=21, dd=9, da=1, tlv=14, sm=66, rd=99.09, cd=0, um=0","Time elapsed: 16.15 seconds","/home/thomasverwaal/Robust-Rail-NL/mathematical-models/local_search_plans_discreet_120/plan_33_trains_1_units25.json"
"/home/thomasverwaal/Robust-Rail-NL/mathematical-models/scenarios_solver_types_120/scenario_solver_33_trains_1_units25.json","Cost of next node: Cost = 806.5 : 877.82 | cr=21, dd=7, da=1, tlv=14, sm=66, rd=92.73, cd=0, um=0","Time elapsed: 16.34 seconds","/home/thomasverwaal/Robust-Rail-NL/mathematical-models/local_search_plans_discreet_120/plan_33_trains_1_units25.json"
"/home/thomasverwaal/Robust-Rail-NL/mathematical-models/scenarios_solver_types_120/scenario_solver_33_trains_1_units25.json","Cost of next node: Cost = 776.5 : 847.82 | cr=18, dd=7, da=1, tlv=14, sm=66, rd=92.73, cd=0, um=0","Time elapsed: 16.46 seconds","/home/thomasverwaal/Robust-Rail-NL/mathematical-models/local_search_plans_discreet_120/plan_33_trains_1_units25.json"
"/home/thomasverwaal/Robust-Rail-NL/mathematical-models/scenarios_solver_types_120/scenario_solver_33_trains_1_units25.json","Cost of next node: Cost = 696.0 : 772.32 | cr=21, dd=5, da=0, tlv=15, sm=66, rd=88.18, cd=0, um=0","Time elapsed: 16.79 seconds","/home/thomasverwaal/Robust-Rail-NL/mathematical-models/local_search_plans_discreet_120/plan_33_trains_1_units25.json"
"/home/thomasverwaal/Robust-Rail-NL/mathematical-models/scenarios_solver_types_120/scenario_solver_33_trains_1_units25.json","Cost of next node: Cost = 640.0 : 716.32 | cr=16, dd=5, da=0, tlv=15, sm=66, rd=85.45, cd=0, um=0","Time elapsed: 17.15 seconds","/home/thomasverwaal/Robust-Rail-NL/mathematical-models/local_search_plans_discreet_120/plan_33_trains_1_units25.json"
"/home/thomasverwaal/Robust-Rail-NL/mathematical-models/scenarios_solver_types_120/scenario_solver_33_trains_1_units25.json","Cost of next node: Cost = 498.0 : 574.32 | cr=17, dd=2, da=0, tlv=15, sm=66, rd=81.82, cd=0, um=0","Time elapsed: 17.35 seconds","/home/thomasverwaal/Robust-Rail-NL/mathematical-models/local_search_plans_discreet_120/plan_33_trains_1_units25.json"
"/home/thomasverwaal/Robust-Rail-NL/mathematical-models/scenarios_solver_types_120/scenario_solver_33_trains_1_units25.json","Cost of next node: Cost = 461.5 : 542.82 | cr=17, dd=1, da=0, tlv=16, sm=66, rd=76.36, cd=0, um=0","Time elapsed: 17.68 seconds","/home/thomasverwaal/Robust-Rail-NL/mathematical-models/local_search_plans_discreet_120/plan_33_trains_1_units25.json"
"/home/thomasverwaal/Robust-Rail-NL/mathematical-models/scenarios_solver_types_120/scenario_solver_33_trains_1_units25.json","Cost of next node: Cost = 435.0 : 521.32 | cr=18, dd=0, da=0, tlv=17, sm=66, rd=74.55, cd=0, um=0","Time elapsed: 18.01 seconds","/home/thomasverwaal/Robust-Rail-NL/mathematical-models/local_search_plans_discreet_120/plan_33_trains_1_units25.json"
"/home/thomasverwaal/Robust-Rail-NL/mathematical-models/scenarios_solver_types_120/scenario_solver_33_trains_1_units25.json","Cost of next node: Cost = 405.0 : 491.32 | cr=15, dd=0, da=0, tlv=17, sm=66, rd=74.55, cd=0, um=0","Time elapsed: 18.29 seconds","/home/thomasverwaal/Robust-Rail-NL/mathematical-models/local_search_plans_discreet_120/plan_33_trains_1_units25.json"
"/home/thomasverwaal/Robust-Rail-NL/mathematical-models/scenarios_solver_types_120/scenario_solver_33_trains_1_units25.json","Cost of next node: Cost = 390.0 : 471.32 | cr=15, dd=0, da=0, tlv=16, sm=66, rd=76.36, cd=0, um=0","Time elapsed: 22.85 seconds","/home/thomasverwaal/Robust-Rail-NL/mathematical-models/local_search_plans_discreet_120/plan_33_trains_1_units25.json"
"/home/thomasverwaal/Robust-Rail-NL/mathematical-models/scenarios_solver_types_120/scenario_solver_33_trains_1_units25.json","Cost of next node: Cost = 370.0 : 451.32 | cr=13, dd=0, da=0, tlv=16, sm=66, rd=76.36, cd=0, um=0","Time elapsed: 26.77 seconds","/home/thomasverwaal/Robust-Rail-NL/mathematical-models/local_search_plans_discreet_120/plan_33_trains_1_units25.json"
"/home/thomasverwaal/Robust-Rail-NL/mathematical-models/scenarios_solver_types_120/scenario_solver_33_trains_1_units25.json","Cost of next node: Cost = 350.0 : 431.32 | cr=11, dd=0, da=0, tlv=16, sm=66, rd=76.36, cd=0, um=0","Time elapsed: 32.34 seconds","/home/thomasverwaal/Robust-Rail-NL/mathematical-models/local_search_plans_discreet_120/plan_33_trains_1_units25.json"
"/home/thomasverwaal/Robust-Rail-NL/mathematical-models/scenarios_solver_types_120/scenario_solver_33_trains_1_units25.json","Cost of next node: Cost = 335.0 : 411.32 | cr=11, dd=0, da=0, tlv=15, sm=66, rd=78.18, cd=0, um=0","Time elapsed: 35.31 seconds","/home/thomasverwaal/Robust-Rail-NL/mathematical-models/local_search_plans_discreet_120/plan_33_trains_1_units25.json"
"/home/thomasverwaal/Robust-Rail-NL/mathematical-models/scenarios_solver_types_120/scenario_solver_33_trains_1_units25.json","Cost of next node: Cost = 325.0 : 401.32 | cr=10, dd=0, da=0, tlv=15, sm=66, rd=78.18, cd=0, um=0","Time elapsed: 38.62 seconds","/home/thomasverwaal/Robust-Rail-NL/mathematical-models/local_search_plans_discreet_120/plan_33_trains_1_units25.json"
"/home/thomasverwaal/Robust-Rail-NL/mathematical-models/scenarios_solver_types_120/scenario_solver_33_trains_1_units25.json","Cost of next node: Cost = 315.0 : 391.32 | cr=9, dd=0, da=0, tlv=15, sm=66, rd=78.18, cd=0, um=0","Time elapsed: 41.69 seconds","/home/thomasverwaal/Robust-Rail-NL/mathematical-models/local_search_plans_discreet_120/plan_33_trains_1_units25.json"
"/home/thomasverwaal/Robust-Rail-NL/mathematical-models/scenarios_solver_types_120/scenario_solver_33_trains_1_units25.json","Cost of next node: Cost = 295.0 : 371.32 | cr=7, dd=0, da=0, tlv=15, sm=66, rd=80.00, cd=0, um=0","Time elapsed: 44.28 seconds","/home/thomasverwaal/Robust-Rail-NL/mathematical-models/local_search_plans_discreet_120/plan_33_trains_1_units25.json"
"/home/thomasverwaal/Robust-Rail-NL/mathematical-models/scenarios_solver_types_120/scenario_solver_33_trains_1_units25.json","Cost of next node: Cost = 285.0 : 361.32 | cr=6, dd=0, da=0, tlv=15, sm=66, rd=80.00, cd=0, um=0","Time elapsed: 46.72 seconds","/home/thomasverwaal/Robust-Rail-NL/mathematical-models/local_search_plans_discreet_120/plan_33_trains_1_units25.json"
"/home/thomasverwaal/Robust-Rail-NL/mathematical-models/scenarios_solver_types_120/scenario_solver_33_trains_1_units25.json","Cost of next node: Cost = 275.0 : 351.32 | cr=5, dd=0, da=0, tlv=15, sm=66, rd=80.00, cd=0, um=0","Time elapsed: 48.84 seconds","/home/thomasverwaal/Robust-Rail-NL/mathematical-models/local_search_plans_discreet_120/plan_33_trains_1_units25.json"
"/home/thomasverwaal/Robust-Rail-NL/mathematical-models/scenarios_solver_types_120/scenario_solver_33_trains_1_units25.json","Cost of next node: Cost = 265.0 : 341.32 | cr=4, dd=0, da=0, tlv=15, sm=66, rd=80.00, cd=0, um=0","Time elapsed: 50.73 seconds","/home/thomasverwaal/Robust-Rail-NL/mathematical-models/local_search_plans_discreet_120/plan_33_trains_1_units25.json"
"/home/thomasverwaal/Robust-Rail-NL/mathematical-models/scenarios_solver_types_120/scenario_solver_33_trains_1_units25.json","Cost of next node: Cost = 255.0 : 331.32 | cr=3, dd=0, da=0, tlv=15, sm=66, rd=80.00, cd=0, um=0","Time elapsed: 59.03 seconds","/home/thomasverwaal/Robust-Rail-NL/mathematical-models/local_search_plans_discreet_120/plan_33_trains_1_units25.json"
"/home/thomasverwaal/Robust-Rail-NL/mathematical-models/scenarios_solver_types_120/scenario_solver_33_trains_1_units25.json","Cost of next node: Cost = 245.0 : 321.32 | cr=2, dd=0, da=0, tlv=15, sm=66, rd=78.18, cd=0, um=0","Time elapsed: 76.34 seconds","/home/thomasverwaal/Robust-Rail-NL/mathematical-models/local_search_plans_discreet_120/plan_33_trains_1_units25.json"
"/home/thomasverwaal/Robust-Rail-NL/mathematical-models/scenarios_solver_types_120/scenario_solver_33_trains_1_units25.json","Cost of next node: Cost = 235.0 : 311.32 | cr=1, dd=0, da=0, tlv=15, sm=66, rd=78.18, cd=0, um=0","Time elapsed: 186.44 seconds","/home/thomasverwaal/Robust-Rail-NL/mathematical-models/local_search_plans_discreet_120/plan_33_trains_1_units25.json"
"/home/thomasverwaal/Robust-Rail-NL/mathematical-models/scenarios_solver_types_120/scenario_solver_33_trains_1_units25.json","Cost of next node: Cost = 230.0 : 301.34 | cr=2, dd=0, da=0, tlv=14, sm=67, rd=78.81, cd=0, um=0","Time elapsed: 250.70 seconds","/home/thomasverwaal/Robust-Rail-NL/mathematical-models/local_search_plans_discreet_120/plan_33_trains_1_units25.json"
"/home/thomasverwaal/Robust-Rail-NL/mathematical-models/scenarios_solver_types_120/scenario_solver_33_trains_1_units25.json","NO_COST_FOUND","NO_TIME_FOUND","NO_PLAN_CREATED"
"/home/thomasverwaal/Robust-Rail-NL/mathematical-models/scenarios_solver_types_120/scenario_solver_33_trains_1_units26.json","Cost of next node: Cost = 2,816.2 : 2,817.49 | cr=41, dd=33, da=31, tlv=0, sm=66, rd=178.18, cd=0, um=0","Time elapsed: 4.51 seconds","/home/thomasverwaal/Robust-Rail-NL/mathematical-models/local_search_plans_discreet_120/plan_33_trains_1_units26.json"
"/home/thomasverwaal/Robust-Rail-NL/mathematical-models/scenarios_solver_types_120/scenario_solver_33_trains_1_units26.json","Cost of next node: Cost = 2,788.8 : 2,790.16 | cr=39, dd=33, da=31, tlv=0, sm=66, rd=176.36, cd=0, um=0","Time elapsed: 4.64 seconds","/home/thomasverwaal/Robust-Rail-NL/mathematical-models/local_search_plans_discreet_120/plan_33_trains_1_units26.json"
"/home/thomasverwaal/Robust-Rail-NL/mathematical-models/scenarios_solver_types_120/scenario_solver_33_trains_1_units26.json","Cost of next node: Cost = 2,768.4 : 2,769.72 | cr=37, dd=33, da=31, tlv=0, sm=66, rd=176.36, cd=0, um=0","Time elapsed: 4.93 seconds","/home/thomasverwaal/Robust-Rail-NL/mathematical-models/local_search_plans_discreet_120/plan_33_trains_1_units26.json"
"/home/thomasverwaal/Robust-Rail-NL/mathematical-models/scenarios_solver_types_120/scenario_solver_33_trains_1_units26.json","Cost of next node: Cost = 2,747.7 : 2,749.01 | cr=35, dd=33, da=31, tlv=0, sm=66, rd=176.36, cd=0, um=0","Time elapsed: 5.25 seconds","/home/thomasverwaal/Robust-Rail-NL/mathematical-models/local_search_plans_discreet_120/plan_33_trains_1_units26.json"
"/home/thomasverwaal/Robust-Rail-NL/mathematical-models/scenarios_solver_types_120/scenario_solver_33_trains_1_units26.json","Cost of next node: Cost = 2,701.2 : 2,707.48 | cr=36, dd=33, da=28, tlv=1, sm=66, rd=173.64, cd=0, um=0","Time elapsed: 5.55 seconds","/home/thomasverwaal/Robust-Rail-NL/mathematical-models/local_search_plans_discreet_120/plan_33_trains_1_units26.json"
"/home/thomasverwaal/Robust-Rail-NL/mathematical-models/scenarios_solver_types_120/scenario_solver_33_trains_1_units26.json","Cost of next node: Cost = 2,633.7 : 2,639.99 | cr=38, dd=33, da=24, tlv=1, sm=66, rd=167.27, cd=0, um=0","Time elapsed: 5.88 seconds","/home/thomasverwaal/Robust-Rail-NL/mathematical-models/local_search_plans_discreet_120/plan_33_trains_1_units26.json"
"/home/thomasverwaal/Robust-Rail-NL/mathematical-models/scenarios_solver_types_120/scenario_solver_33_trains_1_units26.json","Cost of next node: Cost = 2,603.5 : 2,609.81 | cr=35, dd=33, da=24, tlv=1, sm=66, rd=167.27, cd=0, um=0","Time elapsed: 5.94 seconds","/home/thomasverwaal/Robust-Rail-NL/mathematical-models/local_search_plans_discreet_120/plan_33_trains_1_units26.json"
"/home/thomasverwaal/Robust-Rail-NL/mathematical-models/scenarios_solver_types_120/scenario_solver_33_trains_1_units26.json","Cost of next node: Cost = 2,476.2 : 2,487.57 | cr=34, dd=33, da=17, tlv=2, sm=66, rd=164.55, cd=0, um=0","Time elapsed: 6.25 seconds","/home/thomasverwaal/Robust-Rail-NL/mathematical-models/local_search_plans_discreet_120/plan_33_trains_1_units26.json"
"/home/thomasverwaal/Robust-Rail-NL/mathematical-models/scenarios_solver_types_120/scenario_solver_33_trains_1_units26.json","Cost of next node: Cost = 2,440.1 : 2,456.38 | cr=35, dd=33, da=14, tlv=3, sm=66, rd=160.00, cd=0, um=0","Time elapsed: 6.54 seconds","/home/thomasverwaal/Robust-Rail-NL/mathematical-models/local_search_plans_discreet_120/plan_33_trains_1_units26.json"
"/home/thomasverwaal/Robust-Rail-NL/mathematical-models/scenarios_solver_types_120/scenario_solver_33_trains_1_units26.json","Cost of next node: Cost = 2,417.0 : 2,433.29 | cr=34, dd=33, da=14, tlv=3, sm=66, rd=156.36, cd=0, um=0","Time elapsed: 7.06 seconds","/home/thomasverwaal/Robust-Rail-NL/mathematical-models/local_search_plans_discreet_120/plan_33_trains_1_units26.json"
"/home/thomasverwaal/Robust-Rail-NL/mathematical-models/scenarios_solver_types_120/scenario_solver_33_trains_1_units26.json","Cost of next node: Cost = 2,378.8 : 2,400.12 | cr=29, dd=33, da=14, tlv=4, sm=66, rd=154.55, cd=0, um=0","Time elapsed: 7.63 seconds","/home/thomasverwaal/Robust-Rail-NL/mathematical-models/local_search_plans_discreet_120/plan_33_trains_1_units26.json"
"/home/thomasverwaal/Robust-Rail-NL/mathematical-models/scenarios_solver_types_120/scenario_solver_33_trains_1_units26.json","Cost of next node: Cost = 2,353.4 : 2,379.70 | cr=29, dd=33, da=12, tlv=5, sm=66, rd=149.09, cd=0, um=0","Time elapsed: 8.47 seconds","/home/thomasverwaal/Robust-Rail-NL/mathematical-models/local_search_plans_discreet_120/plan_33_trains_1_units26.json"
"/home/thomasverwaal/Robust-Rail-NL/mathematical-models/scenarios_solver_types_120/scenario_solver_33_trains_1_units26.json","Cost of next node: Cost = 2,308.4 : 2,339.70 | cr=23, dd=33, da=12, tlv=6, sm=66, rd=149.09, cd=0, um=0","Time elapsed: 8.82 seconds","/home/thomasverwaal/Robust-Rail-NL/mathematical-models/local_search_plans_discreet_120/plan_33_trains_1_units26.json"
"/home/thomasverwaal/Robust-Rail-NL/mathematical-models/scenarios_solver_types_120/scenario_solver_33_trains_1_units26.json","Cost of next node: Cost = 2,272.7 : 2,309.03 | cr=20, dd=33, da=12, tlv=7, sm=66, rd=140.00, cd=0, um=0","Time elapsed: 9.24 seconds","/home/thomasverwaal/Robust-Rail-NL/mathematical-models/local_search_plans_discreet_120/plan_33_trains_1_units26.json"
"/home/thomasverwaal/Robust-Rail-NL/mathematical-models/scenarios_solver_types_120/scenario_solver_33_trains_1_units26.json","Cost of next node: Cost = 2,249.2 : 2,290.54 | cr=19, dd=33, da=11, tlv=8, sm=66, rd=134.55, cd=0, um=0","Time elapsed: 9.55 seconds","/home/thomasverwaal/Robust-Rail-NL/mathematical-models/local_search_plans_discreet_120/plan_33_trains_1_units26.json"
"/home/thomasverwaal/Robust-Rail-NL/mathematical-models/scenarios_solver_types_120/scenario_solver_33_trains_1_units26.json","Cost of next node: Cost = 2,220.3 : 2,261.60 | cr=14, dd=33, da=11, tlv=8, sm=66, rd=150.00, cd=0, um=0","Time elapsed: 10.01 seconds","/home/thomasverwaal/Robust-Rail-NL/mathematical-models/local_search_plans_discreet_120/plan_33_trains_1_units26.json"
"/home/thomasverwaal/Robust-Rail-NL/mathematical-models/scenarios_solver_types_120/scenario_solver_33_trains_1_units26.json","Cost of next node: Cost = 2,190.8 : 2,232.17 | cr=13, dd=33, da=11, tlv=8, sm=66, rd=139.09, cd=0, um=0","Time elapsed: 10.40 seconds","/home/thomasverwaal/Robust-Rail-NL/mathematical-models/local_search_plans_discreet_120/plan_33_trains_1_units26.json"
"/home/thomasverwaal/Robust-Rail-NL/mathematical-models/scenarios_solver_types_120/scenario_solver_33_trains_1_units26.json","Cost of next node: Cost = 2,169.3 : 2,210.67 | cr=14, dd=33, da=11, tlv=8, sm=66, rd=120.00, cd=0, um=0","Time elapsed: 10.52 seconds","/home/thomasverwaal/Robust-Rail-NL/mathematical-models/local_search_plans_discreet_120/plan_33_trains_1_units26.json"
"/home/thomasverwaal/Robust-Rail-NL/mathematical-models/scenarios_solver_types_120/scenario_solver_33_trains_1_units26.json","Cost of next node: Cost = 2,067.1 : 2,108.46 | cr=14, dd=31, da=11, tlv=8, sm=66, rd=120.00, cd=0, um=0","Time elapsed: 10.82 seconds","/home/thomasverwaal/Robust-Rail-NL/mathematical-models/local_search_plans_discreet_120/plan_33_trains_1_units26.json"
"/home/thomasverwaal/Robust-Rail-NL/mathematical-models/scenarios_solver_types_120/scenario_solver_33_trains_1_units26.json","Cost of next node: Cost = 1,968.1 : 2,009.47 | cr=14, dd=29, da=11, tlv=8, sm=66, rd=122.73, cd=0, um=0","Time elapsed: 10.90 seconds","/home/thomasverwaal/Robust-Rail-NL/mathematical-models/local_search_plans_discreet_120/plan_33_trains_1_units26.json"
"/home/thomasverwaal/Robust-Rail-NL/mathematical-models/scenarios_solver_types_120/scenario_solver_33_trains_1_units26.json","Cost of next node: Cost = 1,917.9 : 1,959.20 | cr=14, dd=28, da=11, tlv=8, sm=66, rd=122.73, cd=0, um=0","Time elapsed: 11.03 seconds","/home/thomasverwaal/Robust-Rail-NL/mathematical-models/local_search_plans_discreet_120/plan_33_trains_1_units26.json"
"/home/thomasverwaal/Robust-Rail-NL/mathematical-models/scenarios_solver_types_120/scenario_solver_33_trains_1_units26.json","Cost of next node: Cost = 1,868.0 : 1,909.34 | cr=14, dd=27, da=11, tlv=8, sm=66, rd=122.73, cd=0, um=0","Time elapsed: 11.18 seconds","/home/thomasverwaal/Robust-Rail-NL/mathematical-models/local_search_plans_discreet_120/plan_33_trains_1_units26.json"
"/home/thomasverwaal/Robust-Rail-NL/mathematical-models/scenarios_solver_types_120/scenario_solver_33_trains_1_units26.json","Cost of next node: Cost = 1,818.4 : 1,859.70 | cr=14, dd=26, da=11, tlv=8, sm=66, rd=122.73, cd=0, um=0","Time elapsed: 11.30 seconds","/home/thomasverwaal/Robust-Rail-NL/mathematical-models/local_search_plans_discreet_120/plan_33_trains_1_units26.json"
"/home/thomasverwaal/Robust-Rail-NL/mathematical-models/scenarios_solver_types_120/scenario_solver_33_trains_1_units26.json","Cost of next node: Cost = 1,757.7 : 1,799.06 | cr=13, dd=25, da=11, tlv=8, sm=66, rd=122.73, cd=0, um=0","Time elapsed: 11.41 seconds","/home/thomasverwaal/Robust-Rail-NL/mathematical-models/local_search_plans_discreet_120/plan_33_trains_1_units26.json"
"/home/thomasverwaal/Robust-Rail-NL/mathematical-models/scenarios_solver_types_120/scenario_solver_33_trains_1_units26.json","Cost of next node: Cost = 1,708.5 : 1,749.81 | cr=13, dd=24, da=11, tlv=8, sm=66, rd=122.73, cd=0, um=0","Time elapsed: 11.59 seconds","/home/thomasverwaal/Robust-Rail-NL/mathematical-models/local_search_plans_discreet_120/plan_33_trains_1_units26.json"
"/home/thomasverwaal/Robust-Rail-NL/mathematical-models/scenarios_solver_types_120/scenario_solver_33_trains_1_units26.json","Cost of next node: Cost = 1,668.9 : 1,710.25 | cr=14, dd=23, da=11, tlv=8, sm=66, rd=122.73, cd=0, um=0","Time elapsed: 11.82 seconds","/home/thomasverwaal/Robust-Rail-NL/mathematical-models/local_search_plans_discreet_120/plan_33_trains_1_units26.json"
"/home/thomasverwaal/Robust-Rail-NL/mathematical-models/scenarios_solver_types_120/scenario_solver_33_trains_1_units26.json","Cost of next node: Cost = 1,628.6 : 1,669.94 | cr=15, dd=22, da=11, tlv=8, sm=66, rd=122.73, cd=0, um=0","Time elapsed: 11.92 seconds","/home/thomasverwaal/Robust-Rail-NL/mathematical-models/local_search_plans_discreet_120/plan_33_trains_1_units26.json"
"/home/thomasverwaal/Robust-Rail-NL/mathematical-models/scenarios_solver_types_120/scenario_solver_33_trains_1_units26.json","Cost of next node: Cost = 1,473.5 : 1,514.82 | cr=16, dd=18, da=13, tlv=8, sm=66, rd=124.55, cd=0, um=0","Time elapsed: 12.03 seconds","/home/thomasverwaal/Robust-Rail-NL/mathematical-models/local_search_plans_discreet_120/plan_33_trains_1_units26.json"
"/home/thomasverwaal/Robust-Rail-NL/mathematical-models/scenarios_solver_types_120/scenario_solver_33_trains_1_units26.json","Cost of next node: Cost = 1,440.9 : 1,482.23 | cr=15, dd=18, da=12, tlv=8, sm=66, rd=123.64, cd=0, um=0","Time elapsed: 12.38 seconds","/home/thomasverwaal/Robust-Rail-NL/mathematical-models/local_search_plans_discreet_120/plan_33_trains_1_units26.json"
"/home/thomasverwaal/Robust-Rail-NL/mathematical-models/scenarios_solver_types_120/scenario_solver_33_trains_1_units26.json","Cost of next node: Cost = 1,320.2 : 1,366.53 | cr=14, dd=16, da=11, tlv=9, sm=66, rd=118.18, cd=0, um=0","Time elapsed: 12.62 seconds","/home/thomasverwaal/Robust-Rail-NL/mathematical-models/local_search_plans_discreet_120/plan_33_trains_1_units26.json"
"/home/thomasverwaal/Robust-Rail-NL/mathematical-models/scenarios_solver_types_120/scenario_solver_33_trains_1_units26.json","Cost of next node: Cost = 1,278.0 : 1,324.35 | cr=15, dd=15, da=11, tlv=9, sm=66, rd=118.18, cd=0, um=0","Time elapsed: 12.68 seconds","/home/thomasverwaal/Robust-Rail-NL/mathematical-models/local_search_plans_discreet_120/plan_33_trains_1_units26.json"
"/home/thomasverwaal/Robust-Rail-NL/mathematical-models/scenarios_solver_types_120/scenario_solver_33_trains_1_units26.json","Cost of next node: Cost = 1,049.5 : 1,100.86 | cr=14, dd=12, da=7, tlv=10, sm=66, rd=110.91, cd=0, um=0","Time elapsed: 13.12 seconds","/home/thomasverwaal/Robust-Rail-NL/mathematical-models/local_search_plans_discreet_120/plan_33_trains_1_units26.json"
"/home/thomasverwaal/Robust-Rail-NL/mathematical-models/scenarios_solver_types_120/scenario_solver_33_trains_1_units26.json","Cost of next node: Cost = 992.6 : 1,048.91 | cr=14, dd=11, da=6, tlv=11, sm=66, rd=107.27, cd=0, um=0","Time elapsed: 13.42 seconds","/home/thomasverwaal/Robust-Rail-NL/mathematical-models/local_search_plans_discreet_120/plan_33_trains_1_units26.json"
"/home/thomasverwaal/Robust-Rail-NL/mathematical-models/scenarios_solver_types_120/scenario_solver_33_trains_1_units26.json","Cost of next node: Cost = 942.9 : 1,004.19 | cr=15, dd=10, da=5, tlv=12, sm=66, rd=102.73, cd=0, um=0","Time elapsed: 13.53 seconds","/home/thomasverwaal/Robust-Rail-NL/mathematical-models/local_search_plans_discreet_120/plan_33_trains_1_units26.json"
"/home/thomasverwaal/Robust-Rail-NL/mathematical-models/scenarios_solver_types_120/scenario_solver_33_trains_1_units26.json","Cost of next node: Cost = 827.9 : 894.23 | cr=14, dd=8, da=4, tlv=13, sm=66, rd=99.09, cd=0, um=0","Time elapsed: 14.02 seconds","/home/thomasverwaal/Robust-Rail-NL/mathematical-models/local_search_plans_discreet_120/plan_33_trains_1_units26.json"
"/home/thomasverwaal/Robust-Rail-NL/mathematical-models/scenarios_solver_types_120/scenario_solver_33_trains_1_units26.json","Cost of next node: Cost = 658.4 : 729.72 | cr=15, dd=5, da=2, tlv=14, sm=66, rd=91.82, cd=0, um=0","Time elapsed: 14.37 seconds","/home/thomasverwaal/Robust-Rail-NL/mathematical-models/local_search_plans_discreet_120/plan_33_trains_1_units26.json"
"/home/thomasverwaal/Robust-Rail-NL/mathematical-models/scenarios_solver_types_120/scenario_solver_33_trains_1_units26.json","Cost of next node: Cost = 628.4 : 699.72 | cr=12, dd=5, da=2, tlv=14, sm=66, rd=91.82, cd=0, um=0","Time elapsed: 14.58 seconds","/home/thomasverwaal/Robust-Rail-NL/mathematical-models/local_search_plans_discreet_120/plan_33_trains_1_units26.json"
"/home/thomasverwaal/Robust-Rail-NL/mathematical-models/scenarios_solver_types_120/scenario_solver_33_trains_1_units26.json","Cost of next node: Cost = 577.8 : 649.12 | cr=12, dd=4, da=2, tlv=14, sm=66, rd=90.91, cd=0, um=0","Time elapsed: 14.86 seconds","/home/thomasverwaal/Robust-Rail-NL/mathematical-models/local_search_plans_discreet_120/plan_33_trains_1_units26.json"
"/home/thomasverwaal/Robust-Rail-NL/mathematical-models/scenarios_solver_types_120/scenario_solver_33_trains_1_units26.json","Cost of next node: Cost = 509.5 : 575.84 | cr=13, dd=2, da=4, tlv=13, sm=66, rd=89.09, cd=0, um=0","Time elapsed: 15.18 seconds","/home/thomasverwaal/Robust-Rail-NL/mathematical-models/local_search_plans_discreet_120/plan_33_trains_1_units26.json"
"/home/thomasverwaal/Robust-Rail-NL/mathematical-models/scenarios_solver_types_120/scenario_solver_33_trains_1_units26.json","Cost of next node: Cost = 464.0 : 535.34 | cr=12, dd=1, da=4, tlv=14, sm=66, rd=87.27, cd=0, um=0","Time elapsed: 15.57 seconds","/home/thomasverwaal/Robust-Rail-NL/mathematical-models/local_search_plans_discreet_120/plan_33_trains_1_units26.json"
"/home/thomasverwaal/Robust-Rail-NL/mathematical-models/scenarios_solver_types_120/scenario_solver_33_trains_1_units26.json","Cost of next node: Cost = 444.0 : 515.34 | cr=10, dd=1, da=4, tlv=14, sm=66, rd=87.27, cd=0, um=0","Time elapsed: 20.87 seconds","/home/thomasverwaal/Robust-Rail-NL/mathematical-models/local_search_plans_discreet_120/plan_33_trains_1_units26.json"
"/home/thomasverwaal/Robust-Rail-NL/mathematical-models/scenarios_solver_types_120/scenario_solver_33_trains_1_units26.json","Cost of next node: Cost = 433.7 : 504.98 | cr=9, dd=1, da=4, tlv=14, sm=66, rd=85.45, cd=0, um=0","Time elapsed: 26.14 seconds","/home/thomasverwaal/Robust-Rail-NL/mathematical-models/local_search_plans_discreet_120/plan_33_trains_1_units26.json"
"/home/thomasverwaal/Robust-Rail-NL/mathematical-models/scenarios_solver_types_120/scenario_solver_33_trains_1_units26.json","Cost of next node: Cost = 419.0 : 485.36 | cr=9, dd=1, da=4, tlv=13, sm=67, rd=85.97, cd=0, um=0","Time elapsed: 31.21 seconds","/home/thomasverwaal/Robust-Rail-NL/mathematical-models/local_search_plans_discreet_120/plan_33_trains_1_units26.json"
"/home/thomasverwaal/Robust-Rail-NL/mathematical-models/scenarios_solver_types_120/scenario_solver_33_trains_1_units26.json","Cost of next node: Cost = 409.0 : 475.36 | cr=8, dd=1, da=4, tlv=13, sm=67, rd=85.97, cd=0, um=0","Time elapsed: 36.45 seconds","/home/thomasverwaal/Robust-Rail-NL/mathematical-models/local_search_plans_discreet_120/plan_33_trains_1_units26.json"
"/home/thomasverwaal/Robust-Rail-NL/mathematical-models/scenarios_solver_types_120/scenario_solver_33_trains_1_units26.json","Cost of next node: Cost = 362.7 : 434.04 | cr=9, dd=0, da=3, tlv=14, sm=67, rd=82.39, cd=0, um=0","Time elapsed: 36.64 seconds","/home/thomasverwaal/Robust-Rail-NL/mathematical-models/local_search_plans_discreet_120/plan_33_trains_1_units26.json"
"/home/thomasverwaal/Robust-Rail-NL/mathematical-models/scenarios_solver_types_120/scenario_solver_33_trains_1_units26.json","Cost of next node: Cost = 347.7 : 414.06 | cr=9, dd=0, da=3, tlv=13, sm=68, rd=82.94, cd=0, um=0","Time elapsed: 41.80 seconds","/home/thomasverwaal/Robust-Rail-NL/mathematical-models/local_search_plans_discreet_120/plan_33_trains_1_units26.json"
"/home/thomasverwaal/Robust-Rail-NL/mathematical-models/scenarios_solver_types_120/scenario_solver_33_trains_1_units26.json","Cost of next node: Cost = 337.7 : 404.06 | cr=8, dd=0, da=3, tlv=13, sm=68, rd=82.94, cd=0, um=0","Time elapsed: 46.22 seconds","/home/thomasverwaal/Robust-Rail-NL/mathematical-models/local_search_plans_discreet_120/plan_33_trains_1_units26.json"
"/home/thomasverwaal/Robust-Rail-NL/mathematical-models/scenarios_solver_types_120/scenario_solver_33_trains_1_units26.json","Cost of next node: Cost = 327.7 : 394.06 | cr=7, dd=0, da=3, tlv=13, sm=68, rd=82.94, cd=0, um=0","Time elapsed: 49.78 seconds","/home/thomasverwaal/Robust-Rail-NL/mathematical-models/local_search_plans_discreet_120/plan_33_trains_1_units26.json"
"/home/thomasverwaal/Robust-Rail-NL/mathematical-models/scenarios_solver_types_120/scenario_solver_33_trains_1_units26.json","Cost of next node: Cost = 317.7 : 384.06 | cr=6, dd=0, da=3, tlv=13, sm=68, rd=86.47, cd=0, um=0","Time elapsed: 53.69 seconds","/home/thomasverwaal/Robust-Rail-NL/mathematical-models/local_search_plans_discreet_120/plan_33_trains_1_units26.json"
"/home/thomasverwaal/Robust-Rail-NL/mathematical-models/scenarios_solver_types_120/scenario_solver_33_trains_1_units26.json","Cost of next node: Cost = 307.7 : 374.06 | cr=5, dd=0, da=3, tlv=13, sm=68, rd=86.47, cd=0, um=0","Time elapsed: 56.87 seconds","/home/thomasverwaal/Robust-Rail-NL/mathematical-models/local_search_plans_discreet_120/plan_33_trains_1_units26.json"
"/home/thomasverwaal/Robust-Rail-NL/mathematical-models/scenarios_solver_types_120/scenario_solver_33_trains_1_units26.json","Cost of next node: Cost = 297.7 : 364.06 | cr=4, dd=0, da=3, tlv=13, sm=68, rd=86.47, cd=0, um=0","Time elapsed: 59.35 seconds","/home/thomasverwaal/Robust-Rail-NL/mathematical-models/local_search_plans_discreet_120/plan_33_trains_1_units26.json"
"/home/thomasverwaal/Robust-Rail-NL/mathematical-models/scenarios_solver_types_120/scenario_solver_33_trains_1_units26.json","Cost of next node: Cost = 297.2 : 363.61 | cr=4, dd=0, da=3, tlv=13, sm=68, rd=86.47, cd=0, um=0","Time elapsed: 61.33 seconds","/home/thomasverwaal/Robust-Rail-NL/mathematical-models/local_search_plans_discreet_120/plan_33_trains_1_units26.json"
"/home/thomasverwaal/Robust-Rail-NL/mathematical-models/scenarios_solver_types_120/scenario_solver_33_trains_1_units26.json","Cost of next node: Cost = 287.2 : 353.61 | cr=3, dd=0, da=3, tlv=13, sm=68, rd=86.47, cd=0, um=0","Time elapsed: 63.30 seconds","/home/thomasverwaal/Robust-Rail-NL/mathematical-models/local_search_plans_discreet_120/plan_33_trains_1_units26.json"
"/home/thomasverwaal/Robust-Rail-NL/mathematical-models/scenarios_solver_types_120/scenario_solver_33_trains_1_units26.json","Cost of next node: Cost = 260.9 : 332.26 | cr=3, dd=0, da=1, tlv=14, sm=68, rd=82.94, cd=0, um=0","Time elapsed: 67.13 seconds","/home/thomasverwaal/Robust-Rail-NL/mathematical-models/local_search_plans_discreet_120/plan_33_trains_1_units26.json"
"/home/thomasverwaal/Robust-Rail-NL/mathematical-models/scenarios_solver_types_120/scenario_solver_33_trains_1_units26.json","Cost of next node: Cost = 250.9 : 322.26 | cr=2, dd=0, da=1, tlv=14, sm=68, rd=81.18, cd=0, um=0","Time elapsed: 69.20 seconds","/home/thomasverwaal/Robust-Rail-NL/mathematical-models/local_search_plans_discreet_120/plan_33_trains_1_units26.json"
"/home/thomasverwaal/Robust-Rail-NL/mathematical-models/scenarios_solver_types_120/scenario_solver_33_trains_1_units26.json","Cost of next node: Cost = 245.0 : 321.36 | cr=2, dd=0, da=0, tlv=15, sm=68, rd=79.41, cd=0, um=0","Time elapsed: 72.78 seconds","/home/thomasverwaal/Robust-Rail-NL/mathematical-models/local_search_plans_discreet_120/plan_33_trains_1_units26.json"
"/home/thomasverwaal/Robust-Rail-NL/mathematical-models/scenarios_solver_types_120/scenario_solver_33_trains_1_units26.json","Cost of next node: Cost = 230.0 : 301.38 | cr=2, dd=0, da=0, tlv=14, sm=69, rd=80.00, cd=0, um=0","Time elapsed: 74.73 seconds","/home/thomasverwaal/Robust-Rail-NL/mathematical-models/local_search_plans_discreet_120/plan_33_trains_1_units26.json"
"/home/thomasverwaal/Robust-Rail-NL/mathematical-models/scenarios_solver_types_120/scenario_solver_33_trains_1_units26.json","Cost of next node: Cost = 225.0 : 291.40 | cr=3, dd=0, da=0, tlv=13, sm=70, rd=89.14, cd=0, um=0","Time elapsed: 169.97 seconds","/home/thomasverwaal/Robust-Rail-NL/mathematical-models/local_search_plans_discreet_120/plan_33_trains_1_units26.json"
"/home/thomasverwaal/Robust-Rail-NL/mathematical-models/scenarios_solver_types_120/scenario_solver_33_trains_1_units26.json","Cost of next node: Cost = 215.0 : 281.40 | cr=2, dd=0, da=0, tlv=13, sm=70, rd=89.14, cd=0, um=0","Time elapsed: 171.19 seconds","/home/thomasverwaal/Robust-Rail-NL/mathematical-models/local_search_plans_discreet_120/plan_33_trains_1_units26.json"
"/home/thomasverwaal/Robust-Rail-NL/mathematical-models/scenarios_solver_types_120/scenario_solver_33_trains_1_units26.json","Cost of next node: Cost = 205.0 : 271.40 | cr=1, dd=0, da=0, tlv=13, sm=70, rd=87.43, cd=0, um=0","Time elapsed: 188.26 seconds","/home/thomasverwaal/Robust-Rail-NL/mathematical-models/local_search_plans_discreet_120/plan_33_trains_1_units26.json"
"/home/thomasverwaal/Robust-Rail-NL/mathematical-models/scenarios_solver_types_120/scenario_solver_33_trains_1_units26.json","Cost of next node: Cost = 195.0 : 261.40 | cr=0, dd=0, da=0, tlv=13, sm=70, rd=87.43, cd=0, um=0","Time elapsed: 194.19 seconds","/home/thomasverwaal/Robust-Rail-NL/mathematical-models/local_search_plans_discreet_120/plan_33_trains_1_units26.json"
"/home/thomasverwaal/Robust-Rail-NL/mathematical-models/scenarios_solver_types_120/scenario_solver_33_trains_1_units26.json","NO_COST_FOUND","NO_TIME_FOUND","NO_PLAN_CREATED"
"/home/thomasverwaal/Robust-Rail-NL/mathematical-models/scenarios_solver_types_120/scenario_solver_33_trains_1_units27.json","Cost of next node: Cost = 2,816.7 : 2,818.00 | cr=41, dd=33, da=31, tlv=0, sm=66, rd=178.18, cd=0, um=0","Time elapsed: 4.41 seconds","/home/thomasverwaal/Robust-Rail-NL/mathematical-models/local_search_plans_discreet_120/plan_33_trains_1_units27.json"
"/home/thomasverwaal/Robust-Rail-NL/mathematical-models/scenarios_solver_types_120/scenario_solver_33_trains_1_units27.json","Cost of next node: Cost = 2,789.4 : 2,790.68 | cr=39, dd=33, da=31, tlv=0, sm=66, rd=176.36, cd=0, um=0","Time elapsed: 4.55 seconds","/home/thomasverwaal/Robust-Rail-NL/mathematical-models/local_search_plans_discreet_120/plan_33_trains_1_units27.json"
"/home/thomasverwaal/Robust-Rail-NL/mathematical-models/scenarios_solver_types_120/scenario_solver_33_trains_1_units27.json","Cost of next node: Cost = 2,768.9 : 2,770.24 | cr=37, dd=33, da=31, tlv=0, sm=66, rd=176.36, cd=0, um=0","Time elapsed: 4.83 seconds","/home/thomasverwaal/Robust-Rail-NL/mathematical-models/local_search_plans_discreet_120/plan_33_trains_1_units27.json"
"/home/thomasverwaal/Robust-Rail-NL/mathematical-models/scenarios_solver_types_120/scenario_solver_33_trains_1_units27.json","Cost of next node: Cost = 2,748.2 : 2,749.53 | cr=35, dd=33, da=31, tlv=0, sm=66, rd=176.36, cd=0, um=0","Time elapsed: 5.15 seconds","/home/thomasverwaal/Robust-Rail-NL/mathematical-models/local_search_plans_discreet_120/plan_33_trains_1_units27.json"
"/home/thomasverwaal/Robust-Rail-NL/mathematical-models/scenarios_solver_types_120/scenario_solver_33_trains_1_units27.json","Cost of next node: Cost = 2,715.4 : 2,716.76 | cr=36, dd=33, da=30, tlv=0, sm=66, rd=171.82, cd=0, um=0","Time elapsed: 5.48 seconds","/home/thomasverwaal/Robust-Rail-NL/mathematical-models/local_search_plans_discreet_120/plan_33_trains_1_units27.json"
"/home/thomasverwaal/Robust-Rail-NL/mathematical-models/scenarios_solver_types_120/scenario_solver_33_trains_1_units27.json","Cost of next node: Cost = 2,686.8 : 2,693.12 | cr=33, dd=33, da=29, tlv=1, sm=66, rd=174.55, cd=0, um=0","Time elapsed: 5.79 seconds","/home/thomasverwaal/Robust-Rail-NL/mathematical-models/local_search_plans_discreet_120/plan_33_trains_1_units27.json"
"/home/thomasverwaal/Robust-Rail-NL/mathematical-models/scenarios_solver_types_120/scenario_solver_33_trains_1_units27.json","Cost of next node: Cost = 2,594.1 : 2,595.39 | cr=37, dd=33, da=24, tlv=0, sm=66, rd=167.27, cd=0, um=0","Time elapsed: 6.04 seconds","/home/thomasverwaal/Robust-Rail-NL/mathematical-models/local_search_plans_discreet_120/plan_33_trains_1_units27.json"
"/home/thomasverwaal/Robust-Rail-NL/mathematical-models/scenarios_solver_types_120/scenario_solver_33_trains_1_units27.json","Cost of next node: Cost = 2,503.6 : 2,509.91 | cr=34, dd=33, da=20, tlv=1, sm=66, rd=164.55, cd=0, um=0","Time elapsed: 6.30 seconds","/home/thomasverwaal/Robust-Rail-NL/mathematical-models/local_search_plans_discreet_120/plan_33_trains_1_units27.json"
"/home/thomasverwaal/Robust-Rail-NL/mathematical-models/scenarios_solver_types_120/scenario_solver_33_trains_1_units27.json","Cost of next node: Cost = 2,483.2 : 2,489.56 | cr=32, dd=33, da=20, tlv=1, sm=66, rd=164.55, cd=0, um=0","Time elapsed: 6.37 seconds","/home/thomasverwaal/Robust-Rail-NL/mathematical-models/local_search_plans_discreet_120/plan_33_trains_1_units27.json"
"/home/thomasverwaal/Robust-Rail-NL/mathematical-models/scenarios_solver_types_120/scenario_solver_33_trains_1_units27.json","Cost of next node: Cost = 2,446.0 : 2,457.29 | cr=35, dd=33, da=16, tlv=2, sm=66, rd=160.00, cd=0, um=0","Time elapsed: 6.65 seconds","/home/thomasverwaal/Robust-Rail-NL/mathematical-models/local_search_plans_discreet_120/plan_33_trains_1_units27.json"
"/home/thomasverwaal/Robust-Rail-NL/mathematical-models/scenarios_solver_types_120/scenario_solver_33_trains_1_units27.json","Cost of next node: Cost = 2,400.6 : 2,416.89 | cr=35, dd=33, da=13, tlv=3, sm=66, rd=156.36, cd=0, um=0","Time elapsed: 6.93 seconds","/home/thomasverwaal/Robust-Rail-NL/mathematical-models/local_search_plans_discreet_120/plan_33_trains_1_units27.json"
"/home/thomasverwaal/Robust-Rail-NL/mathematical-models/scenarios_solver_types_120/scenario_solver_33_trains_1_units27.json","Cost of next node: Cost = 2,370.1 : 2,391.39 | cr=34, dd=33, da=12, tlv=4, sm=66, rd=149.09, cd=0, um=0","Time elapsed: 7.50 seconds","/home/thomasverwaal/Robust-Rail-NL/mathematical-models/local_search_plans_discreet_120/plan_33_trains_1_units27.json"
"/home/thomasverwaal/Robust-Rail-NL/mathematical-models/scenarios_solver_types_120/scenario_solver_33_trains_1_units27.json","Cost of next node: Cost = 2,350.0 : 2,371.31 | cr=34, dd=33, da=11, tlv=4, sm=66, rd=147.27, cd=0, um=0","Time elapsed: 8.31 seconds","/home/thomasverwaal/Robust-Rail-NL/mathematical-models/local_search_plans_discreet_120/plan_33_trains_1_units27.json"
"/home/thomasverwaal/Robust-Rail-NL/mathematical-models/scenarios_solver_types_120/scenario_solver_33_trains_1_units27.json","Cost of next node: Cost = 2,328.4 : 2,354.75 | cr=29, dd=33, da=11, tlv=5, sm=66, rd=150.91, cd=0, um=0","Time elapsed: 8.50 seconds","/home/thomasverwaal/Robust-Rail-NL/mathematical-models/local_search_plans_discreet_120/plan_33_trains_1_units27.json"
"/home/thomasverwaal/Robust-Rail-NL/mathematical-models/scenarios_solver_types_120/scenario_solver_33_trains_1_units27.json","Cost of next node: Cost = 2,293.4 : 2,324.75 | cr=24, dd=33, da=11, tlv=6, sm=66, rd=150.91, cd=0, um=0","Time elapsed: 8.85 seconds","/home/thomasverwaal/Robust-Rail-NL/mathematical-models/local_search_plans_discreet_120/plan_33_trains_1_units27.json"
"/home/thomasverwaal/Robust-Rail-NL/mathematical-models/scenarios_solver_types_120/scenario_solver_33_trains_1_units27.json","Cost of next node: Cost = 2,272.6 : 2,303.96 | cr=22, dd=33, da=11, tlv=6, sm=66, rd=150.91, cd=0, um=0","Time elapsed: 9.02 seconds","/home/thomasverwaal/Robust-Rail-NL/mathematical-models/local_search_plans_discreet_120/plan_33_trains_1_units27.json"
"/home/thomasverwaal/Robust-Rail-NL/mathematical-models/scenarios_solver_types_120/scenario_solver_33_trains_1_units27.json","Cost of next node: Cost = 2,243.0 : 2,279.34 | cr=20, dd=33, da=11, tlv=7, sm=66, rd=140.91, cd=0, um=0","Time elapsed: 9.38 seconds","/home/thomasverwaal/Robust-Rail-NL/mathematical-models/local_search_plans_discreet_120/plan_33_trains_1_units27.json"
"/home/thomasverwaal/Robust-Rail-NL/mathematical-models/scenarios_solver_types_120/scenario_solver_33_trains_1_units27.json","Cost of next node: Cost = 2,220.7 : 2,262.06 | cr=16, dd=33, da=11, tlv=8, sm=66, rd=142.73, cd=0, um=0","Time elapsed: 9.83 seconds","/home/thomasverwaal/Robust-Rail-NL/mathematical-models/local_search_plans_discreet_120/plan_33_trains_1_units27.json"
"/home/thomasverwaal/Robust-Rail-NL/mathematical-models/scenarios_solver_types_120/scenario_solver_33_trains_1_units27.json","Cost of next node: Cost = 2,185.0 : 2,226.35 | cr=14, dd=33, da=11, tlv=8, sm=66, rd=136.36, cd=0, um=0","Time elapsed: 10.32 seconds","/home/thomasverwaal/Robust-Rail-NL/mathematical-models/local_search_plans_discreet_120/plan_33_trains_1_units27.json"
"/home/thomasverwaal/Robust-Rail-NL/mathematical-models/scenarios_solver_types_120/scenario_solver_33_trains_1_units27.json","Cost of next node: Cost = 1,970.9 : 2,012.27 | cr=17, dd=29, da=10, tlv=8, sm=66, rd=129.09, cd=0, um=0","Time elapsed: 10.70 seconds","/home/thomasverwaal/Robust-Rail-NL/mathematical-models/local_search_plans_discreet_120/plan_33_trains_1_units27.json"
"/home/thomasverwaal/Robust-Rail-NL/mathematical-models/scenarios_solver_types_120/scenario_solver_33_trains_1_units27.json","Cost of next node: Cost = 1,870.4 : 1,911.76 | cr=17, dd=27, da=10, tlv=8, sm=66, rd=128.18, cd=0, um=0","Time elapsed: 10.82 seconds","/home/thomasverwaal/Robust-Rail-NL/mathematical-models/local_search_plans_discreet_120/plan_33_trains_1_units27.json"
"/home/thomasverwaal/Robust-Rail-NL/mathematical-models/scenarios_solver_types_120/scenario_solver_33_trains_1_units27.json","Cost of next node: Cost = 1,831.0 : 1,872.31 | cr=18, dd=26, da=10, tlv=8, sm=66, rd=128.18, cd=0, um=0","Time elapsed: 10.96 seconds","/home/thomasverwaal/Robust-Rail-NL/mathematical-models/local_search_plans_discreet_120/plan_33_trains_1_units27.json"
"/home/thomasverwaal/Robust-Rail-NL/mathematical-models/scenarios_solver_types_120/scenario_solver_33_trains_1_units27.json","Cost of next node: Cost = 1,725.9 : 1,767.19 | cr=18, dd=24, da=10, tlv=8, sm=66, rd=123.64, cd=0, um=0","Time elapsed: 11.07 seconds","/home/thomasverwaal/Robust-Rail-NL/mathematical-models/local_search_plans_discreet_120/plan_33_trains_1_units27.json"
"/home/thomasverwaal/Robust-Rail-NL/mathematical-models/scenarios_solver_types_120/scenario_solver_33_trains_1_units27.json","Cost of next node: Cost = 1,697.4 : 1,743.77 | cr=24, dd=22, da=10, tlv=9, sm=66, rd=121.82, cd=0, um=0","Time elapsed: 11.31 seconds","/home/thomasverwaal/Robust-Rail-NL/mathematical-models/local_search_plans_discreet_120/plan_33_trains_1_units27.json"
"/home/thomasverwaal/Robust-Rail-NL/mathematical-models/scenarios_solver_types_120/scenario_solver_33_trains_1_units27.json","Cost of next node: Cost = 1,675.4 : 1,721.68 | cr=22, dd=22, da=10, tlv=9, sm=66, rd=120.00, cd=0, um=0","Time elapsed: 11.47 seconds","/home/thomasverwaal/Robust-Rail-NL/mathematical-models/local_search_plans_discreet_120/plan_33_trains_1_units27.json"
"/home/thomasverwaal/Robust-Rail-NL/mathematical-models/scenarios_solver_types_120/scenario_solver_33_trains_1_units27.json","Cost of next node: Cost = 1,625.0 : 1,671.34 | cr=22, dd=21, da=10, tlv=9, sm=66, rd=120.00, cd=0, um=0","Time elapsed: 11.60 seconds","/home/thomasverwaal/Robust-Rail-NL/mathematical-models/local_search_plans_discreet_120/plan_33_trains_1_units27.json"
"/home/thomasverwaal/Robust-Rail-NL/mathematical-models/scenarios_solver_types_120/scenario_solver_33_trains_1_units27.json","Cost of next node: Cost = 1,570.9 : 1,622.18 | cr=22, dd=20, da=9, tlv=10, sm=66, rd=116.36, cd=0, um=0","Time elapsed: 11.86 seconds","/home/thomasverwaal/Robust-Rail-NL/mathematical-models/local_search_plans_discreet_120/plan_33_trains_1_units27.json"
"/home/thomasverwaal/Robust-Rail-NL/mathematical-models/scenarios_solver_types_120/scenario_solver_33_trains_1_units27.json","Cost of next node: Cost = 1,525.7 : 1,572.05 | cr=23, dd=18, da=12, tlv=9, sm=66, rd=120.00, cd=0, um=0","Time elapsed: 12.02 seconds","/home/thomasverwaal/Robust-Rail-NL/mathematical-models/local_search_plans_discreet_120/plan_33_trains_1_units27.json"
"/home/thomasverwaal/Robust-Rail-NL/mathematical-models/scenarios_solver_types_120/scenario_solver_33_trains_1_units27.json","Cost of next node: Cost = 1,486.0 : 1,532.31 | cr=24, dd=17, da=12, tlv=9, sm=66, rd=120.00, cd=0, um=0","Time elapsed: 12.14 seconds","/home/thomasverwaal/Robust-Rail-NL/mathematical-models/local_search_plans_discreet_120/plan_33_trains_1_units27.json"
"/home/thomasverwaal/Robust-Rail-NL/mathematical-models/scenarios_solver_types_120/scenario_solver_33_trains_1_units27.json","Cost of next node: Cost = 1,455.8 : 1,502.08 | cr=25, dd=17, da=10, tlv=9, sm=66, rd=118.18, cd=0, um=0","Time elapsed: 12.29 seconds","/home/thomasverwaal/Robust-Rail-NL/mathematical-models/local_search_plans_discreet_120/plan_33_trains_1_units27.json"
"/home/thomasverwaal/Robust-Rail-NL/mathematical-models/scenarios_solver_types_120/scenario_solver_33_trains_1_units27.json","Cost of next node: Cost = 1,432.1 : 1,478.42 | cr=23, dd=17, da=10, tlv=9, sm=66, rd=116.36, cd=0, um=0","Time elapsed: 12.48 seconds","/home/thomasverwaal/Robust-Rail-NL/mathematical-models/local_search_plans_discreet_120/plan_33_trains_1_units27.json"
"/home/thomasverwaal/Robust-Rail-NL/mathematical-models/scenarios_solver_types_120/scenario_solver_33_trains_1_units27.json","Cost of next node: Cost = 1,391.8 : 1,438.13 | cr=24, dd=16, da=10, tlv=9, sm=66, rd=116.36, cd=0, um=0","Time elapsed: 12.53 seconds","/home/thomasverwaal/Robust-Rail-NL/mathematical-models/local_search_plans_discreet_120/plan_33_trains_1_units27.json"
"/home/thomasverwaal/Robust-Rail-NL/mathematical-models/scenarios_solver_types_120/scenario_solver_33_trains_1_units27.json","Cost of next node: Cost = 1,302.5 : 1,348.85 | cr=25, dd=14, da=10, tlv=9, sm=66, rd=116.36, cd=0, um=0","Time elapsed: 12.65 seconds","/home/thomasverwaal/Robust-Rail-NL/mathematical-models/local_search_plans_discreet_120/plan_33_trains_1_units27.json"
"/home/thomasverwaal/Robust-Rail-NL/mathematical-models/scenarios_solver_types_120/scenario_solver_33_trains_1_units27.json","Cost of next node: Cost = 1,253.1 : 1,299.39 | cr=25, dd=13, da=10, tlv=9, sm=66, rd=116.36, cd=0, um=0","Time elapsed: 12.73 seconds","/home/thomasverwaal/Robust-Rail-NL/mathematical-models/local_search_plans_discreet_120/plan_33_trains_1_units27.json"
"/home/thomasverwaal/Robust-Rail-NL/mathematical-models/scenarios_solver_types_120/scenario_solver_33_trains_1_units27.json","Cost of next node: Cost = 1,228.1 : 1,269.39 | cr=24, dd=13, da=10, tlv=8, sm=66, rd=116.36, cd=0, um=0","Time elapsed: 12.99 seconds","/home/thomasverwaal/Robust-Rail-NL/mathematical-models/local_search_plans_discreet_120/plan_33_trains_1_units27.json"
"/home/thomasverwaal/Robust-Rail-NL/mathematical-models/scenarios_solver_types_120/scenario_solver_33_trains_1_units27.json","Cost of next node: Cost = 1,021.2 : 1,067.55 | cr=19, dd=10, da=9, tlv=9, sm=66, rd=112.73, cd=0, um=0","Time elapsed: 13.22 seconds","/home/thomasverwaal/Robust-Rail-NL/mathematical-models/local_search_plans_discreet_120/plan_33_trains_1_units27.json"
"/home/thomasverwaal/Robust-Rail-NL/mathematical-models/scenarios_solver_types_120/scenario_solver_33_trains_1_units27.json","Cost of next node: Cost = 990.3 : 1,036.62 | cr=23, dd=9, da=8, tlv=9, sm=66, rd=112.73, cd=0, um=0","Time elapsed: 13.32 seconds","/home/thomasverwaal/Robust-Rail-NL/mathematical-models/local_search_plans_discreet_120/plan_33_trains_1_units27.json"
"/home/thomasverwaal/Robust-Rail-NL/mathematical-models/scenarios_solver_types_120/scenario_solver_33_trains_1_units27.json","Cost of next node: Cost = 965.5 : 1,016.85 | cr=21, dd=9, da=7, tlv=10, sm=66, rd=109.09, cd=0, um=0","Time elapsed: 13.70 seconds","/home/thomasverwaal/Robust-Rail-NL/mathematical-models/local_search_plans_discreet_120/plan_33_trains_1_units27.json"
"/home/thomasverwaal/Robust-Rail-NL/mathematical-models/scenarios_solver_types_120/scenario_solver_33_trains_1_units27.json","Cost of next node: Cost = 911.8 : 968.10 | cr=21, dd=8, da=6, tlv=11, sm=66, rd=105.45, cd=0, um=0","Time elapsed: 13.97 seconds","/home/thomasverwaal/Robust-Rail-NL/mathematical-models/local_search_plans_discreet_120/plan_33_trains_1_units27.json"
"/home/thomasverwaal/Robust-Rail-NL/mathematical-models/scenarios_solver_types_120/scenario_solver_33_trains_1_units27.json","Cost of next node: Cost = 686.9 : 748.22 | cr=20, dd=4, da=5, tlv=12, sm=66, rd=94.55, cd=0, um=0","Time elapsed: 14.28 seconds","/home/thomasverwaal/Robust-Rail-NL/mathematical-models/local_search_plans_discreet_120/plan_33_trains_1_units27.json"
"/home/thomasverwaal/Robust-Rail-NL/mathematical-models/scenarios_solver_types_120/scenario_solver_33_trains_1_units27.json","Cost of next node: Cost = 636.3 : 697.62 | cr=20, dd=3, da=5, tlv=12, sm=66, rd=94.55, cd=0, um=0","Time elapsed: 14.33 seconds","/home/thomasverwaal/Robust-Rail-NL/mathematical-models/local_search_plans_discreet_120/plan_33_trains_1_units27.json"
"/home/thomasverwaal/Robust-Rail-NL/mathematical-models/scenarios_solver_types_120/scenario_solver_33_trains_1_units27.json","Cost of next node: Cost = 585.9 : 647.20 | cr=17, dd=3, da=4, tlv=12, sm=66, rd=94.55, cd=0, um=0","Time elapsed: 14.47 seconds","/home/thomasverwaal/Robust-Rail-NL/mathematical-models/local_search_plans_discreet_120/plan_33_trains_1_units27.json"
"/home/thomasverwaal/Robust-Rail-NL/mathematical-models/scenarios_solver_types_120/scenario_solver_33_trains_1_units27.json","Cost of next node: Cost = 564.8 : 626.12 | cr=19, dd=3, da=2, tlv=12, sm=66, rd=92.73, cd=0, um=0","Time elapsed: 14.75 seconds","/home/thomasverwaal/Robust-Rail-NL/mathematical-models/local_search_plans_discreet_120/plan_33_trains_1_units27.json"
"/home/thomasverwaal/Robust-Rail-NL/mathematical-models/scenarios_solver_types_120/scenario_solver_33_trains_1_units27.json","Cost of next node: Cost = 528.8 : 595.12 | cr=19, dd=2, da=2, tlv=13, sm=66, rd=90.91, cd=0, um=0","Time elapsed: 15.00 seconds","/home/thomasverwaal/Robust-Rail-NL/mathematical-models/local_search_plans_discreet_120/plan_33_trains_1_units27.json"
"/home/thomasverwaal/Robust-Rail-NL/mathematical-models/scenarios_solver_types_120/scenario_solver_33_trains_1_units27.json","Cost of next node: Cost = 473.3 : 544.62 | cr=19, dd=1, da=1, tlv=14, sm=66, rd=87.27, cd=0, um=0","Time elapsed: 15.19 seconds","/home/thomasverwaal/Robust-Rail-NL/mathematical-models/local_search_plans_discreet_120/plan_33_trains_1_units27.json"
"/home/thomasverwaal/Robust-Rail-NL/mathematical-models/scenarios_solver_types_120/scenario_solver_33_trains_1_units27.json","Cost of next node: Cost = 431.5 : 502.82 | cr=17, dd=1, da=0, tlv=14, sm=66, rd=83.64, cd=0, um=0","Time elapsed: 15.44 seconds","/home/thomasverwaal/Robust-Rail-NL/mathematical-models/local_search_plans_discreet_120/plan_33_trains_1_units27.json"
"/home/thomasverwaal/Robust-Rail-NL/mathematical-models/scenarios_solver_types_120/scenario_solver_33_trains_1_units27.json","Cost of next node: Cost = 395.0 : 471.32 | cr=17, dd=0, da=0, tlv=15, sm=66, rd=81.82, cd=0, um=0","Time elapsed: 15.89 seconds","/home/thomasverwaal/Robust-Rail-NL/mathematical-models/local_search_plans_discreet_120/plan_33_trains_1_units27.json"
"/home/thomasverwaal/Robust-Rail-NL/mathematical-models/scenarios_solver_types_120/scenario_solver_33_trains_1_units27.json","Cost of next node: Cost = 375.0 : 451.34 | cr=15, dd=0, da=0, tlv=15, sm=67, rd=80.60, cd=0, um=0","Time elapsed: 19.54 seconds","/home/thomasverwaal/Robust-Rail-NL/mathematical-models/local_search_plans_discreet_120/plan_33_trains_1_units27.json"
"/home/thomasverwaal/Robust-Rail-NL/mathematical-models/scenarios_solver_types_120/scenario_solver_33_trains_1_units27.json","Cost of next node: Cost = 355.0 : 431.34 | cr=13, dd=0, da=0, tlv=15, sm=67, rd=80.60, cd=0, um=0","Time elapsed: 23.32 seconds","/home/thomasverwaal/Robust-Rail-NL/mathematical-models/local_search_plans_discreet_120/plan_33_trains_1_units27.json"
"/home/thomasverwaal/Robust-Rail-NL/mathematical-models/scenarios_solver_types_120/scenario_solver_33_trains_1_units27.json","Cost of next node: Cost = 340.0 : 411.34 | cr=13, dd=0, da=0, tlv=14, sm=67, rd=82.39, cd=0, um=0","Time elapsed: 26.87 seconds","/home/thomasverwaal/Robust-Rail-NL/mathematical-models/local_search_plans_discreet_120/plan_33_trains_1_units27.json"
"/home/thomasverwaal/Robust-Rail-NL/mathematical-models/scenarios_solver_types_120/scenario_solver_33_trains_1_units27.json","Cost of next node: Cost = 330.0 : 401.34 | cr=12, dd=0, da=0, tlv=14, sm=67, rd=84.18, cd=0, um=0","Time elapsed: 30.02 seconds","/home/thomasverwaal/Robust-Rail-NL/mathematical-models/local_search_plans_discreet_120/plan_33_trains_1_units27.json"
"/home/thomasverwaal/Robust-Rail-NL/mathematical-models/scenarios_solver_types_120/scenario_solver_33_trains_1_units27.json","Cost of next node: Cost = 320.0 : 391.34 | cr=11, dd=0, da=0, tlv=14, sm=67, rd=84.18, cd=0, um=0","Time elapsed: 32.76 seconds","/home/thomasverwaal/Robust-Rail-NL/mathematical-models/local_search_plans_discreet_120/plan_33_trains_1_units27.json"
"/home/thomasverwaal/Robust-Rail-NL/mathematical-models/scenarios_solver_types_120/scenario_solver_33_trains_1_units27.json","Cost of next node: Cost = 310.0 : 381.34 | cr=10, dd=0, da=0, tlv=14, sm=67, rd=84.18, cd=0, um=0","Time elapsed: 34.83 seconds","/home/thomasverwaal/Robust-Rail-NL/mathematical-models/local_search_plans_discreet_120/plan_33_trains_1_units27.json"
"/home/thomasverwaal/Robust-Rail-NL/mathematical-models/scenarios_solver_types_120/scenario_solver_33_trains_1_units27.json","Cost of next node: Cost = 300.0 : 371.34 | cr=9, dd=0, da=0, tlv=14, sm=67, rd=84.18, cd=0, um=0","Time elapsed: 36.61 seconds","/home/thomasverwaal/Robust-Rail-NL/mathematical-models/local_search_plans_discreet_120/plan_33_trains_1_units27.json"
"/home/thomasverwaal/Robust-Rail-NL/mathematical-models/scenarios_solver_types_120/scenario_solver_33_trains_1_units27.json","Cost of next node: Cost = 290.0 : 361.34 | cr=8, dd=0, da=0, tlv=14, sm=67, rd=84.18, cd=0, um=0","Time elapsed: 48.77 seconds","/home/thomasverwaal/Robust-Rail-NL/mathematical-models/local_search_plans_discreet_120/plan_33_trains_1_units27.json"
"/home/thomasverwaal/Robust-Rail-NL/mathematical-models/scenarios_solver_types_120/scenario_solver_33_trains_1_units27.json","Cost of next node: Cost = 270.0 : 341.34 | cr=6, dd=0, da=0, tlv=14, sm=67, rd=84.18, cd=0, um=0","Time elapsed: 50.91 seconds","/home/thomasverwaal/Robust-Rail-NL/mathematical-models/local_search_plans_discreet_120/plan_33_trains_1_units27.json"
"/home/thomasverwaal/Robust-Rail-NL/mathematical-models/scenarios_solver_types_120/scenario_solver_33_trains_1_units27.json","Cost of next node: Cost = 250.0 : 321.34 | cr=4, dd=0, da=0, tlv=14, sm=67, rd=85.97, cd=0, um=0","Time elapsed: 52.54 seconds","/home/thomasverwaal/Robust-Rail-NL/mathematical-models/local_search_plans_discreet_120/plan_33_trains_1_units27.json"
"/home/thomasverwaal/Robust-Rail-NL/mathematical-models/scenarios_solver_types_120/scenario_solver_33_trains_1_units27.json","Cost of next node: Cost = 245.0 : 321.34 | cr=2, dd=0, da=0, tlv=15, sm=67, rd=84.18, cd=0, um=0","Time elapsed: 115.94 seconds","/home/thomasverwaal/Robust-Rail-NL/mathematical-models/local_search_plans_discreet_120/plan_33_trains_1_units27.json"
"/home/thomasverwaal/Robust-Rail-NL/mathematical-models/scenarios_solver_types_120/scenario_solver_33_trains_1_units27.json","NO_COST_FOUND","NO_TIME_FOUND","NO_PLAN_CREATED"
