scenario,cost_line,time_line,plan_file
"/home/thomasverwaal/Robust-Rail-NL/mathematical-models/scenarios_solver_types_120/scenario_solver_31_trains_31_units23.json","Cost of next node: Cost = 2,804.1 : 2,810.31 | cr=50, dd=31, da=27, tlv=1, sm=62, rd=195.48, cd=0, um=0","Time elapsed: 1.74 seconds","/home/thomasverwaal/Robust-Rail-NL/mathematical-models/local_search_plans_discreet_120/plan_31_trains_31_units23.json"
"/home/thomasverwaal/Robust-Rail-NL/mathematical-models/scenarios_solver_types_120/scenario_solver_31_trains_31_units23.json","Cost of next node: Cost = 2,779.2 : 2,790.47 | cr=44, dd=31, da=27, tlv=2, sm=62, rd=203.23, cd=0, um=0","Time elapsed: 1.80 seconds","/home/thomasverwaal/Robust-Rail-NL/mathematical-models/local_search_plans_discreet_120/plan_31_trains_31_units23.json"
"/home/thomasverwaal/Robust-Rail-NL/mathematical-models/scenarios_solver_types_120/scenario_solver_31_trains_31_units23.json","Cost of next node: Cost = 2,757.8 : 2,774.06 | cr=42, dd=31, da=27, tlv=3, sm=62, rd=201.29, cd=0, um=0","Time elapsed: 1.85 seconds","/home/thomasverwaal/Robust-Rail-NL/mathematical-models/local_search_plans_discreet_120/plan_31_trains_31_units23.json"
"/home/thomasverwaal/Robust-Rail-NL/mathematical-models/scenarios_solver_types_120/scenario_solver_31_trains_31_units23.json","Cost of next node: Cost = 2,725.4 : 2,741.65 | cr=43, dd=31, da=26, tlv=3, sm=62, rd=194.52, cd=0, um=0","Time elapsed: 2.00 seconds","/home/thomasverwaal/Robust-Rail-NL/mathematical-models/local_search_plans_discreet_120/plan_31_trains_31_units23.json"
"/home/thomasverwaal/Robust-Rail-NL/mathematical-models/scenarios_solver_types_120/scenario_solver_31_trains_31_units23.json","Cost of next node: Cost = 2,686.6 : 2,707.82 | cr=44, dd=31, da=22, tlv=4, sm=62, rd=197.42, cd=0, um=0","Time elapsed: 2.08 seconds","/home/thomasverwaal/Robust-Rail-NL/mathematical-models/local_search_plans_discreet_120/plan_31_trains_31_units23.json"
"/home/thomasverwaal/Robust-Rail-NL/mathematical-models/scenarios_solver_types_120/scenario_solver_31_trains_31_units23.json","Cost of next node: Cost = 2,657.7 : 2,678.93 | cr=44, dd=31, da=22, tlv=4, sm=62, rd=181.94, cd=0, um=0","Time elapsed: 2.17 seconds","/home/thomasverwaal/Robust-Rail-NL/mathematical-models/local_search_plans_discreet_120/plan_31_trains_31_units23.json"
"/home/thomasverwaal/Robust-Rail-NL/mathematical-models/scenarios_solver_types_120/scenario_solver_31_trains_31_units23.json","Cost of next node: Cost = 2,572.1 : 2,598.35 | cr=37, dd=31, da=21, tlv=5, sm=62, rd=177.10, cd=0, um=0","Time elapsed: 2.23 seconds","/home/thomasverwaal/Robust-Rail-NL/mathematical-models/local_search_plans_discreet_120/plan_31_trains_31_units23.json"
"/home/thomasverwaal/Robust-Rail-NL/mathematical-models/scenarios_solver_types_120/scenario_solver_31_trains_31_units23.json","Cost of next node: Cost = 2,507.8 : 2,539.03 | cr=41, dd=31, da=16, tlv=6, sm=62, rd=169.35, cd=0, um=0","Time elapsed: 2.35 seconds","/home/thomasverwaal/Robust-Rail-NL/mathematical-models/local_search_plans_discreet_120/plan_31_trains_31_units23.json"
"/home/thomasverwaal/Robust-Rail-NL/mathematical-models/scenarios_solver_types_120/scenario_solver_31_trains_31_units23.json","Cost of next node: Cost = 2,441.0 : 2,477.26 | cr=33, dd=31, da=16, tlv=7, sm=62, rd=169.35, cd=0, um=0","Time elapsed: 2.42 seconds","/home/thomasverwaal/Robust-Rail-NL/mathematical-models/local_search_plans_discreet_120/plan_31_trains_31_units23.json"
"/home/thomasverwaal/Robust-Rail-NL/mathematical-models/scenarios_solver_types_120/scenario_solver_31_trains_31_units23.json","Cost of next node: Cost = 2,382.1 : 2,423.35 | cr=35, dd=31, da=11, tlv=8, sm=62, rd=169.35, cd=0, um=0","Time elapsed: 2.56 seconds","/home/thomasverwaal/Robust-Rail-NL/mathematical-models/local_search_plans_discreet_120/plan_31_trains_31_units23.json"
"/home/thomasverwaal/Robust-Rail-NL/mathematical-models/scenarios_solver_types_120/scenario_solver_31_trains_31_units23.json","Cost of next node: Cost = 2,354.5 : 2,395.74 | cr=33, dd=31, da=11, tlv=8, sm=62, rd=167.42, cd=0, um=0","Time elapsed: 2.71 seconds","/home/thomasverwaal/Robust-Rail-NL/mathematical-models/local_search_plans_discreet_120/plan_31_trains_31_units23.json"
"/home/thomasverwaal/Robust-Rail-NL/mathematical-models/scenarios_solver_types_120/scenario_solver_31_trains_31_units23.json","Cost of next node: Cost = 2,323.3 : 2,364.57 | cr=32, dd=31, da=10, tlv=8, sm=62, rd=162.58, cd=0, um=0","Time elapsed: 2.90 seconds","/home/thomasverwaal/Robust-Rail-NL/mathematical-models/local_search_plans_discreet_120/plan_31_trains_31_units23.json"
"/home/thomasverwaal/Robust-Rail-NL/mathematical-models/scenarios_solver_types_120/scenario_solver_31_trains_31_units23.json","Cost of next node: Cost = 2,302.7 : 2,343.96 | cr=28, dd=31, da=10, tlv=8, sm=62, rd=166.45, cd=0, um=0","Time elapsed: 3.24 seconds","/home/thomasverwaal/Robust-Rail-NL/mathematical-models/local_search_plans_discreet_120/plan_31_trains_31_units23.json"
"/home/thomasverwaal/Robust-Rail-NL/mathematical-models/scenarios_solver_types_120/scenario_solver_31_trains_31_units23.json","Cost of next node: Cost = 2,280.5 : 2,326.69 | cr=27, dd=31, da=10, tlv=9, sm=62, rd=156.77, cd=0, um=0","Time elapsed: 3.62 seconds","/home/thomasverwaal/Robust-Rail-NL/mathematical-models/local_search_plans_discreet_120/plan_31_trains_31_units23.json"
"/home/thomasverwaal/Robust-Rail-NL/mathematical-models/scenarios_solver_types_120/scenario_solver_31_trains_31_units23.json","Cost of next node: Cost = 2,257.3 : 2,308.53 | cr=21, dd=31, da=10, tlv=10, sm=62, rd=162.58, cd=0, um=0","Time elapsed: 3.99 seconds","/home/thomasverwaal/Robust-Rail-NL/mathematical-models/local_search_plans_discreet_120/plan_31_trains_31_units23.json"
"/home/thomasverwaal/Robust-Rail-NL/mathematical-models/scenarios_solver_types_120/scenario_solver_31_trains_31_units23.json","Cost of next node: Cost = 2,217.2 : 2,268.48 | cr=19, dd=31, da=9, tlv=10, sm=62, rd=160.65, cd=0, um=0","Time elapsed: 4.34 seconds","/home/thomasverwaal/Robust-Rail-NL/mathematical-models/local_search_plans_discreet_120/plan_31_trains_31_units23.json"
"/home/thomasverwaal/Robust-Rail-NL/mathematical-models/scenarios_solver_types_120/scenario_solver_31_trains_31_units23.json","Cost of next node: Cost = 2,194.8 : 2,246.04 | cr=17, dd=31, da=9, tlv=10, sm=62, rd=158.71, cd=0, um=0","Time elapsed: 4.64 seconds","/home/thomasverwaal/Robust-Rail-NL/mathematical-models/local_search_plans_discreet_120/plan_31_trains_31_units23.json"
"/home/thomasverwaal/Robust-Rail-NL/mathematical-models/scenarios_solver_types_120/scenario_solver_31_trains_31_units23.json","Cost of next node: Cost = 2,174.6 : 2,220.79 | cr=14, dd=31, da=9, tlv=9, sm=62, rd=172.26, cd=0, um=0","Time elapsed: 4.77 seconds","/home/thomasverwaal/Robust-Rail-NL/mathematical-models/local_search_plans_discreet_120/plan_31_trains_31_units23.json"
"/home/thomasverwaal/Robust-Rail-NL/mathematical-models/scenarios_solver_types_120/scenario_solver_31_trains_31_units23.json","Cost of next node: Cost = 2,141.7 : 2,187.89 | cr=15, dd=31, da=8, tlv=9, sm=62, rd=164.52, cd=0, um=0","Time elapsed: 4.95 seconds","/home/thomasverwaal/Robust-Rail-NL/mathematical-models/local_search_plans_discreet_120/plan_31_trains_31_units23.json"
"/home/thomasverwaal/Robust-Rail-NL/mathematical-models/scenarios_solver_types_120/scenario_solver_31_trains_31_units23.json","Cost of next node: Cost = 2,118.8 : 2,165.08 | cr=13, dd=31, da=8, tlv=9, sm=62, rd=162.58, cd=0, um=0","Time elapsed: 5.37 seconds","/home/thomasverwaal/Robust-Rail-NL/mathematical-models/local_search_plans_discreet_120/plan_31_trains_31_units23.json"
"/home/thomasverwaal/Robust-Rail-NL/mathematical-models/scenarios_solver_types_120/scenario_solver_31_trains_31_units23.json","Cost of next node: Cost = 2,097.6 : 2,143.84 | cr=13, dd=31, da=7, tlv=9, sm=62, rd=161.61, cd=0, um=0","Time elapsed: 5.74 seconds","/home/thomasverwaal/Robust-Rail-NL/mathematical-models/local_search_plans_discreet_120/plan_31_trains_31_units23.json"
"/home/thomasverwaal/Robust-Rail-NL/mathematical-models/scenarios_solver_types_120/scenario_solver_31_trains_31_units23.json","Cost of next node: Cost = 2,071.1 : 2,122.38 | cr=13, dd=31, da=6, tlv=10, sm=62, rd=153.87, cd=0, um=0","Time elapsed: 6.36 seconds","/home/thomasverwaal/Robust-Rail-NL/mathematical-models/local_search_plans_discreet_120/plan_31_trains_31_units23.json"
"/home/thomasverwaal/Robust-Rail-NL/mathematical-models/scenarios_solver_types_120/scenario_solver_31_trains_31_units23.json","Cost of next node: Cost = 2,016.6 : 2,072.88 | cr=10, dd=31, da=6, tlv=11, sm=62, rd=142.26, cd=0, um=0","Time elapsed: 6.61 seconds","/home/thomasverwaal/Robust-Rail-NL/mathematical-models/local_search_plans_discreet_120/plan_31_trains_31_units23.json"
"/home/thomasverwaal/Robust-Rail-NL/mathematical-models/scenarios_solver_types_120/scenario_solver_31_trains_31_units23.json","Cost of next node: Cost = 1,995.2 : 2,056.42 | cr=10, dd=31, da=5, tlv=12, sm=62, rd=136.45, cd=0, um=0","Time elapsed: 6.80 seconds","/home/thomasverwaal/Robust-Rail-NL/mathematical-models/local_search_plans_discreet_120/plan_31_trains_31_units23.json"
"/home/thomasverwaal/Robust-Rail-NL/mathematical-models/scenarios_solver_types_120/scenario_solver_31_trains_31_units23.json","Cost of next node: Cost = 1,973.4 : 2,034.67 | cr=10, dd=31, da=4, tlv=12, sm=62, rd=134.52, cd=0, um=0","Time elapsed: 6.96 seconds","/home/thomasverwaal/Robust-Rail-NL/mathematical-models/local_search_plans_discreet_120/plan_31_trains_31_units23.json"
"/home/thomasverwaal/Robust-Rail-NL/mathematical-models/scenarios_solver_types_120/scenario_solver_31_trains_31_units23.json","Cost of next node: Cost = 1,945.5 : 2,011.69 | cr=10, dd=31, da=2, tlv=13, sm=62, rd=128.71, cd=0, um=0","Time elapsed: 7.21 seconds","/home/thomasverwaal/Robust-Rail-NL/mathematical-models/local_search_plans_discreet_120/plan_31_trains_31_units23.json"
"/home/thomasverwaal/Robust-Rail-NL/mathematical-models/scenarios_solver_types_120/scenario_solver_31_trains_31_units23.json","Cost of next node: Cost = 1,925.4 : 1,986.63 | cr=10, dd=31, da=2, tlv=12, sm=62, rd=126.77, cd=0, um=0","Time elapsed: 7.32 seconds","/home/thomasverwaal/Robust-Rail-NL/mathematical-models/local_search_plans_discreet_120/plan_31_trains_31_units23.json"
"/home/thomasverwaal/Robust-Rail-NL/mathematical-models/scenarios_solver_types_120/scenario_solver_31_trains_31_units23.json","Cost of next node: Cost = 1,821.0 : 1,877.20 | cr=18, dd=28, da=2, tlv=11, sm=62, rd=108.39, cd=0, um=0","Time elapsed: 7.46 seconds","/home/thomasverwaal/Robust-Rail-NL/mathematical-models/local_search_plans_discreet_120/plan_31_trains_31_units23.json"
"/home/thomasverwaal/Robust-Rail-NL/mathematical-models/scenarios_solver_types_120/scenario_solver_31_trains_31_units23.json","Cost of next node: Cost = 1,781.8 : 1,838.01 | cr=19, dd=27, da=2, tlv=11, sm=62, rd=106.45, cd=0, um=0","Time elapsed: 7.56 seconds","/home/thomasverwaal/Robust-Rail-NL/mathematical-models/local_search_plans_discreet_120/plan_31_trains_31_units23.json"
"/home/thomasverwaal/Robust-Rail-NL/mathematical-models/scenarios_solver_types_120/scenario_solver_31_trains_31_units23.json","Cost of next node: Cost = 1,586.5 : 1,647.77 | cr=19, dd=23, da=2, tlv=12, sm=62, rd=100.65, cd=0, um=0","Time elapsed: 7.67 seconds","/home/thomasverwaal/Robust-Rail-NL/mathematical-models/local_search_plans_discreet_120/plan_31_trains_31_units23.json"
"/home/thomasverwaal/Robust-Rail-NL/mathematical-models/scenarios_solver_types_120/scenario_solver_31_trains_31_units23.json","Cost of next node: Cost = 1,551.9 : 1,618.16 | cr=19, dd=22, da=2, tlv=13, sm=62, rd=98.71, cd=0, um=0","Time elapsed: 7.72 seconds","/home/thomasverwaal/Robust-Rail-NL/mathematical-models/local_search_plans_discreet_120/plan_31_trains_31_units23.json"
"/home/thomasverwaal/Robust-Rail-NL/mathematical-models/scenarios_solver_types_120/scenario_solver_31_trains_31_units23.json","Cost of next node: Cost = 1,446.5 : 1,517.78 | cr=17, dd=20, da=2, tlv=14, sm=62, rd=94.84, cd=0, um=0","Time elapsed: 7.89 seconds","/home/thomasverwaal/Robust-Rail-NL/mathematical-models/local_search_plans_discreet_120/plan_31_trains_31_units23.json"
"/home/thomasverwaal/Robust-Rail-NL/mathematical-models/scenarios_solver_types_120/scenario_solver_31_trains_31_units23.json","Cost of next node: Cost = 1,107.1 : 1,183.34 | cr=15, dd=14, da=1, tlv=15, sm=62, rd=87.10, cd=0, um=0","Time elapsed: 8.11 seconds","/home/thomasverwaal/Robust-Rail-NL/mathematical-models/local_search_plans_discreet_120/plan_31_trains_31_units23.json"
"/home/thomasverwaal/Robust-Rail-NL/mathematical-models/scenarios_solver_types_120/scenario_solver_31_trains_31_units23.json","Cost of next node: Cost = 624.5 : 705.74 | cr=13, dd=5, da=0, tlv=16, sm=62, rd=75.48, cd=0, um=0","Time elapsed: 8.31 seconds","/home/thomasverwaal/Robust-Rail-NL/mathematical-models/local_search_plans_discreet_120/plan_31_trains_31_units23.json"
"/home/thomasverwaal/Robust-Rail-NL/mathematical-models/scenarios_solver_types_120/scenario_solver_31_trains_31_units23.json","Cost of next node: Cost = 375.0 : 461.24 | cr=12, dd=0, da=0, tlv=17, sm=62, rd=69.68, cd=0, um=0","Time elapsed: 8.55 seconds","/home/thomasverwaal/Robust-Rail-NL/mathematical-models/local_search_plans_discreet_120/plan_31_trains_31_units23.json"
"/home/thomasverwaal/Robust-Rail-NL/mathematical-models/scenarios_solver_types_120/scenario_solver_31_trains_31_units23.json","Cost of next node: Cost = 360.0 : 441.24 | cr=12, dd=0, da=0, tlv=16, sm=62, rd=71.61, cd=0, um=0","Time elapsed: 12.06 seconds","/home/thomasverwaal/Robust-Rail-NL/mathematical-models/local_search_plans_discreet_120/plan_31_trains_31_units23.json"
"/home/thomasverwaal/Robust-Rail-NL/mathematical-models/scenarios_solver_types_120/scenario_solver_31_trains_31_units23.json","Cost of next node: Cost = 345.0 : 421.24 | cr=12, dd=0, da=0, tlv=15, sm=62, rd=73.55, cd=0, um=0","Time elapsed: 15.19 seconds","/home/thomasverwaal/Robust-Rail-NL/mathematical-models/local_search_plans_discreet_120/plan_31_trains_31_units23.json"
"/home/thomasverwaal/Robust-Rail-NL/mathematical-models/scenarios_solver_types_120/scenario_solver_31_trains_31_units23.json","Cost of next node: Cost = 330.0 : 401.24 | cr=12, dd=0, da=0, tlv=14, sm=62, rd=75.48, cd=0, um=0","Time elapsed: 17.91 seconds","/home/thomasverwaal/Robust-Rail-NL/mathematical-models/local_search_plans_discreet_120/plan_31_trains_31_units23.json"
"/home/thomasverwaal/Robust-Rail-NL/mathematical-models/scenarios_solver_types_120/scenario_solver_31_trains_31_units23.json","Cost of next node: Cost = 315.0 : 381.24 | cr=12, dd=0, da=0, tlv=13, sm=62, rd=77.42, cd=0, um=0","Time elapsed: 20.16 seconds","/home/thomasverwaal/Robust-Rail-NL/mathematical-models/local_search_plans_discreet_120/plan_31_trains_31_units23.json"
"/home/thomasverwaal/Robust-Rail-NL/mathematical-models/scenarios_solver_types_120/scenario_solver_31_trains_31_units23.json","Cost of next node: Cost = 300.0 : 361.26 | cr=12, dd=0, da=0, tlv=12, sm=63, rd=81.90, cd=0, um=0","Time elapsed: 22.16 seconds","/home/thomasverwaal/Robust-Rail-NL/mathematical-models/local_search_plans_discreet_120/plan_31_trains_31_units23.json"
"/home/thomasverwaal/Robust-Rail-NL/mathematical-models/scenarios_solver_types_120/scenario_solver_31_trains_31_units23.json","Cost of next node: Cost = 290.0 : 351.26 | cr=11, dd=0, da=0, tlv=12, sm=63, rd=81.90, cd=0, um=0","Time elapsed: 23.95 seconds","/home/thomasverwaal/Robust-Rail-NL/mathematical-models/local_search_plans_discreet_120/plan_31_trains_31_units23.json"
"/home/thomasverwaal/Robust-Rail-NL/mathematical-models/scenarios_solver_types_120/scenario_solver_31_trains_31_units23.json","Cost of next node: Cost = 280.0 : 341.26 | cr=10, dd=0, da=0, tlv=12, sm=63, rd=81.90, cd=0, um=0","Time elapsed: 25.40 seconds","/home/thomasverwaal/Robust-Rail-NL/mathematical-models/local_search_plans_discreet_120/plan_31_trains_31_units23.json"
"/home/thomasverwaal/Robust-Rail-NL/mathematical-models/scenarios_solver_types_120/scenario_solver_31_trains_31_units23.json","Cost of next node: Cost = 270.0 : 331.28 | cr=9, dd=0, da=0, tlv=12, sm=64, rd=82.50, cd=0, um=0","Time elapsed: 26.74 seconds","/home/thomasverwaal/Robust-Rail-NL/mathematical-models/local_search_plans_discreet_120/plan_31_trains_31_units23.json"
"/home/thomasverwaal/Robust-Rail-NL/mathematical-models/scenarios_solver_types_120/scenario_solver_31_trains_31_units23.json","Cost of next node: Cost = 260.0 : 321.28 | cr=8, dd=0, da=0, tlv=12, sm=64, rd=84.38, cd=0, um=0","Time elapsed: 30.37 seconds","/home/thomasverwaal/Robust-Rail-NL/mathematical-models/local_search_plans_discreet_120/plan_31_trains_31_units23.json"
"/home/thomasverwaal/Robust-Rail-NL/mathematical-models/scenarios_solver_types_120/scenario_solver_31_trains_31_units23.json","Cost of next node: Cost = 250.0 : 311.28 | cr=7, dd=0, da=0, tlv=12, sm=64, rd=84.38, cd=0, um=0","Time elapsed: 31.69 seconds","/home/thomasverwaal/Robust-Rail-NL/mathematical-models/local_search_plans_discreet_120/plan_31_trains_31_units23.json"
"/home/thomasverwaal/Robust-Rail-NL/mathematical-models/scenarios_solver_types_120/scenario_solver_31_trains_31_units23.json","Cost of next node: Cost = 240.0 : 301.28 | cr=6, dd=0, da=0, tlv=12, sm=64, rd=84.38, cd=0, um=0","Time elapsed: 35.82 seconds","/home/thomasverwaal/Robust-Rail-NL/mathematical-models/local_search_plans_discreet_120/plan_31_trains_31_units23.json"
"/home/thomasverwaal/Robust-Rail-NL/mathematical-models/scenarios_solver_types_120/scenario_solver_31_trains_31_units23.json","Cost of next node: Cost = 230.0 : 291.28 | cr=5, dd=0, da=0, tlv=12, sm=64, rd=84.38, cd=0, um=0","Time elapsed: 37.06 seconds","/home/thomasverwaal/Robust-Rail-NL/mathematical-models/local_search_plans_discreet_120/plan_31_trains_31_units23.json"
"/home/thomasverwaal/Robust-Rail-NL/mathematical-models/scenarios_solver_types_120/scenario_solver_31_trains_31_units23.json","Cost of next node: Cost = 220.0 : 281.28 | cr=4, dd=0, da=0, tlv=12, sm=64, rd=84.38, cd=0, um=0","Time elapsed: 106.05 seconds","/home/thomasverwaal/Robust-Rail-NL/mathematical-models/local_search_plans_discreet_120/plan_31_trains_31_units23.json"
"/home/thomasverwaal/Robust-Rail-NL/mathematical-models/scenarios_solver_types_120/scenario_solver_31_trains_31_units23.json","Cost of next node: Cost = 210.0 : 271.28 | cr=3, dd=0, da=0, tlv=12, sm=64, rd=84.38, cd=0, um=0","Time elapsed: 132.03 seconds","/home/thomasverwaal/Robust-Rail-NL/mathematical-models/local_search_plans_discreet_120/plan_31_trains_31_units23.json"
"/home/thomasverwaal/Robust-Rail-NL/mathematical-models/scenarios_solver_types_120/scenario_solver_31_trains_31_units23.json","NO_COST_FOUND","NO_TIME_FOUND","NO_PLAN_CREATED"
"/home/thomasverwaal/Robust-Rail-NL/mathematical-models/scenarios_solver_types_120/scenario_solver_31_trains_31_units24.json","Cost of next node: Cost = 2,761.5 : 2,767.78 | cr=49, dd=31, da=27, tlv=1, sm=62, rd=184.84, cd=0, um=0","Time elapsed: 1.41 seconds","/home/thomasverwaal/Robust-Rail-NL/mathematical-models/local_search_plans_discreet_120/plan_31_trains_31_units24.json"
"/home/thomasverwaal/Robust-Rail-NL/mathematical-models/scenarios_solver_types_120/scenario_solver_31_trains_31_units24.json","Cost of next node: Cost = 2,731.5 : 2,737.78 | cr=46, dd=31, da=27, tlv=1, sm=62, rd=184.84, cd=0, um=0","Time elapsed: 1.47 seconds","/home/thomasverwaal/Robust-Rail-NL/mathematical-models/local_search_plans_discreet_120/plan_31_trains_31_units24.json"
"/home/thomasverwaal/Robust-Rail-NL/mathematical-models/scenarios_solver_types_120/scenario_solver_31_trains_31_units24.json","Cost of next node: Cost = 2,684.9 : 2,696.17 | cr=40, dd=31, da=26, tlv=2, sm=62, rd=189.68, cd=0, um=0","Time elapsed: 1.58 seconds","/home/thomasverwaal/Robust-Rail-NL/mathematical-models/local_search_plans_discreet_120/plan_31_trains_31_units24.json"
"/home/thomasverwaal/Robust-Rail-NL/mathematical-models/scenarios_solver_types_120/scenario_solver_31_trains_31_units24.json","Cost of next node: Cost = 2,641.9 : 2,658.16 | cr=36, dd=31, da=25, tlv=3, sm=62, rd=187.74, cd=0, um=0","Time elapsed: 1.72 seconds","/home/thomasverwaal/Robust-Rail-NL/mathematical-models/local_search_plans_discreet_120/plan_31_trains_31_units24.json"
"/home/thomasverwaal/Robust-Rail-NL/mathematical-models/scenarios_solver_types_120/scenario_solver_31_trains_31_units24.json","Cost of next node: Cost = 2,582.8 : 2,604.05 | cr=32, dd=31, da=24, tlv=4, sm=62, rd=184.84, cd=0, um=0","Time elapsed: 1.84 seconds","/home/thomasverwaal/Robust-Rail-NL/mathematical-models/local_search_plans_discreet_120/plan_31_trains_31_units24.json"
"/home/thomasverwaal/Robust-Rail-NL/mathematical-models/scenarios_solver_types_120/scenario_solver_31_trains_31_units24.json","Cost of next node: Cost = 2,556.6 : 2,582.85 | cr=33, dd=31, da=22, tlv=5, sm=62, rd=175.16, cd=0, um=0","Time elapsed: 1.94 seconds","/home/thomasverwaal/Robust-Rail-NL/mathematical-models/local_search_plans_discreet_120/plan_31_trains_31_units24.json"
"/home/thomasverwaal/Robust-Rail-NL/mathematical-models/scenarios_solver_types_120/scenario_solver_31_trains_31_units24.json","Cost of next node: Cost = 2,525.7 : 2,551.97 | cr=37, dd=31, da=20, tlv=5, sm=62, rd=170.32, cd=0, um=0","Time elapsed: 2.03 seconds","/home/thomasverwaal/Robust-Rail-NL/mathematical-models/local_search_plans_discreet_120/plan_31_trains_31_units24.json"
"/home/thomasverwaal/Robust-Rail-NL/mathematical-models/scenarios_solver_types_120/scenario_solver_31_trains_31_units24.json","Cost of next node: Cost = 2,493.3 : 2,524.55 | cr=36, dd=31, da=18, tlv=6, sm=62, rd=169.35, cd=0, um=0","Time elapsed: 2.15 seconds","/home/thomasverwaal/Robust-Rail-NL/mathematical-models/local_search_plans_discreet_120/plan_31_trains_31_units24.json"
"/home/thomasverwaal/Robust-Rail-NL/mathematical-models/scenarios_solver_types_120/scenario_solver_31_trains_31_units24.json","Cost of next node: Cost = 2,463.8 : 2,500.00 | cr=34, dd=31, da=17, tlv=7, sm=62, rd=165.48, cd=0, um=0","Time elapsed: 2.24 seconds","/home/thomasverwaal/Robust-Rail-NL/mathematical-models/local_search_plans_discreet_120/plan_31_trains_31_units24.json"
"/home/thomasverwaal/Robust-Rail-NL/mathematical-models/scenarios_solver_types_120/scenario_solver_31_trains_31_units24.json","Cost of next node: Cost = 2,415.8 : 2,457.00 | cr=33, dd=31, da=15, tlv=8, sm=62, rd=161.61, cd=0, um=0","Time elapsed: 2.35 seconds","/home/thomasverwaal/Robust-Rail-NL/mathematical-models/local_search_plans_discreet_120/plan_31_trains_31_units24.json"
"/home/thomasverwaal/Robust-Rail-NL/mathematical-models/scenarios_solver_types_120/scenario_solver_31_trains_31_units24.json","Cost of next node: Cost = 2,339.5 : 2,380.73 | cr=35, dd=31, da=11, tlv=8, sm=62, rd=153.87, cd=0, um=0","Time elapsed: 2.42 seconds","/home/thomasverwaal/Robust-Rail-NL/mathematical-models/local_search_plans_discreet_120/plan_31_trains_31_units24.json"
"/home/thomasverwaal/Robust-Rail-NL/mathematical-models/scenarios_solver_types_120/scenario_solver_31_trains_31_units24.json","Cost of next node: Cost = 2,317.4 : 2,358.62 | cr=34, dd=31, da=11, tlv=8, sm=62, rd=151.94, cd=0, um=0","Time elapsed: 2.54 seconds","/home/thomasverwaal/Robust-Rail-NL/mathematical-models/local_search_plans_discreet_120/plan_31_trains_31_units24.json"
"/home/thomasverwaal/Robust-Rail-NL/mathematical-models/scenarios_solver_types_120/scenario_solver_31_trains_31_units24.json","Cost of next node: Cost = 2,292.4 : 2,328.62 | cr=33, dd=31, da=11, tlv=7, sm=62, rd=151.94, cd=0, um=0","Time elapsed: 2.65 seconds","/home/thomasverwaal/Robust-Rail-NL/mathematical-models/local_search_plans_discreet_120/plan_31_trains_31_units24.json"
"/home/thomasverwaal/Robust-Rail-NL/mathematical-models/scenarios_solver_types_120/scenario_solver_31_trains_31_units24.json","Cost of next node: Cost = 2,269.4 : 2,305.68 | cr=33, dd=31, da=10, tlv=7, sm=62, rd=149.03, cd=0, um=0","Time elapsed: 2.73 seconds","/home/thomasverwaal/Robust-Rail-NL/mathematical-models/local_search_plans_discreet_120/plan_31_trains_31_units24.json"
"/home/thomasverwaal/Robust-Rail-NL/mathematical-models/scenarios_solver_types_120/scenario_solver_31_trains_31_units24.json","Cost of next node: Cost = 2,237.9 : 2,274.18 | cr=30, dd=31, da=10, tlv=7, sm=62, rd=147.10, cd=0, um=0","Time elapsed: 3.01 seconds","/home/thomasverwaal/Robust-Rail-NL/mathematical-models/local_search_plans_discreet_120/plan_31_trains_31_units24.json"
"/home/thomasverwaal/Robust-Rail-NL/mathematical-models/scenarios_solver_types_120/scenario_solver_31_trains_31_units24.json","Cost of next node: Cost = 2,198.4 : 2,239.62 | cr=24, dd=31, da=10, tlv=8, sm=62, rd=147.10, cd=0, um=0","Time elapsed: 3.26 seconds","/home/thomasverwaal/Robust-Rail-NL/mathematical-models/local_search_plans_discreet_120/plan_31_trains_31_units24.json"
"/home/thomasverwaal/Robust-Rail-NL/mathematical-models/scenarios_solver_types_120/scenario_solver_31_trains_31_units24.json","Cost of next node: Cost = 2,169.3 : 2,215.56 | cr=17, dd=31, da=10, tlv=9, sm=62, rd=152.90, cd=0, um=0","Time elapsed: 3.47 seconds","/home/thomasverwaal/Robust-Rail-NL/mathematical-models/local_search_plans_discreet_120/plan_31_trains_31_units24.json"
"/home/thomasverwaal/Robust-Rail-NL/mathematical-models/scenarios_solver_types_120/scenario_solver_31_trains_31_units24.json","Cost of next node: Cost = 2,144.3 : 2,185.56 | cr=16, dd=31, da=10, tlv=8, sm=62, rd=152.90, cd=0, um=0","Time elapsed: 3.63 seconds","/home/thomasverwaal/Robust-Rail-NL/mathematical-models/local_search_plans_discreet_120/plan_31_trains_31_units24.json"
"/home/thomasverwaal/Robust-Rail-NL/mathematical-models/scenarios_solver_types_120/scenario_solver_31_trains_31_units24.json","Cost of next node: Cost = 2,115.4 : 2,161.65 | cr=16, dd=31, da=9, tlv=9, sm=62, rd=145.16, cd=0, um=0","Time elapsed: 3.95 seconds","/home/thomasverwaal/Robust-Rail-NL/mathematical-models/local_search_plans_discreet_120/plan_31_trains_31_units24.json"
"/home/thomasverwaal/Robust-Rail-NL/mathematical-models/scenarios_solver_types_120/scenario_solver_31_trains_31_units24.json","Cost of next node: Cost = 2,084.3 : 2,130.55 | cr=16, dd=31, da=8, tlv=9, sm=62, rd=141.29, cd=0, um=0","Time elapsed: 4.26 seconds","/home/thomasverwaal/Robust-Rail-NL/mathematical-models/local_search_plans_discreet_120/plan_31_trains_31_units24.json"
"/home/thomasverwaal/Robust-Rail-NL/mathematical-models/scenarios_solver_types_120/scenario_solver_31_trains_31_units24.json","Cost of next node: Cost = 2,060.7 : 2,111.93 | cr=15, dd=31, da=7, tlv=10, sm=62, rd=137.42, cd=0, um=0","Time elapsed: 4.65 seconds","/home/thomasverwaal/Robust-Rail-NL/mathematical-models/local_search_plans_discreet_120/plan_31_trains_31_units24.json"
"/home/thomasverwaal/Robust-Rail-NL/mathematical-models/scenarios_solver_types_120/scenario_solver_31_trains_31_units24.json","Cost of next node: Cost = 2,027.2 : 2,078.49 | cr=15, dd=31, da=6, tlv=10, sm=62, rd=129.68, cd=0, um=0","Time elapsed: 5.19 seconds","/home/thomasverwaal/Robust-Rail-NL/mathematical-models/local_search_plans_discreet_120/plan_31_trains_31_units24.json"
"/home/thomasverwaal/Robust-Rail-NL/mathematical-models/scenarios_solver_types_120/scenario_solver_31_trains_31_units24.json","Cost of next node: Cost = 2,005.7 : 2,051.96 | cr=14, dd=31, da=6, tlv=9, sm=62, rd=134.52, cd=0, um=0","Time elapsed: 5.43 seconds","/home/thomasverwaal/Robust-Rail-NL/mathematical-models/local_search_plans_discreet_120/plan_31_trains_31_units24.json"
"/home/thomasverwaal/Robust-Rail-NL/mathematical-models/scenarios_solver_types_120/scenario_solver_31_trains_31_units24.json","Cost of next node: Cost = 1,985.0 : 2,031.27 | cr=15, dd=31, da=5, tlv=9, sm=62, rd=128.71, cd=0, um=0","Time elapsed: 5.88 seconds","/home/thomasverwaal/Robust-Rail-NL/mathematical-models/local_search_plans_discreet_120/plan_31_trains_31_units24.json"
"/home/thomasverwaal/Robust-Rail-NL/mathematical-models/scenarios_solver_types_120/scenario_solver_31_trains_31_units24.json","Cost of next node: Cost = 1,956.7 : 2,002.98 | cr=15, dd=31, da=4, tlv=9, sm=62, rd=124.84, cd=0, um=0","Time elapsed: 6.40 seconds","/home/thomasverwaal/Robust-Rail-NL/mathematical-models/local_search_plans_discreet_120/plan_31_trains_31_units24.json"
"/home/thomasverwaal/Robust-Rail-NL/mathematical-models/scenarios_solver_types_120/scenario_solver_31_trains_31_units24.json","Cost of next node: Cost = 1,848.1 : 1,894.37 | cr=20, dd=26, da=9, tlv=9, sm=62, rd=127.74, cd=0, um=0","Time elapsed: 6.55 seconds","/home/thomasverwaal/Robust-Rail-NL/mathematical-models/local_search_plans_discreet_120/plan_31_trains_31_units24.json"
"/home/thomasverwaal/Robust-Rail-NL/mathematical-models/scenarios_solver_types_120/scenario_solver_31_trains_31_units24.json","Cost of next node: Cost = 1,727.0 : 1,773.26 | cr=20, dd=26, da=3, tlv=9, sm=62, rd=118.06, cd=0, um=0","Time elapsed: 6.64 seconds","/home/thomasverwaal/Robust-Rail-NL/mathematical-models/local_search_plans_discreet_120/plan_31_trains_31_units24.json"
"/home/thomasverwaal/Robust-Rail-NL/mathematical-models/scenarios_solver_types_120/scenario_solver_31_trains_31_units24.json","Cost of next node: Cost = 1,682.7 : 1,733.98 | cr=19, dd=25, da=3, tlv=10, sm=62, rd=116.13, cd=0, um=0","Time elapsed: 6.91 seconds","/home/thomasverwaal/Robust-Rail-NL/mathematical-models/local_search_plans_discreet_120/plan_31_trains_31_units24.json"
"/home/thomasverwaal/Robust-Rail-NL/mathematical-models/scenarios_solver_types_120/scenario_solver_31_trains_31_units24.json","Cost of next node: Cost = 1,602.3 : 1,653.59 | cr=21, dd=23, da=3, tlv=10, sm=62, rd=112.26, cd=0, um=0","Time elapsed: 7.15 seconds","/home/thomasverwaal/Robust-Rail-NL/mathematical-models/local_search_plans_discreet_120/plan_31_trains_31_units24.json"
"/home/thomasverwaal/Robust-Rail-NL/mathematical-models/scenarios_solver_types_120/scenario_solver_31_trains_31_units24.json","Cost of next node: Cost = 1,577.1 : 1,633.37 | cr=22, dd=22, da=3, tlv=11, sm=62, rd=110.32, cd=0, um=0","Time elapsed: 7.36 seconds","/home/thomasverwaal/Robust-Rail-NL/mathematical-models/local_search_plans_discreet_120/plan_31_trains_31_units24.json"
"/home/thomasverwaal/Robust-Rail-NL/mathematical-models/scenarios_solver_types_120/scenario_solver_31_trains_31_units24.json","Cost of next node: Cost = 1,552.1 : 1,603.37 | cr=21, dd=22, da=3, tlv=10, sm=62, rd=112.26, cd=0, um=0","Time elapsed: 7.66 seconds","/home/thomasverwaal/Robust-Rail-NL/mathematical-models/local_search_plans_discreet_120/plan_31_trains_31_units24.json"
"/home/thomasverwaal/Robust-Rail-NL/mathematical-models/scenarios_solver_types_120/scenario_solver_31_trains_31_units24.json","Cost of next node: Cost = 1,517.1 : 1,573.37 | cr=16, dd=22, da=3, tlv=11, sm=62, rd=110.32, cd=0, um=0","Time elapsed: 7.87 seconds","/home/thomasverwaal/Robust-Rail-NL/mathematical-models/local_search_plans_discreet_120/plan_31_trains_31_units24.json"
"/home/thomasverwaal/Robust-Rail-NL/mathematical-models/scenarios_solver_types_120/scenario_solver_31_trains_31_units24.json","Cost of next node: Cost = 1,482.6 : 1,543.82 | cr=16, dd=21, da=3, tlv=12, sm=62, rd=108.39, cd=0, um=0","Time elapsed: 8.04 seconds","/home/thomasverwaal/Robust-Rail-NL/mathematical-models/local_search_plans_discreet_120/plan_31_trains_31_units24.json"
"/home/thomasverwaal/Robust-Rail-NL/mathematical-models/scenarios_solver_types_120/scenario_solver_31_trains_31_units24.json","Cost of next node: Cost = 1,311.3 : 1,377.51 | cr=20, dd=17, da=2, tlv=13, sm=62, rd=103.55, cd=0, um=0","Time elapsed: 8.32 seconds","/home/thomasverwaal/Robust-Rail-NL/mathematical-models/local_search_plans_discreet_120/plan_31_trains_31_units24.json"
"/home/thomasverwaal/Robust-Rail-NL/mathematical-models/scenarios_solver_types_120/scenario_solver_31_trains_31_units24.json","Cost of next node: Cost = 1,286.3 : 1,347.51 | cr=19, dd=17, da=2, tlv=12, sm=62, rd=105.48, cd=0, um=0","Time elapsed: 8.55 seconds","/home/thomasverwaal/Robust-Rail-NL/mathematical-models/local_search_plans_discreet_120/plan_31_trains_31_units24.json"
"/home/thomasverwaal/Robust-Rail-NL/mathematical-models/scenarios_solver_types_120/scenario_solver_31_trains_31_units24.json","Cost of next node: Cost = 1,192.2 : 1,258.45 | cr=16, dd=16, da=1, tlv=13, sm=62, rd=97.74, cd=0, um=0","Time elapsed: 8.84 seconds","/home/thomasverwaal/Robust-Rail-NL/mathematical-models/local_search_plans_discreet_120/plan_31_trains_31_units24.json"
"/home/thomasverwaal/Robust-Rail-NL/mathematical-models/scenarios_solver_types_120/scenario_solver_31_trains_31_units24.json","Cost of next node: Cost = 715.2 : 786.49 | cr=15, dd=7, da=0, tlv=14, sm=62, rd=86.13, cd=0, um=0","Time elapsed: 9.11 seconds","/home/thomasverwaal/Robust-Rail-NL/mathematical-models/local_search_plans_discreet_120/plan_31_trains_31_units24.json"
"/home/thomasverwaal/Robust-Rail-NL/mathematical-models/scenarios_solver_types_120/scenario_solver_31_trains_31_units24.json","Cost of next node: Cost = 690.2 : 756.49 | cr=14, dd=7, da=0, tlv=13, sm=62, rd=88.06, cd=0, um=0","Time elapsed: 9.29 seconds","/home/thomasverwaal/Robust-Rail-NL/mathematical-models/local_search_plans_discreet_120/plan_31_trains_31_units24.json"
"/home/thomasverwaal/Robust-Rail-NL/mathematical-models/scenarios_solver_types_120/scenario_solver_31_trains_31_units24.json","Cost of next node: Cost = 630.8 : 697.04 | cr=14, dd=5, da=2, tlv=13, sm=62, rd=88.06, cd=0, um=0","Time elapsed: 9.48 seconds","/home/thomasverwaal/Robust-Rail-NL/mathematical-models/local_search_plans_discreet_120/plan_31_trains_31_units24.json"
"/home/thomasverwaal/Robust-Rail-NL/mathematical-models/scenarios_solver_types_120/scenario_solver_31_trains_31_units24.json","Cost of next node: Cost = 596.0 : 667.24 | cr=14, dd=4, da=2, tlv=14, sm=62, rd=84.19, cd=0, um=0","Time elapsed: 9.77 seconds","/home/thomasverwaal/Robust-Rail-NL/mathematical-models/local_search_plans_discreet_120/plan_31_trains_31_units24.json"
"/home/thomasverwaal/Robust-Rail-NL/mathematical-models/scenarios_solver_types_120/scenario_solver_31_trains_31_units24.json","Cost of next node: Cost = 448.3 : 524.54 | cr=13, dd=1, da=2, tlv=15, sm=62, rd=78.39, cd=0, um=0","Time elapsed: 10.13 seconds","/home/thomasverwaal/Robust-Rail-NL/mathematical-models/local_search_plans_discreet_120/plan_31_trains_31_units24.json"
"/home/thomasverwaal/Robust-Rail-NL/mathematical-models/scenarios_solver_types_120/scenario_solver_31_trains_31_units24.json","Cost of next node: Cost = 433.3 : 504.54 | cr=13, dd=1, da=2, tlv=14, sm=62, rd=80.32, cd=0, um=0","Time elapsed: 15.14 seconds","/home/thomasverwaal/Robust-Rail-NL/mathematical-models/local_search_plans_discreet_120/plan_31_trains_31_units24.json"
"/home/thomasverwaal/Robust-Rail-NL/mathematical-models/scenarios_solver_types_120/scenario_solver_31_trains_31_units24.json","Cost of next node: Cost = 418.3 : 484.54 | cr=13, dd=1, da=2, tlv=13, sm=62, rd=82.26, cd=0, um=0","Time elapsed: 20.30 seconds","/home/thomasverwaal/Robust-Rail-NL/mathematical-models/local_search_plans_discreet_120/plan_31_trains_31_units24.json"
"/home/thomasverwaal/Robust-Rail-NL/mathematical-models/scenarios_solver_types_120/scenario_solver_31_trains_31_units24.json","Cost of next node: Cost = 408.3 : 474.54 | cr=12, dd=1, da=2, tlv=13, sm=62, rd=84.19, cd=0, um=0","Time elapsed: 24.71 seconds","/home/thomasverwaal/Robust-Rail-NL/mathematical-models/local_search_plans_discreet_120/plan_31_trains_31_units24.json"
"/home/thomasverwaal/Robust-Rail-NL/mathematical-models/scenarios_solver_types_120/scenario_solver_31_trains_31_units24.json","Cost of next node: Cost = 398.3 : 464.54 | cr=11, dd=1, da=2, tlv=13, sm=62, rd=86.13, cd=0, um=0","Time elapsed: 28.39 seconds","/home/thomasverwaal/Robust-Rail-NL/mathematical-models/local_search_plans_discreet_120/plan_31_trains_31_units24.json"
"/home/thomasverwaal/Robust-Rail-NL/mathematical-models/scenarios_solver_types_120/scenario_solver_31_trains_31_units24.json","Cost of next node: Cost = 388.3 : 454.54 | cr=10, dd=1, da=2, tlv=13, sm=62, rd=86.13, cd=0, um=0","Time elapsed: 31.50 seconds","/home/thomasverwaal/Robust-Rail-NL/mathematical-models/local_search_plans_discreet_120/plan_31_trains_31_units24.json"
"/home/thomasverwaal/Robust-Rail-NL/mathematical-models/scenarios_solver_types_120/scenario_solver_31_trains_31_units24.json","Cost of next node: Cost = 378.3 : 444.54 | cr=9, dd=1, da=2, tlv=13, sm=62, rd=90.00, cd=0, um=0","Time elapsed: 34.01 seconds","/home/thomasverwaal/Robust-Rail-NL/mathematical-models/local_search_plans_discreet_120/plan_31_trains_31_units24.json"
"/home/thomasverwaal/Robust-Rail-NL/mathematical-models/scenarios_solver_types_120/scenario_solver_31_trains_31_units24.json","Cost of next node: Cost = 368.3 : 434.54 | cr=8, dd=1, da=2, tlv=13, sm=62, rd=90.00, cd=0, um=0","Time elapsed: 36.16 seconds","/home/thomasverwaal/Robust-Rail-NL/mathematical-models/local_search_plans_discreet_120/plan_31_trains_31_units24.json"
"/home/thomasverwaal/Robust-Rail-NL/mathematical-models/scenarios_solver_types_120/scenario_solver_31_trains_31_units24.json","Cost of next node: Cost = 353.3 : 414.56 | cr=8, dd=1, da=2, tlv=12, sm=63, rd=90.48, cd=0, um=0","Time elapsed: 37.75 seconds","/home/thomasverwaal/Robust-Rail-NL/mathematical-models/local_search_plans_discreet_120/plan_31_trains_31_units24.json"
"/home/thomasverwaal/Robust-Rail-NL/mathematical-models/scenarios_solver_types_120/scenario_solver_31_trains_31_units24.json","Cost of next node: Cost = 343.3 : 404.56 | cr=7, dd=1, da=2, tlv=12, sm=63, rd=90.48, cd=0, um=0","Time elapsed: 39.18 seconds","/home/thomasverwaal/Robust-Rail-NL/mathematical-models/local_search_plans_discreet_120/plan_31_trains_31_units24.json"
"/home/thomasverwaal/Robust-Rail-NL/mathematical-models/scenarios_solver_types_120/scenario_solver_31_trains_31_units24.json","Cost of next node: Cost = 321.8 : 383.06 | cr=10, dd=0, da=2, tlv=12, sm=63, rd=89.52, cd=0, um=0","Time elapsed: 48.44 seconds","/home/thomasverwaal/Robust-Rail-NL/mathematical-models/local_search_plans_discreet_120/plan_31_trains_31_units24.json"
"/home/thomasverwaal/Robust-Rail-NL/mathematical-models/scenarios_solver_types_120/scenario_solver_31_trains_31_units24.json","Cost of next node: Cost = 311.8 : 373.06 | cr=9, dd=0, da=2, tlv=12, sm=63, rd=89.52, cd=0, um=0","Time elapsed: 49.61 seconds","/home/thomasverwaal/Robust-Rail-NL/mathematical-models/local_search_plans_discreet_120/plan_31_trains_31_units24.json"
"/home/thomasverwaal/Robust-Rail-NL/mathematical-models/scenarios_solver_types_120/scenario_solver_31_trains_31_units24.json","Cost of next node: Cost = 301.8 : 363.06 | cr=8, dd=0, da=2, tlv=12, sm=63, rd=89.52, cd=0, um=0","Time elapsed: 50.59 seconds","/home/thomasverwaal/Robust-Rail-NL/mathematical-models/local_search_plans_discreet_120/plan_31_trains_31_units24.json"
"/home/thomasverwaal/Robust-Rail-NL/mathematical-models/scenarios_solver_types_120/scenario_solver_31_trains_31_units24.json","Cost of next node: Cost = 291.8 : 353.06 | cr=7, dd=0, da=2, tlv=12, sm=63, rd=89.52, cd=0, um=0","Time elapsed: 51.35 seconds","/home/thomasverwaal/Robust-Rail-NL/mathematical-models/local_search_plans_discreet_120/plan_31_trains_31_units24.json"
"/home/thomasverwaal/Robust-Rail-NL/mathematical-models/scenarios_solver_types_120/scenario_solver_31_trains_31_units24.json","Cost of next node: Cost = 281.8 : 343.06 | cr=6, dd=0, da=2, tlv=12, sm=63, rd=89.52, cd=0, um=0","Time elapsed: 52.00 seconds","/home/thomasverwaal/Robust-Rail-NL/mathematical-models/local_search_plans_discreet_120/plan_31_trains_31_units24.json"
"/home/thomasverwaal/Robust-Rail-NL/mathematical-models/scenarios_solver_types_120/scenario_solver_31_trains_31_units24.json","Cost of next node: Cost = 260.9 : 322.16 | cr=6, dd=0, da=1, tlv=12, sm=63, rd=87.62, cd=0, um=0","Time elapsed: 52.09 seconds","/home/thomasverwaal/Robust-Rail-NL/mathematical-models/local_search_plans_discreet_120/plan_31_trains_31_units24.json"
"/home/thomasverwaal/Robust-Rail-NL/mathematical-models/scenarios_solver_types_120/scenario_solver_31_trains_31_units24.json","Cost of next node: Cost = 250.9 : 312.16 | cr=5, dd=0, da=1, tlv=12, sm=63, rd=87.62, cd=0, um=0","Time elapsed: 52.79 seconds","/home/thomasverwaal/Robust-Rail-NL/mathematical-models/local_search_plans_discreet_120/plan_31_trains_31_units24.json"
"/home/thomasverwaal/Robust-Rail-NL/mathematical-models/scenarios_solver_types_120/scenario_solver_31_trains_31_units24.json","Cost of next node: Cost = 240.9 : 302.16 | cr=4, dd=0, da=1, tlv=12, sm=63, rd=85.71, cd=0, um=0","Time elapsed: 61.96 seconds","/home/thomasverwaal/Robust-Rail-NL/mathematical-models/local_search_plans_discreet_120/plan_31_trains_31_units24.json"
"/home/thomasverwaal/Robust-Rail-NL/mathematical-models/scenarios_solver_types_120/scenario_solver_31_trains_31_units24.json","Cost of next node: Cost = 225.0 : 291.26 | cr=3, dd=0, da=0, tlv=13, sm=63, rd=85.71, cd=0, um=0","Time elapsed: 63.94 seconds","/home/thomasverwaal/Robust-Rail-NL/mathematical-models/local_search_plans_discreet_120/plan_31_trains_31_units24.json"
"/home/thomasverwaal/Robust-Rail-NL/mathematical-models/scenarios_solver_types_120/scenario_solver_31_trains_31_units24.json","Cost of next node: Cost = 210.0 : 271.28 | cr=3, dd=0, da=0, tlv=12, sm=64, rd=84.38, cd=0, um=0","Time elapsed: 64.70 seconds","/home/thomasverwaal/Robust-Rail-NL/mathematical-models/local_search_plans_discreet_120/plan_31_trains_31_units24.json"
"/home/thomasverwaal/Robust-Rail-NL/mathematical-models/scenarios_solver_types_120/scenario_solver_31_trains_31_units24.json","NO_COST_FOUND","NO_TIME_FOUND","NO_PLAN_CREATED"
"/home/thomasverwaal/Robust-Rail-NL/mathematical-models/scenarios_solver_types_120/scenario_solver_31_trains_31_units25.json","Cost of next node: Cost = 2,762.6 : 2,768.89 | cr=46, dd=31, da=27, tlv=1, sm=62, rd=196.45, cd=0, um=0","Time elapsed: 1.70 seconds","/home/thomasverwaal/Robust-Rail-NL/mathematical-models/local_search_plans_discreet_120/plan_31_trains_31_units25.json"
"/home/thomasverwaal/Robust-Rail-NL/mathematical-models/scenarios_solver_types_120/scenario_solver_31_trains_31_units25.json","Cost of next node: Cost = 2,728.5 : 2,734.78 | cr=45, dd=31, da=27, tlv=1, sm=62, rd=188.71, cd=0, um=0","Time elapsed: 1.88 seconds","/home/thomasverwaal/Robust-Rail-NL/mathematical-models/local_search_plans_discreet_120/plan_31_trains_31_units25.json"
"/home/thomasverwaal/Robust-Rail-NL/mathematical-models/scenarios_solver_types_120/scenario_solver_31_trains_31_units25.json","Cost of next node: Cost = 2,657.5 : 2,668.72 | cr=39, dd=31, da=25, tlv=2, sm=62, rd=190.65, cd=0, um=0","Time elapsed: 2.00 seconds","/home/thomasverwaal/Robust-Rail-NL/mathematical-models/local_search_plans_discreet_120/plan_31_trains_31_units25.json"
"/home/thomasverwaal/Robust-Rail-NL/mathematical-models/scenarios_solver_types_120/scenario_solver_31_trains_31_units25.json","Cost of next node: Cost = 2,536.9 : 2,553.13 | cr=33, dd=31, da=22, tlv=3, sm=62, rd=184.84, cd=0, um=0","Time elapsed: 2.15 seconds","/home/thomasverwaal/Robust-Rail-NL/mathematical-models/local_search_plans_discreet_120/plan_31_trains_31_units25.json"
"/home/thomasverwaal/Robust-Rail-NL/mathematical-models/scenarios_solver_types_120/scenario_solver_31_trains_31_units25.json","Cost of next node: Cost = 2,513.5 : 2,534.72 | cr=29, dd=31, da=22, tlv=4, sm=62, rd=184.84, cd=0, um=0","Time elapsed: 2.31 seconds","/home/thomasverwaal/Robust-Rail-NL/mathematical-models/local_search_plans_discreet_120/plan_31_trains_31_units25.json"
"/home/thomasverwaal/Robust-Rail-NL/mathematical-models/scenarios_solver_types_120/scenario_solver_31_trains_31_units25.json","Cost of next node: Cost = 2,488.4 : 2,509.63 | cr=29, dd=31, da=21, tlv=4, sm=62, rd=181.94, cd=0, um=0","Time elapsed: 2.53 seconds","/home/thomasverwaal/Robust-Rail-NL/mathematical-models/local_search_plans_discreet_120/plan_31_trains_31_units25.json"
"/home/thomasverwaal/Robust-Rail-NL/mathematical-models/scenarios_solver_types_120/scenario_solver_31_trains_31_units25.json","Cost of next node: Cost = 2,439.1 : 2,460.38 | cr=32, dd=31, da=18, tlv=4, sm=62, rd=182.90, cd=0, um=0","Time elapsed: 2.62 seconds","/home/thomasverwaal/Robust-Rail-NL/mathematical-models/local_search_plans_discreet_120/plan_31_trains_31_units25.json"
"/home/thomasverwaal/Robust-Rail-NL/mathematical-models/scenarios_solver_types_120/scenario_solver_31_trains_31_units25.json","Cost of next node: Cost = 2,313.2 : 2,339.42 | cr=35, dd=31, da=11, tlv=5, sm=62, rd=169.35, cd=0, um=0","Time elapsed: 2.71 seconds","/home/thomasverwaal/Robust-Rail-NL/mathematical-models/local_search_plans_discreet_120/plan_31_trains_31_units25.json"
"/home/thomasverwaal/Robust-Rail-NL/mathematical-models/scenarios_solver_types_120/scenario_solver_31_trains_31_units25.json","Cost of next node: Cost = 2,288.8 : 2,315.00 | cr=35, dd=31, da=10, tlv=5, sm=62, rd=162.58, cd=0, um=0","Time elapsed: 2.90 seconds","/home/thomasverwaal/Robust-Rail-NL/mathematical-models/local_search_plans_discreet_120/plan_31_trains_31_units25.json"
"/home/thomasverwaal/Robust-Rail-NL/mathematical-models/scenarios_solver_types_120/scenario_solver_31_trains_31_units25.json","Cost of next node: Cost = 2,266.2 : 2,297.41 | cr=32, dd=31, da=10, tlv=6, sm=62, rd=156.77, cd=0, um=0","Time elapsed: 3.20 seconds","/home/thomasverwaal/Robust-Rail-NL/mathematical-models/local_search_plans_discreet_120/plan_31_trains_31_units25.json"
"/home/thomasverwaal/Robust-Rail-NL/mathematical-models/scenarios_solver_types_120/scenario_solver_31_trains_31_units25.json","Cost of next node: Cost = 2,239.1 : 2,265.35 | cr=31, dd=31, da=10, tlv=5, sm=62, rd=154.84, cd=0, um=0","Time elapsed: 3.28 seconds","/home/thomasverwaal/Robust-Rail-NL/mathematical-models/local_search_plans_discreet_120/plan_31_trains_31_units25.json"
"/home/thomasverwaal/Robust-Rail-NL/mathematical-models/scenarios_solver_types_120/scenario_solver_31_trains_31_units25.json","Cost of next node: Cost = 2,206.8 : 2,238.09 | cr=30, dd=31, da=9, tlv=6, sm=62, rd=147.10, cd=0, um=0","Time elapsed: 3.51 seconds","/home/thomasverwaal/Robust-Rail-NL/mathematical-models/local_search_plans_discreet_120/plan_31_trains_31_units25.json"
"/home/thomasverwaal/Robust-Rail-NL/mathematical-models/scenarios_solver_types_120/scenario_solver_31_trains_31_units25.json","Cost of next node: Cost = 2,181.8 : 2,218.09 | cr=26, dd=31, da=9, tlv=7, sm=62, rd=147.10, cd=0, um=0","Time elapsed: 3.65 seconds","/home/thomasverwaal/Robust-Rail-NL/mathematical-models/local_search_plans_discreet_120/plan_31_trains_31_units25.json"
"/home/thomasverwaal/Robust-Rail-NL/mathematical-models/scenarios_solver_types_120/scenario_solver_31_trains_31_units25.json","Cost of next node: Cost = 2,158.9 : 2,200.12 | cr=23, dd=31, da=9, tlv=8, sm=62, rd=145.16, cd=0, um=0","Time elapsed: 3.93 seconds","/home/thomasverwaal/Robust-Rail-NL/mathematical-models/local_search_plans_discreet_120/plan_31_trains_31_units25.json"
"/home/thomasverwaal/Robust-Rail-NL/mathematical-models/scenarios_solver_types_120/scenario_solver_31_trains_31_units25.json","Cost of next node: Cost = 2,128.9 : 2,175.18 | cr=18, dd=31, da=9, tlv=9, sm=62, rd=145.16, cd=0, um=0","Time elapsed: 4.27 seconds","/home/thomasverwaal/Robust-Rail-NL/mathematical-models/local_search_plans_discreet_120/plan_31_trains_31_units25.json"
"/home/thomasverwaal/Robust-Rail-NL/mathematical-models/scenarios_solver_types_120/scenario_solver_31_trains_31_units25.json","Cost of next node: Cost = 2,094.3 : 2,145.56 | cr=13, dd=31, da=9, tlv=10, sm=62, rd=147.10, cd=0, um=0","Time elapsed: 4.48 seconds","/home/thomasverwaal/Robust-Rail-NL/mathematical-models/local_search_plans_discreet_120/plan_31_trains_31_units25.json"
"/home/thomasverwaal/Robust-Rail-NL/mathematical-models/scenarios_solver_types_120/scenario_solver_31_trains_31_units25.json","Cost of next node: Cost = 2,065.7 : 2,116.89 | cr=12, dd=31, da=8, tlv=10, sm=62, rd=148.06, cd=0, um=0","Time elapsed: 4.68 seconds","/home/thomasverwaal/Robust-Rail-NL/mathematical-models/local_search_plans_discreet_120/plan_31_trains_31_units25.json"
"/home/thomasverwaal/Robust-Rail-NL/mathematical-models/scenarios_solver_types_120/scenario_solver_31_trains_31_units25.json","Cost of next node: Cost = 2,039.3 : 2,090.55 | cr=12, dd=31, da=7, tlv=10, sm=62, rd=144.19, cd=0, um=0","Time elapsed: 4.88 seconds","/home/thomasverwaal/Robust-Rail-NL/mathematical-models/local_search_plans_discreet_120/plan_31_trains_31_units25.json"
"/home/thomasverwaal/Robust-Rail-NL/mathematical-models/scenarios_solver_types_120/scenario_solver_31_trains_31_units25.json","Cost of next node: Cost = 2,015.9 : 2,072.10 | cr=14, dd=31, da=5, tlv=11, sm=62, rd=136.45, cd=0, um=0","Time elapsed: 5.16 seconds","/home/thomasverwaal/Robust-Rail-NL/mathematical-models/local_search_plans_discreet_120/plan_31_trains_31_units25.json"
"/home/thomasverwaal/Robust-Rail-NL/mathematical-models/scenarios_solver_types_120/scenario_solver_31_trains_31_units25.json","Cost of next node: Cost = 1,994.2 : 2,050.47 | cr=15, dd=31, da=4, tlv=11, sm=62, rd=130.65, cd=0, um=0","Time elapsed: 5.45 seconds","/home/thomasverwaal/Robust-Rail-NL/mathematical-models/local_search_plans_discreet_120/plan_31_trains_31_units25.json"
"/home/thomasverwaal/Robust-Rail-NL/mathematical-models/scenarios_solver_types_120/scenario_solver_31_trains_31_units25.json","Cost of next node: Cost = 1,940.2 : 2,001.39 | cr=12, dd=31, da=3, tlv=12, sm=62, rd=120.97, cd=0, um=0","Time elapsed: 5.72 seconds","/home/thomasverwaal/Robust-Rail-NL/mathematical-models/local_search_plans_discreet_120/plan_31_trains_31_units25.json"
"/home/thomasverwaal/Robust-Rail-NL/mathematical-models/scenarios_solver_types_120/scenario_solver_31_trains_31_units25.json","Cost of next node: Cost = 1,823.3 : 1,889.54 | cr=12, dd=29, da=2, tlv=13, sm=62, rd=113.23, cd=0, um=0","Time elapsed: 5.99 seconds","/home/thomasverwaal/Robust-Rail-NL/mathematical-models/local_search_plans_discreet_120/plan_31_trains_31_units25.json"
"/home/thomasverwaal/Robust-Rail-NL/mathematical-models/scenarios_solver_types_120/scenario_solver_31_trains_31_units25.json","Cost of next node: Cost = 1,747.3 : 1,818.56 | cr=13, dd=27, da=2, tlv=14, sm=62, rd=111.29, cd=0, um=0","Time elapsed: 6.30 seconds","/home/thomasverwaal/Robust-Rail-NL/mathematical-models/local_search_plans_discreet_120/plan_31_trains_31_units25.json"
"/home/thomasverwaal/Robust-Rail-NL/mathematical-models/scenarios_solver_types_120/scenario_solver_31_trains_31_units25.json","Cost of next node: Cost = 1,708.4 : 1,779.63 | cr=16, dd=26, da=1, tlv=14, sm=62, rd=105.48, cd=0, um=0","Time elapsed: 6.51 seconds","/home/thomasverwaal/Robust-Rail-NL/mathematical-models/local_search_plans_discreet_120/plan_31_trains_31_units25.json"
"/home/thomasverwaal/Robust-Rail-NL/mathematical-models/scenarios_solver_types_120/scenario_solver_31_trains_31_units25.json","Cost of next node: Cost = 1,683.4 : 1,749.63 | cr=15, dd=26, da=1, tlv=13, sm=62, rd=105.48, cd=0, um=0","Time elapsed: 6.68 seconds","/home/thomasverwaal/Robust-Rail-NL/mathematical-models/local_search_plans_discreet_120/plan_31_trains_31_units25.json"
"/home/thomasverwaal/Robust-Rail-NL/mathematical-models/scenarios_solver_types_120/scenario_solver_31_trains_31_units25.json","Cost of next node: Cost = 1,583.8 : 1,650.02 | cr=15, dd=24, da=1, tlv=13, sm=62, rd=103.55, cd=0, um=0","Time elapsed: 6.92 seconds","/home/thomasverwaal/Robust-Rail-NL/mathematical-models/local_search_plans_discreet_120/plan_31_trains_31_units25.json"
"/home/thomasverwaal/Robust-Rail-NL/mathematical-models/scenarios_solver_types_120/scenario_solver_31_trains_31_units25.json","Cost of next node: Cost = 1,448.3 : 1,519.51 | cr=15, dd=21, da=1, tlv=14, sm=62, rd=97.74, cd=0, um=0","Time elapsed: 7.15 seconds","/home/thomasverwaal/Robust-Rail-NL/mathematical-models/local_search_plans_discreet_120/plan_31_trains_31_units25.json"
"/home/thomasverwaal/Robust-Rail-NL/mathematical-models/scenarios_solver_types_120/scenario_solver_31_trains_31_units25.json","Cost of next node: Cost = 1,424.4 : 1,490.60 | cr=14, dd=21, da=1, tlv=13, sm=62, rd=99.68, cd=0, um=0","Time elapsed: 7.28 seconds","/home/thomasverwaal/Robust-Rail-NL/mathematical-models/local_search_plans_discreet_120/plan_31_trains_31_units25.json"
"/home/thomasverwaal/Robust-Rail-NL/mathematical-models/scenarios_solver_types_120/scenario_solver_31_trains_31_units25.json","Cost of next node: Cost = 1,350.2 : 1,421.49 | cr=15, dd=19, da=1, tlv=14, sm=62, rd=95.81, cd=0, um=0","Time elapsed: 7.49 seconds","/home/thomasverwaal/Robust-Rail-NL/mathematical-models/local_search_plans_discreet_120/plan_31_trains_31_units25.json"
"/home/thomasverwaal/Robust-Rail-NL/mathematical-models/scenarios_solver_types_120/scenario_solver_31_trains_31_units25.json","Cost of next node: Cost = 952.5 : 1,028.74 | cr=17, dd=11, da=0, tlv=15, sm=62, rd=84.19, cd=0, um=0","Time elapsed: 7.77 seconds","/home/thomasverwaal/Robust-Rail-NL/mathematical-models/local_search_plans_discreet_120/plan_31_trains_31_units25.json"
"/home/thomasverwaal/Robust-Rail-NL/mathematical-models/scenarios_solver_types_120/scenario_solver_31_trains_31_units25.json","Cost of next node: Cost = 851.8 : 928.04 | cr=18, dd=8, da=2, tlv=15, sm=62, rd=85.16, cd=0, um=0","Time elapsed: 7.88 seconds","/home/thomasverwaal/Robust-Rail-NL/mathematical-models/local_search_plans_discreet_120/plan_31_trains_31_units25.json"
"/home/thomasverwaal/Robust-Rail-NL/mathematical-models/scenarios_solver_types_120/scenario_solver_31_trains_31_units25.json","Cost of next node: Cost = 581.3 : 657.54 | cr=16, dd=3, da=2, tlv=15, sm=62, rd=79.35, cd=0, um=0","Time elapsed: 8.23 seconds","/home/thomasverwaal/Robust-Rail-NL/mathematical-models/local_search_plans_discreet_120/plan_31_trains_31_units25.json"
"/home/thomasverwaal/Robust-Rail-NL/mathematical-models/scenarios_solver_types_120/scenario_solver_31_trains_31_units25.json","Cost of next node: Cost = 561.3 : 637.56 | cr=14, dd=3, da=2, tlv=15, sm=63, rd=80.00, cd=0, um=0","Time elapsed: 12.36 seconds","/home/thomasverwaal/Robust-Rail-NL/mathematical-models/local_search_plans_discreet_120/plan_31_trains_31_units25.json"
"/home/thomasverwaal/Robust-Rail-NL/mathematical-models/scenarios_solver_types_120/scenario_solver_31_trains_31_units25.json","Cost of next node: Cost = 536.3 : 607.56 | cr=13, dd=3, da=2, tlv=14, sm=63, rd=80.00, cd=0, um=0","Time elapsed: 12.73 seconds","/home/thomasverwaal/Robust-Rail-NL/mathematical-models/local_search_plans_discreet_120/plan_31_trains_31_units25.json"
"/home/thomasverwaal/Robust-Rail-NL/mathematical-models/scenarios_solver_types_120/scenario_solver_31_trains_31_units25.json","Cost of next node: Cost = 521.3 : 587.54 | cr=13, dd=3, da=2, tlv=13, sm=62, rd=81.29, cd=0, um=0","Time elapsed: 17.07 seconds","/home/thomasverwaal/Robust-Rail-NL/mathematical-models/local_search_plans_discreet_120/plan_31_trains_31_units25.json"
"/home/thomasverwaal/Robust-Rail-NL/mathematical-models/scenarios_solver_types_120/scenario_solver_31_trains_31_units25.json","Cost of next node: Cost = 511.3 : 577.54 | cr=12, dd=3, da=2, tlv=13, sm=62, rd=81.29, cd=0, um=0","Time elapsed: 20.73 seconds","/home/thomasverwaal/Robust-Rail-NL/mathematical-models/local_search_plans_discreet_120/plan_31_trains_31_units25.json"
"/home/thomasverwaal/Robust-Rail-NL/mathematical-models/scenarios_solver_types_120/scenario_solver_31_trains_31_units25.json","Cost of next node: Cost = 501.3 : 567.54 | cr=11, dd=3, da=2, tlv=13, sm=62, rd=81.29, cd=0, um=0","Time elapsed: 23.92 seconds","/home/thomasverwaal/Robust-Rail-NL/mathematical-models/local_search_plans_discreet_120/plan_31_trains_31_units25.json"
"/home/thomasverwaal/Robust-Rail-NL/mathematical-models/scenarios_solver_types_120/scenario_solver_31_trains_31_units25.json","Cost of next node: Cost = 491.3 : 557.54 | cr=10, dd=3, da=2, tlv=13, sm=62, rd=81.29, cd=0, um=0","Time elapsed: 26.81 seconds","/home/thomasverwaal/Robust-Rail-NL/mathematical-models/local_search_plans_discreet_120/plan_31_trains_31_units25.json"
"/home/thomasverwaal/Robust-Rail-NL/mathematical-models/scenarios_solver_types_120/scenario_solver_31_trains_31_units25.json","Cost of next node: Cost = 481.3 : 547.54 | cr=9, dd=3, da=2, tlv=13, sm=62, rd=81.29, cd=0, um=0","Time elapsed: 29.12 seconds","/home/thomasverwaal/Robust-Rail-NL/mathematical-models/local_search_plans_discreet_120/plan_31_trains_31_units25.json"
"/home/thomasverwaal/Robust-Rail-NL/mathematical-models/scenarios_solver_types_120/scenario_solver_31_trains_31_units25.json","Cost of next node: Cost = 471.3 : 537.54 | cr=8, dd=3, da=2, tlv=13, sm=62, rd=81.29, cd=0, um=0","Time elapsed: 30.88 seconds","/home/thomasverwaal/Robust-Rail-NL/mathematical-models/local_search_plans_discreet_120/plan_31_trains_31_units25.json"
"/home/thomasverwaal/Robust-Rail-NL/mathematical-models/scenarios_solver_types_120/scenario_solver_31_trains_31_units25.json","Cost of next node: Cost = 461.3 : 527.54 | cr=7, dd=3, da=2, tlv=13, sm=62, rd=81.29, cd=0, um=0","Time elapsed: 32.30 seconds","/home/thomasverwaal/Robust-Rail-NL/mathematical-models/local_search_plans_discreet_120/plan_31_trains_31_units25.json"
"/home/thomasverwaal/Robust-Rail-NL/mathematical-models/scenarios_solver_types_120/scenario_solver_31_trains_31_units25.json","Cost of next node: Cost = 456.3 : 517.54 | cr=8, dd=3, da=2, tlv=12, sm=62, rd=83.23, cd=0, um=0","Time elapsed: 33.54 seconds","/home/thomasverwaal/Robust-Rail-NL/mathematical-models/local_search_plans_discreet_120/plan_31_trains_31_units25.json"
"/home/thomasverwaal/Robust-Rail-NL/mathematical-models/scenarios_solver_types_120/scenario_solver_31_trains_31_units25.json","Cost of next node: Cost = 446.3 : 507.54 | cr=7, dd=3, da=2, tlv=12, sm=62, rd=83.23, cd=0, um=0","Time elapsed: 35.09 seconds","/home/thomasverwaal/Robust-Rail-NL/mathematical-models/local_search_plans_discreet_120/plan_31_trains_31_units25.json"
"/home/thomasverwaal/Robust-Rail-NL/mathematical-models/scenarios_solver_types_120/scenario_solver_31_trains_31_units25.json","Cost of next node: Cost = 436.3 : 497.54 | cr=6, dd=3, da=2, tlv=12, sm=62, rd=83.23, cd=0, um=0","Time elapsed: 36.10 seconds","/home/thomasverwaal/Robust-Rail-NL/mathematical-models/local_search_plans_discreet_120/plan_31_trains_31_units25.json"
"/home/thomasverwaal/Robust-Rail-NL/mathematical-models/scenarios_solver_types_120/scenario_solver_31_trains_31_units25.json","Cost of next node: Cost = 280.0 : 351.24 | cr=7, dd=0, da=0, tlv=14, sm=62, rd=77.42, cd=0, um=0","Time elapsed: 38.95 seconds","/home/thomasverwaal/Robust-Rail-NL/mathematical-models/local_search_plans_discreet_120/plan_31_trains_31_units25.json"
"/home/thomasverwaal/Robust-Rail-NL/mathematical-models/scenarios_solver_types_120/scenario_solver_31_trains_31_units25.json","Cost of next node: Cost = 255.0 : 321.24 | cr=6, dd=0, da=0, tlv=13, sm=62, rd=77.42, cd=0, um=0","Time elapsed: 39.16 seconds","/home/thomasverwaal/Robust-Rail-NL/mathematical-models/local_search_plans_discreet_120/plan_31_trains_31_units25.json"
"/home/thomasverwaal/Robust-Rail-NL/mathematical-models/scenarios_solver_types_120/scenario_solver_31_trains_31_units25.json","Cost of next node: Cost = 250.0 : 321.26 | cr=4, dd=0, da=0, tlv=14, sm=63, rd=80.00, cd=0, um=0","Time elapsed: 112.66 seconds","/home/thomasverwaal/Robust-Rail-NL/mathematical-models/local_search_plans_discreet_120/plan_31_trains_31_units25.json"
"/home/thomasverwaal/Robust-Rail-NL/mathematical-models/scenarios_solver_types_120/scenario_solver_31_trains_31_units25.json","Cost of next node: Cost = 235.0 : 301.26 | cr=4, dd=0, da=0, tlv=13, sm=63, rd=78.10, cd=0, um=0","Time elapsed: 113.63 seconds","/home/thomasverwaal/Robust-Rail-NL/mathematical-models/local_search_plans_discreet_120/plan_31_trains_31_units25.json"
"/home/thomasverwaal/Robust-Rail-NL/mathematical-models/scenarios_solver_types_120/scenario_solver_31_trains_31_units25.json","Cost of next node: Cost = 225.0 : 291.26 | cr=3, dd=0, da=0, tlv=13, sm=63, rd=78.10, cd=0, um=0","Time elapsed: 114.57 seconds","/home/thomasverwaal/Robust-Rail-NL/mathematical-models/local_search_plans_discreet_120/plan_31_trains_31_units25.json"
"/home/thomasverwaal/Robust-Rail-NL/mathematical-models/scenarios_solver_types_120/scenario_solver_31_trains_31_units25.json","Cost of next node: Cost = 215.0 : 281.26 | cr=2, dd=0, da=0, tlv=13, sm=63, rd=78.10, cd=0, um=0","Time elapsed: 115.66 seconds","/home/thomasverwaal/Robust-Rail-NL/mathematical-models/local_search_plans_discreet_120/plan_31_trains_31_units25.json"
"/home/thomasverwaal/Robust-Rail-NL/mathematical-models/scenarios_solver_types_120/scenario_solver_31_trains_31_units25.json","Cost of next node: Cost = 205.0 : 271.26 | cr=1, dd=0, da=0, tlv=13, sm=63, rd=78.10, cd=0, um=0","Time elapsed: 123.10 seconds","/home/thomasverwaal/Robust-Rail-NL/mathematical-models/local_search_plans_discreet_120/plan_31_trains_31_units25.json"
"/home/thomasverwaal/Robust-Rail-NL/mathematical-models/scenarios_solver_types_120/scenario_solver_31_trains_31_units25.json","NO_COST_FOUND","NO_TIME_FOUND","NO_PLAN_CREATED"
"/home/thomasverwaal/Robust-Rail-NL/mathematical-models/scenarios_solver_types_120/scenario_solver_31_trains_31_units26.json","Cost of next node: Cost = 2,746.6 : 2,752.88 | cr=46, dd=31, da=27, tlv=1, sm=62, rd=183.87, cd=0, um=0","Time elapsed: 2.07 seconds","/home/thomasverwaal/Robust-Rail-NL/mathematical-models/local_search_plans_discreet_120/plan_31_trains_31_units26.json"
"/home/thomasverwaal/Robust-Rail-NL/mathematical-models/scenarios_solver_types_120/scenario_solver_31_trains_31_units26.json","Cost of next node: Cost = 2,709.1 : 2,715.34 | cr=44, dd=31, da=27, tlv=1, sm=62, rd=180.00, cd=0, um=0","Time elapsed: 2.24 seconds","/home/thomasverwaal/Robust-Rail-NL/mathematical-models/local_search_plans_discreet_120/plan_31_trains_31_units26.json"
"/home/thomasverwaal/Robust-Rail-NL/mathematical-models/scenarios_solver_types_120/scenario_solver_31_trains_31_units26.json","Cost of next node: Cost = 2,673.9 : 2,685.16 | cr=41, dd=31, da=25, tlv=2, sm=62, rd=183.87, cd=0, um=0","Time elapsed: 2.36 seconds","/home/thomasverwaal/Robust-Rail-NL/mathematical-models/local_search_plans_discreet_120/plan_31_trains_31_units26.json"
"/home/thomasverwaal/Robust-Rail-NL/mathematical-models/scenarios_solver_types_120/scenario_solver_31_trains_31_units26.json","Cost of next node: Cost = 2,647.6 : 2,658.84 | cr=39, dd=31, da=25, tlv=2, sm=62, rd=181.94, cd=0, um=0","Time elapsed: 2.46 seconds","/home/thomasverwaal/Robust-Rail-NL/mathematical-models/local_search_plans_discreet_120/plan_31_trains_31_units26.json"
"/home/thomasverwaal/Robust-Rail-NL/mathematical-models/scenarios_solver_types_120/scenario_solver_31_trains_31_units26.json","Cost of next node: Cost = 2,602.8 : 2,618.99 | cr=37, dd=31, da=23, tlv=3, sm=62, rd=180.00, cd=0, um=0","Time elapsed: 2.58 seconds","/home/thomasverwaal/Robust-Rail-NL/mathematical-models/local_search_plans_discreet_120/plan_31_trains_31_units26.json"
"/home/thomasverwaal/Robust-Rail-NL/mathematical-models/scenarios_solver_types_120/scenario_solver_31_trains_31_units26.json","Cost of next node: Cost = 2,561.3 : 2,582.51 | cr=33, dd=31, da=23, tlv=4, sm=62, rd=175.16, cd=0, um=0","Time elapsed: 2.71 seconds","/home/thomasverwaal/Robust-Rail-NL/mathematical-models/local_search_plans_discreet_120/plan_31_trains_31_units26.json"
"/home/thomasverwaal/Robust-Rail-NL/mathematical-models/scenarios_solver_types_120/scenario_solver_31_trains_31_units26.json","Cost of next node: Cost = 2,490.5 : 2,516.69 | cr=24, dd=31, da=22, tlv=5, sm=62, rd=185.81, cd=0, um=0","Time elapsed: 2.85 seconds","/home/thomasverwaal/Robust-Rail-NL/mathematical-models/local_search_plans_discreet_120/plan_31_trains_31_units26.json"
"/home/thomasverwaal/Robust-Rail-NL/mathematical-models/scenarios_solver_types_120/scenario_solver_31_trains_31_units26.json","Cost of next node: Cost = 2,469.5 : 2,495.76 | cr=27, dd=31, da=20, tlv=5, sm=62, rd=186.77, cd=0, um=0","Time elapsed: 2.94 seconds","/home/thomasverwaal/Robust-Rail-NL/mathematical-models/local_search_plans_discreet_120/plan_31_trains_31_units26.json"
"/home/thomasverwaal/Robust-Rail-NL/mathematical-models/scenarios_solver_types_120/scenario_solver_31_trains_31_units26.json","Cost of next node: Cost = 2,439.4 : 2,465.66 | cr=26, dd=31, da=19, tlv=5, sm=62, rd=185.81, cd=0, um=0","Time elapsed: 3.09 seconds","/home/thomasverwaal/Robust-Rail-NL/mathematical-models/local_search_plans_discreet_120/plan_31_trains_31_units26.json"
"/home/thomasverwaal/Robust-Rail-NL/mathematical-models/scenarios_solver_types_120/scenario_solver_31_trains_31_units26.json","Cost of next node: Cost = 2,406.3 : 2,437.54 | cr=30, dd=31, da=17, tlv=6, sm=62, rd=172.26, cd=0, um=0","Time elapsed: 3.25 seconds","/home/thomasverwaal/Robust-Rail-NL/mathematical-models/local_search_plans_discreet_120/plan_31_trains_31_units26.json"
"/home/thomasverwaal/Robust-Rail-NL/mathematical-models/scenarios_solver_types_120/scenario_solver_31_trains_31_units26.json","Cost of next node: Cost = 2,352.2 : 2,383.47 | cr=34, dd=31, da=13, tlv=6, sm=62, rd=164.52, cd=0, um=0","Time elapsed: 3.30 seconds","/home/thomasverwaal/Robust-Rail-NL/mathematical-models/local_search_plans_discreet_120/plan_31_trains_31_units26.json"
"/home/thomasverwaal/Robust-Rail-NL/mathematical-models/scenarios_solver_types_120/scenario_solver_31_trains_31_units26.json","Cost of next node: Cost = 2,328.3 : 2,359.49 | cr=33, dd=31, da=12, tlv=6, sm=62, rd=166.45, cd=0, um=0","Time elapsed: 3.54 seconds","/home/thomasverwaal/Robust-Rail-NL/mathematical-models/local_search_plans_discreet_120/plan_31_trains_31_units26.json"
"/home/thomasverwaal/Robust-Rail-NL/mathematical-models/scenarios_solver_types_120/scenario_solver_31_trains_31_units26.json","Cost of next node: Cost = 2,275.8 : 2,312.02 | cr=27, dd=31, da=12, tlv=7, sm=62, rd=164.52, cd=0, um=0","Time elapsed: 3.82 seconds","/home/thomasverwaal/Robust-Rail-NL/mathematical-models/local_search_plans_discreet_120/plan_31_trains_31_units26.json"
"/home/thomasverwaal/Robust-Rail-NL/mathematical-models/scenarios_solver_types_120/scenario_solver_31_trains_31_units26.json","Cost of next node: Cost = 2,249.2 : 2,285.46 | cr=24, dd=31, da=12, tlv=7, sm=62, rd=164.52, cd=0, um=0","Time elapsed: 4.18 seconds","/home/thomasverwaal/Robust-Rail-NL/mathematical-models/local_search_plans_discreet_120/plan_31_trains_31_units26.json"
"/home/thomasverwaal/Robust-Rail-NL/mathematical-models/scenarios_solver_types_120/scenario_solver_31_trains_31_units26.json","Cost of next node: Cost = 2,222.2 : 2,263.49 | cr=19, dd=31, da=12, tlv=8, sm=62, rd=166.45, cd=0, um=0","Time elapsed: 4.52 seconds","/home/thomasverwaal/Robust-Rail-NL/mathematical-models/local_search_plans_discreet_120/plan_31_trains_31_units26.json"
"/home/thomasverwaal/Robust-Rail-NL/mathematical-models/scenarios_solver_types_120/scenario_solver_31_trains_31_units26.json","Cost of next node: Cost = 2,185.8 : 2,227.06 | cr=18, dd=31, da=11, tlv=8, sm=62, rd=162.58, cd=0, um=0","Time elapsed: 4.93 seconds","/home/thomasverwaal/Robust-Rail-NL/mathematical-models/local_search_plans_discreet_120/plan_31_trains_31_units26.json"
"/home/thomasverwaal/Robust-Rail-NL/mathematical-models/scenarios_solver_types_120/scenario_solver_31_trains_31_units26.json","Cost of next node: Cost = 2,158.5 : 2,199.71 | cr=18, dd=31, da=10, tlv=8, sm=62, rd=160.65, cd=0, um=0","Time elapsed: 5.31 seconds","/home/thomasverwaal/Robust-Rail-NL/mathematical-models/local_search_plans_discreet_120/plan_31_trains_31_units26.json"
"/home/thomasverwaal/Robust-Rail-NL/mathematical-models/scenarios_solver_types_120/scenario_solver_31_trains_31_units26.json","Cost of next node: Cost = 2,134.8 : 2,171.02 | cr=17, dd=31, da=10, tlv=7, sm=62, rd=162.58, cd=0, um=0","Time elapsed: 5.46 seconds","/home/thomasverwaal/Robust-Rail-NL/mathematical-models/local_search_plans_discreet_120/plan_31_trains_31_units26.json"
"/home/thomasverwaal/Robust-Rail-NL/mathematical-models/scenarios_solver_types_120/scenario_solver_31_trains_31_units26.json","Cost of next node: Cost = 2,112.7 : 2,153.95 | cr=16, dd=31, da=9, tlv=8, sm=62, rd=158.71, cd=0, um=0","Time elapsed: 5.92 seconds","/home/thomasverwaal/Robust-Rail-NL/mathematical-models/local_search_plans_discreet_120/plan_31_trains_31_units26.json"
"/home/thomasverwaal/Robust-Rail-NL/mathematical-models/scenarios_solver_types_120/scenario_solver_31_trains_31_units26.json","Cost of next node: Cost = 2,084.3 : 2,125.52 | cr=15, dd=31, da=8, tlv=8, sm=62, rd=157.74, cd=0, um=0","Time elapsed: 6.12 seconds","/home/thomasverwaal/Robust-Rail-NL/mathematical-models/local_search_plans_discreet_120/plan_31_trains_31_units26.json"
"/home/thomasverwaal/Robust-Rail-NL/mathematical-models/scenarios_solver_types_120/scenario_solver_31_trains_31_units26.json","Cost of next node: Cost = 2,053.5 : 2,094.73 | cr=15, dd=31, da=7, tlv=8, sm=62, rd=150.00, cd=0, um=0","Time elapsed: 6.76 seconds","/home/thomasverwaal/Robust-Rail-NL/mathematical-models/local_search_plans_discreet_120/plan_31_trains_31_units26.json"
"/home/thomasverwaal/Robust-Rail-NL/mathematical-models/scenarios_solver_types_120/scenario_solver_31_trains_31_units26.json","Cost of next node: Cost = 2,008.9 : 2,055.10 | cr=12, dd=31, da=7, tlv=9, sm=62, rd=140.32, cd=0, um=0","Time elapsed: 7.24 seconds","/home/thomasverwaal/Robust-Rail-NL/mathematical-models/local_search_plans_discreet_120/plan_31_trains_31_units26.json"
"/home/thomasverwaal/Robust-Rail-NL/mathematical-models/scenarios_solver_types_120/scenario_solver_31_trains_31_units26.json","Cost of next node: Cost = 1,977.7 : 2,023.92 | cr=12, dd=31, da=6, tlv=9, sm=62, rd=136.45, cd=0, um=0","Time elapsed: 7.71 seconds","/home/thomasverwaal/Robust-Rail-NL/mathematical-models/local_search_plans_discreet_120/plan_31_trains_31_units26.json"
"/home/thomasverwaal/Robust-Rail-NL/mathematical-models/scenarios_solver_types_120/scenario_solver_31_trains_31_units26.json","Cost of next node: Cost = 1,954.4 : 2,005.61 | cr=12, dd=31, da=4, tlv=10, sm=62, rd=134.52, cd=0, um=0","Time elapsed: 8.22 seconds","/home/thomasverwaal/Robust-Rail-NL/mathematical-models/local_search_plans_discreet_120/plan_31_trains_31_units26.json"
"/home/thomasverwaal/Robust-Rail-NL/mathematical-models/scenarios_solver_types_120/scenario_solver_31_trains_31_units26.json","Cost of next node: Cost = 1,929.3 : 1,980.52 | cr=12, dd=31, da=3, tlv=10, sm=62, rd=130.65, cd=0, um=0","Time elapsed: 8.29 seconds","/home/thomasverwaal/Robust-Rail-NL/mathematical-models/local_search_plans_discreet_120/plan_31_trains_31_units26.json"
"/home/thomasverwaal/Robust-Rail-NL/mathematical-models/scenarios_solver_types_120/scenario_solver_31_trains_31_units26.json","Cost of next node: Cost = 1,864.9 : 1,921.16 | cr=21, dd=28, da=3, tlv=11, sm=62, rd=107.42, cd=0, um=0","Time elapsed: 8.88 seconds","/home/thomasverwaal/Robust-Rail-NL/mathematical-models/local_search_plans_discreet_120/plan_31_trains_31_units26.json"
"/home/thomasverwaal/Robust-Rail-NL/mathematical-models/scenarios_solver_types_120/scenario_solver_31_trains_31_units26.json","Cost of next node: Cost = 1,678.3 : 1,739.56 | cr=21, dd=24, da=3, tlv=12, sm=62, rd=100.65, cd=0, um=0","Time elapsed: 8.99 seconds","/home/thomasverwaal/Robust-Rail-NL/mathematical-models/local_search_plans_discreet_120/plan_31_trains_31_units26.json"
"/home/thomasverwaal/Robust-Rail-NL/mathematical-models/scenarios_solver_types_120/scenario_solver_31_trains_31_units26.json","Cost of next node: Cost = 1,630.6 : 1,696.87 | cr=21, dd=22, da=5, tlv=13, sm=62, rd=98.71, cd=0, um=0","Time elapsed: 9.31 seconds","/home/thomasverwaal/Robust-Rail-NL/mathematical-models/local_search_plans_discreet_120/plan_31_trains_31_units26.json"
"/home/thomasverwaal/Robust-Rail-NL/mathematical-models/scenarios_solver_types_120/scenario_solver_31_trains_31_units26.json","Cost of next node: Cost = 1,587.7 : 1,658.97 | cr=21, dd=22, da=2, tlv=14, sm=62, rd=96.77, cd=0, um=0","Time elapsed: 9.43 seconds","/home/thomasverwaal/Robust-Rail-NL/mathematical-models/local_search_plans_discreet_120/plan_31_trains_31_units26.json"
"/home/thomasverwaal/Robust-Rail-NL/mathematical-models/scenarios_solver_types_120/scenario_solver_31_trains_31_units26.json","Cost of next node: Cost = 1,552.9 : 1,629.11 | cr=21, dd=21, da=2, tlv=15, sm=62, rd=94.84, cd=0, um=0","Time elapsed: 9.56 seconds","/home/thomasverwaal/Robust-Rail-NL/mathematical-models/local_search_plans_discreet_120/plan_31_trains_31_units26.json"
"/home/thomasverwaal/Robust-Rail-NL/mathematical-models/scenarios_solver_types_120/scenario_solver_31_trains_31_units26.json","Cost of next node: Cost = 1,527.9 : 1,599.11 | cr=20, dd=21, da=2, tlv=14, sm=62, rd=96.77, cd=0, um=0","Time elapsed: 9.83 seconds","/home/thomasverwaal/Robust-Rail-NL/mathematical-models/local_search_plans_discreet_120/plan_31_trains_31_units26.json"
"/home/thomasverwaal/Robust-Rail-NL/mathematical-models/scenarios_solver_types_120/scenario_solver_31_trains_31_units26.json","Cost of next node: Cost = 1,501.9 : 1,578.13 | cr=21, dd=20, da=2, tlv=15, sm=62, rd=94.84, cd=0, um=0","Time elapsed: 10.04 seconds","/home/thomasverwaal/Robust-Rail-NL/mathematical-models/local_search_plans_discreet_120/plan_31_trains_31_units26.json"
"/home/thomasverwaal/Robust-Rail-NL/mathematical-models/scenarios_solver_types_120/scenario_solver_31_trains_31_units26.json","Cost of next node: Cost = 1,476.9 : 1,548.13 | cr=20, dd=20, da=2, tlv=14, sm=62, rd=96.77, cd=0, um=0","Time elapsed: 10.28 seconds","/home/thomasverwaal/Robust-Rail-NL/mathematical-models/local_search_plans_discreet_120/plan_31_trains_31_units26.json"
"/home/thomasverwaal/Robust-Rail-NL/mathematical-models/scenarios_solver_types_120/scenario_solver_31_trains_31_units26.json","Cost of next node: Cost = 1,451.9 : 1,518.13 | cr=19, dd=20, da=2, tlv=13, sm=62, rd=96.77, cd=0, um=0","Time elapsed: 10.45 seconds","/home/thomasverwaal/Robust-Rail-NL/mathematical-models/local_search_plans_discreet_120/plan_31_trains_31_units26.json"
"/home/thomasverwaal/Robust-Rail-NL/mathematical-models/scenarios_solver_types_120/scenario_solver_31_trains_31_units26.json","Cost of next node: Cost = 995.3 : 1,066.59 | cr=15, dd=12, da=1, tlv=14, sm=62, rd=89.03, cd=0, um=0","Time elapsed: 10.78 seconds","/home/thomasverwaal/Robust-Rail-NL/mathematical-models/local_search_plans_discreet_120/plan_31_trains_31_units26.json"
"/home/thomasverwaal/Robust-Rail-NL/mathematical-models/scenarios_solver_types_120/scenario_solver_31_trains_31_units26.json","Cost of next node: Cost = 529.5 : 605.74 | cr=15, dd=3, da=0, tlv=15, sm=62, rd=77.42, cd=0, um=0","Time elapsed: 10.96 seconds","/home/thomasverwaal/Robust-Rail-NL/mathematical-models/local_search_plans_discreet_120/plan_31_trains_31_units26.json"
"/home/thomasverwaal/Robust-Rail-NL/mathematical-models/scenarios_solver_types_120/scenario_solver_31_trains_31_units26.json","Cost of next node: Cost = 380.0 : 461.24 | cr=14, dd=0, da=0, tlv=16, sm=62, rd=71.61, cd=0, um=0","Time elapsed: 11.18 seconds","/home/thomasverwaal/Robust-Rail-NL/mathematical-models/local_search_plans_discreet_120/plan_31_trains_31_units26.json"
"/home/thomasverwaal/Robust-Rail-NL/mathematical-models/scenarios_solver_types_120/scenario_solver_31_trains_31_units26.json","Cost of next node: Cost = 365.0 : 441.24 | cr=14, dd=0, da=0, tlv=15, sm=62, rd=73.55, cd=0, um=0","Time elapsed: 15.99 seconds","/home/thomasverwaal/Robust-Rail-NL/mathematical-models/local_search_plans_discreet_120/plan_31_trains_31_units26.json"
"/home/thomasverwaal/Robust-Rail-NL/mathematical-models/scenarios_solver_types_120/scenario_solver_31_trains_31_units26.json","Cost of next node: Cost = 350.0 : 421.24 | cr=14, dd=0, da=0, tlv=14, sm=62, rd=75.48, cd=0, um=0","Time elapsed: 20.01 seconds","/home/thomasverwaal/Robust-Rail-NL/mathematical-models/local_search_plans_discreet_120/plan_31_trains_31_units26.json"
"/home/thomasverwaal/Robust-Rail-NL/mathematical-models/scenarios_solver_types_120/scenario_solver_31_trains_31_units26.json","Cost of next node: Cost = 340.0 : 411.24 | cr=13, dd=0, da=0, tlv=14, sm=62, rd=75.48, cd=0, um=0","Time elapsed: 23.54 seconds","/home/thomasverwaal/Robust-Rail-NL/mathematical-models/local_search_plans_discreet_120/plan_31_trains_31_units26.json"
"/home/thomasverwaal/Robust-Rail-NL/mathematical-models/scenarios_solver_types_120/scenario_solver_31_trains_31_units26.json","Cost of next node: Cost = 330.0 : 401.24 | cr=12, dd=0, da=0, tlv=14, sm=62, rd=75.48, cd=0, um=0","Time elapsed: 26.39 seconds","/home/thomasverwaal/Robust-Rail-NL/mathematical-models/local_search_plans_discreet_120/plan_31_trains_31_units26.json"
"/home/thomasverwaal/Robust-Rail-NL/mathematical-models/scenarios_solver_types_120/scenario_solver_31_trains_31_units26.json","Cost of next node: Cost = 320.0 : 391.26 | cr=11, dd=0, da=0, tlv=14, sm=63, rd=76.19, cd=0, um=0","Time elapsed: 28.84 seconds","/home/thomasverwaal/Robust-Rail-NL/mathematical-models/local_search_plans_discreet_120/plan_31_trains_31_units26.json"
"/home/thomasverwaal/Robust-Rail-NL/mathematical-models/scenarios_solver_types_120/scenario_solver_31_trains_31_units26.json","Cost of next node: Cost = 315.0 : 381.26 | cr=12, dd=0, da=0, tlv=13, sm=63, rd=78.10, cd=0, um=0","Time elapsed: 31.38 seconds","/home/thomasverwaal/Robust-Rail-NL/mathematical-models/local_search_plans_discreet_120/plan_31_trains_31_units26.json"
"/home/thomasverwaal/Robust-Rail-NL/mathematical-models/scenarios_solver_types_120/scenario_solver_31_trains_31_units26.json","Cost of next node: Cost = 305.0 : 371.26 | cr=11, dd=0, da=0, tlv=13, sm=63, rd=78.10, cd=0, um=0","Time elapsed: 33.63 seconds","/home/thomasverwaal/Robust-Rail-NL/mathematical-models/local_search_plans_discreet_120/plan_31_trains_31_units26.json"
"/home/thomasverwaal/Robust-Rail-NL/mathematical-models/scenarios_solver_types_120/scenario_solver_31_trains_31_units26.json","Cost of next node: Cost = 295.0 : 361.26 | cr=10, dd=0, da=0, tlv=13, sm=63, rd=78.10, cd=0, um=0","Time elapsed: 36.11 seconds","/home/thomasverwaal/Robust-Rail-NL/mathematical-models/local_search_plans_discreet_120/plan_31_trains_31_units26.json"
"/home/thomasverwaal/Robust-Rail-NL/mathematical-models/scenarios_solver_types_120/scenario_solver_31_trains_31_units26.json","Cost of next node: Cost = 285.0 : 351.26 | cr=9, dd=0, da=0, tlv=13, sm=63, rd=78.10, cd=0, um=0","Time elapsed: 38.31 seconds","/home/thomasverwaal/Robust-Rail-NL/mathematical-models/local_search_plans_discreet_120/plan_31_trains_31_units26.json"
"/home/thomasverwaal/Robust-Rail-NL/mathematical-models/scenarios_solver_types_120/scenario_solver_31_trains_31_units26.json","Cost of next node: Cost = 275.0 : 341.28 | cr=8, dd=0, da=0, tlv=13, sm=64, rd=78.75, cd=0, um=0","Time elapsed: 39.98 seconds","/home/thomasverwaal/Robust-Rail-NL/mathematical-models/local_search_plans_discreet_120/plan_31_trains_31_units26.json"
"/home/thomasverwaal/Robust-Rail-NL/mathematical-models/scenarios_solver_types_120/scenario_solver_31_trains_31_units26.json","Cost of next node: Cost = 265.0 : 331.28 | cr=7, dd=0, da=0, tlv=13, sm=64, rd=78.75, cd=0, um=0","Time elapsed: 45.16 seconds","/home/thomasverwaal/Robust-Rail-NL/mathematical-models/local_search_plans_discreet_120/plan_31_trains_31_units26.json"
"/home/thomasverwaal/Robust-Rail-NL/mathematical-models/scenarios_solver_types_120/scenario_solver_31_trains_31_units26.json","Cost of next node: Cost = 255.0 : 321.28 | cr=6, dd=0, da=0, tlv=13, sm=64, rd=78.75, cd=0, um=0","Time elapsed: 49.71 seconds","/home/thomasverwaal/Robust-Rail-NL/mathematical-models/local_search_plans_discreet_120/plan_31_trains_31_units26.json"
"/home/thomasverwaal/Robust-Rail-NL/mathematical-models/scenarios_solver_types_120/scenario_solver_31_trains_31_units26.json","Cost of next node: Cost = 245.0 : 311.28 | cr=5, dd=0, da=0, tlv=13, sm=64, rd=78.75, cd=0, um=0","Time elapsed: 51.08 seconds","/home/thomasverwaal/Robust-Rail-NL/mathematical-models/local_search_plans_discreet_120/plan_31_trains_31_units26.json"
"/home/thomasverwaal/Robust-Rail-NL/mathematical-models/scenarios_solver_types_120/scenario_solver_31_trains_31_units26.json","Cost of next node: Cost = 235.0 : 301.28 | cr=4, dd=0, da=0, tlv=13, sm=64, rd=78.75, cd=0, um=0","Time elapsed: 52.19 seconds","/home/thomasverwaal/Robust-Rail-NL/mathematical-models/local_search_plans_discreet_120/plan_31_trains_31_units26.json"
"/home/thomasverwaal/Robust-Rail-NL/mathematical-models/scenarios_solver_types_120/scenario_solver_31_trains_31_units26.json","Cost of next node: Cost = 225.0 : 291.28 | cr=3, dd=0, da=0, tlv=13, sm=64, rd=80.62, cd=0, um=0","Time elapsed: 184.72 seconds","/home/thomasverwaal/Robust-Rail-NL/mathematical-models/local_search_plans_discreet_120/plan_31_trains_31_units26.json"
"/home/thomasverwaal/Robust-Rail-NL/mathematical-models/scenarios_solver_types_120/scenario_solver_31_trains_31_units26.json","NO_COST_FOUND","NO_TIME_FOUND","NO_PLAN_CREATED"
"/home/thomasverwaal/Robust-Rail-NL/mathematical-models/scenarios_solver_types_120/scenario_solver_31_trains_31_units27.json","Cost of next node: Cost = 2,837.0 : 2,843.25 | cr=53, dd=31, da=27, tlv=1, sm=62, rd=190.65, cd=0, um=0","Time elapsed: 2.16 seconds","/home/thomasverwaal/Robust-Rail-NL/mathematical-models/local_search_plans_discreet_120/plan_31_trains_31_units27.json"
"/home/thomasverwaal/Robust-Rail-NL/mathematical-models/scenarios_solver_types_120/scenario_solver_31_trains_31_units27.json","Cost of next node: Cost = 2,812.0 : 2,813.25 | cr=52, dd=31, da=27, tlv=0, sm=62, rd=190.65, cd=0, um=0","Time elapsed: 2.29 seconds","/home/thomasverwaal/Robust-Rail-NL/mathematical-models/local_search_plans_discreet_120/plan_31_trains_31_units27.json"
"/home/thomasverwaal/Robust-Rail-NL/mathematical-models/scenarios_solver_types_120/scenario_solver_31_trains_31_units27.json","Cost of next node: Cost = 2,779.5 : 2,785.71 | cr=49, dd=31, da=27, tlv=1, sm=62, rd=186.77, cd=0, um=0","Time elapsed: 2.38 seconds","/home/thomasverwaal/Robust-Rail-NL/mathematical-models/local_search_plans_discreet_120/plan_31_trains_31_units27.json"
"/home/thomasverwaal/Robust-Rail-NL/mathematical-models/scenarios_solver_types_120/scenario_solver_31_trains_31_units27.json","Cost of next node: Cost = 2,721.5 : 2,732.78 | cr=42, dd=31, da=26, tlv=2, sm=62, rd=189.68, cd=0, um=0","Time elapsed: 2.44 seconds","/home/thomasverwaal/Robust-Rail-NL/mathematical-models/local_search_plans_discreet_120/plan_31_trains_31_units27.json"
"/home/thomasverwaal/Robust-Rail-NL/mathematical-models/scenarios_solver_types_120/scenario_solver_31_trains_31_units27.json","Cost of next node: Cost = 2,627.2 : 2,643.47 | cr=36, dd=31, da=25, tlv=3, sm=62, rd=182.90, cd=0, um=0","Time elapsed: 2.54 seconds","/home/thomasverwaal/Robust-Rail-NL/mathematical-models/local_search_plans_discreet_120/plan_31_trains_31_units27.json"
"/home/thomasverwaal/Robust-Rail-NL/mathematical-models/scenarios_solver_types_120/scenario_solver_31_trains_31_units27.json","Cost of next node: Cost = 2,581.7 : 2,602.95 | cr=35, dd=31, da=22, tlv=4, sm=62, rd=180.00, cd=0, um=0","Time elapsed: 2.62 seconds","/home/thomasverwaal/Robust-Rail-NL/mathematical-models/local_search_plans_discreet_120/plan_31_trains_31_units27.json"
"/home/thomasverwaal/Robust-Rail-NL/mathematical-models/scenarios_solver_types_120/scenario_solver_31_trains_31_units27.json","Cost of next node: Cost = 2,554.3 : 2,580.51 | cr=35, dd=31, da=21, tlv=5, sm=62, rd=173.23, cd=0, um=0","Time elapsed: 2.83 seconds","/home/thomasverwaal/Robust-Rail-NL/mathematical-models/local_search_plans_discreet_120/plan_31_trains_31_units27.json"
"/home/thomasverwaal/Robust-Rail-NL/mathematical-models/scenarios_solver_types_120/scenario_solver_31_trains_31_units27.json","Cost of next node: Cost = 2,519.8 : 2,551.06 | cr=29, dd=31, da=21, tlv=6, sm=62, rd=174.19, cd=0, um=0","Time elapsed: 2.88 seconds","/home/thomasverwaal/Robust-Rail-NL/mathematical-models/local_search_plans_discreet_120/plan_31_trains_31_units27.json"
"/home/thomasverwaal/Robust-Rail-NL/mathematical-models/scenarios_solver_types_120/scenario_solver_31_trains_31_units27.json","Cost of next node: Cost = 2,490.8 : 2,522.05 | cr=35, dd=31, da=18, tlv=6, sm=62, rd=167.42, cd=0, um=0","Time elapsed: 2.97 seconds","/home/thomasverwaal/Robust-Rail-NL/mathematical-models/local_search_plans_discreet_120/plan_31_trains_31_units27.json"
"/home/thomasverwaal/Robust-Rail-NL/mathematical-models/scenarios_solver_types_120/scenario_solver_31_trains_31_units27.json","Cost of next node: Cost = 2,443.1 : 2,479.36 | cr=36, dd=31, da=15, tlv=7, sm=62, rd=161.61, cd=0, um=0","Time elapsed: 3.13 seconds","/home/thomasverwaal/Robust-Rail-NL/mathematical-models/local_search_plans_discreet_120/plan_31_trains_31_units27.json"
"/home/thomasverwaal/Robust-Rail-NL/mathematical-models/scenarios_solver_types_120/scenario_solver_31_trains_31_units27.json","Cost of next node: Cost = 2,419.5 : 2,455.74 | cr=36, dd=31, da=14, tlv=7, sm=62, rd=155.81, cd=0, um=0","Time elapsed: 3.27 seconds","/home/thomasverwaal/Robust-Rail-NL/mathematical-models/local_search_plans_discreet_120/plan_31_trains_31_units27.json"
"/home/thomasverwaal/Robust-Rail-NL/mathematical-models/scenarios_solver_types_120/scenario_solver_31_trains_31_units27.json","Cost of next node: Cost = 2,389.8 : 2,431.04 | cr=34, dd=31, da=14, tlv=8, sm=62, rd=148.06, cd=0, um=0","Time elapsed: 3.38 seconds","/home/thomasverwaal/Robust-Rail-NL/mathematical-models/local_search_plans_discreet_120/plan_31_trains_31_units27.json"
"/home/thomasverwaal/Robust-Rail-NL/mathematical-models/scenarios_solver_types_120/scenario_solver_31_trains_31_units27.json","Cost of next node: Cost = 2,307.8 : 2,354.00 | cr=34, dd=31, da=10, tlv=9, sm=62, rd=139.35, cd=0, um=0","Time elapsed: 3.50 seconds","/home/thomasverwaal/Robust-Rail-NL/mathematical-models/local_search_plans_discreet_120/plan_31_trains_31_units27.json"
"/home/thomasverwaal/Robust-Rail-NL/mathematical-models/scenarios_solver_types_120/scenario_solver_31_trains_31_units27.json","Cost of next node: Cost = 2,265.5 : 2,311.78 | cr=29, dd=31, da=10, tlv=9, sm=62, rd=141.29, cd=0, um=0","Time elapsed: 3.88 seconds","/home/thomasverwaal/Robust-Rail-NL/mathematical-models/local_search_plans_discreet_120/plan_31_trains_31_units27.json"
"/home/thomasverwaal/Robust-Rail-NL/mathematical-models/scenarios_solver_types_120/scenario_solver_31_trains_31_units27.json","Cost of next node: Cost = 2,226.5 : 2,277.72 | cr=21, dd=31, da=10, tlv=10, sm=62, rd=147.10, cd=0, um=0","Time elapsed: 4.27 seconds","/home/thomasverwaal/Robust-Rail-NL/mathematical-models/local_search_plans_discreet_120/plan_31_trains_31_units27.json"
"/home/thomasverwaal/Robust-Rail-NL/mathematical-models/scenarios_solver_types_120/scenario_solver_31_trains_31_units27.json","Cost of next node: Cost = 2,185.3 : 2,241.55 | cr=20, dd=31, da=9, tlv=11, sm=62, rd=139.35, cd=0, um=0","Time elapsed: 4.76 seconds","/home/thomasverwaal/Robust-Rail-NL/mathematical-models/local_search_plans_discreet_120/plan_31_trains_31_units27.json"
"/home/thomasverwaal/Robust-Rail-NL/mathematical-models/scenarios_solver_types_120/scenario_solver_31_trains_31_units27.json","Cost of next node: Cost = 2,163.6 : 2,224.83 | cr=21, dd=31, da=7, tlv=12, sm=62, rd=135.48, cd=0, um=0","Time elapsed: 4.91 seconds","/home/thomasverwaal/Robust-Rail-NL/mathematical-models/local_search_plans_discreet_120/plan_31_trains_31_units27.json"
"/home/thomasverwaal/Robust-Rail-NL/mathematical-models/scenarios_solver_types_120/scenario_solver_31_trains_31_units27.json","Cost of next node: Cost = 2,137.0 : 2,193.24 | cr=20, dd=31, da=7, tlv=11, sm=62, rd=133.55, cd=0, um=0","Time elapsed: 5.12 seconds","/home/thomasverwaal/Robust-Rail-NL/mathematical-models/local_search_plans_discreet_120/plan_31_trains_31_units27.json"
"/home/thomasverwaal/Robust-Rail-NL/mathematical-models/scenarios_solver_types_120/scenario_solver_31_trains_31_units27.json","Cost of next node: Cost = 2,111.1 : 2,172.39 | cr=19, dd=31, da=6, tlv=12, sm=62, rd=127.74, cd=0, um=0","Time elapsed: 5.34 seconds","/home/thomasverwaal/Robust-Rail-NL/mathematical-models/local_search_plans_discreet_120/plan_31_trains_31_units27.json"
"/home/thomasverwaal/Robust-Rail-NL/mathematical-models/scenarios_solver_types_120/scenario_solver_31_trains_31_units27.json","Cost of next node: Cost = 2,080.3 : 2,146.50 | cr=17, dd=31, da=6, tlv=13, sm=62, rd=118.06, cd=0, um=0","Time elapsed: 5.62 seconds","/home/thomasverwaal/Robust-Rail-NL/mathematical-models/local_search_plans_discreet_120/plan_31_trains_31_units27.json"
"/home/thomasverwaal/Robust-Rail-NL/mathematical-models/scenarios_solver_types_120/scenario_solver_31_trains_31_units27.json","Cost of next node: Cost = 2,017.6 : 2,088.89 | cr=18, dd=30, da=5, tlv=14, sm=62, rd=112.26, cd=0, um=0","Time elapsed: 5.88 seconds","/home/thomasverwaal/Robust-Rail-NL/mathematical-models/local_search_plans_discreet_120/plan_31_trains_31_units27.json"
"/home/thomasverwaal/Robust-Rail-NL/mathematical-models/scenarios_solver_types_120/scenario_solver_31_trains_31_units27.json","Cost of next node: Cost = 1,988.4 : 2,059.64 | cr=19, dd=30, da=3, tlv=14, sm=62, rd=110.32, cd=0, um=0","Time elapsed: 6.15 seconds","/home/thomasverwaal/Robust-Rail-NL/mathematical-models/local_search_plans_discreet_120/plan_31_trains_31_units27.json"
"/home/thomasverwaal/Robust-Rail-NL/mathematical-models/scenarios_solver_types_120/scenario_solver_31_trains_31_units27.json","Cost of next node: Cost = 1,877.6 : 1,948.84 | cr=23, dd=27, da=3, tlv=14, sm=62, rd=106.45, cd=0, um=0","Time elapsed: 6.43 seconds","/home/thomasverwaal/Robust-Rail-NL/mathematical-models/local_search_plans_discreet_120/plan_31_trains_31_units27.json"
"/home/thomasverwaal/Robust-Rail-NL/mathematical-models/scenarios_solver_types_120/scenario_solver_31_trains_31_units27.json","Cost of next node: Cost = 1,744.7 : 1,820.97 | cr=23, dd=24, da=3, tlv=15, sm=62, rd=100.65, cd=0, um=0","Time elapsed: 6.75 seconds","/home/thomasverwaal/Robust-Rail-NL/mathematical-models/local_search_plans_discreet_120/plan_31_trains_31_units27.json"
"/home/thomasverwaal/Robust-Rail-NL/mathematical-models/scenarios_solver_types_120/scenario_solver_31_trains_31_units27.json","Cost of next node: Cost = 1,711.5 : 1,787.76 | cr=22, dd=24, da=2, tlv=15, sm=62, rd=94.84, cd=0, um=0","Time elapsed: 7.12 seconds","/home/thomasverwaal/Robust-Rail-NL/mathematical-models/local_search_plans_discreet_120/plan_31_trains_31_units27.json"
"/home/thomasverwaal/Robust-Rail-NL/mathematical-models/scenarios_solver_types_120/scenario_solver_31_trains_31_units27.json","Cost of next node: Cost = 1,687.7 : 1,758.96 | cr=21, dd=24, da=2, tlv=14, sm=62, rd=96.77, cd=0, um=0","Time elapsed: 7.25 seconds","/home/thomasverwaal/Robust-Rail-NL/mathematical-models/local_search_plans_discreet_120/plan_31_trains_31_units27.json"
"/home/thomasverwaal/Robust-Rail-NL/mathematical-models/scenarios_solver_types_120/scenario_solver_31_trains_31_units27.json","Cost of next node: Cost = 1,648.3 : 1,719.59 | cr=22, dd=23, da=2, tlv=14, sm=62, rd=94.84, cd=0, um=0","Time elapsed: 7.55 seconds","/home/thomasverwaal/Robust-Rail-NL/mathematical-models/local_search_plans_discreet_120/plan_31_trains_31_units27.json"
"/home/thomasverwaal/Robust-Rail-NL/mathematical-models/scenarios_solver_types_120/scenario_solver_31_trains_31_units27.json","Cost of next node: Cost = 1,297.5 : 1,373.74 | cr=18, dd=17, da=1, tlv=15, sm=62, rd=87.10, cd=0, um=0","Time elapsed: 7.76 seconds","/home/thomasverwaal/Robust-Rail-NL/mathematical-models/local_search_plans_discreet_120/plan_31_trains_31_units27.json"
"/home/thomasverwaal/Robust-Rail-NL/mathematical-models/scenarios_solver_types_120/scenario_solver_31_trains_31_units27.json","Cost of next node: Cost = 644.5 : 725.74 | cr=15, dd=5, da=0, tlv=16, sm=62, rd=75.48, cd=0, um=0","Time elapsed: 8.08 seconds","/home/thomasverwaal/Robust-Rail-NL/mathematical-models/local_search_plans_discreet_120/plan_31_trains_31_units27.json"
"/home/thomasverwaal/Robust-Rail-NL/mathematical-models/scenarios_solver_types_120/scenario_solver_31_trains_31_units27.json","Cost of next node: Cost = 405.0 : 491.24 | cr=15, dd=0, da=0, tlv=17, sm=62, rd=69.68, cd=0, um=0","Time elapsed: 8.31 seconds","/home/thomasverwaal/Robust-Rail-NL/mathematical-models/local_search_plans_discreet_120/plan_31_trains_31_units27.json"
"/home/thomasverwaal/Robust-Rail-NL/mathematical-models/scenarios_solver_types_120/scenario_solver_31_trains_31_units27.json","Cost of next node: Cost = 390.0 : 471.24 | cr=15, dd=0, da=0, tlv=16, sm=62, rd=71.61, cd=0, um=0","Time elapsed: 13.89 seconds","/home/thomasverwaal/Robust-Rail-NL/mathematical-models/local_search_plans_discreet_120/plan_31_trains_31_units27.json"
"/home/thomasverwaal/Robust-Rail-NL/mathematical-models/scenarios_solver_types_120/scenario_solver_31_trains_31_units27.json","Cost of next node: Cost = 375.0 : 451.24 | cr=15, dd=0, da=0, tlv=15, sm=62, rd=73.55, cd=0, um=0","Time elapsed: 18.66 seconds","/home/thomasverwaal/Robust-Rail-NL/mathematical-models/local_search_plans_discreet_120/plan_31_trains_31_units27.json"
"/home/thomasverwaal/Robust-Rail-NL/mathematical-models/scenarios_solver_types_120/scenario_solver_31_trains_31_units27.json","Cost of next node: Cost = 360.0 : 431.24 | cr=15, dd=0, da=0, tlv=14, sm=62, rd=75.48, cd=0, um=0","Time elapsed: 22.68 seconds","/home/thomasverwaal/Robust-Rail-NL/mathematical-models/local_search_plans_discreet_120/plan_31_trains_31_units27.json"
"/home/thomasverwaal/Robust-Rail-NL/mathematical-models/scenarios_solver_types_120/scenario_solver_31_trains_31_units27.json","Cost of next node: Cost = 350.0 : 421.24 | cr=14, dd=0, da=0, tlv=14, sm=62, rd=75.48, cd=0, um=0","Time elapsed: 26.13 seconds","/home/thomasverwaal/Robust-Rail-NL/mathematical-models/local_search_plans_discreet_120/plan_31_trains_31_units27.json"
"/home/thomasverwaal/Robust-Rail-NL/mathematical-models/scenarios_solver_types_120/scenario_solver_31_trains_31_units27.json","Cost of next node: Cost = 340.0 : 411.24 | cr=13, dd=0, da=0, tlv=14, sm=62, rd=75.48, cd=0, um=0","Time elapsed: 29.34 seconds","/home/thomasverwaal/Robust-Rail-NL/mathematical-models/local_search_plans_discreet_120/plan_31_trains_31_units27.json"
"/home/thomasverwaal/Robust-Rail-NL/mathematical-models/scenarios_solver_types_120/scenario_solver_31_trains_31_units27.json","Cost of next node: Cost = 325.0 : 391.24 | cr=13, dd=0, da=0, tlv=13, sm=62, rd=77.42, cd=0, um=0","Time elapsed: 31.94 seconds","/home/thomasverwaal/Robust-Rail-NL/mathematical-models/local_search_plans_discreet_120/plan_31_trains_31_units27.json"
"/home/thomasverwaal/Robust-Rail-NL/mathematical-models/scenarios_solver_types_120/scenario_solver_31_trains_31_units27.json","Cost of next node: Cost = 315.0 : 381.24 | cr=12, dd=0, da=0, tlv=13, sm=62, rd=77.42, cd=0, um=0","Time elapsed: 34.44 seconds","/home/thomasverwaal/Robust-Rail-NL/mathematical-models/local_search_plans_discreet_120/plan_31_trains_31_units27.json"
"/home/thomasverwaal/Robust-Rail-NL/mathematical-models/scenarios_solver_types_120/scenario_solver_31_trains_31_units27.json","Cost of next node: Cost = 305.0 : 371.24 | cr=11, dd=0, da=0, tlv=13, sm=62, rd=77.42, cd=0, um=0","Time elapsed: 36.46 seconds","/home/thomasverwaal/Robust-Rail-NL/mathematical-models/local_search_plans_discreet_120/plan_31_trains_31_units27.json"
"/home/thomasverwaal/Robust-Rail-NL/mathematical-models/scenarios_solver_types_120/scenario_solver_31_trains_31_units27.json","Cost of next node: Cost = 295.0 : 361.24 | cr=10, dd=0, da=0, tlv=13, sm=62, rd=77.42, cd=0, um=0","Time elapsed: 38.17 seconds","/home/thomasverwaal/Robust-Rail-NL/mathematical-models/local_search_plans_discreet_120/plan_31_trains_31_units27.json"
"/home/thomasverwaal/Robust-Rail-NL/mathematical-models/scenarios_solver_types_120/scenario_solver_31_trains_31_units27.json","Cost of next node: Cost = 285.0 : 351.24 | cr=9, dd=0, da=0, tlv=13, sm=62, rd=77.42, cd=0, um=0","Time elapsed: 39.73 seconds","/home/thomasverwaal/Robust-Rail-NL/mathematical-models/local_search_plans_discreet_120/plan_31_trains_31_units27.json"
"/home/thomasverwaal/Robust-Rail-NL/mathematical-models/scenarios_solver_types_120/scenario_solver_31_trains_31_units27.json","Cost of next node: Cost = 275.0 : 341.24 | cr=8, dd=0, da=0, tlv=13, sm=62, rd=77.42, cd=0, um=0","Time elapsed: 41.01 seconds","/home/thomasverwaal/Robust-Rail-NL/mathematical-models/local_search_plans_discreet_120/plan_31_trains_31_units27.json"
"/home/thomasverwaal/Robust-Rail-NL/mathematical-models/scenarios_solver_types_120/scenario_solver_31_trains_31_units27.json","Cost of next node: Cost = 265.0 : 331.24 | cr=7, dd=0, da=0, tlv=13, sm=62, rd=77.42, cd=0, um=0","Time elapsed: 42.35 seconds","/home/thomasverwaal/Robust-Rail-NL/mathematical-models/local_search_plans_discreet_120/plan_31_trains_31_units27.json"
"/home/thomasverwaal/Robust-Rail-NL/mathematical-models/scenarios_solver_types_120/scenario_solver_31_trains_31_units27.json","Cost of next node: Cost = 255.0 : 321.26 | cr=6, dd=0, da=0, tlv=13, sm=63, rd=78.10, cd=0, um=0","Time elapsed: 43.41 seconds","/home/thomasverwaal/Robust-Rail-NL/mathematical-models/local_search_plans_discreet_120/plan_31_trains_31_units27.json"
"/home/thomasverwaal/Robust-Rail-NL/mathematical-models/scenarios_solver_types_120/scenario_solver_31_trains_31_units27.json","Cost of next node: Cost = 245.0 : 311.26 | cr=5, dd=0, da=0, tlv=13, sm=63, rd=76.19, cd=0, um=0","Time elapsed: 44.38 seconds","/home/thomasverwaal/Robust-Rail-NL/mathematical-models/local_search_plans_discreet_120/plan_31_trains_31_units27.json"
"/home/thomasverwaal/Robust-Rail-NL/mathematical-models/scenarios_solver_types_120/scenario_solver_31_trains_31_units27.json","Cost of next node: Cost = 235.0 : 301.28 | cr=4, dd=0, da=0, tlv=13, sm=64, rd=78.75, cd=0, um=0","Time elapsed: 47.17 seconds","/home/thomasverwaal/Robust-Rail-NL/mathematical-models/local_search_plans_discreet_120/plan_31_trains_31_units27.json"
"/home/thomasverwaal/Robust-Rail-NL/mathematical-models/scenarios_solver_types_120/scenario_solver_31_trains_31_units27.json","Cost of next node: Cost = 225.0 : 291.28 | cr=3, dd=0, da=0, tlv=13, sm=64, rd=80.62, cd=0, um=0","Time elapsed: 59.65 seconds","/home/thomasverwaal/Robust-Rail-NL/mathematical-models/local_search_plans_discreet_120/plan_31_trains_31_units27.json"
"/home/thomasverwaal/Robust-Rail-NL/mathematical-models/scenarios_solver_types_120/scenario_solver_31_trains_31_units27.json","Cost of next node: Cost = 215.0 : 281.30 | cr=2, dd=0, da=0, tlv=13, sm=65, rd=79.38, cd=0, um=0","Time elapsed: 83.95 seconds","/home/thomasverwaal/Robust-Rail-NL/mathematical-models/local_search_plans_discreet_120/plan_31_trains_31_units27.json"
"/home/thomasverwaal/Robust-Rail-NL/mathematical-models/scenarios_solver_types_120/scenario_solver_31_trains_31_units27.json","Cost of next node: Cost = 200.0 : 261.36 | cr=2, dd=0, da=0, tlv=12, sm=68, rd=81.18, cd=0, um=0","Time elapsed: 123.50 seconds","/home/thomasverwaal/Robust-Rail-NL/mathematical-models/local_search_plans_discreet_120/plan_31_trains_31_units27.json"
"/home/thomasverwaal/Robust-Rail-NL/mathematical-models/scenarios_solver_types_120/scenario_solver_31_trains_31_units27.json","Cost of next node: Cost = 180.0 : 241.34 | cr=0, dd=0, da=0, tlv=12, sm=67, rd=85.07, cd=0, um=0","Time elapsed: 168.68 seconds","/home/thomasverwaal/Robust-Rail-NL/mathematical-models/local_search_plans_discreet_120/plan_31_trains_31_units27.json"
"/home/thomasverwaal/Robust-Rail-NL/mathematical-models/scenarios_solver_types_120/scenario_solver_31_trains_31_units27.json","Cost of next node: Cost = 165.0 : 221.36 | cr=0, dd=0, da=0, tlv=11, sm=68, rd=85.59, cd=0, um=0","Time elapsed: 187.20 seconds","/home/thomasverwaal/Robust-Rail-NL/mathematical-models/local_search_plans_discreet_120/plan_31_trains_31_units27.json"
"/home/thomasverwaal/Robust-Rail-NL/mathematical-models/scenarios_solver_types_120/scenario_solver_31_trains_31_units27.json","NO_COST_FOUND","NO_TIME_FOUND","NO_PLAN_CREATED"
