scenario,cost_line,time_line,plan_file
"/home/thomasverwaal/Robust-Rail-NL/mathematical-models/scenarios_solver_types_120/scenario_solver_33_trains_11_units1.json","Cost of next node: Cost = 2,894.0 : 2,895.33 | cr=48, dd=33, da=31, tlv=0, sm=66, rd=176.36, cd=0, um=0","Time elapsed: 4.12 seconds","/home/thomasverwaal/Robust-Rail-NL/mathematical-models/local_search_plans_discreet_120/plan_33_trains_11_units1.json"
"/home/thomasverwaal/Robust-Rail-NL/mathematical-models/scenarios_solver_types_120/scenario_solver_33_trains_11_units1.json","Cost of next node: Cost = 2,864.4 : 2,865.68 | cr=45, dd=33, da=31, tlv=0, sm=66, rd=178.18, cd=0, um=0","Time elapsed: 4.21 seconds","/home/thomasverwaal/Robust-Rail-NL/mathematical-models/local_search_plans_discreet_120/plan_33_trains_11_units1.json"
"/home/thomasverwaal/Robust-Rail-NL/mathematical-models/scenarios_solver_types_120/scenario_solver_33_trains_11_units1.json","Cost of next node: Cost = 2,837.4 : 2,838.68 | cr=42, dd=33, da=31, tlv=0, sm=66, rd=178.18, cd=0, um=0","Time elapsed: 4.29 seconds","/home/thomasverwaal/Robust-Rail-NL/mathematical-models/local_search_plans_discreet_120/plan_33_trains_11_units1.json"
"/home/thomasverwaal/Robust-Rail-NL/mathematical-models/scenarios_solver_types_120/scenario_solver_33_trains_11_units1.json","Cost of next node: Cost = 2,804.6 : 2,805.95 | cr=43, dd=33, da=30, tlv=0, sm=66, rd=173.64, cd=0, um=0","Time elapsed: 4.41 seconds","/home/thomasverwaal/Robust-Rail-NL/mathematical-models/local_search_plans_discreet_120/plan_33_trains_11_units1.json"
"/home/thomasverwaal/Robust-Rail-NL/mathematical-models/scenarios_solver_types_120/scenario_solver_33_trains_11_units1.json","Cost of next node: Cost = 2,754.3 : 2,760.59 | cr=38, dd=33, da=29, tlv=1, sm=66, rd=176.36, cd=0, um=0","Time elapsed: 4.51 seconds","/home/thomasverwaal/Robust-Rail-NL/mathematical-models/local_search_plans_discreet_120/plan_33_trains_11_units1.json"
"/home/thomasverwaal/Robust-Rail-NL/mathematical-models/scenarios_solver_types_120/scenario_solver_33_trains_11_units1.json","Cost of next node: Cost = 2,704.9 : 2,711.25 | cr=38, dd=33, da=27, tlv=1, sm=66, rd=170.00, cd=0, um=0","Time elapsed: 4.62 seconds","/home/thomasverwaal/Robust-Rail-NL/mathematical-models/local_search_plans_discreet_120/plan_33_trains_11_units1.json"
"/home/thomasverwaal/Robust-Rail-NL/mathematical-models/scenarios_solver_types_120/scenario_solver_33_trains_11_units1.json","Cost of next node: Cost = 2,600.7 : 2,607.02 | cr=41, dd=33, da=20, tlv=1, sm=66, rd=170.91, cd=0, um=0","Time elapsed: 4.72 seconds","/home/thomasverwaal/Robust-Rail-NL/mathematical-models/local_search_plans_discreet_120/plan_33_trains_11_units1.json"
"/home/thomasverwaal/Robust-Rail-NL/mathematical-models/scenarios_solver_types_120/scenario_solver_33_trains_11_units1.json","Cost of next node: Cost = 2,554.3 : 2,565.61 | cr=39, dd=33, da=18, tlv=2, sm=66, rd=167.27, cd=0, um=0","Time elapsed: 4.78 seconds","/home/thomasverwaal/Robust-Rail-NL/mathematical-models/local_search_plans_discreet_120/plan_33_trains_11_units1.json"
"/home/thomasverwaal/Robust-Rail-NL/mathematical-models/scenarios_solver_types_120/scenario_solver_33_trains_11_units1.json","Cost of next node: Cost = 2,481.0 : 2,492.34 | cr=38, dd=33, da=15, tlv=2, sm=66, rd=161.82, cd=0, um=0","Time elapsed: 4.90 seconds","/home/thomasverwaal/Robust-Rail-NL/mathematical-models/local_search_plans_discreet_120/plan_33_trains_11_units1.json"
"/home/thomasverwaal/Robust-Rail-NL/mathematical-models/scenarios_solver_types_120/scenario_solver_33_trains_11_units1.json","Cost of next node: Cost = 2,458.0 : 2,469.34 | cr=37, dd=33, da=15, tlv=2, sm=66, rd=158.18, cd=0, um=0","Time elapsed: 5.22 seconds","/home/thomasverwaal/Robust-Rail-NL/mathematical-models/local_search_plans_discreet_120/plan_33_trains_11_units1.json"
"/home/thomasverwaal/Robust-Rail-NL/mathematical-models/scenarios_solver_types_120/scenario_solver_33_trains_11_units1.json","Cost of next node: Cost = 2,437.0 : 2,448.36 | cr=37, dd=33, da=14, tlv=2, sm=66, rd=156.36, cd=0, um=0","Time elapsed: 5.61 seconds","/home/thomasverwaal/Robust-Rail-NL/mathematical-models/local_search_plans_discreet_120/plan_33_trains_11_units1.json"
"/home/thomasverwaal/Robust-Rail-NL/mathematical-models/scenarios_solver_types_120/scenario_solver_33_trains_11_units1.json","Cost of next node: Cost = 2,413.7 : 2,430.02 | cr=35, dd=33, da=13, tlv=3, sm=66, rd=156.36, cd=0, um=0","Time elapsed: 6.10 seconds","/home/thomasverwaal/Robust-Rail-NL/mathematical-models/local_search_plans_discreet_120/plan_33_trains_11_units1.json"
"/home/thomasverwaal/Robust-Rail-NL/mathematical-models/scenarios_solver_types_120/scenario_solver_33_trains_11_units1.json","Cost of next node: Cost = 2,390.9 : 2,412.22 | cr=31, dd=33, da=13, tlv=4, sm=66, rd=158.18, cd=0, um=0","Time elapsed: 6.28 seconds","/home/thomasverwaal/Robust-Rail-NL/mathematical-models/local_search_plans_discreet_120/plan_33_trains_11_units1.json"
"/home/thomasverwaal/Robust-Rail-NL/mathematical-models/scenarios_solver_types_120/scenario_solver_33_trains_11_units1.json","Cost of next node: Cost = 2,365.9 : 2,392.22 | cr=27, dd=33, da=13, tlv=5, sm=66, rd=158.18, cd=0, um=0","Time elapsed: 6.78 seconds","/home/thomasverwaal/Robust-Rail-NL/mathematical-models/local_search_plans_discreet_120/plan_33_trains_11_units1.json"
"/home/thomasverwaal/Robust-Rail-NL/mathematical-models/scenarios_solver_types_120/scenario_solver_33_trains_11_units1.json","Cost of next node: Cost = 2,345.1 : 2,371.43 | cr=25, dd=33, da=13, tlv=5, sm=66, rd=158.18, cd=0, um=0","Time elapsed: 6.86 seconds","/home/thomasverwaal/Robust-Rail-NL/mathematical-models/local_search_plans_discreet_120/plan_33_trains_11_units1.json"
"/home/thomasverwaal/Robust-Rail-NL/mathematical-models/scenarios_solver_types_120/scenario_solver_33_trains_11_units1.json","Cost of next node: Cost = 2,315.1 : 2,346.41 | cr=23, dd=33, da=12, tlv=6, sm=66, rd=156.36, cd=0, um=0","Time elapsed: 7.57 seconds","/home/thomasverwaal/Robust-Rail-NL/mathematical-models/local_search_plans_discreet_120/plan_33_trains_11_units1.json"
"/home/thomasverwaal/Robust-Rail-NL/mathematical-models/scenarios_solver_types_120/scenario_solver_33_trains_11_units1.json","Cost of next node: Cost = 2,286.5 : 2,322.83 | cr=23, dd=33, da=11, tlv=7, sm=66, rd=149.09, cd=0, um=0","Time elapsed: 7.81 seconds","/home/thomasverwaal/Robust-Rail-NL/mathematical-models/local_search_plans_discreet_120/plan_33_trains_11_units1.json"
"/home/thomasverwaal/Robust-Rail-NL/mathematical-models/scenarios_solver_types_120/scenario_solver_33_trains_11_units1.json","Cost of next node: Cost = 2,257.0 : 2,298.35 | cr=21, dd=33, da=11, tlv=8, sm=66, rd=140.00, cd=0, um=0","Time elapsed: 8.09 seconds","/home/thomasverwaal/Robust-Rail-NL/mathematical-models/local_search_plans_discreet_120/plan_33_trains_11_units1.json"
"/home/thomasverwaal/Robust-Rail-NL/mathematical-models/scenarios_solver_types_120/scenario_solver_33_trains_11_units1.json","Cost of next node: Cost = 2,225.4 : 2,271.75 | cr=16, dd=33, da=11, tlv=9, sm=66, rd=141.82, cd=0, um=0","Time elapsed: 8.37 seconds","/home/thomasverwaal/Robust-Rail-NL/mathematical-models/local_search_plans_discreet_120/plan_33_trains_11_units1.json"
"/home/thomasverwaal/Robust-Rail-NL/mathematical-models/scenarios_solver_types_120/scenario_solver_33_trains_11_units1.json","Cost of next node: Cost = 2,202.9 : 2,254.25 | cr=16, dd=33, da=10, tlv=10, sm=66, rd=140.91, cd=0, um=0","Time elapsed: 8.60 seconds","/home/thomasverwaal/Robust-Rail-NL/mathematical-models/local_search_plans_discreet_120/plan_33_trains_11_units1.json"
"/home/thomasverwaal/Robust-Rail-NL/mathematical-models/scenarios_solver_types_120/scenario_solver_33_trains_11_units1.json","Cost of next node: Cost = 1,898.6 : 1,949.92 | cr=17, dd=27, da=10, tlv=10, sm=66, rd=132.73, cd=0, um=0","Time elapsed: 8.74 seconds","/home/thomasverwaal/Robust-Rail-NL/mathematical-models/local_search_plans_discreet_120/plan_33_trains_11_units1.json"
"/home/thomasverwaal/Robust-Rail-NL/mathematical-models/scenarios_solver_types_120/scenario_solver_33_trains_11_units1.json","Cost of next node: Cost = 1,847.4 : 1,898.77 | cr=17, dd=26, da=10, tlv=10, sm=66, rd=132.73, cd=0, um=0","Time elapsed: 8.85 seconds","/home/thomasverwaal/Robust-Rail-NL/mathematical-models/local_search_plans_discreet_120/plan_33_trains_11_units1.json"
"/home/thomasverwaal/Robust-Rail-NL/mathematical-models/scenarios_solver_types_120/scenario_solver_33_trains_11_units1.json","Cost of next node: Cost = 1,814.5 : 1,865.80 | cr=19, dd=25, da=10, tlv=10, sm=66, rd=130.91, cd=0, um=0","Time elapsed: 8.93 seconds","/home/thomasverwaal/Robust-Rail-NL/mathematical-models/local_search_plans_discreet_120/plan_33_trains_11_units1.json"
"/home/thomasverwaal/Robust-Rail-NL/mathematical-models/scenarios_solver_types_120/scenario_solver_33_trains_11_units1.json","Cost of next node: Cost = 1,683.8 : 1,735.15 | cr=20, dd=22, da=10, tlv=10, sm=66, rd=130.91, cd=0, um=0","Time elapsed: 9.10 seconds","/home/thomasverwaal/Robust-Rail-NL/mathematical-models/local_search_plans_discreet_120/plan_33_trains_11_units1.json"
"/home/thomasverwaal/Robust-Rail-NL/mathematical-models/scenarios_solver_types_120/scenario_solver_33_trains_11_units1.json","Cost of next node: Cost = 1,660.6 : 1,716.93 | cr=20, dd=22, da=8, tlv=11, sm=66, rd=130.91, cd=0, um=0","Time elapsed: 9.22 seconds","/home/thomasverwaal/Robust-Rail-NL/mathematical-models/local_search_plans_discreet_120/plan_33_trains_11_units1.json"
"/home/thomasverwaal/Robust-Rail-NL/mathematical-models/scenarios_solver_types_120/scenario_solver_33_trains_11_units1.json","Cost of next node: Cost = 1,601.7 : 1,663.00 | cr=21, dd=22, da=4, tlv=12, sm=66, rd=125.45, cd=0, um=0","Time elapsed: 9.67 seconds","/home/thomasverwaal/Robust-Rail-NL/mathematical-models/local_search_plans_discreet_120/plan_33_trains_11_units1.json"
"/home/thomasverwaal/Robust-Rail-NL/mathematical-models/scenarios_solver_types_120/scenario_solver_33_trains_11_units1.json","Cost of next node: Cost = 1,576.9 : 1,638.26 | cr=20, dd=22, da=4, tlv=12, sm=66, rd=114.55, cd=0, um=0","Time elapsed: 9.81 seconds","/home/thomasverwaal/Robust-Rail-NL/mathematical-models/local_search_plans_discreet_120/plan_33_trains_11_units1.json"
"/home/thomasverwaal/Robust-Rail-NL/mathematical-models/scenarios_solver_types_120/scenario_solver_33_trains_11_units1.json","Cost of next node: Cost = 1,526.1 : 1,587.38 | cr=20, dd=21, da=4, tlv=12, sm=66, rd=110.91, cd=0, um=0","Time elapsed: 10.15 seconds","/home/thomasverwaal/Robust-Rail-NL/mathematical-models/local_search_plans_discreet_120/plan_33_trains_11_units1.json"
"/home/thomasverwaal/Robust-Rail-NL/mathematical-models/scenarios_solver_types_120/scenario_solver_33_trains_11_units1.json","Cost of next node: Cost = 1,489.4 : 1,555.70 | cr=20, dd=20, da=4, tlv=13, sm=66, rd=107.27, cd=0, um=0","Time elapsed: 10.23 seconds","/home/thomasverwaal/Robust-Rail-NL/mathematical-models/local_search_plans_discreet_120/plan_33_trains_11_units1.json"
"/home/thomasverwaal/Robust-Rail-NL/mathematical-models/scenarios_solver_types_120/scenario_solver_33_trains_11_units1.json","Cost of next node: Cost = 1,444.4 : 1,515.72 | cr=21, dd=19, da=3, tlv=14, sm=66, rd=103.64, cd=0, um=0","Time elapsed: 10.49 seconds","/home/thomasverwaal/Robust-Rail-NL/mathematical-models/local_search_plans_discreet_120/plan_33_trains_11_units1.json"
"/home/thomasverwaal/Robust-Rail-NL/mathematical-models/scenarios_solver_types_120/scenario_solver_33_trains_11_units1.json","Cost of next node: Cost = 1,344.9 : 1,416.25 | cr=21, dd=17, da=3, tlv=14, sm=66, rd=103.64, cd=0, um=0","Time elapsed: 10.57 seconds","/home/thomasverwaal/Robust-Rail-NL/mathematical-models/local_search_plans_discreet_120/plan_33_trains_11_units1.json"
"/home/thomasverwaal/Robust-Rail-NL/mathematical-models/scenarios_solver_types_120/scenario_solver_33_trains_11_units1.json","Cost of next node: Cost = 1,294.5 : 1,365.86 | cr=21, dd=16, da=3, tlv=14, sm=66, rd=103.64, cd=0, um=0","Time elapsed: 10.76 seconds","/home/thomasverwaal/Robust-Rail-NL/mathematical-models/local_search_plans_discreet_120/plan_33_trains_11_units1.json"
"/home/thomasverwaal/Robust-Rail-NL/mathematical-models/scenarios_solver_types_120/scenario_solver_33_trains_11_units1.json","Cost of next node: Cost = 1,195.2 : 1,266.52 | cr=21, dd=14, da=3, tlv=14, sm=66, rd=101.82, cd=0, um=0","Time elapsed: 11.13 seconds","/home/thomasverwaal/Robust-Rail-NL/mathematical-models/local_search_plans_discreet_120/plan_33_trains_11_units1.json"
"/home/thomasverwaal/Robust-Rail-NL/mathematical-models/scenarios_solver_types_120/scenario_solver_33_trains_11_units1.json","Cost of next node: Cost = 1,159.1 : 1,235.46 | cr=23, dd=13, da=2, tlv=15, sm=66, rd=98.18, cd=0, um=0","Time elapsed: 11.38 seconds","/home/thomasverwaal/Robust-Rail-NL/mathematical-models/local_search_plans_discreet_120/plan_33_trains_11_units1.json"
"/home/thomasverwaal/Robust-Rail-NL/mathematical-models/scenarios_solver_types_120/scenario_solver_33_trains_11_units1.json","Cost of next node: Cost = 1,134.1 : 1,205.46 | cr=22, dd=13, da=2, tlv=14, sm=66, rd=98.18, cd=0, um=0","Time elapsed: 11.56 seconds","/home/thomasverwaal/Robust-Rail-NL/mathematical-models/local_search_plans_discreet_120/plan_33_trains_11_units1.json"
"/home/thomasverwaal/Robust-Rail-NL/mathematical-models/scenarios_solver_types_120/scenario_solver_33_trains_11_units1.json","Cost of next node: Cost = 895.2 : 971.52 | cr=19, dd=9, da=1, tlv=15, sm=66, rd=90.91, cd=0, um=0","Time elapsed: 11.92 seconds","/home/thomasverwaal/Robust-Rail-NL/mathematical-models/local_search_plans_discreet_120/plan_33_trains_11_units1.json"
"/home/thomasverwaal/Robust-Rail-NL/mathematical-models/scenarios_solver_types_120/scenario_solver_33_trains_11_units1.json","Cost of next node: Cost = 471.5 : 552.82 | cr=18, dd=1, da=0, tlv=16, sm=66, rd=80.00, cd=0, um=0","Time elapsed: 12.20 seconds","/home/thomasverwaal/Robust-Rail-NL/mathematical-models/local_search_plans_discreet_120/plan_33_trains_11_units1.json"
"/home/thomasverwaal/Robust-Rail-NL/mathematical-models/scenarios_solver_types_120/scenario_solver_33_trains_11_units1.json","Cost of next node: Cost = 446.5 : 522.82 | cr=17, dd=1, da=0, tlv=15, sm=66, rd=80.00, cd=0, um=0","Time elapsed: 12.45 seconds","/home/thomasverwaal/Robust-Rail-NL/mathematical-models/local_search_plans_discreet_120/plan_33_trains_11_units1.json"
"/home/thomasverwaal/Robust-Rail-NL/mathematical-models/scenarios_solver_types_120/scenario_solver_33_trains_11_units1.json","Cost of next node: Cost = 420.0 : 501.32 | cr=18, dd=0, da=0, tlv=16, sm=66, rd=78.18, cd=0, um=0","Time elapsed: 12.85 seconds","/home/thomasverwaal/Robust-Rail-NL/mathematical-models/local_search_plans_discreet_120/plan_33_trains_11_units1.json"
"/home/thomasverwaal/Robust-Rail-NL/mathematical-models/scenarios_solver_types_120/scenario_solver_33_trains_11_units1.json","Cost of next node: Cost = 405.0 : 481.32 | cr=18, dd=0, da=0, tlv=15, sm=66, rd=80.00, cd=0, um=0","Time elapsed: 18.18 seconds","/home/thomasverwaal/Robust-Rail-NL/mathematical-models/local_search_plans_discreet_120/plan_33_trains_11_units1.json"
"/home/thomasverwaal/Robust-Rail-NL/mathematical-models/scenarios_solver_types_120/scenario_solver_33_trains_11_units1.json","Cost of next node: Cost = 395.0 : 471.32 | cr=17, dd=0, da=0, tlv=15, sm=66, rd=80.00, cd=0, um=0","Time elapsed: 22.64 seconds","/home/thomasverwaal/Robust-Rail-NL/mathematical-models/local_search_plans_discreet_120/plan_33_trains_11_units1.json"
"/home/thomasverwaal/Robust-Rail-NL/mathematical-models/scenarios_solver_types_120/scenario_solver_33_trains_11_units1.json","Cost of next node: Cost = 385.0 : 461.32 | cr=16, dd=0, da=0, tlv=15, sm=66, rd=80.00, cd=0, um=0","Time elapsed: 27.22 seconds","/home/thomasverwaal/Robust-Rail-NL/mathematical-models/local_search_plans_discreet_120/plan_33_trains_11_units1.json"
"/home/thomasverwaal/Robust-Rail-NL/mathematical-models/scenarios_solver_types_120/scenario_solver_33_trains_11_units1.json","Cost of next node: Cost = 375.0 : 451.32 | cr=15, dd=0, da=0, tlv=15, sm=66, rd=80.00, cd=0, um=0","Time elapsed: 31.71 seconds","/home/thomasverwaal/Robust-Rail-NL/mathematical-models/local_search_plans_discreet_120/plan_33_trains_11_units1.json"
"/home/thomasverwaal/Robust-Rail-NL/mathematical-models/scenarios_solver_types_120/scenario_solver_33_trains_11_units1.json","Cost of next node: Cost = 365.0 : 441.32 | cr=14, dd=0, da=0, tlv=15, sm=66, rd=81.82, cd=0, um=0","Time elapsed: 35.45 seconds","/home/thomasverwaal/Robust-Rail-NL/mathematical-models/local_search_plans_discreet_120/plan_33_trains_11_units1.json"
"/home/thomasverwaal/Robust-Rail-NL/mathematical-models/scenarios_solver_types_120/scenario_solver_33_trains_11_units1.json","Cost of next node: Cost = 355.0 : 431.32 | cr=13, dd=0, da=0, tlv=15, sm=66, rd=80.00, cd=0, um=0","Time elapsed: 38.75 seconds","/home/thomasverwaal/Robust-Rail-NL/mathematical-models/local_search_plans_discreet_120/plan_33_trains_11_units1.json"
"/home/thomasverwaal/Robust-Rail-NL/mathematical-models/scenarios_solver_types_120/scenario_solver_33_trains_11_units1.json","Cost of next node: Cost = 345.0 : 421.32 | cr=12, dd=0, da=0, tlv=15, sm=66, rd=81.82, cd=0, um=0","Time elapsed: 42.09 seconds","/home/thomasverwaal/Robust-Rail-NL/mathematical-models/local_search_plans_discreet_120/plan_33_trains_11_units1.json"
"/home/thomasverwaal/Robust-Rail-NL/mathematical-models/scenarios_solver_types_120/scenario_solver_33_trains_11_units1.json","Cost of next node: Cost = 335.0 : 411.32 | cr=11, dd=0, da=0, tlv=15, sm=66, rd=81.82, cd=0, um=0","Time elapsed: 45.39 seconds","/home/thomasverwaal/Robust-Rail-NL/mathematical-models/local_search_plans_discreet_120/plan_33_trains_11_units1.json"
"/home/thomasverwaal/Robust-Rail-NL/mathematical-models/scenarios_solver_types_120/scenario_solver_33_trains_11_units1.json","Cost of next node: Cost = 325.0 : 401.32 | cr=10, dd=0, da=0, tlv=15, sm=66, rd=81.82, cd=0, um=0","Time elapsed: 48.52 seconds","/home/thomasverwaal/Robust-Rail-NL/mathematical-models/local_search_plans_discreet_120/plan_33_trains_11_units1.json"
"/home/thomasverwaal/Robust-Rail-NL/mathematical-models/scenarios_solver_types_120/scenario_solver_33_trains_11_units1.json","Cost of next node: Cost = 315.0 : 391.32 | cr=9, dd=0, da=0, tlv=15, sm=66, rd=81.82, cd=0, um=0","Time elapsed: 51.14 seconds","/home/thomasverwaal/Robust-Rail-NL/mathematical-models/local_search_plans_discreet_120/plan_33_trains_11_units1.json"
"/home/thomasverwaal/Robust-Rail-NL/mathematical-models/scenarios_solver_types_120/scenario_solver_33_trains_11_units1.json","Cost of next node: Cost = 305.0 : 381.32 | cr=8, dd=0, da=0, tlv=15, sm=66, rd=81.82, cd=0, um=0","Time elapsed: 53.49 seconds","/home/thomasverwaal/Robust-Rail-NL/mathematical-models/local_search_plans_discreet_120/plan_33_trains_11_units1.json"
"/home/thomasverwaal/Robust-Rail-NL/mathematical-models/scenarios_solver_types_120/scenario_solver_33_trains_11_units1.json","Cost of next node: Cost = 295.0 : 371.32 | cr=7, dd=0, da=0, tlv=15, sm=66, rd=81.82, cd=0, um=0","Time elapsed: 56.70 seconds","/home/thomasverwaal/Robust-Rail-NL/mathematical-models/local_search_plans_discreet_120/plan_33_trains_11_units1.json"
"/home/thomasverwaal/Robust-Rail-NL/mathematical-models/scenarios_solver_types_120/scenario_solver_33_trains_11_units1.json","Cost of next node: Cost = 285.0 : 361.32 | cr=6, dd=0, da=0, tlv=15, sm=66, rd=81.82, cd=0, um=0","Time elapsed: 58.12 seconds","/home/thomasverwaal/Robust-Rail-NL/mathematical-models/local_search_plans_discreet_120/plan_33_trains_11_units1.json"
"/home/thomasverwaal/Robust-Rail-NL/mathematical-models/scenarios_solver_types_120/scenario_solver_33_trains_11_units1.json","Cost of next node: Cost = 275.0 : 351.32 | cr=5, dd=0, da=0, tlv=15, sm=66, rd=81.82, cd=0, um=0","Time elapsed: 61.87 seconds","/home/thomasverwaal/Robust-Rail-NL/mathematical-models/local_search_plans_discreet_120/plan_33_trains_11_units1.json"
"/home/thomasverwaal/Robust-Rail-NL/mathematical-models/scenarios_solver_types_120/scenario_solver_33_trains_11_units1.json","Cost of next node: Cost = 265.0 : 341.32 | cr=4, dd=0, da=0, tlv=15, sm=66, rd=80.00, cd=0, um=0","Time elapsed: 71.37 seconds","/home/thomasverwaal/Robust-Rail-NL/mathematical-models/local_search_plans_discreet_120/plan_33_trains_11_units1.json"
"/home/thomasverwaal/Robust-Rail-NL/mathematical-models/scenarios_solver_types_120/scenario_solver_33_trains_11_units1.json","NO_COST_FOUND","NO_TIME_FOUND","NO_PLAN_CREATED"
"/home/thomasverwaal/Robust-Rail-NL/mathematical-models/scenarios_solver_types_120/scenario_solver_33_trains_11_units10.json","Cost of next node: Cost = 2,939.0 : 2,940.35 | cr=53, dd=33, da=31, tlv=0, sm=66, rd=178.18, cd=0, um=0","Time elapsed: 4.41 seconds","/home/thomasverwaal/Robust-Rail-NL/mathematical-models/local_search_plans_discreet_120/plan_33_trains_11_units10.json"
"/home/thomasverwaal/Robust-Rail-NL/mathematical-models/scenarios_solver_types_120/scenario_solver_33_trains_11_units10.json","Cost of next node: Cost = 2,916.6 : 2,917.91 | cr=49, dd=33, da=31, tlv=0, sm=66, rd=184.55, cd=0, um=0","Time elapsed: 4.50 seconds","/home/thomasverwaal/Robust-Rail-NL/mathematical-models/local_search_plans_discreet_120/plan_33_trains_11_units10.json"
"/home/thomasverwaal/Robust-Rail-NL/mathematical-models/scenarios_solver_types_120/scenario_solver_33_trains_11_units10.json","Cost of next node: Cost = 2,883.0 : 2,889.31 | cr=47, dd=33, da=30, tlv=1, sm=66, rd=182.73, cd=0, um=0","Time elapsed: 4.59 seconds","/home/thomasverwaal/Robust-Rail-NL/mathematical-models/local_search_plans_discreet_120/plan_33_trains_11_units10.json"
"/home/thomasverwaal/Robust-Rail-NL/mathematical-models/scenarios_solver_types_120/scenario_solver_33_trains_11_units10.json","Cost of next node: Cost = 2,841.1 : 2,847.45 | cr=43, dd=33, da=30, tlv=1, sm=66, rd=182.73, cd=0, um=0","Time elapsed: 4.64 seconds","/home/thomasverwaal/Robust-Rail-NL/mathematical-models/local_search_plans_discreet_120/plan_33_trains_11_units10.json"
"/home/thomasverwaal/Robust-Rail-NL/mathematical-models/scenarios_solver_types_120/scenario_solver_33_trains_11_units10.json","Cost of next node: Cost = 2,748.0 : 2,754.32 | cr=42, dd=33, da=27, tlv=1, sm=66, rd=176.36, cd=0, um=0","Time elapsed: 4.80 seconds","/home/thomasverwaal/Robust-Rail-NL/mathematical-models/local_search_plans_discreet_120/plan_33_trains_11_units10.json"
"/home/thomasverwaal/Robust-Rail-NL/mathematical-models/scenarios_solver_types_120/scenario_solver_33_trains_11_units10.json","Cost of next node: Cost = 2,646.6 : 2,657.92 | cr=38, dd=33, da=23, tlv=2, sm=66, rd=173.64, cd=0, um=0","Time elapsed: 4.96 seconds","/home/thomasverwaal/Robust-Rail-NL/mathematical-models/local_search_plans_discreet_120/plan_33_trains_11_units10.json"
"/home/thomasverwaal/Robust-Rail-NL/mathematical-models/scenarios_solver_types_120/scenario_solver_33_trains_11_units10.json","Cost of next node: Cost = 2,549.2 : 2,560.56 | cr=40, dd=33, da=17, tlv=2, sm=66, rd=175.45, cd=0, um=0","Time elapsed: 5.05 seconds","/home/thomasverwaal/Robust-Rail-NL/mathematical-models/local_search_plans_discreet_120/plan_33_trains_11_units10.json"
"/home/thomasverwaal/Robust-Rail-NL/mathematical-models/scenarios_solver_types_120/scenario_solver_33_trains_11_units10.json","Cost of next node: Cost = 2,526.8 : 2,543.13 | cr=41, dd=33, da=15, tlv=3, sm=66, rd=168.18, cd=0, um=0","Time elapsed: 5.16 seconds","/home/thomasverwaal/Robust-Rail-NL/mathematical-models/local_search_plans_discreet_120/plan_33_trains_11_units10.json"
"/home/thomasverwaal/Robust-Rail-NL/mathematical-models/scenarios_solver_types_120/scenario_solver_33_trains_11_units10.json","Cost of next node: Cost = 2,454.0 : 2,470.32 | cr=40, dd=33, da=12, tlv=3, sm=66, rd=162.73, cd=0, um=0","Time elapsed: 5.28 seconds","/home/thomasverwaal/Robust-Rail-NL/mathematical-models/local_search_plans_discreet_120/plan_33_trains_11_units10.json"
"/home/thomasverwaal/Robust-Rail-NL/mathematical-models/scenarios_solver_types_120/scenario_solver_33_trains_11_units10.json","Cost of next node: Cost = 2,430.7 : 2,447.01 | cr=39, dd=33, da=12, tlv=3, sm=66, rd=159.09, cd=0, um=0","Time elapsed: 5.59 seconds","/home/thomasverwaal/Robust-Rail-NL/mathematical-models/local_search_plans_discreet_120/plan_33_trains_11_units10.json"
"/home/thomasverwaal/Robust-Rail-NL/mathematical-models/scenarios_solver_types_120/scenario_solver_33_trains_11_units10.json","Cost of next node: Cost = 2,353.8 : 2,375.10 | cr=32, dd=33, da=11, tlv=4, sm=66, rd=156.36, cd=0, um=0","Time elapsed: 5.96 seconds","/home/thomasverwaal/Robust-Rail-NL/mathematical-models/local_search_plans_discreet_120/plan_33_trains_11_units10.json"
"/home/thomasverwaal/Robust-Rail-NL/mathematical-models/scenarios_solver_types_120/scenario_solver_33_trains_11_units10.json","Cost of next node: Cost = 2,331.1 : 2,357.37 | cr=31, dd=33, da=11, tlv=5, sm=66, rd=149.09, cd=0, um=0","Time elapsed: 6.40 seconds","/home/thomasverwaal/Robust-Rail-NL/mathematical-models/local_search_plans_discreet_120/plan_33_trains_11_units10.json"
"/home/thomasverwaal/Robust-Rail-NL/mathematical-models/scenarios_solver_types_120/scenario_solver_33_trains_11_units10.json","Cost of next node: Cost = 2,298.6 : 2,329.95 | cr=29, dd=33, da=10, tlv=6, sm=66, rd=141.82, cd=0, um=0","Time elapsed: 6.80 seconds","/home/thomasverwaal/Robust-Rail-NL/mathematical-models/local_search_plans_discreet_120/plan_33_trains_11_units10.json"
"/home/thomasverwaal/Robust-Rail-NL/mathematical-models/scenarios_solver_types_120/scenario_solver_33_trains_11_units10.json","Cost of next node: Cost = 2,270.3 : 2,306.58 | cr=22, dd=33, da=10, tlv=7, sm=66, rd=147.27, cd=0, um=0","Time elapsed: 7.51 seconds","/home/thomasverwaal/Robust-Rail-NL/mathematical-models/local_search_plans_discreet_120/plan_33_trains_11_units10.json"
"/home/thomasverwaal/Robust-Rail-NL/mathematical-models/scenarios_solver_types_120/scenario_solver_33_trains_11_units10.json","Cost of next node: Cost = 2,245.9 : 2,287.23 | cr=23, dd=33, da=9, tlv=8, sm=66, rd=140.91, cd=0, um=0","Time elapsed: 7.79 seconds","/home/thomasverwaal/Robust-Rail-NL/mathematical-models/local_search_plans_discreet_120/plan_33_trains_11_units10.json"
"/home/thomasverwaal/Robust-Rail-NL/mathematical-models/scenarios_solver_types_120/scenario_solver_33_trains_11_units10.json","Cost of next node: Cost = 2,220.9 : 2,267.23 | cr=19, dd=33, da=9, tlv=9, sm=66, rd=140.91, cd=0, um=0","Time elapsed: 8.17 seconds","/home/thomasverwaal/Robust-Rail-NL/mathematical-models/local_search_plans_discreet_120/plan_33_trains_11_units10.json"
"/home/thomasverwaal/Robust-Rail-NL/mathematical-models/scenarios_solver_types_120/scenario_solver_33_trains_11_units10.json","Cost of next node: Cost = 2,196.4 : 2,247.73 | cr=17, dd=33, da=9, tlv=10, sm=66, rd=131.82, cd=0, um=0","Time elapsed: 8.59 seconds","/home/thomasverwaal/Robust-Rail-NL/mathematical-models/local_search_plans_discreet_120/plan_33_trains_11_units10.json"
"/home/thomasverwaal/Robust-Rail-NL/mathematical-models/scenarios_solver_types_120/scenario_solver_33_trains_11_units10.json","Cost of next node: Cost = 2,163.1 : 2,219.42 | cr=14, dd=33, da=9, tlv=11, sm=66, rd=126.36, cd=0, um=0","Time elapsed: 8.97 seconds","/home/thomasverwaal/Robust-Rail-NL/mathematical-models/local_search_plans_discreet_120/plan_33_trains_11_units10.json"
"/home/thomasverwaal/Robust-Rail-NL/mathematical-models/scenarios_solver_types_120/scenario_solver_33_trains_11_units10.json","Cost of next node: Cost = 2,071.3 : 2,127.67 | cr=15, dd=31, da=9, tlv=11, sm=66, rd=126.36, cd=0, um=0","Time elapsed: 9.17 seconds","/home/thomasverwaal/Robust-Rail-NL/mathematical-models/local_search_plans_discreet_120/plan_33_trains_11_units10.json"
"/home/thomasverwaal/Robust-Rail-NL/mathematical-models/scenarios_solver_types_120/scenario_solver_33_trains_11_units10.json","Cost of next node: Cost = 2,040.6 : 2,096.95 | cr=17, dd=30, da=9, tlv=11, sm=66, rd=126.36, cd=0, um=0","Time elapsed: 9.30 seconds","/home/thomasverwaal/Robust-Rail-NL/mathematical-models/local_search_plans_discreet_120/plan_33_trains_11_units10.json"
"/home/thomasverwaal/Robust-Rail-NL/mathematical-models/scenarios_solver_types_120/scenario_solver_33_trains_11_units10.json","Cost of next node: Cost = 1,960.5 : 2,016.81 | cr=19, dd=28, da=9, tlv=11, sm=66, rd=126.36, cd=0, um=0","Time elapsed: 9.44 seconds","/home/thomasverwaal/Robust-Rail-NL/mathematical-models/local_search_plans_discreet_120/plan_33_trains_11_units10.json"
"/home/thomasverwaal/Robust-Rail-NL/mathematical-models/scenarios_solver_types_120/scenario_solver_33_trains_11_units10.json","Cost of next node: Cost = 1,910.4 : 1,966.73 | cr=19, dd=27, da=9, tlv=11, sm=66, rd=126.36, cd=0, um=0","Time elapsed: 9.58 seconds","/home/thomasverwaal/Robust-Rail-NL/mathematical-models/local_search_plans_discreet_120/plan_33_trains_11_units10.json"
"/home/thomasverwaal/Robust-Rail-NL/mathematical-models/scenarios_solver_types_120/scenario_solver_33_trains_11_units10.json","Cost of next node: Cost = 1,868.3 : 1,924.65 | cr=20, dd=26, da=9, tlv=11, sm=66, rd=121.82, cd=0, um=0","Time elapsed: 9.77 seconds","/home/thomasverwaal/Robust-Rail-NL/mathematical-models/local_search_plans_discreet_120/plan_33_trains_11_units10.json"
"/home/thomasverwaal/Robust-Rail-NL/mathematical-models/scenarios_solver_types_120/scenario_solver_33_trains_11_units10.json","Cost of next node: Cost = 1,833.9 : 1,895.17 | cr=20, dd=25, da=9, tlv=12, sm=66, rd=120.00, cd=0, um=0","Time elapsed: 10.06 seconds","/home/thomasverwaal/Robust-Rail-NL/mathematical-models/local_search_plans_discreet_120/plan_33_trains_11_units10.json"
"/home/thomasverwaal/Robust-Rail-NL/mathematical-models/scenarios_solver_types_120/scenario_solver_33_trains_11_units10.json","Cost of next node: Cost = 1,808.9 : 1,865.17 | cr=19, dd=25, da=9, tlv=11, sm=66, rd=121.82, cd=0, um=0","Time elapsed: 10.38 seconds","/home/thomasverwaal/Robust-Rail-NL/mathematical-models/local_search_plans_discreet_120/plan_33_trains_11_units10.json"
"/home/thomasverwaal/Robust-Rail-NL/mathematical-models/scenarios_solver_types_120/scenario_solver_33_trains_11_units10.json","Cost of next node: Cost = 1,773.8 : 1,835.14 | cr=19, dd=24, da=9, tlv=12, sm=66, rd=120.00, cd=0, um=0","Time elapsed: 10.70 seconds","/home/thomasverwaal/Robust-Rail-NL/mathematical-models/local_search_plans_discreet_120/plan_33_trains_11_units10.json"
"/home/thomasverwaal/Robust-Rail-NL/mathematical-models/scenarios_solver_types_120/scenario_solver_33_trains_11_units10.json","Cost of next node: Cost = 1,694.9 : 1,756.24 | cr=21, dd=22, da=9, tlv=12, sm=66, rd=114.55, cd=0, um=0","Time elapsed: 11.08 seconds","/home/thomasverwaal/Robust-Rail-NL/mathematical-models/local_search_plans_discreet_120/plan_33_trains_11_units10.json"
"/home/thomasverwaal/Robust-Rail-NL/mathematical-models/scenarios_solver_types_120/scenario_solver_33_trains_11_units10.json","Cost of next node: Cost = 1,518.9 : 1,585.25 | cr=21, dd=19, da=7, tlv=13, sm=66, rd=109.09, cd=0, um=0","Time elapsed: 11.44 seconds","/home/thomasverwaal/Robust-Rail-NL/mathematical-models/local_search_plans_discreet_120/plan_33_trains_11_units10.json"
"/home/thomasverwaal/Robust-Rail-NL/mathematical-models/scenarios_solver_types_120/scenario_solver_33_trains_11_units10.json","Cost of next node: Cost = 1,491.5 : 1,562.77 | cr=23, dd=19, da=4, tlv=14, sm=66, rd=103.64, cd=0, um=0","Time elapsed: 11.84 seconds","/home/thomasverwaal/Robust-Rail-NL/mathematical-models/local_search_plans_discreet_120/plan_33_trains_11_units10.json"
"/home/thomasverwaal/Robust-Rail-NL/mathematical-models/scenarios_solver_types_120/scenario_solver_33_trains_11_units10.json","Cost of next node: Cost = 1,385.1 : 1,461.39 | cr=23, dd=17, da=3, tlv=15, sm=66, rd=100.00, cd=0, um=0","Time elapsed: 12.18 seconds","/home/thomasverwaal/Robust-Rail-NL/mathematical-models/local_search_plans_discreet_120/plan_33_trains_11_units10.json"
"/home/thomasverwaal/Robust-Rail-NL/mathematical-models/scenarios_solver_types_120/scenario_solver_33_trains_11_units10.json","Cost of next node: Cost = 1,217.6 : 1,298.92 | cr=22, dd=14, da=2, tlv=16, sm=66, rd=97.27, cd=0, um=0","Time elapsed: 12.69 seconds","/home/thomasverwaal/Robust-Rail-NL/mathematical-models/local_search_plans_discreet_120/plan_33_trains_11_units10.json"
"/home/thomasverwaal/Robust-Rail-NL/mathematical-models/scenarios_solver_types_120/scenario_solver_33_trains_11_units10.json","Cost of next node: Cost = 1,187.6 : 1,268.92 | cr=19, dd=14, da=2, tlv=16, sm=66, rd=97.27, cd=0, um=0","Time elapsed: 12.89 seconds","/home/thomasverwaal/Robust-Rail-NL/mathematical-models/local_search_plans_discreet_120/plan_33_trains_11_units10.json"
"/home/thomasverwaal/Robust-Rail-NL/mathematical-models/scenarios_solver_types_120/scenario_solver_33_trains_11_units10.json","Cost of next node: Cost = 1,142.2 : 1,223.49 | cr=20, dd=13, da=2, tlv=16, sm=66, rd=92.73, cd=0, um=0","Time elapsed: 13.04 seconds","/home/thomasverwaal/Robust-Rail-NL/mathematical-models/local_search_plans_discreet_120/plan_33_trains_11_units10.json"
"/home/thomasverwaal/Robust-Rail-NL/mathematical-models/scenarios_solver_types_120/scenario_solver_33_trains_11_units10.json","Cost of next node: Cost = 1,008.4 : 1,094.74 | cr=20, dd=10, da=2, tlv=17, sm=66, rd=87.27, cd=0, um=0","Time elapsed: 13.37 seconds","/home/thomasverwaal/Robust-Rail-NL/mathematical-models/local_search_plans_discreet_120/plan_33_trains_11_units10.json"
"/home/thomasverwaal/Robust-Rail-NL/mathematical-models/scenarios_solver_types_120/scenario_solver_33_trains_11_units10.json","Cost of next node: Cost = 552.4 : 643.72 | cr=21, dd=1, da=1, tlv=18, sm=66, rd=76.36, cd=0, um=0","Time elapsed: 13.94 seconds","/home/thomasverwaal/Robust-Rail-NL/mathematical-models/local_search_plans_discreet_120/plan_33_trains_11_units10.json"
"/home/thomasverwaal/Robust-Rail-NL/mathematical-models/scenarios_solver_types_120/scenario_solver_33_trains_11_units10.json","Cost of next node: Cost = 531.5 : 622.82 | cr=21, dd=1, da=0, tlv=18, sm=66, rd=74.55, cd=0, um=0","Time elapsed: 14.51 seconds","/home/thomasverwaal/Robust-Rail-NL/mathematical-models/local_search_plans_discreet_120/plan_33_trains_11_units10.json"
"/home/thomasverwaal/Robust-Rail-NL/mathematical-models/scenarios_solver_types_120/scenario_solver_33_trains_11_units10.json","Cost of next node: Cost = 506.5 : 592.82 | cr=20, dd=1, da=0, tlv=17, sm=66, rd=74.55, cd=0, um=0","Time elapsed: 14.92 seconds","/home/thomasverwaal/Robust-Rail-NL/mathematical-models/local_search_plans_discreet_120/plan_33_trains_11_units10.json"
"/home/thomasverwaal/Robust-Rail-NL/mathematical-models/scenarios_solver_types_120/scenario_solver_33_trains_11_units10.json","Cost of next node: Cost = 450.0 : 541.32 | cr=18, dd=0, da=0, tlv=18, sm=66, rd=72.73, cd=0, um=0","Time elapsed: 15.43 seconds","/home/thomasverwaal/Robust-Rail-NL/mathematical-models/local_search_plans_discreet_120/plan_33_trains_11_units10.json"
"/home/thomasverwaal/Robust-Rail-NL/mathematical-models/scenarios_solver_types_120/scenario_solver_33_trains_11_units10.json","Cost of next node: Cost = 425.0 : 511.32 | cr=17, dd=0, da=0, tlv=17, sm=66, rd=74.55, cd=0, um=0","Time elapsed: 15.70 seconds","/home/thomasverwaal/Robust-Rail-NL/mathematical-models/local_search_plans_discreet_120/plan_33_trains_11_units10.json"
"/home/thomasverwaal/Robust-Rail-NL/mathematical-models/scenarios_solver_types_120/scenario_solver_33_trains_11_units10.json","Cost of next node: Cost = 405.0 : 491.32 | cr=15, dd=0, da=0, tlv=17, sm=66, rd=76.36, cd=0, um=0","Time elapsed: 23.33 seconds","/home/thomasverwaal/Robust-Rail-NL/mathematical-models/local_search_plans_discreet_120/plan_33_trains_11_units10.json"
"/home/thomasverwaal/Robust-Rail-NL/mathematical-models/scenarios_solver_types_120/scenario_solver_33_trains_11_units10.json","Cost of next node: Cost = 390.0 : 471.32 | cr=15, dd=0, da=0, tlv=16, sm=66, rd=78.18, cd=0, um=0","Time elapsed: 29.90 seconds","/home/thomasverwaal/Robust-Rail-NL/mathematical-models/local_search_plans_discreet_120/plan_33_trains_11_units10.json"
"/home/thomasverwaal/Robust-Rail-NL/mathematical-models/scenarios_solver_types_120/scenario_solver_33_trains_11_units10.json","Cost of next node: Cost = 375.0 : 451.32 | cr=15, dd=0, da=0, tlv=15, sm=66, rd=80.00, cd=0, um=0","Time elapsed: 35.89 seconds","/home/thomasverwaal/Robust-Rail-NL/mathematical-models/local_search_plans_discreet_120/plan_33_trains_11_units10.json"
"/home/thomasverwaal/Robust-Rail-NL/mathematical-models/scenarios_solver_types_120/scenario_solver_33_trains_11_units10.json","Cost of next node: Cost = 365.0 : 441.32 | cr=14, dd=0, da=0, tlv=15, sm=66, rd=80.00, cd=0, um=0","Time elapsed: 40.98 seconds","/home/thomasverwaal/Robust-Rail-NL/mathematical-models/local_search_plans_discreet_120/plan_33_trains_11_units10.json"
"/home/thomasverwaal/Robust-Rail-NL/mathematical-models/scenarios_solver_types_120/scenario_solver_33_trains_11_units10.json","Cost of next node: Cost = 355.0 : 431.32 | cr=13, dd=0, da=0, tlv=15, sm=66, rd=80.00, cd=0, um=0","Time elapsed: 45.82 seconds","/home/thomasverwaal/Robust-Rail-NL/mathematical-models/local_search_plans_discreet_120/plan_33_trains_11_units10.json"
"/home/thomasverwaal/Robust-Rail-NL/mathematical-models/scenarios_solver_types_120/scenario_solver_33_trains_11_units10.json","Cost of next node: Cost = 345.0 : 421.32 | cr=12, dd=0, da=0, tlv=15, sm=66, rd=80.00, cd=0, um=0","Time elapsed: 50.12 seconds","/home/thomasverwaal/Robust-Rail-NL/mathematical-models/local_search_plans_discreet_120/plan_33_trains_11_units10.json"
"/home/thomasverwaal/Robust-Rail-NL/mathematical-models/scenarios_solver_types_120/scenario_solver_33_trains_11_units10.json","Cost of next node: Cost = 335.0 : 411.32 | cr=11, dd=0, da=0, tlv=15, sm=66, rd=80.00, cd=0, um=0","Time elapsed: 54.63 seconds","/home/thomasverwaal/Robust-Rail-NL/mathematical-models/local_search_plans_discreet_120/plan_33_trains_11_units10.json"
"/home/thomasverwaal/Robust-Rail-NL/mathematical-models/scenarios_solver_types_120/scenario_solver_33_trains_11_units10.json","Cost of next node: Cost = 325.0 : 401.32 | cr=10, dd=0, da=0, tlv=15, sm=66, rd=80.00, cd=0, um=0","Time elapsed: 59.04 seconds","/home/thomasverwaal/Robust-Rail-NL/mathematical-models/local_search_plans_discreet_120/plan_33_trains_11_units10.json"
"/home/thomasverwaal/Robust-Rail-NL/mathematical-models/scenarios_solver_types_120/scenario_solver_33_trains_11_units10.json","Cost of next node: Cost = 305.0 : 381.32 | cr=8, dd=0, da=0, tlv=15, sm=66, rd=80.00, cd=0, um=0","Time elapsed: 63.21 seconds","/home/thomasverwaal/Robust-Rail-NL/mathematical-models/local_search_plans_discreet_120/plan_33_trains_11_units10.json"
"/home/thomasverwaal/Robust-Rail-NL/mathematical-models/scenarios_solver_types_120/scenario_solver_33_trains_11_units10.json","Cost of next node: Cost = 295.0 : 371.32 | cr=7, dd=0, da=0, tlv=15, sm=66, rd=81.82, cd=0, um=0","Time elapsed: 66.53 seconds","/home/thomasverwaal/Robust-Rail-NL/mathematical-models/local_search_plans_discreet_120/plan_33_trains_11_units10.json"
"/home/thomasverwaal/Robust-Rail-NL/mathematical-models/scenarios_solver_types_120/scenario_solver_33_trains_11_units10.json","Cost of next node: Cost = 285.0 : 361.32 | cr=6, dd=0, da=0, tlv=15, sm=66, rd=81.82, cd=0, um=0","Time elapsed: 70.13 seconds","/home/thomasverwaal/Robust-Rail-NL/mathematical-models/local_search_plans_discreet_120/plan_33_trains_11_units10.json"
"/home/thomasverwaal/Robust-Rail-NL/mathematical-models/scenarios_solver_types_120/scenario_solver_33_trains_11_units10.json","Cost of next node: Cost = 275.0 : 351.32 | cr=5, dd=0, da=0, tlv=15, sm=66, rd=83.64, cd=0, um=0","Time elapsed: 73.12 seconds","/home/thomasverwaal/Robust-Rail-NL/mathematical-models/local_search_plans_discreet_120/plan_33_trains_11_units10.json"
"/home/thomasverwaal/Robust-Rail-NL/mathematical-models/scenarios_solver_types_120/scenario_solver_33_trains_11_units10.json","Cost of next node: Cost = 265.0 : 341.32 | cr=4, dd=0, da=0, tlv=15, sm=66, rd=83.64, cd=0, um=0","Time elapsed: 75.51 seconds","/home/thomasverwaal/Robust-Rail-NL/mathematical-models/local_search_plans_discreet_120/plan_33_trains_11_units10.json"
"/home/thomasverwaal/Robust-Rail-NL/mathematical-models/scenarios_solver_types_120/scenario_solver_33_trains_11_units10.json","Cost of next node: Cost = 255.0 : 331.32 | cr=3, dd=0, da=0, tlv=15, sm=66, rd=83.64, cd=0, um=0","Time elapsed: 77.45 seconds","/home/thomasverwaal/Robust-Rail-NL/mathematical-models/local_search_plans_discreet_120/plan_33_trains_11_units10.json"
"/home/thomasverwaal/Robust-Rail-NL/mathematical-models/scenarios_solver_types_120/scenario_solver_33_trains_11_units10.json","Cost of next node: Cost = 245.0 : 321.32 | cr=2, dd=0, da=0, tlv=15, sm=66, rd=85.45, cd=0, um=0","Time elapsed: 97.27 seconds","/home/thomasverwaal/Robust-Rail-NL/mathematical-models/local_search_plans_discreet_120/plan_33_trains_11_units10.json"
"/home/thomasverwaal/Robust-Rail-NL/mathematical-models/scenarios_solver_types_120/scenario_solver_33_trains_11_units10.json","Cost of next node: Cost = 235.0 : 311.32 | cr=1, dd=0, da=0, tlv=15, sm=66, rd=85.45, cd=0, um=0","Time elapsed: 104.76 seconds","/home/thomasverwaal/Robust-Rail-NL/mathematical-models/local_search_plans_discreet_120/plan_33_trains_11_units10.json"
"/home/thomasverwaal/Robust-Rail-NL/mathematical-models/scenarios_solver_types_120/scenario_solver_33_trains_11_units10.json","Cost of next node: Cost = 230.0 : 301.36 | cr=2, dd=0, da=0, tlv=14, sm=68, rd=84.71, cd=0, um=0","Time elapsed: 200.16 seconds","/home/thomasverwaal/Robust-Rail-NL/mathematical-models/local_search_plans_discreet_120/plan_33_trains_11_units10.json"
"/home/thomasverwaal/Robust-Rail-NL/mathematical-models/scenarios_solver_types_120/scenario_solver_33_trains_11_units10.json","Cost of next node: Cost = 220.0 : 291.36 | cr=1, dd=0, da=0, tlv=14, sm=68, rd=82.94, cd=0, um=0","Time elapsed: 202.17 seconds","/home/thomasverwaal/Robust-Rail-NL/mathematical-models/local_search_plans_discreet_120/plan_33_trains_11_units10.json"
"/home/thomasverwaal/Robust-Rail-NL/mathematical-models/scenarios_solver_types_120/scenario_solver_33_trains_11_units10.json","NO_COST_FOUND","NO_TIME_FOUND","NO_PLAN_CREATED"
"/home/thomasverwaal/Robust-Rail-NL/mathematical-models/scenarios_solver_types_120/scenario_solver_33_trains_11_units11.json","Cost of next node: Cost = 2,958.9 : 2,960.27 | cr=52, dd=33, da=31, tlv=0, sm=66, rd=181.82, cd=0, um=0","Time elapsed: 4.41 seconds","/home/thomasverwaal/Robust-Rail-NL/mathematical-models/local_search_plans_discreet_120/plan_33_trains_11_units11.json"
"/home/thomasverwaal/Robust-Rail-NL/mathematical-models/scenarios_solver_types_120/scenario_solver_33_trains_11_units11.json","Cost of next node: Cost = 2,938.3 : 2,939.65 | cr=50, dd=33, da=31, tlv=0, sm=66, rd=180.91, cd=0, um=0","Time elapsed: 4.51 seconds","/home/thomasverwaal/Robust-Rail-NL/mathematical-models/local_search_plans_discreet_120/plan_33_trains_11_units11.json"
"/home/thomasverwaal/Robust-Rail-NL/mathematical-models/scenarios_solver_types_120/scenario_solver_33_trains_11_units11.json","Cost of next node: Cost = 2,916.7 : 2,917.97 | cr=48, dd=33, da=31, tlv=0, sm=66, rd=180.91, cd=0, um=0","Time elapsed: 4.59 seconds","/home/thomasverwaal/Robust-Rail-NL/mathematical-models/local_search_plans_discreet_120/plan_33_trains_11_units11.json"
"/home/thomasverwaal/Robust-Rail-NL/mathematical-models/scenarios_solver_types_120/scenario_solver_33_trains_11_units11.json","Cost of next node: Cost = 2,883.9 : 2,885.26 | cr=49, dd=33, da=30, tlv=0, sm=66, rd=176.36, cd=0, um=0","Time elapsed: 4.70 seconds","/home/thomasverwaal/Robust-Rail-NL/mathematical-models/local_search_plans_discreet_120/plan_33_trains_11_units11.json"
"/home/thomasverwaal/Robust-Rail-NL/mathematical-models/scenarios_solver_types_120/scenario_solver_33_trains_11_units11.json","Cost of next node: Cost = 2,848.7 : 2,854.99 | cr=46, dd=33, da=29, tlv=1, sm=66, rd=175.45, cd=0, um=0","Time elapsed: 4.82 seconds","/home/thomasverwaal/Robust-Rail-NL/mathematical-models/local_search_plans_discreet_120/plan_33_trains_11_units11.json"
"/home/thomasverwaal/Robust-Rail-NL/mathematical-models/scenarios_solver_types_120/scenario_solver_33_trains_11_units11.json","Cost of next node: Cost = 2,822.8 : 2,829.09 | cr=46, dd=33, da=28, tlv=1, sm=66, rd=171.82, cd=0, um=0","Time elapsed: 4.93 seconds","/home/thomasverwaal/Robust-Rail-NL/mathematical-models/local_search_plans_discreet_120/plan_33_trains_11_units11.json"
"/home/thomasverwaal/Robust-Rail-NL/mathematical-models/scenarios_solver_types_120/scenario_solver_33_trains_11_units11.json","Cost of next node: Cost = 2,691.5 : 2,702.78 | cr=41, dd=33, da=23, tlv=2, sm=66, rd=170.91, cd=0, um=0","Time elapsed: 5.02 seconds","/home/thomasverwaal/Robust-Rail-NL/mathematical-models/local_search_plans_discreet_120/plan_33_trains_11_units11.json"
"/home/thomasverwaal/Robust-Rail-NL/mathematical-models/scenarios_solver_types_120/scenario_solver_33_trains_11_units11.json","Cost of next node: Cost = 2,670.3 : 2,681.64 | cr=36, dd=33, da=23, tlv=2, sm=66, rd=181.82, cd=0, um=0","Time elapsed: 5.08 seconds","/home/thomasverwaal/Robust-Rail-NL/mathematical-models/local_search_plans_discreet_120/plan_33_trains_11_units11.json"
"/home/thomasverwaal/Robust-Rail-NL/mathematical-models/scenarios_solver_types_120/scenario_solver_33_trains_11_units11.json","Cost of next node: Cost = 2,582.9 : 2,599.22 | cr=34, dd=33, da=19, tlv=3, sm=66, rd=177.27, cd=0, um=0","Time elapsed: 5.19 seconds","/home/thomasverwaal/Robust-Rail-NL/mathematical-models/local_search_plans_discreet_120/plan_33_trains_11_units11.json"
"/home/thomasverwaal/Robust-Rail-NL/mathematical-models/scenarios_solver_types_120/scenario_solver_33_trains_11_units11.json","Cost of next node: Cost = 2,545.9 : 2,567.18 | cr=43, dd=33, da=13, tlv=4, sm=66, rd=161.82, cd=0, um=0","Time elapsed: 5.36 seconds","/home/thomasverwaal/Robust-Rail-NL/mathematical-models/local_search_plans_discreet_120/plan_33_trains_11_units11.json"
"/home/thomasverwaal/Robust-Rail-NL/mathematical-models/scenarios_solver_types_120/scenario_solver_33_trains_11_units11.json","Cost of next node: Cost = 2,522.2 : 2,548.51 | cr=39, dd=33, da=13, tlv=5, sm=66, rd=163.64, cd=0, um=0","Time elapsed: 5.63 seconds","/home/thomasverwaal/Robust-Rail-NL/mathematical-models/local_search_plans_discreet_120/plan_33_trains_11_units11.json"
"/home/thomasverwaal/Robust-Rail-NL/mathematical-models/scenarios_solver_types_120/scenario_solver_33_trains_11_units11.json","Cost of next node: Cost = 2,496.9 : 2,528.25 | cr=37, dd=33, da=12, tlv=6, sm=66, rd=160.00, cd=0, um=0","Time elapsed: 6.03 seconds","/home/thomasverwaal/Robust-Rail-NL/mathematical-models/local_search_plans_discreet_120/plan_33_trains_11_units11.json"
"/home/thomasverwaal/Robust-Rail-NL/mathematical-models/scenarios_solver_types_120/scenario_solver_33_trains_11_units11.json","Cost of next node: Cost = 2,474.1 : 2,510.46 | cr=36, dd=33, da=12, tlv=7, sm=66, rd=152.73, cd=0, um=0","Time elapsed: 6.46 seconds","/home/thomasverwaal/Robust-Rail-NL/mathematical-models/local_search_plans_discreet_120/plan_33_trains_11_units11.json"
"/home/thomasverwaal/Robust-Rail-NL/mathematical-models/scenarios_solver_types_120/scenario_solver_33_trains_11_units11.json","Cost of next node: Cost = 2,442.4 : 2,483.74 | cr=35, dd=33, da=11, tlv=8, sm=66, rd=145.45, cd=0, um=0","Time elapsed: 6.82 seconds","/home/thomasverwaal/Robust-Rail-NL/mathematical-models/local_search_plans_discreet_120/plan_33_trains_11_units11.json"
"/home/thomasverwaal/Robust-Rail-NL/mathematical-models/scenarios_solver_types_120/scenario_solver_33_trains_11_units11.json","Cost of next node: Cost = 2,421.3 : 2,467.59 | cr=29, dd=33, da=11, tlv=9, sm=66, rd=150.00, cd=0, um=0","Time elapsed: 7.52 seconds","/home/thomasverwaal/Robust-Rail-NL/mathematical-models/local_search_plans_discreet_120/plan_33_trains_11_units11.json"
"/home/thomasverwaal/Robust-Rail-NL/mathematical-models/scenarios_solver_types_120/scenario_solver_33_trains_11_units11.json","Cost of next node: Cost = 2,397.9 : 2,439.26 | cr=28, dd=33, da=11, tlv=8, sm=66, rd=151.82, cd=0, um=0","Time elapsed: 7.63 seconds","/home/thomasverwaal/Robust-Rail-NL/mathematical-models/local_search_plans_discreet_120/plan_33_trains_11_units11.json"
"/home/thomasverwaal/Robust-Rail-NL/mathematical-models/scenarios_solver_types_120/scenario_solver_33_trains_11_units11.json","Cost of next node: Cost = 2,359.2 : 2,405.54 | cr=26, dd=33, da=10, tlv=9, sm=66, rd=146.36, cd=0, um=0","Time elapsed: 7.88 seconds","/home/thomasverwaal/Robust-Rail-NL/mathematical-models/local_search_plans_discreet_120/plan_33_trains_11_units11.json"
"/home/thomasverwaal/Robust-Rail-NL/mathematical-models/scenarios_solver_types_120/scenario_solver_33_trains_11_units11.json","Cost of next node: Cost = 2,334.7 : 2,385.99 | cr=26, dd=33, da=9, tlv=10, sm=66, rd=140.91, cd=0, um=0","Time elapsed: 8.11 seconds","/home/thomasverwaal/Robust-Rail-NL/mathematical-models/local_search_plans_discreet_120/plan_33_trains_11_units11.json"
"/home/thomasverwaal/Robust-Rail-NL/mathematical-models/scenarios_solver_types_120/scenario_solver_33_trains_11_units11.json","Cost of next node: Cost = 2,302.1 : 2,358.46 | cr=24, dd=33, da=9, tlv=11, sm=66, rd=130.91, cd=0, um=0","Time elapsed: 8.45 seconds","/home/thomasverwaal/Robust-Rail-NL/mathematical-models/local_search_plans_discreet_120/plan_33_trains_11_units11.json"
"/home/thomasverwaal/Robust-Rail-NL/mathematical-models/scenarios_solver_types_120/scenario_solver_33_trains_11_units11.json","Cost of next node: Cost = 2,271.1 : 2,327.40 | cr=21, dd=33, da=9, tlv=11, sm=66, rd=130.91, cd=0, um=0","Time elapsed: 8.56 seconds","/home/thomasverwaal/Robust-Rail-NL/mathematical-models/local_search_plans_discreet_120/plan_33_trains_11_units11.json"
"/home/thomasverwaal/Robust-Rail-NL/mathematical-models/scenarios_solver_types_120/scenario_solver_33_trains_11_units11.json","Cost of next node: Cost = 2,228.5 : 2,284.86 | cr=19, dd=33, da=9, tlv=11, sm=66, rd=124.55, cd=0, um=0","Time elapsed: 8.89 seconds","/home/thomasverwaal/Robust-Rail-NL/mathematical-models/local_search_plans_discreet_120/plan_33_trains_11_units11.json"
"/home/thomasverwaal/Robust-Rail-NL/mathematical-models/scenarios_solver_types_120/scenario_solver_33_trains_11_units11.json","Cost of next node: Cost = 2,201.7 : 2,262.99 | cr=19, dd=33, da=8, tlv=12, sm=66, rd=117.27, cd=0, um=0","Time elapsed: 9.10 seconds","/home/thomasverwaal/Robust-Rail-NL/mathematical-models/local_search_plans_discreet_120/plan_33_trains_11_units11.json"
"/home/thomasverwaal/Robust-Rail-NL/mathematical-models/scenarios_solver_types_120/scenario_solver_33_trains_11_units11.json","Cost of next node: Cost = 2,151.6 : 2,212.88 | cr=19, dd=32, da=8, tlv=12, sm=66, rd=118.18, cd=0, um=0","Time elapsed: 9.20 seconds","/home/thomasverwaal/Robust-Rail-NL/mathematical-models/local_search_plans_discreet_120/plan_33_trains_11_units11.json"
"/home/thomasverwaal/Robust-Rail-NL/mathematical-models/scenarios_solver_types_120/scenario_solver_33_trains_11_units11.json","Cost of next node: Cost = 2,123.7 : 2,189.99 | cr=23, dd=32, da=4, tlv=13, sm=66, rd=111.82, cd=0, um=0","Time elapsed: 9.49 seconds","/home/thomasverwaal/Robust-Rail-NL/mathematical-models/local_search_plans_discreet_120/plan_33_trains_11_units11.json"
"/home/thomasverwaal/Robust-Rail-NL/mathematical-models/scenarios_solver_types_120/scenario_solver_33_trains_11_units11.json","Cost of next node: Cost = 2,084.0 : 2,150.31 | cr=24, dd=31, da=4, tlv=13, sm=66, rd=111.82, cd=0, um=0","Time elapsed: 9.63 seconds","/home/thomasverwaal/Robust-Rail-NL/mathematical-models/local_search_plans_discreet_120/plan_33_trains_11_units11.json"
"/home/thomasverwaal/Robust-Rail-NL/mathematical-models/scenarios_solver_types_120/scenario_solver_33_trains_11_units11.json","Cost of next node: Cost = 1,983.3 : 2,049.62 | cr=24, dd=29, da=4, tlv=13, sm=66, rd=110.91, cd=0, um=0","Time elapsed: 9.77 seconds","/home/thomasverwaal/Robust-Rail-NL/mathematical-models/local_search_plans_discreet_120/plan_33_trains_11_units11.json"
"/home/thomasverwaal/Robust-Rail-NL/mathematical-models/scenarios_solver_types_120/scenario_solver_33_trains_11_units11.json","Cost of next node: Cost = 1,881.8 : 1,948.08 | cr=24, dd=27, da=4, tlv=13, sm=66, rd=107.27, cd=0, um=0","Time elapsed: 10.08 seconds","/home/thomasverwaal/Robust-Rail-NL/mathematical-models/local_search_plans_discreet_120/plan_33_trains_11_units11.json"
"/home/thomasverwaal/Robust-Rail-NL/mathematical-models/scenarios_solver_types_120/scenario_solver_33_trains_11_units11.json","Cost of next node: Cost = 1,719.0 : 1,790.28 | cr=21, dd=24, da=4, tlv=14, sm=66, rd=104.55, cd=0, um=0","Time elapsed: 10.23 seconds","/home/thomasverwaal/Robust-Rail-NL/mathematical-models/local_search_plans_discreet_120/plan_33_trains_11_units11.json"
"/home/thomasverwaal/Robust-Rail-NL/mathematical-models/scenarios_solver_types_120/scenario_solver_33_trains_11_units11.json","Cost of next node: Cost = 1,618.6 : 1,689.89 | cr=21, dd=22, da=4, tlv=14, sm=66, rd=104.55, cd=0, um=0","Time elapsed: 10.29 seconds","/home/thomasverwaal/Robust-Rail-NL/mathematical-models/local_search_plans_discreet_120/plan_33_trains_11_units11.json"
"/home/thomasverwaal/Robust-Rail-NL/mathematical-models/scenarios_solver_types_120/scenario_solver_33_trains_11_units11.json","Cost of next node: Cost = 1,568.1 : 1,639.40 | cr=21, dd=21, da=4, tlv=14, sm=66, rd=102.73, cd=0, um=0","Time elapsed: 10.55 seconds","/home/thomasverwaal/Robust-Rail-NL/mathematical-models/local_search_plans_discreet_120/plan_33_trains_11_units11.json"
"/home/thomasverwaal/Robust-Rail-NL/mathematical-models/scenarios_solver_types_120/scenario_solver_33_trains_11_units11.json","Cost of next node: Cost = 1,546.6 : 1,617.90 | cr=19, dd=21, da=4, tlv=14, sm=66, rd=101.82, cd=0, um=0","Time elapsed: 10.75 seconds","/home/thomasverwaal/Robust-Rail-NL/mathematical-models/local_search_plans_discreet_120/plan_33_trains_11_units11.json"
"/home/thomasverwaal/Robust-Rail-NL/mathematical-models/scenarios_solver_types_120/scenario_solver_33_trains_11_units11.json","Cost of next node: Cost = 1,512.3 : 1,583.58 | cr=20, dd=20, da=4, tlv=14, sm=66, rd=101.82, cd=0, um=0","Time elapsed: 10.81 seconds","/home/thomasverwaal/Robust-Rail-NL/mathematical-models/local_search_plans_discreet_120/plan_33_trains_11_units11.json"
"/home/thomasverwaal/Robust-Rail-NL/mathematical-models/scenarios_solver_types_120/scenario_solver_33_trains_11_units11.json","Cost of next node: Cost = 1,478.0 : 1,554.27 | cr=20, dd=19, da=4, tlv=15, sm=66, rd=100.00, cd=0, um=0","Time elapsed: 10.95 seconds","/home/thomasverwaal/Robust-Rail-NL/mathematical-models/local_search_plans_discreet_120/plan_33_trains_11_units11.json"
"/home/thomasverwaal/Robust-Rail-NL/mathematical-models/scenarios_solver_types_120/scenario_solver_33_trains_11_units11.json","Cost of next node: Cost = 1,453.0 : 1,524.27 | cr=19, dd=19, da=4, tlv=14, sm=66, rd=100.00, cd=0, um=0","Time elapsed: 11.20 seconds","/home/thomasverwaal/Robust-Rail-NL/mathematical-models/local_search_plans_discreet_120/plan_33_trains_11_units11.json"
"/home/thomasverwaal/Robust-Rail-NL/mathematical-models/scenarios_solver_types_120/scenario_solver_33_trains_11_units11.json","Cost of next node: Cost = 1,428.0 : 1,504.27 | cr=15, dd=19, da=4, tlv=15, sm=66, rd=98.18, cd=0, um=0","Time elapsed: 11.57 seconds","/home/thomasverwaal/Robust-Rail-NL/mathematical-models/local_search_plans_discreet_120/plan_33_trains_11_units11.json"
"/home/thomasverwaal/Robust-Rail-NL/mathematical-models/scenarios_solver_types_120/scenario_solver_33_trains_11_units11.json","Cost of next node: Cost = 1,384.6 : 1,465.94 | cr=16, dd=18, da=3, tlv=16, sm=66, rd=94.55, cd=0, um=0","Time elapsed: 11.81 seconds","/home/thomasverwaal/Robust-Rail-NL/mathematical-models/local_search_plans_discreet_120/plan_33_trains_11_units11.json"
"/home/thomasverwaal/Robust-Rail-NL/mathematical-models/scenarios_solver_types_120/scenario_solver_33_trains_11_units11.json","Cost of next node: Cost = 1,335.1 : 1,416.45 | cr=16, dd=17, da=3, tlv=16, sm=66, rd=94.55, cd=0, um=0","Time elapsed: 11.89 seconds","/home/thomasverwaal/Robust-Rail-NL/mathematical-models/local_search_plans_discreet_120/plan_33_trains_11_units11.json"
"/home/thomasverwaal/Robust-Rail-NL/mathematical-models/scenarios_solver_types_120/scenario_solver_33_trains_11_units11.json","Cost of next node: Cost = 1,299.1 : 1,385.39 | cr=18, dd=16, da=2, tlv=17, sm=66, rd=90.91, cd=0, um=0","Time elapsed: 12.27 seconds","/home/thomasverwaal/Robust-Rail-NL/mathematical-models/local_search_plans_discreet_120/plan_33_trains_11_units11.json"
"/home/thomasverwaal/Robust-Rail-NL/mathematical-models/scenarios_solver_types_120/scenario_solver_33_trains_11_units11.json","Cost of next node: Cost = 1,274.1 : 1,355.39 | cr=17, dd=16, da=2, tlv=16, sm=66, rd=90.91, cd=0, um=0","Time elapsed: 12.41 seconds","/home/thomasverwaal/Robust-Rail-NL/mathematical-models/local_search_plans_discreet_120/plan_33_trains_11_units11.json"
"/home/thomasverwaal/Robust-Rail-NL/mathematical-models/scenarios_solver_types_120/scenario_solver_33_trains_11_units11.json","Cost of next node: Cost = 1,032.0 : 1,118.28 | cr=14, dd=12, da=1, tlv=17, sm=66, rd=83.64, cd=0, um=0","Time elapsed: 12.84 seconds","/home/thomasverwaal/Robust-Rail-NL/mathematical-models/local_search_plans_discreet_120/plan_33_trains_11_units11.json"
"/home/thomasverwaal/Robust-Rail-NL/mathematical-models/scenarios_solver_types_120/scenario_solver_33_trains_11_units11.json","Cost of next node: Cost = 451.5 : 542.82 | cr=13, dd=1, da=0, tlv=18, sm=66, rd=72.73, cd=0, um=0","Time elapsed: 13.18 seconds","/home/thomasverwaal/Robust-Rail-NL/mathematical-models/local_search_plans_discreet_120/plan_33_trains_11_units11.json"
"/home/thomasverwaal/Robust-Rail-NL/mathematical-models/scenarios_solver_types_120/scenario_solver_33_trains_11_units11.json","Cost of next node: Cost = 425.0 : 521.32 | cr=14, dd=0, da=0, tlv=19, sm=66, rd=70.91, cd=0, um=0","Time elapsed: 13.49 seconds","/home/thomasverwaal/Robust-Rail-NL/mathematical-models/local_search_plans_discreet_120/plan_33_trains_11_units11.json"
"/home/thomasverwaal/Robust-Rail-NL/mathematical-models/scenarios_solver_types_120/scenario_solver_33_trains_11_units11.json","Cost of next node: Cost = 410.0 : 501.32 | cr=14, dd=0, da=0, tlv=18, sm=66, rd=72.73, cd=0, um=0","Time elapsed: 19.79 seconds","/home/thomasverwaal/Robust-Rail-NL/mathematical-models/local_search_plans_discreet_120/plan_33_trains_11_units11.json"
"/home/thomasverwaal/Robust-Rail-NL/mathematical-models/scenarios_solver_types_120/scenario_solver_33_trains_11_units11.json","Cost of next node: Cost = 395.0 : 481.32 | cr=14, dd=0, da=0, tlv=17, sm=66, rd=72.73, cd=0, um=0","Time elapsed: 25.38 seconds","/home/thomasverwaal/Robust-Rail-NL/mathematical-models/local_search_plans_discreet_120/plan_33_trains_11_units11.json"
"/home/thomasverwaal/Robust-Rail-NL/mathematical-models/scenarios_solver_types_120/scenario_solver_33_trains_11_units11.json","Cost of next node: Cost = 380.0 : 461.32 | cr=14, dd=0, da=0, tlv=16, sm=66, rd=74.55, cd=0, um=0","Time elapsed: 30.87 seconds","/home/thomasverwaal/Robust-Rail-NL/mathematical-models/local_search_plans_discreet_120/plan_33_trains_11_units11.json"
"/home/thomasverwaal/Robust-Rail-NL/mathematical-models/scenarios_solver_types_120/scenario_solver_33_trains_11_units11.json","Cost of next node: Cost = 370.0 : 451.32 | cr=13, dd=0, da=0, tlv=16, sm=66, rd=74.55, cd=0, um=0","Time elapsed: 35.84 seconds","/home/thomasverwaal/Robust-Rail-NL/mathematical-models/local_search_plans_discreet_120/plan_33_trains_11_units11.json"
"/home/thomasverwaal/Robust-Rail-NL/mathematical-models/scenarios_solver_types_120/scenario_solver_33_trains_11_units11.json","Cost of next node: Cost = 360.0 : 441.32 | cr=12, dd=0, da=0, tlv=16, sm=66, rd=74.55, cd=0, um=0","Time elapsed: 40.38 seconds","/home/thomasverwaal/Robust-Rail-NL/mathematical-models/local_search_plans_discreet_120/plan_33_trains_11_units11.json"
"/home/thomasverwaal/Robust-Rail-NL/mathematical-models/scenarios_solver_types_120/scenario_solver_33_trains_11_units11.json","Cost of next node: Cost = 350.0 : 431.32 | cr=11, dd=0, da=0, tlv=16, sm=66, rd=74.55, cd=0, um=0","Time elapsed: 44.30 seconds","/home/thomasverwaal/Robust-Rail-NL/mathematical-models/local_search_plans_discreet_120/plan_33_trains_11_units11.json"
"/home/thomasverwaal/Robust-Rail-NL/mathematical-models/scenarios_solver_types_120/scenario_solver_33_trains_11_units11.json","Cost of next node: Cost = 340.0 : 421.32 | cr=10, dd=0, da=0, tlv=16, sm=66, rd=74.55, cd=0, um=0","Time elapsed: 47.67 seconds","/home/thomasverwaal/Robust-Rail-NL/mathematical-models/local_search_plans_discreet_120/plan_33_trains_11_units11.json"
"/home/thomasverwaal/Robust-Rail-NL/mathematical-models/scenarios_solver_types_120/scenario_solver_33_trains_11_units11.json","Cost of next node: Cost = 320.0 : 401.32 | cr=8, dd=0, da=0, tlv=16, sm=66, rd=74.55, cd=0, um=0","Time elapsed: 50.52 seconds","/home/thomasverwaal/Robust-Rail-NL/mathematical-models/local_search_plans_discreet_120/plan_33_trains_11_units11.json"
"/home/thomasverwaal/Robust-Rail-NL/mathematical-models/scenarios_solver_types_120/scenario_solver_33_trains_11_units11.json","Cost of next node: Cost = 310.0 : 391.32 | cr=7, dd=0, da=0, tlv=16, sm=66, rd=74.55, cd=0, um=0","Time elapsed: 52.77 seconds","/home/thomasverwaal/Robust-Rail-NL/mathematical-models/local_search_plans_discreet_120/plan_33_trains_11_units11.json"
"/home/thomasverwaal/Robust-Rail-NL/mathematical-models/scenarios_solver_types_120/scenario_solver_33_trains_11_units11.json","Cost of next node: Cost = 300.0 : 381.32 | cr=6, dd=0, da=0, tlv=16, sm=66, rd=74.55, cd=0, um=0","Time elapsed: 54.58 seconds","/home/thomasverwaal/Robust-Rail-NL/mathematical-models/local_search_plans_discreet_120/plan_33_trains_11_units11.json"
"/home/thomasverwaal/Robust-Rail-NL/mathematical-models/scenarios_solver_types_120/scenario_solver_33_trains_11_units11.json","Cost of next node: Cost = 290.0 : 371.32 | cr=5, dd=0, da=0, tlv=16, sm=66, rd=74.55, cd=0, um=0","Time elapsed: 56.14 seconds","/home/thomasverwaal/Robust-Rail-NL/mathematical-models/local_search_plans_discreet_120/plan_33_trains_11_units11.json"
"/home/thomasverwaal/Robust-Rail-NL/mathematical-models/scenarios_solver_types_120/scenario_solver_33_trains_11_units11.json","Cost of next node: Cost = 285.0 : 361.32 | cr=6, dd=0, da=0, tlv=15, sm=66, rd=76.36, cd=0, um=0","Time elapsed: 57.60 seconds","/home/thomasverwaal/Robust-Rail-NL/mathematical-models/local_search_plans_discreet_120/plan_33_trains_11_units11.json"
"/home/thomasverwaal/Robust-Rail-NL/mathematical-models/scenarios_solver_types_120/scenario_solver_33_trains_11_units11.json","Cost of next node: Cost = 265.0 : 341.32 | cr=4, dd=0, da=0, tlv=15, sm=66, rd=76.36, cd=0, um=0","Time elapsed: 64.83 seconds","/home/thomasverwaal/Robust-Rail-NL/mathematical-models/local_search_plans_discreet_120/plan_33_trains_11_units11.json"
"/home/thomasverwaal/Robust-Rail-NL/mathematical-models/scenarios_solver_types_120/scenario_solver_33_trains_11_units11.json","Cost of next node: Cost = 260.9 : 332.22 | cr=3, dd=0, da=1, tlv=14, sm=66, rd=80.00, cd=0, um=0","Time elapsed: 77.79 seconds","/home/thomasverwaal/Robust-Rail-NL/mathematical-models/local_search_plans_discreet_120/plan_33_trains_11_units11.json"
"/home/thomasverwaal/Robust-Rail-NL/mathematical-models/scenarios_solver_types_120/scenario_solver_33_trains_11_units11.json","Cost of next node: Cost = 255.9 : 332.22 | cr=1, dd=0, da=1, tlv=15, sm=66, rd=83.64, cd=0, um=0","Time elapsed: 85.85 seconds","/home/thomasverwaal/Robust-Rail-NL/mathematical-models/local_search_plans_discreet_120/plan_33_trains_11_units11.json"
"/home/thomasverwaal/Robust-Rail-NL/mathematical-models/scenarios_solver_types_120/scenario_solver_33_trains_11_units11.json","Cost of next node: Cost = 240.9 : 312.22 | cr=1, dd=0, da=1, tlv=14, sm=66, rd=83.64, cd=0, um=0","Time elapsed: 87.34 seconds","/home/thomasverwaal/Robust-Rail-NL/mathematical-models/local_search_plans_discreet_120/plan_33_trains_11_units11.json"
"/home/thomasverwaal/Robust-Rail-NL/mathematical-models/scenarios_solver_types_120/scenario_solver_33_trains_11_units11.json","Cost of next node: Cost = 230.9 : 302.22 | cr=0, dd=0, da=1, tlv=14, sm=66, rd=83.64, cd=0, um=0","Time elapsed: 97.06 seconds","/home/thomasverwaal/Robust-Rail-NL/mathematical-models/local_search_plans_discreet_120/plan_33_trains_11_units11.json"
"/home/thomasverwaal/Robust-Rail-NL/mathematical-models/scenarios_solver_types_120/scenario_solver_33_trains_11_units11.json","Cost of next node: Cost = 225.0 : 301.32 | cr=0, dd=0, da=0, tlv=15, sm=66, rd=83.64, cd=0, um=0","Time elapsed: 98.45 seconds","/home/thomasverwaal/Robust-Rail-NL/mathematical-models/local_search_plans_discreet_120/plan_33_trains_11_units11.json"
"/home/thomasverwaal/Robust-Rail-NL/mathematical-models/scenarios_solver_types_120/scenario_solver_33_trains_11_units11.json","Cost of next node: Cost = 210.0 : 281.34 | cr=0, dd=0, da=0, tlv=14, sm=67, rd=82.39, cd=0, um=0","Time elapsed: 99.93 seconds","/home/thomasverwaal/Robust-Rail-NL/mathematical-models/local_search_plans_discreet_120/plan_33_trains_11_units11.json"
"/home/thomasverwaal/Robust-Rail-NL/mathematical-models/scenarios_solver_types_120/scenario_solver_33_trains_11_units11.json","NO_COST_FOUND","NO_TIME_FOUND","NO_PLAN_CREATED"
"/home/thomasverwaal/Robust-Rail-NL/mathematical-models/scenarios_solver_types_120/scenario_solver_33_trains_11_units12.json","Cost of next node: Cost = 2,837.9 : 2,839.18 | cr=44, dd=33, da=31, tlv=0, sm=66, rd=176.36, cd=0, um=0","Time elapsed: 4.20 seconds","/home/thomasverwaal/Robust-Rail-NL/mathematical-models/local_search_plans_discreet_120/plan_33_trains_11_units12.json"
"/home/thomasverwaal/Robust-Rail-NL/mathematical-models/scenarios_solver_types_120/scenario_solver_33_trains_11_units12.json","Cost of next node: Cost = 2,731.9 : 2,738.21 | cr=43, dd=33, da=26, tlv=1, sm=66, rd=173.64, cd=0, um=0","Time elapsed: 4.29 seconds","/home/thomasverwaal/Robust-Rail-NL/mathematical-models/local_search_plans_discreet_120/plan_33_trains_11_units12.json"
"/home/thomasverwaal/Robust-Rail-NL/mathematical-models/scenarios_solver_types_120/scenario_solver_33_trains_11_units12.json","Cost of next node: Cost = 2,684.3 : 2,690.59 | cr=43, dd=33, da=24, tlv=1, sm=66, rd=167.27, cd=0, um=0","Time elapsed: 4.42 seconds","/home/thomasverwaal/Robust-Rail-NL/mathematical-models/local_search_plans_discreet_120/plan_33_trains_11_units12.json"
"/home/thomasverwaal/Robust-Rail-NL/mathematical-models/scenarios_solver_types_120/scenario_solver_33_trains_11_units12.json","Cost of next node: Cost = 2,533.0 : 2,544.32 | cr=41, dd=33, da=16, tlv=2, sm=66, rd=164.55, cd=0, um=0","Time elapsed: 4.57 seconds","/home/thomasverwaal/Robust-Rail-NL/mathematical-models/local_search_plans_discreet_120/plan_33_trains_11_units12.json"
"/home/thomasverwaal/Robust-Rail-NL/mathematical-models/scenarios_solver_types_120/scenario_solver_33_trains_11_units12.json","Cost of next node: Cost = 2,477.6 : 2,493.93 | cr=40, dd=33, da=13, tlv=3, sm=66, rd=160.00, cd=0, um=0","Time elapsed: 4.70 seconds","/home/thomasverwaal/Robust-Rail-NL/mathematical-models/local_search_plans_discreet_120/plan_33_trains_11_units12.json"
"/home/thomasverwaal/Robust-Rail-NL/mathematical-models/scenarios_solver_types_120/scenario_solver_33_trains_11_units12.json","Cost of next node: Cost = 2,449.4 : 2,470.74 | cr=37, dd=33, da=13, tlv=4, sm=66, rd=156.36, cd=0, um=0","Time elapsed: 5.00 seconds","/home/thomasverwaal/Robust-Rail-NL/mathematical-models/local_search_plans_discreet_120/plan_33_trains_11_units12.json"
"/home/thomasverwaal/Robust-Rail-NL/mathematical-models/scenarios_solver_types_120/scenario_solver_33_trains_11_units12.json","Cost of next node: Cost = 2,402.5 : 2,428.78 | cr=33, dd=33, da=12, tlv=5, sm=66, rd=154.55, cd=0, um=0","Time elapsed: 5.51 seconds","/home/thomasverwaal/Robust-Rail-NL/mathematical-models/local_search_plans_discreet_120/plan_33_trains_11_units12.json"
"/home/thomasverwaal/Robust-Rail-NL/mathematical-models/scenarios_solver_types_120/scenario_solver_33_trains_11_units12.json","Cost of next node: Cost = 2,381.6 : 2,407.90 | cr=31, dd=33, da=12, tlv=5, sm=66, rd=154.55, cd=0, um=0","Time elapsed: 5.57 seconds","/home/thomasverwaal/Robust-Rail-NL/mathematical-models/local_search_plans_discreet_120/plan_33_trains_11_units12.json"
"/home/thomasverwaal/Robust-Rail-NL/mathematical-models/scenarios_solver_types_120/scenario_solver_33_trains_11_units12.json","Cost of next node: Cost = 2,358.5 : 2,389.85 | cr=30, dd=33, da=12, tlv=6, sm=66, rd=147.27, cd=0, um=0","Time elapsed: 6.07 seconds","/home/thomasverwaal/Robust-Rail-NL/mathematical-models/local_search_plans_discreet_120/plan_33_trains_11_units12.json"
"/home/thomasverwaal/Robust-Rail-NL/mathematical-models/scenarios_solver_types_120/scenario_solver_33_trains_11_units12.json","Cost of next node: Cost = 2,336.6 : 2,367.91 | cr=28, dd=33, da=12, tlv=6, sm=66, rd=145.45, cd=0, um=0","Time elapsed: 6.71 seconds","/home/thomasverwaal/Robust-Rail-NL/mathematical-models/local_search_plans_discreet_120/plan_33_trains_11_units12.json"
"/home/thomasverwaal/Robust-Rail-NL/mathematical-models/scenarios_solver_types_120/scenario_solver_33_trains_11_units12.json","Cost of next node: Cost = 2,314.6 : 2,350.90 | cr=21, dd=33, da=12, tlv=7, sm=66, rd=152.73, cd=0, um=0","Time elapsed: 7.49 seconds","/home/thomasverwaal/Robust-Rail-NL/mathematical-models/local_search_plans_discreet_120/plan_33_trains_11_units12.json"
"/home/thomasverwaal/Robust-Rail-NL/mathematical-models/scenarios_solver_types_120/scenario_solver_33_trains_11_units12.json","Cost of next node: Cost = 2,289.4 : 2,330.75 | cr=20, dd=33, da=11, tlv=8, sm=66, rd=147.27, cd=0, um=0","Time elapsed: 7.77 seconds","/home/thomasverwaal/Robust-Rail-NL/mathematical-models/local_search_plans_discreet_120/plan_33_trains_11_units12.json"
"/home/thomasverwaal/Robust-Rail-NL/mathematical-models/scenarios_solver_types_120/scenario_solver_33_trains_11_units12.json","Cost of next node: Cost = 2,261.6 : 2,307.95 | cr=20, dd=33, da=10, tlv=9, sm=66, rd=140.00, cd=0, um=0","Time elapsed: 8.10 seconds","/home/thomasverwaal/Robust-Rail-NL/mathematical-models/local_search_plans_discreet_120/plan_33_trains_11_units12.json"
"/home/thomasverwaal/Robust-Rail-NL/mathematical-models/scenarios_solver_types_120/scenario_solver_33_trains_11_units12.json","Cost of next node: Cost = 2,237.4 : 2,278.74 | cr=19, dd=33, da=10, tlv=8, sm=66, rd=141.82, cd=0, um=0","Time elapsed: 8.23 seconds","/home/thomasverwaal/Robust-Rail-NL/mathematical-models/local_search_plans_discreet_120/plan_33_trains_11_units12.json"
"/home/thomasverwaal/Robust-Rail-NL/mathematical-models/scenarios_solver_types_120/scenario_solver_33_trains_11_units12.json","Cost of next node: Cost = 2,213.3 : 2,259.65 | cr=17, dd=33, da=10, tlv=9, sm=66, rd=132.73, cd=0, um=0","Time elapsed: 8.64 seconds","/home/thomasverwaal/Robust-Rail-NL/mathematical-models/local_search_plans_discreet_120/plan_33_trains_11_units12.json"
"/home/thomasverwaal/Robust-Rail-NL/mathematical-models/scenarios_solver_types_120/scenario_solver_33_trains_11_units12.json","Cost of next node: Cost = 2,192.7 : 2,243.98 | cr=14, dd=33, da=10, tlv=10, sm=66, rd=134.55, cd=0, um=0","Time elapsed: 9.00 seconds","/home/thomasverwaal/Robust-Rail-NL/mathematical-models/local_search_plans_discreet_120/plan_33_trains_11_units12.json"
"/home/thomasverwaal/Robust-Rail-NL/mathematical-models/scenarios_solver_types_120/scenario_solver_33_trains_11_units12.json","Cost of next node: Cost = 2,168.6 : 2,219.97 | cr=13, dd=33, da=10, tlv=10, sm=66, rd=127.27, cd=0, um=0","Time elapsed: 9.36 seconds","/home/thomasverwaal/Robust-Rail-NL/mathematical-models/local_search_plans_discreet_120/plan_33_trains_11_units12.json"
"/home/thomasverwaal/Robust-Rail-NL/mathematical-models/scenarios_solver_types_120/scenario_solver_33_trains_11_units12.json","Cost of next node: Cost = 2,119.1 : 2,175.38 | cr=14, dd=32, da=9, tlv=11, sm=66, rd=120.91, cd=0, um=0","Time elapsed: 9.46 seconds","/home/thomasverwaal/Robust-Rail-NL/mathematical-models/local_search_plans_discreet_120/plan_33_trains_11_units12.json"
"/home/thomasverwaal/Robust-Rail-NL/mathematical-models/scenarios_solver_types_120/scenario_solver_33_trains_11_units12.json","Cost of next node: Cost = 1,963.9 : 2,020.18 | cr=14, dd=29, da=9, tlv=11, sm=66, rd=114.55, cd=0, um=0","Time elapsed: 9.63 seconds","/home/thomasverwaal/Robust-Rail-NL/mathematical-models/local_search_plans_discreet_120/plan_33_trains_11_units12.json"
"/home/thomasverwaal/Robust-Rail-NL/mathematical-models/scenarios_solver_types_120/scenario_solver_33_trains_11_units12.json","Cost of next node: Cost = 1,913.3 : 1,969.62 | cr=14, dd=28, da=9, tlv=11, sm=66, rd=114.55, cd=0, um=0","Time elapsed: 9.72 seconds","/home/thomasverwaal/Robust-Rail-NL/mathematical-models/local_search_plans_discreet_120/plan_33_trains_11_units12.json"
"/home/thomasverwaal/Robust-Rail-NL/mathematical-models/scenarios_solver_types_120/scenario_solver_33_trains_11_units12.json","Cost of next node: Cost = 1,863.7 : 1,919.99 | cr=14, dd=27, da=9, tlv=11, sm=66, rd=114.55, cd=0, um=0","Time elapsed: 9.82 seconds","/home/thomasverwaal/Robust-Rail-NL/mathematical-models/local_search_plans_discreet_120/plan_33_trains_11_units12.json"
"/home/thomasverwaal/Robust-Rail-NL/mathematical-models/scenarios_solver_types_120/scenario_solver_33_trains_11_units12.json","Cost of next node: Cost = 1,812.9 : 1,869.27 | cr=14, dd=26, da=9, tlv=11, sm=66, rd=114.55, cd=0, um=0","Time elapsed: 9.98 seconds","/home/thomasverwaal/Robust-Rail-NL/mathematical-models/local_search_plans_discreet_120/plan_33_trains_11_units12.json"
"/home/thomasverwaal/Robust-Rail-NL/mathematical-models/scenarios_solver_types_120/scenario_solver_33_trains_11_units12.json","Cost of next node: Cost = 1,644.0 : 1,695.34 | cr=19, dd=22, da=9, tlv=10, sm=66, rd=110.91, cd=0, um=0","Time elapsed: 10.10 seconds","/home/thomasverwaal/Robust-Rail-NL/mathematical-models/local_search_plans_discreet_120/plan_33_trains_11_units12.json"
"/home/thomasverwaal/Robust-Rail-NL/mathematical-models/scenarios_solver_types_120/scenario_solver_33_trains_11_units12.json","Cost of next node: Cost = 1,618.4 : 1,669.68 | cr=20, dd=21, da=10, tlv=10, sm=66, rd=112.73, cd=0, um=0","Time elapsed: 10.29 seconds","/home/thomasverwaal/Robust-Rail-NL/mathematical-models/local_search_plans_discreet_120/plan_33_trains_11_units12.json"
"/home/thomasverwaal/Robust-Rail-NL/mathematical-models/scenarios_solver_types_120/scenario_solver_33_trains_11_units12.json","Cost of next node: Cost = 1,570.1 : 1,621.40 | cr=20, dd=20, da=10, tlv=10, sm=66, rd=112.73, cd=0, um=0","Time elapsed: 10.35 seconds","/home/thomasverwaal/Robust-Rail-NL/mathematical-models/local_search_plans_discreet_120/plan_33_trains_11_units12.json"
"/home/thomasverwaal/Robust-Rail-NL/mathematical-models/scenarios_solver_types_120/scenario_solver_33_trains_11_units12.json","Cost of next node: Cost = 1,522.1 : 1,573.44 | cr=20, dd=19, da=10, tlv=10, sm=66, rd=112.73, cd=0, um=0","Time elapsed: 10.50 seconds","/home/thomasverwaal/Robust-Rail-NL/mathematical-models/local_search_plans_discreet_120/plan_33_trains_11_units12.json"
"/home/thomasverwaal/Robust-Rail-NL/mathematical-models/scenarios_solver_types_120/scenario_solver_33_trains_11_units12.json","Cost of next node: Cost = 1,487.8 : 1,544.12 | cr=20, dd=18, da=10, tlv=11, sm=66, rd=107.27, cd=0, um=0","Time elapsed: 10.92 seconds","/home/thomasverwaal/Robust-Rail-NL/mathematical-models/local_search_plans_discreet_120/plan_33_trains_11_units12.json"
"/home/thomasverwaal/Robust-Rail-NL/mathematical-models/scenarios_solver_types_120/scenario_solver_33_trains_11_units12.json","Cost of next node: Cost = 1,461.2 : 1,522.49 | cr=18, dd=18, da=9, tlv=12, sm=66, rd=103.64, cd=0, um=0","Time elapsed: 11.20 seconds","/home/thomasverwaal/Robust-Rail-NL/mathematical-models/local_search_plans_discreet_120/plan_33_trains_11_units12.json"
"/home/thomasverwaal/Robust-Rail-NL/mathematical-models/scenarios_solver_types_120/scenario_solver_33_trains_11_units12.json","Cost of next node: Cost = 1,427.0 : 1,488.33 | cr=19, dd=16, da=12, tlv=12, sm=66, rd=106.36, cd=0, um=0","Time elapsed: 11.36 seconds","/home/thomasverwaal/Robust-Rail-NL/mathematical-models/local_search_plans_discreet_120/plan_33_trains_11_units12.json"
"/home/thomasverwaal/Robust-Rail-NL/mathematical-models/scenarios_solver_types_120/scenario_solver_33_trains_11_units12.json","Cost of next node: Cost = 1,366.9 : 1,428.23 | cr=18, dd=15, da=12, tlv=12, sm=66, rd=106.36, cd=0, um=0","Time elapsed: 11.40 seconds","/home/thomasverwaal/Robust-Rail-NL/mathematical-models/local_search_plans_discreet_120/plan_33_trains_11_units12.json"
"/home/thomasverwaal/Robust-Rail-NL/mathematical-models/scenarios_solver_types_120/scenario_solver_33_trains_11_units12.json","Cost of next node: Cost = 1,328.3 : 1,394.60 | cr=23, dd=15, da=7, tlv=13, sm=66, rd=100.91, cd=0, um=0","Time elapsed: 11.75 seconds","/home/thomasverwaal/Robust-Rail-NL/mathematical-models/local_search_plans_discreet_120/plan_33_trains_11_units12.json"
"/home/thomasverwaal/Robust-Rail-NL/mathematical-models/scenarios_solver_types_120/scenario_solver_33_trains_11_units12.json","Cost of next node: Cost = 1,186.7 : 1,253.02 | cr=21, dd=13, da=6, tlv=13, sm=66, rd=97.27, cd=0, um=0","Time elapsed: 12.01 seconds","/home/thomasverwaal/Robust-Rail-NL/mathematical-models/local_search_plans_discreet_120/plan_33_trains_11_units12.json"
"/home/thomasverwaal/Robust-Rail-NL/mathematical-models/scenarios_solver_types_120/scenario_solver_33_trains_11_units12.json","Cost of next node: Cost = 1,161.7 : 1,223.02 | cr=20, dd=13, da=6, tlv=12, sm=66, rd=99.09, cd=0, um=0","Time elapsed: 12.39 seconds","/home/thomasverwaal/Robust-Rail-NL/mathematical-models/local_search_plans_discreet_120/plan_33_trains_11_units12.json"
"/home/thomasverwaal/Robust-Rail-NL/mathematical-models/scenarios_solver_types_120/scenario_solver_33_trains_11_units12.json","Cost of next node: Cost = 1,107.4 : 1,173.69 | cr=20, dd=12, da=5, tlv=13, sm=66, rd=95.45, cd=0, um=0","Time elapsed: 12.63 seconds","/home/thomasverwaal/Robust-Rail-NL/mathematical-models/local_search_plans_discreet_120/plan_33_trains_11_units12.json"
"/home/thomasverwaal/Robust-Rail-NL/mathematical-models/scenarios_solver_types_120/scenario_solver_33_trains_11_units12.json","Cost of next node: Cost = 635.5 : 706.84 | cr=19, dd=3, da=4, tlv=14, sm=66, rd=84.55, cd=0, um=0","Time elapsed: 12.90 seconds","/home/thomasverwaal/Robust-Rail-NL/mathematical-models/local_search_plans_discreet_120/plan_33_trains_11_units12.json"
"/home/thomasverwaal/Robust-Rail-NL/mathematical-models/scenarios_solver_types_120/scenario_solver_33_trains_11_units12.json","Cost of next node: Cost = 590.5 : 666.84 | cr=18, dd=2, da=4, tlv=15, sm=66, rd=82.73, cd=0, um=0","Time elapsed: 13.34 seconds","/home/thomasverwaal/Robust-Rail-NL/mathematical-models/local_search_plans_discreet_120/plan_33_trains_11_units12.json"
"/home/thomasverwaal/Robust-Rail-NL/mathematical-models/scenarios_solver_types_120/scenario_solver_33_trains_11_units12.json","Cost of next node: Cost = 565.5 : 636.84 | cr=17, dd=2, da=4, tlv=14, sm=66, rd=84.55, cd=0, um=0","Time elapsed: 13.51 seconds","/home/thomasverwaal/Robust-Rail-NL/mathematical-models/local_search_plans_discreet_120/plan_33_trains_11_units12.json"
"/home/thomasverwaal/Robust-Rail-NL/mathematical-models/scenarios_solver_types_120/scenario_solver_33_trains_11_units12.json","Cost of next node: Cost = 545.5 : 616.84 | cr=15, dd=2, da=4, tlv=14, sm=66, rd=84.55, cd=0, um=0","Time elapsed: 17.86 seconds","/home/thomasverwaal/Robust-Rail-NL/mathematical-models/local_search_plans_discreet_120/plan_33_trains_11_units12.json"
"/home/thomasverwaal/Robust-Rail-NL/mathematical-models/scenarios_solver_types_120/scenario_solver_33_trains_11_units12.json","Cost of next node: Cost = 529.8 : 606.12 | cr=14, dd=2, da=3, tlv=15, sm=66, rd=83.64, cd=0, um=0","Time elapsed: 21.32 seconds","/home/thomasverwaal/Robust-Rail-NL/mathematical-models/local_search_plans_discreet_120/plan_33_trains_11_units12.json"
"/home/thomasverwaal/Robust-Rail-NL/mathematical-models/scenarios_solver_types_120/scenario_solver_33_trains_11_units12.json","Cost of next node: Cost = 519.8 : 596.12 | cr=13, dd=2, da=3, tlv=15, sm=66, rd=83.64, cd=0, um=0","Time elapsed: 25.09 seconds","/home/thomasverwaal/Robust-Rail-NL/mathematical-models/local_search_plans_discreet_120/plan_33_trains_11_units12.json"
"/home/thomasverwaal/Robust-Rail-NL/mathematical-models/scenarios_solver_types_120/scenario_solver_33_trains_11_units12.json","Cost of next node: Cost = 474.8 : 556.12 | cr=14, dd=1, da=2, tlv=16, sm=66, rd=80.00, cd=0, um=0","Time elapsed: 25.19 seconds","/home/thomasverwaal/Robust-Rail-NL/mathematical-models/local_search_plans_discreet_120/plan_33_trains_11_units12.json"
"/home/thomasverwaal/Robust-Rail-NL/mathematical-models/scenarios_solver_types_120/scenario_solver_33_trains_11_units12.json","Cost of next node: Cost = 464.8 : 546.12 | cr=13, dd=1, da=2, tlv=16, sm=66, rd=80.00, cd=0, um=0","Time elapsed: 28.89 seconds","/home/thomasverwaal/Robust-Rail-NL/mathematical-models/local_search_plans_discreet_120/plan_33_trains_11_units12.json"
"/home/thomasverwaal/Robust-Rail-NL/mathematical-models/scenarios_solver_types_120/scenario_solver_33_trains_11_units12.json","Cost of next node: Cost = 449.8 : 526.12 | cr=13, dd=1, da=2, tlv=15, sm=66, rd=81.82, cd=0, um=0","Time elapsed: 31.72 seconds","/home/thomasverwaal/Robust-Rail-NL/mathematical-models/local_search_plans_discreet_120/plan_33_trains_11_units12.json"
"/home/thomasverwaal/Robust-Rail-NL/mathematical-models/scenarios_solver_types_120/scenario_solver_33_trains_11_units12.json","Cost of next node: Cost = 429.8 : 506.12 | cr=11, dd=1, da=2, tlv=15, sm=66, rd=80.00, cd=0, um=0","Time elapsed: 34.85 seconds","/home/thomasverwaal/Robust-Rail-NL/mathematical-models/local_search_plans_discreet_120/plan_33_trains_11_units12.json"
"/home/thomasverwaal/Robust-Rail-NL/mathematical-models/scenarios_solver_types_120/scenario_solver_33_trains_11_units12.json","Cost of next node: Cost = 419.8 : 496.12 | cr=10, dd=1, da=2, tlv=15, sm=66, rd=80.00, cd=0, um=0","Time elapsed: 37.17 seconds","/home/thomasverwaal/Robust-Rail-NL/mathematical-models/local_search_plans_discreet_120/plan_33_trains_11_units12.json"
"/home/thomasverwaal/Robust-Rail-NL/mathematical-models/scenarios_solver_types_120/scenario_solver_33_trains_11_units12.json","Cost of next node: Cost = 360.9 : 442.22 | cr=10, dd=0, da=1, tlv=16, sm=66, rd=76.36, cd=0, um=0","Time elapsed: 37.28 seconds","/home/thomasverwaal/Robust-Rail-NL/mathematical-models/local_search_plans_discreet_120/plan_33_trains_11_units12.json"
"/home/thomasverwaal/Robust-Rail-NL/mathematical-models/scenarios_solver_types_120/scenario_solver_33_trains_11_units12.json","Cost of next node: Cost = 340.0 : 421.34 | cr=10, dd=0, da=0, tlv=16, sm=67, rd=75.22, cd=0, um=0","Time elapsed: 37.77 seconds","/home/thomasverwaal/Robust-Rail-NL/mathematical-models/local_search_plans_discreet_120/plan_33_trains_11_units12.json"
"/home/thomasverwaal/Robust-Rail-NL/mathematical-models/scenarios_solver_types_120/scenario_solver_33_trains_11_units12.json","Cost of next node: Cost = 325.0 : 401.34 | cr=10, dd=0, da=0, tlv=15, sm=67, rd=75.22, cd=0, um=0","Time elapsed: 40.05 seconds","/home/thomasverwaal/Robust-Rail-NL/mathematical-models/local_search_plans_discreet_120/plan_33_trains_11_units12.json"
"/home/thomasverwaal/Robust-Rail-NL/mathematical-models/scenarios_solver_types_120/scenario_solver_33_trains_11_units12.json","Cost of next node: Cost = 315.0 : 391.34 | cr=9, dd=0, da=0, tlv=15, sm=67, rd=75.22, cd=0, um=0","Time elapsed: 42.25 seconds","/home/thomasverwaal/Robust-Rail-NL/mathematical-models/local_search_plans_discreet_120/plan_33_trains_11_units12.json"
"/home/thomasverwaal/Robust-Rail-NL/mathematical-models/scenarios_solver_types_120/scenario_solver_33_trains_11_units12.json","Cost of next node: Cost = 305.0 : 381.34 | cr=8, dd=0, da=0, tlv=15, sm=67, rd=75.22, cd=0, um=0","Time elapsed: 43.83 seconds","/home/thomasverwaal/Robust-Rail-NL/mathematical-models/local_search_plans_discreet_120/plan_33_trains_11_units12.json"
"/home/thomasverwaal/Robust-Rail-NL/mathematical-models/scenarios_solver_types_120/scenario_solver_33_trains_11_units12.json","Cost of next node: Cost = 295.0 : 371.34 | cr=7, dd=0, da=0, tlv=15, sm=67, rd=75.22, cd=0, um=0","Time elapsed: 45.17 seconds","/home/thomasverwaal/Robust-Rail-NL/mathematical-models/local_search_plans_discreet_120/plan_33_trains_11_units12.json"
"/home/thomasverwaal/Robust-Rail-NL/mathematical-models/scenarios_solver_types_120/scenario_solver_33_trains_11_units12.json","Cost of next node: Cost = 290.0 : 361.36 | cr=8, dd=0, da=0, tlv=14, sm=68, rd=77.65, cd=0, um=0","Time elapsed: 109.22 seconds","/home/thomasverwaal/Robust-Rail-NL/mathematical-models/local_search_plans_discreet_120/plan_33_trains_11_units12.json"
"/home/thomasverwaal/Robust-Rail-NL/mathematical-models/scenarios_solver_types_120/scenario_solver_33_trains_11_units12.json","Cost of next node: Cost = 280.0 : 351.40 | cr=7, dd=0, da=0, tlv=14, sm=70, rd=77.14, cd=0, um=0","Time elapsed: 110.66 seconds","/home/thomasverwaal/Robust-Rail-NL/mathematical-models/local_search_plans_discreet_120/plan_33_trains_11_units12.json"
"/home/thomasverwaal/Robust-Rail-NL/mathematical-models/scenarios_solver_types_120/scenario_solver_33_trains_11_units12.json","Cost of next node: Cost = 275.0 : 351.40 | cr=5, dd=0, da=0, tlv=15, sm=70, rd=77.14, cd=0, um=0","Time elapsed: 111.92 seconds","/home/thomasverwaal/Robust-Rail-NL/mathematical-models/local_search_plans_discreet_120/plan_33_trains_11_units12.json"
"/home/thomasverwaal/Robust-Rail-NL/mathematical-models/scenarios_solver_types_120/scenario_solver_33_trains_11_units12.json","Cost of next node: Cost = 270.0 : 341.40 | cr=6, dd=0, da=0, tlv=14, sm=70, rd=77.14, cd=0, um=0","Time elapsed: 113.22 seconds","/home/thomasverwaal/Robust-Rail-NL/mathematical-models/local_search_plans_discreet_120/plan_33_trains_11_units12.json"
"/home/thomasverwaal/Robust-Rail-NL/mathematical-models/scenarios_solver_types_120/scenario_solver_33_trains_11_units12.json","NO_COST_FOUND","NO_TIME_FOUND","NO_PLAN_CREATED"
"/home/thomasverwaal/Robust-Rail-NL/mathematical-models/scenarios_solver_types_120/scenario_solver_33_trains_11_units13.json","Cost of next node: Cost = 2,847.8 : 2,849.14 | cr=45, dd=33, da=31, tlv=0, sm=66, rd=181.82, cd=0, um=0","Time elapsed: 4.37 seconds","/home/thomasverwaal/Robust-Rail-NL/mathematical-models/local_search_plans_discreet_120/plan_33_trains_11_units13.json"
"/home/thomasverwaal/Robust-Rail-NL/mathematical-models/scenarios_solver_types_120/scenario_solver_33_trains_11_units13.json","Cost of next node: Cost = 2,762.5 : 2,768.83 | cr=46, dd=33, da=26, tlv=1, sm=66, rd=179.09, cd=0, um=0","Time elapsed: 4.47 seconds","/home/thomasverwaal/Robust-Rail-NL/mathematical-models/local_search_plans_discreet_120/plan_33_trains_11_units13.json"
"/home/thomasverwaal/Robust-Rail-NL/mathematical-models/scenarios_solver_types_120/scenario_solver_33_trains_11_units13.json","Cost of next node: Cost = 2,735.8 : 2,737.15 | cr=45, dd=33, da=26, tlv=0, sm=66, rd=177.27, cd=0, um=0","Time elapsed: 4.59 seconds","/home/thomasverwaal/Robust-Rail-NL/mathematical-models/local_search_plans_discreet_120/plan_33_trains_11_units13.json"
"/home/thomasverwaal/Robust-Rail-NL/mathematical-models/scenarios_solver_types_120/scenario_solver_33_trains_11_units13.json","Cost of next node: Cost = 2,680.8 : 2,682.11 | cr=46, dd=33, da=23, tlv=0, sm=66, rd=170.91, cd=0, um=0","Time elapsed: 4.69 seconds","/home/thomasverwaal/Robust-Rail-NL/mathematical-models/local_search_plans_discreet_120/plan_33_trains_11_units13.json"
"/home/thomasverwaal/Robust-Rail-NL/mathematical-models/scenarios_solver_types_120/scenario_solver_33_trains_11_units13.json","Cost of next node: Cost = 2,553.3 : 2,559.60 | cr=41, dd=33, da=18, tlv=1, sm=66, rd=168.18, cd=0, um=0","Time elapsed: 4.76 seconds","/home/thomasverwaal/Robust-Rail-NL/mathematical-models/local_search_plans_discreet_120/plan_33_trains_11_units13.json"
"/home/thomasverwaal/Robust-Rail-NL/mathematical-models/scenarios_solver_types_120/scenario_solver_33_trains_11_units13.json","Cost of next node: Cost = 2,495.2 : 2,506.51 | cr=40, dd=33, da=15, tlv=2, sm=66, rd=163.64, cd=0, um=0","Time elapsed: 4.85 seconds","/home/thomasverwaal/Robust-Rail-NL/mathematical-models/local_search_plans_discreet_120/plan_33_trains_11_units13.json"
"/home/thomasverwaal/Robust-Rail-NL/mathematical-models/scenarios_solver_types_120/scenario_solver_33_trains_11_units13.json","Cost of next node: Cost = 2,452.0 : 2,468.34 | cr=40, dd=33, da=12, tlv=3, sm=66, rd=160.00, cd=0, um=0","Time elapsed: 4.96 seconds","/home/thomasverwaal/Robust-Rail-NL/mathematical-models/local_search_plans_discreet_120/plan_33_trains_11_units13.json"
"/home/thomasverwaal/Robust-Rail-NL/mathematical-models/scenarios_solver_types_120/scenario_solver_33_trains_11_units13.json","Cost of next node: Cost = 2,421.9 : 2,443.17 | cr=37, dd=33, da=12, tlv=4, sm=66, rd=154.55, cd=0, um=0","Time elapsed: 5.31 seconds","/home/thomasverwaal/Robust-Rail-NL/mathematical-models/local_search_plans_discreet_120/plan_33_trains_11_units13.json"
"/home/thomasverwaal/Robust-Rail-NL/mathematical-models/scenarios_solver_types_120/scenario_solver_33_trains_11_units13.json","Cost of next node: Cost = 2,401.2 : 2,422.53 | cr=34, dd=33, da=12, tlv=4, sm=66, rd=156.36, cd=0, um=0","Time elapsed: 5.37 seconds","/home/thomasverwaal/Robust-Rail-NL/mathematical-models/local_search_plans_discreet_120/plan_33_trains_11_units13.json"
"/home/thomasverwaal/Robust-Rail-NL/mathematical-models/scenarios_solver_types_120/scenario_solver_33_trains_11_units13.json","Cost of next node: Cost = 2,378.4 : 2,404.74 | cr=33, dd=33, da=12, tlv=5, sm=66, rd=149.09, cd=0, um=0","Time elapsed: 5.73 seconds","/home/thomasverwaal/Robust-Rail-NL/mathematical-models/local_search_plans_discreet_120/plan_33_trains_11_units13.json"
"/home/thomasverwaal/Robust-Rail-NL/mathematical-models/scenarios_solver_types_120/scenario_solver_33_trains_11_units13.json","Cost of next node: Cost = 2,328.8 : 2,360.16 | cr=27, dd=33, da=12, tlv=6, sm=66, rd=147.27, cd=0, um=0","Time elapsed: 6.03 seconds","/home/thomasverwaal/Robust-Rail-NL/mathematical-models/local_search_plans_discreet_120/plan_33_trains_11_units13.json"
"/home/thomasverwaal/Robust-Rail-NL/mathematical-models/scenarios_solver_types_120/scenario_solver_33_trains_11_units13.json","Cost of next node: Cost = 2,307.1 : 2,343.39 | cr=22, dd=33, da=12, tlv=7, sm=66, rd=152.73, cd=0, um=0","Time elapsed: 6.20 seconds","/home/thomasverwaal/Robust-Rail-NL/mathematical-models/local_search_plans_discreet_120/plan_33_trains_11_units13.json"
"/home/thomasverwaal/Robust-Rail-NL/mathematical-models/scenarios_solver_types_120/scenario_solver_33_trains_11_units13.json","Cost of next node: Cost = 2,284.0 : 2,320.33 | cr=21, dd=33, da=12, tlv=7, sm=66, rd=147.27, cd=0, um=0","Time elapsed: 6.39 seconds","/home/thomasverwaal/Robust-Rail-NL/mathematical-models/local_search_plans_discreet_120/plan_33_trains_11_units13.json"
"/home/thomasverwaal/Robust-Rail-NL/mathematical-models/scenarios_solver_types_120/scenario_solver_33_trains_11_units13.json","Cost of next node: Cost = 2,263.5 : 2,304.85 | cr=15, dd=33, da=12, tlv=8, sm=66, rd=152.73, cd=0, um=0","Time elapsed: 6.82 seconds","/home/thomasverwaal/Robust-Rail-NL/mathematical-models/local_search_plans_discreet_120/plan_33_trains_11_units13.json"
"/home/thomasverwaal/Robust-Rail-NL/mathematical-models/scenarios_solver_types_120/scenario_solver_33_trains_11_units13.json","Cost of next node: Cost = 2,243.0 : 2,284.37 | cr=14, dd=33, da=12, tlv=8, sm=66, rd=149.09, cd=0, um=0","Time elapsed: 7.61 seconds","/home/thomasverwaal/Robust-Rail-NL/mathematical-models/local_search_plans_discreet_120/plan_33_trains_11_units13.json"
"/home/thomasverwaal/Robust-Rail-NL/mathematical-models/scenarios_solver_types_120/scenario_solver_33_trains_11_units13.json","Cost of next node: Cost = 2,219.1 : 2,260.41 | cr=12, dd=33, da=12, tlv=8, sm=66, rd=147.27, cd=0, um=0","Time elapsed: 7.83 seconds","/home/thomasverwaal/Robust-Rail-NL/mathematical-models/local_search_plans_discreet_120/plan_33_trains_11_units13.json"
"/home/thomasverwaal/Robust-Rail-NL/mathematical-models/scenarios_solver_types_120/scenario_solver_33_trains_11_units13.json","Cost of next node: Cost = 2,195.0 : 2,241.28 | cr=10, dd=33, da=12, tlv=9, sm=66, rd=141.82, cd=0, um=0","Time elapsed: 8.09 seconds","/home/thomasverwaal/Robust-Rail-NL/mathematical-models/local_search_plans_discreet_120/plan_33_trains_11_units13.json"
"/home/thomasverwaal/Robust-Rail-NL/mathematical-models/scenarios_solver_types_120/scenario_solver_33_trains_11_units13.json","Cost of next node: Cost = 1,999.0 : 2,045.36 | cr=14, dd=29, da=12, tlv=9, sm=66, rd=130.00, cd=0, um=0","Time elapsed: 8.26 seconds","/home/thomasverwaal/Robust-Rail-NL/mathematical-models/local_search_plans_discreet_120/plan_33_trains_11_units13.json"
"/home/thomasverwaal/Robust-Rail-NL/mathematical-models/scenarios_solver_types_120/scenario_solver_33_trains_11_units13.json","Cost of next node: Cost = 1,950.7 : 1,997.05 | cr=14, dd=28, da=12, tlv=9, sm=66, rd=130.91, cd=0, um=0","Time elapsed: 8.34 seconds","/home/thomasverwaal/Robust-Rail-NL/mathematical-models/local_search_plans_discreet_120/plan_33_trains_11_units13.json"
"/home/thomasverwaal/Robust-Rail-NL/mathematical-models/scenarios_solver_types_120/scenario_solver_33_trains_11_units13.json","Cost of next node: Cost = 1,925.2 : 1,966.55 | cr=18, dd=27, da=12, tlv=8, sm=66, rd=132.73, cd=0, um=0","Time elapsed: 8.44 seconds","/home/thomasverwaal/Robust-Rail-NL/mathematical-models/local_search_plans_discreet_120/plan_33_trains_11_units13.json"
"/home/thomasverwaal/Robust-Rail-NL/mathematical-models/scenarios_solver_types_120/scenario_solver_33_trains_11_units13.json","Cost of next node: Cost = 1,875.9 : 1,917.21 | cr=18, dd=26, da=12, tlv=8, sm=66, rd=130.91, cd=0, um=0","Time elapsed: 8.62 seconds","/home/thomasverwaal/Robust-Rail-NL/mathematical-models/local_search_plans_discreet_120/plan_33_trains_11_units13.json"
"/home/thomasverwaal/Robust-Rail-NL/mathematical-models/scenarios_solver_types_120/scenario_solver_33_trains_11_units13.json","Cost of next node: Cost = 1,822.8 : 1,869.07 | cr=20, dd=25, da=10, tlv=9, sm=66, rd=127.27, cd=0, um=0","Time elapsed: 8.85 seconds","/home/thomasverwaal/Robust-Rail-NL/mathematical-models/local_search_plans_discreet_120/plan_33_trains_11_units13.json"
"/home/thomasverwaal/Robust-Rail-NL/mathematical-models/scenarios_solver_types_120/scenario_solver_33_trains_11_units13.json","Cost of next node: Cost = 1,764.0 : 1,815.34 | cr=23, dd=23, da=10, tlv=10, sm=66, rd=125.45, cd=0, um=0","Time elapsed: 8.96 seconds","/home/thomasverwaal/Robust-Rail-NL/mathematical-models/local_search_plans_discreet_120/plan_33_trains_11_units13.json"
"/home/thomasverwaal/Robust-Rail-NL/mathematical-models/scenarios_solver_types_120/scenario_solver_33_trains_11_units13.json","Cost of next node: Cost = 1,724.0 : 1,775.30 | cr=24, dd=22, da=10, tlv=10, sm=66, rd=125.45, cd=0, um=0","Time elapsed: 9.13 seconds","/home/thomasverwaal/Robust-Rail-NL/mathematical-models/local_search_plans_discreet_120/plan_33_trains_11_units13.json"
"/home/thomasverwaal/Robust-Rail-NL/mathematical-models/scenarios_solver_types_120/scenario_solver_33_trains_11_units13.json","Cost of next node: Cost = 1,686.5 : 1,742.87 | cr=26, dd=21, da=9, tlv=11, sm=66, rd=118.18, cd=0, um=0","Time elapsed: 9.35 seconds","/home/thomasverwaal/Robust-Rail-NL/mathematical-models/local_search_plans_discreet_120/plan_33_trains_11_units13.json"
"/home/thomasverwaal/Robust-Rail-NL/mathematical-models/scenarios_solver_types_120/scenario_solver_33_trains_11_units13.json","Cost of next node: Cost = 1,525.4 : 1,586.74 | cr=26, dd=18, da=8, tlv=12, sm=66, rd=110.91, cd=0, um=0","Time elapsed: 9.61 seconds","/home/thomasverwaal/Robust-Rail-NL/mathematical-models/local_search_plans_discreet_120/plan_33_trains_11_units13.json"
"/home/thomasverwaal/Robust-Rail-NL/mathematical-models/scenarios_solver_types_120/scenario_solver_33_trains_11_units13.json","Cost of next node: Cost = 1,363.1 : 1,424.44 | cr=26, dd=16, da=5, tlv=12, sm=66, rd=107.27, cd=0, um=0","Time elapsed: 10.07 seconds","/home/thomasverwaal/Robust-Rail-NL/mathematical-models/local_search_plans_discreet_120/plan_33_trains_11_units13.json"
"/home/thomasverwaal/Robust-Rail-NL/mathematical-models/scenarios_solver_types_120/scenario_solver_33_trains_11_units13.json","Cost of next node: Cost = 1,341.7 : 1,408.07 | cr=24, dd=16, da=4, tlv=13, sm=66, rd=110.00, cd=0, um=0","Time elapsed: 10.37 seconds","/home/thomasverwaal/Robust-Rail-NL/mathematical-models/local_search_plans_discreet_120/plan_33_trains_11_units13.json"
"/home/thomasverwaal/Robust-Rail-NL/mathematical-models/scenarios_solver_types_120/scenario_solver_33_trains_11_units13.json","Cost of next node: Cost = 1,107.6 : 1,178.92 | cr=21, dd=12, da=3, tlv=14, sm=66, rd=102.73, cd=0, um=0","Time elapsed: 10.59 seconds","/home/thomasverwaal/Robust-Rail-NL/mathematical-models/local_search_plans_discreet_120/plan_33_trains_11_units13.json"
"/home/thomasverwaal/Robust-Rail-NL/mathematical-models/scenarios_solver_types_120/scenario_solver_33_trains_11_units13.json","Cost of next node: Cost = 835.2 : 911.50 | cr=20, dd=7, da=2, tlv=15, sm=66, rd=91.82, cd=0, um=0","Time elapsed: 10.86 seconds","/home/thomasverwaal/Robust-Rail-NL/mathematical-models/local_search_plans_discreet_120/plan_33_trains_11_units13.json"
"/home/thomasverwaal/Robust-Rail-NL/mathematical-models/scenarios_solver_types_120/scenario_solver_33_trains_11_units13.json","Cost of next node: Cost = 814.7 : 891.00 | cr=19, dd=7, da=2, tlv=15, sm=66, rd=87.27, cd=0, um=0","Time elapsed: 11.07 seconds","/home/thomasverwaal/Robust-Rail-NL/mathematical-models/local_search_plans_discreet_120/plan_33_trains_11_units13.json"
"/home/thomasverwaal/Robust-Rail-NL/mathematical-models/scenarios_solver_types_120/scenario_solver_33_trains_11_units13.json","Cost of next node: Cost = 725.8 : 802.12 | cr=20, dd=5, da=2, tlv=15, sm=66, rd=85.45, cd=0, um=0","Time elapsed: 11.16 seconds","/home/thomasverwaal/Robust-Rail-NL/mathematical-models/local_search_plans_discreet_120/plan_33_trains_11_units13.json"
"/home/thomasverwaal/Robust-Rail-NL/mathematical-models/scenarios_solver_types_120/scenario_solver_33_trains_11_units13.json","Cost of next node: Cost = 639.8 : 716.12 | cr=22, dd=3, da=2, tlv=15, sm=66, rd=81.82, cd=0, um=0","Time elapsed: 11.26 seconds","/home/thomasverwaal/Robust-Rail-NL/mathematical-models/local_search_plans_discreet_120/plan_33_trains_11_units13.json"
"/home/thomasverwaal/Robust-Rail-NL/mathematical-models/scenarios_solver_types_120/scenario_solver_33_trains_11_units13.json","Cost of next node: Cost = 501.5 : 582.82 | cr=21, dd=1, da=0, tlv=16, sm=66, rd=76.36, cd=0, um=0","Time elapsed: 11.66 seconds","/home/thomasverwaal/Robust-Rail-NL/mathematical-models/local_search_plans_discreet_120/plan_33_trains_11_units13.json"
"/home/thomasverwaal/Robust-Rail-NL/mathematical-models/scenarios_solver_types_120/scenario_solver_33_trains_11_units13.json","Cost of next node: Cost = 465.0 : 551.32 | cr=21, dd=0, da=0, tlv=17, sm=66, rd=74.55, cd=0, um=0","Time elapsed: 12.08 seconds","/home/thomasverwaal/Robust-Rail-NL/mathematical-models/local_search_plans_discreet_120/plan_33_trains_11_units13.json"
"/home/thomasverwaal/Robust-Rail-NL/mathematical-models/scenarios_solver_types_120/scenario_solver_33_trains_11_units13.json","Cost of next node: Cost = 440.0 : 521.32 | cr=20, dd=0, da=0, tlv=16, sm=66, rd=74.55, cd=0, um=0","Time elapsed: 12.23 seconds","/home/thomasverwaal/Robust-Rail-NL/mathematical-models/local_search_plans_discreet_120/plan_33_trains_11_units13.json"
"/home/thomasverwaal/Robust-Rail-NL/mathematical-models/scenarios_solver_types_120/scenario_solver_33_trains_11_units13.json","Cost of next node: Cost = 430.0 : 511.32 | cr=19, dd=0, da=0, tlv=16, sm=66, rd=74.55, cd=0, um=0","Time elapsed: 16.88 seconds","/home/thomasverwaal/Robust-Rail-NL/mathematical-models/local_search_plans_discreet_120/plan_33_trains_11_units13.json"
"/home/thomasverwaal/Robust-Rail-NL/mathematical-models/scenarios_solver_types_120/scenario_solver_33_trains_11_units13.json","Cost of next node: Cost = 420.0 : 501.32 | cr=18, dd=0, da=0, tlv=16, sm=66, rd=74.55, cd=0, um=0","Time elapsed: 21.05 seconds","/home/thomasverwaal/Robust-Rail-NL/mathematical-models/local_search_plans_discreet_120/plan_33_trains_11_units13.json"
"/home/thomasverwaal/Robust-Rail-NL/mathematical-models/scenarios_solver_types_120/scenario_solver_33_trains_11_units13.json","Cost of next node: Cost = 405.0 : 481.32 | cr=18, dd=0, da=0, tlv=15, sm=66, rd=76.36, cd=0, um=0","Time elapsed: 25.26 seconds","/home/thomasverwaal/Robust-Rail-NL/mathematical-models/local_search_plans_discreet_120/plan_33_trains_11_units13.json"
"/home/thomasverwaal/Robust-Rail-NL/mathematical-models/scenarios_solver_types_120/scenario_solver_33_trains_11_units13.json","Cost of next node: Cost = 395.0 : 471.32 | cr=17, dd=0, da=0, tlv=15, sm=66, rd=78.18, cd=0, um=0","Time elapsed: 28.94 seconds","/home/thomasverwaal/Robust-Rail-NL/mathematical-models/local_search_plans_discreet_120/plan_33_trains_11_units13.json"
"/home/thomasverwaal/Robust-Rail-NL/mathematical-models/scenarios_solver_types_120/scenario_solver_33_trains_11_units13.json","Cost of next node: Cost = 385.0 : 461.32 | cr=16, dd=0, da=0, tlv=15, sm=66, rd=78.18, cd=0, um=0","Time elapsed: 32.56 seconds","/home/thomasverwaal/Robust-Rail-NL/mathematical-models/local_search_plans_discreet_120/plan_33_trains_11_units13.json"
"/home/thomasverwaal/Robust-Rail-NL/mathematical-models/scenarios_solver_types_120/scenario_solver_33_trains_11_units13.json","Cost of next node: Cost = 375.0 : 451.32 | cr=15, dd=0, da=0, tlv=15, sm=66, rd=78.18, cd=0, um=0","Time elapsed: 36.03 seconds","/home/thomasverwaal/Robust-Rail-NL/mathematical-models/local_search_plans_discreet_120/plan_33_trains_11_units13.json"
"/home/thomasverwaal/Robust-Rail-NL/mathematical-models/scenarios_solver_types_120/scenario_solver_33_trains_11_units13.json","Cost of next node: Cost = 365.0 : 441.32 | cr=14, dd=0, da=0, tlv=15, sm=66, rd=78.18, cd=0, um=0","Time elapsed: 39.05 seconds","/home/thomasverwaal/Robust-Rail-NL/mathematical-models/local_search_plans_discreet_120/plan_33_trains_11_units13.json"
"/home/thomasverwaal/Robust-Rail-NL/mathematical-models/scenarios_solver_types_120/scenario_solver_33_trains_11_units13.json","Cost of next node: Cost = 355.0 : 431.32 | cr=13, dd=0, da=0, tlv=15, sm=66, rd=78.18, cd=0, um=0","Time elapsed: 42.09 seconds","/home/thomasverwaal/Robust-Rail-NL/mathematical-models/local_search_plans_discreet_120/plan_33_trains_11_units13.json"
"/home/thomasverwaal/Robust-Rail-NL/mathematical-models/scenarios_solver_types_120/scenario_solver_33_trains_11_units13.json","Cost of next node: Cost = 345.0 : 421.32 | cr=12, dd=0, da=0, tlv=15, sm=66, rd=80.00, cd=0, um=0","Time elapsed: 44.45 seconds","/home/thomasverwaal/Robust-Rail-NL/mathematical-models/local_search_plans_discreet_120/plan_33_trains_11_units13.json"
"/home/thomasverwaal/Robust-Rail-NL/mathematical-models/scenarios_solver_types_120/scenario_solver_33_trains_11_units13.json","Cost of next node: Cost = 335.0 : 411.32 | cr=11, dd=0, da=0, tlv=15, sm=66, rd=80.00, cd=0, um=0","Time elapsed: 46.93 seconds","/home/thomasverwaal/Robust-Rail-NL/mathematical-models/local_search_plans_discreet_120/plan_33_trains_11_units13.json"
"/home/thomasverwaal/Robust-Rail-NL/mathematical-models/scenarios_solver_types_120/scenario_solver_33_trains_11_units13.json","Cost of next node: Cost = 325.0 : 401.32 | cr=10, dd=0, da=0, tlv=15, sm=66, rd=78.18, cd=0, um=0","Time elapsed: 48.85 seconds","/home/thomasverwaal/Robust-Rail-NL/mathematical-models/local_search_plans_discreet_120/plan_33_trains_11_units13.json"
"/home/thomasverwaal/Robust-Rail-NL/mathematical-models/scenarios_solver_types_120/scenario_solver_33_trains_11_units13.json","Cost of next node: Cost = 315.0 : 391.32 | cr=9, dd=0, da=0, tlv=15, sm=66, rd=80.00, cd=0, um=0","Time elapsed: 50.89 seconds","/home/thomasverwaal/Robust-Rail-NL/mathematical-models/local_search_plans_discreet_120/plan_33_trains_11_units13.json"
"/home/thomasverwaal/Robust-Rail-NL/mathematical-models/scenarios_solver_types_120/scenario_solver_33_trains_11_units13.json","Cost of next node: Cost = 305.0 : 381.32 | cr=8, dd=0, da=0, tlv=15, sm=66, rd=80.00, cd=0, um=0","Time elapsed: 52.94 seconds","/home/thomasverwaal/Robust-Rail-NL/mathematical-models/local_search_plans_discreet_120/plan_33_trains_11_units13.json"
"/home/thomasverwaal/Robust-Rail-NL/mathematical-models/scenarios_solver_types_120/scenario_solver_33_trains_11_units13.json","Cost of next node: Cost = 295.0 : 371.32 | cr=7, dd=0, da=0, tlv=15, sm=66, rd=80.00, cd=0, um=0","Time elapsed: 57.86 seconds","/home/thomasverwaal/Robust-Rail-NL/mathematical-models/local_search_plans_discreet_120/plan_33_trains_11_units13.json"
"/home/thomasverwaal/Robust-Rail-NL/mathematical-models/scenarios_solver_types_120/scenario_solver_33_trains_11_units13.json","Cost of next node: Cost = 285.0 : 361.34 | cr=6, dd=0, da=0, tlv=15, sm=67, rd=78.81, cd=0, um=0","Time elapsed: 113.66 seconds","/home/thomasverwaal/Robust-Rail-NL/mathematical-models/local_search_plans_discreet_120/plan_33_trains_11_units13.json"
"/home/thomasverwaal/Robust-Rail-NL/mathematical-models/scenarios_solver_types_120/scenario_solver_33_trains_11_units13.json","Cost of next node: Cost = 275.0 : 351.34 | cr=5, dd=0, da=0, tlv=15, sm=67, rd=82.39, cd=0, um=0","Time elapsed: 249.15 seconds","/home/thomasverwaal/Robust-Rail-NL/mathematical-models/local_search_plans_discreet_120/plan_33_trains_11_units13.json"
"/home/thomasverwaal/Robust-Rail-NL/mathematical-models/scenarios_solver_types_120/scenario_solver_33_trains_11_units13.json","NO_COST_FOUND","NO_TIME_FOUND","NO_PLAN_CREATED"
