scenario,cost_line,time_line,plan_file
"/home/thomasverwaal/Robust-Rail-NL/mathematical-models/scenarios_solver_types_120/scenario_solver_33_trains_1_units19.json","Cost of next node: Cost = 2,818.9 : 2,820.20 | cr=41, dd=33, da=31, tlv=0, sm=66, rd=178.18, cd=0, um=0","Time elapsed: 4.38 seconds","/home/thomasverwaal/Robust-Rail-NL/mathematical-models/local_search_plans_discreet_120/plan_33_trains_1_units19.json"
"/home/thomasverwaal/Robust-Rail-NL/mathematical-models/scenarios_solver_types_120/scenario_solver_33_trains_1_units19.json","Cost of next node: Cost = 2,791.6 : 2,792.88 | cr=39, dd=33, da=31, tlv=0, sm=66, rd=176.36, cd=0, um=0","Time elapsed: 4.51 seconds","/home/thomasverwaal/Robust-Rail-NL/mathematical-models/local_search_plans_discreet_120/plan_33_trains_1_units19.json"
"/home/thomasverwaal/Robust-Rail-NL/mathematical-models/scenarios_solver_types_120/scenario_solver_33_trains_1_units19.json","Cost of next node: Cost = 2,771.1 : 2,772.44 | cr=37, dd=33, da=31, tlv=0, sm=66, rd=176.36, cd=0, um=0","Time elapsed: 4.80 seconds","/home/thomasverwaal/Robust-Rail-NL/mathematical-models/local_search_plans_discreet_120/plan_33_trains_1_units19.json"
"/home/thomasverwaal/Robust-Rail-NL/mathematical-models/scenarios_solver_types_120/scenario_solver_33_trains_1_units19.json","Cost of next node: Cost = 2,750.4 : 2,751.73 | cr=35, dd=33, da=31, tlv=0, sm=66, rd=176.36, cd=0, um=0","Time elapsed: 5.11 seconds","/home/thomasverwaal/Robust-Rail-NL/mathematical-models/local_search_plans_discreet_120/plan_33_trains_1_units19.json"
"/home/thomasverwaal/Robust-Rail-NL/mathematical-models/scenarios_solver_types_120/scenario_solver_33_trains_1_units19.json","Cost of next node: Cost = 2,716.1 : 2,722.46 | cr=36, dd=33, da=29, tlv=1, sm=66, rd=173.64, cd=0, um=0","Time elapsed: 5.40 seconds","/home/thomasverwaal/Robust-Rail-NL/mathematical-models/local_search_plans_discreet_120/plan_33_trains_1_units19.json"
"/home/thomasverwaal/Robust-Rail-NL/mathematical-models/scenarios_solver_types_120/scenario_solver_33_trains_1_units19.json","Cost of next node: Cost = 2,648.7 : 2,655.05 | cr=38, dd=33, da=25, tlv=1, sm=66, rd=167.27, cd=0, um=0","Time elapsed: 5.72 seconds","/home/thomasverwaal/Robust-Rail-NL/mathematical-models/local_search_plans_discreet_120/plan_33_trains_1_units19.json"
"/home/thomasverwaal/Robust-Rail-NL/mathematical-models/scenarios_solver_types_120/scenario_solver_33_trains_1_units19.json","Cost of next node: Cost = 2,618.5 : 2,624.87 | cr=35, dd=33, da=25, tlv=1, sm=66, rd=167.27, cd=0, um=0","Time elapsed: 5.78 seconds","/home/thomasverwaal/Robust-Rail-NL/mathematical-models/local_search_plans_discreet_120/plan_33_trains_1_units19.json"
"/home/thomasverwaal/Robust-Rail-NL/mathematical-models/scenarios_solver_types_120/scenario_solver_33_trains_1_units19.json","Cost of next node: Cost = 2,528.7 : 2,540.06 | cr=34, dd=33, da=20, tlv=2, sm=66, rd=164.55, cd=0, um=0","Time elapsed: 6.08 seconds","/home/thomasverwaal/Robust-Rail-NL/mathematical-models/local_search_plans_discreet_120/plan_33_trains_1_units19.json"
"/home/thomasverwaal/Robust-Rail-NL/mathematical-models/scenarios_solver_types_120/scenario_solver_33_trains_1_units19.json","Cost of next node: Cost = 2,434.6 : 2,450.91 | cr=35, dd=33, da=14, tlv=3, sm=66, rd=160.00, cd=0, um=0","Time elapsed: 6.36 seconds","/home/thomasverwaal/Robust-Rail-NL/mathematical-models/local_search_plans_discreet_120/plan_33_trains_1_units19.json"
"/home/thomasverwaal/Robust-Rail-NL/mathematical-models/scenarios_solver_types_120/scenario_solver_33_trains_1_units19.json","Cost of next node: Cost = 2,391.2 : 2,412.53 | cr=35, dd=33, da=11, tlv=4, sm=66, rd=156.36, cd=0, um=0","Time elapsed: 6.67 seconds","/home/thomasverwaal/Robust-Rail-NL/mathematical-models/local_search_plans_discreet_120/plan_33_trains_1_units19.json"
"/home/thomasverwaal/Robust-Rail-NL/mathematical-models/scenarios_solver_types_120/scenario_solver_33_trains_1_units19.json","Cost of next node: Cost = 2,367.8 : 2,389.09 | cr=34, dd=33, da=11, tlv=4, sm=66, rd=152.73, cd=0, um=0","Time elapsed: 7.12 seconds","/home/thomasverwaal/Robust-Rail-NL/mathematical-models/local_search_plans_discreet_120/plan_33_trains_1_units19.json"
"/home/thomasverwaal/Robust-Rail-NL/mathematical-models/scenarios_solver_types_120/scenario_solver_33_trains_1_units19.json","Cost of next node: Cost = 2,347.4 : 2,373.73 | cr=29, dd=33, da=12, tlv=5, sm=66, rd=150.91, cd=0, um=0","Time elapsed: 7.67 seconds","/home/thomasverwaal/Robust-Rail-NL/mathematical-models/local_search_plans_discreet_120/plan_33_trains_1_units19.json"
"/home/thomasverwaal/Robust-Rail-NL/mathematical-models/scenarios_solver_types_120/scenario_solver_33_trains_1_units19.json","Cost of next node: Cost = 2,302.4 : 2,333.73 | cr=23, dd=33, da=12, tlv=6, sm=66, rd=150.91, cd=0, um=0","Time elapsed: 8.46 seconds","/home/thomasverwaal/Robust-Rail-NL/mathematical-models/local_search_plans_discreet_120/plan_33_trains_1_units19.json"
"/home/thomasverwaal/Robust-Rail-NL/mathematical-models/scenarios_solver_types_120/scenario_solver_33_trains_1_units19.json","Cost of next node: Cost = 2,266.7 : 2,303.07 | cr=20, dd=33, da=12, tlv=7, sm=66, rd=141.82, cd=0, um=0","Time elapsed: 8.78 seconds","/home/thomasverwaal/Robust-Rail-NL/mathematical-models/local_search_plans_discreet_120/plan_33_trains_1_units19.json"
"/home/thomasverwaal/Robust-Rail-NL/mathematical-models/scenarios_solver_types_120/scenario_solver_33_trains_1_units19.json","Cost of next node: Cost = 2,243.2 : 2,284.57 | cr=19, dd=33, da=11, tlv=8, sm=66, rd=136.36, cd=0, um=0","Time elapsed: 9.11 seconds","/home/thomasverwaal/Robust-Rail-NL/mathematical-models/local_search_plans_discreet_120/plan_33_trains_1_units19.json"
"/home/thomasverwaal/Robust-Rail-NL/mathematical-models/scenarios_solver_types_120/scenario_solver_33_trains_1_units19.json","Cost of next node: Cost = 2,213.8 : 2,255.12 | cr=15, dd=33, da=11, tlv=8, sm=66, rd=145.45, cd=0, um=0","Time elapsed: 9.45 seconds","/home/thomasverwaal/Robust-Rail-NL/mathematical-models/local_search_plans_discreet_120/plan_33_trains_1_units19.json"
"/home/thomasverwaal/Robust-Rail-NL/mathematical-models/scenarios_solver_types_120/scenario_solver_33_trains_1_units19.json","Cost of next node: Cost = 2,182.0 : 2,223.34 | cr=15, dd=33, da=11, tlv=8, sm=66, rd=128.18, cd=0, um=0","Time elapsed: 9.87 seconds","/home/thomasverwaal/Robust-Rail-NL/mathematical-models/local_search_plans_discreet_120/plan_33_trains_1_units19.json"
"/home/thomasverwaal/Robust-Rail-NL/mathematical-models/scenarios_solver_types_120/scenario_solver_33_trains_1_units19.json","Cost of next node: Cost = 2,084.8 : 2,126.16 | cr=16, dd=31, da=11, tlv=8, sm=66, rd=126.36, cd=0, um=0","Time elapsed: 9.95 seconds","/home/thomasverwaal/Robust-Rail-NL/mathematical-models/local_search_plans_discreet_120/plan_33_trains_1_units19.json"
"/home/thomasverwaal/Robust-Rail-NL/mathematical-models/scenarios_solver_types_120/scenario_solver_33_trains_1_units19.json","Cost of next node: Cost = 2,044.5 : 2,085.80 | cr=17, dd=30, da=11, tlv=8, sm=66, rd=126.36, cd=0, um=0","Time elapsed: 10.05 seconds","/home/thomasverwaal/Robust-Rail-NL/mathematical-models/local_search_plans_discreet_120/plan_33_trains_1_units19.json"
"/home/thomasverwaal/Robust-Rail-NL/mathematical-models/scenarios_solver_types_120/scenario_solver_33_trains_1_units19.json","Cost of next node: Cost = 1,945.2 : 1,986.57 | cr=17, dd=28, da=11, tlv=8, sm=66, rd=126.36, cd=0, um=0","Time elapsed: 10.23 seconds","/home/thomasverwaal/Robust-Rail-NL/mathematical-models/local_search_plans_discreet_120/plan_33_trains_1_units19.json"
"/home/thomasverwaal/Robust-Rail-NL/mathematical-models/scenarios_solver_types_120/scenario_solver_33_trains_1_units19.json","Cost of next node: Cost = 1,846.5 : 1,887.78 | cr=17, dd=26, da=11, tlv=8, sm=66, rd=126.36, cd=0, um=0","Time elapsed: 10.37 seconds","/home/thomasverwaal/Robust-Rail-NL/mathematical-models/local_search_plans_discreet_120/plan_33_trains_1_units19.json"
"/home/thomasverwaal/Robust-Rail-NL/mathematical-models/scenarios_solver_types_120/scenario_solver_33_trains_1_units19.json","Cost of next node: Cost = 1,823.6 : 1,864.89 | cr=15, dd=26, da=11, tlv=8, sm=66, rd=121.82, cd=0, um=0","Time elapsed: 10.47 seconds","/home/thomasverwaal/Robust-Rail-NL/mathematical-models/local_search_plans_discreet_120/plan_33_trains_1_units19.json"
"/home/thomasverwaal/Robust-Rail-NL/mathematical-models/scenarios_solver_types_120/scenario_solver_33_trains_1_units19.json","Cost of next node: Cost = 1,724.7 : 1,766.06 | cr=15, dd=24, da=11, tlv=8, sm=66, rd=121.82, cd=0, um=0","Time elapsed: 10.59 seconds","/home/thomasverwaal/Robust-Rail-NL/mathematical-models/local_search_plans_discreet_120/plan_33_trains_1_units19.json"
"/home/thomasverwaal/Robust-Rail-NL/mathematical-models/scenarios_solver_types_120/scenario_solver_33_trains_1_units19.json","Cost of next node: Cost = 1,653.0 : 1,694.35 | cr=13, dd=23, da=11, tlv=8, sm=66, rd=120.00, cd=0, um=0","Time elapsed: 10.65 seconds","/home/thomasverwaal/Robust-Rail-NL/mathematical-models/local_search_plans_discreet_120/plan_33_trains_1_units19.json"
"/home/thomasverwaal/Robust-Rail-NL/mathematical-models/scenarios_solver_types_120/scenario_solver_33_trains_1_units19.json","Cost of next node: Cost = 1,613.2 : 1,654.57 | cr=14, dd=22, da=11, tlv=8, sm=66, rd=120.00, cd=0, um=0","Time elapsed: 10.77 seconds","/home/thomasverwaal/Robust-Rail-NL/mathematical-models/local_search_plans_discreet_120/plan_33_trains_1_units19.json"
"/home/thomasverwaal/Robust-Rail-NL/mathematical-models/scenarios_solver_types_120/scenario_solver_33_trains_1_units19.json","Cost of next node: Cost = 1,573.1 : 1,614.40 | cr=15, dd=21, da=11, tlv=8, sm=66, rd=120.00, cd=0, um=0","Time elapsed: 10.86 seconds","/home/thomasverwaal/Robust-Rail-NL/mathematical-models/local_search_plans_discreet_120/plan_33_trains_1_units19.json"
"/home/thomasverwaal/Robust-Rail-NL/mathematical-models/scenarios_solver_types_120/scenario_solver_33_trains_1_units19.json","Cost of next node: Cost = 1,511.3 : 1,552.65 | cr=14, dd=20, da=11, tlv=8, sm=66, rd=120.00, cd=0, um=0","Time elapsed: 11.04 seconds","/home/thomasverwaal/Robust-Rail-NL/mathematical-models/local_search_plans_discreet_120/plan_33_trains_1_units19.json"
"/home/thomasverwaal/Robust-Rail-NL/mathematical-models/scenarios_solver_types_120/scenario_solver_33_trains_1_units19.json","Cost of next node: Cost = 1,366.2 : 1,407.53 | cr=16, dd=16, da=13, tlv=8, sm=66, rd=121.82, cd=0, um=0","Time elapsed: 11.14 seconds","/home/thomasverwaal/Robust-Rail-NL/mathematical-models/local_search_plans_discreet_120/plan_33_trains_1_units19.json"
"/home/thomasverwaal/Robust-Rail-NL/mathematical-models/scenarios_solver_types_120/scenario_solver_33_trains_1_units19.json","Cost of next node: Cost = 1,322.7 : 1,368.97 | cr=17, dd=15, da=12, tlv=9, sm=66, rd=116.36, cd=0, um=0","Time elapsed: 11.46 seconds","/home/thomasverwaal/Robust-Rail-NL/mathematical-models/local_search_plans_discreet_120/plan_33_trains_1_units19.json"
"/home/thomasverwaal/Robust-Rail-NL/mathematical-models/scenarios_solver_types_120/scenario_solver_33_trains_1_units19.json","Cost of next node: Cost = 1,253.1 : 1,299.47 | cr=17, dd=14, da=11, tlv=9, sm=66, rd=113.64, cd=0, um=0","Time elapsed: 11.87 seconds","/home/thomasverwaal/Robust-Rail-NL/mathematical-models/local_search_plans_discreet_120/plan_33_trains_1_units19.json"
"/home/thomasverwaal/Robust-Rail-NL/mathematical-models/scenarios_solver_types_120/scenario_solver_33_trains_1_units19.json","Cost of next node: Cost = 1,197.8 : 1,249.13 | cr=17, dd=13, da=10, tlv=10, sm=66, rd=114.55, cd=0, um=0","Time elapsed: 12.09 seconds","/home/thomasverwaal/Robust-Rail-NL/mathematical-models/local_search_plans_discreet_120/plan_33_trains_1_units19.json"
"/home/thomasverwaal/Robust-Rail-NL/mathematical-models/scenarios_solver_types_120/scenario_solver_33_trains_1_units19.json","Cost of next node: Cost = 967.2 : 1,023.51 | cr=16, dd=10, da=6, tlv=11, sm=66, rd=107.27, cd=0, um=0","Time elapsed: 12.36 seconds","/home/thomasverwaal/Robust-Rail-NL/mathematical-models/local_search_plans_discreet_120/plan_33_trains_1_units19.json"
"/home/thomasverwaal/Robust-Rail-NL/mathematical-models/scenarios_solver_types_120/scenario_solver_33_trains_1_units19.json","Cost of next node: Cost = 934.9 : 991.25 | cr=18, dd=9, da=6, tlv=11, sm=66, rd=107.27, cd=0, um=0","Time elapsed: 12.41 seconds","/home/thomasverwaal/Robust-Rail-NL/mathematical-models/local_search_plans_discreet_120/plan_33_trains_1_units19.json"
"/home/thomasverwaal/Robust-Rail-NL/mathematical-models/scenarios_solver_types_120/scenario_solver_33_trains_1_units19.json","Cost of next node: Cost = 872.0 : 933.32 | cr=18, dd=8, da=5, tlv=12, sm=66, rd=100.91, cd=0, um=0","Time elapsed: 12.64 seconds","/home/thomasverwaal/Robust-Rail-NL/mathematical-models/local_search_plans_discreet_120/plan_33_trains_1_units19.json"
"/home/thomasverwaal/Robust-Rail-NL/mathematical-models/scenarios_solver_types_120/scenario_solver_33_trains_1_units19.json","Cost of next node: Cost = 847.2 : 913.56 | cr=16, dd=8, da=4, tlv=13, sm=66, rd=97.27, cd=0, um=0","Time elapsed: 13.04 seconds","/home/thomasverwaal/Robust-Rail-NL/mathematical-models/local_search_plans_discreet_120/plan_33_trains_1_units19.json"
"/home/thomasverwaal/Robust-Rail-NL/mathematical-models/scenarios_solver_types_120/scenario_solver_33_trains_1_units19.json","Cost of next node: Cost = 753.0 : 824.31 | cr=17, dd=6, da=3, tlv=14, sm=66, rd=93.64, cd=0, um=0","Time elapsed: 13.33 seconds","/home/thomasverwaal/Robust-Rail-NL/mathematical-models/local_search_plans_discreet_120/plan_33_trains_1_units19.json"
"/home/thomasverwaal/Robust-Rail-NL/mathematical-models/scenarios_solver_types_120/scenario_solver_33_trains_1_units19.json","Cost of next node: Cost = 670.9 : 747.22 | cr=17, dd=5, da=1, tlv=15, sm=66, rd=86.36, cd=0, um=0","Time elapsed: 13.66 seconds","/home/thomasverwaal/Robust-Rail-NL/mathematical-models/local_search_plans_discreet_120/plan_33_trains_1_units19.json"
"/home/thomasverwaal/Robust-Rail-NL/mathematical-models/scenarios_solver_types_120/scenario_solver_33_trains_1_units19.json","Cost of next node: Cost = 616.3 : 697.62 | cr=15, dd=4, da=1, tlv=16, sm=66, rd=84.55, cd=0, um=0","Time elapsed: 14.15 seconds","/home/thomasverwaal/Robust-Rail-NL/mathematical-models/local_search_plans_discreet_120/plan_33_trains_1_units19.json"
"/home/thomasverwaal/Robust-Rail-NL/mathematical-models/scenarios_solver_types_120/scenario_solver_33_trains_1_units19.json","Cost of next node: Cost = 566.9 : 648.22 | cr=15, dd=3, da=1, tlv=16, sm=66, rd=84.55, cd=0, um=0","Time elapsed: 14.33 seconds","/home/thomasverwaal/Robust-Rail-NL/mathematical-models/local_search_plans_discreet_120/plan_33_trains_1_units19.json"
"/home/thomasverwaal/Robust-Rail-NL/mathematical-models/scenarios_solver_types_120/scenario_solver_33_trains_1_units19.json","Cost of next node: Cost = 543.3 : 624.64 | cr=17, dd=1, da=4, tlv=16, sm=67, rd=80.60, cd=0, um=0","Time elapsed: 16.21 seconds","/home/thomasverwaal/Robust-Rail-NL/mathematical-models/local_search_plans_discreet_120/plan_33_trains_1_units19.json"
"/home/thomasverwaal/Robust-Rail-NL/mathematical-models/scenarios_solver_types_120/scenario_solver_33_trains_1_units19.json","Cost of next node: Cost = 511.8 : 593.14 | cr=19, dd=0, da=4, tlv=16, sm=67, rd=80.60, cd=0, um=0","Time elapsed: 16.36 seconds","/home/thomasverwaal/Robust-Rail-NL/mathematical-models/local_search_plans_discreet_120/plan_33_trains_1_units19.json"
"/home/thomasverwaal/Robust-Rail-NL/mathematical-models/scenarios_solver_types_120/scenario_solver_33_trains_1_units19.json","Cost of next node: Cost = 481.8 : 563.14 | cr=16, dd=0, da=4, tlv=16, sm=67, rd=80.60, cd=0, um=0","Time elapsed: 16.55 seconds","/home/thomasverwaal/Robust-Rail-NL/mathematical-models/local_search_plans_discreet_120/plan_33_trains_1_units19.json"
"/home/thomasverwaal/Robust-Rail-NL/mathematical-models/scenarios_solver_types_120/scenario_solver_33_trains_1_units19.json","Cost of next node: Cost = 456.2 : 542.54 | cr=16, dd=0, da=2, tlv=17, sm=67, rd=78.81, cd=0, um=0","Time elapsed: 17.07 seconds","/home/thomasverwaal/Robust-Rail-NL/mathematical-models/local_search_plans_discreet_120/plan_33_trains_1_units19.json"
"/home/thomasverwaal/Robust-Rail-NL/mathematical-models/scenarios_solver_types_120/scenario_solver_33_trains_1_units19.json","Cost of next node: Cost = 436.2 : 522.54 | cr=14, dd=0, da=2, tlv=17, sm=67, rd=78.81, cd=0, um=0","Time elapsed: 22.42 seconds","/home/thomasverwaal/Robust-Rail-NL/mathematical-models/local_search_plans_discreet_120/plan_33_trains_1_units19.json"
"/home/thomasverwaal/Robust-Rail-NL/mathematical-models/scenarios_solver_types_120/scenario_solver_33_trains_1_units19.json","Cost of next node: Cost = 405.9 : 492.24 | cr=13, dd=0, da=1, tlv=17, sm=67, rd=77.01, cd=0, um=0","Time elapsed: 22.79 seconds","/home/thomasverwaal/Robust-Rail-NL/mathematical-models/local_search_plans_discreet_120/plan_33_trains_1_units19.json"
"/home/thomasverwaal/Robust-Rail-NL/mathematical-models/scenarios_solver_types_120/scenario_solver_33_trains_1_units19.json","Cost of next node: Cost = 390.9 : 472.24 | cr=13, dd=0, da=1, tlv=16, sm=67, rd=78.81, cd=0, um=0","Time elapsed: 28.08 seconds","/home/thomasverwaal/Robust-Rail-NL/mathematical-models/local_search_plans_discreet_120/plan_33_trains_1_units19.json"
"/home/thomasverwaal/Robust-Rail-NL/mathematical-models/scenarios_solver_types_120/scenario_solver_33_trains_1_units19.json","Cost of next node: Cost = 380.9 : 462.24 | cr=12, dd=0, da=1, tlv=16, sm=67, rd=78.81, cd=0, um=0","Time elapsed: 32.85 seconds","/home/thomasverwaal/Robust-Rail-NL/mathematical-models/local_search_plans_discreet_120/plan_33_trains_1_units19.json"
"/home/thomasverwaal/Robust-Rail-NL/mathematical-models/scenarios_solver_types_120/scenario_solver_33_trains_1_units19.json","Cost of next node: Cost = 370.9 : 452.24 | cr=11, dd=0, da=1, tlv=16, sm=67, rd=78.81, cd=0, um=0","Time elapsed: 37.41 seconds","/home/thomasverwaal/Robust-Rail-NL/mathematical-models/local_search_plans_discreet_120/plan_33_trains_1_units19.json"
"/home/thomasverwaal/Robust-Rail-NL/mathematical-models/scenarios_solver_types_120/scenario_solver_33_trains_1_units19.json","Cost of next node: Cost = 360.9 : 442.24 | cr=10, dd=0, da=1, tlv=16, sm=67, rd=78.81, cd=0, um=0","Time elapsed: 41.87 seconds","/home/thomasverwaal/Robust-Rail-NL/mathematical-models/local_search_plans_discreet_120/plan_33_trains_1_units19.json"
"/home/thomasverwaal/Robust-Rail-NL/mathematical-models/scenarios_solver_types_120/scenario_solver_33_trains_1_units19.json","Cost of next node: Cost = 350.9 : 432.24 | cr=9, dd=0, da=1, tlv=16, sm=67, rd=78.81, cd=0, um=0","Time elapsed: 45.59 seconds","/home/thomasverwaal/Robust-Rail-NL/mathematical-models/local_search_plans_discreet_120/plan_33_trains_1_units19.json"
"/home/thomasverwaal/Robust-Rail-NL/mathematical-models/scenarios_solver_types_120/scenario_solver_33_trains_1_units19.json","Cost of next node: Cost = 340.9 : 422.24 | cr=8, dd=0, da=1, tlv=16, sm=67, rd=78.81, cd=0, um=0","Time elapsed: 49.54 seconds","/home/thomasverwaal/Robust-Rail-NL/mathematical-models/local_search_plans_discreet_120/plan_33_trains_1_units19.json"
"/home/thomasverwaal/Robust-Rail-NL/mathematical-models/scenarios_solver_types_120/scenario_solver_33_trains_1_units19.json","Cost of next node: Cost = 330.9 : 412.24 | cr=7, dd=0, da=1, tlv=16, sm=67, rd=78.81, cd=0, um=0","Time elapsed: 52.76 seconds","/home/thomasverwaal/Robust-Rail-NL/mathematical-models/local_search_plans_discreet_120/plan_33_trains_1_units19.json"
"/home/thomasverwaal/Robust-Rail-NL/mathematical-models/scenarios_solver_types_120/scenario_solver_33_trains_1_units19.json","Cost of next node: Cost = 305.9 : 382.24 | cr=6, dd=0, da=1, tlv=15, sm=67, rd=78.81, cd=0, um=0","Time elapsed: 53.08 seconds","/home/thomasverwaal/Robust-Rail-NL/mathematical-models/local_search_plans_discreet_120/plan_33_trains_1_units19.json"
"/home/thomasverwaal/Robust-Rail-NL/mathematical-models/scenarios_solver_types_120/scenario_solver_33_trains_1_units19.json","Cost of next node: Cost = 295.0 : 371.32 | cr=7, dd=0, da=0, tlv=15, sm=66, rd=78.18, cd=0, um=0","Time elapsed: 55.62 seconds","/home/thomasverwaal/Robust-Rail-NL/mathematical-models/local_search_plans_discreet_120/plan_33_trains_1_units19.json"
"/home/thomasverwaal/Robust-Rail-NL/mathematical-models/scenarios_solver_types_120/scenario_solver_33_trains_1_units19.json","Cost of next node: Cost = 285.0 : 361.32 | cr=6, dd=0, da=0, tlv=15, sm=66, rd=78.18, cd=0, um=0","Time elapsed: 57.89 seconds","/home/thomasverwaal/Robust-Rail-NL/mathematical-models/local_search_plans_discreet_120/plan_33_trains_1_units19.json"
"/home/thomasverwaal/Robust-Rail-NL/mathematical-models/scenarios_solver_types_120/scenario_solver_33_trains_1_units19.json","Cost of next node: Cost = 275.0 : 351.32 | cr=5, dd=0, da=0, tlv=15, sm=66, rd=78.18, cd=0, um=0","Time elapsed: 60.29 seconds","/home/thomasverwaal/Robust-Rail-NL/mathematical-models/local_search_plans_discreet_120/plan_33_trains_1_units19.json"
"/home/thomasverwaal/Robust-Rail-NL/mathematical-models/scenarios_solver_types_120/scenario_solver_33_trains_1_units19.json","Cost of next node: Cost = 265.0 : 341.32 | cr=4, dd=0, da=0, tlv=15, sm=66, rd=78.18, cd=0, um=0","Time elapsed: 62.75 seconds","/home/thomasverwaal/Robust-Rail-NL/mathematical-models/local_search_plans_discreet_120/plan_33_trains_1_units19.json"
"/home/thomasverwaal/Robust-Rail-NL/mathematical-models/scenarios_solver_types_120/scenario_solver_33_trains_1_units19.json","Cost of next node: Cost = 255.0 : 331.32 | cr=3, dd=0, da=0, tlv=15, sm=66, rd=78.18, cd=0, um=0","Time elapsed: 64.55 seconds","/home/thomasverwaal/Robust-Rail-NL/mathematical-models/local_search_plans_discreet_120/plan_33_trains_1_units19.json"
"/home/thomasverwaal/Robust-Rail-NL/mathematical-models/scenarios_solver_types_120/scenario_solver_33_trains_1_units19.json","Cost of next node: Cost = 245.0 : 321.32 | cr=2, dd=0, da=0, tlv=15, sm=66, rd=81.82, cd=0, um=0","Time elapsed: 76.76 seconds","/home/thomasverwaal/Robust-Rail-NL/mathematical-models/local_search_plans_discreet_120/plan_33_trains_1_units19.json"
"/home/thomasverwaal/Robust-Rail-NL/mathematical-models/scenarios_solver_types_120/scenario_solver_33_trains_1_units19.json","Cost of next node: Cost = 235.0 : 311.32 | cr=1, dd=0, da=0, tlv=15, sm=66, rd=83.64, cd=0, um=0","Time elapsed: 87.70 seconds","/home/thomasverwaal/Robust-Rail-NL/mathematical-models/local_search_plans_discreet_120/plan_33_trains_1_units19.json"
"/home/thomasverwaal/Robust-Rail-NL/mathematical-models/scenarios_solver_types_120/scenario_solver_33_trains_1_units19.json","Cost of next node: Cost = 220.0 : 291.34 | cr=1, dd=0, da=0, tlv=14, sm=67, rd=84.18, cd=0, um=0","Time elapsed: 91.96 seconds","/home/thomasverwaal/Robust-Rail-NL/mathematical-models/local_search_plans_discreet_120/plan_33_trains_1_units19.json"
"/home/thomasverwaal/Robust-Rail-NL/mathematical-models/scenarios_solver_types_120/scenario_solver_33_trains_1_units19.json","NO_COST_FOUND","NO_TIME_FOUND","NO_PLAN_CREATED"
"/home/thomasverwaal/Robust-Rail-NL/mathematical-models/scenarios_solver_types_120/scenario_solver_33_trains_1_units2.json","Cost of next node: Cost = 2,808.7 : 2,810.04 | cr=41, dd=33, da=31, tlv=0, sm=66, rd=178.18, cd=0, um=0","Time elapsed: 4.39 seconds","/home/thomasverwaal/Robust-Rail-NL/mathematical-models/local_search_plans_discreet_120/plan_33_trains_1_units2.json"
"/home/thomasverwaal/Robust-Rail-NL/mathematical-models/scenarios_solver_types_120/scenario_solver_33_trains_1_units2.json","Cost of next node: Cost = 2,781.4 : 2,782.71 | cr=39, dd=33, da=31, tlv=0, sm=66, rd=176.36, cd=0, um=0","Time elapsed: 4.51 seconds","/home/thomasverwaal/Robust-Rail-NL/mathematical-models/local_search_plans_discreet_120/plan_33_trains_1_units2.json"
"/home/thomasverwaal/Robust-Rail-NL/mathematical-models/scenarios_solver_types_120/scenario_solver_33_trains_1_units2.json","Cost of next node: Cost = 2,760.9 : 2,762.27 | cr=37, dd=33, da=31, tlv=0, sm=66, rd=176.36, cd=0, um=0","Time elapsed: 4.80 seconds","/home/thomasverwaal/Robust-Rail-NL/mathematical-models/local_search_plans_discreet_120/plan_33_trains_1_units2.json"
"/home/thomasverwaal/Robust-Rail-NL/mathematical-models/scenarios_solver_types_120/scenario_solver_33_trains_1_units2.json","Cost of next node: Cost = 2,740.2 : 2,741.57 | cr=35, dd=33, da=31, tlv=0, sm=66, rd=176.36, cd=0, um=0","Time elapsed: 5.12 seconds","/home/thomasverwaal/Robust-Rail-NL/mathematical-models/local_search_plans_discreet_120/plan_33_trains_1_units2.json"
"/home/thomasverwaal/Robust-Rail-NL/mathematical-models/scenarios_solver_types_120/scenario_solver_33_trains_1_units2.json","Cost of next node: Cost = 2,596.3 : 2,602.57 | cr=36, dd=33, da=23, tlv=1, sm=66, rd=173.64, cd=0, um=0","Time elapsed: 5.40 seconds","/home/thomasverwaal/Robust-Rail-NL/mathematical-models/local_search_plans_discreet_120/plan_33_trains_1_units2.json"
"/home/thomasverwaal/Robust-Rail-NL/mathematical-models/scenarios_solver_types_120/scenario_solver_33_trains_1_units2.json","Cost of next node: Cost = 2,531.0 : 2,537.36 | cr=38, dd=33, da=19, tlv=1, sm=66, rd=167.27, cd=0, um=0","Time elapsed: 5.73 seconds","/home/thomasverwaal/Robust-Rail-NL/mathematical-models/local_search_plans_discreet_120/plan_33_trains_1_units2.json"
"/home/thomasverwaal/Robust-Rail-NL/mathematical-models/scenarios_solver_types_120/scenario_solver_33_trains_1_units2.json","Cost of next node: Cost = 2,500.9 : 2,507.18 | cr=35, dd=33, da=19, tlv=1, sm=66, rd=167.27, cd=0, um=0","Time elapsed: 5.79 seconds","/home/thomasverwaal/Robust-Rail-NL/mathematical-models/local_search_plans_discreet_120/plan_33_trains_1_units2.json"
"/home/thomasverwaal/Robust-Rail-NL/mathematical-models/scenarios_solver_types_120/scenario_solver_33_trains_1_units2.json","Cost of next node: Cost = 2,414.9 : 2,426.26 | cr=34, dd=33, da=14, tlv=2, sm=66, rd=164.55, cd=0, um=0","Time elapsed: 6.08 seconds","/home/thomasverwaal/Robust-Rail-NL/mathematical-models/local_search_plans_discreet_120/plan_33_trains_1_units2.json"
"/home/thomasverwaal/Robust-Rail-NL/mathematical-models/scenarios_solver_types_120/scenario_solver_33_trains_1_units2.json","Cost of next node: Cost = 2,391.8 : 2,403.17 | cr=33, dd=33, da=14, tlv=2, sm=66, rd=160.91, cd=0, um=0","Time elapsed: 6.59 seconds","/home/thomasverwaal/Robust-Rail-NL/mathematical-models/local_search_plans_discreet_120/plan_33_trains_1_units2.json"
"/home/thomasverwaal/Robust-Rail-NL/mathematical-models/scenarios_solver_types_120/scenario_solver_33_trains_1_units2.json","Cost of next node: Cost = 2,369.7 : 2,380.99 | cr=33, dd=33, da=13, tlv=2, sm=66, rd=157.27, cd=0, um=0","Time elapsed: 7.24 seconds","/home/thomasverwaal/Robust-Rail-NL/mathematical-models/local_search_plans_discreet_120/plan_33_trains_1_units2.json"
"/home/thomasverwaal/Robust-Rail-NL/mathematical-models/scenarios_solver_types_120/scenario_solver_33_trains_1_units2.json","Cost of next node: Cost = 2,324.7 : 2,340.99 | cr=27, dd=33, da=13, tlv=3, sm=66, rd=157.27, cd=0, um=0","Time elapsed: 8.26 seconds","/home/thomasverwaal/Robust-Rail-NL/mathematical-models/local_search_plans_discreet_120/plan_33_trains_1_units2.json"
"/home/thomasverwaal/Robust-Rail-NL/mathematical-models/scenarios_solver_types_120/scenario_solver_33_trains_1_units2.json","Cost of next node: Cost = 2,279.3 : 2,300.57 | cr=23, dd=33, da=13, tlv=4, sm=66, rd=148.18, cd=0, um=0","Time elapsed: 8.87 seconds","/home/thomasverwaal/Robust-Rail-NL/mathematical-models/local_search_plans_discreet_120/plan_33_trains_1_units2.json"
"/home/thomasverwaal/Robust-Rail-NL/mathematical-models/scenarios_solver_types_120/scenario_solver_33_trains_1_units2.json","Cost of next node: Cost = 2,257.8 : 2,279.07 | cr=21, dd=33, da=13, tlv=4, sm=66, rd=148.18, cd=0, um=0","Time elapsed: 9.04 seconds","/home/thomasverwaal/Robust-Rail-NL/mathematical-models/local_search_plans_discreet_120/plan_33_trains_1_units2.json"
"/home/thomasverwaal/Robust-Rail-NL/mathematical-models/scenarios_solver_types_120/scenario_solver_33_trains_1_units2.json","Cost of next node: Cost = 2,231.2 : 2,257.47 | cr=18, dd=33, da=13, tlv=5, sm=66, rd=142.73, cd=0, um=0","Time elapsed: 9.60 seconds","/home/thomasverwaal/Robust-Rail-NL/mathematical-models/local_search_plans_discreet_120/plan_33_trains_1_units2.json"
"/home/thomasverwaal/Robust-Rail-NL/mathematical-models/scenarios_solver_types_120/scenario_solver_33_trains_1_units2.json","Cost of next node: Cost = 2,188.8 : 2,215.15 | cr=15, dd=33, da=13, tlv=5, sm=66, rd=137.27, cd=0, um=0","Time elapsed: 10.16 seconds","/home/thomasverwaal/Robust-Rail-NL/mathematical-models/local_search_plans_discreet_120/plan_33_trains_1_units2.json"
"/home/thomasverwaal/Robust-Rail-NL/mathematical-models/scenarios_solver_types_120/scenario_solver_33_trains_1_units2.json","Cost of next node: Cost = 2,030.5 : 2,061.78 | cr=21, dd=29, da=13, tlv=6, sm=66, rd=128.18, cd=0, um=0","Time elapsed: 10.63 seconds","/home/thomasverwaal/Robust-Rail-NL/mathematical-models/local_search_plans_discreet_120/plan_33_trains_1_units2.json"
"/home/thomasverwaal/Robust-Rail-NL/mathematical-models/scenarios_solver_types_120/scenario_solver_33_trains_1_units2.json","Cost of next node: Cost = 1,990.2 : 2,021.53 | cr=22, dd=28, da=13, tlv=6, sm=66, rd=128.18, cd=0, um=0","Time elapsed: 10.69 seconds","/home/thomasverwaal/Robust-Rail-NL/mathematical-models/local_search_plans_discreet_120/plan_33_trains_1_units2.json"
"/home/thomasverwaal/Robust-Rail-NL/mathematical-models/scenarios_solver_types_120/scenario_solver_33_trains_1_units2.json","Cost of next node: Cost = 1,952.2 : 1,983.52 | cr=23, dd=27, da=13, tlv=6, sm=66, rd=128.18, cd=0, um=0","Time elapsed: 10.84 seconds","/home/thomasverwaal/Robust-Rail-NL/mathematical-models/local_search_plans_discreet_120/plan_33_trains_1_units2.json"
"/home/thomasverwaal/Robust-Rail-NL/mathematical-models/scenarios_solver_types_120/scenario_solver_33_trains_1_units2.json","Cost of next node: Cost = 1,902.4 : 1,933.77 | cr=23, dd=26, da=13, tlv=6, sm=66, rd=128.18, cd=0, um=0","Time elapsed: 10.91 seconds","/home/thomasverwaal/Robust-Rail-NL/mathematical-models/local_search_plans_discreet_120/plan_33_trains_1_units2.json"
"/home/thomasverwaal/Robust-Rail-NL/mathematical-models/scenarios_solver_types_120/scenario_solver_33_trains_1_units2.json","Cost of next node: Cost = 1,862.8 : 1,894.15 | cr=24, dd=25, da=13, tlv=6, sm=66, rd=128.18, cd=0, um=0","Time elapsed: 10.96 seconds","/home/thomasverwaal/Robust-Rail-NL/mathematical-models/local_search_plans_discreet_120/plan_33_trains_1_units2.json"
"/home/thomasverwaal/Robust-Rail-NL/mathematical-models/scenarios_solver_types_120/scenario_solver_33_trains_1_units2.json","Cost of next node: Cost = 1,832.0 : 1,863.36 | cr=26, dd=24, da=13, tlv=6, sm=66, rd=128.18, cd=0, um=0","Time elapsed: 11.02 seconds","/home/thomasverwaal/Robust-Rail-NL/mathematical-models/local_search_plans_discreet_120/plan_33_trains_1_units2.json"
"/home/thomasverwaal/Robust-Rail-NL/mathematical-models/scenarios_solver_types_120/scenario_solver_33_trains_1_units2.json","Cost of next node: Cost = 1,803.1 : 1,834.44 | cr=23, dd=24, da=13, tlv=6, sm=66, rd=130.91, cd=0, um=0","Time elapsed: 11.06 seconds","/home/thomasverwaal/Robust-Rail-NL/mathematical-models/local_search_plans_discreet_120/plan_33_trains_1_units2.json"
"/home/thomasverwaal/Robust-Rail-NL/mathematical-models/scenarios_solver_types_120/scenario_solver_33_trains_1_units2.json","Cost of next node: Cost = 1,758.2 : 1,789.50 | cr=23, dd=23, da=13, tlv=6, sm=66, rd=131.82, cd=0, um=0","Time elapsed: 11.12 seconds","/home/thomasverwaal/Robust-Rail-NL/mathematical-models/local_search_plans_discreet_120/plan_33_trains_1_units2.json"
"/home/thomasverwaal/Robust-Rail-NL/mathematical-models/scenarios_solver_types_120/scenario_solver_33_trains_1_units2.json","Cost of next node: Cost = 1,708.2 : 1,739.53 | cr=23, dd=22, da=13, tlv=6, sm=66, rd=130.00, cd=0, um=0","Time elapsed: 11.27 seconds","/home/thomasverwaal/Robust-Rail-NL/mathematical-models/local_search_plans_discreet_120/plan_33_trains_1_units2.json"
"/home/thomasverwaal/Robust-Rail-NL/mathematical-models/scenarios_solver_types_120/scenario_solver_33_trains_1_units2.json","Cost of next node: Cost = 1,619.7 : 1,656.02 | cr=23, dd=20, da=13, tlv=7, sm=66, rd=122.73, cd=0, um=0","Time elapsed: 11.38 seconds","/home/thomasverwaal/Robust-Rail-NL/mathematical-models/local_search_plans_discreet_120/plan_33_trains_1_units2.json"
"/home/thomasverwaal/Robust-Rail-NL/mathematical-models/scenarios_solver_types_120/scenario_solver_33_trains_1_units2.json","Cost of next node: Cost = 1,564.3 : 1,605.64 | cr=23, dd=19, da=12, tlv=8, sm=66, rd=120.91, cd=0, um=0","Time elapsed: 11.50 seconds","/home/thomasverwaal/Robust-Rail-NL/mathematical-models/local_search_plans_discreet_120/plan_33_trains_1_units2.json"
"/home/thomasverwaal/Robust-Rail-NL/mathematical-models/scenarios_solver_types_120/scenario_solver_33_trains_1_units2.json","Cost of next node: Cost = 1,514.6 : 1,555.93 | cr=23, dd=18, da=12, tlv=8, sm=66, rd=120.91, cd=0, um=0","Time elapsed: 11.57 seconds","/home/thomasverwaal/Robust-Rail-NL/mathematical-models/local_search_plans_discreet_120/plan_33_trains_1_units2.json"
"/home/thomasverwaal/Robust-Rail-NL/mathematical-models/scenarios_solver_types_120/scenario_solver_33_trains_1_units2.json","Cost of next node: Cost = 1,462.9 : 1,504.24 | cr=23, dd=17, da=12, tlv=8, sm=66, rd=120.91, cd=0, um=0","Time elapsed: 11.62 seconds","/home/thomasverwaal/Robust-Rail-NL/mathematical-models/local_search_plans_discreet_120/plan_33_trains_1_units2.json"
"/home/thomasverwaal/Robust-Rail-NL/mathematical-models/scenarios_solver_types_120/scenario_solver_33_trains_1_units2.json","Cost of next node: Cost = 1,389.1 : 1,435.44 | cr=21, dd=16, da=11, tlv=9, sm=66, rd=117.27, cd=0, um=0","Time elapsed: 11.94 seconds","/home/thomasverwaal/Robust-Rail-NL/mathematical-models/local_search_plans_discreet_120/plan_33_trains_1_units2.json"
"/home/thomasverwaal/Robust-Rail-NL/mathematical-models/scenarios_solver_types_120/scenario_solver_33_trains_1_units2.json","Cost of next node: Cost = 1,359.0 : 1,405.36 | cr=23, dd=15, da=11, tlv=9, sm=66, rd=117.27, cd=0, um=0","Time elapsed: 12.04 seconds","/home/thomasverwaal/Robust-Rail-NL/mathematical-models/local_search_plans_discreet_120/plan_33_trains_1_units2.json"
"/home/thomasverwaal/Robust-Rail-NL/mathematical-models/scenarios_solver_types_120/scenario_solver_33_trains_1_units2.json","Cost of next node: Cost = 1,331.3 : 1,372.65 | cr=23, dd=14, da=13, tlv=8, sm=66, rd=119.09, cd=0, um=0","Time elapsed: 12.13 seconds","/home/thomasverwaal/Robust-Rail-NL/mathematical-models/local_search_plans_discreet_120/plan_33_trains_1_units2.json"
"/home/thomasverwaal/Robust-Rail-NL/mathematical-models/scenarios_solver_types_120/scenario_solver_33_trains_1_units2.json","Cost of next node: Cost = 1,308.4 : 1,354.67 | cr=23, dd=14, da=11, tlv=9, sm=66, rd=115.45, cd=0, um=0","Time elapsed: 12.49 seconds","/home/thomasverwaal/Robust-Rail-NL/mathematical-models/local_search_plans_discreet_120/plan_33_trains_1_units2.json"
"/home/thomasverwaal/Robust-Rail-NL/mathematical-models/scenarios_solver_types_120/scenario_solver_33_trains_1_units2.json","Cost of next node: Cost = 1,285.0 : 1,331.36 | cr=26, dd=13, da=11, tlv=9, sm=66, rd=115.45, cd=0, um=0","Time elapsed: 12.58 seconds","/home/thomasverwaal/Robust-Rail-NL/mathematical-models/local_search_plans_discreet_120/plan_33_trains_1_units2.json"
"/home/thomasverwaal/Robust-Rail-NL/mathematical-models/scenarios_solver_types_120/scenario_solver_33_trains_1_units2.json","Cost of next node: Cost = 1,224.2 : 1,270.53 | cr=25, dd=12, da=11, tlv=9, sm=66, rd=115.45, cd=0, um=0","Time elapsed: 12.61 seconds","/home/thomasverwaal/Robust-Rail-NL/mathematical-models/local_search_plans_discreet_120/plan_33_trains_1_units2.json"
"/home/thomasverwaal/Robust-Rail-NL/mathematical-models/scenarios_solver_types_120/scenario_solver_33_trains_1_units2.json","Cost of next node: Cost = 1,055.5 : 1,106.84 | cr=24, dd=9, da=10, tlv=10, sm=66, rd=110.00, cd=0, um=0","Time elapsed: 12.87 seconds","/home/thomasverwaal/Robust-Rail-NL/mathematical-models/local_search_plans_discreet_120/plan_33_trains_1_units2.json"
"/home/thomasverwaal/Robust-Rail-NL/mathematical-models/scenarios_solver_types_120/scenario_solver_33_trains_1_units2.json","Cost of next node: Cost = 912.2 : 968.49 | cr=23, dd=8, da=5, tlv=11, sm=66, rd=107.27, cd=0, um=0","Time elapsed: 13.14 seconds","/home/thomasverwaal/Robust-Rail-NL/mathematical-models/local_search_plans_discreet_120/plan_33_trains_1_units2.json"
"/home/thomasverwaal/Robust-Rail-NL/mathematical-models/scenarios_solver_types_120/scenario_solver_33_trains_1_units2.json","Cost of next node: Cost = 882.2 : 938.49 | cr=20, dd=8, da=5, tlv=11, sm=66, rd=107.27, cd=0, um=0","Time elapsed: 13.51 seconds","/home/thomasverwaal/Robust-Rail-NL/mathematical-models/local_search_plans_discreet_120/plan_33_trains_1_units2.json"
"/home/thomasverwaal/Robust-Rail-NL/mathematical-models/scenarios_solver_types_120/scenario_solver_33_trains_1_units2.json","Cost of next node: Cost = 828.9 : 890.24 | cr=20, dd=7, da=4, tlv=12, sm=66, rd=103.64, cd=0, um=0","Time elapsed: 13.74 seconds","/home/thomasverwaal/Robust-Rail-NL/mathematical-models/local_search_plans_discreet_120/plan_33_trains_1_units2.json"
"/home/thomasverwaal/Robust-Rail-NL/mathematical-models/scenarios_solver_types_120/scenario_solver_33_trains_1_units2.json","Cost of next node: Cost = 804.7 : 871.05 | cr=18, dd=7, da=3, tlv=13, sm=66, rd=100.00, cd=0, um=0","Time elapsed: 14.03 seconds","/home/thomasverwaal/Robust-Rail-NL/mathematical-models/local_search_plans_discreet_120/plan_33_trains_1_units2.json"
"/home/thomasverwaal/Robust-Rail-NL/mathematical-models/scenarios_solver_types_120/scenario_solver_33_trains_1_units2.json","Cost of next node: Cost = 640.8 : 712.12 | cr=18, dd=4, da=2, tlv=14, sm=66, rd=89.09, cd=0, um=0","Time elapsed: 14.34 seconds","/home/thomasverwaal/Robust-Rail-NL/mathematical-models/local_search_plans_discreet_120/plan_33_trains_1_units2.json"
"/home/thomasverwaal/Robust-Rail-NL/mathematical-models/scenarios_solver_types_120/scenario_solver_33_trains_1_units2.json","Cost of next node: Cost = 619.2 : 690.52 | cr=15, dd=4, da=2, tlv=14, sm=66, rd=95.45, cd=0, um=0","Time elapsed: 14.53 seconds","/home/thomasverwaal/Robust-Rail-NL/mathematical-models/local_search_plans_discreet_120/plan_33_trains_1_units2.json"
"/home/thomasverwaal/Robust-Rail-NL/mathematical-models/scenarios_solver_types_120/scenario_solver_33_trains_1_units2.json","Cost of next node: Cost = 597.0 : 673.37 | cr=16, dd=3, da=2, tlv=15, sm=66, rd=93.64, cd=0, um=0","Time elapsed: 14.89 seconds","/home/thomasverwaal/Robust-Rail-NL/mathematical-models/local_search_plans_discreet_120/plan_33_trains_1_units2.json"
"/home/thomasverwaal/Robust-Rail-NL/mathematical-models/scenarios_solver_types_120/scenario_solver_33_trains_1_units2.json","Cost of next node: Cost = 572.0 : 643.37 | cr=15, dd=3, da=2, tlv=14, sm=66, rd=95.45, cd=0, um=0","Time elapsed: 15.07 seconds","/home/thomasverwaal/Robust-Rail-NL/mathematical-models/local_search_plans_discreet_120/plan_33_trains_1_units2.json"
"/home/thomasverwaal/Robust-Rail-NL/mathematical-models/scenarios_solver_types_120/scenario_solver_33_trains_1_units2.json","Cost of next node: Cost = 561.5 : 632.87 | cr=15, dd=3, da=2, tlv=14, sm=66, rd=89.09, cd=0, um=0","Time elapsed: 19.17 seconds","/home/thomasverwaal/Robust-Rail-NL/mathematical-models/local_search_plans_discreet_120/plan_33_trains_1_units2.json"
"/home/thomasverwaal/Robust-Rail-NL/mathematical-models/scenarios_solver_types_120/scenario_solver_33_trains_1_units2.json","Cost of next node: Cost = 466.3 : 537.62 | cr=16, dd=1, da=2, tlv=14, sm=66, rd=86.36, cd=0, um=0","Time elapsed: 19.34 seconds","/home/thomasverwaal/Robust-Rail-NL/mathematical-models/local_search_plans_discreet_120/plan_33_trains_1_units2.json"
"/home/thomasverwaal/Robust-Rail-NL/mathematical-models/scenarios_solver_types_120/scenario_solver_33_trains_1_units2.json","Cost of next node: Cost = 446.3 : 517.62 | cr=14, dd=1, da=2, tlv=14, sm=66, rd=86.36, cd=0, um=0","Time elapsed: 23.16 seconds","/home/thomasverwaal/Robust-Rail-NL/mathematical-models/local_search_plans_discreet_120/plan_33_trains_1_units2.json"
"/home/thomasverwaal/Robust-Rail-NL/mathematical-models/scenarios_solver_types_120/scenario_solver_33_trains_1_units2.json","Cost of next node: Cost = 426.3 : 497.64 | cr=12, dd=1, da=2, tlv=14, sm=67, rd=86.87, cd=0, um=0","Time elapsed: 26.82 seconds","/home/thomasverwaal/Robust-Rail-NL/mathematical-models/local_search_plans_discreet_120/plan_33_trains_1_units2.json"
"/home/thomasverwaal/Robust-Rail-NL/mathematical-models/scenarios_solver_types_120/scenario_solver_33_trains_1_units2.json","Cost of next node: Cost = 391.0 : 467.34 | cr=12, dd=0, da=2, tlv=15, sm=67, rd=86.87, cd=0, um=0","Time elapsed: 27.00 seconds","/home/thomasverwaal/Robust-Rail-NL/mathematical-models/local_search_plans_discreet_120/plan_33_trains_1_units2.json"
"/home/thomasverwaal/Robust-Rail-NL/mathematical-models/scenarios_solver_types_120/scenario_solver_33_trains_1_units2.json","Cost of next node: Cost = 355.0 : 431.34 | cr=13, dd=0, da=0, tlv=15, sm=67, rd=80.60, cd=0, um=0","Time elapsed: 27.15 seconds","/home/thomasverwaal/Robust-Rail-NL/mathematical-models/local_search_plans_discreet_120/plan_33_trains_1_units2.json"
"/home/thomasverwaal/Robust-Rail-NL/mathematical-models/scenarios_solver_types_120/scenario_solver_33_trains_1_units2.json","Cost of next node: Cost = 335.0 : 411.36 | cr=11, dd=0, da=0, tlv=15, sm=68, rd=81.18, cd=0, um=0","Time elapsed: 30.87 seconds","/home/thomasverwaal/Robust-Rail-NL/mathematical-models/local_search_plans_discreet_120/plan_33_trains_1_units2.json"
"/home/thomasverwaal/Robust-Rail-NL/mathematical-models/scenarios_solver_types_120/scenario_solver_33_trains_1_units2.json","Cost of next node: Cost = 325.0 : 401.36 | cr=10, dd=0, da=0, tlv=15, sm=68, rd=81.18, cd=0, um=0","Time elapsed: 34.44 seconds","/home/thomasverwaal/Robust-Rail-NL/mathematical-models/local_search_plans_discreet_120/plan_33_trains_1_units2.json"
"/home/thomasverwaal/Robust-Rail-NL/mathematical-models/scenarios_solver_types_120/scenario_solver_33_trains_1_units2.json","Cost of next node: Cost = 315.0 : 391.36 | cr=9, dd=0, da=0, tlv=15, sm=68, rd=81.18, cd=0, um=0","Time elapsed: 37.68 seconds","/home/thomasverwaal/Robust-Rail-NL/mathematical-models/local_search_plans_discreet_120/plan_33_trains_1_units2.json"
"/home/thomasverwaal/Robust-Rail-NL/mathematical-models/scenarios_solver_types_120/scenario_solver_33_trains_1_units2.json","Cost of next node: Cost = 305.0 : 381.36 | cr=8, dd=0, da=0, tlv=15, sm=68, rd=81.18, cd=0, um=0","Time elapsed: 40.91 seconds","/home/thomasverwaal/Robust-Rail-NL/mathematical-models/local_search_plans_discreet_120/plan_33_trains_1_units2.json"
"/home/thomasverwaal/Robust-Rail-NL/mathematical-models/scenarios_solver_types_120/scenario_solver_33_trains_1_units2.json","Cost of next node: Cost = 295.0 : 371.36 | cr=7, dd=0, da=0, tlv=15, sm=68, rd=82.94, cd=0, um=0","Time elapsed: 44.24 seconds","/home/thomasverwaal/Robust-Rail-NL/mathematical-models/local_search_plans_discreet_120/plan_33_trains_1_units2.json"
"/home/thomasverwaal/Robust-Rail-NL/mathematical-models/scenarios_solver_types_120/scenario_solver_33_trains_1_units2.json","Cost of next node: Cost = 285.0 : 361.36 | cr=6, dd=0, da=0, tlv=15, sm=68, rd=81.18, cd=0, um=0","Time elapsed: 46.85 seconds","/home/thomasverwaal/Robust-Rail-NL/mathematical-models/local_search_plans_discreet_120/plan_33_trains_1_units2.json"
"/home/thomasverwaal/Robust-Rail-NL/mathematical-models/scenarios_solver_types_120/scenario_solver_33_trains_1_units2.json","Cost of next node: Cost = 275.0 : 351.36 | cr=5, dd=0, da=0, tlv=15, sm=68, rd=81.18, cd=0, um=0","Time elapsed: 49.51 seconds","/home/thomasverwaal/Robust-Rail-NL/mathematical-models/local_search_plans_discreet_120/plan_33_trains_1_units2.json"
"/home/thomasverwaal/Robust-Rail-NL/mathematical-models/scenarios_solver_types_120/scenario_solver_33_trains_1_units2.json","Cost of next node: Cost = 265.0 : 341.36 | cr=4, dd=0, da=0, tlv=15, sm=68, rd=82.94, cd=0, um=0","Time elapsed: 51.82 seconds","/home/thomasverwaal/Robust-Rail-NL/mathematical-models/local_search_plans_discreet_120/plan_33_trains_1_units2.json"
"/home/thomasverwaal/Robust-Rail-NL/mathematical-models/scenarios_solver_types_120/scenario_solver_33_trains_1_units2.json","Cost of next node: Cost = 255.0 : 331.36 | cr=3, dd=0, da=0, tlv=15, sm=68, rd=82.94, cd=0, um=0","Time elapsed: 53.50 seconds","/home/thomasverwaal/Robust-Rail-NL/mathematical-models/local_search_plans_discreet_120/plan_33_trains_1_units2.json"
"/home/thomasverwaal/Robust-Rail-NL/mathematical-models/scenarios_solver_types_120/scenario_solver_33_trains_1_units2.json","Cost of next node: Cost = 245.0 : 321.36 | cr=2, dd=0, da=0, tlv=15, sm=68, rd=82.94, cd=0, um=0","Time elapsed: 54.95 seconds","/home/thomasverwaal/Robust-Rail-NL/mathematical-models/local_search_plans_discreet_120/plan_33_trains_1_units2.json"
"/home/thomasverwaal/Robust-Rail-NL/mathematical-models/scenarios_solver_types_120/scenario_solver_33_trains_1_units2.json","Cost of next node: Cost = 235.0 : 311.36 | cr=1, dd=0, da=0, tlv=15, sm=68, rd=84.71, cd=0, um=0","Time elapsed: 123.02 seconds","/home/thomasverwaal/Robust-Rail-NL/mathematical-models/local_search_plans_discreet_120/plan_33_trains_1_units2.json"
"/home/thomasverwaal/Robust-Rail-NL/mathematical-models/scenarios_solver_types_120/scenario_solver_33_trains_1_units2.json","NO_COST_FOUND","NO_TIME_FOUND","NO_PLAN_CREATED"
"/home/thomasverwaal/Robust-Rail-NL/mathematical-models/scenarios_solver_types_120/scenario_solver_33_trains_1_units20.json","Cost of next node: Cost = 2,820.0 : 2,821.32 | cr=41, dd=33, da=31, tlv=0, sm=66, rd=178.18, cd=0, um=0","Time elapsed: 4.43 seconds","/home/thomasverwaal/Robust-Rail-NL/mathematical-models/local_search_plans_discreet_120/plan_33_trains_1_units20.json"
"/home/thomasverwaal/Robust-Rail-NL/mathematical-models/scenarios_solver_types_120/scenario_solver_33_trains_1_units20.json","Cost of next node: Cost = 2,792.7 : 2,794.00 | cr=39, dd=33, da=31, tlv=0, sm=66, rd=176.36, cd=0, um=0","Time elapsed: 4.55 seconds","/home/thomasverwaal/Robust-Rail-NL/mathematical-models/local_search_plans_discreet_120/plan_33_trains_1_units20.json"
"/home/thomasverwaal/Robust-Rail-NL/mathematical-models/scenarios_solver_types_120/scenario_solver_33_trains_1_units20.json","Cost of next node: Cost = 2,772.2 : 2,773.56 | cr=37, dd=33, da=31, tlv=0, sm=66, rd=176.36, cd=0, um=0","Time elapsed: 4.83 seconds","/home/thomasverwaal/Robust-Rail-NL/mathematical-models/local_search_plans_discreet_120/plan_33_trains_1_units20.json"
"/home/thomasverwaal/Robust-Rail-NL/mathematical-models/scenarios_solver_types_120/scenario_solver_33_trains_1_units20.json","Cost of next node: Cost = 2,751.5 : 2,752.85 | cr=35, dd=33, da=31, tlv=0, sm=66, rd=176.36, cd=0, um=0","Time elapsed: 5.12 seconds","/home/thomasverwaal/Robust-Rail-NL/mathematical-models/local_search_plans_discreet_120/plan_33_trains_1_units20.json"
"/home/thomasverwaal/Robust-Rail-NL/mathematical-models/scenarios_solver_types_120/scenario_solver_33_trains_1_units20.json","Cost of next node: Cost = 2,718.8 : 2,720.10 | cr=36, dd=33, da=30, tlv=0, sm=66, rd=171.82, cd=0, um=0","Time elapsed: 5.46 seconds","/home/thomasverwaal/Robust-Rail-NL/mathematical-models/local_search_plans_discreet_120/plan_33_trains_1_units20.json"
"/home/thomasverwaal/Robust-Rail-NL/mathematical-models/scenarios_solver_types_120/scenario_solver_33_trains_1_units20.json","Cost of next node: Cost = 2,663.8 : 2,670.17 | cr=33, dd=33, da=28, tlv=1, sm=66, rd=170.91, cd=0, um=0","Time elapsed: 5.77 seconds","/home/thomasverwaal/Robust-Rail-NL/mathematical-models/local_search_plans_discreet_120/plan_33_trains_1_units20.json"
"/home/thomasverwaal/Robust-Rail-NL/mathematical-models/scenarios_solver_types_120/scenario_solver_33_trains_1_units20.json","Cost of next node: Cost = 2,618.3 : 2,624.59 | cr=33, dd=33, da=26, tlv=1, sm=66, rd=167.27, cd=0, um=0","Time elapsed: 6.14 seconds","/home/thomasverwaal/Robust-Rail-NL/mathematical-models/local_search_plans_discreet_120/plan_33_trains_1_units20.json"
"/home/thomasverwaal/Robust-Rail-NL/mathematical-models/scenarios_solver_types_120/scenario_solver_33_trains_1_units20.json","Cost of next node: Cost = 2,524.1 : 2,535.40 | cr=28, dd=33, da=23, tlv=2, sm=66, rd=166.36, cd=0, um=0","Time elapsed: 6.39 seconds","/home/thomasverwaal/Robust-Rail-NL/mathematical-models/local_search_plans_discreet_120/plan_33_trains_1_units20.json"
"/home/thomasverwaal/Robust-Rail-NL/mathematical-models/scenarios_solver_types_120/scenario_solver_33_trains_1_units20.json","Cost of next node: Cost = 2,480.5 : 2,491.83 | cr=34, dd=33, da=18, tlv=2, sm=66, rd=162.73, cd=0, um=0","Time elapsed: 6.65 seconds","/home/thomasverwaal/Robust-Rail-NL/mathematical-models/local_search_plans_discreet_120/plan_33_trains_1_units20.json"
"/home/thomasverwaal/Robust-Rail-NL/mathematical-models/scenarios_solver_types_120/scenario_solver_33_trains_1_units20.json","Cost of next node: Cost = 2,453.4 : 2,469.70 | cr=34, dd=33, da=16, tlv=3, sm=66, rd=159.09, cd=0, um=0","Time elapsed: 6.96 seconds","/home/thomasverwaal/Robust-Rail-NL/mathematical-models/local_search_plans_discreet_120/plan_33_trains_1_units20.json"
"/home/thomasverwaal/Robust-Rail-NL/mathematical-models/scenarios_solver_types_120/scenario_solver_33_trains_1_units20.json","Cost of next node: Cost = 2,419.6 : 2,435.95 | cr=34, dd=33, da=15, tlv=3, sm=66, rd=153.64, cd=0, um=0","Time elapsed: 7.58 seconds","/home/thomasverwaal/Robust-Rail-NL/mathematical-models/local_search_plans_discreet_120/plan_33_trains_1_units20.json"
"/home/thomasverwaal/Robust-Rail-NL/mathematical-models/scenarios_solver_types_120/scenario_solver_33_trains_1_units20.json","Cost of next node: Cost = 2,392.7 : 2,414.01 | cr=32, dd=33, da=14, tlv=4, sm=66, rd=151.82, cd=0, um=0","Time elapsed: 8.40 seconds","/home/thomasverwaal/Robust-Rail-NL/mathematical-models/local_search_plans_discreet_120/plan_33_trains_1_units20.json"
"/home/thomasverwaal/Robust-Rail-NL/mathematical-models/scenarios_solver_types_120/scenario_solver_33_trains_1_units20.json","Cost of next node: Cost = 2,370.8 : 2,397.10 | cr=27, dd=33, da=14, tlv=5, sm=66, rd=155.45, cd=0, um=0","Time elapsed: 8.57 seconds","/home/thomasverwaal/Robust-Rail-NL/mathematical-models/local_search_plans_discreet_120/plan_33_trains_1_units20.json"
"/home/thomasverwaal/Robust-Rail-NL/mathematical-models/scenarios_solver_types_120/scenario_solver_33_trains_1_units20.json","Cost of next node: Cost = 2,345.8 : 2,377.10 | cr=23, dd=33, da=14, tlv=6, sm=66, rd=155.45, cd=0, um=0","Time elapsed: 8.87 seconds","/home/thomasverwaal/Robust-Rail-NL/mathematical-models/local_search_plans_discreet_120/plan_33_trains_1_units20.json"
"/home/thomasverwaal/Robust-Rail-NL/mathematical-models/scenarios_solver_types_120/scenario_solver_33_trains_1_units20.json","Cost of next node: Cost = 2,315.8 : 2,347.10 | cr=20, dd=33, da=14, tlv=6, sm=66, rd=155.45, cd=0, um=0","Time elapsed: 8.93 seconds","/home/thomasverwaal/Robust-Rail-NL/mathematical-models/local_search_plans_discreet_120/plan_33_trains_1_units20.json"
"/home/thomasverwaal/Robust-Rail-NL/mathematical-models/scenarios_solver_types_120/scenario_solver_33_trains_1_units20.json","Cost of next node: Cost = 2,291.1 : 2,327.42 | cr=18, dd=33, da=14, tlv=7, sm=66, rd=147.27, cd=0, um=0","Time elapsed: 9.29 seconds","/home/thomasverwaal/Robust-Rail-NL/mathematical-models/local_search_plans_discreet_120/plan_33_trains_1_units20.json"
"/home/thomasverwaal/Robust-Rail-NL/mathematical-models/scenarios_solver_types_120/scenario_solver_33_trains_1_units20.json","Cost of next node: Cost = 2,256.4 : 2,292.77 | cr=15, dd=33, da=14, tlv=7, sm=66, rd=147.27, cd=0, um=0","Time elapsed: 9.60 seconds","/home/thomasverwaal/Robust-Rail-NL/mathematical-models/local_search_plans_discreet_120/plan_33_trains_1_units20.json"
"/home/thomasverwaal/Robust-Rail-NL/mathematical-models/scenarios_solver_types_120/scenario_solver_33_trains_1_units20.json","Cost of next node: Cost = 2,234.3 : 2,270.59 | cr=14, dd=33, da=14, tlv=7, sm=66, rd=142.73, cd=0, um=0","Time elapsed: 9.73 seconds","/home/thomasverwaal/Robust-Rail-NL/mathematical-models/local_search_plans_discreet_120/plan_33_trains_1_units20.json"
"/home/thomasverwaal/Robust-Rail-NL/mathematical-models/scenarios_solver_types_120/scenario_solver_33_trains_1_units20.json","Cost of next node: Cost = 2,116.7 : 2,158.05 | cr=19, dd=30, da=14, tlv=8, sm=66, rd=133.64, cd=0, um=0","Time elapsed: 10.03 seconds","/home/thomasverwaal/Robust-Rail-NL/mathematical-models/local_search_plans_discreet_120/plan_33_trains_1_units20.json"
"/home/thomasverwaal/Robust-Rail-NL/mathematical-models/scenarios_solver_types_120/scenario_solver_33_trains_1_units20.json","Cost of next node: Cost = 2,067.6 : 2,108.94 | cr=19, dd=29, da=14, tlv=8, sm=66, rd=133.64, cd=0, um=0","Time elapsed: 10.18 seconds","/home/thomasverwaal/Robust-Rail-NL/mathematical-models/local_search_plans_discreet_120/plan_33_trains_1_units20.json"
"/home/thomasverwaal/Robust-Rail-NL/mathematical-models/scenarios_solver_types_120/scenario_solver_33_trains_1_units20.json","Cost of next node: Cost = 2,017.7 : 2,059.06 | cr=19, dd=28, da=14, tlv=8, sm=66, rd=133.64, cd=0, um=0","Time elapsed: 10.31 seconds","/home/thomasverwaal/Robust-Rail-NL/mathematical-models/local_search_plans_discreet_120/plan_33_trains_1_units20.json"
"/home/thomasverwaal/Robust-Rail-NL/mathematical-models/scenarios_solver_types_120/scenario_solver_33_trains_1_units20.json","Cost of next node: Cost = 1,987.5 : 2,028.87 | cr=21, dd=27, da=14, tlv=8, sm=66, rd=133.64, cd=0, um=0","Time elapsed: 10.42 seconds","/home/thomasverwaal/Robust-Rail-NL/mathematical-models/local_search_plans_discreet_120/plan_33_trains_1_units20.json"
"/home/thomasverwaal/Robust-Rail-NL/mathematical-models/scenarios_solver_types_120/scenario_solver_33_trains_1_units20.json","Cost of next node: Cost = 1,938.0 : 1,979.33 | cr=21, dd=26, da=14, tlv=8, sm=66, rd=133.64, cd=0, um=0","Time elapsed: 10.52 seconds","/home/thomasverwaal/Robust-Rail-NL/mathematical-models/local_search_plans_discreet_120/plan_33_trains_1_units20.json"
"/home/thomasverwaal/Robust-Rail-NL/mathematical-models/scenarios_solver_types_120/scenario_solver_33_trains_1_units20.json","Cost of next node: Cost = 1,897.6 : 1,938.90 | cr=22, dd=25, da=14, tlv=8, sm=66, rd=133.64, cd=0, um=0","Time elapsed: 10.69 seconds","/home/thomasverwaal/Robust-Rail-NL/mathematical-models/local_search_plans_discreet_120/plan_33_trains_1_units20.json"
"/home/thomasverwaal/Robust-Rail-NL/mathematical-models/scenarios_solver_types_120/scenario_solver_33_trains_1_units20.json","Cost of next node: Cost = 1,845.9 : 1,887.24 | cr=22, dd=24, da=14, tlv=8, sm=66, rd=131.82, cd=0, um=0","Time elapsed: 10.80 seconds","/home/thomasverwaal/Robust-Rail-NL/mathematical-models/local_search_plans_discreet_120/plan_33_trains_1_units20.json"
"/home/thomasverwaal/Robust-Rail-NL/mathematical-models/scenarios_solver_types_120/scenario_solver_33_trains_1_units20.json","Cost of next node: Cost = 1,796.5 : 1,837.82 | cr=22, dd=23, da=14, tlv=8, sm=66, rd=131.82, cd=0, um=0","Time elapsed: 10.90 seconds","/home/thomasverwaal/Robust-Rail-NL/mathematical-models/local_search_plans_discreet_120/plan_33_trains_1_units20.json"
"/home/thomasverwaal/Robust-Rail-NL/mathematical-models/scenarios_solver_types_120/scenario_solver_33_trains_1_units20.json","Cost of next node: Cost = 1,750.3 : 1,796.65 | cr=22, dd=23, da=11, tlv=9, sm=66, rd=127.27, cd=0, um=0","Time elapsed: 11.04 seconds","/home/thomasverwaal/Robust-Rail-NL/mathematical-models/local_search_plans_discreet_120/plan_33_trains_1_units20.json"
"/home/thomasverwaal/Robust-Rail-NL/mathematical-models/scenarios_solver_types_120/scenario_solver_33_trains_1_units20.json","Cost of next node: Cost = 1,652.8 : 1,694.09 | cr=24, dd=21, da=11, tlv=8, sm=66, rd=123.64, cd=0, um=0","Time elapsed: 11.18 seconds","/home/thomasverwaal/Robust-Rail-NL/mathematical-models/local_search_plans_discreet_120/plan_33_trains_1_units20.json"
"/home/thomasverwaal/Robust-Rail-NL/mathematical-models/scenarios_solver_types_120/scenario_solver_33_trains_1_units20.json","Cost of next node: Cost = 1,565.3 : 1,611.64 | cr=25, dd=20, da=8, tlv=9, sm=66, rd=120.00, cd=0, um=0","Time elapsed: 11.47 seconds","/home/thomasverwaal/Robust-Rail-NL/mathematical-models/local_search_plans_discreet_120/plan_33_trains_1_units20.json"
"/home/thomasverwaal/Robust-Rail-NL/mathematical-models/scenarios_solver_types_120/scenario_solver_33_trains_1_units20.json","Cost of next node: Cost = 1,508.1 : 1,559.41 | cr=27, dd=19, da=6, tlv=10, sm=66, rd=114.55, cd=0, um=0","Time elapsed: 11.94 seconds","/home/thomasverwaal/Robust-Rail-NL/mathematical-models/local_search_plans_discreet_120/plan_33_trains_1_units20.json"
"/home/thomasverwaal/Robust-Rail-NL/mathematical-models/scenarios_solver_types_120/scenario_solver_33_trains_1_units20.json","Cost of next node: Cost = 1,477.8 : 1,529.15 | cr=29, dd=18, da=6, tlv=10, sm=66, rd=114.55, cd=0, um=0","Time elapsed: 12.01 seconds","/home/thomasverwaal/Robust-Rail-NL/mathematical-models/local_search_plans_discreet_120/plan_33_trains_1_units20.json"
"/home/thomasverwaal/Robust-Rail-NL/mathematical-models/scenarios_solver_types_120/scenario_solver_33_trains_1_units20.json","Cost of next node: Cost = 1,437.6 : 1,488.87 | cr=30, dd=17, da=6, tlv=10, sm=66, rd=114.55, cd=0, um=0","Time elapsed: 12.07 seconds","/home/thomasverwaal/Robust-Rail-NL/mathematical-models/local_search_plans_discreet_120/plan_33_trains_1_units20.json"
"/home/thomasverwaal/Robust-Rail-NL/mathematical-models/scenarios_solver_types_120/scenario_solver_33_trains_1_units20.json","Cost of next node: Cost = 1,245.7 : 1,302.02 | cr=30, dd=14, da=3, tlv=11, sm=66, rd=109.09, cd=0, um=0","Time elapsed: 12.30 seconds","/home/thomasverwaal/Robust-Rail-NL/mathematical-models/local_search_plans_discreet_120/plan_33_trains_1_units20.json"
"/home/thomasverwaal/Robust-Rail-NL/mathematical-models/scenarios_solver_types_120/scenario_solver_33_trains_1_units20.json","Cost of next node: Cost = 1,176.1 : 1,232.41 | cr=28, dd=13, da=3, tlv=11, sm=66, rd=107.27, cd=0, um=0","Time elapsed: 12.63 seconds","/home/thomasverwaal/Robust-Rail-NL/mathematical-models/local_search_plans_discreet_120/plan_33_trains_1_units20.json"
"/home/thomasverwaal/Robust-Rail-NL/mathematical-models/scenarios_solver_types_120/scenario_solver_33_trains_1_units20.json","Cost of next node: Cost = 1,051.1 : 1,112.42 | cr=26, dd=11, da=2, tlv=12, sm=66, rd=103.64, cd=0, um=0","Time elapsed: 12.90 seconds","/home/thomasverwaal/Robust-Rail-NL/mathematical-models/local_search_plans_discreet_120/plan_33_trains_1_units20.json"
"/home/thomasverwaal/Robust-Rail-NL/mathematical-models/scenarios_solver_types_120/scenario_solver_33_trains_1_units20.json","Cost of next node: Cost = 1,021.1 : 1,082.42 | cr=23, dd=11, da=2, tlv=12, sm=66, rd=103.64, cd=0, um=0","Time elapsed: 13.14 seconds","/home/thomasverwaal/Robust-Rail-NL/mathematical-models/local_search_plans_discreet_120/plan_33_trains_1_units20.json"
"/home/thomasverwaal/Robust-Rail-NL/mathematical-models/scenarios_solver_types_120/scenario_solver_33_trains_1_units20.json","Cost of next node: Cost = 982.5 : 1,048.82 | cr=20, dd=11, da=1, tlv=13, sm=66, rd=102.73, cd=0, um=0","Time elapsed: 13.46 seconds","/home/thomasverwaal/Robust-Rail-NL/mathematical-models/local_search_plans_discreet_120/plan_33_trains_1_units20.json"
"/home/thomasverwaal/Robust-Rail-NL/mathematical-models/scenarios_solver_types_120/scenario_solver_33_trains_1_units20.json","Cost of next node: Cost = 698.6 : 769.89 | cr=18, dd=6, da=0, tlv=14, sm=66, rd=91.82, cd=0, um=0","Time elapsed: 13.73 seconds","/home/thomasverwaal/Robust-Rail-NL/mathematical-models/local_search_plans_discreet_120/plan_33_trains_1_units20.json"
"/home/thomasverwaal/Robust-Rail-NL/mathematical-models/scenarios_solver_types_120/scenario_solver_33_trains_1_units20.json","Cost of next node: Cost = 549.0 : 620.32 | cr=18, dd=3, da=0, tlv=14, sm=66, rd=91.82, cd=0, um=0","Time elapsed: 13.78 seconds","/home/thomasverwaal/Robust-Rail-NL/mathematical-models/local_search_plans_discreet_120/plan_33_trains_1_units20.json"
"/home/thomasverwaal/Robust-Rail-NL/mathematical-models/scenarios_solver_types_120/scenario_solver_33_trains_1_units20.json","Cost of next node: Cost = 516.0 : 592.32 | cr=18, dd=2, da=0, tlv=15, sm=66, rd=90.00, cd=0, um=0","Time elapsed: 14.09 seconds","/home/thomasverwaal/Robust-Rail-NL/mathematical-models/local_search_plans_discreet_120/plan_33_trains_1_units20.json"
"/home/thomasverwaal/Robust-Rail-NL/mathematical-models/scenarios_solver_types_120/scenario_solver_33_trains_1_units20.json","Cost of next node: Cost = 491.5 : 572.84 | cr=20, dd=1, da=0, tlv=16, sm=67, rd=84.18, cd=0, um=0","Time elapsed: 15.64 seconds","/home/thomasverwaal/Robust-Rail-NL/mathematical-models/local_search_plans_discreet_120/plan_33_trains_1_units20.json"
"/home/thomasverwaal/Robust-Rail-NL/mathematical-models/scenarios_solver_types_120/scenario_solver_33_trains_1_units20.json","Cost of next node: Cost = 430.0 : 511.34 | cr=19, dd=0, da=0, tlv=16, sm=67, rd=82.39, cd=0, um=0","Time elapsed: 15.93 seconds","/home/thomasverwaal/Robust-Rail-NL/mathematical-models/local_search_plans_discreet_120/plan_33_trains_1_units20.json"
"/home/thomasverwaal/Robust-Rail-NL/mathematical-models/scenarios_solver_types_120/scenario_solver_33_trains_1_units20.json","Cost of next node: Cost = 410.0 : 491.34 | cr=17, dd=0, da=0, tlv=16, sm=67, rd=82.39, cd=0, um=0","Time elapsed: 19.31 seconds","/home/thomasverwaal/Robust-Rail-NL/mathematical-models/local_search_plans_discreet_120/plan_33_trains_1_units20.json"
"/home/thomasverwaal/Robust-Rail-NL/mathematical-models/scenarios_solver_types_120/scenario_solver_33_trains_1_units20.json","Cost of next node: Cost = 390.0 : 471.34 | cr=15, dd=0, da=0, tlv=16, sm=67, rd=80.60, cd=0, um=0","Time elapsed: 22.19 seconds","/home/thomasverwaal/Robust-Rail-NL/mathematical-models/local_search_plans_discreet_120/plan_33_trains_1_units20.json"
"/home/thomasverwaal/Robust-Rail-NL/mathematical-models/scenarios_solver_types_120/scenario_solver_33_trains_1_units20.json","Cost of next node: Cost = 375.0 : 451.32 | cr=15, dd=0, da=0, tlv=15, sm=66, rd=81.82, cd=0, um=0","Time elapsed: 25.04 seconds","/home/thomasverwaal/Robust-Rail-NL/mathematical-models/local_search_plans_discreet_120/plan_33_trains_1_units20.json"
"/home/thomasverwaal/Robust-Rail-NL/mathematical-models/scenarios_solver_types_120/scenario_solver_33_trains_1_units20.json","Cost of next node: Cost = 360.0 : 431.34 | cr=15, dd=0, da=0, tlv=14, sm=67, rd=82.39, cd=0, um=0","Time elapsed: 28.02 seconds","/home/thomasverwaal/Robust-Rail-NL/mathematical-models/local_search_plans_discreet_120/plan_33_trains_1_units20.json"
"/home/thomasverwaal/Robust-Rail-NL/mathematical-models/scenarios_solver_types_120/scenario_solver_33_trains_1_units20.json","Cost of next node: Cost = 345.0 : 411.34 | cr=15, dd=0, da=0, tlv=13, sm=67, rd=84.18, cd=0, um=0","Time elapsed: 31.12 seconds","/home/thomasverwaal/Robust-Rail-NL/mathematical-models/local_search_plans_discreet_120/plan_33_trains_1_units20.json"
"/home/thomasverwaal/Robust-Rail-NL/mathematical-models/scenarios_solver_types_120/scenario_solver_33_trains_1_units20.json","Cost of next node: Cost = 335.0 : 401.34 | cr=14, dd=0, da=0, tlv=13, sm=67, rd=84.18, cd=0, um=0","Time elapsed: 33.66 seconds","/home/thomasverwaal/Robust-Rail-NL/mathematical-models/local_search_plans_discreet_120/plan_33_trains_1_units20.json"
"/home/thomasverwaal/Robust-Rail-NL/mathematical-models/scenarios_solver_types_120/scenario_solver_33_trains_1_units20.json","Cost of next node: Cost = 315.0 : 381.34 | cr=12, dd=0, da=0, tlv=13, sm=67, rd=84.18, cd=0, um=0","Time elapsed: 35.98 seconds","/home/thomasverwaal/Robust-Rail-NL/mathematical-models/local_search_plans_discreet_120/plan_33_trains_1_units20.json"
"/home/thomasverwaal/Robust-Rail-NL/mathematical-models/scenarios_solver_types_120/scenario_solver_33_trains_1_units20.json","Cost of next node: Cost = 305.0 : 371.34 | cr=11, dd=0, da=0, tlv=13, sm=67, rd=84.18, cd=0, um=0","Time elapsed: 38.29 seconds","/home/thomasverwaal/Robust-Rail-NL/mathematical-models/local_search_plans_discreet_120/plan_33_trains_1_units20.json"
"/home/thomasverwaal/Robust-Rail-NL/mathematical-models/scenarios_solver_types_120/scenario_solver_33_trains_1_units20.json","Cost of next node: Cost = 295.0 : 361.34 | cr=10, dd=0, da=0, tlv=13, sm=67, rd=84.18, cd=0, um=0","Time elapsed: 40.10 seconds","/home/thomasverwaal/Robust-Rail-NL/mathematical-models/local_search_plans_discreet_120/plan_33_trains_1_units20.json"
"/home/thomasverwaal/Robust-Rail-NL/mathematical-models/scenarios_solver_types_120/scenario_solver_33_trains_1_units20.json","Cost of next node: Cost = 290.0 : 361.34 | cr=8, dd=0, da=0, tlv=14, sm=67, rd=82.39, cd=0, um=0","Time elapsed: 41.67 seconds","/home/thomasverwaal/Robust-Rail-NL/mathematical-models/local_search_plans_discreet_120/plan_33_trains_1_units20.json"
"/home/thomasverwaal/Robust-Rail-NL/mathematical-models/scenarios_solver_types_120/scenario_solver_33_trains_1_units20.json","Cost of next node: Cost = 275.0 : 341.34 | cr=8, dd=0, da=0, tlv=13, sm=67, rd=84.18, cd=0, um=0","Time elapsed: 43.32 seconds","/home/thomasverwaal/Robust-Rail-NL/mathematical-models/local_search_plans_discreet_120/plan_33_trains_1_units20.json"
"/home/thomasverwaal/Robust-Rail-NL/mathematical-models/scenarios_solver_types_120/scenario_solver_33_trains_1_units20.json","Cost of next node: Cost = 265.0 : 331.34 | cr=7, dd=0, da=0, tlv=13, sm=67, rd=84.18, cd=0, um=0","Time elapsed: 47.81 seconds","/home/thomasverwaal/Robust-Rail-NL/mathematical-models/local_search_plans_discreet_120/plan_33_trains_1_units20.json"
"/home/thomasverwaal/Robust-Rail-NL/mathematical-models/scenarios_solver_types_120/scenario_solver_33_trains_1_units20.json","Cost of next node: Cost = 255.0 : 321.34 | cr=6, dd=0, da=0, tlv=13, sm=67, rd=84.18, cd=0, um=0","Time elapsed: 51.96 seconds","/home/thomasverwaal/Robust-Rail-NL/mathematical-models/local_search_plans_discreet_120/plan_33_trains_1_units20.json"
"/home/thomasverwaal/Robust-Rail-NL/mathematical-models/scenarios_solver_types_120/scenario_solver_33_trains_1_units20.json","Cost of next node: Cost = 245.0 : 311.34 | cr=5, dd=0, da=0, tlv=13, sm=67, rd=84.18, cd=0, um=0","Time elapsed: 144.11 seconds","/home/thomasverwaal/Robust-Rail-NL/mathematical-models/local_search_plans_discreet_120/plan_33_trains_1_units20.json"
"/home/thomasverwaal/Robust-Rail-NL/mathematical-models/scenarios_solver_types_120/scenario_solver_33_trains_1_units20.json","NO_COST_FOUND","NO_TIME_FOUND","NO_PLAN_CREATED"
"/home/thomasverwaal/Robust-Rail-NL/mathematical-models/scenarios_solver_types_120/scenario_solver_33_trains_1_units21.json","Cost of next node: Cost = 2,815.5 : 2,816.85 | cr=41, dd=33, da=31, tlv=0, sm=66, rd=178.18, cd=0, um=0","Time elapsed: 4.63 seconds","/home/thomasverwaal/Robust-Rail-NL/mathematical-models/local_search_plans_discreet_120/plan_33_trains_1_units21.json"
"/home/thomasverwaal/Robust-Rail-NL/mathematical-models/scenarios_solver_types_120/scenario_solver_33_trains_1_units21.json","Cost of next node: Cost = 2,788.2 : 2,789.52 | cr=39, dd=33, da=31, tlv=0, sm=66, rd=176.36, cd=0, um=0","Time elapsed: 4.78 seconds","/home/thomasverwaal/Robust-Rail-NL/mathematical-models/local_search_plans_discreet_120/plan_33_trains_1_units21.json"
"/home/thomasverwaal/Robust-Rail-NL/mathematical-models/scenarios_solver_types_120/scenario_solver_33_trains_1_units21.json","Cost of next node: Cost = 2,767.8 : 2,769.08 | cr=37, dd=33, da=31, tlv=0, sm=66, rd=176.36, cd=0, um=0","Time elapsed: 5.06 seconds","/home/thomasverwaal/Robust-Rail-NL/mathematical-models/local_search_plans_discreet_120/plan_33_trains_1_units21.json"
"/home/thomasverwaal/Robust-Rail-NL/mathematical-models/scenarios_solver_types_120/scenario_solver_33_trains_1_units21.json","Cost of next node: Cost = 2,747.1 : 2,748.38 | cr=35, dd=33, da=31, tlv=0, sm=66, rd=176.36, cd=0, um=0","Time elapsed: 5.36 seconds","/home/thomasverwaal/Robust-Rail-NL/mathematical-models/local_search_plans_discreet_120/plan_33_trains_1_units21.json"
"/home/thomasverwaal/Robust-Rail-NL/mathematical-models/scenarios_solver_types_120/scenario_solver_33_trains_1_units21.json","Cost of next node: Cost = 2,714.3 : 2,715.59 | cr=36, dd=33, da=30, tlv=0, sm=66, rd=171.82, cd=0, um=0","Time elapsed: 5.70 seconds","/home/thomasverwaal/Robust-Rail-NL/mathematical-models/local_search_plans_discreet_120/plan_33_trains_1_units21.json"
"/home/thomasverwaal/Robust-Rail-NL/mathematical-models/scenarios_solver_types_120/scenario_solver_33_trains_1_units21.json","Cost of next node: Cost = 2,659.3 : 2,665.57 | cr=33, dd=33, da=28, tlv=1, sm=66, rd=170.91, cd=0, um=0","Time elapsed: 6.07 seconds","/home/thomasverwaal/Robust-Rail-NL/mathematical-models/local_search_plans_discreet_120/plan_33_trains_1_units21.json"
"/home/thomasverwaal/Robust-Rail-NL/mathematical-models/scenarios_solver_types_120/scenario_solver_33_trains_1_units21.json","Cost of next node: Cost = 2,613.6 : 2,619.91 | cr=33, dd=33, da=26, tlv=1, sm=66, rd=167.27, cd=0, um=0","Time elapsed: 6.31 seconds","/home/thomasverwaal/Robust-Rail-NL/mathematical-models/local_search_plans_discreet_120/plan_33_trains_1_units21.json"
"/home/thomasverwaal/Robust-Rail-NL/mathematical-models/scenarios_solver_types_120/scenario_solver_33_trains_1_units21.json","Cost of next node: Cost = 2,519.6 : 2,530.92 | cr=28, dd=33, da=23, tlv=2, sm=66, rd=166.36, cd=0, um=0","Time elapsed: 6.58 seconds","/home/thomasverwaal/Robust-Rail-NL/mathematical-models/local_search_plans_discreet_120/plan_33_trains_1_units21.json"
"/home/thomasverwaal/Robust-Rail-NL/mathematical-models/scenarios_solver_types_120/scenario_solver_33_trains_1_units21.json","Cost of next node: Cost = 2,475.3 : 2,486.58 | cr=34, dd=33, da=18, tlv=2, sm=66, rd=162.73, cd=0, um=0","Time elapsed: 6.83 seconds","/home/thomasverwaal/Robust-Rail-NL/mathematical-models/local_search_plans_discreet_120/plan_33_trains_1_units21.json"
"/home/thomasverwaal/Robust-Rail-NL/mathematical-models/scenarios_solver_types_120/scenario_solver_33_trains_1_units21.json","Cost of next node: Cost = 2,428.9 : 2,445.23 | cr=34, dd=33, da=15, tlv=3, sm=66, rd=159.09, cd=0, um=0","Time elapsed: 7.11 seconds","/home/thomasverwaal/Robust-Rail-NL/mathematical-models/local_search_plans_discreet_120/plan_33_trains_1_units21.json"
"/home/thomasverwaal/Robust-Rail-NL/mathematical-models/scenarios_solver_types_120/scenario_solver_33_trains_1_units21.json","Cost of next node: Cost = 2,395.1 : 2,411.38 | cr=34, dd=33, da=14, tlv=3, sm=66, rd=153.64, cd=0, um=0","Time elapsed: 7.75 seconds","/home/thomasverwaal/Robust-Rail-NL/mathematical-models/local_search_plans_discreet_120/plan_33_trains_1_units21.json"
"/home/thomasverwaal/Robust-Rail-NL/mathematical-models/scenarios_solver_types_120/scenario_solver_33_trains_1_units21.json","Cost of next node: Cost = 2,368.1 : 2,389.42 | cr=32, dd=33, da=13, tlv=4, sm=66, rd=151.82, cd=0, um=0","Time elapsed: 8.40 seconds","/home/thomasverwaal/Robust-Rail-NL/mathematical-models/local_search_plans_discreet_120/plan_33_trains_1_units21.json"
"/home/thomasverwaal/Robust-Rail-NL/mathematical-models/scenarios_solver_types_120/scenario_solver_33_trains_1_units21.json","Cost of next node: Cost = 2,346.3 : 2,372.61 | cr=27, dd=33, da=13, tlv=5, sm=66, rd=155.45, cd=0, um=0","Time elapsed: 8.69 seconds","/home/thomasverwaal/Robust-Rail-NL/mathematical-models/local_search_plans_discreet_120/plan_33_trains_1_units21.json"
"/home/thomasverwaal/Robust-Rail-NL/mathematical-models/scenarios_solver_types_120/scenario_solver_33_trains_1_units21.json","Cost of next node: Cost = 2,321.3 : 2,352.61 | cr=23, dd=33, da=13, tlv=6, sm=66, rd=155.45, cd=0, um=0","Time elapsed: 9.43 seconds","/home/thomasverwaal/Robust-Rail-NL/mathematical-models/local_search_plans_discreet_120/plan_33_trains_1_units21.json"
"/home/thomasverwaal/Robust-Rail-NL/mathematical-models/scenarios_solver_types_120/scenario_solver_33_trains_1_units21.json","Cost of next node: Cost = 2,291.3 : 2,322.61 | cr=20, dd=33, da=13, tlv=6, sm=66, rd=155.45, cd=0, um=0","Time elapsed: 9.49 seconds","/home/thomasverwaal/Robust-Rail-NL/mathematical-models/local_search_plans_discreet_120/plan_33_trains_1_units21.json"
"/home/thomasverwaal/Robust-Rail-NL/mathematical-models/scenarios_solver_types_120/scenario_solver_33_trains_1_units21.json","Cost of next node: Cost = 2,266.4 : 2,302.72 | cr=18, dd=33, da=13, tlv=7, sm=66, rd=147.27, cd=0, um=0","Time elapsed: 9.82 seconds","/home/thomasverwaal/Robust-Rail-NL/mathematical-models/local_search_plans_discreet_120/plan_33_trains_1_units21.json"
"/home/thomasverwaal/Robust-Rail-NL/mathematical-models/scenarios_solver_types_120/scenario_solver_33_trains_1_units21.json","Cost of next node: Cost = 2,231.6 : 2,267.93 | cr=15, dd=33, da=13, tlv=7, sm=66, rd=147.27, cd=0, um=0","Time elapsed: 10.11 seconds","/home/thomasverwaal/Robust-Rail-NL/mathematical-models/local_search_plans_discreet_120/plan_33_trains_1_units21.json"
"/home/thomasverwaal/Robust-Rail-NL/mathematical-models/scenarios_solver_types_120/scenario_solver_33_trains_1_units21.json","Cost of next node: Cost = 2,209.4 : 2,245.76 | cr=14, dd=33, da=13, tlv=7, sm=66, rd=142.73, cd=0, um=0","Time elapsed: 10.22 seconds","/home/thomasverwaal/Robust-Rail-NL/mathematical-models/local_search_plans_discreet_120/plan_33_trains_1_units21.json"
"/home/thomasverwaal/Robust-Rail-NL/mathematical-models/scenarios_solver_types_120/scenario_solver_33_trains_1_units21.json","Cost of next node: Cost = 2,175.6 : 2,216.91 | cr=19, dd=32, da=12, tlv=8, sm=66, rd=133.64, cd=0, um=0","Time elapsed: 10.49 seconds","/home/thomasverwaal/Robust-Rail-NL/mathematical-models/local_search_plans_discreet_120/plan_33_trains_1_units21.json"
"/home/thomasverwaal/Robust-Rail-NL/mathematical-models/scenarios_solver_types_120/scenario_solver_33_trains_1_units21.json","Cost of next node: Cost = 2,075.7 : 2,117.03 | cr=19, dd=30, da=12, tlv=8, sm=66, rd=133.64, cd=0, um=0","Time elapsed: 10.60 seconds","/home/thomasverwaal/Robust-Rail-NL/mathematical-models/local_search_plans_discreet_120/plan_33_trains_1_units21.json"
"/home/thomasverwaal/Robust-Rail-NL/mathematical-models/scenarios_solver_types_120/scenario_solver_33_trains_1_units21.json","Cost of next node: Cost = 1,975.1 : 2,016.45 | cr=19, dd=28, da=12, tlv=8, sm=66, rd=131.82, cd=0, um=0","Time elapsed: 10.71 seconds","/home/thomasverwaal/Robust-Rail-NL/mathematical-models/local_search_plans_discreet_120/plan_33_trains_1_units21.json"
"/home/thomasverwaal/Robust-Rail-NL/mathematical-models/scenarios_solver_types_120/scenario_solver_33_trains_1_units21.json","Cost of next node: Cost = 1,934.7 : 1,976.07 | cr=20, dd=27, da=12, tlv=8, sm=66, rd=131.82, cd=0, um=0","Time elapsed: 10.82 seconds","/home/thomasverwaal/Robust-Rail-NL/mathematical-models/local_search_plans_discreet_120/plan_33_trains_1_units21.json"
"/home/thomasverwaal/Robust-Rail-NL/mathematical-models/scenarios_solver_types_120/scenario_solver_33_trains_1_units21.json","Cost of next node: Cost = 1,895.0 : 1,936.33 | cr=21, dd=26, da=12, tlv=8, sm=66, rd=131.82, cd=0, um=0","Time elapsed: 10.91 seconds","/home/thomasverwaal/Robust-Rail-NL/mathematical-models/local_search_plans_discreet_120/plan_33_trains_1_units21.json"
"/home/thomasverwaal/Robust-Rail-NL/mathematical-models/scenarios_solver_types_120/scenario_solver_33_trains_1_units21.json","Cost of next node: Cost = 1,796.3 : 1,837.64 | cr=21, dd=24, da=12, tlv=8, sm=66, rd=131.82, cd=0, um=0","Time elapsed: 11.03 seconds","/home/thomasverwaal/Robust-Rail-NL/mathematical-models/local_search_plans_discreet_120/plan_33_trains_1_units21.json"
"/home/thomasverwaal/Robust-Rail-NL/mathematical-models/scenarios_solver_types_120/scenario_solver_33_trains_1_units21.json","Cost of next node: Cost = 1,758.1 : 1,799.37 | cr=22, dd=23, da=12, tlv=8, sm=66, rd=131.82, cd=0, um=0","Time elapsed: 11.15 seconds","/home/thomasverwaal/Robust-Rail-NL/mathematical-models/local_search_plans_discreet_120/plan_33_trains_1_units21.json"
"/home/thomasverwaal/Robust-Rail-NL/mathematical-models/scenarios_solver_types_120/scenario_solver_33_trains_1_units21.json","Cost of next node: Cost = 1,696.7 : 1,738.00 | cr=21, dd=22, da=12, tlv=8, sm=66, rd=131.82, cd=0, um=0","Time elapsed: 11.24 seconds","/home/thomasverwaal/Robust-Rail-NL/mathematical-models/local_search_plans_discreet_120/plan_33_trains_1_units21.json"
"/home/thomasverwaal/Robust-Rail-NL/mathematical-models/scenarios_solver_types_120/scenario_solver_33_trains_1_units21.json","Cost of next node: Cost = 1,670.8 : 1,717.14 | cr=21, dd=22, da=10, tlv=9, sm=66, rd=127.27, cd=0, um=0","Time elapsed: 11.36 seconds","/home/thomasverwaal/Robust-Rail-NL/mathematical-models/local_search_plans_discreet_120/plan_33_trains_1_units21.json"
"/home/thomasverwaal/Robust-Rail-NL/mathematical-models/scenarios_solver_types_120/scenario_solver_33_trains_1_units21.json","Cost of next node: Cost = 1,573.6 : 1,614.93 | cr=23, dd=20, da=10, tlv=8, sm=66, rd=123.64, cd=0, um=0","Time elapsed: 11.51 seconds","/home/thomasverwaal/Robust-Rail-NL/mathematical-models/local_search_plans_discreet_120/plan_33_trains_1_units21.json"
"/home/thomasverwaal/Robust-Rail-NL/mathematical-models/scenarios_solver_types_120/scenario_solver_33_trains_1_units21.json","Cost of next node: Cost = 1,405.6 : 1,451.90 | cr=23, dd=18, da=6, tlv=9, sm=66, rd=120.00, cd=0, um=0","Time elapsed: 11.87 seconds","/home/thomasverwaal/Robust-Rail-NL/mathematical-models/local_search_plans_discreet_120/plan_33_trains_1_units21.json"
"/home/thomasverwaal/Robust-Rail-NL/mathematical-models/scenarios_solver_types_120/scenario_solver_33_trains_1_units21.json","Cost of next node: Cost = 1,378.5 : 1,429.78 | cr=24, dd=17, da=6, tlv=10, sm=66, rd=114.55, cd=0, um=0","Time elapsed: 12.19 seconds","/home/thomasverwaal/Robust-Rail-NL/mathematical-models/local_search_plans_discreet_120/plan_33_trains_1_units21.json"
"/home/thomasverwaal/Robust-Rail-NL/mathematical-models/scenarios_solver_types_120/scenario_solver_33_trains_1_units21.json","Cost of next node: Cost = 1,350.2 : 1,401.48 | cr=26, dd=16, da=6, tlv=10, sm=66, rd=114.55, cd=0, um=0","Time elapsed: 12.21 seconds","/home/thomasverwaal/Robust-Rail-NL/mathematical-models/local_search_plans_discreet_120/plan_33_trains_1_units21.json"
"/home/thomasverwaal/Robust-Rail-NL/mathematical-models/scenarios_solver_types_120/scenario_solver_33_trains_1_units21.json","Cost of next node: Cost = 1,325.2 : 1,381.48 | cr=22, dd=16, da=6, tlv=11, sm=66, rd=114.55, cd=0, um=0","Time elapsed: 12.37 seconds","/home/thomasverwaal/Robust-Rail-NL/mathematical-models/local_search_plans_discreet_120/plan_33_trains_1_units21.json"
"/home/thomasverwaal/Robust-Rail-NL/mathematical-models/scenarios_solver_types_120/scenario_solver_33_trains_1_units21.json","Cost of next node: Cost = 1,299.8 : 1,361.12 | cr=25, dd=15, da=5, tlv=12, sm=66, rd=109.09, cd=0, um=0","Time elapsed: 12.62 seconds","/home/thomasverwaal/Robust-Rail-NL/mathematical-models/local_search_plans_discreet_120/plan_33_trains_1_units21.json"
"/home/thomasverwaal/Robust-Rail-NL/mathematical-models/scenarios_solver_types_120/scenario_solver_33_trains_1_units21.json","Cost of next node: Cost = 1,134.4 : 1,200.69 | cr=21, dd=13, da=3, tlv=13, sm=66, rd=105.45, cd=0, um=0","Time elapsed: 12.99 seconds","/home/thomasverwaal/Robust-Rail-NL/mathematical-models/local_search_plans_discreet_120/plan_33_trains_1_units21.json"
"/home/thomasverwaal/Robust-Rail-NL/mathematical-models/scenarios_solver_types_120/scenario_solver_33_trains_1_units21.json","Cost of next node: Cost = 1,085.1 : 1,151.47 | cr=21, dd=12, da=3, tlv=13, sm=66, rd=105.45, cd=0, um=0","Time elapsed: 13.05 seconds","/home/thomasverwaal/Robust-Rail-NL/mathematical-models/local_search_plans_discreet_120/plan_33_trains_1_units21.json"
"/home/thomasverwaal/Robust-Rail-NL/mathematical-models/scenarios_solver_types_120/scenario_solver_33_trains_1_units21.json","Cost of next node: Cost = 1,055.1 : 1,121.47 | cr=18, dd=12, da=3, tlv=13, sm=66, rd=105.45, cd=0, um=0","Time elapsed: 13.26 seconds","/home/thomasverwaal/Robust-Rail-NL/mathematical-models/local_search_plans_discreet_120/plan_33_trains_1_units21.json"
"/home/thomasverwaal/Robust-Rail-NL/mathematical-models/scenarios_solver_types_120/scenario_solver_33_trains_1_units21.json","Cost of next node: Cost = 950.5 : 1,021.83 | cr=18, dd=10, da=2, tlv=14, sm=66, rd=101.82, cd=0, um=0","Time elapsed: 13.48 seconds","/home/thomasverwaal/Robust-Rail-NL/mathematical-models/local_search_plans_discreet_120/plan_33_trains_1_units21.json"
"/home/thomasverwaal/Robust-Rail-NL/mathematical-models/scenarios_solver_types_120/scenario_solver_33_trains_1_units21.json","Cost of next node: Cost = 834.5 : 910.82 | cr=17, dd=8, da=1, tlv=15, sm=66, rd=100.91, cd=0, um=0","Time elapsed: 13.73 seconds","/home/thomasverwaal/Robust-Rail-NL/mathematical-models/local_search_plans_discreet_120/plan_33_trains_1_units21.json"
"/home/thomasverwaal/Robust-Rail-NL/mathematical-models/scenarios_solver_types_120/scenario_solver_33_trains_1_units21.json","Cost of next node: Cost = 709.8 : 786.11 | cr=15, dd=6, da=1, tlv=15, sm=66, rd=94.55, cd=0, um=0","Time elapsed: 13.90 seconds","/home/thomasverwaal/Robust-Rail-NL/mathematical-models/local_search_plans_discreet_120/plan_33_trains_1_units21.json"
"/home/thomasverwaal/Robust-Rail-NL/mathematical-models/scenarios_solver_types_120/scenario_solver_33_trains_1_units21.json","Cost of next node: Cost = 620.2 : 701.52 | cr=17, dd=4, da=0, tlv=16, sm=66, rd=90.00, cd=0, um=0","Time elapsed: 14.20 seconds","/home/thomasverwaal/Robust-Rail-NL/mathematical-models/local_search_plans_discreet_120/plan_33_trains_1_units21.json"
"/home/thomasverwaal/Robust-Rail-NL/mathematical-models/scenarios_solver_types_120/scenario_solver_33_trains_1_units21.json","Cost of next node: Cost = 431.5 : 512.82 | cr=14, dd=1, da=0, tlv=16, sm=66, rd=83.64, cd=0, um=0","Time elapsed: 14.43 seconds","/home/thomasverwaal/Robust-Rail-NL/mathematical-models/local_search_plans_discreet_120/plan_33_trains_1_units21.json"
"/home/thomasverwaal/Robust-Rail-NL/mathematical-models/scenarios_solver_types_120/scenario_solver_33_trains_1_units21.json","Cost of next node: Cost = 395.0 : 481.32 | cr=14, dd=0, da=0, tlv=17, sm=66, rd=81.82, cd=0, um=0","Time elapsed: 14.73 seconds","/home/thomasverwaal/Robust-Rail-NL/mathematical-models/local_search_plans_discreet_120/plan_33_trains_1_units21.json"
"/home/thomasverwaal/Robust-Rail-NL/mathematical-models/scenarios_solver_types_120/scenario_solver_33_trains_1_units21.json","Cost of next node: Cost = 375.0 : 461.32 | cr=12, dd=0, da=0, tlv=17, sm=66, rd=81.82, cd=0, um=0","Time elapsed: 18.45 seconds","/home/thomasverwaal/Robust-Rail-NL/mathematical-models/local_search_plans_discreet_120/plan_33_trains_1_units21.json"
"/home/thomasverwaal/Robust-Rail-NL/mathematical-models/scenarios_solver_types_120/scenario_solver_33_trains_1_units21.json","Cost of next node: Cost = 360.0 : 441.32 | cr=12, dd=0, da=0, tlv=16, sm=66, rd=83.64, cd=0, um=0","Time elapsed: 21.78 seconds","/home/thomasverwaal/Robust-Rail-NL/mathematical-models/local_search_plans_discreet_120/plan_33_trains_1_units21.json"
"/home/thomasverwaal/Robust-Rail-NL/mathematical-models/scenarios_solver_types_120/scenario_solver_33_trains_1_units21.json","Cost of next node: Cost = 350.0 : 431.32 | cr=11, dd=0, da=0, tlv=16, sm=66, rd=83.64, cd=0, um=0","Time elapsed: 25.25 seconds","/home/thomasverwaal/Robust-Rail-NL/mathematical-models/local_search_plans_discreet_120/plan_33_trains_1_units21.json"
"/home/thomasverwaal/Robust-Rail-NL/mathematical-models/scenarios_solver_types_120/scenario_solver_33_trains_1_units21.json","Cost of next node: Cost = 340.0 : 421.32 | cr=10, dd=0, da=0, tlv=16, sm=66, rd=83.64, cd=0, um=0","Time elapsed: 28.46 seconds","/home/thomasverwaal/Robust-Rail-NL/mathematical-models/local_search_plans_discreet_120/plan_33_trains_1_units21.json"
"/home/thomasverwaal/Robust-Rail-NL/mathematical-models/scenarios_solver_types_120/scenario_solver_33_trains_1_units21.json","Cost of next node: Cost = 325.0 : 401.32 | cr=10, dd=0, da=0, tlv=15, sm=66, rd=83.64, cd=0, um=0","Time elapsed: 31.74 seconds","/home/thomasverwaal/Robust-Rail-NL/mathematical-models/local_search_plans_discreet_120/plan_33_trains_1_units21.json"
"/home/thomasverwaal/Robust-Rail-NL/mathematical-models/scenarios_solver_types_120/scenario_solver_33_trains_1_units21.json","Cost of next node: Cost = 315.0 : 391.32 | cr=9, dd=0, da=0, tlv=15, sm=66, rd=83.64, cd=0, um=0","Time elapsed: 34.46 seconds","/home/thomasverwaal/Robust-Rail-NL/mathematical-models/local_search_plans_discreet_120/plan_33_trains_1_units21.json"
"/home/thomasverwaal/Robust-Rail-NL/mathematical-models/scenarios_solver_types_120/scenario_solver_33_trains_1_units21.json","Cost of next node: Cost = 295.0 : 371.32 | cr=7, dd=0, da=0, tlv=15, sm=66, rd=83.64, cd=0, um=0","Time elapsed: 36.79 seconds","/home/thomasverwaal/Robust-Rail-NL/mathematical-models/local_search_plans_discreet_120/plan_33_trains_1_units21.json"
"/home/thomasverwaal/Robust-Rail-NL/mathematical-models/scenarios_solver_types_120/scenario_solver_33_trains_1_units21.json","Cost of next node: Cost = 285.0 : 361.32 | cr=6, dd=0, da=0, tlv=15, sm=66, rd=83.64, cd=0, um=0","Time elapsed: 39.03 seconds","/home/thomasverwaal/Robust-Rail-NL/mathematical-models/local_search_plans_discreet_120/plan_33_trains_1_units21.json"
"/home/thomasverwaal/Robust-Rail-NL/mathematical-models/scenarios_solver_types_120/scenario_solver_33_trains_1_units21.json","Cost of next node: Cost = 275.0 : 351.32 | cr=5, dd=0, da=0, tlv=15, sm=66, rd=81.82, cd=0, um=0","Time elapsed: 40.79 seconds","/home/thomasverwaal/Robust-Rail-NL/mathematical-models/local_search_plans_discreet_120/plan_33_trains_1_units21.json"
"/home/thomasverwaal/Robust-Rail-NL/mathematical-models/scenarios_solver_types_120/scenario_solver_33_trains_1_units21.json","Cost of next node: Cost = 270.0 : 351.32 | cr=3, dd=0, da=0, tlv=16, sm=66, rd=80.00, cd=0, um=0","Time elapsed: 42.61 seconds","/home/thomasverwaal/Robust-Rail-NL/mathematical-models/local_search_plans_discreet_120/plan_33_trains_1_units21.json"
"/home/thomasverwaal/Robust-Rail-NL/mathematical-models/scenarios_solver_types_120/scenario_solver_33_trains_1_units21.json","Cost of next node: Cost = 255.0 : 331.32 | cr=3, dd=0, da=0, tlv=15, sm=66, rd=81.82, cd=0, um=0","Time elapsed: 44.13 seconds","/home/thomasverwaal/Robust-Rail-NL/mathematical-models/local_search_plans_discreet_120/plan_33_trains_1_units21.json"
"/home/thomasverwaal/Robust-Rail-NL/mathematical-models/scenarios_solver_types_120/scenario_solver_33_trains_1_units21.json","Cost of next node: Cost = 245.0 : 321.32 | cr=2, dd=0, da=0, tlv=15, sm=66, rd=81.82, cd=0, um=0","Time elapsed: 48.50 seconds","/home/thomasverwaal/Robust-Rail-NL/mathematical-models/local_search_plans_discreet_120/plan_33_trains_1_units21.json"
"/home/thomasverwaal/Robust-Rail-NL/mathematical-models/scenarios_solver_types_120/scenario_solver_33_trains_1_units21.json","Cost of next node: Cost = 240.0 : 311.34 | cr=3, dd=0, da=0, tlv=14, sm=67, rd=87.76, cd=0, um=0","Time elapsed: 99.23 seconds","/home/thomasverwaal/Robust-Rail-NL/mathematical-models/local_search_plans_discreet_120/plan_33_trains_1_units21.json"
"/home/thomasverwaal/Robust-Rail-NL/mathematical-models/scenarios_solver_types_120/scenario_solver_33_trains_1_units21.json","Cost of next node: Cost = 230.0 : 301.36 | cr=2, dd=0, da=0, tlv=14, sm=68, rd=90.00, cd=0, um=0","Time elapsed: 123.32 seconds","/home/thomasverwaal/Robust-Rail-NL/mathematical-models/local_search_plans_discreet_120/plan_33_trains_1_units21.json"
"/home/thomasverwaal/Robust-Rail-NL/mathematical-models/scenarios_solver_types_120/scenario_solver_33_trains_1_units21.json","Cost of next node: Cost = 215.0 : 281.38 | cr=2, dd=0, da=0, tlv=13, sm=69, rd=88.70, cd=0, um=0","Time elapsed: 169.85 seconds","/home/thomasverwaal/Robust-Rail-NL/mathematical-models/local_search_plans_discreet_120/plan_33_trains_1_units21.json"
"/home/thomasverwaal/Robust-Rail-NL/mathematical-models/scenarios_solver_types_120/scenario_solver_33_trains_1_units21.json","NO_COST_FOUND","NO_TIME_FOUND","NO_PLAN_CREATED"
"/home/thomasverwaal/Robust-Rail-NL/mathematical-models/scenarios_solver_types_120/scenario_solver_33_trains_1_units22.json","Cost of next node: Cost = 2,812.2 : 2,813.51 | cr=41, dd=33, da=31, tlv=0, sm=66, rd=178.18, cd=0, um=0","Time elapsed: 4.39 seconds","/home/thomasverwaal/Robust-Rail-NL/mathematical-models/local_search_plans_discreet_120/plan_33_trains_1_units22.json"
"/home/thomasverwaal/Robust-Rail-NL/mathematical-models/scenarios_solver_types_120/scenario_solver_33_trains_1_units22.json","Cost of next node: Cost = 2,784.9 : 2,786.18 | cr=39, dd=33, da=31, tlv=0, sm=66, rd=176.36, cd=0, um=0","Time elapsed: 4.52 seconds","/home/thomasverwaal/Robust-Rail-NL/mathematical-models/local_search_plans_discreet_120/plan_33_trains_1_units22.json"
"/home/thomasverwaal/Robust-Rail-NL/mathematical-models/scenarios_solver_types_120/scenario_solver_33_trains_1_units22.json","Cost of next node: Cost = 2,764.4 : 2,765.74 | cr=37, dd=33, da=31, tlv=0, sm=66, rd=176.36, cd=0, um=0","Time elapsed: 4.80 seconds","/home/thomasverwaal/Robust-Rail-NL/mathematical-models/local_search_plans_discreet_120/plan_33_trains_1_units22.json"
"/home/thomasverwaal/Robust-Rail-NL/mathematical-models/scenarios_solver_types_120/scenario_solver_33_trains_1_units22.json","Cost of next node: Cost = 2,743.7 : 2,745.04 | cr=35, dd=33, da=31, tlv=0, sm=66, rd=176.36, cd=0, um=0","Time elapsed: 5.09 seconds","/home/thomasverwaal/Robust-Rail-NL/mathematical-models/local_search_plans_discreet_120/plan_33_trains_1_units22.json"
"/home/thomasverwaal/Robust-Rail-NL/mathematical-models/scenarios_solver_types_120/scenario_solver_33_trains_1_units22.json","Cost of next node: Cost = 2,704.7 : 2,711.01 | cr=41, dd=33, da=26, tlv=1, sm=66, rd=173.64, cd=0, um=0","Time elapsed: 5.38 seconds","/home/thomasverwaal/Robust-Rail-NL/mathematical-models/local_search_plans_discreet_120/plan_33_trains_1_units22.json"
"/home/thomasverwaal/Robust-Rail-NL/mathematical-models/scenarios_solver_types_120/scenario_solver_33_trains_1_units22.json","Cost of next node: Cost = 2,673.1 : 2,679.43 | cr=38, dd=33, da=26, tlv=1, sm=66, rd=173.64, cd=0, um=0","Time elapsed: 5.40 seconds","/home/thomasverwaal/Robust-Rail-NL/mathematical-models/local_search_plans_discreet_120/plan_33_trains_1_units22.json"
"/home/thomasverwaal/Robust-Rail-NL/mathematical-models/scenarios_solver_types_120/scenario_solver_33_trains_1_units22.json","Cost of next node: Cost = 2,647.7 : 2,659.05 | cr=33, dd=33, da=26, tlv=2, sm=66, rd=175.45, cd=0, um=0","Time elapsed: 5.70 seconds","/home/thomasverwaal/Robust-Rail-NL/mathematical-models/local_search_plans_discreet_120/plan_33_trains_1_units22.json"
"/home/thomasverwaal/Robust-Rail-NL/mathematical-models/scenarios_solver_types_120/scenario_solver_33_trains_1_units22.json","Cost of next node: Cost = 2,621.9 : 2,633.25 | cr=33, dd=33, da=25, tlv=2, sm=66, rd=171.82, cd=0, um=0","Time elapsed: 5.94 seconds","/home/thomasverwaal/Robust-Rail-NL/mathematical-models/local_search_plans_discreet_120/plan_33_trains_1_units22.json"
"/home/thomasverwaal/Robust-Rail-NL/mathematical-models/scenarios_solver_types_120/scenario_solver_33_trains_1_units22.json","Cost of next node: Cost = 2,554.1 : 2,565.42 | cr=33, dd=33, da=22, tlv=2, sm=66, rd=166.36, cd=0, um=0","Time elapsed: 6.16 seconds","/home/thomasverwaal/Robust-Rail-NL/mathematical-models/local_search_plans_discreet_120/plan_33_trains_1_units22.json"
"/home/thomasverwaal/Robust-Rail-NL/mathematical-models/scenarios_solver_types_120/scenario_solver_33_trains_1_units22.json","Cost of next node: Cost = 2,468.5 : 2,484.82 | cr=35, dd=33, da=16, tlv=3, sm=66, rd=161.82, cd=0, um=0","Time elapsed: 6.42 seconds","/home/thomasverwaal/Robust-Rail-NL/mathematical-models/local_search_plans_discreet_120/plan_33_trains_1_units22.json"
"/home/thomasverwaal/Robust-Rail-NL/mathematical-models/scenarios_solver_types_120/scenario_solver_33_trains_1_units22.json","Cost of next node: Cost = 2,423.6 : 2,444.92 | cr=35, dd=33, da=13, tlv=4, sm=66, rd=158.18, cd=0, um=0","Time elapsed: 6.67 seconds","/home/thomasverwaal/Robust-Rail-NL/mathematical-models/local_search_plans_discreet_120/plan_33_trains_1_units22.json"
"/home/thomasverwaal/Robust-Rail-NL/mathematical-models/scenarios_solver_types_120/scenario_solver_33_trains_1_units22.json","Cost of next node: Cost = 2,398.4 : 2,419.71 | cr=34, dd=33, da=13, tlv=4, sm=66, rd=152.73, cd=0, um=0","Time elapsed: 7.13 seconds","/home/thomasverwaal/Robust-Rail-NL/mathematical-models/local_search_plans_discreet_120/plan_33_trains_1_units22.json"
"/home/thomasverwaal/Robust-Rail-NL/mathematical-models/scenarios_solver_types_120/scenario_solver_33_trains_1_units22.json","Cost of next node: Cost = 2,378.3 : 2,399.64 | cr=34, dd=33, da=12, tlv=4, sm=66, rd=150.91, cd=0, um=0","Time elapsed: 7.75 seconds","/home/thomasverwaal/Robust-Rail-NL/mathematical-models/local_search_plans_discreet_120/plan_33_trains_1_units22.json"
"/home/thomasverwaal/Robust-Rail-NL/mathematical-models/scenarios_solver_types_120/scenario_solver_33_trains_1_units22.json","Cost of next node: Cost = 2,356.6 : 2,382.95 | cr=29, dd=33, da=12, tlv=5, sm=66, rd=154.55, cd=0, um=0","Time elapsed: 8.12 seconds","/home/thomasverwaal/Robust-Rail-NL/mathematical-models/local_search_plans_discreet_120/plan_33_trains_1_units22.json"
"/home/thomasverwaal/Robust-Rail-NL/mathematical-models/scenarios_solver_types_120/scenario_solver_33_trains_1_units22.json","Cost of next node: Cost = 2,332.2 : 2,358.49 | cr=28, dd=33, da=12, tlv=5, sm=66, rd=148.18, cd=0, um=0","Time elapsed: 8.59 seconds","/home/thomasverwaal/Robust-Rail-NL/mathematical-models/local_search_plans_discreet_120/plan_33_trains_1_units22.json"
"/home/thomasverwaal/Robust-Rail-NL/mathematical-models/scenarios_solver_types_120/scenario_solver_33_trains_1_units22.json","Cost of next node: Cost = 2,307.2 : 2,338.49 | cr=24, dd=33, da=12, tlv=6, sm=66, rd=148.18, cd=0, um=0","Time elapsed: 9.27 seconds","/home/thomasverwaal/Robust-Rail-NL/mathematical-models/local_search_plans_discreet_120/plan_33_trains_1_units22.json"
"/home/thomasverwaal/Robust-Rail-NL/mathematical-models/scenarios_solver_types_120/scenario_solver_33_trains_1_units22.json","Cost of next node: Cost = 2,284.8 : 2,316.11 | cr=22, dd=33, da=12, tlv=6, sm=66, rd=147.27, cd=0, um=0","Time elapsed: 9.33 seconds","/home/thomasverwaal/Robust-Rail-NL/mathematical-models/local_search_plans_discreet_120/plan_33_trains_1_units22.json"
"/home/thomasverwaal/Robust-Rail-NL/mathematical-models/scenarios_solver_types_120/scenario_solver_33_trains_1_units22.json","Cost of next node: Cost = 2,259.1 : 2,295.44 | cr=20, dd=33, da=12, tlv=7, sm=66, rd=138.18, cd=0, um=0","Time elapsed: 10.28 seconds","/home/thomasverwaal/Robust-Rail-NL/mathematical-models/local_search_plans_discreet_120/plan_33_trains_1_units22.json"
"/home/thomasverwaal/Robust-Rail-NL/mathematical-models/scenarios_solver_types_120/scenario_solver_33_trains_1_units22.json","Cost of next node: Cost = 2,232.3 : 2,273.60 | cr=16, dd=33, da=12, tlv=8, sm=66, rd=138.18, cd=0, um=0","Time elapsed: 11.44 seconds","/home/thomasverwaal/Robust-Rail-NL/mathematical-models/local_search_plans_discreet_120/plan_33_trains_1_units22.json"
"/home/thomasverwaal/Robust-Rail-NL/mathematical-models/scenarios_solver_types_120/scenario_solver_33_trains_1_units22.json","Cost of next node: Cost = 2,199.9 : 2,241.20 | cr=14, dd=33, da=12, tlv=8, sm=66, rd=132.73, cd=0, um=0","Time elapsed: 12.00 seconds","/home/thomasverwaal/Robust-Rail-NL/mathematical-models/local_search_plans_discreet_120/plan_33_trains_1_units22.json"
"/home/thomasverwaal/Robust-Rail-NL/mathematical-models/scenarios_solver_types_120/scenario_solver_33_trains_1_units22.json","Cost of next node: Cost = 2,073.6 : 2,119.91 | cr=22, dd=29, da=12, tlv=9, sm=66, rd=125.45, cd=0, um=0","Time elapsed: 12.32 seconds","/home/thomasverwaal/Robust-Rail-NL/mathematical-models/local_search_plans_discreet_120/plan_33_trains_1_units22.json"
"/home/thomasverwaal/Robust-Rail-NL/mathematical-models/scenarios_solver_types_120/scenario_solver_33_trains_1_units22.json","Cost of next node: Cost = 1,821.6 : 1,867.93 | cr=22, dd=24, da=12, tlv=9, sm=66, rd=120.00, cd=0, um=0","Time elapsed: 12.38 seconds","/home/thomasverwaal/Robust-Rail-NL/mathematical-models/local_search_plans_discreet_120/plan_33_trains_1_units22.json"
"/home/thomasverwaal/Robust-Rail-NL/mathematical-models/scenarios_solver_types_120/scenario_solver_33_trains_1_units22.json","Cost of next node: Cost = 1,776.0 : 1,822.34 | cr=22, dd=23, da=12, tlv=9, sm=66, rd=120.91, cd=0, um=0","Time elapsed: 12.50 seconds","/home/thomasverwaal/Robust-Rail-NL/mathematical-models/local_search_plans_discreet_120/plan_33_trains_1_units22.json"
"/home/thomasverwaal/Robust-Rail-NL/mathematical-models/scenarios_solver_types_120/scenario_solver_33_trains_1_units22.json","Cost of next node: Cost = 1,717.3 : 1,768.61 | cr=22, dd=22, da=11, tlv=10, sm=66, rd=114.55, cd=0, um=0","Time elapsed: 12.74 seconds","/home/thomasverwaal/Robust-Rail-NL/mathematical-models/local_search_plans_discreet_120/plan_33_trains_1_units22.json"
"/home/thomasverwaal/Robust-Rail-NL/mathematical-models/scenarios_solver_types_120/scenario_solver_33_trains_1_units22.json","Cost of next node: Cost = 1,685.4 : 1,736.75 | cr=24, dd=21, da=11, tlv=10, sm=66, rd=112.73, cd=0, um=0","Time elapsed: 12.92 seconds","/home/thomasverwaal/Robust-Rail-NL/mathematical-models/local_search_plans_discreet_120/plan_33_trains_1_units22.json"
"/home/thomasverwaal/Robust-Rail-NL/mathematical-models/scenarios_solver_types_120/scenario_solver_33_trains_1_units22.json","Cost of next node: Cost = 1,646.4 : 1,697.71 | cr=25, dd=20, da=11, tlv=10, sm=66, rd=112.73, cd=0, um=0","Time elapsed: 13.06 seconds","/home/thomasverwaal/Robust-Rail-NL/mathematical-models/local_search_plans_discreet_120/plan_33_trains_1_units22.json"
"/home/thomasverwaal/Robust-Rail-NL/mathematical-models/scenarios_solver_types_120/scenario_solver_33_trains_1_units22.json","Cost of next node: Cost = 1,586.5 : 1,637.87 | cr=24, dd=19, da=11, tlv=10, sm=66, rd=112.73, cd=0, um=0","Time elapsed: 13.20 seconds","/home/thomasverwaal/Robust-Rail-NL/mathematical-models/local_search_plans_discreet_120/plan_33_trains_1_units22.json"
"/home/thomasverwaal/Robust-Rail-NL/mathematical-models/scenarios_solver_types_120/scenario_solver_33_trains_1_units22.json","Cost of next node: Cost = 1,526.1 : 1,577.41 | cr=23, dd=18, da=11, tlv=10, sm=66, rd=112.73, cd=0, um=0","Time elapsed: 13.41 seconds","/home/thomasverwaal/Robust-Rail-NL/mathematical-models/local_search_plans_discreet_120/plan_33_trains_1_units22.json"
"/home/thomasverwaal/Robust-Rail-NL/mathematical-models/scenarios_solver_types_120/scenario_solver_33_trains_1_units22.json","Cost of next node: Cost = 1,505.9 : 1,557.24 | cr=26, dd=17, da=11, tlv=10, sm=66, rd=112.73, cd=0, um=0","Time elapsed: 13.54 seconds","/home/thomasverwaal/Robust-Rail-NL/mathematical-models/local_search_plans_discreet_120/plan_33_trains_1_units22.json"
"/home/thomasverwaal/Robust-Rail-NL/mathematical-models/scenarios_solver_types_120/scenario_solver_33_trains_1_units22.json","Cost of next node: Cost = 1,484.4 : 1,535.67 | cr=26, dd=17, da=10, tlv=10, sm=66, rd=110.91, cd=0, um=0","Time elapsed: 13.92 seconds","/home/thomasverwaal/Robust-Rail-NL/mathematical-models/local_search_plans_discreet_120/plan_33_trains_1_units22.json"
"/home/thomasverwaal/Robust-Rail-NL/mathematical-models/scenarios_solver_types_120/scenario_solver_33_trains_1_units22.json","Cost of next node: Cost = 1,461.7 : 1,513.01 | cr=26, dd=17, da=9, tlv=10, sm=66, rd=109.09, cd=0, um=0","Time elapsed: 14.24 seconds","/home/thomasverwaal/Robust-Rail-NL/mathematical-models/local_search_plans_discreet_120/plan_33_trains_1_units22.json"
"/home/thomasverwaal/Robust-Rail-NL/mathematical-models/scenarios_solver_types_120/scenario_solver_33_trains_1_units22.json","Cost of next node: Cost = 1,410.4 : 1,466.76 | cr=25, dd=16, da=9, tlv=11, sm=66, rd=105.45, cd=0, um=0","Time elapsed: 14.44 seconds","/home/thomasverwaal/Robust-Rail-NL/mathematical-models/local_search_plans_discreet_120/plan_33_trains_1_units22.json"
"/home/thomasverwaal/Robust-Rail-NL/mathematical-models/scenarios_solver_types_120/scenario_solver_33_trains_1_units22.json","Cost of next node: Cost = 1,360.8 : 1,417.09 | cr=25, dd=15, da=9, tlv=11, sm=66, rd=105.45, cd=0, um=0","Time elapsed: 14.52 seconds","/home/thomasverwaal/Robust-Rail-NL/mathematical-models/local_search_plans_discreet_120/plan_33_trains_1_units22.json"
"/home/thomasverwaal/Robust-Rail-NL/mathematical-models/scenarios_solver_types_120/scenario_solver_33_trains_1_units22.json","Cost of next node: Cost = 1,133.4 : 1,194.71 | cr=26, dd=12, da=4, tlv=12, sm=66, rd=101.82, cd=0, um=0","Time elapsed: 14.85 seconds","/home/thomasverwaal/Robust-Rail-NL/mathematical-models/local_search_plans_discreet_120/plan_33_trains_1_units22.json"
"/home/thomasverwaal/Robust-Rail-NL/mathematical-models/scenarios_solver_types_120/scenario_solver_33_trains_1_units22.json","Cost of next node: Cost = 1,053.0 : 1,114.31 | cr=23, dd=11, da=4, tlv=12, sm=66, rd=100.00, cd=0, um=0","Time elapsed: 15.10 seconds","/home/thomasverwaal/Robust-Rail-NL/mathematical-models/local_search_plans_discreet_120/plan_33_trains_1_units22.json"
"/home/thomasverwaal/Robust-Rail-NL/mathematical-models/scenarios_solver_types_120/scenario_solver_33_trains_1_units22.json","Cost of next node: Cost = 1,028.0 : 1,094.31 | cr=19, dd=11, da=4, tlv=13, sm=66, rd=98.18, cd=0, um=0","Time elapsed: 15.32 seconds","/home/thomasverwaal/Robust-Rail-NL/mathematical-models/local_search_plans_discreet_120/plan_33_trains_1_units22.json"
"/home/thomasverwaal/Robust-Rail-NL/mathematical-models/scenarios_solver_types_120/scenario_solver_33_trains_1_units22.json","Cost of next node: Cost = 972.1 : 1,043.47 | cr=19, dd=10, da=3, tlv=14, sm=66, rd=92.73, cd=0, um=0","Time elapsed: 15.57 seconds","/home/thomasverwaal/Robust-Rail-NL/mathematical-models/local_search_plans_discreet_120/plan_33_trains_1_units22.json"
"/home/thomasverwaal/Robust-Rail-NL/mathematical-models/scenarios_solver_types_120/scenario_solver_33_trains_1_units22.json","Cost of next node: Cost = 921.5 : 992.87 | cr=19, dd=9, da=3, tlv=14, sm=66, rd=92.73, cd=0, um=0","Time elapsed: 15.79 seconds","/home/thomasverwaal/Robust-Rail-NL/mathematical-models/local_search_plans_discreet_120/plan_33_trains_1_units22.json"
"/home/thomasverwaal/Robust-Rail-NL/mathematical-models/scenarios_solver_types_120/scenario_solver_33_trains_1_units22.json","Cost of next node: Cost = 887.6 : 963.92 | cr=21, dd=8, da=2, tlv=15, sm=66, rd=89.09, cd=0, um=0","Time elapsed: 16.02 seconds","/home/thomasverwaal/Robust-Rail-NL/mathematical-models/local_search_plans_discreet_120/plan_33_trains_1_units22.json"
"/home/thomasverwaal/Robust-Rail-NL/mathematical-models/scenarios_solver_types_120/scenario_solver_33_trains_1_units22.json","Cost of next node: Cost = 834.2 : 915.57 | cr=21, dd=7, da=1, tlv=16, sm=66, rd=85.45, cd=0, um=0","Time elapsed: 16.43 seconds","/home/thomasverwaal/Robust-Rail-NL/mathematical-models/local_search_plans_discreet_120/plan_33_trains_1_units22.json"
"/home/thomasverwaal/Robust-Rail-NL/mathematical-models/scenarios_solver_types_120/scenario_solver_33_trains_1_units22.json","Cost of next node: Cost = 764.4 : 850.75 | cr=20, dd=6, da=0, tlv=17, sm=66, rd=79.09, cd=0, um=0","Time elapsed: 16.76 seconds","/home/thomasverwaal/Robust-Rail-NL/mathematical-models/local_search_plans_discreet_120/plan_33_trains_1_units22.json"
"/home/thomasverwaal/Robust-Rail-NL/mathematical-models/scenarios_solver_types_120/scenario_solver_33_trains_1_units22.json","Cost of next node: Cost = 736.5 : 827.82 | cr=20, dd=5, da=0, tlv=18, sm=66, rd=83.64, cd=0, um=0","Time elapsed: 17.14 seconds","/home/thomasverwaal/Robust-Rail-NL/mathematical-models/local_search_plans_discreet_120/plan_33_trains_1_units22.json"
"/home/thomasverwaal/Robust-Rail-NL/mathematical-models/scenarios_solver_types_120/scenario_solver_33_trains_1_units22.json","Cost of next node: Cost = 703.0 : 794.34 | cr=23, dd=4, da=0, tlv=18, sm=67, rd=75.22, cd=0, um=0","Time elapsed: 20.06 seconds","/home/thomasverwaal/Robust-Rail-NL/mathematical-models/local_search_plans_discreet_120/plan_33_trains_1_units22.json"
"/home/thomasverwaal/Robust-Rail-NL/mathematical-models/scenarios_solver_types_120/scenario_solver_33_trains_1_units22.json","Cost of next node: Cost = 597.9 : 684.22 | cr=22, dd=2, da=1, tlv=17, sm=66, rd=76.36, cd=0, um=0","Time elapsed: 20.47 seconds","/home/thomasverwaal/Robust-Rail-NL/mathematical-models/local_search_plans_discreet_120/plan_33_trains_1_units22.json"
"/home/thomasverwaal/Robust-Rail-NL/mathematical-models/scenarios_solver_types_120/scenario_solver_33_trains_1_units22.json","Cost of next node: Cost = 582.9 : 664.22 | cr=22, dd=2, da=1, tlv=16, sm=66, rd=78.18, cd=0, um=0","Time elapsed: 26.06 seconds","/home/thomasverwaal/Robust-Rail-NL/mathematical-models/local_search_plans_discreet_120/plan_33_trains_1_units22.json"
"/home/thomasverwaal/Robust-Rail-NL/mathematical-models/scenarios_solver_types_120/scenario_solver_33_trains_1_units22.json","Cost of next node: Cost = 542.9 : 624.22 | cr=18, dd=2, da=1, tlv=16, sm=66, rd=78.18, cd=0, um=0","Time elapsed: 26.19 seconds","/home/thomasverwaal/Robust-Rail-NL/mathematical-models/local_search_plans_discreet_120/plan_33_trains_1_units22.json"
"/home/thomasverwaal/Robust-Rail-NL/mathematical-models/scenarios_solver_types_120/scenario_solver_33_trains_1_units22.json","Cost of next node: Cost = 522.9 : 604.22 | cr=16, dd=2, da=1, tlv=16, sm=66, rd=78.18, cd=0, um=0","Time elapsed: 29.89 seconds","/home/thomasverwaal/Robust-Rail-NL/mathematical-models/local_search_plans_discreet_120/plan_33_trains_1_units22.json"
"/home/thomasverwaal/Robust-Rail-NL/mathematical-models/scenarios_solver_types_120/scenario_solver_33_trains_1_units22.json","Cost of next node: Cost = 507.9 : 584.22 | cr=16, dd=2, da=1, tlv=15, sm=66, rd=80.00, cd=0, um=0","Time elapsed: 33.54 seconds","/home/thomasverwaal/Robust-Rail-NL/mathematical-models/local_search_plans_discreet_120/plan_33_trains_1_units22.json"
"/home/thomasverwaal/Robust-Rail-NL/mathematical-models/scenarios_solver_types_120/scenario_solver_33_trains_1_units22.json","Cost of next node: Cost = 487.9 : 564.22 | cr=14, dd=2, da=1, tlv=15, sm=66, rd=80.00, cd=0, um=0","Time elapsed: 36.78 seconds","/home/thomasverwaal/Robust-Rail-NL/mathematical-models/local_search_plans_discreet_120/plan_33_trains_1_units22.json"
"/home/thomasverwaal/Robust-Rail-NL/mathematical-models/scenarios_solver_types_120/scenario_solver_33_trains_1_units22.json","Cost of next node: Cost = 472.9 : 544.22 | cr=14, dd=2, da=1, tlv=14, sm=66, rd=81.82, cd=0, um=0","Time elapsed: 39.77 seconds","/home/thomasverwaal/Robust-Rail-NL/mathematical-models/local_search_plans_discreet_120/plan_33_trains_1_units22.json"
"/home/thomasverwaal/Robust-Rail-NL/mathematical-models/scenarios_solver_types_120/scenario_solver_33_trains_1_units22.json","Cost of next node: Cost = 462.9 : 534.22 | cr=13, dd=2, da=1, tlv=14, sm=66, rd=81.82, cd=0, um=0","Time elapsed: 42.40 seconds","/home/thomasverwaal/Robust-Rail-NL/mathematical-models/local_search_plans_discreet_120/plan_33_trains_1_units22.json"
"/home/thomasverwaal/Robust-Rail-NL/mathematical-models/scenarios_solver_types_120/scenario_solver_33_trains_1_units22.json","Cost of next node: Cost = 452.9 : 524.22 | cr=12, dd=2, da=1, tlv=14, sm=66, rd=81.82, cd=0, um=0","Time elapsed: 44.84 seconds","/home/thomasverwaal/Robust-Rail-NL/mathematical-models/local_search_plans_discreet_120/plan_33_trains_1_units22.json"
"/home/thomasverwaal/Robust-Rail-NL/mathematical-models/scenarios_solver_types_120/scenario_solver_33_trains_1_units22.json","Cost of next node: Cost = 442.9 : 514.22 | cr=11, dd=2, da=1, tlv=14, sm=66, rd=81.82, cd=0, um=0","Time elapsed: 51.49 seconds","/home/thomasverwaal/Robust-Rail-NL/mathematical-models/local_search_plans_discreet_120/plan_33_trains_1_units22.json"
"/home/thomasverwaal/Robust-Rail-NL/mathematical-models/scenarios_solver_types_120/scenario_solver_33_trains_1_units22.json","Cost of next node: Cost = 412.4 : 483.72 | cr=13, dd=1, da=1, tlv=14, sm=66, rd=84.55, cd=0, um=0","Time elapsed: 51.57 seconds","/home/thomasverwaal/Robust-Rail-NL/mathematical-models/local_search_plans_discreet_120/plan_33_trains_1_units22.json"
"/home/thomasverwaal/Robust-Rail-NL/mathematical-models/scenarios_solver_types_120/scenario_solver_33_trains_1_units22.json","Cost of next node: Cost = 355.0 : 431.32 | cr=13, dd=0, da=0, tlv=15, sm=66, rd=78.18, cd=0, um=0","Time elapsed: 51.87 seconds","/home/thomasverwaal/Robust-Rail-NL/mathematical-models/local_search_plans_discreet_120/plan_33_trains_1_units22.json"
"/home/thomasverwaal/Robust-Rail-NL/mathematical-models/scenarios_solver_types_120/scenario_solver_33_trains_1_units22.json","Cost of next node: Cost = 345.0 : 421.32 | cr=12, dd=0, da=0, tlv=15, sm=66, rd=80.00, cd=0, um=0","Time elapsed: 54.71 seconds","/home/thomasverwaal/Robust-Rail-NL/mathematical-models/local_search_plans_discreet_120/plan_33_trains_1_units22.json"
"/home/thomasverwaal/Robust-Rail-NL/mathematical-models/scenarios_solver_types_120/scenario_solver_33_trains_1_units22.json","Cost of next node: Cost = 335.0 : 411.32 | cr=11, dd=0, da=0, tlv=15, sm=66, rd=80.00, cd=0, um=0","Time elapsed: 57.56 seconds","/home/thomasverwaal/Robust-Rail-NL/mathematical-models/local_search_plans_discreet_120/plan_33_trains_1_units22.json"
"/home/thomasverwaal/Robust-Rail-NL/mathematical-models/scenarios_solver_types_120/scenario_solver_33_trains_1_units22.json","Cost of next node: Cost = 325.0 : 401.32 | cr=10, dd=0, da=0, tlv=15, sm=66, rd=80.00, cd=0, um=0","Time elapsed: 59.70 seconds","/home/thomasverwaal/Robust-Rail-NL/mathematical-models/local_search_plans_discreet_120/plan_33_trains_1_units22.json"
"/home/thomasverwaal/Robust-Rail-NL/mathematical-models/scenarios_solver_types_120/scenario_solver_33_trains_1_units22.json","Cost of next node: Cost = 315.0 : 391.32 | cr=9, dd=0, da=0, tlv=15, sm=66, rd=78.18, cd=0, um=0","Time elapsed: 61.34 seconds","/home/thomasverwaal/Robust-Rail-NL/mathematical-models/local_search_plans_discreet_120/plan_33_trains_1_units22.json"
"/home/thomasverwaal/Robust-Rail-NL/mathematical-models/scenarios_solver_types_120/scenario_solver_33_trains_1_units22.json","Cost of next node: Cost = 305.0 : 381.32 | cr=8, dd=0, da=0, tlv=15, sm=66, rd=78.18, cd=0, um=0","Time elapsed: 63.02 seconds","/home/thomasverwaal/Robust-Rail-NL/mathematical-models/local_search_plans_discreet_120/plan_33_trains_1_units22.json"
"/home/thomasverwaal/Robust-Rail-NL/mathematical-models/scenarios_solver_types_120/scenario_solver_33_trains_1_units22.json","Cost of next node: Cost = 295.0 : 371.32 | cr=7, dd=0, da=0, tlv=15, sm=66, rd=78.18, cd=0, um=0","Time elapsed: 64.36 seconds","/home/thomasverwaal/Robust-Rail-NL/mathematical-models/local_search_plans_discreet_120/plan_33_trains_1_units22.json"
"/home/thomasverwaal/Robust-Rail-NL/mathematical-models/scenarios_solver_types_120/scenario_solver_33_trains_1_units22.json","Cost of next node: Cost = 285.0 : 361.32 | cr=6, dd=0, da=0, tlv=15, sm=66, rd=78.18, cd=0, um=0","Time elapsed: 151.62 seconds","/home/thomasverwaal/Robust-Rail-NL/mathematical-models/local_search_plans_discreet_120/plan_33_trains_1_units22.json"
"/home/thomasverwaal/Robust-Rail-NL/mathematical-models/scenarios_solver_types_120/scenario_solver_33_trains_1_units22.json","Cost of next node: Cost = 275.0 : 351.32 | cr=5, dd=0, da=0, tlv=15, sm=66, rd=78.18, cd=0, um=0","Time elapsed: 165.92 seconds","/home/thomasverwaal/Robust-Rail-NL/mathematical-models/local_search_plans_discreet_120/plan_33_trains_1_units22.json"
"/home/thomasverwaal/Robust-Rail-NL/mathematical-models/scenarios_solver_types_120/scenario_solver_33_trains_1_units22.json","Cost of next node: Cost = 255.0 : 331.34 | cr=3, dd=0, da=0, tlv=15, sm=67, rd=80.60, cd=0, um=0","Time elapsed: 172.24 seconds","/home/thomasverwaal/Robust-Rail-NL/mathematical-models/local_search_plans_discreet_120/plan_33_trains_1_units22.json"
"/home/thomasverwaal/Robust-Rail-NL/mathematical-models/scenarios_solver_types_120/scenario_solver_33_trains_1_units22.json","Cost of next node: Cost = 245.0 : 321.34 | cr=2, dd=0, da=0, tlv=15, sm=67, rd=80.60, cd=0, um=0","Time elapsed: 173.50 seconds","/home/thomasverwaal/Robust-Rail-NL/mathematical-models/local_search_plans_discreet_120/plan_33_trains_1_units22.json"
"/home/thomasverwaal/Robust-Rail-NL/mathematical-models/scenarios_solver_types_120/scenario_solver_33_trains_1_units22.json","NO_COST_FOUND","NO_TIME_FOUND","NO_PLAN_CREATED"
