scenario,cost_line,time_line,plan_file
"/home/thomasverwaal/Robust-Rail-NL/mathematical-models/scenarios_solver_types_120/scenario_solver_33_trains_1_units1.json","Cost of next node: Cost = 2,811.3 : 2,812.64 | cr=41, dd=33, da=31, tlv=0, sm=66, rd=178.18, cd=0, um=0","Time elapsed: 4.37 seconds","/home/thomasverwaal/Robust-Rail-NL/mathematical-models/local_search_plans_discreet_120/plan_33_trains_1_units1.json"
"/home/thomasverwaal/Robust-Rail-NL/mathematical-models/scenarios_solver_types_120/scenario_solver_33_trains_1_units1.json","Cost of next node: Cost = 2,784.0 : 2,785.32 | cr=39, dd=33, da=31, tlv=0, sm=66, rd=176.36, cd=0, um=0","Time elapsed: 4.51 seconds","/home/thomasverwaal/Robust-Rail-NL/mathematical-models/local_search_plans_discreet_120/plan_33_trains_1_units1.json"
"/home/thomasverwaal/Robust-Rail-NL/mathematical-models/scenarios_solver_types_120/scenario_solver_33_trains_1_units1.json","Cost of next node: Cost = 2,763.6 : 2,764.88 | cr=37, dd=33, da=31, tlv=0, sm=66, rd=176.36, cd=0, um=0","Time elapsed: 4.79 seconds","/home/thomasverwaal/Robust-Rail-NL/mathematical-models/local_search_plans_discreet_120/plan_33_trains_1_units1.json"
"/home/thomasverwaal/Robust-Rail-NL/mathematical-models/scenarios_solver_types_120/scenario_solver_33_trains_1_units1.json","Cost of next node: Cost = 2,742.9 : 2,744.17 | cr=35, dd=33, da=31, tlv=0, sm=66, rd=176.36, cd=0, um=0","Time elapsed: 5.12 seconds","/home/thomasverwaal/Robust-Rail-NL/mathematical-models/local_search_plans_discreet_120/plan_33_trains_1_units1.json"
"/home/thomasverwaal/Robust-Rail-NL/mathematical-models/scenarios_solver_types_120/scenario_solver_33_trains_1_units1.json","Cost of next node: Cost = 2,710.1 : 2,711.40 | cr=36, dd=33, da=30, tlv=0, sm=66, rd=171.82, cd=0, um=0","Time elapsed: 5.46 seconds","/home/thomasverwaal/Robust-Rail-NL/mathematical-models/local_search_plans_discreet_120/plan_33_trains_1_units1.json"
"/home/thomasverwaal/Robust-Rail-NL/mathematical-models/scenarios_solver_types_120/scenario_solver_33_trains_1_units1.json","Cost of next node: Cost = 2,655.1 : 2,661.43 | cr=33, dd=33, da=28, tlv=1, sm=66, rd=170.91, cd=0, um=0","Time elapsed: 5.76 seconds","/home/thomasverwaal/Robust-Rail-NL/mathematical-models/local_search_plans_discreet_120/plan_33_trains_1_units1.json"
"/home/thomasverwaal/Robust-Rail-NL/mathematical-models/scenarios_solver_types_120/scenario_solver_33_trains_1_units1.json","Cost of next node: Cost = 2,551.1 : 2,557.45 | cr=33, dd=33, da=23, tlv=1, sm=66, rd=167.27, cd=0, um=0","Time elapsed: 6.02 seconds","/home/thomasverwaal/Robust-Rail-NL/mathematical-models/local_search_plans_discreet_120/plan_33_trains_1_units1.json"
"/home/thomasverwaal/Robust-Rail-NL/mathematical-models/scenarios_solver_types_120/scenario_solver_33_trains_1_units1.json","Cost of next node: Cost = 2,521.1 : 2,532.45 | cr=30, dd=33, da=22, tlv=2, sm=66, rd=169.09, cd=0, um=0","Time elapsed: 6.31 seconds","/home/thomasverwaal/Robust-Rail-NL/mathematical-models/local_search_plans_discreet_120/plan_33_trains_1_units1.json"
"/home/thomasverwaal/Robust-Rail-NL/mathematical-models/scenarios_solver_types_120/scenario_solver_33_trains_1_units1.json","Cost of next node: Cost = 2,500.7 : 2,512.04 | cr=29, dd=33, da=22, tlv=2, sm=66, rd=166.36, cd=0, um=0","Time elapsed: 6.41 seconds","/home/thomasverwaal/Robust-Rail-NL/mathematical-models/local_search_plans_discreet_120/plan_33_trains_1_units1.json"
"/home/thomasverwaal/Robust-Rail-NL/mathematical-models/scenarios_solver_types_120/scenario_solver_33_trains_1_units1.json","Cost of next node: Cost = 2,472.3 : 2,488.57 | cr=29, dd=33, da=20, tlv=3, sm=66, rd=162.73, cd=0, um=0","Time elapsed: 6.71 seconds","/home/thomasverwaal/Robust-Rail-NL/mathematical-models/local_search_plans_discreet_120/plan_33_trains_1_units1.json"
"/home/thomasverwaal/Robust-Rail-NL/mathematical-models/scenarios_solver_types_120/scenario_solver_33_trains_1_units1.json","Cost of next node: Cost = 2,434.4 : 2,455.72 | cr=30, dd=33, da=17, tlv=4, sm=66, rd=157.27, cd=0, um=0","Time elapsed: 6.96 seconds","/home/thomasverwaal/Robust-Rail-NL/mathematical-models/local_search_plans_discreet_120/plan_33_trains_1_units1.json"
"/home/thomasverwaal/Robust-Rail-NL/mathematical-models/scenarios_solver_types_120/scenario_solver_33_trains_1_units1.json","Cost of next node: Cost = 2,406.0 : 2,422.27 | cr=36, dd=33, da=13, tlv=3, sm=66, rd=156.36, cd=0, um=0","Time elapsed: 7.33 seconds","/home/thomasverwaal/Robust-Rail-NL/mathematical-models/local_search_plans_discreet_120/plan_33_trains_1_units1.json"
"/home/thomasverwaal/Robust-Rail-NL/mathematical-models/scenarios_solver_types_120/scenario_solver_33_trains_1_units1.json","Cost of next node: Cost = 2,385.7 : 2,407.06 | cr=34, dd=33, da=13, tlv=4, sm=66, rd=150.91, cd=0, um=0","Time elapsed: 7.70 seconds","/home/thomasverwaal/Robust-Rail-NL/mathematical-models/local_search_plans_discreet_120/plan_33_trains_1_units1.json"
"/home/thomasverwaal/Robust-Rail-NL/mathematical-models/scenarios_solver_types_120/scenario_solver_33_trains_1_units1.json","Cost of next node: Cost = 2,338.6 : 2,364.93 | cr=30, dd=33, da=12, tlv=5, sm=66, rd=147.27, cd=0, um=0","Time elapsed: 8.39 seconds","/home/thomasverwaal/Robust-Rail-NL/mathematical-models/local_search_plans_discreet_120/plan_33_trains_1_units1.json"
"/home/thomasverwaal/Robust-Rail-NL/mathematical-models/scenarios_solver_types_120/scenario_solver_33_trains_1_units1.json","Cost of next node: Cost = 2,317.2 : 2,343.57 | cr=30, dd=33, da=11, tlv=5, sm=66, rd=143.64, cd=0, um=0","Time elapsed: 8.67 seconds","/home/thomasverwaal/Robust-Rail-NL/mathematical-models/local_search_plans_discreet_120/plan_33_trains_1_units1.json"
"/home/thomasverwaal/Robust-Rail-NL/mathematical-models/scenarios_solver_types_120/scenario_solver_33_trains_1_units1.json","Cost of next node: Cost = 2,287.2 : 2,313.57 | cr=27, dd=33, da=11, tlv=5, sm=66, rd=143.64, cd=0, um=0","Time elapsed: 8.79 seconds","/home/thomasverwaal/Robust-Rail-NL/mathematical-models/local_search_plans_discreet_120/plan_33_trains_1_units1.json"
"/home/thomasverwaal/Robust-Rail-NL/mathematical-models/scenarios_solver_types_120/scenario_solver_33_trains_1_units1.json","Cost of next node: Cost = 2,242.2 : 2,273.57 | cr=21, dd=33, da=11, tlv=6, sm=66, rd=143.64, cd=0, um=0","Time elapsed: 9.07 seconds","/home/thomasverwaal/Robust-Rail-NL/mathematical-models/local_search_plans_discreet_120/plan_33_trains_1_units1.json"
"/home/thomasverwaal/Robust-Rail-NL/mathematical-models/scenarios_solver_types_120/scenario_solver_33_trains_1_units1.json","Cost of next node: Cost = 2,206.3 : 2,242.61 | cr=18, dd=33, da=11, tlv=7, sm=66, rd=134.55, cd=0, um=0","Time elapsed: 9.40 seconds","/home/thomasverwaal/Robust-Rail-NL/mathematical-models/local_search_plans_discreet_120/plan_33_trains_1_units1.json"
"/home/thomasverwaal/Robust-Rail-NL/mathematical-models/scenarios_solver_types_120/scenario_solver_33_trains_1_units1.json","Cost of next node: Cost = 2,004.4 : 2,040.69 | cr=25, dd=28, da=11, tlv=7, sm=66, rd=127.27, cd=0, um=0","Time elapsed: 9.60 seconds","/home/thomasverwaal/Robust-Rail-NL/mathematical-models/local_search_plans_discreet_120/plan_33_trains_1_units1.json"
"/home/thomasverwaal/Robust-Rail-NL/mathematical-models/scenarios_solver_types_120/scenario_solver_33_trains_1_units1.json","Cost of next node: Cost = 1,964.0 : 2,000.27 | cr=26, dd=27, da=11, tlv=7, sm=66, rd=127.27, cd=0, um=0","Time elapsed: 9.76 seconds","/home/thomasverwaal/Robust-Rail-NL/mathematical-models/local_search_plans_discreet_120/plan_33_trains_1_units1.json"
"/home/thomasverwaal/Robust-Rail-NL/mathematical-models/scenarios_solver_types_120/scenario_solver_33_trains_1_units1.json","Cost of next node: Cost = 1,904.0 : 1,940.27 | cr=25, dd=26, da=11, tlv=7, sm=66, rd=127.27, cd=0, um=0","Time elapsed: 9.94 seconds","/home/thomasverwaal/Robust-Rail-NL/mathematical-models/local_search_plans_discreet_120/plan_33_trains_1_units1.json"
"/home/thomasverwaal/Robust-Rail-NL/mathematical-models/scenarios_solver_types_120/scenario_solver_33_trains_1_units1.json","Cost of next node: Cost = 1,854.5 : 1,890.85 | cr=25, dd=25, da=11, tlv=7, sm=66, rd=127.27, cd=0, um=0","Time elapsed: 10.08 seconds","/home/thomasverwaal/Robust-Rail-NL/mathematical-models/local_search_plans_discreet_120/plan_33_trains_1_units1.json"
"/home/thomasverwaal/Robust-Rail-NL/mathematical-models/scenarios_solver_types_120/scenario_solver_33_trains_1_units1.json","Cost of next node: Cost = 1,815.2 : 1,851.47 | cr=26, dd=24, da=11, tlv=7, sm=66, rd=127.27, cd=0, um=0","Time elapsed: 10.21 seconds","/home/thomasverwaal/Robust-Rail-NL/mathematical-models/local_search_plans_discreet_120/plan_33_trains_1_units1.json"
"/home/thomasverwaal/Robust-Rail-NL/mathematical-models/scenarios_solver_types_120/scenario_solver_33_trains_1_units1.json","Cost of next node: Cost = 1,775.5 : 1,811.77 | cr=27, dd=23, da=11, tlv=7, sm=66, rd=127.27, cd=0, um=0","Time elapsed: 10.33 seconds","/home/thomasverwaal/Robust-Rail-NL/mathematical-models/local_search_plans_discreet_120/plan_33_trains_1_units1.json"
"/home/thomasverwaal/Robust-Rail-NL/mathematical-models/scenarios_solver_types_120/scenario_solver_33_trains_1_units1.json","Cost of next node: Cost = 1,736.4 : 1,772.75 | cr=28, dd=22, da=11, tlv=7, sm=66, rd=127.27, cd=0, um=0","Time elapsed: 10.59 seconds","/home/thomasverwaal/Robust-Rail-NL/mathematical-models/local_search_plans_discreet_120/plan_33_trains_1_units1.json"
"/home/thomasverwaal/Robust-Rail-NL/mathematical-models/scenarios_solver_types_120/scenario_solver_33_trains_1_units1.json","Cost of next node: Cost = 1,687.4 : 1,723.68 | cr=28, dd=21, da=11, tlv=7, sm=66, rd=127.27, cd=0, um=0","Time elapsed: 10.75 seconds","/home/thomasverwaal/Robust-Rail-NL/mathematical-models/local_search_plans_discreet_120/plan_33_trains_1_units1.json"
"/home/thomasverwaal/Robust-Rail-NL/mathematical-models/scenarios_solver_types_120/scenario_solver_33_trains_1_units1.json","Cost of next node: Cost = 1,587.5 : 1,628.87 | cr=29, dd=19, da=10, tlv=8, sm=66, rd=123.64, cd=0, um=0","Time elapsed: 11.08 seconds","/home/thomasverwaal/Robust-Rail-NL/mathematical-models/local_search_plans_discreet_120/plan_33_trains_1_units1.json"
"/home/thomasverwaal/Robust-Rail-NL/mathematical-models/scenarios_solver_types_120/scenario_solver_33_trains_1_units1.json","Cost of next node: Cost = 1,526.7 : 1,567.98 | cr=28, dd=18, da=10, tlv=8, sm=66, rd=123.64, cd=0, um=0","Time elapsed: 11.18 seconds","/home/thomasverwaal/Robust-Rail-NL/mathematical-models/local_search_plans_discreet_120/plan_33_trains_1_units1.json"
"/home/thomasverwaal/Robust-Rail-NL/mathematical-models/scenarios_solver_types_120/scenario_solver_33_trains_1_units1.json","Cost of next node: Cost = 1,444.2 : 1,485.53 | cr=27, dd=17, da=9, tlv=8, sm=66, rd=121.82, cd=0, um=0","Time elapsed: 11.52 seconds","/home/thomasverwaal/Robust-Rail-NL/mathematical-models/local_search_plans_discreet_120/plan_33_trains_1_units1.json"
"/home/thomasverwaal/Robust-Rail-NL/mathematical-models/scenarios_solver_types_120/scenario_solver_33_trains_1_units1.json","Cost of next node: Cost = 1,354.0 : 1,400.37 | cr=31, dd=15, da=7, tlv=9, sm=66, rd=116.36, cd=0, um=0","Time elapsed: 11.84 seconds","/home/thomasverwaal/Robust-Rail-NL/mathematical-models/local_search_plans_discreet_120/plan_33_trains_1_units1.json"
"/home/thomasverwaal/Robust-Rail-NL/mathematical-models/scenarios_solver_types_120/scenario_solver_33_trains_1_units1.json","Cost of next node: Cost = 1,187.4 : 1,238.72 | cr=29, dd=13, da=4, tlv=10, sm=66, rd=110.91, cd=0, um=0","Time elapsed: 12.24 seconds","/home/thomasverwaal/Robust-Rail-NL/mathematical-models/local_search_plans_discreet_120/plan_33_trains_1_units1.json"
"/home/thomasverwaal/Robust-Rail-NL/mathematical-models/scenarios_solver_types_120/scenario_solver_33_trains_1_units1.json","Cost of next node: Cost = 1,123.8 : 1,180.08 | cr=28, dd=12, da=3, tlv=11, sm=66, rd=107.27, cd=0, um=0","Time elapsed: 12.58 seconds","/home/thomasverwaal/Robust-Rail-NL/mathematical-models/local_search_plans_discreet_120/plan_33_trains_1_units1.json"
"/home/thomasverwaal/Robust-Rail-NL/mathematical-models/scenarios_solver_types_120/scenario_solver_33_trains_1_units1.json","Cost of next node: Cost = 999.4 : 1,060.74 | cr=26, dd=10, da=2, tlv=12, sm=66, rd=103.64, cd=0, um=0","Time elapsed: 12.92 seconds","/home/thomasverwaal/Robust-Rail-NL/mathematical-models/local_search_plans_discreet_120/plan_33_trains_1_units1.json"
"/home/thomasverwaal/Robust-Rail-NL/mathematical-models/scenarios_solver_types_120/scenario_solver_33_trains_1_units1.json","Cost of next node: Cost = 949.5 : 1,010.82 | cr=26, dd=9, da=2, tlv=12, sm=66, rd=103.64, cd=0, um=0","Time elapsed: 13.21 seconds","/home/thomasverwaal/Robust-Rail-NL/mathematical-models/local_search_plans_discreet_120/plan_33_trains_1_units1.json"
"/home/thomasverwaal/Robust-Rail-NL/mathematical-models/scenarios_solver_types_120/scenario_solver_33_trains_1_units1.json","Cost of next node: Cost = 835.6 : 901.95 | cr=25, dd=7, da=1, tlv=13, sm=66, rd=102.73, cd=0, um=0","Time elapsed: 13.56 seconds","/home/thomasverwaal/Robust-Rail-NL/mathematical-models/local_search_plans_discreet_120/plan_33_trains_1_units1.json"
"/home/thomasverwaal/Robust-Rail-NL/mathematical-models/scenarios_solver_types_120/scenario_solver_33_trains_1_units1.json","Cost of next node: Cost = 720.5 : 786.82 | cr=24, dd=5, da=1, tlv=13, sm=66, rd=96.36, cd=0, um=0","Time elapsed: 13.71 seconds","/home/thomasverwaal/Robust-Rail-NL/mathematical-models/local_search_plans_discreet_120/plan_33_trains_1_units1.json"
"/home/thomasverwaal/Robust-Rail-NL/mathematical-models/scenarios_solver_types_120/scenario_solver_33_trains_1_units1.json","Cost of next node: Cost = 593.0 : 664.32 | cr=23, dd=3, da=0, tlv=14, sm=66, rd=85.45, cd=0, um=0","Time elapsed: 14.38 seconds","/home/thomasverwaal/Robust-Rail-NL/mathematical-models/local_search_plans_discreet_120/plan_33_trains_1_units1.json"
"/home/thomasverwaal/Robust-Rail-NL/mathematical-models/scenarios_solver_types_120/scenario_solver_33_trains_1_units1.json","Cost of next node: Cost = 568.0 : 644.32 | cr=24, dd=2, da=0, tlv=15, sm=66, rd=81.82, cd=0, um=0","Time elapsed: 14.60 seconds","/home/thomasverwaal/Robust-Rail-NL/mathematical-models/local_search_plans_discreet_120/plan_33_trains_1_units1.json"
"/home/thomasverwaal/Robust-Rail-NL/mathematical-models/scenarios_solver_types_120/scenario_solver_33_trains_1_units1.json","Cost of next node: Cost = 523.0 : 604.32 | cr=23, dd=1, da=0, tlv=16, sm=66, rd=80.00, cd=0, um=0","Time elapsed: 15.00 seconds","/home/thomasverwaal/Robust-Rail-NL/mathematical-models/local_search_plans_discreet_120/plan_33_trains_1_units1.json"
"/home/thomasverwaal/Robust-Rail-NL/mathematical-models/scenarios_solver_types_120/scenario_solver_33_trains_1_units1.json","Cost of next node: Cost = 503.0 : 584.32 | cr=21, dd=1, da=0, tlv=16, sm=66, rd=80.00, cd=0, um=0","Time elapsed: 21.86 seconds","/home/thomasverwaal/Robust-Rail-NL/mathematical-models/local_search_plans_discreet_120/plan_33_trains_1_units1.json"
"/home/thomasverwaal/Robust-Rail-NL/mathematical-models/scenarios_solver_types_120/scenario_solver_33_trains_1_units1.json","Cost of next node: Cost = 483.0 : 564.32 | cr=19, dd=1, da=0, tlv=16, sm=66, rd=80.00, cd=0, um=0","Time elapsed: 27.26 seconds","/home/thomasverwaal/Robust-Rail-NL/mathematical-models/local_search_plans_discreet_120/plan_33_trains_1_units1.json"
"/home/thomasverwaal/Robust-Rail-NL/mathematical-models/scenarios_solver_types_120/scenario_solver_33_trains_1_units1.json","Cost of next node: Cost = 468.0 : 544.32 | cr=19, dd=1, da=0, tlv=15, sm=66, rd=81.82, cd=0, um=0","Time elapsed: 32.15 seconds","/home/thomasverwaal/Robust-Rail-NL/mathematical-models/local_search_plans_discreet_120/plan_33_trains_1_units1.json"
"/home/thomasverwaal/Robust-Rail-NL/mathematical-models/scenarios_solver_types_120/scenario_solver_33_trains_1_units1.json","Cost of next node: Cost = 458.0 : 534.32 | cr=18, dd=1, da=0, tlv=15, sm=66, rd=81.82, cd=0, um=0","Time elapsed: 37.25 seconds","/home/thomasverwaal/Robust-Rail-NL/mathematical-models/local_search_plans_discreet_120/plan_33_trains_1_units1.json"
"/home/thomasverwaal/Robust-Rail-NL/mathematical-models/scenarios_solver_types_120/scenario_solver_33_trains_1_units1.json","Cost of next node: Cost = 448.0 : 524.32 | cr=17, dd=1, da=0, tlv=15, sm=66, rd=81.82, cd=0, um=0","Time elapsed: 41.91 seconds","/home/thomasverwaal/Robust-Rail-NL/mathematical-models/local_search_plans_discreet_120/plan_33_trains_1_units1.json"
"/home/thomasverwaal/Robust-Rail-NL/mathematical-models/scenarios_solver_types_120/scenario_solver_33_trains_1_units1.json","Cost of next node: Cost = 438.0 : 514.32 | cr=16, dd=1, da=0, tlv=15, sm=66, rd=83.64, cd=0, um=0","Time elapsed: 46.63 seconds","/home/thomasverwaal/Robust-Rail-NL/mathematical-models/local_search_plans_discreet_120/plan_33_trains_1_units1.json"
"/home/thomasverwaal/Robust-Rail-NL/mathematical-models/scenarios_solver_types_120/scenario_solver_33_trains_1_units1.json","Cost of next node: Cost = 400.0 : 481.32 | cr=16, dd=0, da=0, tlv=16, sm=66, rd=78.18, cd=0, um=0","Time elapsed: 47.11 seconds","/home/thomasverwaal/Robust-Rail-NL/mathematical-models/local_search_plans_discreet_120/plan_33_trains_1_units1.json"
"/home/thomasverwaal/Robust-Rail-NL/mathematical-models/scenarios_solver_types_120/scenario_solver_33_trains_1_units1.json","Cost of next node: Cost = 385.0 : 461.32 | cr=16, dd=0, da=0, tlv=15, sm=66, rd=80.00, cd=0, um=0","Time elapsed: 51.10 seconds","/home/thomasverwaal/Robust-Rail-NL/mathematical-models/local_search_plans_discreet_120/plan_33_trains_1_units1.json"
"/home/thomasverwaal/Robust-Rail-NL/mathematical-models/scenarios_solver_types_120/scenario_solver_33_trains_1_units1.json","Cost of next node: Cost = 375.0 : 451.32 | cr=15, dd=0, da=0, tlv=15, sm=66, rd=80.00, cd=0, um=0","Time elapsed: 55.14 seconds","/home/thomasverwaal/Robust-Rail-NL/mathematical-models/local_search_plans_discreet_120/plan_33_trains_1_units1.json"
"/home/thomasverwaal/Robust-Rail-NL/mathematical-models/scenarios_solver_types_120/scenario_solver_33_trains_1_units1.json","Cost of next node: Cost = 365.0 : 441.32 | cr=14, dd=0, da=0, tlv=15, sm=66, rd=80.00, cd=0, um=0","Time elapsed: 58.64 seconds","/home/thomasverwaal/Robust-Rail-NL/mathematical-models/local_search_plans_discreet_120/plan_33_trains_1_units1.json"
"/home/thomasverwaal/Robust-Rail-NL/mathematical-models/scenarios_solver_types_120/scenario_solver_33_trains_1_units1.json","Cost of next node: Cost = 355.0 : 431.32 | cr=13, dd=0, da=0, tlv=15, sm=66, rd=80.00, cd=0, um=0","Time elapsed: 61.66 seconds","/home/thomasverwaal/Robust-Rail-NL/mathematical-models/local_search_plans_discreet_120/plan_33_trains_1_units1.json"
"/home/thomasverwaal/Robust-Rail-NL/mathematical-models/scenarios_solver_types_120/scenario_solver_33_trains_1_units1.json","Cost of next node: Cost = 345.0 : 421.32 | cr=12, dd=0, da=0, tlv=15, sm=66, rd=78.18, cd=0, um=0","Time elapsed: 64.40 seconds","/home/thomasverwaal/Robust-Rail-NL/mathematical-models/local_search_plans_discreet_120/plan_33_trains_1_units1.json"
"/home/thomasverwaal/Robust-Rail-NL/mathematical-models/scenarios_solver_types_120/scenario_solver_33_trains_1_units1.json","Cost of next node: Cost = 335.0 : 411.32 | cr=11, dd=0, da=0, tlv=15, sm=66, rd=78.18, cd=0, um=0","Time elapsed: 67.19 seconds","/home/thomasverwaal/Robust-Rail-NL/mathematical-models/local_search_plans_discreet_120/plan_33_trains_1_units1.json"
"/home/thomasverwaal/Robust-Rail-NL/mathematical-models/scenarios_solver_types_120/scenario_solver_33_trains_1_units1.json","Cost of next node: Cost = 325.0 : 401.32 | cr=10, dd=0, da=0, tlv=15, sm=66, rd=78.18, cd=0, um=0","Time elapsed: 69.55 seconds","/home/thomasverwaal/Robust-Rail-NL/mathematical-models/local_search_plans_discreet_120/plan_33_trains_1_units1.json"
"/home/thomasverwaal/Robust-Rail-NL/mathematical-models/scenarios_solver_types_120/scenario_solver_33_trains_1_units1.json","Cost of next node: Cost = 315.0 : 391.32 | cr=9, dd=0, da=0, tlv=15, sm=66, rd=78.18, cd=0, um=0","Time elapsed: 71.84 seconds","/home/thomasverwaal/Robust-Rail-NL/mathematical-models/local_search_plans_discreet_120/plan_33_trains_1_units1.json"
"/home/thomasverwaal/Robust-Rail-NL/mathematical-models/scenarios_solver_types_120/scenario_solver_33_trains_1_units1.json","Cost of next node: Cost = 305.0 : 381.32 | cr=8, dd=0, da=0, tlv=15, sm=66, rd=78.18, cd=0, um=0","Time elapsed: 73.78 seconds","/home/thomasverwaal/Robust-Rail-NL/mathematical-models/local_search_plans_discreet_120/plan_33_trains_1_units1.json"
"/home/thomasverwaal/Robust-Rail-NL/mathematical-models/scenarios_solver_types_120/scenario_solver_33_trains_1_units1.json","Cost of next node: Cost = 295.0 : 371.32 | cr=7, dd=0, da=0, tlv=15, sm=66, rd=76.36, cd=0, um=0","Time elapsed: 75.30 seconds","/home/thomasverwaal/Robust-Rail-NL/mathematical-models/local_search_plans_discreet_120/plan_33_trains_1_units1.json"
"/home/thomasverwaal/Robust-Rail-NL/mathematical-models/scenarios_solver_types_120/scenario_solver_33_trains_1_units1.json","Cost of next node: Cost = 285.0 : 361.32 | cr=6, dd=0, da=0, tlv=15, sm=66, rd=76.36, cd=0, um=0","Time elapsed: 82.84 seconds","/home/thomasverwaal/Robust-Rail-NL/mathematical-models/local_search_plans_discreet_120/plan_33_trains_1_units1.json"
"/home/thomasverwaal/Robust-Rail-NL/mathematical-models/scenarios_solver_types_120/scenario_solver_33_trains_1_units1.json","Cost of next node: Cost = 275.0 : 351.32 | cr=5, dd=0, da=0, tlv=15, sm=66, rd=76.36, cd=0, um=0","Time elapsed: 90.95 seconds","/home/thomasverwaal/Robust-Rail-NL/mathematical-models/local_search_plans_discreet_120/plan_33_trains_1_units1.json"
"/home/thomasverwaal/Robust-Rail-NL/mathematical-models/scenarios_solver_types_120/scenario_solver_33_trains_1_units1.json","Cost of next node: Cost = 265.0 : 341.32 | cr=4, dd=0, da=0, tlv=15, sm=66, rd=76.36, cd=0, um=0","Time elapsed: 96.71 seconds","/home/thomasverwaal/Robust-Rail-NL/mathematical-models/local_search_plans_discreet_120/plan_33_trains_1_units1.json"
"/home/thomasverwaal/Robust-Rail-NL/mathematical-models/scenarios_solver_types_120/scenario_solver_33_trains_1_units1.json","Cost of next node: Cost = 255.0 : 331.32 | cr=3, dd=0, da=0, tlv=15, sm=66, rd=78.18, cd=0, um=0","Time elapsed: 152.88 seconds","/home/thomasverwaal/Robust-Rail-NL/mathematical-models/local_search_plans_discreet_120/plan_33_trains_1_units1.json"
"/home/thomasverwaal/Robust-Rail-NL/mathematical-models/scenarios_solver_types_120/scenario_solver_33_trains_1_units1.json","NO_COST_FOUND","NO_TIME_FOUND","NO_PLAN_CREATED"
"/home/thomasverwaal/Robust-Rail-NL/mathematical-models/scenarios_solver_types_120/scenario_solver_33_trains_1_units10.json","Cost of next node: Cost = 2,812.2 : 2,813.55 | cr=41, dd=33, da=31, tlv=0, sm=66, rd=178.18, cd=0, um=0","Time elapsed: 4.36 seconds","/home/thomasverwaal/Robust-Rail-NL/mathematical-models/local_search_plans_discreet_120/plan_33_trains_1_units10.json"
"/home/thomasverwaal/Robust-Rail-NL/mathematical-models/scenarios_solver_types_120/scenario_solver_33_trains_1_units10.json","Cost of next node: Cost = 2,784.9 : 2,786.23 | cr=39, dd=33, da=31, tlv=0, sm=66, rd=176.36, cd=0, um=0","Time elapsed: 4.49 seconds","/home/thomasverwaal/Robust-Rail-NL/mathematical-models/local_search_plans_discreet_120/plan_33_trains_1_units10.json"
"/home/thomasverwaal/Robust-Rail-NL/mathematical-models/scenarios_solver_types_120/scenario_solver_33_trains_1_units10.json","Cost of next node: Cost = 2,764.5 : 2,765.79 | cr=37, dd=33, da=31, tlv=0, sm=66, rd=176.36, cd=0, um=0","Time elapsed: 4.80 seconds","/home/thomasverwaal/Robust-Rail-NL/mathematical-models/local_search_plans_discreet_120/plan_33_trains_1_units10.json"
"/home/thomasverwaal/Robust-Rail-NL/mathematical-models/scenarios_solver_types_120/scenario_solver_33_trains_1_units10.json","Cost of next node: Cost = 2,743.8 : 2,745.08 | cr=35, dd=33, da=31, tlv=0, sm=66, rd=176.36, cd=0, um=0","Time elapsed: 5.14 seconds","/home/thomasverwaal/Robust-Rail-NL/mathematical-models/local_search_plans_discreet_120/plan_33_trains_1_units10.json"
"/home/thomasverwaal/Robust-Rail-NL/mathematical-models/scenarios_solver_types_120/scenario_solver_33_trains_1_units10.json","Cost of next node: Cost = 2,619.5 : 2,625.87 | cr=36, dd=33, da=24, tlv=1, sm=66, rd=173.64, cd=0, um=0","Time elapsed: 5.42 seconds","/home/thomasverwaal/Robust-Rail-NL/mathematical-models/local_search_plans_discreet_120/plan_33_trains_1_units10.json"
"/home/thomasverwaal/Robust-Rail-NL/mathematical-models/scenarios_solver_types_120/scenario_solver_33_trains_1_units10.json","Cost of next node: Cost = 2,553.6 : 2,559.95 | cr=38, dd=33, da=20, tlv=1, sm=66, rd=167.27, cd=0, um=0","Time elapsed: 5.75 seconds","/home/thomasverwaal/Robust-Rail-NL/mathematical-models/local_search_plans_discreet_120/plan_33_trains_1_units10.json"
"/home/thomasverwaal/Robust-Rail-NL/mathematical-models/scenarios_solver_types_120/scenario_solver_33_trains_1_units10.json","Cost of next node: Cost = 2,523.5 : 2,529.78 | cr=35, dd=33, da=20, tlv=1, sm=66, rd=167.27, cd=0, um=0","Time elapsed: 5.84 seconds","/home/thomasverwaal/Robust-Rail-NL/mathematical-models/local_search_plans_discreet_120/plan_33_trains_1_units10.json"
"/home/thomasverwaal/Robust-Rail-NL/mathematical-models/scenarios_solver_types_120/scenario_solver_33_trains_1_units10.json","Cost of next node: Cost = 2,455.2 : 2,466.54 | cr=34, dd=33, da=16, tlv=2, sm=66, rd=164.55, cd=0, um=0","Time elapsed: 6.13 seconds","/home/thomasverwaal/Robust-Rail-NL/mathematical-models/local_search_plans_discreet_120/plan_33_trains_1_units10.json"
"/home/thomasverwaal/Robust-Rail-NL/mathematical-models/scenarios_solver_types_120/scenario_solver_33_trains_1_units10.json","Cost of next node: Cost = 2,418.3 : 2,434.63 | cr=35, dd=33, da=13, tlv=3, sm=66, rd=158.18, cd=0, um=0","Time elapsed: 6.46 seconds","/home/thomasverwaal/Robust-Rail-NL/mathematical-models/local_search_plans_discreet_120/plan_33_trains_1_units10.json"
"/home/thomasverwaal/Robust-Rail-NL/mathematical-models/scenarios_solver_types_120/scenario_solver_33_trains_1_units10.json","Cost of next node: Cost = 2,395.1 : 2,411.44 | cr=34, dd=33, da=13, tlv=3, sm=66, rd=154.55, cd=0, um=0","Time elapsed: 7.07 seconds","/home/thomasverwaal/Robust-Rail-NL/mathematical-models/local_search_plans_discreet_120/plan_33_trains_1_units10.json"
"/home/thomasverwaal/Robust-Rail-NL/mathematical-models/scenarios_solver_types_120/scenario_solver_33_trains_1_units10.json","Cost of next node: Cost = 2,373.7 : 2,390.00 | cr=34, dd=33, da=12, tlv=3, sm=66, rd=150.91, cd=0, um=0","Time elapsed: 7.78 seconds","/home/thomasverwaal/Robust-Rail-NL/mathematical-models/local_search_plans_discreet_120/plan_33_trains_1_units10.json"
"/home/thomasverwaal/Robust-Rail-NL/mathematical-models/scenarios_solver_types_120/scenario_solver_33_trains_1_units10.json","Cost of next node: Cost = 2,352.4 : 2,368.67 | cr=32, dd=33, da=12, tlv=3, sm=66, rd=150.91, cd=0, um=0","Time elapsed: 7.83 seconds","/home/thomasverwaal/Robust-Rail-NL/mathematical-models/local_search_plans_discreet_120/plan_33_trains_1_units10.json"
"/home/thomasverwaal/Robust-Rail-NL/mathematical-models/scenarios_solver_types_120/scenario_solver_33_trains_1_units10.json","Cost of next node: Cost = 2,317.4 : 2,338.67 | cr=27, dd=33, da=12, tlv=4, sm=66, rd=150.91, cd=0, um=0","Time elapsed: 8.30 seconds","/home/thomasverwaal/Robust-Rail-NL/mathematical-models/local_search_plans_discreet_120/plan_33_trains_1_units10.json"
"/home/thomasverwaal/Robust-Rail-NL/mathematical-models/scenarios_solver_types_120/scenario_solver_33_trains_1_units10.json","Cost of next node: Cost = 2,294.1 : 2,320.41 | cr=22, dd=33, da=12, tlv=5, sm=66, rd=155.45, cd=0, um=0","Time elapsed: 8.75 seconds","/home/thomasverwaal/Robust-Rail-NL/mathematical-models/local_search_plans_discreet_120/plan_33_trains_1_units10.json"
"/home/thomasverwaal/Robust-Rail-NL/mathematical-models/scenarios_solver_types_120/scenario_solver_33_trains_1_units10.json","Cost of next node: Cost = 2,269.1 : 2,300.41 | cr=18, dd=33, da=12, tlv=6, sm=66, rd=155.45, cd=0, um=0","Time elapsed: 9.42 seconds","/home/thomasverwaal/Robust-Rail-NL/mathematical-models/local_search_plans_discreet_120/plan_33_trains_1_units10.json"
"/home/thomasverwaal/Robust-Rail-NL/mathematical-models/scenarios_solver_types_120/scenario_solver_33_trains_1_units10.json","Cost of next node: Cost = 2,239.1 : 2,270.41 | cr=15, dd=33, da=12, tlv=6, sm=66, rd=155.45, cd=0, um=0","Time elapsed: 9.49 seconds","/home/thomasverwaal/Robust-Rail-NL/mathematical-models/local_search_plans_discreet_120/plan_33_trains_1_units10.json"
"/home/thomasverwaal/Robust-Rail-NL/mathematical-models/scenarios_solver_types_120/scenario_solver_33_trains_1_units10.json","Cost of next node: Cost = 2,215.4 : 2,246.73 | cr=14, dd=33, da=12, tlv=6, sm=66, rd=150.91, cd=0, um=0","Time elapsed: 9.73 seconds","/home/thomasverwaal/Robust-Rail-NL/mathematical-models/local_search_plans_discreet_120/plan_33_trains_1_units10.json"
"/home/thomasverwaal/Robust-Rail-NL/mathematical-models/scenarios_solver_types_120/scenario_solver_33_trains_1_units10.json","Cost of next node: Cost = 2,183.8 : 2,215.15 | cr=11, dd=33, da=12, tlv=6, sm=66, rd=148.18, cd=0, um=0","Time elapsed: 10.72 seconds","/home/thomasverwaal/Robust-Rail-NL/mathematical-models/local_search_plans_discreet_120/plan_33_trains_1_units10.json"
"/home/thomasverwaal/Robust-Rail-NL/mathematical-models/scenarios_solver_types_120/scenario_solver_33_trains_1_units10.json","Cost of next node: Cost = 2,163.5 : 2,194.84 | cr=10, dd=33, da=12, tlv=6, sm=66, rd=144.55, cd=0, um=0","Time elapsed: 11.59 seconds","/home/thomasverwaal/Robust-Rail-NL/mathematical-models/local_search_plans_discreet_120/plan_33_trains_1_units10.json"
"/home/thomasverwaal/Robust-Rail-NL/mathematical-models/scenarios_solver_types_120/scenario_solver_33_trains_1_units10.json","Cost of next node: Cost = 2,134.2 : 2,165.48 | cr=9, dd=33, da=12, tlv=6, sm=66, rd=133.64, cd=0, um=0","Time elapsed: 11.98 seconds","/home/thomasverwaal/Robust-Rail-NL/mathematical-models/local_search_plans_discreet_120/plan_33_trains_1_units10.json"
"/home/thomasverwaal/Robust-Rail-NL/mathematical-models/scenarios_solver_types_120/scenario_solver_33_trains_1_units10.json","Cost of next node: Cost = 2,015.1 : 2,051.43 | cr=14, dd=30, da=12, tlv=7, sm=66, rd=124.55, cd=0, um=0","Time elapsed: 12.26 seconds","/home/thomasverwaal/Robust-Rail-NL/mathematical-models/local_search_plans_discreet_120/plan_33_trains_1_units10.json"
"/home/thomasverwaal/Robust-Rail-NL/mathematical-models/scenarios_solver_types_120/scenario_solver_33_trains_1_units10.json","Cost of next node: Cost = 1,984.9 : 2,021.18 | cr=16, dd=29, da=12, tlv=7, sm=66, rd=122.73, cd=0, um=0","Time elapsed: 12.40 seconds","/home/thomasverwaal/Robust-Rail-NL/mathematical-models/local_search_plans_discreet_120/plan_33_trains_1_units10.json"
"/home/thomasverwaal/Robust-Rail-NL/mathematical-models/scenarios_solver_types_120/scenario_solver_33_trains_1_units10.json","Cost of next node: Cost = 1,925.0 : 1,961.33 | cr=15, dd=28, da=12, tlv=7, sm=66, rd=122.73, cd=0, um=0","Time elapsed: 12.62 seconds","/home/thomasverwaal/Robust-Rail-NL/mathematical-models/local_search_plans_discreet_120/plan_33_trains_1_units10.json"
"/home/thomasverwaal/Robust-Rail-NL/mathematical-models/scenarios_solver_types_120/scenario_solver_33_trains_1_units10.json","Cost of next node: Cost = 1,874.4 : 1,910.73 | cr=15, dd=27, da=12, tlv=7, sm=66, rd=122.73, cd=0, um=0","Time elapsed: 12.75 seconds","/home/thomasverwaal/Robust-Rail-NL/mathematical-models/local_search_plans_discreet_120/plan_33_trains_1_units10.json"
"/home/thomasverwaal/Robust-Rail-NL/mathematical-models/scenarios_solver_types_120/scenario_solver_33_trains_1_units10.json","Cost of next node: Cost = 1,814.3 : 1,850.65 | cr=14, dd=26, da=12, tlv=7, sm=66, rd=122.73, cd=0, um=0","Time elapsed: 12.87 seconds","/home/thomasverwaal/Robust-Rail-NL/mathematical-models/local_search_plans_discreet_120/plan_33_trains_1_units10.json"
"/home/thomasverwaal/Robust-Rail-NL/mathematical-models/scenarios_solver_types_120/scenario_solver_33_trains_1_units10.json","Cost of next node: Cost = 1,651.1 : 1,692.43 | cr=17, dd=22, da=12, tlv=8, sm=66, rd=116.36, cd=0, um=0","Time elapsed: 12.98 seconds","/home/thomasverwaal/Robust-Rail-NL/mathematical-models/local_search_plans_discreet_120/plan_33_trains_1_units10.json"
"/home/thomasverwaal/Robust-Rail-NL/mathematical-models/scenarios_solver_types_120/scenario_solver_33_trains_1_units10.json","Cost of next node: Cost = 1,571.3 : 1,612.62 | cr=19, dd=20, da=12, tlv=8, sm=66, rd=116.36, cd=0, um=0","Time elapsed: 13.07 seconds","/home/thomasverwaal/Robust-Rail-NL/mathematical-models/local_search_plans_discreet_120/plan_33_trains_1_units10.json"
"/home/thomasverwaal/Robust-Rail-NL/mathematical-models/scenarios_solver_types_120/scenario_solver_33_trains_1_units10.json","Cost of next node: Cost = 1,521.6 : 1,562.96 | cr=19, dd=19, da=12, tlv=8, sm=66, rd=116.36, cd=0, um=0","Time elapsed: 13.18 seconds","/home/thomasverwaal/Robust-Rail-NL/mathematical-models/local_search_plans_discreet_120/plan_33_trains_1_units10.json"
"/home/thomasverwaal/Robust-Rail-NL/mathematical-models/scenarios_solver_types_120/scenario_solver_33_trains_1_units10.json","Cost of next node: Cost = 1,472.2 : 1,513.48 | cr=19, dd=18, da=12, tlv=8, sm=66, rd=116.36, cd=0, um=0","Time elapsed: 13.40 seconds","/home/thomasverwaal/Robust-Rail-NL/mathematical-models/local_search_plans_discreet_120/plan_33_trains_1_units10.json"
"/home/thomasverwaal/Robust-Rail-NL/mathematical-models/scenarios_solver_types_120/scenario_solver_33_trains_1_units10.json","Cost of next node: Cost = 1,422.8 : 1,464.07 | cr=19, dd=17, da=12, tlv=8, sm=66, rd=116.36, cd=0, um=0","Time elapsed: 13.49 seconds","/home/thomasverwaal/Robust-Rail-NL/mathematical-models/local_search_plans_discreet_120/plan_33_trains_1_units10.json"
"/home/thomasverwaal/Robust-Rail-NL/mathematical-models/scenarios_solver_types_120/scenario_solver_33_trains_1_units10.json","Cost of next node: Cost = 1,369.0 : 1,415.29 | cr=19, dd=16, da=11, tlv=9, sm=66, rd=114.55, cd=0, um=0","Time elapsed: 13.62 seconds","/home/thomasverwaal/Robust-Rail-NL/mathematical-models/local_search_plans_discreet_120/plan_33_trains_1_units10.json"
"/home/thomasverwaal/Robust-Rail-NL/mathematical-models/scenarios_solver_types_120/scenario_solver_33_trains_1_units10.json","Cost of next node: Cost = 1,334.7 : 1,386.03 | cr=19, dd=15, da=11, tlv=10, sm=66, rd=110.91, cd=0, um=0","Time elapsed: 14.04 seconds","/home/thomasverwaal/Robust-Rail-NL/mathematical-models/local_search_plans_discreet_120/plan_33_trains_1_units10.json"
"/home/thomasverwaal/Robust-Rail-NL/mathematical-models/scenarios_solver_types_120/scenario_solver_33_trains_1_units10.json","Cost of next node: Cost = 1,267.2 : 1,323.54 | cr=20, dd=14, da=9, tlv=11, sm=66, rd=107.27, cd=0, um=0","Time elapsed: 14.30 seconds","/home/thomasverwaal/Robust-Rail-NL/mathematical-models/local_search_plans_discreet_120/plan_33_trains_1_units10.json"
"/home/thomasverwaal/Robust-Rail-NL/mathematical-models/scenarios_solver_types_120/scenario_solver_33_trains_1_units10.json","Cost of next node: Cost = 1,156.1 : 1,217.44 | cr=20, dd=12, da=8, tlv=12, sm=66, rd=101.82, cd=0, um=0","Time elapsed: 14.60 seconds","/home/thomasverwaal/Robust-Rail-NL/mathematical-models/local_search_plans_discreet_120/plan_33_trains_1_units10.json"
"/home/thomasverwaal/Robust-Rail-NL/mathematical-models/scenarios_solver_types_120/scenario_solver_33_trains_1_units10.json","Cost of next node: Cost = 1,105.5 : 1,166.77 | cr=20, dd=11, da=8, tlv=12, sm=66, rd=101.82, cd=0, um=0","Time elapsed: 14.71 seconds","/home/thomasverwaal/Robust-Rail-NL/mathematical-models/local_search_plans_discreet_120/plan_33_trains_1_units10.json"
"/home/thomasverwaal/Robust-Rail-NL/mathematical-models/scenarios_solver_types_120/scenario_solver_33_trains_1_units10.json","Cost of next node: Cost = 1,057.2 : 1,123.56 | cr=19, dd=10, da=8, tlv=13, sm=66, rd=100.00, cd=0, um=0","Time elapsed: 15.07 seconds","/home/thomasverwaal/Robust-Rail-NL/mathematical-models/local_search_plans_discreet_120/plan_33_trains_1_units10.json"
"/home/thomasverwaal/Robust-Rail-NL/mathematical-models/scenarios_solver_types_120/scenario_solver_33_trains_1_units10.json","Cost of next node: Cost = 995.2 : 1,061.52 | cr=20, dd=9, da=7, tlv=13, sm=66, rd=98.18, cd=0, um=0","Time elapsed: 15.31 seconds","/home/thomasverwaal/Robust-Rail-NL/mathematical-models/local_search_plans_discreet_120/plan_33_trains_1_units10.json"
"/home/thomasverwaal/Robust-Rail-NL/mathematical-models/scenarios_solver_types_120/scenario_solver_33_trains_1_units10.json","Cost of next node: Cost = 859.0 : 930.32 | cr=19, dd=7, da=5, tlv=14, sm=66, rd=94.55, cd=0, um=0","Time elapsed: 15.54 seconds","/home/thomasverwaal/Robust-Rail-NL/mathematical-models/local_search_plans_discreet_120/plan_33_trains_1_units10.json"
"/home/thomasverwaal/Robust-Rail-NL/mathematical-models/scenarios_solver_types_120/scenario_solver_33_trains_1_units10.json","Cost of next node: Cost = 799.4 : 870.75 | cr=18, dd=6, da=5, tlv=14, sm=66, rd=94.55, cd=0, um=0","Time elapsed: 15.66 seconds","/home/thomasverwaal/Robust-Rail-NL/mathematical-models/local_search_plans_discreet_120/plan_33_trains_1_units10.json"
"/home/thomasverwaal/Robust-Rail-NL/mathematical-models/scenarios_solver_types_120/scenario_solver_33_trains_1_units10.json","Cost of next node: Cost = 764.7 : 830.99 | cr=18, dd=6, da=4, tlv=13, sm=66, rd=92.73, cd=0, um=0","Time elapsed: 16.06 seconds","/home/thomasverwaal/Robust-Rail-NL/mathematical-models/local_search_plans_discreet_120/plan_33_trains_1_units10.json"
"/home/thomasverwaal/Robust-Rail-NL/mathematical-models/scenarios_solver_types_120/scenario_solver_33_trains_1_units10.json","Cost of next node: Cost = 688.2 : 759.52 | cr=16, dd=5, da=3, tlv=14, sm=66, rd=89.09, cd=0, um=0","Time elapsed: 16.34 seconds","/home/thomasverwaal/Robust-Rail-NL/mathematical-models/local_search_plans_discreet_120/plan_33_trains_1_units10.json"
"/home/thomasverwaal/Robust-Rail-NL/mathematical-models/scenarios_solver_types_120/scenario_solver_33_trains_1_units10.json","Cost of next node: Cost = 591.9 : 668.22 | cr=19, dd=3, da=1, tlv=15, sm=66, rd=84.55, cd=0, um=0","Time elapsed: 16.78 seconds","/home/thomasverwaal/Robust-Rail-NL/mathematical-models/local_search_plans_discreet_120/plan_33_trains_1_units10.json"
"/home/thomasverwaal/Robust-Rail-NL/mathematical-models/scenarios_solver_types_120/scenario_solver_33_trains_1_units10.json","Cost of next node: Cost = 547.9 : 629.22 | cr=18, dd=2, da=1, tlv=16, sm=66, rd=82.73, cd=0, um=0","Time elapsed: 17.22 seconds","/home/thomasverwaal/Robust-Rail-NL/mathematical-models/local_search_plans_discreet_120/plan_33_trains_1_units10.json"
"/home/thomasverwaal/Robust-Rail-NL/mathematical-models/scenarios_solver_types_120/scenario_solver_33_trains_1_units10.json","Cost of next node: Cost = 522.9 : 599.22 | cr=17, dd=2, da=1, tlv=15, sm=66, rd=84.55, cd=0, um=0","Time elapsed: 17.44 seconds","/home/thomasverwaal/Robust-Rail-NL/mathematical-models/local_search_plans_discreet_120/plan_33_trains_1_units10.json"
"/home/thomasverwaal/Robust-Rail-NL/mathematical-models/scenarios_solver_types_120/scenario_solver_33_trains_1_units10.json","Cost of next node: Cost = 502.4 : 578.74 | cr=19, dd=1, da=1, tlv=16, sm=67, rd=82.39, cd=0, um=0","Time elapsed: 19.60 seconds","/home/thomasverwaal/Robust-Rail-NL/mathematical-models/local_search_plans_discreet_120/plan_33_trains_1_units10.json"
"/home/thomasverwaal/Robust-Rail-NL/mathematical-models/scenarios_solver_types_120/scenario_solver_33_trains_1_units10.json","Cost of next node: Cost = 467.4 : 543.74 | cr=17, dd=1, da=1, tlv=15, sm=67, rd=82.39, cd=0, um=0","Time elapsed: 19.72 seconds","/home/thomasverwaal/Robust-Rail-NL/mathematical-models/local_search_plans_discreet_120/plan_33_trains_1_units10.json"
"/home/thomasverwaal/Robust-Rail-NL/mathematical-models/scenarios_solver_types_120/scenario_solver_33_trains_1_units10.json","Cost of next node: Cost = 437.4 : 513.76 | cr=14, dd=1, da=1, tlv=15, sm=68, rd=82.94, cd=0, um=0","Time elapsed: 22.01 seconds","/home/thomasverwaal/Robust-Rail-NL/mathematical-models/local_search_plans_discreet_120/plan_33_trains_1_units10.json"
"/home/thomasverwaal/Robust-Rail-NL/mathematical-models/scenarios_solver_types_120/scenario_solver_33_trains_1_units10.json","Cost of next node: Cost = 422.4 : 493.76 | cr=14, dd=1, da=1, tlv=14, sm=68, rd=84.71, cd=0, um=0","Time elapsed: 25.96 seconds","/home/thomasverwaal/Robust-Rail-NL/mathematical-models/local_search_plans_discreet_120/plan_33_trains_1_units10.json"
"/home/thomasverwaal/Robust-Rail-NL/mathematical-models/scenarios_solver_types_120/scenario_solver_33_trains_1_units10.json","Cost of next node: Cost = 412.4 : 483.76 | cr=13, dd=1, da=1, tlv=14, sm=68, rd=84.71, cd=0, um=0","Time elapsed: 29.94 seconds","/home/thomasverwaal/Robust-Rail-NL/mathematical-models/local_search_plans_discreet_120/plan_33_trains_1_units10.json"
"/home/thomasverwaal/Robust-Rail-NL/mathematical-models/scenarios_solver_types_120/scenario_solver_33_trains_1_units10.json","Cost of next node: Cost = 392.4 : 463.76 | cr=11, dd=1, da=1, tlv=14, sm=68, rd=84.71, cd=0, um=0","Time elapsed: 33.99 seconds","/home/thomasverwaal/Robust-Rail-NL/mathematical-models/local_search_plans_discreet_120/plan_33_trains_1_units10.json"
"/home/thomasverwaal/Robust-Rail-NL/mathematical-models/scenarios_solver_types_120/scenario_solver_33_trains_1_units10.json","Cost of next node: Cost = 372.4 : 443.76 | cr=9, dd=1, da=1, tlv=14, sm=68, rd=82.94, cd=0, um=0","Time elapsed: 37.89 seconds","/home/thomasverwaal/Robust-Rail-NL/mathematical-models/local_search_plans_discreet_120/plan_33_trains_1_units10.json"
"/home/thomasverwaal/Robust-Rail-NL/mathematical-models/scenarios_solver_types_120/scenario_solver_33_trains_1_units10.json","Cost of next node: Cost = 362.4 : 433.76 | cr=8, dd=1, da=1, tlv=14, sm=68, rd=82.94, cd=0, um=0","Time elapsed: 41.50 seconds","/home/thomasverwaal/Robust-Rail-NL/mathematical-models/local_search_plans_discreet_120/plan_33_trains_1_units10.json"
"/home/thomasverwaal/Robust-Rail-NL/mathematical-models/scenarios_solver_types_120/scenario_solver_33_trains_1_units10.json","Cost of next node: Cost = 325.9 : 402.26 | cr=8, dd=0, da=1, tlv=15, sm=68, rd=81.18, cd=0, um=0","Time elapsed: 41.85 seconds","/home/thomasverwaal/Robust-Rail-NL/mathematical-models/local_search_plans_discreet_120/plan_33_trains_1_units10.json"
"/home/thomasverwaal/Robust-Rail-NL/mathematical-models/scenarios_solver_types_120/scenario_solver_33_trains_1_units10.json","Cost of next node: Cost = 305.0 : 381.38 | cr=8, dd=0, da=0, tlv=15, sm=69, rd=80.00, cd=0, um=0","Time elapsed: 43.73 seconds","/home/thomasverwaal/Robust-Rail-NL/mathematical-models/local_search_plans_discreet_120/plan_33_trains_1_units10.json"
"/home/thomasverwaal/Robust-Rail-NL/mathematical-models/scenarios_solver_types_120/scenario_solver_33_trains_1_units10.json","Cost of next node: Cost = 295.0 : 371.38 | cr=7, dd=0, da=0, tlv=15, sm=69, rd=80.00, cd=0, um=0","Time elapsed: 47.91 seconds","/home/thomasverwaal/Robust-Rail-NL/mathematical-models/local_search_plans_discreet_120/plan_33_trains_1_units10.json"
"/home/thomasverwaal/Robust-Rail-NL/mathematical-models/scenarios_solver_types_120/scenario_solver_33_trains_1_units10.json","Cost of next node: Cost = 285.0 : 361.38 | cr=6, dd=0, da=0, tlv=15, sm=69, rd=80.00, cd=0, um=0","Time elapsed: 52.13 seconds","/home/thomasverwaal/Robust-Rail-NL/mathematical-models/local_search_plans_discreet_120/plan_33_trains_1_units10.json"
"/home/thomasverwaal/Robust-Rail-NL/mathematical-models/scenarios_solver_types_120/scenario_solver_33_trains_1_units10.json","Cost of next node: Cost = 275.0 : 351.38 | cr=5, dd=0, da=0, tlv=15, sm=69, rd=80.00, cd=0, um=0","Time elapsed: 55.94 seconds","/home/thomasverwaal/Robust-Rail-NL/mathematical-models/local_search_plans_discreet_120/plan_33_trains_1_units10.json"
"/home/thomasverwaal/Robust-Rail-NL/mathematical-models/scenarios_solver_types_120/scenario_solver_33_trains_1_units10.json","Cost of next node: Cost = 270.0 : 351.38 | cr=3, dd=0, da=0, tlv=16, sm=69, rd=78.26, cd=0, um=0","Time elapsed: 59.22 seconds","/home/thomasverwaal/Robust-Rail-NL/mathematical-models/local_search_plans_discreet_120/plan_33_trains_1_units10.json"
"/home/thomasverwaal/Robust-Rail-NL/mathematical-models/scenarios_solver_types_120/scenario_solver_33_trains_1_units10.json","Cost of next node: Cost = 255.0 : 331.38 | cr=3, dd=0, da=0, tlv=15, sm=69, rd=78.26, cd=0, um=0","Time elapsed: 62.20 seconds","/home/thomasverwaal/Robust-Rail-NL/mathematical-models/local_search_plans_discreet_120/plan_33_trains_1_units10.json"
"/home/thomasverwaal/Robust-Rail-NL/mathematical-models/scenarios_solver_types_120/scenario_solver_33_trains_1_units10.json","Cost of next node: Cost = 245.0 : 321.38 | cr=2, dd=0, da=0, tlv=15, sm=69, rd=78.26, cd=0, um=0","Time elapsed: 64.89 seconds","/home/thomasverwaal/Robust-Rail-NL/mathematical-models/local_search_plans_discreet_120/plan_33_trains_1_units10.json"
"/home/thomasverwaal/Robust-Rail-NL/mathematical-models/scenarios_solver_types_120/scenario_solver_33_trains_1_units10.json","Cost of next node: Cost = 230.0 : 301.40 | cr=2, dd=0, da=0, tlv=14, sm=70, rd=80.57, cd=0, um=0","Time elapsed: 100.69 seconds","/home/thomasverwaal/Robust-Rail-NL/mathematical-models/local_search_plans_discreet_120/plan_33_trains_1_units10.json"
"/home/thomasverwaal/Robust-Rail-NL/mathematical-models/scenarios_solver_types_120/scenario_solver_33_trains_1_units10.json","Cost of next node: Cost = 220.0 : 291.40 | cr=1, dd=0, da=0, tlv=14, sm=70, rd=82.29, cd=0, um=0","Time elapsed: 212.49 seconds","/home/thomasverwaal/Robust-Rail-NL/mathematical-models/local_search_plans_discreet_120/plan_33_trains_1_units10.json"
"/home/thomasverwaal/Robust-Rail-NL/mathematical-models/scenarios_solver_types_120/scenario_solver_33_trains_1_units10.json","NO_COST_FOUND","NO_TIME_FOUND","NO_PLAN_CREATED"
"/home/thomasverwaal/Robust-Rail-NL/mathematical-models/scenarios_solver_types_120/scenario_solver_33_trains_1_units11.json","Cost of next node: Cost = 2,816.3 : 2,817.67 | cr=41, dd=33, da=31, tlv=0, sm=66, rd=178.18, cd=0, um=0","Time elapsed: 4.42 seconds","/home/thomasverwaal/Robust-Rail-NL/mathematical-models/local_search_plans_discreet_120/plan_33_trains_1_units11.json"
"/home/thomasverwaal/Robust-Rail-NL/mathematical-models/scenarios_solver_types_120/scenario_solver_33_trains_1_units11.json","Cost of next node: Cost = 2,789.0 : 2,790.34 | cr=39, dd=33, da=31, tlv=0, sm=66, rd=176.36, cd=0, um=0","Time elapsed: 4.55 seconds","/home/thomasverwaal/Robust-Rail-NL/mathematical-models/local_search_plans_discreet_120/plan_33_trains_1_units11.json"
"/home/thomasverwaal/Robust-Rail-NL/mathematical-models/scenarios_solver_types_120/scenario_solver_33_trains_1_units11.json","Cost of next node: Cost = 2,768.6 : 2,769.90 | cr=37, dd=33, da=31, tlv=0, sm=66, rd=176.36, cd=0, um=0","Time elapsed: 4.89 seconds","/home/thomasverwaal/Robust-Rail-NL/mathematical-models/local_search_plans_discreet_120/plan_33_trains_1_units11.json"
"/home/thomasverwaal/Robust-Rail-NL/mathematical-models/scenarios_solver_types_120/scenario_solver_33_trains_1_units11.json","Cost of next node: Cost = 2,747.9 : 2,749.20 | cr=35, dd=33, da=31, tlv=0, sm=66, rd=176.36, cd=0, um=0","Time elapsed: 5.21 seconds","/home/thomasverwaal/Robust-Rail-NL/mathematical-models/local_search_plans_discreet_120/plan_33_trains_1_units11.json"
"/home/thomasverwaal/Robust-Rail-NL/mathematical-models/scenarios_solver_types_120/scenario_solver_33_trains_1_units11.json","Cost of next node: Cost = 2,715.2 : 2,716.49 | cr=36, dd=33, da=30, tlv=0, sm=66, rd=171.82, cd=0, um=0","Time elapsed: 5.57 seconds","/home/thomasverwaal/Robust-Rail-NL/mathematical-models/local_search_plans_discreet_120/plan_33_trains_1_units11.json"
"/home/thomasverwaal/Robust-Rail-NL/mathematical-models/scenarios_solver_types_120/scenario_solver_33_trains_1_units11.json","Cost of next node: Cost = 2,642.3 : 2,643.63 | cr=37, dd=33, da=27, tlv=0, sm=66, rd=165.45, cd=0, um=0","Time elapsed: 5.93 seconds","/home/thomasverwaal/Robust-Rail-NL/mathematical-models/local_search_plans_discreet_120/plan_33_trains_1_units11.json"
"/home/thomasverwaal/Robust-Rail-NL/mathematical-models/scenarios_solver_types_120/scenario_solver_33_trains_1_units11.json","Cost of next node: Cost = 2,492.5 : 2,498.79 | cr=34, dd=33, da=20, tlv=1, sm=66, rd=162.73, cd=0, um=0","Time elapsed: 6.22 seconds","/home/thomasverwaal/Robust-Rail-NL/mathematical-models/local_search_plans_discreet_120/plan_33_trains_1_units11.json"
"/home/thomasverwaal/Robust-Rail-NL/mathematical-models/scenarios_solver_types_120/scenario_solver_33_trains_1_units11.json","Cost of next node: Cost = 2,472.3 : 2,478.61 | cr=32, dd=33, da=20, tlv=1, sm=66, rd=162.73, cd=0, um=0","Time elapsed: 6.28 seconds","/home/thomasverwaal/Robust-Rail-NL/mathematical-models/local_search_plans_discreet_120/plan_33_trains_1_units11.json"
"/home/thomasverwaal/Robust-Rail-NL/mathematical-models/scenarios_solver_types_120/scenario_solver_33_trains_1_units11.json","Cost of next node: Cost = 2,446.2 : 2,457.56 | cr=31, dd=33, da=18, tlv=2, sm=66, rd=166.36, cd=0, um=0","Time elapsed: 6.59 seconds","/home/thomasverwaal/Robust-Rail-NL/mathematical-models/local_search_plans_discreet_120/plan_33_trains_1_units11.json"
"/home/thomasverwaal/Robust-Rail-NL/mathematical-models/scenarios_solver_types_120/scenario_solver_33_trains_1_units11.json","Cost of next node: Cost = 2,420.3 : 2,436.60 | cr=31, dd=33, da=16, tlv=3, sm=66, rd=164.55, cd=0, um=0","Time elapsed: 6.86 seconds","/home/thomasverwaal/Robust-Rail-NL/mathematical-models/local_search_plans_discreet_120/plan_33_trains_1_units11.json"
"/home/thomasverwaal/Robust-Rail-NL/mathematical-models/scenarios_solver_types_120/scenario_solver_33_trains_1_units11.json","Cost of next node: Cost = 2,393.2 : 2,414.55 | cr=33, dd=33, da=13, tlv=4, sm=66, rd=159.09, cd=0, um=0","Time elapsed: 7.08 seconds","/home/thomasverwaal/Robust-Rail-NL/mathematical-models/local_search_plans_discreet_120/plan_33_trains_1_units11.json"
"/home/thomasverwaal/Robust-Rail-NL/mathematical-models/scenarios_solver_types_120/scenario_solver_33_trains_1_units11.json","Cost of next node: Cost = 2,348.2 : 2,374.55 | cr=27, dd=33, da=13, tlv=5, sm=66, rd=159.09, cd=0, um=0","Time elapsed: 7.99 seconds","/home/thomasverwaal/Robust-Rail-NL/mathematical-models/local_search_plans_discreet_120/plan_33_trains_1_units11.json"
"/home/thomasverwaal/Robust-Rail-NL/mathematical-models/scenarios_solver_types_120/scenario_solver_33_trains_1_units11.json","Cost of next node: Cost = 2,299.3 : 2,330.57 | cr=23, dd=33, da=13, tlv=6, sm=66, rd=149.09, cd=0, um=0","Time elapsed: 9.25 seconds","/home/thomasverwaal/Robust-Rail-NL/mathematical-models/local_search_plans_discreet_120/plan_33_trains_1_units11.json"
"/home/thomasverwaal/Robust-Rail-NL/mathematical-models/scenarios_solver_types_120/scenario_solver_33_trains_1_units11.json","Cost of next node: Cost = 2,268.3 : 2,299.63 | cr=19, dd=33, da=13, tlv=6, sm=66, rd=161.82, cd=0, um=0","Time elapsed: 10.53 seconds","/home/thomasverwaal/Robust-Rail-NL/mathematical-models/local_search_plans_discreet_120/plan_33_trains_1_units11.json"
"/home/thomasverwaal/Robust-Rail-NL/mathematical-models/scenarios_solver_types_120/scenario_solver_33_trains_1_units11.json","Cost of next node: Cost = 2,247.7 : 2,284.03 | cr=19, dd=33, da=12, tlv=7, sm=66, rd=160.91, cd=0, um=0","Time elapsed: 10.79 seconds","/home/thomasverwaal/Robust-Rail-NL/mathematical-models/local_search_plans_discreet_120/plan_33_trains_1_units11.json"
"/home/thomasverwaal/Robust-Rail-NL/mathematical-models/scenarios_solver_types_120/scenario_solver_33_trains_1_units11.json","Cost of next node: Cost = 2,208.8 : 2,250.15 | cr=18, dd=33, da=10, tlv=8, sm=66, rd=161.82, cd=0, um=0","Time elapsed: 11.17 seconds","/home/thomasverwaal/Robust-Rail-NL/mathematical-models/local_search_plans_discreet_120/plan_33_trains_1_units11.json"
"/home/thomasverwaal/Robust-Rail-NL/mathematical-models/scenarios_solver_types_120/scenario_solver_33_trains_1_units11.json","Cost of next node: Cost = 2,146.0 : 2,192.32 | cr=18, dd=33, da=6, tlv=9, sm=66, rd=160.91, cd=0, um=0","Time elapsed: 11.48 seconds","/home/thomasverwaal/Robust-Rail-NL/mathematical-models/local_search_plans_discreet_120/plan_33_trains_1_units11.json"
"/home/thomasverwaal/Robust-Rail-NL/mathematical-models/scenarios_solver_types_120/scenario_solver_33_trains_1_units11.json","Cost of next node: Cost = 2,058.2 : 2,104.49 | cr=23, dd=31, da=6, tlv=9, sm=66, rd=129.09, cd=0, um=0","Time elapsed: 11.58 seconds","/home/thomasverwaal/Robust-Rail-NL/mathematical-models/local_search_plans_discreet_120/plan_33_trains_1_units11.json"
"/home/thomasverwaal/Robust-Rail-NL/mathematical-models/scenarios_solver_types_120/scenario_solver_33_trains_1_units11.json","Cost of next node: Cost = 1,935.7 : 1,982.01 | cr=21, dd=29, da=6, tlv=9, sm=66, rd=122.73, cd=0, um=0","Time elapsed: 11.79 seconds","/home/thomasverwaal/Robust-Rail-NL/mathematical-models/local_search_plans_discreet_120/plan_33_trains_1_units11.json"
"/home/thomasverwaal/Robust-Rail-NL/mathematical-models/scenarios_solver_types_120/scenario_solver_33_trains_1_units11.json","Cost of next node: Cost = 1,884.5 : 1,930.79 | cr=21, dd=28, da=6, tlv=9, sm=66, rd=122.73, cd=0, um=0","Time elapsed: 11.92 seconds","/home/thomasverwaal/Robust-Rail-NL/mathematical-models/local_search_plans_discreet_120/plan_33_trains_1_units11.json"
"/home/thomasverwaal/Robust-Rail-NL/mathematical-models/scenarios_solver_types_120/scenario_solver_33_trains_1_units11.json","Cost of next node: Cost = 1,794.2 : 1,840.54 | cr=22, dd=26, da=6, tlv=9, sm=66, rd=122.73, cd=0, um=0","Time elapsed: 12.04 seconds","/home/thomasverwaal/Robust-Rail-NL/mathematical-models/local_search_plans_discreet_120/plan_33_trains_1_units11.json"
"/home/thomasverwaal/Robust-Rail-NL/mathematical-models/scenarios_solver_types_120/scenario_solver_33_trains_1_units11.json","Cost of next node: Cost = 1,704.4 : 1,750.73 | cr=23, dd=24, da=6, tlv=9, sm=66, rd=122.73, cd=0, um=0","Time elapsed: 12.14 seconds","/home/thomasverwaal/Robust-Rail-NL/mathematical-models/local_search_plans_discreet_120/plan_33_trains_1_units11.json"
"/home/thomasverwaal/Robust-Rail-NL/mathematical-models/scenarios_solver_types_120/scenario_solver_33_trains_1_units11.json","Cost of next node: Cost = 1,654.0 : 1,700.33 | cr=23, dd=23, da=6, tlv=9, sm=66, rd=122.73, cd=0, um=0","Time elapsed: 12.42 seconds","/home/thomasverwaal/Robust-Rail-NL/mathematical-models/local_search_plans_discreet_120/plan_33_trains_1_units11.json"
"/home/thomasverwaal/Robust-Rail-NL/mathematical-models/scenarios_solver_types_120/scenario_solver_33_trains_1_units11.json","Cost of next node: Cost = 1,603.7 : 1,650.03 | cr=23, dd=22, da=6, tlv=9, sm=66, rd=122.73, cd=0, um=0","Time elapsed: 12.55 seconds","/home/thomasverwaal/Robust-Rail-NL/mathematical-models/local_search_plans_discreet_120/plan_33_trains_1_units11.json"
"/home/thomasverwaal/Robust-Rail-NL/mathematical-models/scenarios_solver_types_120/scenario_solver_33_trains_1_units11.json","Cost of next node: Cost = 1,573.7 : 1,620.03 | cr=20, dd=22, da=6, tlv=9, sm=66, rd=122.73, cd=0, um=0","Time elapsed: 12.79 seconds","/home/thomasverwaal/Robust-Rail-NL/mathematical-models/local_search_plans_discreet_120/plan_33_trains_1_units11.json"
"/home/thomasverwaal/Robust-Rail-NL/mathematical-models/scenarios_solver_types_120/scenario_solver_33_trains_1_units11.json","Cost of next node: Cost = 1,511.9 : 1,558.21 | cr=19, dd=21, da=6, tlv=9, sm=66, rd=121.82, cd=0, um=0","Time elapsed: 12.92 seconds","/home/thomasverwaal/Robust-Rail-NL/mathematical-models/local_search_plans_discreet_120/plan_33_trains_1_units11.json"
"/home/thomasverwaal/Robust-Rail-NL/mathematical-models/scenarios_solver_types_120/scenario_solver_33_trains_1_units11.json","Cost of next node: Cost = 1,462.3 : 1,508.64 | cr=19, dd=20, da=6, tlv=9, sm=66, rd=121.82, cd=0, um=0","Time elapsed: 13.01 seconds","/home/thomasverwaal/Robust-Rail-NL/mathematical-models/local_search_plans_discreet_120/plan_33_trains_1_units11.json"
"/home/thomasverwaal/Robust-Rail-NL/mathematical-models/scenarios_solver_types_120/scenario_solver_33_trains_1_units11.json","Cost of next node: Cost = 1,412.9 : 1,459.26 | cr=19, dd=19, da=6, tlv=9, sm=66, rd=121.82, cd=0, um=0","Time elapsed: 13.12 seconds","/home/thomasverwaal/Robust-Rail-NL/mathematical-models/local_search_plans_discreet_120/plan_33_trains_1_units11.json"
"/home/thomasverwaal/Robust-Rail-NL/mathematical-models/scenarios_solver_types_120/scenario_solver_33_trains_1_units11.json","Cost of next node: Cost = 1,377.4 : 1,423.73 | cr=19, dd=19, da=4, tlv=9, sm=66, rd=122.73, cd=0, um=0","Time elapsed: 13.27 seconds","/home/thomasverwaal/Robust-Rail-NL/mathematical-models/local_search_plans_discreet_120/plan_33_trains_1_units11.json"
"/home/thomasverwaal/Robust-Rail-NL/mathematical-models/scenarios_solver_types_120/scenario_solver_33_trains_1_units11.json","Cost of next node: Cost = 1,229.2 : 1,280.49 | cr=18, dd=16, da=4, tlv=10, sm=66, rd=120.00, cd=0, um=0","Time elapsed: 13.48 seconds","/home/thomasverwaal/Robust-Rail-NL/mathematical-models/local_search_plans_discreet_120/plan_33_trains_1_units11.json"
"/home/thomasverwaal/Robust-Rail-NL/mathematical-models/scenarios_solver_types_120/scenario_solver_33_trains_1_units11.json","Cost of next node: Cost = 1,131.1 : 1,187.40 | cr=17, dd=14, da=4, tlv=11, sm=66, rd=118.18, cd=0, um=0","Time elapsed: 13.62 seconds","/home/thomasverwaal/Robust-Rail-NL/mathematical-models/local_search_plans_discreet_120/plan_33_trains_1_units11.json"
"/home/thomasverwaal/Robust-Rail-NL/mathematical-models/scenarios_solver_types_120/scenario_solver_33_trains_1_units11.json","Cost of next node: Cost = 1,106.6 : 1,167.92 | cr=15, dd=14, da=3, tlv=12, sm=66, rd=116.36, cd=0, um=0","Time elapsed: 13.93 seconds","/home/thomasverwaal/Robust-Rail-NL/mathematical-models/local_search_plans_discreet_120/plan_33_trains_1_units11.json"
"/home/thomasverwaal/Robust-Rail-NL/mathematical-models/scenarios_solver_types_120/scenario_solver_33_trains_1_units11.json","Cost of next node: Cost = 1,081.6 : 1,147.92 | cr=11, dd=14, da=3, tlv=13, sm=66, rd=114.55, cd=0, um=0","Time elapsed: 14.14 seconds","/home/thomasverwaal/Robust-Rail-NL/mathematical-models/local_search_plans_discreet_120/plan_33_trains_1_units11.json"
"/home/thomasverwaal/Robust-Rail-NL/mathematical-models/scenarios_solver_types_120/scenario_solver_33_trains_1_units11.json","Cost of next node: Cost = 1,055.7 : 1,127.01 | cr=12, dd=13, da=3, tlv=14, sm=66, rd=112.73, cd=0, um=0","Time elapsed: 14.38 seconds","/home/thomasverwaal/Robust-Rail-NL/mathematical-models/local_search_plans_discreet_120/plan_33_trains_1_units11.json"
"/home/thomasverwaal/Robust-Rail-NL/mathematical-models/scenarios_solver_types_120/scenario_solver_33_trains_1_units11.json","Cost of next node: Cost = 1,000.3 : 1,076.64 | cr=10, dd=12, da=3, tlv=15, sm=66, rd=110.91, cd=0, um=0","Time elapsed: 14.65 seconds","/home/thomasverwaal/Robust-Rail-NL/mathematical-models/local_search_plans_discreet_120/plan_33_trains_1_units11.json"
"/home/thomasverwaal/Robust-Rail-NL/mathematical-models/scenarios_solver_types_120/scenario_solver_33_trains_1_units11.json","Cost of next node: Cost = 967.1 : 1,048.42 | cr=12, dd=11, da=2, tlv=16, sm=66, rd=107.27, cd=0, um=0","Time elapsed: 15.02 seconds","/home/thomasverwaal/Robust-Rail-NL/mathematical-models/local_search_plans_discreet_120/plan_33_trains_1_units11.json"
"/home/thomasverwaal/Robust-Rail-NL/mathematical-models/scenarios_solver_types_120/scenario_solver_33_trains_1_units11.json","Cost of next node: Cost = 942.8 : 1,029.10 | cr=13, dd=10, da=2, tlv=17, sm=66, rd=103.64, cd=0, um=0","Time elapsed: 15.31 seconds","/home/thomasverwaal/Robust-Rail-NL/mathematical-models/local_search_plans_discreet_120/plan_33_trains_1_units11.json"
"/home/thomasverwaal/Robust-Rail-NL/mathematical-models/scenarios_solver_types_120/scenario_solver_33_trains_1_units11.json","Cost of next node: Cost = 917.8 : 999.10 | cr=12, dd=10, da=2, tlv=16, sm=66, rd=103.64, cd=0, um=0","Time elapsed: 15.43 seconds","/home/thomasverwaal/Robust-Rail-NL/mathematical-models/local_search_plans_discreet_120/plan_33_trains_1_units11.json"
"/home/thomasverwaal/Robust-Rail-NL/mathematical-models/scenarios_solver_types_120/scenario_solver_33_trains_1_units11.json","Cost of next node: Cost = 892.8 : 969.10 | cr=11, dd=10, da=2, tlv=15, sm=66, rd=103.64, cd=0, um=0","Time elapsed: 15.60 seconds","/home/thomasverwaal/Robust-Rail-NL/mathematical-models/local_search_plans_discreet_120/plan_33_trains_1_units11.json"
"/home/thomasverwaal/Robust-Rail-NL/mathematical-models/scenarios_solver_types_120/scenario_solver_33_trains_1_units11.json","Cost of next node: Cost = 825.3 : 906.62 | cr=10, dd=9, da=1, tlv=16, sm=66, rd=100.91, cd=0, um=0","Time elapsed: 15.90 seconds","/home/thomasverwaal/Robust-Rail-NL/mathematical-models/local_search_plans_discreet_120/plan_33_trains_1_units11.json"
"/home/thomasverwaal/Robust-Rail-NL/mathematical-models/scenarios_solver_types_120/scenario_solver_33_trains_1_units11.json","Cost of next node: Cost = 693.1 : 774.39 | cr=12, dd=6, da=1, tlv=16, sm=66, rd=96.36, cd=0, um=0","Time elapsed: 16.19 seconds","/home/thomasverwaal/Robust-Rail-NL/mathematical-models/local_search_plans_discreet_120/plan_33_trains_1_units11.json"
"/home/thomasverwaal/Robust-Rail-NL/mathematical-models/scenarios_solver_types_120/scenario_solver_33_trains_1_units11.json","Cost of next node: Cost = 632.0 : 718.32 | cr=12, dd=5, da=0, tlv=17, sm=66, rd=90.00, cd=0, um=0","Time elapsed: 16.61 seconds","/home/thomasverwaal/Robust-Rail-NL/mathematical-models/local_search_plans_discreet_120/plan_33_trains_1_units11.json"
"/home/thomasverwaal/Robust-Rail-NL/mathematical-models/scenarios_solver_types_120/scenario_solver_33_trains_1_units11.json","Cost of next node: Cost = 582.5 : 668.82 | cr=17, dd=3, da=0, tlv=17, sm=66, rd=90.00, cd=0, um=0","Time elapsed: 16.73 seconds","/home/thomasverwaal/Robust-Rail-NL/mathematical-models/local_search_plans_discreet_120/plan_33_trains_1_units11.json"
"/home/thomasverwaal/Robust-Rail-NL/mathematical-models/scenarios_solver_types_120/scenario_solver_33_trains_1_units11.json","Cost of next node: Cost = 435.0 : 521.32 | cr=18, dd=0, da=0, tlv=17, sm=66, rd=85.45, cd=0, um=0","Time elapsed: 16.91 seconds","/home/thomasverwaal/Robust-Rail-NL/mathematical-models/local_search_plans_discreet_120/plan_33_trains_1_units11.json"
"/home/thomasverwaal/Robust-Rail-NL/mathematical-models/scenarios_solver_types_120/scenario_solver_33_trains_1_units11.json","Cost of next node: Cost = 405.0 : 491.32 | cr=15, dd=0, da=0, tlv=17, sm=66, rd=85.45, cd=0, um=0","Time elapsed: 17.41 seconds","/home/thomasverwaal/Robust-Rail-NL/mathematical-models/local_search_plans_discreet_120/plan_33_trains_1_units11.json"
"/home/thomasverwaal/Robust-Rail-NL/mathematical-models/scenarios_solver_types_120/scenario_solver_33_trains_1_units11.json","Cost of next node: Cost = 390.0 : 471.32 | cr=15, dd=0, da=0, tlv=16, sm=66, rd=85.45, cd=0, um=0","Time elapsed: 20.65 seconds","/home/thomasverwaal/Robust-Rail-NL/mathematical-models/local_search_plans_discreet_120/plan_33_trains_1_units11.json"
"/home/thomasverwaal/Robust-Rail-NL/mathematical-models/scenarios_solver_types_120/scenario_solver_33_trains_1_units11.json","Cost of next node: Cost = 380.0 : 461.32 | cr=14, dd=0, da=0, tlv=16, sm=66, rd=85.45, cd=0, um=0","Time elapsed: 23.46 seconds","/home/thomasverwaal/Robust-Rail-NL/mathematical-models/local_search_plans_discreet_120/plan_33_trains_1_units11.json"
"/home/thomasverwaal/Robust-Rail-NL/mathematical-models/scenarios_solver_types_120/scenario_solver_33_trains_1_units11.json","Cost of next node: Cost = 370.0 : 451.32 | cr=13, dd=0, da=0, tlv=16, sm=66, rd=85.45, cd=0, um=0","Time elapsed: 26.20 seconds","/home/thomasverwaal/Robust-Rail-NL/mathematical-models/local_search_plans_discreet_120/plan_33_trains_1_units11.json"
"/home/thomasverwaal/Robust-Rail-NL/mathematical-models/scenarios_solver_types_120/scenario_solver_33_trains_1_units11.json","Cost of next node: Cost = 360.0 : 441.32 | cr=12, dd=0, da=0, tlv=16, sm=66, rd=83.64, cd=0, um=0","Time elapsed: 28.68 seconds","/home/thomasverwaal/Robust-Rail-NL/mathematical-models/local_search_plans_discreet_120/plan_33_trains_1_units11.json"
"/home/thomasverwaal/Robust-Rail-NL/mathematical-models/scenarios_solver_types_120/scenario_solver_33_trains_1_units11.json","Cost of next node: Cost = 355.0 : 431.32 | cr=13, dd=0, da=0, tlv=15, sm=66, rd=85.45, cd=0, um=0","Time elapsed: 31.67 seconds","/home/thomasverwaal/Robust-Rail-NL/mathematical-models/local_search_plans_discreet_120/plan_33_trains_1_units11.json"
"/home/thomasverwaal/Robust-Rail-NL/mathematical-models/scenarios_solver_types_120/scenario_solver_33_trains_1_units11.json","Cost of next node: Cost = 335.0 : 411.32 | cr=11, dd=0, da=0, tlv=15, sm=66, rd=81.82, cd=0, um=0","Time elapsed: 34.66 seconds","/home/thomasverwaal/Robust-Rail-NL/mathematical-models/local_search_plans_discreet_120/plan_33_trains_1_units11.json"
"/home/thomasverwaal/Robust-Rail-NL/mathematical-models/scenarios_solver_types_120/scenario_solver_33_trains_1_units11.json","Cost of next node: Cost = 325.0 : 401.32 | cr=10, dd=0, da=0, tlv=15, sm=66, rd=81.82, cd=0, um=0","Time elapsed: 37.44 seconds","/home/thomasverwaal/Robust-Rail-NL/mathematical-models/local_search_plans_discreet_120/plan_33_trains_1_units11.json"
"/home/thomasverwaal/Robust-Rail-NL/mathematical-models/scenarios_solver_types_120/scenario_solver_33_trains_1_units11.json","Cost of next node: Cost = 305.0 : 381.32 | cr=8, dd=0, da=0, tlv=15, sm=66, rd=81.82, cd=0, um=0","Time elapsed: 40.38 seconds","/home/thomasverwaal/Robust-Rail-NL/mathematical-models/local_search_plans_discreet_120/plan_33_trains_1_units11.json"
"/home/thomasverwaal/Robust-Rail-NL/mathematical-models/scenarios_solver_types_120/scenario_solver_33_trains_1_units11.json","Cost of next node: Cost = 295.0 : 371.34 | cr=7, dd=0, da=0, tlv=15, sm=67, rd=82.39, cd=0, um=0","Time elapsed: 42.82 seconds","/home/thomasverwaal/Robust-Rail-NL/mathematical-models/local_search_plans_discreet_120/plan_33_trains_1_units11.json"
"/home/thomasverwaal/Robust-Rail-NL/mathematical-models/scenarios_solver_types_120/scenario_solver_33_trains_1_units11.json","Cost of next node: Cost = 275.0 : 351.34 | cr=5, dd=0, da=0, tlv=15, sm=67, rd=82.39, cd=0, um=0","Time elapsed: 50.80 seconds","/home/thomasverwaal/Robust-Rail-NL/mathematical-models/local_search_plans_discreet_120/plan_33_trains_1_units11.json"
"/home/thomasverwaal/Robust-Rail-NL/mathematical-models/scenarios_solver_types_120/scenario_solver_33_trains_1_units11.json","Cost of next node: Cost = 265.0 : 341.34 | cr=4, dd=0, da=0, tlv=15, sm=67, rd=82.39, cd=0, um=0","Time elapsed: 53.02 seconds","/home/thomasverwaal/Robust-Rail-NL/mathematical-models/local_search_plans_discreet_120/plan_33_trains_1_units11.json"
"/home/thomasverwaal/Robust-Rail-NL/mathematical-models/scenarios_solver_types_120/scenario_solver_33_trains_1_units11.json","Cost of next node: Cost = 255.0 : 331.34 | cr=3, dd=0, da=0, tlv=15, sm=67, rd=84.18, cd=0, um=0","Time elapsed: 55.51 seconds","/home/thomasverwaal/Robust-Rail-NL/mathematical-models/local_search_plans_discreet_120/plan_33_trains_1_units11.json"
"/home/thomasverwaal/Robust-Rail-NL/mathematical-models/scenarios_solver_types_120/scenario_solver_33_trains_1_units11.json","Cost of next node: Cost = 245.0 : 321.36 | cr=2, dd=0, da=0, tlv=15, sm=68, rd=84.71, cd=0, um=0","Time elapsed: 137.72 seconds","/home/thomasverwaal/Robust-Rail-NL/mathematical-models/local_search_plans_discreet_120/plan_33_trains_1_units11.json"
"/home/thomasverwaal/Robust-Rail-NL/mathematical-models/scenarios_solver_types_120/scenario_solver_33_trains_1_units11.json","Cost of next node: Cost = 235.0 : 311.36 | cr=1, dd=0, da=0, tlv=15, sm=68, rd=82.94, cd=0, um=0","Time elapsed: 184.36 seconds","/home/thomasverwaal/Robust-Rail-NL/mathematical-models/local_search_plans_discreet_120/plan_33_trains_1_units11.json"
"/home/thomasverwaal/Robust-Rail-NL/mathematical-models/scenarios_solver_types_120/scenario_solver_33_trains_1_units11.json","Cost of next node: Cost = 220.0 : 291.36 | cr=1, dd=0, da=0, tlv=14, sm=68, rd=86.47, cd=0, um=0","Time elapsed: 204.21 seconds","/home/thomasverwaal/Robust-Rail-NL/mathematical-models/local_search_plans_discreet_120/plan_33_trains_1_units11.json"
"/home/thomasverwaal/Robust-Rail-NL/mathematical-models/scenarios_solver_types_120/scenario_solver_33_trains_1_units11.json","Cost of next node: Cost = 210.0 : 281.36 | cr=0, dd=0, da=0, tlv=14, sm=68, rd=84.71, cd=0, um=0","Time elapsed: 272.58 seconds","/home/thomasverwaal/Robust-Rail-NL/mathematical-models/local_search_plans_discreet_120/plan_33_trains_1_units11.json"
"/home/thomasverwaal/Robust-Rail-NL/mathematical-models/scenarios_solver_types_120/scenario_solver_33_trains_1_units11.json","NO_COST_FOUND","NO_TIME_FOUND","NO_PLAN_CREATED"
"/home/thomasverwaal/Robust-Rail-NL/mathematical-models/scenarios_solver_types_120/scenario_solver_33_trains_1_units12.json","Cost of next node: Cost = 2,815.7 : 2,817.06 | cr=41, dd=33, da=31, tlv=0, sm=66, rd=178.18, cd=0, um=0","Time elapsed: 4.38 seconds","/home/thomasverwaal/Robust-Rail-NL/mathematical-models/local_search_plans_discreet_120/plan_33_trains_1_units12.json"
"/home/thomasverwaal/Robust-Rail-NL/mathematical-models/scenarios_solver_types_120/scenario_solver_33_trains_1_units12.json","Cost of next node: Cost = 2,788.4 : 2,789.74 | cr=39, dd=33, da=31, tlv=0, sm=66, rd=176.36, cd=0, um=0","Time elapsed: 4.51 seconds","/home/thomasverwaal/Robust-Rail-NL/mathematical-models/local_search_plans_discreet_120/plan_33_trains_1_units12.json"
"/home/thomasverwaal/Robust-Rail-NL/mathematical-models/scenarios_solver_types_120/scenario_solver_33_trains_1_units12.json","Cost of next node: Cost = 2,768.0 : 2,769.29 | cr=37, dd=33, da=31, tlv=0, sm=66, rd=176.36, cd=0, um=0","Time elapsed: 4.81 seconds","/home/thomasverwaal/Robust-Rail-NL/mathematical-models/local_search_plans_discreet_120/plan_33_trains_1_units12.json"
"/home/thomasverwaal/Robust-Rail-NL/mathematical-models/scenarios_solver_types_120/scenario_solver_33_trains_1_units12.json","Cost of next node: Cost = 2,747.3 : 2,748.59 | cr=35, dd=33, da=31, tlv=0, sm=66, rd=176.36, cd=0, um=0","Time elapsed: 5.12 seconds","/home/thomasverwaal/Robust-Rail-NL/mathematical-models/local_search_plans_discreet_120/plan_33_trains_1_units12.json"
"/home/thomasverwaal/Robust-Rail-NL/mathematical-models/scenarios_solver_types_120/scenario_solver_33_trains_1_units12.json","Cost of next node: Cost = 2,714.6 : 2,715.90 | cr=36, dd=33, da=30, tlv=0, sm=66, rd=171.82, cd=0, um=0","Time elapsed: 5.45 seconds","/home/thomasverwaal/Robust-Rail-NL/mathematical-models/local_search_plans_discreet_120/plan_33_trains_1_units12.json"
"/home/thomasverwaal/Robust-Rail-NL/mathematical-models/scenarios_solver_types_120/scenario_solver_33_trains_1_units12.json","Cost of next node: Cost = 2,680.9 : 2,682.21 | cr=37, dd=33, da=29, tlv=0, sm=66, rd=165.45, cd=0, um=0","Time elapsed: 5.81 seconds","/home/thomasverwaal/Robust-Rail-NL/mathematical-models/local_search_plans_discreet_120/plan_33_trains_1_units12.json"
"/home/thomasverwaal/Robust-Rail-NL/mathematical-models/scenarios_solver_types_120/scenario_solver_33_trains_1_units12.json","Cost of next node: Cost = 2,581.3 : 2,587.61 | cr=34, dd=33, da=25, tlv=1, sm=66, rd=162.73, cd=0, um=0","Time elapsed: 6.12 seconds","/home/thomasverwaal/Robust-Rail-NL/mathematical-models/local_search_plans_discreet_120/plan_33_trains_1_units12.json"
"/home/thomasverwaal/Robust-Rail-NL/mathematical-models/scenarios_solver_types_120/scenario_solver_33_trains_1_units12.json","Cost of next node: Cost = 2,561.1 : 2,567.44 | cr=32, dd=33, da=25, tlv=1, sm=66, rd=162.73, cd=0, um=0","Time elapsed: 6.19 seconds","/home/thomasverwaal/Robust-Rail-NL/mathematical-models/local_search_plans_discreet_120/plan_33_trains_1_units12.json"
"/home/thomasverwaal/Robust-Rail-NL/mathematical-models/scenarios_solver_types_120/scenario_solver_33_trains_1_units12.json","Cost of next node: Cost = 2,456.0 : 2,467.32 | cr=31, dd=33, da=19, tlv=2, sm=66, rd=166.36, cd=0, um=0","Time elapsed: 6.51 seconds","/home/thomasverwaal/Robust-Rail-NL/mathematical-models/local_search_plans_discreet_120/plan_33_trains_1_units12.json"
"/home/thomasverwaal/Robust-Rail-NL/mathematical-models/scenarios_solver_types_120/scenario_solver_33_trains_1_units12.json","Cost of next node: Cost = 2,429.6 : 2,445.91 | cr=31, dd=33, da=17, tlv=3, sm=66, rd=164.55, cd=0, um=0","Time elapsed: 6.78 seconds","/home/thomasverwaal/Robust-Rail-NL/mathematical-models/local_search_plans_discreet_120/plan_33_trains_1_units12.json"
"/home/thomasverwaal/Robust-Rail-NL/mathematical-models/scenarios_solver_types_120/scenario_solver_33_trains_1_units12.json","Cost of next node: Cost = 2,401.6 : 2,422.90 | cr=33, dd=33, da=14, tlv=4, sm=66, rd=159.09, cd=0, um=0","Time elapsed: 7.00 seconds","/home/thomasverwaal/Robust-Rail-NL/mathematical-models/local_search_plans_discreet_120/plan_33_trains_1_units12.json"
"/home/thomasverwaal/Robust-Rail-NL/mathematical-models/scenarios_solver_types_120/scenario_solver_33_trains_1_units12.json","Cost of next node: Cost = 2,371.1 : 2,397.41 | cr=33, dd=33, da=13, tlv=5, sm=66, rd=151.82, cd=0, um=0","Time elapsed: 7.54 seconds","/home/thomasverwaal/Robust-Rail-NL/mathematical-models/local_search_plans_discreet_120/plan_33_trains_1_units12.json"
"/home/thomasverwaal/Robust-Rail-NL/mathematical-models/scenarios_solver_types_120/scenario_solver_33_trains_1_units12.json","Cost of next node: Cost = 2,343.1 : 2,374.39 | cr=31, dd=33, da=12, tlv=6, sm=66, rd=148.18, cd=0, um=0","Time elapsed: 8.36 seconds","/home/thomasverwaal/Robust-Rail-NL/mathematical-models/local_search_plans_discreet_120/plan_33_trains_1_units12.json"
"/home/thomasverwaal/Robust-Rail-NL/mathematical-models/scenarios_solver_types_120/scenario_solver_33_trains_1_units12.json","Cost of next node: Cost = 2,298.1 : 2,334.39 | cr=31, dd=33, da=9, tlv=7, sm=66, rd=144.55, cd=0, um=0","Time elapsed: 8.89 seconds","/home/thomasverwaal/Robust-Rail-NL/mathematical-models/local_search_plans_discreet_120/plan_33_trains_1_units12.json"
"/home/thomasverwaal/Robust-Rail-NL/mathematical-models/scenarios_solver_types_120/scenario_solver_33_trains_1_units12.json","Cost of next node: Cost = 2,268.1 : 2,304.39 | cr=28, dd=33, da=9, tlv=7, sm=66, rd=144.55, cd=0, um=0","Time elapsed: 9.01 seconds","/home/thomasverwaal/Robust-Rail-NL/mathematical-models/local_search_plans_discreet_120/plan_33_trains_1_units12.json"
"/home/thomasverwaal/Robust-Rail-NL/mathematical-models/scenarios_solver_types_120/scenario_solver_33_trains_1_units12.json","Cost of next node: Cost = 2,243.1 : 2,284.39 | cr=24, dd=33, da=9, tlv=8, sm=66, rd=144.55, cd=0, um=0","Time elapsed: 9.45 seconds","/home/thomasverwaal/Robust-Rail-NL/mathematical-models/local_search_plans_discreet_120/plan_33_trains_1_units12.json"
"/home/thomasverwaal/Robust-Rail-NL/mathematical-models/scenarios_solver_types_120/scenario_solver_33_trains_1_units12.json","Cost of next node: Cost = 2,207.1 : 2,253.38 | cr=23, dd=33, da=8, tlv=9, sm=66, rd=134.55, cd=0, um=0","Time elapsed: 10.04 seconds","/home/thomasverwaal/Robust-Rail-NL/mathematical-models/local_search_plans_discreet_120/plan_33_trains_1_units12.json"
"/home/thomasverwaal/Robust-Rail-NL/mathematical-models/scenarios_solver_types_120/scenario_solver_33_trains_1_units12.json","Cost of next node: Cost = 2,167.1 : 2,213.38 | cr=19, dd=33, da=8, tlv=9, sm=66, rd=134.55, cd=0, um=0","Time elapsed: 10.13 seconds","/home/thomasverwaal/Robust-Rail-NL/mathematical-models/local_search_plans_discreet_120/plan_33_trains_1_units12.json"
"/home/thomasverwaal/Robust-Rail-NL/mathematical-models/scenarios_solver_types_120/scenario_solver_33_trains_1_units12.json","Cost of next node: Cost = 1,893.7 : 1,935.03 | cr=24, dd=27, da=8, tlv=8, sm=66, rd=130.91, cd=0, um=0","Time elapsed: 10.44 seconds","/home/thomasverwaal/Robust-Rail-NL/mathematical-models/local_search_plans_discreet_120/plan_33_trains_1_units12.json"
"/home/thomasverwaal/Robust-Rail-NL/mathematical-models/scenarios_solver_types_120/scenario_solver_33_trains_1_units12.json","Cost of next node: Cost = 1,843.5 : 1,884.81 | cr=24, dd=26, da=8, tlv=8, sm=66, rd=130.91, cd=0, um=0","Time elapsed: 10.56 seconds","/home/thomasverwaal/Robust-Rail-NL/mathematical-models/local_search_plans_discreet_120/plan_33_trains_1_units12.json"
"/home/thomasverwaal/Robust-Rail-NL/mathematical-models/scenarios_solver_types_120/scenario_solver_33_trains_1_units12.json","Cost of next node: Cost = 1,803.5 : 1,844.81 | cr=25, dd=25, da=8, tlv=8, sm=66, rd=130.91, cd=0, um=0","Time elapsed: 10.70 seconds","/home/thomasverwaal/Robust-Rail-NL/mathematical-models/local_search_plans_discreet_120/plan_33_trains_1_units12.json"
"/home/thomasverwaal/Robust-Rail-NL/mathematical-models/scenarios_solver_types_120/scenario_solver_33_trains_1_units12.json","Cost of next node: Cost = 1,753.8 : 1,795.16 | cr=25, dd=24, da=8, tlv=8, sm=66, rd=130.91, cd=0, um=0","Time elapsed: 10.82 seconds","/home/thomasverwaal/Robust-Rail-NL/mathematical-models/local_search_plans_discreet_120/plan_33_trains_1_units12.json"
"/home/thomasverwaal/Robust-Rail-NL/mathematical-models/scenarios_solver_types_120/scenario_solver_33_trains_1_units12.json","Cost of next node: Cost = 1,704.5 : 1,745.80 | cr=25, dd=23, da=8, tlv=8, sm=66, rd=130.91, cd=0, um=0","Time elapsed: 11.01 seconds","/home/thomasverwaal/Robust-Rail-NL/mathematical-models/local_search_plans_discreet_120/plan_33_trains_1_units12.json"
"/home/thomasverwaal/Robust-Rail-NL/mathematical-models/scenarios_solver_types_120/scenario_solver_33_trains_1_units12.json","Cost of next node: Cost = 1,656.2 : 1,697.53 | cr=25, dd=22, da=8, tlv=8, sm=66, rd=130.91, cd=0, um=0","Time elapsed: 11.13 seconds","/home/thomasverwaal/Robust-Rail-NL/mathematical-models/local_search_plans_discreet_120/plan_33_trains_1_units12.json"
"/home/thomasverwaal/Robust-Rail-NL/mathematical-models/scenarios_solver_types_120/scenario_solver_33_trains_1_units12.json","Cost of next node: Cost = 1,594.7 : 1,636.01 | cr=24, dd=21, da=8, tlv=8, sm=66, rd=130.91, cd=0, um=0","Time elapsed: 11.28 seconds","/home/thomasverwaal/Robust-Rail-NL/mathematical-models/local_search_plans_discreet_120/plan_33_trains_1_units12.json"
"/home/thomasverwaal/Robust-Rail-NL/mathematical-models/scenarios_solver_types_120/scenario_solver_33_trains_1_units12.json","Cost of next node: Cost = 1,565.6 : 1,606.92 | cr=26, dd=20, da=8, tlv=8, sm=66, rd=130.91, cd=0, um=0","Time elapsed: 11.44 seconds","/home/thomasverwaal/Robust-Rail-NL/mathematical-models/local_search_plans_discreet_120/plan_33_trains_1_units12.json"
"/home/thomasverwaal/Robust-Rail-NL/mathematical-models/scenarios_solver_types_120/scenario_solver_33_trains_1_units12.json","Cost of next node: Cost = 1,428.1 : 1,469.38 | cr=26, dd=18, da=6, tlv=8, sm=66, rd=127.27, cd=0, um=0","Time elapsed: 11.65 seconds","/home/thomasverwaal/Robust-Rail-NL/mathematical-models/local_search_plans_discreet_120/plan_33_trains_1_units12.json"
"/home/thomasverwaal/Robust-Rail-NL/mathematical-models/scenarios_solver_types_120/scenario_solver_33_trains_1_units12.json","Cost of next node: Cost = 1,402.6 : 1,448.89 | cr=24, dd=18, da=5, tlv=9, sm=66, rd=125.45, cd=0, um=0","Time elapsed: 11.93 seconds","/home/thomasverwaal/Robust-Rail-NL/mathematical-models/local_search_plans_discreet_120/plan_33_trains_1_units12.json"
"/home/thomasverwaal/Robust-Rail-NL/mathematical-models/scenarios_solver_types_120/scenario_solver_33_trains_1_units12.json","Cost of next node: Cost = 1,377.6 : 1,428.89 | cr=20, dd=18, da=5, tlv=10, sm=66, rd=125.45, cd=0, um=0","Time elapsed: 12.22 seconds","/home/thomasverwaal/Robust-Rail-NL/mathematical-models/local_search_plans_discreet_120/plan_33_trains_1_units12.json"
"/home/thomasverwaal/Robust-Rail-NL/mathematical-models/scenarios_solver_types_120/scenario_solver_33_trains_1_units12.json","Cost of next node: Cost = 1,282.2 : 1,338.48 | cr=21, dd=16, da=4, tlv=11, sm=66, rd=121.82, cd=0, um=0","Time elapsed: 12.52 seconds","/home/thomasverwaal/Robust-Rail-NL/mathematical-models/local_search_plans_discreet_120/plan_33_trains_1_units12.json"
"/home/thomasverwaal/Robust-Rail-NL/mathematical-models/scenarios_solver_types_120/scenario_solver_33_trains_1_units12.json","Cost of next node: Cost = 1,252.2 : 1,308.48 | cr=18, dd=16, da=4, tlv=11, sm=66, rd=121.82, cd=0, um=0","Time elapsed: 12.55 seconds","/home/thomasverwaal/Robust-Rail-NL/mathematical-models/local_search_plans_discreet_120/plan_33_trains_1_units12.json"
"/home/thomasverwaal/Robust-Rail-NL/mathematical-models/scenarios_solver_types_120/scenario_solver_33_trains_1_units12.json","Cost of next node: Cost = 1,227.2 : 1,278.48 | cr=17, dd=16, da=4, tlv=10, sm=66, rd=123.64, cd=0, um=0","Time elapsed: 12.66 seconds","/home/thomasverwaal/Robust-Rail-NL/mathematical-models/local_search_plans_discreet_120/plan_33_trains_1_units12.json"
"/home/thomasverwaal/Robust-Rail-NL/mathematical-models/scenarios_solver_types_120/scenario_solver_33_trains_1_units12.json","Cost of next node: Cost = 1,183.5 : 1,239.84 | cr=21, dd=14, da=4, tlv=11, sm=66, rd=116.36, cd=0, um=0","Time elapsed: 12.97 seconds","/home/thomasverwaal/Robust-Rail-NL/mathematical-models/local_search_plans_discreet_120/plan_33_trains_1_units12.json"
"/home/thomasverwaal/Robust-Rail-NL/mathematical-models/scenarios_solver_types_120/scenario_solver_33_trains_1_units12.json","Cost of next node: Cost = 1,149.8 : 1,211.10 | cr=21, dd=13, da=4, tlv=12, sm=66, rd=112.73, cd=0, um=0","Time elapsed: 13.28 seconds","/home/thomasverwaal/Robust-Rail-NL/mathematical-models/local_search_plans_discreet_120/plan_33_trains_1_units12.json"
"/home/thomasverwaal/Robust-Rail-NL/mathematical-models/scenarios_solver_types_120/scenario_solver_33_trains_1_units12.json","Cost of next node: Cost = 1,099.2 : 1,160.47 | cr=21, dd=12, da=4, tlv=12, sm=66, rd=112.73, cd=0, um=0","Time elapsed: 13.36 seconds","/home/thomasverwaal/Robust-Rail-NL/mathematical-models/local_search_plans_discreet_120/plan_33_trains_1_units12.json"
"/home/thomasverwaal/Robust-Rail-NL/mathematical-models/scenarios_solver_types_120/scenario_solver_33_trains_1_units12.json","Cost of next node: Cost = 1,069.2 : 1,130.47 | cr=18, dd=12, da=4, tlv=12, sm=66, rd=112.73, cd=0, um=0","Time elapsed: 13.51 seconds","/home/thomasverwaal/Robust-Rail-NL/mathematical-models/local_search_plans_discreet_120/plan_33_trains_1_units12.json"
"/home/thomasverwaal/Robust-Rail-NL/mathematical-models/scenarios_solver_types_120/scenario_solver_33_trains_1_units12.json","Cost of next node: Cost = 1,033.9 : 1,100.24 | cr=18, dd=11, da=4, tlv=13, sm=66, rd=107.27, cd=0, um=0","Time elapsed: 13.77 seconds","/home/thomasverwaal/Robust-Rail-NL/mathematical-models/local_search_plans_discreet_120/plan_33_trains_1_units12.json"
"/home/thomasverwaal/Robust-Rail-NL/mathematical-models/scenarios_solver_types_120/scenario_solver_33_trains_1_units12.json","Cost of next node: Cost = 994.0 : 1,065.35 | cr=18, dd=10, da=4, tlv=14, sm=66, rd=103.64, cd=0, um=0","Time elapsed: 14.12 seconds","/home/thomasverwaal/Robust-Rail-NL/mathematical-models/local_search_plans_discreet_120/plan_33_trains_1_units12.json"
"/home/thomasverwaal/Robust-Rail-NL/mathematical-models/scenarios_solver_types_120/scenario_solver_33_trains_1_units12.json","Cost of next node: Cost = 958.0 : 1,034.28 | cr=17, dd=10, da=2, tlv=15, sm=66, rd=98.18, cd=0, um=0","Time elapsed: 14.41 seconds","/home/thomasverwaal/Robust-Rail-NL/mathematical-models/local_search_plans_discreet_120/plan_33_trains_1_units12.json"
"/home/thomasverwaal/Robust-Rail-NL/mathematical-models/scenarios_solver_types_120/scenario_solver_33_trains_1_units12.json","Cost of next node: Cost = 933.0 : 1,004.28 | cr=16, dd=10, da=2, tlv=14, sm=66, rd=98.18, cd=0, um=0","Time elapsed: 14.89 seconds","/home/thomasverwaal/Robust-Rail-NL/mathematical-models/local_search_plans_discreet_120/plan_33_trains_1_units12.json"
"/home/thomasverwaal/Robust-Rail-NL/mathematical-models/scenarios_solver_types_120/scenario_solver_33_trains_1_units12.json","Cost of next node: Cost = 819.5 : 895.82 | cr=16, dd=8, da=1, tlv=15, sm=66, rd=90.91, cd=0, um=0","Time elapsed: 15.16 seconds","/home/thomasverwaal/Robust-Rail-NL/mathematical-models/local_search_plans_discreet_120/plan_33_trains_1_units12.json"
"/home/thomasverwaal/Robust-Rail-NL/mathematical-models/scenarios_solver_types_120/scenario_solver_33_trains_1_units12.json","Cost of next node: Cost = 789.5 : 865.82 | cr=13, dd=8, da=1, tlv=15, sm=66, rd=90.91, cd=0, um=0","Time elapsed: 15.29 seconds","/home/thomasverwaal/Robust-Rail-NL/mathematical-models/local_search_plans_discreet_120/plan_33_trains_1_units12.json"
"/home/thomasverwaal/Robust-Rail-NL/mathematical-models/scenarios_solver_types_120/scenario_solver_33_trains_1_units12.json","Cost of next node: Cost = 739.2 : 815.57 | cr=13, dd=7, da=1, tlv=15, sm=66, rd=90.91, cd=0, um=0","Time elapsed: 15.46 seconds","/home/thomasverwaal/Robust-Rail-NL/mathematical-models/local_search_plans_discreet_120/plan_33_trains_1_units12.json"
"/home/thomasverwaal/Robust-Rail-NL/mathematical-models/scenarios_solver_types_120/scenario_solver_33_trains_1_units12.json","Cost of next node: Cost = 559.0 : 640.32 | cr=16, dd=3, da=0, tlv=16, sm=66, rd=86.36, cd=0, um=0","Time elapsed: 15.95 seconds","/home/thomasverwaal/Robust-Rail-NL/mathematical-models/local_search_plans_discreet_120/plan_33_trains_1_units12.json"
"/home/thomasverwaal/Robust-Rail-NL/mathematical-models/scenarios_solver_types_120/scenario_solver_33_trains_1_units12.json","Cost of next node: Cost = 534.0 : 610.32 | cr=15, dd=3, da=0, tlv=15, sm=66, rd=86.36, cd=0, um=0","Time elapsed: 16.34 seconds","/home/thomasverwaal/Robust-Rail-NL/mathematical-models/local_search_plans_discreet_120/plan_33_trains_1_units12.json"
"/home/thomasverwaal/Robust-Rail-NL/mathematical-models/scenarios_solver_types_120/scenario_solver_33_trains_1_units12.json","Cost of next node: Cost = 481.0 : 562.32 | cr=13, dd=2, da=0, tlv=16, sm=66, rd=84.55, cd=0, um=0","Time elapsed: 16.66 seconds","/home/thomasverwaal/Robust-Rail-NL/mathematical-models/local_search_plans_discreet_120/plan_33_trains_1_units12.json"
"/home/thomasverwaal/Robust-Rail-NL/mathematical-models/scenarios_solver_types_120/scenario_solver_33_trains_1_units12.json","Cost of next node: Cost = 391.5 : 472.84 | cr=10, dd=1, da=0, tlv=16, sm=67, rd=78.81, cd=0, um=0","Time elapsed: 18.69 seconds","/home/thomasverwaal/Robust-Rail-NL/mathematical-models/local_search_plans_discreet_120/plan_33_trains_1_units12.json"
"/home/thomasverwaal/Robust-Rail-NL/mathematical-models/scenarios_solver_types_120/scenario_solver_33_trains_1_units12.json","Cost of next node: Cost = 360.0 : 441.34 | cr=12, dd=0, da=0, tlv=16, sm=67, rd=77.01, cd=0, um=0","Time elapsed: 19.19 seconds","/home/thomasverwaal/Robust-Rail-NL/mathematical-models/local_search_plans_discreet_120/plan_33_trains_1_units12.json"
"/home/thomasverwaal/Robust-Rail-NL/mathematical-models/scenarios_solver_types_120/scenario_solver_33_trains_1_units12.json","Cost of next node: Cost = 350.0 : 431.34 | cr=11, dd=0, da=0, tlv=16, sm=67, rd=77.01, cd=0, um=0","Time elapsed: 23.19 seconds","/home/thomasverwaal/Robust-Rail-NL/mathematical-models/local_search_plans_discreet_120/plan_33_trains_1_units12.json"
"/home/thomasverwaal/Robust-Rail-NL/mathematical-models/scenarios_solver_types_120/scenario_solver_33_trains_1_units12.json","Cost of next node: Cost = 340.0 : 421.34 | cr=10, dd=0, da=0, tlv=16, sm=67, rd=77.01, cd=0, um=0","Time elapsed: 27.18 seconds","/home/thomasverwaal/Robust-Rail-NL/mathematical-models/local_search_plans_discreet_120/plan_33_trains_1_units12.json"
"/home/thomasverwaal/Robust-Rail-NL/mathematical-models/scenarios_solver_types_120/scenario_solver_33_trains_1_units12.json","Cost of next node: Cost = 330.0 : 411.34 | cr=9, dd=0, da=0, tlv=16, sm=67, rd=77.01, cd=0, um=0","Time elapsed: 30.61 seconds","/home/thomasverwaal/Robust-Rail-NL/mathematical-models/local_search_plans_discreet_120/plan_33_trains_1_units12.json"
"/home/thomasverwaal/Robust-Rail-NL/mathematical-models/scenarios_solver_types_120/scenario_solver_33_trains_1_units12.json","Cost of next node: Cost = 310.0 : 391.34 | cr=7, dd=0, da=0, tlv=16, sm=67, rd=77.01, cd=0, um=0","Time elapsed: 33.51 seconds","/home/thomasverwaal/Robust-Rail-NL/mathematical-models/local_search_plans_discreet_120/plan_33_trains_1_units12.json"
"/home/thomasverwaal/Robust-Rail-NL/mathematical-models/scenarios_solver_types_120/scenario_solver_33_trains_1_units12.json","Cost of next node: Cost = 295.0 : 371.34 | cr=7, dd=0, da=0, tlv=15, sm=67, rd=78.81, cd=0, um=0","Time elapsed: 36.35 seconds","/home/thomasverwaal/Robust-Rail-NL/mathematical-models/local_search_plans_discreet_120/plan_33_trains_1_units12.json"
"/home/thomasverwaal/Robust-Rail-NL/mathematical-models/scenarios_solver_types_120/scenario_solver_33_trains_1_units12.json","Cost of next node: Cost = 280.0 : 351.34 | cr=7, dd=0, da=0, tlv=14, sm=67, rd=85.97, cd=0, um=0","Time elapsed: 39.31 seconds","/home/thomasverwaal/Robust-Rail-NL/mathematical-models/local_search_plans_discreet_120/plan_33_trains_1_units12.json"
"/home/thomasverwaal/Robust-Rail-NL/mathematical-models/scenarios_solver_types_120/scenario_solver_33_trains_1_units12.json","Cost of next node: Cost = 270.0 : 341.34 | cr=6, dd=0, da=0, tlv=14, sm=67, rd=85.97, cd=0, um=0","Time elapsed: 41.63 seconds","/home/thomasverwaal/Robust-Rail-NL/mathematical-models/local_search_plans_discreet_120/plan_33_trains_1_units12.json"
"/home/thomasverwaal/Robust-Rail-NL/mathematical-models/scenarios_solver_types_120/scenario_solver_33_trains_1_units12.json","Cost of next node: Cost = 260.0 : 331.34 | cr=5, dd=0, da=0, tlv=14, sm=67, rd=85.97, cd=0, um=0","Time elapsed: 43.62 seconds","/home/thomasverwaal/Robust-Rail-NL/mathematical-models/local_search_plans_discreet_120/plan_33_trains_1_units12.json"
"/home/thomasverwaal/Robust-Rail-NL/mathematical-models/scenarios_solver_types_120/scenario_solver_33_trains_1_units12.json","Cost of next node: Cost = 250.0 : 321.34 | cr=4, dd=0, da=0, tlv=14, sm=67, rd=85.97, cd=0, um=0","Time elapsed: 45.18 seconds","/home/thomasverwaal/Robust-Rail-NL/mathematical-models/local_search_plans_discreet_120/plan_33_trains_1_units12.json"
"/home/thomasverwaal/Robust-Rail-NL/mathematical-models/scenarios_solver_types_120/scenario_solver_33_trains_1_units12.json","Cost of next node: Cost = 240.0 : 311.34 | cr=3, dd=0, da=0, tlv=14, sm=67, rd=85.97, cd=0, um=0","Time elapsed: 51.86 seconds","/home/thomasverwaal/Robust-Rail-NL/mathematical-models/local_search_plans_discreet_120/plan_33_trains_1_units12.json"
"/home/thomasverwaal/Robust-Rail-NL/mathematical-models/scenarios_solver_types_120/scenario_solver_33_trains_1_units12.json","Cost of next node: Cost = 230.0 : 301.34 | cr=2, dd=0, da=0, tlv=14, sm=67, rd=85.97, cd=0, um=0","Time elapsed: 89.85 seconds","/home/thomasverwaal/Robust-Rail-NL/mathematical-models/local_search_plans_discreet_120/plan_33_trains_1_units12.json"
"/home/thomasverwaal/Robust-Rail-NL/mathematical-models/scenarios_solver_types_120/scenario_solver_33_trains_1_units12.json","Cost of next node: Cost = 220.0 : 291.34 | cr=1, dd=0, da=0, tlv=14, sm=67, rd=85.97, cd=0, um=0","Time elapsed: 91.38 seconds","/home/thomasverwaal/Robust-Rail-NL/mathematical-models/local_search_plans_discreet_120/plan_33_trains_1_units12.json"
"/home/thomasverwaal/Robust-Rail-NL/mathematical-models/scenarios_solver_types_120/scenario_solver_33_trains_1_units12.json","NO_COST_FOUND","NO_TIME_FOUND","NO_PLAN_CREATED"
"/home/thomasverwaal/Robust-Rail-NL/mathematical-models/scenarios_solver_types_120/scenario_solver_33_trains_1_units13.json","Cost of next node: Cost = 2,813.3 : 2,814.64 | cr=41, dd=33, da=31, tlv=0, sm=66, rd=178.18, cd=0, um=0","Time elapsed: 4.39 seconds","/home/thomasverwaal/Robust-Rail-NL/mathematical-models/local_search_plans_discreet_120/plan_33_trains_1_units13.json"
"/home/thomasverwaal/Robust-Rail-NL/mathematical-models/scenarios_solver_types_120/scenario_solver_33_trains_1_units13.json","Cost of next node: Cost = 2,786.0 : 2,787.31 | cr=39, dd=33, da=31, tlv=0, sm=66, rd=176.36, cd=0, um=0","Time elapsed: 4.52 seconds","/home/thomasverwaal/Robust-Rail-NL/mathematical-models/local_search_plans_discreet_120/plan_33_trains_1_units13.json"
"/home/thomasverwaal/Robust-Rail-NL/mathematical-models/scenarios_solver_types_120/scenario_solver_33_trains_1_units13.json","Cost of next node: Cost = 2,765.5 : 2,766.87 | cr=37, dd=33, da=31, tlv=0, sm=66, rd=176.36, cd=0, um=0","Time elapsed: 4.81 seconds","/home/thomasverwaal/Robust-Rail-NL/mathematical-models/local_search_plans_discreet_120/plan_33_trains_1_units13.json"
"/home/thomasverwaal/Robust-Rail-NL/mathematical-models/scenarios_solver_types_120/scenario_solver_33_trains_1_units13.json","Cost of next node: Cost = 2,744.8 : 2,746.16 | cr=35, dd=33, da=31, tlv=0, sm=66, rd=176.36, cd=0, um=0","Time elapsed: 5.13 seconds","/home/thomasverwaal/Robust-Rail-NL/mathematical-models/local_search_plans_discreet_120/plan_33_trains_1_units13.json"
"/home/thomasverwaal/Robust-Rail-NL/mathematical-models/scenarios_solver_types_120/scenario_solver_33_trains_1_units13.json","Cost of next node: Cost = 2,712.1 : 2,713.44 | cr=36, dd=33, da=30, tlv=0, sm=66, rd=171.82, cd=0, um=0","Time elapsed: 5.48 seconds","/home/thomasverwaal/Robust-Rail-NL/mathematical-models/local_search_plans_discreet_120/plan_33_trains_1_units13.json"
"/home/thomasverwaal/Robust-Rail-NL/mathematical-models/scenarios_solver_types_120/scenario_solver_33_trains_1_units13.json","Cost of next node: Cost = 2,639.2 : 2,640.51 | cr=37, dd=33, da=27, tlv=0, sm=66, rd=165.45, cd=0, um=0","Time elapsed: 5.83 seconds","/home/thomasverwaal/Robust-Rail-NL/mathematical-models/local_search_plans_discreet_120/plan_33_trains_1_units13.json"
"/home/thomasverwaal/Robust-Rail-NL/mathematical-models/scenarios_solver_types_120/scenario_solver_33_trains_1_units13.json","Cost of next node: Cost = 2,527.9 : 2,534.24 | cr=34, dd=33, da=22, tlv=1, sm=66, rd=162.73, cd=0, um=0","Time elapsed: 6.12 seconds","/home/thomasverwaal/Robust-Rail-NL/mathematical-models/local_search_plans_discreet_120/plan_33_trains_1_units13.json"
"/home/thomasverwaal/Robust-Rail-NL/mathematical-models/scenarios_solver_types_120/scenario_solver_33_trains_1_units13.json","Cost of next node: Cost = 2,507.7 : 2,514.06 | cr=32, dd=33, da=22, tlv=1, sm=66, rd=162.73, cd=0, um=0","Time elapsed: 6.18 seconds","/home/thomasverwaal/Robust-Rail-NL/mathematical-models/local_search_plans_discreet_120/plan_33_trains_1_units13.json"
"/home/thomasverwaal/Robust-Rail-NL/mathematical-models/scenarios_solver_types_120/scenario_solver_33_trains_1_units13.json","Cost of next node: Cost = 2,461.8 : 2,473.17 | cr=31, dd=33, da=19, tlv=2, sm=66, rd=166.36, cd=0, um=0","Time elapsed: 6.52 seconds","/home/thomasverwaal/Robust-Rail-NL/mathematical-models/local_search_plans_discreet_120/plan_33_trains_1_units13.json"
"/home/thomasverwaal/Robust-Rail-NL/mathematical-models/scenarios_solver_types_120/scenario_solver_33_trains_1_units13.json","Cost of next node: Cost = 2,435.6 : 2,451.92 | cr=31, dd=33, da=17, tlv=3, sm=66, rd=164.55, cd=0, um=0","Time elapsed: 6.80 seconds","/home/thomasverwaal/Robust-Rail-NL/mathematical-models/local_search_plans_discreet_120/plan_33_trains_1_units13.json"
"/home/thomasverwaal/Robust-Rail-NL/mathematical-models/scenarios_solver_types_120/scenario_solver_33_trains_1_units13.json","Cost of next node: Cost = 2,407.9 : 2,429.23 | cr=33, dd=33, da=14, tlv=4, sm=66, rd=159.09, cd=0, um=0","Time elapsed: 7.03 seconds","/home/thomasverwaal/Robust-Rail-NL/mathematical-models/local_search_plans_discreet_120/plan_33_trains_1_units13.json"
"/home/thomasverwaal/Robust-Rail-NL/mathematical-models/scenarios_solver_types_120/scenario_solver_33_trains_1_units13.json","Cost of next node: Cost = 2,380.4 : 2,406.75 | cr=31, dd=33, da=13, tlv=5, sm=66, rd=155.45, cd=0, um=0","Time elapsed: 7.61 seconds","/home/thomasverwaal/Robust-Rail-NL/mathematical-models/local_search_plans_discreet_120/plan_33_trains_1_units13.json"
"/home/thomasverwaal/Robust-Rail-NL/mathematical-models/scenarios_solver_types_120/scenario_solver_33_trains_1_units13.json","Cost of next node: Cost = 2,345.4 : 2,376.75 | cr=26, dd=33, da=13, tlv=6, sm=66, rd=155.45, cd=0, um=0","Time elapsed: 8.50 seconds","/home/thomasverwaal/Robust-Rail-NL/mathematical-models/local_search_plans_discreet_120/plan_33_trains_1_units13.json"
"/home/thomasverwaal/Robust-Rail-NL/mathematical-models/scenarios_solver_types_120/scenario_solver_33_trains_1_units13.json","Cost of next node: Cost = 2,315.4 : 2,346.75 | cr=23, dd=33, da=13, tlv=6, sm=66, rd=155.45, cd=0, um=0","Time elapsed: 8.60 seconds","/home/thomasverwaal/Robust-Rail-NL/mathematical-models/local_search_plans_discreet_120/plan_33_trains_1_units13.json"
"/home/thomasverwaal/Robust-Rail-NL/mathematical-models/scenarios_solver_types_120/scenario_solver_33_trains_1_units13.json","Cost of next node: Cost = 2,273.6 : 2,309.88 | cr=19, dd=33, da=13, tlv=7, sm=66, rd=147.27, cd=0, um=0","Time elapsed: 8.99 seconds","/home/thomasverwaal/Robust-Rail-NL/mathematical-models/local_search_plans_discreet_120/plan_33_trains_1_units13.json"
"/home/thomasverwaal/Robust-Rail-NL/mathematical-models/scenarios_solver_types_120/scenario_solver_33_trains_1_units13.json","Cost of next node: Cost = 2,174.0 : 2,210.32 | cr=25, dd=31, da=12, tlv=7, sm=66, rd=136.36, cd=0, um=0","Time elapsed: 9.40 seconds","/home/thomasverwaal/Robust-Rail-NL/mathematical-models/local_search_plans_discreet_120/plan_33_trains_1_units13.json"
"/home/thomasverwaal/Robust-Rail-NL/mathematical-models/scenarios_solver_types_120/scenario_solver_33_trains_1_units13.json","Cost of next node: Cost = 2,084.9 : 2,121.21 | cr=26, dd=29, da=12, tlv=7, sm=66, rd=136.36, cd=0, um=0","Time elapsed: 9.47 seconds","/home/thomasverwaal/Robust-Rail-NL/mathematical-models/local_search_plans_discreet_120/plan_33_trains_1_units13.json"
"/home/thomasverwaal/Robust-Rail-NL/mathematical-models/scenarios_solver_types_120/scenario_solver_33_trains_1_units13.json","Cost of next node: Cost = 2,034.8 : 2,071.07 | cr=26, dd=28, da=12, tlv=7, sm=66, rd=136.36, cd=0, um=0","Time elapsed: 9.57 seconds","/home/thomasverwaal/Robust-Rail-NL/mathematical-models/local_search_plans_discreet_120/plan_33_trains_1_units13.json"
"/home/thomasverwaal/Robust-Rail-NL/mathematical-models/scenarios_solver_types_120/scenario_solver_33_trains_1_units13.json","Cost of next node: Cost = 1,937.3 : 1,968.60 | cr=30, dd=26, da=11, tlv=6, sm=66, rd=134.55, cd=0, um=0","Time elapsed: 9.77 seconds","/home/thomasverwaal/Robust-Rail-NL/mathematical-models/local_search_plans_discreet_120/plan_33_trains_1_units13.json"
"/home/thomasverwaal/Robust-Rail-NL/mathematical-models/scenarios_solver_types_120/scenario_solver_33_trains_1_units13.json","Cost of next node: Cost = 1,897.7 : 1,929.00 | cr=31, dd=25, da=11, tlv=6, sm=66, rd=134.55, cd=0, um=0","Time elapsed: 9.97 seconds","/home/thomasverwaal/Robust-Rail-NL/mathematical-models/local_search_plans_discreet_120/plan_33_trains_1_units13.json"
"/home/thomasverwaal/Robust-Rail-NL/mathematical-models/scenarios_solver_types_120/scenario_solver_33_trains_1_units13.json","Cost of next node: Cost = 1,848.4 : 1,879.67 | cr=31, dd=24, da=11, tlv=6, sm=66, rd=134.55, cd=0, um=0","Time elapsed: 10.11 seconds","/home/thomasverwaal/Robust-Rail-NL/mathematical-models/local_search_plans_discreet_120/plan_33_trains_1_units13.json"
"/home/thomasverwaal/Robust-Rail-NL/mathematical-models/scenarios_solver_types_120/scenario_solver_33_trains_1_units13.json","Cost of next node: Cost = 1,828.0 : 1,859.27 | cr=34, dd=23, da=11, tlv=6, sm=66, rd=134.55, cd=0, um=0","Time elapsed: 10.27 seconds","/home/thomasverwaal/Robust-Rail-NL/mathematical-models/local_search_plans_discreet_120/plan_33_trains_1_units13.json"
"/home/thomasverwaal/Robust-Rail-NL/mathematical-models/scenarios_solver_types_120/scenario_solver_33_trains_1_units13.json","Cost of next node: Cost = 1,776.6 : 1,807.92 | cr=34, dd=22, da=11, tlv=6, sm=66, rd=134.55, cd=0, um=0","Time elapsed: 10.45 seconds","/home/thomasverwaal/Robust-Rail-NL/mathematical-models/local_search_plans_discreet_120/plan_33_trains_1_units13.json"
"/home/thomasverwaal/Robust-Rail-NL/mathematical-models/scenarios_solver_types_120/scenario_solver_33_trains_1_units13.json","Cost of next node: Cost = 1,751.6 : 1,787.92 | cr=30, dd=22, da=11, tlv=7, sm=66, rd=134.55, cd=0, um=0","Time elapsed: 10.74 seconds","/home/thomasverwaal/Robust-Rail-NL/mathematical-models/local_search_plans_discreet_120/plan_33_trains_1_units13.json"
"/home/thomasverwaal/Robust-Rail-NL/mathematical-models/scenarios_solver_types_120/scenario_solver_33_trains_1_units13.json","Cost of next node: Cost = 1,710.1 : 1,746.45 | cr=31, dd=21, da=11, tlv=7, sm=66, rd=134.55, cd=0, um=0","Time elapsed: 10.81 seconds","/home/thomasverwaal/Robust-Rail-NL/mathematical-models/local_search_plans_discreet_120/plan_33_trains_1_units13.json"
"/home/thomasverwaal/Robust-Rail-NL/mathematical-models/scenarios_solver_types_120/scenario_solver_33_trains_1_units13.json","Cost of next node: Cost = 1,665.0 : 1,706.27 | cr=30, dd=20, da=11, tlv=8, sm=66, rd=132.73, cd=0, um=0","Time elapsed: 11.11 seconds","/home/thomasverwaal/Robust-Rail-NL/mathematical-models/local_search_plans_discreet_120/plan_33_trains_1_units13.json"
"/home/thomasverwaal/Robust-Rail-NL/mathematical-models/scenarios_solver_types_120/scenario_solver_33_trains_1_units13.json","Cost of next node: Cost = 1,640.2 : 1,686.56 | cr=28, dd=20, da=10, tlv=9, sm=66, rd=129.09, cd=0, um=0","Time elapsed: 11.41 seconds","/home/thomasverwaal/Robust-Rail-NL/mathematical-models/local_search_plans_discreet_120/plan_33_trains_1_units13.json"
"/home/thomasverwaal/Robust-Rail-NL/mathematical-models/scenarios_solver_types_120/scenario_solver_33_trains_1_units13.json","Cost of next node: Cost = 1,590.8 : 1,637.12 | cr=27, dd=20, da=8, tlv=9, sm=66, rd=123.64, cd=0, um=0","Time elapsed: 11.57 seconds","/home/thomasverwaal/Robust-Rail-NL/mathematical-models/local_search_plans_discreet_120/plan_33_trains_1_units13.json"
"/home/thomasverwaal/Robust-Rail-NL/mathematical-models/scenarios_solver_types_120/scenario_solver_33_trains_1_units13.json","Cost of next node: Cost = 1,560.8 : 1,607.12 | cr=24, dd=20, da=8, tlv=9, sm=66, rd=125.45, cd=0, um=0","Time elapsed: 11.79 seconds","/home/thomasverwaal/Robust-Rail-NL/mathematical-models/local_search_plans_discreet_120/plan_33_trains_1_units13.json"
"/home/thomasverwaal/Robust-Rail-NL/mathematical-models/scenarios_solver_types_120/scenario_solver_33_trains_1_units13.json","Cost of next node: Cost = 1,535.8 : 1,587.12 | cr=20, dd=20, da=8, tlv=10, sm=66, rd=123.64, cd=0, um=0","Time elapsed: 12.07 seconds","/home/thomasverwaal/Robust-Rail-NL/mathematical-models/local_search_plans_discreet_120/plan_33_trains_1_units13.json"
"/home/thomasverwaal/Robust-Rail-NL/mathematical-models/scenarios_solver_types_120/scenario_solver_33_trains_1_units13.json","Cost of next node: Cost = 1,482.5 : 1,538.81 | cr=21, dd=20, da=4, tlv=11, sm=66, rd=118.18, cd=0, um=0","Time elapsed: 12.32 seconds","/home/thomasverwaal/Robust-Rail-NL/mathematical-models/local_search_plans_discreet_120/plan_33_trains_1_units13.json"
"/home/thomasverwaal/Robust-Rail-NL/mathematical-models/scenarios_solver_types_120/scenario_solver_33_trains_1_units13.json","Cost of next node: Cost = 1,445.8 : 1,507.09 | cr=21, dd=19, da=4, tlv=12, sm=66, rd=112.73, cd=0, um=0","Time elapsed: 12.60 seconds","/home/thomasverwaal/Robust-Rail-NL/mathematical-models/local_search_plans_discreet_120/plan_33_trains_1_units13.json"
"/home/thomasverwaal/Robust-Rail-NL/mathematical-models/scenarios_solver_types_120/scenario_solver_33_trains_1_units13.json","Cost of next node: Cost = 1,365.1 : 1,426.41 | cr=23, dd=17, da=4, tlv=12, sm=66, rd=110.91, cd=0, um=0","Time elapsed: 12.68 seconds","/home/thomasverwaal/Robust-Rail-NL/mathematical-models/local_search_plans_discreet_120/plan_33_trains_1_units13.json"
"/home/thomasverwaal/Robust-Rail-NL/mathematical-models/scenarios_solver_types_120/scenario_solver_33_trains_1_units13.json","Cost of next node: Cost = 1,340.9 : 1,407.24 | cr=24, dd=16, da=4, tlv=13, sm=66, rd=107.27, cd=0, um=0","Time elapsed: 13.12 seconds","/home/thomasverwaal/Robust-Rail-NL/mathematical-models/local_search_plans_discreet_120/plan_33_trains_1_units13.json"
"/home/thomasverwaal/Robust-Rail-NL/mathematical-models/scenarios_solver_types_120/scenario_solver_33_trains_1_units13.json","Cost of next node: Cost = 1,223.3 : 1,294.65 | cr=26, dd=13, da=4, tlv=14, sm=66, rd=103.64, cd=0, um=0","Time elapsed: 13.41 seconds","/home/thomasverwaal/Robust-Rail-NL/mathematical-models/local_search_plans_discreet_120/plan_33_trains_1_units13.json"
"/home/thomasverwaal/Robust-Rail-NL/mathematical-models/scenarios_solver_types_120/scenario_solver_33_trains_1_units13.json","Cost of next node: Cost = 1,050.6 : 1,126.92 | cr=25, dd=10, da=3, tlv=15, sm=66, rd=96.36, cd=0, um=0","Time elapsed: 13.76 seconds","/home/thomasverwaal/Robust-Rail-NL/mathematical-models/local_search_plans_discreet_120/plan_33_trains_1_units13.json"
"/home/thomasverwaal/Robust-Rail-NL/mathematical-models/scenarios_solver_types_120/scenario_solver_33_trains_1_units13.json","Cost of next node: Cost = 1,020.6 : 1,096.92 | cr=22, dd=10, da=3, tlv=15, sm=66, rd=96.36, cd=0, um=0","Time elapsed: 14.09 seconds","/home/thomasverwaal/Robust-Rail-NL/mathematical-models/local_search_plans_discreet_120/plan_33_trains_1_units13.json"
"/home/thomasverwaal/Robust-Rail-NL/mathematical-models/scenarios_solver_types_120/scenario_solver_33_trains_1_units13.json","Cost of next node: Cost = 983.2 : 1,064.52 | cr=22, dd=9, da=3, tlv=16, sm=66, rd=90.91, cd=0, um=0","Time elapsed: 14.38 seconds","/home/thomasverwaal/Robust-Rail-NL/mathematical-models/local_search_plans_discreet_120/plan_33_trains_1_units13.json"
"/home/thomasverwaal/Robust-Rail-NL/mathematical-models/scenarios_solver_types_120/scenario_solver_33_trains_1_units13.json","Cost of next node: Cost = 679.8 : 766.12 | cr=23, dd=3, da=2, tlv=17, sm=66, rd=80.00, cd=0, um=0","Time elapsed: 14.93 seconds","/home/thomasverwaal/Robust-Rail-NL/mathematical-models/local_search_plans_discreet_120/plan_33_trains_1_units13.json"
"/home/thomasverwaal/Robust-Rail-NL/mathematical-models/scenarios_solver_types_120/scenario_solver_33_trains_1_units13.json","Cost of next node: Cost = 639.8 : 726.12 | cr=19, dd=3, da=2, tlv=17, sm=66, rd=80.00, cd=0, um=0","Time elapsed: 15.13 seconds","/home/thomasverwaal/Robust-Rail-NL/mathematical-models/local_search_plans_discreet_120/plan_33_trains_1_units13.json"
"/home/thomasverwaal/Robust-Rail-NL/mathematical-models/scenarios_solver_types_120/scenario_solver_33_trains_1_units13.json","Cost of next node: Cost = 599.8 : 686.12 | cr=20, dd=2, da=2, tlv=17, sm=66, rd=80.00, cd=0, um=0","Time elapsed: 15.37 seconds","/home/thomasverwaal/Robust-Rail-NL/mathematical-models/local_search_plans_discreet_120/plan_33_trains_1_units13.json"
"/home/thomasverwaal/Robust-Rail-NL/mathematical-models/scenarios_solver_types_120/scenario_solver_33_trains_1_units13.json","Cost of next node: Cost = 574.8 : 656.12 | cr=19, dd=2, da=2, tlv=16, sm=66, rd=80.00, cd=0, um=0","Time elapsed: 15.87 seconds","/home/thomasverwaal/Robust-Rail-NL/mathematical-models/local_search_plans_discreet_120/plan_33_trains_1_units13.json"
"/home/thomasverwaal/Robust-Rail-NL/mathematical-models/scenarios_solver_types_120/scenario_solver_33_trains_1_units13.json","Cost of next node: Cost = 538.3 : 624.62 | cr=19, dd=1, da=2, tlv=17, sm=66, rd=78.18, cd=0, um=0","Time elapsed: 16.20 seconds","/home/thomasverwaal/Robust-Rail-NL/mathematical-models/local_search_plans_discreet_120/plan_33_trains_1_units13.json"
"/home/thomasverwaal/Robust-Rail-NL/mathematical-models/scenarios_solver_types_120/scenario_solver_33_trains_1_units13.json","Cost of next node: Cost = 513.3 : 594.62 | cr=18, dd=1, da=2, tlv=16, sm=66, rd=80.00, cd=0, um=0","Time elapsed: 16.71 seconds","/home/thomasverwaal/Robust-Rail-NL/mathematical-models/local_search_plans_discreet_120/plan_33_trains_1_units13.json"
"/home/thomasverwaal/Robust-Rail-NL/mathematical-models/scenarios_solver_types_120/scenario_solver_33_trains_1_units13.json","Cost of next node: Cost = 462.4 : 543.72 | cr=15, dd=1, da=1, tlv=16, sm=66, rd=80.00, cd=0, um=0","Time elapsed: 17.08 seconds","/home/thomasverwaal/Robust-Rail-NL/mathematical-models/local_search_plans_discreet_120/plan_33_trains_1_units13.json"
"/home/thomasverwaal/Robust-Rail-NL/mathematical-models/scenarios_solver_types_120/scenario_solver_33_trains_1_units13.json","Cost of next node: Cost = 435.9 : 522.22 | cr=16, dd=0, da=1, tlv=17, sm=66, rd=78.18, cd=0, um=0","Time elapsed: 17.40 seconds","/home/thomasverwaal/Robust-Rail-NL/mathematical-models/local_search_plans_discreet_120/plan_33_trains_1_units13.json"
"/home/thomasverwaal/Robust-Rail-NL/mathematical-models/scenarios_solver_types_120/scenario_solver_33_trains_1_units13.json","Cost of next node: Cost = 415.0 : 501.34 | cr=16, dd=0, da=0, tlv=17, sm=67, rd=75.22, cd=0, um=0","Time elapsed: 20.00 seconds","/home/thomasverwaal/Robust-Rail-NL/mathematical-models/local_search_plans_discreet_120/plan_33_trains_1_units13.json"
"/home/thomasverwaal/Robust-Rail-NL/mathematical-models/scenarios_solver_types_120/scenario_solver_33_trains_1_units13.json","Cost of next node: Cost = 400.0 : 481.34 | cr=16, dd=0, da=0, tlv=16, sm=67, rd=77.01, cd=0, um=0","Time elapsed: 25.81 seconds","/home/thomasverwaal/Robust-Rail-NL/mathematical-models/local_search_plans_discreet_120/plan_33_trains_1_units13.json"
"/home/thomasverwaal/Robust-Rail-NL/mathematical-models/scenarios_solver_types_120/scenario_solver_33_trains_1_units13.json","Cost of next node: Cost = 385.0 : 461.34 | cr=16, dd=0, da=0, tlv=15, sm=67, rd=78.81, cd=0, um=0","Time elapsed: 31.19 seconds","/home/thomasverwaal/Robust-Rail-NL/mathematical-models/local_search_plans_discreet_120/plan_33_trains_1_units13.json"
"/home/thomasverwaal/Robust-Rail-NL/mathematical-models/scenarios_solver_types_120/scenario_solver_33_trains_1_units13.json","Cost of next node: Cost = 375.0 : 451.34 | cr=15, dd=0, da=0, tlv=15, sm=67, rd=78.81, cd=0, um=0","Time elapsed: 35.89 seconds","/home/thomasverwaal/Robust-Rail-NL/mathematical-models/local_search_plans_discreet_120/plan_33_trains_1_units13.json"
"/home/thomasverwaal/Robust-Rail-NL/mathematical-models/scenarios_solver_types_120/scenario_solver_33_trains_1_units13.json","Cost of next node: Cost = 365.0 : 441.34 | cr=14, dd=0, da=0, tlv=15, sm=67, rd=78.81, cd=0, um=0","Time elapsed: 39.50 seconds","/home/thomasverwaal/Robust-Rail-NL/mathematical-models/local_search_plans_discreet_120/plan_33_trains_1_units13.json"
"/home/thomasverwaal/Robust-Rail-NL/mathematical-models/scenarios_solver_types_120/scenario_solver_33_trains_1_units13.json","Cost of next node: Cost = 355.0 : 431.34 | cr=13, dd=0, da=0, tlv=15, sm=67, rd=78.81, cd=0, um=0","Time elapsed: 42.51 seconds","/home/thomasverwaal/Robust-Rail-NL/mathematical-models/local_search_plans_discreet_120/plan_33_trains_1_units13.json"
"/home/thomasverwaal/Robust-Rail-NL/mathematical-models/scenarios_solver_types_120/scenario_solver_33_trains_1_units13.json","Cost of next node: Cost = 345.0 : 421.34 | cr=12, dd=0, da=0, tlv=15, sm=67, rd=78.81, cd=0, um=0","Time elapsed: 45.22 seconds","/home/thomasverwaal/Robust-Rail-NL/mathematical-models/local_search_plans_discreet_120/plan_33_trains_1_units13.json"
"/home/thomasverwaal/Robust-Rail-NL/mathematical-models/scenarios_solver_types_120/scenario_solver_33_trains_1_units13.json","Cost of next node: Cost = 335.0 : 411.32 | cr=11, dd=0, da=0, tlv=15, sm=66, rd=80.00, cd=0, um=0","Time elapsed: 47.26 seconds","/home/thomasverwaal/Robust-Rail-NL/mathematical-models/local_search_plans_discreet_120/plan_33_trains_1_units13.json"
"/home/thomasverwaal/Robust-Rail-NL/mathematical-models/scenarios_solver_types_120/scenario_solver_33_trains_1_units13.json","Cost of next node: Cost = 315.0 : 391.32 | cr=9, dd=0, da=0, tlv=15, sm=66, rd=78.18, cd=0, um=0","Time elapsed: 49.46 seconds","/home/thomasverwaal/Robust-Rail-NL/mathematical-models/local_search_plans_discreet_120/plan_33_trains_1_units13.json"
"/home/thomasverwaal/Robust-Rail-NL/mathematical-models/scenarios_solver_types_120/scenario_solver_33_trains_1_units13.json","Cost of next node: Cost = 310.0 : 391.32 | cr=7, dd=0, da=0, tlv=16, sm=66, rd=76.36, cd=0, um=0","Time elapsed: 51.74 seconds","/home/thomasverwaal/Robust-Rail-NL/mathematical-models/local_search_plans_discreet_120/plan_33_trains_1_units13.json"
"/home/thomasverwaal/Robust-Rail-NL/mathematical-models/scenarios_solver_types_120/scenario_solver_33_trains_1_units13.json","Cost of next node: Cost = 295.0 : 371.32 | cr=7, dd=0, da=0, tlv=15, sm=66, rd=78.18, cd=0, um=0","Time elapsed: 53.85 seconds","/home/thomasverwaal/Robust-Rail-NL/mathematical-models/local_search_plans_discreet_120/plan_33_trains_1_units13.json"
"/home/thomasverwaal/Robust-Rail-NL/mathematical-models/scenarios_solver_types_120/scenario_solver_33_trains_1_units13.json","Cost of next node: Cost = 285.0 : 361.32 | cr=6, dd=0, da=0, tlv=15, sm=66, rd=78.18, cd=0, um=0","Time elapsed: 76.29 seconds","/home/thomasverwaal/Robust-Rail-NL/mathematical-models/local_search_plans_discreet_120/plan_33_trains_1_units13.json"
"/home/thomasverwaal/Robust-Rail-NL/mathematical-models/scenarios_solver_types_120/scenario_solver_33_trains_1_units13.json","Cost of next node: Cost = 275.0 : 351.34 | cr=5, dd=0, da=0, tlv=15, sm=67, rd=78.81, cd=0, um=0","Time elapsed: 87.98 seconds","/home/thomasverwaal/Robust-Rail-NL/mathematical-models/local_search_plans_discreet_120/plan_33_trains_1_units13.json"
"/home/thomasverwaal/Robust-Rail-NL/mathematical-models/scenarios_solver_types_120/scenario_solver_33_trains_1_units13.json","Cost of next node: Cost = 270.0 : 341.36 | cr=6, dd=0, da=0, tlv=14, sm=68, rd=81.18, cd=0, um=0","Time elapsed: 110.94 seconds","/home/thomasverwaal/Robust-Rail-NL/mathematical-models/local_search_plans_discreet_120/plan_33_trains_1_units13.json"
"/home/thomasverwaal/Robust-Rail-NL/mathematical-models/scenarios_solver_types_120/scenario_solver_33_trains_1_units13.json","Cost of next node: Cost = 260.0 : 331.36 | cr=5, dd=0, da=0, tlv=14, sm=68, rd=81.18, cd=0, um=0","Time elapsed: 173.36 seconds","/home/thomasverwaal/Robust-Rail-NL/mathematical-models/local_search_plans_discreet_120/plan_33_trains_1_units13.json"
"/home/thomasverwaal/Robust-Rail-NL/mathematical-models/scenarios_solver_types_120/scenario_solver_33_trains_1_units13.json","Cost of next node: Cost = 250.0 : 321.36 | cr=4, dd=0, da=0, tlv=14, sm=68, rd=81.18, cd=0, um=0","Time elapsed: 279.75 seconds","/home/thomasverwaal/Robust-Rail-NL/mathematical-models/local_search_plans_discreet_120/plan_33_trains_1_units13.json"
"/home/thomasverwaal/Robust-Rail-NL/mathematical-models/scenarios_solver_types_120/scenario_solver_33_trains_1_units13.json","NO_COST_FOUND","NO_TIME_FOUND","NO_PLAN_CREATED"
