scenario,cost_line,time_line,plan_file
"/home/thomasverwaal/Robust-Rail-NL/mathematical-models/scenarios_solver_types_120/scenario_solver_32_trains_1_units1.json","Cost of next node: Cost = 2,739.3 : 2,740.59 | cr=41, dd=32, da=30, tlv=0, sm=64, rd=180.00, cd=0, um=0","Time elapsed: 5.09 seconds","/home/thomasverwaal/Robust-Rail-NL/mathematical-models/local_search_plans_discreet_120/plan_32_trains_1_units1.json"
"/home/thomasverwaal/Robust-Rail-NL/mathematical-models/scenarios_solver_types_120/scenario_solver_32_trains_1_units1.json","Cost of next node: Cost = 2,711.9 : 2,713.23 | cr=39, dd=32, da=30, tlv=0, sm=64, rd=178.12, cd=0, um=0","Time elapsed: 5.21 seconds","/home/thomasverwaal/Robust-Rail-NL/mathematical-models/local_search_plans_discreet_120/plan_32_trains_1_units1.json"
"/home/thomasverwaal/Robust-Rail-NL/mathematical-models/scenarios_solver_types_120/scenario_solver_32_trains_1_units1.json","Cost of next node: Cost = 2,691.5 : 2,692.77 | cr=37, dd=32, da=30, tlv=0, sm=64, rd=178.12, cd=0, um=0","Time elapsed: 5.49 seconds","/home/thomasverwaal/Robust-Rail-NL/mathematical-models/local_search_plans_discreet_120/plan_32_trains_1_units1.json"
"/home/thomasverwaal/Robust-Rail-NL/mathematical-models/scenarios_solver_types_120/scenario_solver_32_trains_1_units1.json","Cost of next node: Cost = 2,670.8 : 2,672.05 | cr=35, dd=32, da=30, tlv=0, sm=64, rd=178.12, cd=0, um=0","Time elapsed: 5.77 seconds","/home/thomasverwaal/Robust-Rail-NL/mathematical-models/local_search_plans_discreet_120/plan_32_trains_1_units1.json"
"/home/thomasverwaal/Robust-Rail-NL/mathematical-models/scenarios_solver_types_120/scenario_solver_32_trains_1_units1.json","Cost of next node: Cost = 2,636.3 : 2,642.57 | cr=36, dd=32, da=28, tlv=1, sm=64, rd=175.31, cd=0, um=0","Time elapsed: 6.04 seconds","/home/thomasverwaal/Robust-Rail-NL/mathematical-models/local_search_plans_discreet_120/plan_32_trains_1_units1.json"
"/home/thomasverwaal/Robust-Rail-NL/mathematical-models/scenarios_solver_types_120/scenario_solver_32_trains_1_units1.json","Cost of next node: Cost = 2,608.5 : 2,609.75 | cr=35, dd=32, da=28, tlv=0, sm=64, rd=173.44, cd=0, um=0","Time elapsed: 6.32 seconds","/home/thomasverwaal/Robust-Rail-NL/mathematical-models/local_search_plans_discreet_120/plan_32_trains_1_units1.json"
"/home/thomasverwaal/Robust-Rail-NL/mathematical-models/scenarios_solver_types_120/scenario_solver_32_trains_1_units1.json","Cost of next node: Cost = 2,493.8 : 2,495.07 | cr=36, dd=32, da=22, tlv=0, sm=64, rd=166.88, cd=0, um=0","Time elapsed: 6.58 seconds","/home/thomasverwaal/Robust-Rail-NL/mathematical-models/local_search_plans_discreet_120/plan_32_trains_1_units1.json"
"/home/thomasverwaal/Robust-Rail-NL/mathematical-models/scenarios_solver_types_120/scenario_solver_32_trains_1_units1.json","Cost of next node: Cost = 2,384.5 : 2,390.75 | cr=33, dd=32, da=17, tlv=1, sm=64, rd=164.06, cd=0, um=0","Time elapsed: 6.80 seconds","/home/thomasverwaal/Robust-Rail-NL/mathematical-models/local_search_plans_discreet_120/plan_32_trains_1_units1.json"
"/home/thomasverwaal/Robust-Rail-NL/mathematical-models/scenarios_solver_types_120/scenario_solver_32_trains_1_units1.json","Cost of next node: Cost = 2,364.2 : 2,370.48 | cr=31, dd=32, da=17, tlv=1, sm=64, rd=164.06, cd=0, um=0","Time elapsed: 6.84 seconds","/home/thomasverwaal/Robust-Rail-NL/mathematical-models/local_search_plans_discreet_120/plan_32_trains_1_units1.json"
"/home/thomasverwaal/Robust-Rail-NL/mathematical-models/scenarios_solver_types_120/scenario_solver_32_trains_1_units1.json","Cost of next node: Cost = 2,335.8 : 2,347.13 | cr=31, dd=32, da=15, tlv=2, sm=64, rd=159.38, cd=0, um=0","Time elapsed: 7.13 seconds","/home/thomasverwaal/Robust-Rail-NL/mathematical-models/local_search_plans_discreet_120/plan_32_trains_1_units1.json"
"/home/thomasverwaal/Robust-Rail-NL/mathematical-models/scenarios_solver_types_120/scenario_solver_32_trains_1_units1.json","Cost of next node: Cost = 2,291.0 : 2,307.28 | cr=31, dd=32, da=12, tlv=3, sm=64, rd=155.62, cd=0, um=0","Time elapsed: 7.34 seconds","/home/thomasverwaal/Robust-Rail-NL/mathematical-models/local_search_plans_discreet_120/plan_32_trains_1_units1.json"
"/home/thomasverwaal/Robust-Rail-NL/mathematical-models/scenarios_solver_types_120/scenario_solver_32_trains_1_units1.json","Cost of next node: Cost = 2,268.3 : 2,284.53 | cr=30, dd=32, da=12, tlv=3, sm=64, rd=151.88, cd=0, um=0","Time elapsed: 7.77 seconds","/home/thomasverwaal/Robust-Rail-NL/mathematical-models/local_search_plans_discreet_120/plan_32_trains_1_units1.json"
"/home/thomasverwaal/Robust-Rail-NL/mathematical-models/scenarios_solver_types_120/scenario_solver_32_trains_1_units1.json","Cost of next node: Cost = 2,248.0 : 2,264.28 | cr=30, dd=32, da=11, tlv=3, sm=64, rd=150.00, cd=0, um=0","Time elapsed: 8.29 seconds","/home/thomasverwaal/Robust-Rail-NL/mathematical-models/local_search_plans_discreet_120/plan_32_trains_1_units1.json"
"/home/thomasverwaal/Robust-Rail-NL/mathematical-models/scenarios_solver_types_120/scenario_solver_32_trains_1_units1.json","Cost of next node: Cost = 2,223.0 : 2,244.28 | cr=26, dd=32, da=11, tlv=4, sm=64, rd=150.00, cd=0, um=0","Time elapsed: 8.96 seconds","/home/thomasverwaal/Robust-Rail-NL/mathematical-models/local_search_plans_discreet_120/plan_32_trains_1_units1.json"
"/home/thomasverwaal/Robust-Rail-NL/mathematical-models/scenarios_solver_types_120/scenario_solver_32_trains_1_units1.json","Cost of next node: Cost = 2,178.2 : 2,204.46 | cr=22, dd=32, da=11, tlv=5, sm=64, rd=140.62, cd=0, um=0","Time elapsed: 9.91 seconds","/home/thomasverwaal/Robust-Rail-NL/mathematical-models/local_search_plans_discreet_120/plan_32_trains_1_units1.json"
"/home/thomasverwaal/Robust-Rail-NL/mathematical-models/scenarios_solver_types_120/scenario_solver_32_trains_1_units1.json","Cost of next node: Cost = 2,154.9 : 2,186.19 | cr=21, dd=32, da=10, tlv=6, sm=64, rd=135.00, cd=0, um=0","Time elapsed: 10.78 seconds","/home/thomasverwaal/Robust-Rail-NL/mathematical-models/local_search_plans_discreet_120/plan_32_trains_1_units1.json"
"/home/thomasverwaal/Robust-Rail-NL/mathematical-models/scenarios_solver_types_120/scenario_solver_32_trains_1_units1.json","Cost of next node: Cost = 2,126.9 : 2,163.17 | cr=17, dd=32, da=10, tlv=7, sm=64, rd=135.94, cd=0, um=0","Time elapsed: 11.29 seconds","/home/thomasverwaal/Robust-Rail-NL/mathematical-models/local_search_plans_discreet_120/plan_32_trains_1_units1.json"
"/home/thomasverwaal/Robust-Rail-NL/mathematical-models/scenarios_solver_types_120/scenario_solver_32_trains_1_units1.json","Cost of next node: Cost = 2,021.6 : 2,057.88 | cr=23, dd=29, da=10, tlv=7, sm=64, rd=130.31, cd=0, um=0","Time elapsed: 11.59 seconds","/home/thomasverwaal/Robust-Rail-NL/mathematical-models/local_search_plans_discreet_120/plan_32_trains_1_units1.json"
"/home/thomasverwaal/Robust-Rail-NL/mathematical-models/scenarios_solver_types_120/scenario_solver_32_trains_1_units1.json","Cost of next node: Cost = 1,935.2 : 1,971.50 | cr=25, dd=27, da=10, tlv=7, sm=64, rd=123.75, cd=0, um=0","Time elapsed: 11.68 seconds","/home/thomasverwaal/Robust-Rail-NL/mathematical-models/local_search_plans_discreet_120/plan_32_trains_1_units1.json"
"/home/thomasverwaal/Robust-Rail-NL/mathematical-models/scenarios_solver_types_120/scenario_solver_32_trains_1_units1.json","Cost of next node: Cost = 1,896.4 : 1,932.73 | cr=26, dd=26, da=10, tlv=7, sm=64, rd=123.75, cd=0, um=0","Time elapsed: 11.84 seconds","/home/thomasverwaal/Robust-Rail-NL/mathematical-models/local_search_plans_discreet_120/plan_32_trains_1_units1.json"
"/home/thomasverwaal/Robust-Rail-NL/mathematical-models/scenarios_solver_types_120/scenario_solver_32_trains_1_units1.json","Cost of next node: Cost = 1,856.8 : 1,893.13 | cr=27, dd=25, da=10, tlv=7, sm=64, rd=123.75, cd=0, um=0","Time elapsed: 12.12 seconds","/home/thomasverwaal/Robust-Rail-NL/mathematical-models/local_search_plans_discreet_120/plan_32_trains_1_units1.json"
"/home/thomasverwaal/Robust-Rail-NL/mathematical-models/scenarios_solver_types_120/scenario_solver_32_trains_1_units1.json","Cost of next node: Cost = 1,817.8 : 1,854.04 | cr=28, dd=24, da=10, tlv=7, sm=64, rd=123.75, cd=0, um=0","Time elapsed: 12.29 seconds","/home/thomasverwaal/Robust-Rail-NL/mathematical-models/local_search_plans_discreet_120/plan_32_trains_1_units1.json"
"/home/thomasverwaal/Robust-Rail-NL/mathematical-models/scenarios_solver_types_120/scenario_solver_32_trains_1_units1.json","Cost of next node: Cost = 1,758.0 : 1,794.28 | cr=27, dd=23, da=10, tlv=7, sm=64, rd=123.75, cd=0, um=0","Time elapsed: 12.47 seconds","/home/thomasverwaal/Robust-Rail-NL/mathematical-models/local_search_plans_discreet_120/plan_32_trains_1_units1.json"
"/home/thomasverwaal/Robust-Rail-NL/mathematical-models/scenarios_solver_types_120/scenario_solver_32_trains_1_units1.json","Cost of next node: Cost = 1,698.1 : 1,734.41 | cr=26, dd=22, da=10, tlv=7, sm=64, rd=123.75, cd=0, um=0","Time elapsed: 12.63 seconds","/home/thomasverwaal/Robust-Rail-NL/mathematical-models/local_search_plans_discreet_120/plan_32_trains_1_units1.json"
"/home/thomasverwaal/Robust-Rail-NL/mathematical-models/scenarios_solver_types_120/scenario_solver_32_trains_1_units1.json","Cost of next node: Cost = 1,672.5 : 1,713.83 | cr=24, dd=22, da=9, tlv=8, sm=64, rd=120.00, cd=0, um=0","Time elapsed: 13.04 seconds","/home/thomasverwaal/Robust-Rail-NL/mathematical-models/local_search_plans_discreet_120/plan_32_trains_1_units1.json"
"/home/thomasverwaal/Robust-Rail-NL/mathematical-models/scenarios_solver_types_120/scenario_solver_32_trains_1_units1.json","Cost of next node: Cost = 1,636.0 : 1,677.32 | cr=25, dd=21, da=9, tlv=8, sm=64, rd=120.00, cd=0, um=0","Time elapsed: 13.14 seconds","/home/thomasverwaal/Robust-Rail-NL/mathematical-models/local_search_plans_discreet_120/plan_32_trains_1_units1.json"
"/home/thomasverwaal/Robust-Rail-NL/mathematical-models/scenarios_solver_types_120/scenario_solver_32_trains_1_units1.json","Cost of next node: Cost = 1,571.6 : 1,617.91 | cr=25, dd=20, da=8, tlv=9, sm=64, rd=114.38, cd=0, um=0","Time elapsed: 13.43 seconds","/home/thomasverwaal/Robust-Rail-NL/mathematical-models/local_search_plans_discreet_120/plan_32_trains_1_units1.json"
"/home/thomasverwaal/Robust-Rail-NL/mathematical-models/scenarios_solver_types_120/scenario_solver_32_trains_1_units1.json","Cost of next node: Cost = 1,549.6 : 1,595.85 | cr=22, dd=20, da=8, tlv=9, sm=64, rd=118.12, cd=0, um=0","Time elapsed: 13.63 seconds","/home/thomasverwaal/Robust-Rail-NL/mathematical-models/local_search_plans_discreet_120/plan_32_trains_1_units1.json"
"/home/thomasverwaal/Robust-Rail-NL/mathematical-models/scenarios_solver_types_120/scenario_solver_32_trains_1_units1.json","Cost of next node: Cost = 1,487.7 : 1,538.96 | cr=22, dd=19, da=7, tlv=10, sm=64, rd=112.50, cd=0, um=0","Time elapsed: 13.96 seconds","/home/thomasverwaal/Robust-Rail-NL/mathematical-models/local_search_plans_discreet_120/plan_32_trains_1_units1.json"
"/home/thomasverwaal/Robust-Rail-NL/mathematical-models/scenarios_solver_types_120/scenario_solver_32_trains_1_units1.json","Cost of next node: Cost = 1,361.0 : 1,417.29 | cr=22, dd=18, da=3, tlv=11, sm=64, rd=105.00, cd=0, um=0","Time elapsed: 14.24 seconds","/home/thomasverwaal/Robust-Rail-NL/mathematical-models/local_search_plans_discreet_120/plan_32_trains_1_units1.json"
"/home/thomasverwaal/Robust-Rail-NL/mathematical-models/scenarios_solver_types_120/scenario_solver_32_trains_1_units1.json","Cost of next node: Cost = 1,316.8 : 1,373.08 | cr=22, dd=17, da=3, tlv=11, sm=64, rd=105.00, cd=0, um=0","Time elapsed: 14.32 seconds","/home/thomasverwaal/Robust-Rail-NL/mathematical-models/local_search_plans_discreet_120/plan_32_trains_1_units1.json"
"/home/thomasverwaal/Robust-Rail-NL/mathematical-models/scenarios_solver_types_120/scenario_solver_32_trains_1_units1.json","Cost of next node: Cost = 1,276.8 : 1,338.08 | cr=19, dd=17, da=2, tlv=12, sm=64, rd=101.25, cd=0, um=0","Time elapsed: 14.70 seconds","/home/thomasverwaal/Robust-Rail-NL/mathematical-models/local_search_plans_discreet_120/plan_32_trains_1_units1.json"
"/home/thomasverwaal/Robust-Rail-NL/mathematical-models/scenarios_solver_types_120/scenario_solver_32_trains_1_units1.json","Cost of next node: Cost = 1,219.0 : 1,285.24 | cr=19, dd=16, da=1, tlv=13, sm=64, rd=97.50, cd=0, um=0","Time elapsed: 14.95 seconds","/home/thomasverwaal/Robust-Rail-NL/mathematical-models/local_search_plans_discreet_120/plan_32_trains_1_units1.json"
"/home/thomasverwaal/Robust-Rail-NL/mathematical-models/scenarios_solver_types_120/scenario_solver_32_trains_1_units1.json","Cost of next node: Cost = 1,184.5 : 1,250.74 | cr=20, dd=15, da=1, tlv=13, sm=64, rd=97.50, cd=0, um=0","Time elapsed: 15.06 seconds","/home/thomasverwaal/Robust-Rail-NL/mathematical-models/local_search_plans_discreet_120/plan_32_trains_1_units1.json"
"/home/thomasverwaal/Robust-Rail-NL/mathematical-models/scenarios_solver_types_120/scenario_solver_32_trains_1_units1.json","Cost of next node: Cost = 989.9 : 1,061.20 | cr=17, dd=12, da=0, tlv=14, sm=64, rd=90.00, cd=0, um=0","Time elapsed: 15.49 seconds","/home/thomasverwaal/Robust-Rail-NL/mathematical-models/local_search_plans_discreet_120/plan_32_trains_1_units1.json"
"/home/thomasverwaal/Robust-Rail-NL/mathematical-models/scenarios_solver_types_120/scenario_solver_32_trains_1_units1.json","Cost of next node: Cost = 385.0 : 461.28 | cr=16, dd=0, da=0, tlv=15, sm=64, rd=78.75, cd=0, um=0","Time elapsed: 15.78 seconds","/home/thomasverwaal/Robust-Rail-NL/mathematical-models/local_search_plans_discreet_120/plan_32_trains_1_units1.json"
"/home/thomasverwaal/Robust-Rail-NL/mathematical-models/scenarios_solver_types_120/scenario_solver_32_trains_1_units1.json","Cost of next node: Cost = 360.0 : 431.28 | cr=15, dd=0, da=0, tlv=14, sm=64, rd=78.75, cd=0, um=0","Time elapsed: 16.06 seconds","/home/thomasverwaal/Robust-Rail-NL/mathematical-models/local_search_plans_discreet_120/plan_32_trains_1_units1.json"
"/home/thomasverwaal/Robust-Rail-NL/mathematical-models/scenarios_solver_types_120/scenario_solver_32_trains_1_units1.json","Cost of next node: Cost = 330.0 : 401.28 | cr=12, dd=0, da=0, tlv=14, sm=64, rd=78.75, cd=0, um=0","Time elapsed: 16.31 seconds","/home/thomasverwaal/Robust-Rail-NL/mathematical-models/local_search_plans_discreet_120/plan_32_trains_1_units1.json"
"/home/thomasverwaal/Robust-Rail-NL/mathematical-models/scenarios_solver_types_120/scenario_solver_32_trains_1_units1.json","Cost of next node: Cost = 320.0 : 391.28 | cr=11, dd=0, da=0, tlv=14, sm=64, rd=78.75, cd=0, um=0","Time elapsed: 19.61 seconds","/home/thomasverwaal/Robust-Rail-NL/mathematical-models/local_search_plans_discreet_120/plan_32_trains_1_units1.json"
"/home/thomasverwaal/Robust-Rail-NL/mathematical-models/scenarios_solver_types_120/scenario_solver_32_trains_1_units1.json","Cost of next node: Cost = 310.0 : 381.28 | cr=10, dd=0, da=0, tlv=14, sm=64, rd=78.75, cd=0, um=0","Time elapsed: 23.00 seconds","/home/thomasverwaal/Robust-Rail-NL/mathematical-models/local_search_plans_discreet_120/plan_32_trains_1_units1.json"
"/home/thomasverwaal/Robust-Rail-NL/mathematical-models/scenarios_solver_types_120/scenario_solver_32_trains_1_units1.json","Cost of next node: Cost = 300.0 : 371.28 | cr=9, dd=0, da=0, tlv=14, sm=64, rd=80.62, cd=0, um=0","Time elapsed: 26.02 seconds","/home/thomasverwaal/Robust-Rail-NL/mathematical-models/local_search_plans_discreet_120/plan_32_trains_1_units1.json"
"/home/thomasverwaal/Robust-Rail-NL/mathematical-models/scenarios_solver_types_120/scenario_solver_32_trains_1_units1.json","Cost of next node: Cost = 290.0 : 361.28 | cr=8, dd=0, da=0, tlv=14, sm=64, rd=78.75, cd=0, um=0","Time elapsed: 28.72 seconds","/home/thomasverwaal/Robust-Rail-NL/mathematical-models/local_search_plans_discreet_120/plan_32_trains_1_units1.json"
"/home/thomasverwaal/Robust-Rail-NL/mathematical-models/scenarios_solver_types_120/scenario_solver_32_trains_1_units1.json","Cost of next node: Cost = 280.0 : 351.28 | cr=7, dd=0, da=0, tlv=14, sm=64, rd=80.62, cd=0, um=0","Time elapsed: 51.84 seconds","/home/thomasverwaal/Robust-Rail-NL/mathematical-models/local_search_plans_discreet_120/plan_32_trains_1_units1.json"
"/home/thomasverwaal/Robust-Rail-NL/mathematical-models/scenarios_solver_types_120/scenario_solver_32_trains_1_units1.json","Cost of next node: Cost = 270.0 : 341.28 | cr=6, dd=0, da=0, tlv=14, sm=64, rd=82.50, cd=0, um=0","Time elapsed: 54.00 seconds","/home/thomasverwaal/Robust-Rail-NL/mathematical-models/local_search_plans_discreet_120/plan_32_trains_1_units1.json"
"/home/thomasverwaal/Robust-Rail-NL/mathematical-models/scenarios_solver_types_120/scenario_solver_32_trains_1_units1.json","Cost of next node: Cost = 260.0 : 331.28 | cr=5, dd=0, da=0, tlv=14, sm=64, rd=82.50, cd=0, um=0","Time elapsed: 211.49 seconds","/home/thomasverwaal/Robust-Rail-NL/mathematical-models/local_search_plans_discreet_120/plan_32_trains_1_units1.json"
"/home/thomasverwaal/Robust-Rail-NL/mathematical-models/scenarios_solver_types_120/scenario_solver_32_trains_1_units1.json","Cost of next node: Cost = 250.0 : 321.28 | cr=4, dd=0, da=0, tlv=14, sm=64, rd=84.38, cd=0, um=0","Time elapsed: 213.43 seconds","/home/thomasverwaal/Robust-Rail-NL/mathematical-models/local_search_plans_discreet_120/plan_32_trains_1_units1.json"
"/home/thomasverwaal/Robust-Rail-NL/mathematical-models/scenarios_solver_types_120/scenario_solver_32_trains_1_units1.json","NO_COST_FOUND","NO_TIME_FOUND","NO_PLAN_CREATED"
"/home/thomasverwaal/Robust-Rail-NL/mathematical-models/scenarios_solver_types_120/scenario_solver_32_trains_1_units10.json","Cost of next node: Cost = 2,742.7 : 2,743.94 | cr=41, dd=32, da=30, tlv=0, sm=64, rd=180.00, cd=0, um=0","Time elapsed: 4.22 seconds","/home/thomasverwaal/Robust-Rail-NL/mathematical-models/local_search_plans_discreet_120/plan_32_trains_1_units10.json"
"/home/thomasverwaal/Robust-Rail-NL/mathematical-models/scenarios_solver_types_120/scenario_solver_32_trains_1_units10.json","Cost of next node: Cost = 2,715.3 : 2,716.58 | cr=39, dd=32, da=30, tlv=0, sm=64, rd=178.12, cd=0, um=0","Time elapsed: 4.34 seconds","/home/thomasverwaal/Robust-Rail-NL/mathematical-models/local_search_plans_discreet_120/plan_32_trains_1_units10.json"
"/home/thomasverwaal/Robust-Rail-NL/mathematical-models/scenarios_solver_types_120/scenario_solver_32_trains_1_units10.json","Cost of next node: Cost = 2,694.8 : 2,696.13 | cr=37, dd=32, da=30, tlv=0, sm=64, rd=178.12, cd=0, um=0","Time elapsed: 4.63 seconds","/home/thomasverwaal/Robust-Rail-NL/mathematical-models/local_search_plans_discreet_120/plan_32_trains_1_units10.json"
"/home/thomasverwaal/Robust-Rail-NL/mathematical-models/scenarios_solver_types_120/scenario_solver_32_trains_1_units10.json","Cost of next node: Cost = 2,674.1 : 2,675.40 | cr=35, dd=32, da=30, tlv=0, sm=64, rd=178.12, cd=0, um=0","Time elapsed: 4.90 seconds","/home/thomasverwaal/Robust-Rail-NL/mathematical-models/local_search_plans_discreet_120/plan_32_trains_1_units10.json"
"/home/thomasverwaal/Robust-Rail-NL/mathematical-models/scenarios_solver_types_120/scenario_solver_32_trains_1_units10.json","Cost of next node: Cost = 2,631.4 : 2,632.69 | cr=35, dd=32, da=29, tlv=0, sm=64, rd=173.44, cd=0, um=0","Time elapsed: 5.22 seconds","/home/thomasverwaal/Robust-Rail-NL/mathematical-models/local_search_plans_discreet_120/plan_32_trains_1_units10.json"
"/home/thomasverwaal/Robust-Rail-NL/mathematical-models/scenarios_solver_types_120/scenario_solver_32_trains_1_units10.json","Cost of next node: Cost = 2,576.2 : 2,582.52 | cr=32, dd=32, da=27, tlv=1, sm=64, rd=172.50, cd=0, um=0","Time elapsed: 5.47 seconds","/home/thomasverwaal/Robust-Rail-NL/mathematical-models/local_search_plans_discreet_120/plan_32_trains_1_units10.json"
"/home/thomasverwaal/Robust-Rail-NL/mathematical-models/scenarios_solver_types_120/scenario_solver_32_trains_1_units10.json","Cost of next node: Cost = 2,511.2 : 2,517.48 | cr=32, dd=32, da=24, tlv=1, sm=64, rd=168.75, cd=0, um=0","Time elapsed: 5.74 seconds","/home/thomasverwaal/Robust-Rail-NL/mathematical-models/local_search_plans_discreet_120/plan_32_trains_1_units10.json"
"/home/thomasverwaal/Robust-Rail-NL/mathematical-models/scenarios_solver_types_120/scenario_solver_32_trains_1_units10.json","Cost of next node: Cost = 2,436.9 : 2,448.14 | cr=28, dd=32, da=22, tlv=2, sm=64, rd=166.88, cd=0, um=0","Time elapsed: 6.01 seconds","/home/thomasverwaal/Robust-Rail-NL/mathematical-models/local_search_plans_discreet_120/plan_32_trains_1_units10.json"
"/home/thomasverwaal/Robust-Rail-NL/mathematical-models/scenarios_solver_types_120/scenario_solver_32_trains_1_units10.json","Cost of next node: Cost = 2,408.3 : 2,424.56 | cr=28, dd=32, da=20, tlv=3, sm=64, rd=163.12, cd=0, um=0","Time elapsed: 6.26 seconds","/home/thomasverwaal/Robust-Rail-NL/mathematical-models/local_search_plans_discreet_120/plan_32_trains_1_units10.json"
"/home/thomasverwaal/Robust-Rail-NL/mathematical-models/scenarios_solver_types_120/scenario_solver_32_trains_1_units10.json","Cost of next node: Cost = 2,370.2 : 2,391.49 | cr=29, dd=32, da=17, tlv=4, sm=64, rd=157.50, cd=0, um=0","Time elapsed: 6.53 seconds","/home/thomasverwaal/Robust-Rail-NL/mathematical-models/local_search_plans_discreet_120/plan_32_trains_1_units10.json"
"/home/thomasverwaal/Robust-Rail-NL/mathematical-models/scenarios_solver_types_120/scenario_solver_32_trains_1_units10.json","Cost of next node: Cost = 2,336.6 : 2,362.90 | cr=31, dd=32, da=13, tlv=5, sm=64, rd=159.38, cd=0, um=0","Time elapsed: 6.90 seconds","/home/thomasverwaal/Robust-Rail-NL/mathematical-models/local_search_plans_discreet_120/plan_32_trains_1_units10.json"
"/home/thomasverwaal/Robust-Rail-NL/mathematical-models/scenarios_solver_types_120/scenario_solver_32_trains_1_units10.json","Cost of next node: Cost = 2,287.6 : 2,313.84 | cr=29, dd=32, da=12, tlv=5, sm=64, rd=152.81, cd=0, um=0","Time elapsed: 7.44 seconds","/home/thomasverwaal/Robust-Rail-NL/mathematical-models/local_search_plans_discreet_120/plan_32_trains_1_units10.json"
"/home/thomasverwaal/Robust-Rail-NL/mathematical-models/scenarios_solver_types_120/scenario_solver_32_trains_1_units10.json","Cost of next node: Cost = 2,267.4 : 2,293.65 | cr=29, dd=32, da=11, tlv=5, sm=64, rd=148.12, cd=0, um=0","Time elapsed: 8.17 seconds","/home/thomasverwaal/Robust-Rail-NL/mathematical-models/local_search_plans_discreet_120/plan_32_trains_1_units10.json"
"/home/thomasverwaal/Robust-Rail-NL/mathematical-models/scenarios_solver_types_120/scenario_solver_32_trains_1_units10.json","Cost of next node: Cost = 2,242.4 : 2,273.65 | cr=25, dd=32, da=11, tlv=6, sm=64, rd=148.12, cd=0, um=0","Time elapsed: 8.46 seconds","/home/thomasverwaal/Robust-Rail-NL/mathematical-models/local_search_plans_discreet_120/plan_32_trains_1_units10.json"
"/home/thomasverwaal/Robust-Rail-NL/mathematical-models/scenarios_solver_types_120/scenario_solver_32_trains_1_units10.json","Cost of next node: Cost = 2,212.4 : 2,243.65 | cr=22, dd=32, da=11, tlv=6, sm=64, rd=148.12, cd=0, um=0","Time elapsed: 8.52 seconds","/home/thomasverwaal/Robust-Rail-NL/mathematical-models/local_search_plans_discreet_120/plan_32_trains_1_units10.json"
"/home/thomasverwaal/Robust-Rail-NL/mathematical-models/scenarios_solver_types_120/scenario_solver_32_trains_1_units10.json","Cost of next node: Cost = 2,184.6 : 2,215.85 | cr=22, dd=32, da=10, tlv=6, sm=64, rd=144.38, cd=0, um=0","Time elapsed: 8.81 seconds","/home/thomasverwaal/Robust-Rail-NL/mathematical-models/local_search_plans_discreet_120/plan_32_trains_1_units10.json"
"/home/thomasverwaal/Robust-Rail-NL/mathematical-models/scenarios_solver_types_120/scenario_solver_32_trains_1_units10.json","Cost of next node: Cost = 2,155.9 : 2,192.19 | cr=20, dd=32, da=10, tlv=7, sm=64, rd=134.06, cd=0, um=0","Time elapsed: 9.11 seconds","/home/thomasverwaal/Robust-Rail-NL/mathematical-models/local_search_plans_discreet_120/plan_32_trains_1_units10.json"
"/home/thomasverwaal/Robust-Rail-NL/mathematical-models/scenarios_solver_types_120/scenario_solver_32_trains_1_units10.json","Cost of next node: Cost = 2,066.7 : 2,107.98 | cr=23, dd=29, da=12, tlv=8, sm=64, rd=129.38, cd=0, um=0","Time elapsed: 9.34 seconds","/home/thomasverwaal/Robust-Rail-NL/mathematical-models/local_search_plans_discreet_120/plan_32_trains_1_units10.json"
"/home/thomasverwaal/Robust-Rail-NL/mathematical-models/scenarios_solver_types_120/scenario_solver_32_trains_1_units10.json","Cost of next node: Cost = 2,046.2 : 2,087.48 | cr=21, dd=29, da=12, tlv=8, sm=64, rd=129.38, cd=0, um=0","Time elapsed: 9.45 seconds","/home/thomasverwaal/Robust-Rail-NL/mathematical-models/local_search_plans_discreet_120/plan_32_trains_1_units10.json"
"/home/thomasverwaal/Robust-Rail-NL/mathematical-models/scenarios_solver_types_120/scenario_solver_32_trains_1_units10.json","Cost of next node: Cost = 1,957.1 : 1,998.41 | cr=22, dd=27, da=12, tlv=8, sm=64, rd=129.38, cd=0, um=0","Time elapsed: 9.57 seconds","/home/thomasverwaal/Robust-Rail-NL/mathematical-models/local_search_plans_discreet_120/plan_32_trains_1_units10.json"
"/home/thomasverwaal/Robust-Rail-NL/mathematical-models/scenarios_solver_types_120/scenario_solver_32_trains_1_units10.json","Cost of next node: Cost = 1,917.3 : 1,958.59 | cr=23, dd=26, da=12, tlv=8, sm=64, rd=129.38, cd=0, um=0","Time elapsed: 9.74 seconds","/home/thomasverwaal/Robust-Rail-NL/mathematical-models/local_search_plans_discreet_120/plan_32_trains_1_units10.json"
"/home/thomasverwaal/Robust-Rail-NL/mathematical-models/scenarios_solver_types_120/scenario_solver_32_trains_1_units10.json","Cost of next node: Cost = 1,878.8 : 1,920.06 | cr=24, dd=25, da=12, tlv=8, sm=64, rd=129.38, cd=0, um=0","Time elapsed: 9.88 seconds","/home/thomasverwaal/Robust-Rail-NL/mathematical-models/local_search_plans_discreet_120/plan_32_trains_1_units10.json"
"/home/thomasverwaal/Robust-Rail-NL/mathematical-models/scenarios_solver_types_120/scenario_solver_32_trains_1_units10.json","Cost of next node: Cost = 1,818.2 : 1,859.48 | cr=23, dd=24, da=12, tlv=8, sm=64, rd=129.38, cd=0, um=0","Time elapsed: 10.01 seconds","/home/thomasverwaal/Robust-Rail-NL/mathematical-models/local_search_plans_discreet_120/plan_32_trains_1_units10.json"
"/home/thomasverwaal/Robust-Rail-NL/mathematical-models/scenarios_solver_types_120/scenario_solver_32_trains_1_units10.json","Cost of next node: Cost = 1,795.7 : 1,836.93 | cr=23, dd=24, da=11, tlv=8, sm=64, rd=125.62, cd=0, um=0","Time elapsed: 10.31 seconds","/home/thomasverwaal/Robust-Rail-NL/mathematical-models/local_search_plans_discreet_120/plan_32_trains_1_units10.json"
"/home/thomasverwaal/Robust-Rail-NL/mathematical-models/scenarios_solver_types_120/scenario_solver_32_trains_1_units10.json","Cost of next node: Cost = 1,765.7 : 1,806.93 | cr=20, dd=24, da=11, tlv=8, sm=64, rd=125.62, cd=0, um=0","Time elapsed: 10.47 seconds","/home/thomasverwaal/Robust-Rail-NL/mathematical-models/local_search_plans_discreet_120/plan_32_trains_1_units10.json"
"/home/thomasverwaal/Robust-Rail-NL/mathematical-models/scenarios_solver_types_120/scenario_solver_32_trains_1_units10.json","Cost of next node: Cost = 1,742.3 : 1,778.61 | cr=19, dd=24, da=11, tlv=7, sm=64, rd=127.50, cd=0, um=0","Time elapsed: 10.63 seconds","/home/thomasverwaal/Robust-Rail-NL/mathematical-models/local_search_plans_discreet_120/plan_32_trains_1_units10.json"
"/home/thomasverwaal/Robust-Rail-NL/mathematical-models/scenarios_solver_types_120/scenario_solver_32_trains_1_units10.json","Cost of next node: Cost = 1,721.4 : 1,757.65 | cr=17, dd=24, da=11, tlv=7, sm=64, rd=127.50, cd=0, um=0","Time elapsed: 10.66 seconds","/home/thomasverwaal/Robust-Rail-NL/mathematical-models/local_search_plans_discreet_120/plan_32_trains_1_units10.json"
"/home/thomasverwaal/Robust-Rail-NL/mathematical-models/scenarios_solver_types_120/scenario_solver_32_trains_1_units10.json","Cost of next node: Cost = 1,456.1 : 1,497.33 | cr=21, dd=19, da=8, tlv=8, sm=64, rd=120.00, cd=0, um=0","Time elapsed: 10.92 seconds","/home/thomasverwaal/Robust-Rail-NL/mathematical-models/local_search_plans_discreet_120/plan_32_trains_1_units10.json"
"/home/thomasverwaal/Robust-Rail-NL/mathematical-models/scenarios_solver_types_120/scenario_solver_32_trains_1_units10.json","Cost of next node: Cost = 1,426.1 : 1,467.33 | cr=18, dd=19, da=8, tlv=8, sm=64, rd=120.00, cd=0, um=0","Time elapsed: 11.04 seconds","/home/thomasverwaal/Robust-Rail-NL/mathematical-models/local_search_plans_discreet_120/plan_32_trains_1_units10.json"
"/home/thomasverwaal/Robust-Rail-NL/mathematical-models/scenarios_solver_types_120/scenario_solver_32_trains_1_units10.json","Cost of next node: Cost = 1,395.0 : 1,436.31 | cr=20, dd=18, da=8, tlv=8, sm=64, rd=120.00, cd=0, um=0","Time elapsed: 11.16 seconds","/home/thomasverwaal/Robust-Rail-NL/mathematical-models/local_search_plans_discreet_120/plan_32_trains_1_units10.json"
"/home/thomasverwaal/Robust-Rail-NL/mathematical-models/scenarios_solver_types_120/scenario_solver_32_trains_1_units10.json","Cost of next node: Cost = 1,340.6 : 1,386.92 | cr=20, dd=17, da=7, tlv=9, sm=64, rd=116.25, cd=0, um=0","Time elapsed: 11.31 seconds","/home/thomasverwaal/Robust-Rail-NL/mathematical-models/local_search_plans_discreet_120/plan_32_trains_1_units10.json"
"/home/thomasverwaal/Robust-Rail-NL/mathematical-models/scenarios_solver_types_120/scenario_solver_32_trains_1_units10.json","Cost of next node: Cost = 1,246.8 : 1,298.10 | cr=21, dd=15, da=6, tlv=10, sm=64, rd=114.38, cd=0, um=0","Time elapsed: 11.65 seconds","/home/thomasverwaal/Robust-Rail-NL/mathematical-models/local_search_plans_discreet_120/plan_32_trains_1_units10.json"
"/home/thomasverwaal/Robust-Rail-NL/mathematical-models/scenarios_solver_types_120/scenario_solver_32_trains_1_units10.json","Cost of next node: Cost = 1,211.8 : 1,258.10 | cr=19, dd=15, da=6, tlv=9, sm=64, rd=116.25, cd=0, um=0","Time elapsed: 11.81 seconds","/home/thomasverwaal/Robust-Rail-NL/mathematical-models/local_search_plans_discreet_120/plan_32_trains_1_units10.json"
"/home/thomasverwaal/Robust-Rail-NL/mathematical-models/scenarios_solver_types_120/scenario_solver_32_trains_1_units10.json","Cost of next node: Cost = 1,175.3 : 1,226.54 | cr=20, dd=15, da=3, tlv=10, sm=64, rd=110.62, cd=0, um=0","Time elapsed: 12.05 seconds","/home/thomasverwaal/Robust-Rail-NL/mathematical-models/local_search_plans_discreet_120/plan_32_trains_1_units10.json"
"/home/thomasverwaal/Robust-Rail-NL/mathematical-models/scenarios_solver_types_120/scenario_solver_32_trains_1_units10.json","Cost of next node: Cost = 1,121.2 : 1,177.48 | cr=20, dd=14, da=2, tlv=11, sm=64, rd=108.75, cd=0, um=0","Time elapsed: 12.22 seconds","/home/thomasverwaal/Robust-Rail-NL/mathematical-models/local_search_plans_discreet_120/plan_32_trains_1_units10.json"
"/home/thomasverwaal/Robust-Rail-NL/mathematical-models/scenarios_solver_types_120/scenario_solver_32_trains_1_units10.json","Cost of next node: Cost = 1,096.9 : 1,158.21 | cr=21, dd=13, da=2, tlv=12, sm=64, rd=105.00, cd=0, um=0","Time elapsed: 12.63 seconds","/home/thomasverwaal/Robust-Rail-NL/mathematical-models/local_search_plans_discreet_120/plan_32_trains_1_units10.json"
"/home/thomasverwaal/Robust-Rail-NL/mathematical-models/scenarios_solver_types_120/scenario_solver_32_trains_1_units10.json","Cost of next node: Cost = 1,071.9 : 1,128.21 | cr=20, dd=13, da=2, tlv=11, sm=64, rd=105.00, cd=0, um=0","Time elapsed: 13.06 seconds","/home/thomasverwaal/Robust-Rail-NL/mathematical-models/local_search_plans_discreet_120/plan_32_trains_1_units10.json"
"/home/thomasverwaal/Robust-Rail-NL/mathematical-models/scenarios_solver_types_120/scenario_solver_32_trains_1_units10.json","Cost of next node: Cost = 978.0 : 1,039.28 | cr=19, dd=11, da=2, tlv=12, sm=64, rd=99.38, cd=0, um=0","Time elapsed: 13.34 seconds","/home/thomasverwaal/Robust-Rail-NL/mathematical-models/local_search_plans_discreet_120/plan_32_trains_1_units10.json"
"/home/thomasverwaal/Robust-Rail-NL/mathematical-models/scenarios_solver_types_120/scenario_solver_32_trains_1_units10.json","Cost of next node: Cost = 863.0 : 929.28 | cr=18, dd=9, da=1, tlv=13, sm=64, rd=95.62, cd=0, um=0","Time elapsed: 13.66 seconds","/home/thomasverwaal/Robust-Rail-NL/mathematical-models/local_search_plans_discreet_120/plan_32_trains_1_units10.json"
"/home/thomasverwaal/Robust-Rail-NL/mathematical-models/scenarios_solver_types_120/scenario_solver_32_trains_1_units10.json","Cost of next node: Cost = 739.8 : 811.03 | cr=17, dd=7, da=0, tlv=14, sm=64, rd=88.12, cd=0, um=0","Time elapsed: 14.11 seconds","/home/thomasverwaal/Robust-Rail-NL/mathematical-models/local_search_plans_discreet_120/plan_32_trains_1_units10.json"
"/home/thomasverwaal/Robust-Rail-NL/mathematical-models/scenarios_solver_types_120/scenario_solver_32_trains_1_units10.json","Cost of next node: Cost = 526.0 : 602.28 | cr=19, dd=2, da=0, tlv=15, sm=64, rd=83.44, cd=0, um=0","Time elapsed: 14.46 seconds","/home/thomasverwaal/Robust-Rail-NL/mathematical-models/local_search_plans_discreet_120/plan_32_trains_1_units10.json"
"/home/thomasverwaal/Robust-Rail-NL/mathematical-models/scenarios_solver_types_120/scenario_solver_32_trains_1_units10.json","Cost of next node: Cost = 405.0 : 481.28 | cr=18, dd=0, da=0, tlv=15, sm=64, rd=76.88, cd=0, um=0","Time elapsed: 14.61 seconds","/home/thomasverwaal/Robust-Rail-NL/mathematical-models/local_search_plans_discreet_120/plan_32_trains_1_units10.json"
"/home/thomasverwaal/Robust-Rail-NL/mathematical-models/scenarios_solver_types_120/scenario_solver_32_trains_1_units10.json","Cost of next node: Cost = 385.0 : 461.28 | cr=16, dd=0, da=0, tlv=15, sm=64, rd=76.88, cd=0, um=0","Time elapsed: 19.57 seconds","/home/thomasverwaal/Robust-Rail-NL/mathematical-models/local_search_plans_discreet_120/plan_32_trains_1_units10.json"
"/home/thomasverwaal/Robust-Rail-NL/mathematical-models/scenarios_solver_types_120/scenario_solver_32_trains_1_units10.json","Cost of next node: Cost = 370.0 : 441.28 | cr=16, dd=0, da=0, tlv=14, sm=64, rd=78.75, cd=0, um=0","Time elapsed: 23.66 seconds","/home/thomasverwaal/Robust-Rail-NL/mathematical-models/local_search_plans_discreet_120/plan_32_trains_1_units10.json"
"/home/thomasverwaal/Robust-Rail-NL/mathematical-models/scenarios_solver_types_120/scenario_solver_32_trains_1_units10.json","Cost of next node: Cost = 360.0 : 431.28 | cr=15, dd=0, da=0, tlv=14, sm=64, rd=78.75, cd=0, um=0","Time elapsed: 27.54 seconds","/home/thomasverwaal/Robust-Rail-NL/mathematical-models/local_search_plans_discreet_120/plan_32_trains_1_units10.json"
"/home/thomasverwaal/Robust-Rail-NL/mathematical-models/scenarios_solver_types_120/scenario_solver_32_trains_1_units10.json","Cost of next node: Cost = 350.0 : 421.28 | cr=14, dd=0, da=0, tlv=14, sm=64, rd=78.75, cd=0, um=0","Time elapsed: 30.95 seconds","/home/thomasverwaal/Robust-Rail-NL/mathematical-models/local_search_plans_discreet_120/plan_32_trains_1_units10.json"
"/home/thomasverwaal/Robust-Rail-NL/mathematical-models/scenarios_solver_types_120/scenario_solver_32_trains_1_units10.json","Cost of next node: Cost = 340.0 : 411.28 | cr=13, dd=0, da=0, tlv=14, sm=64, rd=78.75, cd=0, um=0","Time elapsed: 34.48 seconds","/home/thomasverwaal/Robust-Rail-NL/mathematical-models/local_search_plans_discreet_120/plan_32_trains_1_units10.json"
"/home/thomasverwaal/Robust-Rail-NL/mathematical-models/scenarios_solver_types_120/scenario_solver_32_trains_1_units10.json","Cost of next node: Cost = 330.0 : 401.28 | cr=12, dd=0, da=0, tlv=14, sm=64, rd=78.75, cd=0, um=0","Time elapsed: 37.57 seconds","/home/thomasverwaal/Robust-Rail-NL/mathematical-models/local_search_plans_discreet_120/plan_32_trains_1_units10.json"
"/home/thomasverwaal/Robust-Rail-NL/mathematical-models/scenarios_solver_types_120/scenario_solver_32_trains_1_units10.json","Cost of next node: Cost = 320.0 : 391.28 | cr=11, dd=0, da=0, tlv=14, sm=64, rd=80.62, cd=0, um=0","Time elapsed: 40.56 seconds","/home/thomasverwaal/Robust-Rail-NL/mathematical-models/local_search_plans_discreet_120/plan_32_trains_1_units10.json"
"/home/thomasverwaal/Robust-Rail-NL/mathematical-models/scenarios_solver_types_120/scenario_solver_32_trains_1_units10.json","Cost of next node: Cost = 305.0 : 371.30 | cr=11, dd=0, da=0, tlv=13, sm=65, rd=79.38, cd=0, um=0","Time elapsed: 43.77 seconds","/home/thomasverwaal/Robust-Rail-NL/mathematical-models/local_search_plans_discreet_120/plan_32_trains_1_units10.json"
"/home/thomasverwaal/Robust-Rail-NL/mathematical-models/scenarios_solver_types_120/scenario_solver_32_trains_1_units10.json","Cost of next node: Cost = 295.0 : 361.30 | cr=10, dd=0, da=0, tlv=13, sm=65, rd=79.38, cd=0, um=0","Time elapsed: 47.00 seconds","/home/thomasverwaal/Robust-Rail-NL/mathematical-models/local_search_plans_discreet_120/plan_32_trains_1_units10.json"
"/home/thomasverwaal/Robust-Rail-NL/mathematical-models/scenarios_solver_types_120/scenario_solver_32_trains_1_units10.json","Cost of next node: Cost = 285.0 : 351.30 | cr=9, dd=0, da=0, tlv=13, sm=65, rd=79.38, cd=0, um=0","Time elapsed: 49.77 seconds","/home/thomasverwaal/Robust-Rail-NL/mathematical-models/local_search_plans_discreet_120/plan_32_trains_1_units10.json"
"/home/thomasverwaal/Robust-Rail-NL/mathematical-models/scenarios_solver_types_120/scenario_solver_32_trains_1_units10.json","Cost of next node: Cost = 275.0 : 341.30 | cr=8, dd=0, da=0, tlv=13, sm=65, rd=79.38, cd=0, um=0","Time elapsed: 51.82 seconds","/home/thomasverwaal/Robust-Rail-NL/mathematical-models/local_search_plans_discreet_120/plan_32_trains_1_units10.json"
"/home/thomasverwaal/Robust-Rail-NL/mathematical-models/scenarios_solver_types_120/scenario_solver_32_trains_1_units10.json","Cost of next node: Cost = 265.0 : 331.30 | cr=7, dd=0, da=0, tlv=13, sm=65, rd=81.23, cd=0, um=0","Time elapsed: 53.50 seconds","/home/thomasverwaal/Robust-Rail-NL/mathematical-models/local_search_plans_discreet_120/plan_32_trains_1_units10.json"
"/home/thomasverwaal/Robust-Rail-NL/mathematical-models/scenarios_solver_types_120/scenario_solver_32_trains_1_units10.json","Cost of next node: Cost = 255.0 : 321.32 | cr=6, dd=0, da=0, tlv=13, sm=66, rd=81.82, cd=0, um=0","Time elapsed: 65.17 seconds","/home/thomasverwaal/Robust-Rail-NL/mathematical-models/local_search_plans_discreet_120/plan_32_trains_1_units10.json"
"/home/thomasverwaal/Robust-Rail-NL/mathematical-models/scenarios_solver_types_120/scenario_solver_32_trains_1_units10.json","Cost of next node: Cost = 245.0 : 311.32 | cr=5, dd=0, da=0, tlv=13, sm=66, rd=81.82, cd=0, um=0","Time elapsed: 103.65 seconds","/home/thomasverwaal/Robust-Rail-NL/mathematical-models/local_search_plans_discreet_120/plan_32_trains_1_units10.json"
"/home/thomasverwaal/Robust-Rail-NL/mathematical-models/scenarios_solver_types_120/scenario_solver_32_trains_1_units10.json","Cost of next node: Cost = 240.0 : 311.32 | cr=3, dd=0, da=0, tlv=14, sm=66, rd=80.00, cd=0, um=0","Time elapsed: 105.48 seconds","/home/thomasverwaal/Robust-Rail-NL/mathematical-models/local_search_plans_discreet_120/plan_32_trains_1_units10.json"
"/home/thomasverwaal/Robust-Rail-NL/mathematical-models/scenarios_solver_types_120/scenario_solver_32_trains_1_units10.json","Cost of next node: Cost = 225.0 : 291.32 | cr=3, dd=0, da=0, tlv=13, sm=66, rd=81.82, cd=0, um=0","Time elapsed: 107.31 seconds","/home/thomasverwaal/Robust-Rail-NL/mathematical-models/local_search_plans_discreet_120/plan_32_trains_1_units10.json"
"/home/thomasverwaal/Robust-Rail-NL/mathematical-models/scenarios_solver_types_120/scenario_solver_32_trains_1_units10.json","Cost of next node: Cost = 215.0 : 281.32 | cr=2, dd=0, da=0, tlv=13, sm=66, rd=81.82, cd=0, um=0","Time elapsed: 183.19 seconds","/home/thomasverwaal/Robust-Rail-NL/mathematical-models/local_search_plans_discreet_120/plan_32_trains_1_units10.json"
"/home/thomasverwaal/Robust-Rail-NL/mathematical-models/scenarios_solver_types_120/scenario_solver_32_trains_1_units10.json","NO_COST_FOUND","NO_TIME_FOUND","NO_PLAN_CREATED"
"/home/thomasverwaal/Robust-Rail-NL/mathematical-models/scenarios_solver_types_120/scenario_solver_32_trains_1_units11.json","Cost of next node: Cost = 2,743.3 : 2,744.62 | cr=41, dd=32, da=30, tlv=0, sm=64, rd=180.00, cd=0, um=0","Time elapsed: 4.35 seconds","/home/thomasverwaal/Robust-Rail-NL/mathematical-models/local_search_plans_discreet_120/plan_32_trains_1_units11.json"
"/home/thomasverwaal/Robust-Rail-NL/mathematical-models/scenarios_solver_types_120/scenario_solver_32_trains_1_units11.json","Cost of next node: Cost = 2,716.0 : 2,717.25 | cr=39, dd=32, da=30, tlv=0, sm=64, rd=178.12, cd=0, um=0","Time elapsed: 4.47 seconds","/home/thomasverwaal/Robust-Rail-NL/mathematical-models/local_search_plans_discreet_120/plan_32_trains_1_units11.json"
"/home/thomasverwaal/Robust-Rail-NL/mathematical-models/scenarios_solver_types_120/scenario_solver_32_trains_1_units11.json","Cost of next node: Cost = 2,695.5 : 2,696.80 | cr=37, dd=32, da=30, tlv=0, sm=64, rd=178.12, cd=0, um=0","Time elapsed: 4.75 seconds","/home/thomasverwaal/Robust-Rail-NL/mathematical-models/local_search_plans_discreet_120/plan_32_trains_1_units11.json"
"/home/thomasverwaal/Robust-Rail-NL/mathematical-models/scenarios_solver_types_120/scenario_solver_32_trains_1_units11.json","Cost of next node: Cost = 2,674.8 : 2,676.07 | cr=35, dd=32, da=30, tlv=0, sm=64, rd=178.12, cd=0, um=0","Time elapsed: 5.03 seconds","/home/thomasverwaal/Robust-Rail-NL/mathematical-models/local_search_plans_discreet_120/plan_32_trains_1_units11.json"
"/home/thomasverwaal/Robust-Rail-NL/mathematical-models/scenarios_solver_types_120/scenario_solver_32_trains_1_units11.json","Cost of next node: Cost = 2,632.1 : 2,633.39 | cr=35, dd=32, da=29, tlv=0, sm=64, rd=173.44, cd=0, um=0","Time elapsed: 5.35 seconds","/home/thomasverwaal/Robust-Rail-NL/mathematical-models/local_search_plans_discreet_120/plan_32_trains_1_units11.json"
"/home/thomasverwaal/Robust-Rail-NL/mathematical-models/scenarios_solver_types_120/scenario_solver_32_trains_1_units11.json","Cost of next node: Cost = 2,577.0 : 2,583.29 | cr=32, dd=32, da=27, tlv=1, sm=64, rd=172.50, cd=0, um=0","Time elapsed: 5.60 seconds","/home/thomasverwaal/Robust-Rail-NL/mathematical-models/local_search_plans_discreet_120/plan_32_trains_1_units11.json"
"/home/thomasverwaal/Robust-Rail-NL/mathematical-models/scenarios_solver_types_120/scenario_solver_32_trains_1_units11.json","Cost of next node: Cost = 2,551.0 : 2,557.25 | cr=32, dd=32, da=26, tlv=1, sm=64, rd=168.75, cd=0, um=0","Time elapsed: 5.86 seconds","/home/thomasverwaal/Robust-Rail-NL/mathematical-models/local_search_plans_discreet_120/plan_32_trains_1_units11.json"
"/home/thomasverwaal/Robust-Rail-NL/mathematical-models/scenarios_solver_types_120/scenario_solver_32_trains_1_units11.json","Cost of next node: Cost = 2,530.0 : 2,541.23 | cr=27, dd=32, da=27, tlv=2, sm=64, rd=167.81, cd=0, um=0","Time elapsed: 6.12 seconds","/home/thomasverwaal/Robust-Rail-NL/mathematical-models/local_search_plans_discreet_120/plan_32_trains_1_units11.json"
"/home/thomasverwaal/Robust-Rail-NL/mathematical-models/scenarios_solver_types_120/scenario_solver_32_trains_1_units11.json","Cost of next node: Cost = 2,409.4 : 2,425.67 | cr=28, dd=32, da=20, tlv=3, sm=64, rd=163.12, cd=0, um=0","Time elapsed: 6.37 seconds","/home/thomasverwaal/Robust-Rail-NL/mathematical-models/local_search_plans_discreet_120/plan_32_trains_1_units11.json"
"/home/thomasverwaal/Robust-Rail-NL/mathematical-models/scenarios_solver_types_120/scenario_solver_32_trains_1_units11.json","Cost of next node: Cost = 2,363.2 : 2,384.47 | cr=28, dd=32, da=17, tlv=4, sm=64, rd=159.38, cd=0, um=0","Time elapsed: 6.64 seconds","/home/thomasverwaal/Robust-Rail-NL/mathematical-models/local_search_plans_discreet_120/plan_32_trains_1_units11.json"
"/home/thomasverwaal/Robust-Rail-NL/mathematical-models/scenarios_solver_types_120/scenario_solver_32_trains_1_units11.json","Cost of next node: Cost = 2,284.6 : 2,310.85 | cr=28, dd=32, da=12, tlv=5, sm=64, rd=157.50, cd=0, um=0","Time elapsed: 7.06 seconds","/home/thomasverwaal/Robust-Rail-NL/mathematical-models/local_search_plans_discreet_120/plan_32_trains_1_units11.json"
"/home/thomasverwaal/Robust-Rail-NL/mathematical-models/scenarios_solver_types_120/scenario_solver_32_trains_1_units11.json","Cost of next node: Cost = 2,264.2 : 2,290.44 | cr=28, dd=32, da=11, tlv=5, sm=64, rd=153.75, cd=0, um=0","Time elapsed: 7.63 seconds","/home/thomasverwaal/Robust-Rail-NL/mathematical-models/local_search_plans_discreet_120/plan_32_trains_1_units11.json"
"/home/thomasverwaal/Robust-Rail-NL/mathematical-models/scenarios_solver_types_120/scenario_solver_32_trains_1_units11.json","Cost of next node: Cost = 2,231.6 : 2,257.92 | cr=28, dd=32, da=10, tlv=5, sm=64, rd=148.12, cd=0, um=0","Time elapsed: 8.35 seconds","/home/thomasverwaal/Robust-Rail-NL/mathematical-models/local_search_plans_discreet_120/plan_32_trains_1_units11.json"
"/home/thomasverwaal/Robust-Rail-NL/mathematical-models/scenarios_solver_types_120/scenario_solver_32_trains_1_units11.json","Cost of next node: Cost = 2,196.6 : 2,227.92 | cr=23, dd=32, da=10, tlv=6, sm=64, rd=148.12, cd=0, um=0","Time elapsed: 8.62 seconds","/home/thomasverwaal/Robust-Rail-NL/mathematical-models/local_search_plans_discreet_120/plan_32_trains_1_units11.json"
"/home/thomasverwaal/Robust-Rail-NL/mathematical-models/scenarios_solver_types_120/scenario_solver_32_trains_1_units11.json","Cost of next node: Cost = 2,175.7 : 2,207.01 | cr=21, dd=32, da=10, tlv=6, sm=64, rd=148.12, cd=0, um=0","Time elapsed: 8.72 seconds","/home/thomasverwaal/Robust-Rail-NL/mathematical-models/local_search_plans_discreet_120/plan_32_trains_1_units11.json"
"/home/thomasverwaal/Robust-Rail-NL/mathematical-models/scenarios_solver_types_120/scenario_solver_32_trains_1_units11.json","Cost of next node: Cost = 2,150.6 : 2,186.92 | cr=19, dd=32, da=10, tlv=7, sm=64, rd=138.75, cd=0, um=0","Time elapsed: 9.06 seconds","/home/thomasverwaal/Robust-Rail-NL/mathematical-models/local_search_plans_discreet_120/plan_32_trains_1_units11.json"
"/home/thomasverwaal/Robust-Rail-NL/mathematical-models/scenarios_solver_types_120/scenario_solver_32_trains_1_units11.json","Cost of next node: Cost = 1,999.2 : 2,035.47 | cr=26, dd=28, da=10, tlv=7, sm=64, rd=131.25, cd=0, um=0","Time elapsed: 9.28 seconds","/home/thomasverwaal/Robust-Rail-NL/mathematical-models/local_search_plans_discreet_120/plan_32_trains_1_units11.json"
"/home/thomasverwaal/Robust-Rail-NL/mathematical-models/scenarios_solver_types_120/scenario_solver_32_trains_1_units11.json","Cost of next node: Cost = 1,971.5 : 2,007.78 | cr=28, dd=27, da=10, tlv=7, sm=64, rd=131.25, cd=0, um=0","Time elapsed: 9.35 seconds","/home/thomasverwaal/Robust-Rail-NL/mathematical-models/local_search_plans_discreet_120/plan_32_trains_1_units11.json"
"/home/thomasverwaal/Robust-Rail-NL/mathematical-models/scenarios_solver_types_120/scenario_solver_32_trains_1_units11.json","Cost of next node: Cost = 1,922.0 : 1,958.26 | cr=28, dd=26, da=10, tlv=7, sm=64, rd=131.25, cd=0, um=0","Time elapsed: 9.56 seconds","/home/thomasverwaal/Robust-Rail-NL/mathematical-models/local_search_plans_discreet_120/plan_32_trains_1_units11.json"
"/home/thomasverwaal/Robust-Rail-NL/mathematical-models/scenarios_solver_types_120/scenario_solver_32_trains_1_units11.json","Cost of next node: Cost = 1,872.8 : 1,909.11 | cr=28, dd=25, da=10, tlv=7, sm=64, rd=131.25, cd=0, um=0","Time elapsed: 9.68 seconds","/home/thomasverwaal/Robust-Rail-NL/mathematical-models/local_search_plans_discreet_120/plan_32_trains_1_units11.json"
"/home/thomasverwaal/Robust-Rail-NL/mathematical-models/scenarios_solver_types_120/scenario_solver_32_trains_1_units11.json","Cost of next node: Cost = 1,846.9 : 1,888.16 | cr=26, dd=25, da=9, tlv=8, sm=64, rd=127.50, cd=0, um=0","Time elapsed: 9.96 seconds","/home/thomasverwaal/Robust-Rail-NL/mathematical-models/local_search_plans_discreet_120/plan_32_trains_1_units11.json"
"/home/thomasverwaal/Robust-Rail-NL/mathematical-models/scenarios_solver_types_120/scenario_solver_32_trains_1_units11.json","Cost of next node: Cost = 1,818.5 : 1,859.77 | cr=28, dd=24, da=9, tlv=8, sm=64, rd=127.50, cd=0, um=0","Time elapsed: 10.18 seconds","/home/thomasverwaal/Robust-Rail-NL/mathematical-models/local_search_plans_discreet_120/plan_32_trains_1_units11.json"
"/home/thomasverwaal/Robust-Rail-NL/mathematical-models/scenarios_solver_types_120/scenario_solver_32_trains_1_units11.json","Cost of next node: Cost = 1,691.5 : 1,737.81 | cr=27, dd=22, da=8, tlv=9, sm=64, rd=121.88, cd=0, um=0","Time elapsed: 10.48 seconds","/home/thomasverwaal/Robust-Rail-NL/mathematical-models/local_search_plans_discreet_120/plan_32_trains_1_units11.json"
"/home/thomasverwaal/Robust-Rail-NL/mathematical-models/scenarios_solver_types_120/scenario_solver_32_trains_1_units11.json","Cost of next node: Cost = 1,553.2 : 1,599.51 | cr=28, dd=19, da=8, tlv=9, sm=64, rd=121.88, cd=0, um=0","Time elapsed: 10.61 seconds","/home/thomasverwaal/Robust-Rail-NL/mathematical-models/local_search_plans_discreet_120/plan_32_trains_1_units11.json"
"/home/thomasverwaal/Robust-Rail-NL/mathematical-models/scenarios_solver_types_120/scenario_solver_32_trains_1_units11.json","Cost of next node: Cost = 1,470.7 : 1,522.00 | cr=26, dd=18, da=7, tlv=10, sm=64, rd=116.25, cd=0, um=0","Time elapsed: 10.92 seconds","/home/thomasverwaal/Robust-Rail-NL/mathematical-models/local_search_plans_discreet_120/plan_32_trains_1_units11.json"
"/home/thomasverwaal/Robust-Rail-NL/mathematical-models/scenarios_solver_types_120/scenario_solver_32_trains_1_units11.json","Cost of next node: Cost = 1,444.2 : 1,495.50 | cr=28, dd=17, da=7, tlv=10, sm=64, rd=116.25, cd=0, um=0","Time elapsed: 10.97 seconds","/home/thomasverwaal/Robust-Rail-NL/mathematical-models/local_search_plans_discreet_120/plan_32_trains_1_units11.json"
"/home/thomasverwaal/Robust-Rail-NL/mathematical-models/scenarios_solver_types_120/scenario_solver_32_trains_1_units11.json","Cost of next node: Cost = 1,327.8 : 1,379.05 | cr=28, dd=16, da=4, tlv=10, sm=64, rd=112.50, cd=0, um=0","Time elapsed: 11.23 seconds","/home/thomasverwaal/Robust-Rail-NL/mathematical-models/local_search_plans_discreet_120/plan_32_trains_1_units11.json"
"/home/thomasverwaal/Robust-Rail-NL/mathematical-models/scenarios_solver_types_120/scenario_solver_32_trains_1_units11.json","Cost of next node: Cost = 1,229.3 : 1,280.60 | cr=28, dd=14, da=4, tlv=10, sm=64, rd=112.50, cd=0, um=0","Time elapsed: 11.31 seconds","/home/thomasverwaal/Robust-Rail-NL/mathematical-models/local_search_plans_discreet_120/plan_32_trains_1_units11.json"
"/home/thomasverwaal/Robust-Rail-NL/mathematical-models/scenarios_solver_types_120/scenario_solver_32_trains_1_units11.json","Cost of next node: Cost = 1,093.5 : 1,149.80 | cr=25, dd=12, da=3, tlv=11, sm=64, rd=108.75, cd=0, um=0","Time elapsed: 11.65 seconds","/home/thomasverwaal/Robust-Rail-NL/mathematical-models/local_search_plans_discreet_120/plan_32_trains_1_units11.json"
"/home/thomasverwaal/Robust-Rail-NL/mathematical-models/scenarios_solver_types_120/scenario_solver_32_trains_1_units11.json","Cost of next node: Cost = 1,003.7 : 1,064.96 | cr=25, dd=10, da=3, tlv=12, sm=64, rd=105.00, cd=0, um=0","Time elapsed: 11.93 seconds","/home/thomasverwaal/Robust-Rail-NL/mathematical-models/local_search_plans_discreet_120/plan_32_trains_1_units11.json"
"/home/thomasverwaal/Robust-Rail-NL/mathematical-models/scenarios_solver_types_120/scenario_solver_32_trains_1_units11.json","Cost of next node: Cost = 771.9 : 838.17 | cr=22, dd=6, da=2, tlv=13, sm=64, rd=104.06, cd=0, um=0","Time elapsed: 12.31 seconds","/home/thomasverwaal/Robust-Rail-NL/mathematical-models/local_search_plans_discreet_120/plan_32_trains_1_units11.json"
"/home/thomasverwaal/Robust-Rail-NL/mathematical-models/scenarios_solver_types_120/scenario_solver_32_trains_1_units11.json","Cost of next node: Cost = 703.9 : 770.18 | cr=21, dd=5, da=2, tlv=13, sm=64, rd=97.50, cd=0, um=0","Time elapsed: 12.42 seconds","/home/thomasverwaal/Robust-Rail-NL/mathematical-models/local_search_plans_discreet_120/plan_32_trains_1_units11.json"
"/home/thomasverwaal/Robust-Rail-NL/mathematical-models/scenarios_solver_types_120/scenario_solver_32_trains_1_units11.json","Cost of next node: Cost = 578.4 : 649.68 | cr=21, dd=3, da=0, tlv=14, sm=64, rd=93.75, cd=0, um=0","Time elapsed: 12.75 seconds","/home/thomasverwaal/Robust-Rail-NL/mathematical-models/local_search_plans_discreet_120/plan_32_trains_1_units11.json"
"/home/thomasverwaal/Robust-Rail-NL/mathematical-models/scenarios_solver_types_120/scenario_solver_32_trains_1_units11.json","Cost of next node: Cost = 556.0 : 632.28 | cr=22, dd=2, da=0, tlv=15, sm=64, rd=89.06, cd=0, um=0","Time elapsed: 13.19 seconds","/home/thomasverwaal/Robust-Rail-NL/mathematical-models/local_search_plans_discreet_120/plan_32_trains_1_units11.json"
"/home/thomasverwaal/Robust-Rail-NL/mathematical-models/scenarios_solver_types_120/scenario_solver_32_trains_1_units11.json","Cost of next node: Cost = 526.0 : 602.28 | cr=19, dd=2, da=0, tlv=15, sm=64, rd=89.06, cd=0, um=0","Time elapsed: 13.31 seconds","/home/thomasverwaal/Robust-Rail-NL/mathematical-models/local_search_plans_discreet_120/plan_32_trains_1_units11.json"
"/home/thomasverwaal/Robust-Rail-NL/mathematical-models/scenarios_solver_types_120/scenario_solver_32_trains_1_units11.json","Cost of next node: Cost = 440.0 : 511.28 | cr=23, dd=0, da=0, tlv=14, sm=64, rd=82.50, cd=0, um=0","Time elapsed: 13.47 seconds","/home/thomasverwaal/Robust-Rail-NL/mathematical-models/local_search_plans_discreet_120/plan_32_trains_1_units11.json"
"/home/thomasverwaal/Robust-Rail-NL/mathematical-models/scenarios_solver_types_120/scenario_solver_32_trains_1_units11.json","Cost of next node: Cost = 415.0 : 491.30 | cr=19, dd=0, da=0, tlv=15, sm=65, rd=83.08, cd=0, um=0","Time elapsed: 14.00 seconds","/home/thomasverwaal/Robust-Rail-NL/mathematical-models/local_search_plans_discreet_120/plan_32_trains_1_units11.json"
"/home/thomasverwaal/Robust-Rail-NL/mathematical-models/scenarios_solver_types_120/scenario_solver_32_trains_1_units11.json","Cost of next node: Cost = 390.0 : 461.30 | cr=18, dd=0, da=0, tlv=14, sm=65, rd=83.08, cd=0, um=0","Time elapsed: 14.27 seconds","/home/thomasverwaal/Robust-Rail-NL/mathematical-models/local_search_plans_discreet_120/plan_32_trains_1_units11.json"
"/home/thomasverwaal/Robust-Rail-NL/mathematical-models/scenarios_solver_types_120/scenario_solver_32_trains_1_units11.json","Cost of next node: Cost = 360.0 : 431.30 | cr=15, dd=0, da=0, tlv=14, sm=65, rd=83.08, cd=0, um=0","Time elapsed: 14.46 seconds","/home/thomasverwaal/Robust-Rail-NL/mathematical-models/local_search_plans_discreet_120/plan_32_trains_1_units11.json"
"/home/thomasverwaal/Robust-Rail-NL/mathematical-models/scenarios_solver_types_120/scenario_solver_32_trains_1_units11.json","Cost of next node: Cost = 340.0 : 411.30 | cr=13, dd=0, da=0, tlv=14, sm=65, rd=83.08, cd=0, um=0","Time elapsed: 17.07 seconds","/home/thomasverwaal/Robust-Rail-NL/mathematical-models/local_search_plans_discreet_120/plan_32_trains_1_units11.json"
"/home/thomasverwaal/Robust-Rail-NL/mathematical-models/scenarios_solver_types_120/scenario_solver_32_trains_1_units11.json","Cost of next node: Cost = 330.0 : 401.30 | cr=12, dd=0, da=0, tlv=14, sm=65, rd=84.92, cd=0, um=0","Time elapsed: 19.42 seconds","/home/thomasverwaal/Robust-Rail-NL/mathematical-models/local_search_plans_discreet_120/plan_32_trains_1_units11.json"
"/home/thomasverwaal/Robust-Rail-NL/mathematical-models/scenarios_solver_types_120/scenario_solver_32_trains_1_units11.json","Cost of next node: Cost = 320.0 : 391.30 | cr=11, dd=0, da=0, tlv=14, sm=65, rd=84.92, cd=0, um=0","Time elapsed: 22.01 seconds","/home/thomasverwaal/Robust-Rail-NL/mathematical-models/local_search_plans_discreet_120/plan_32_trains_1_units11.json"
"/home/thomasverwaal/Robust-Rail-NL/mathematical-models/scenarios_solver_types_120/scenario_solver_32_trains_1_units11.json","Cost of next node: Cost = 300.0 : 371.30 | cr=9, dd=0, da=0, tlv=14, sm=65, rd=84.92, cd=0, um=0","Time elapsed: 23.95 seconds","/home/thomasverwaal/Robust-Rail-NL/mathematical-models/local_search_plans_discreet_120/plan_32_trains_1_units11.json"
"/home/thomasverwaal/Robust-Rail-NL/mathematical-models/scenarios_solver_types_120/scenario_solver_32_trains_1_units11.json","Cost of next node: Cost = 290.0 : 361.30 | cr=8, dd=0, da=0, tlv=14, sm=65, rd=83.08, cd=0, um=0","Time elapsed: 25.62 seconds","/home/thomasverwaal/Robust-Rail-NL/mathematical-models/local_search_plans_discreet_120/plan_32_trains_1_units11.json"
"/home/thomasverwaal/Robust-Rail-NL/mathematical-models/scenarios_solver_types_120/scenario_solver_32_trains_1_units11.json","Cost of next node: Cost = 280.0 : 351.30 | cr=7, dd=0, da=0, tlv=14, sm=65, rd=83.08, cd=0, um=0","Time elapsed: 27.43 seconds","/home/thomasverwaal/Robust-Rail-NL/mathematical-models/local_search_plans_discreet_120/plan_32_trains_1_units11.json"
"/home/thomasverwaal/Robust-Rail-NL/mathematical-models/scenarios_solver_types_120/scenario_solver_32_trains_1_units11.json","Cost of next node: Cost = 270.0 : 341.30 | cr=6, dd=0, da=0, tlv=14, sm=65, rd=83.08, cd=0, um=0","Time elapsed: 28.92 seconds","/home/thomasverwaal/Robust-Rail-NL/mathematical-models/local_search_plans_discreet_120/plan_32_trains_1_units11.json"
"/home/thomasverwaal/Robust-Rail-NL/mathematical-models/scenarios_solver_types_120/scenario_solver_32_trains_1_units11.json","Cost of next node: Cost = 260.0 : 331.30 | cr=5, dd=0, da=0, tlv=14, sm=65, rd=83.08, cd=0, um=0","Time elapsed: 34.69 seconds","/home/thomasverwaal/Robust-Rail-NL/mathematical-models/local_search_plans_discreet_120/plan_32_trains_1_units11.json"
"/home/thomasverwaal/Robust-Rail-NL/mathematical-models/scenarios_solver_types_120/scenario_solver_32_trains_1_units11.json","Cost of next node: Cost = 250.0 : 321.30 | cr=4, dd=0, da=0, tlv=14, sm=65, rd=83.08, cd=0, um=0","Time elapsed: 39.10 seconds","/home/thomasverwaal/Robust-Rail-NL/mathematical-models/local_search_plans_discreet_120/plan_32_trains_1_units11.json"
"/home/thomasverwaal/Robust-Rail-NL/mathematical-models/scenarios_solver_types_120/scenario_solver_32_trains_1_units11.json","Cost of next node: Cost = 235.0 : 301.36 | cr=4, dd=0, da=0, tlv=13, sm=68, rd=84.71, cd=0, um=0","Time elapsed: 117.45 seconds","/home/thomasverwaal/Robust-Rail-NL/mathematical-models/local_search_plans_discreet_120/plan_32_trains_1_units11.json"
"/home/thomasverwaal/Robust-Rail-NL/mathematical-models/scenarios_solver_types_120/scenario_solver_32_trains_1_units11.json","Cost of next node: Cost = 230.0 : 291.38 | cr=5, dd=0, da=0, tlv=12, sm=69, rd=87.83, cd=0, um=0","Time elapsed: 185.43 seconds","/home/thomasverwaal/Robust-Rail-NL/mathematical-models/local_search_plans_discreet_120/plan_32_trains_1_units11.json"
"/home/thomasverwaal/Robust-Rail-NL/mathematical-models/scenarios_solver_types_120/scenario_solver_32_trains_1_units11.json","Cost of next node: Cost = 220.0 : 281.38 | cr=4, dd=0, da=0, tlv=12, sm=69, rd=87.83, cd=0, um=0","Time elapsed: 204.29 seconds","/home/thomasverwaal/Robust-Rail-NL/mathematical-models/local_search_plans_discreet_120/plan_32_trains_1_units11.json"
"/home/thomasverwaal/Robust-Rail-NL/mathematical-models/scenarios_solver_types_120/scenario_solver_32_trains_1_units11.json","NO_COST_FOUND","NO_TIME_FOUND","NO_PLAN_CREATED"
"/home/thomasverwaal/Robust-Rail-NL/mathematical-models/scenarios_solver_types_120/scenario_solver_32_trains_1_units12.json","Cost of next node: Cost = 2,741.7 : 2,743.02 | cr=41, dd=32, da=30, tlv=0, sm=64, rd=180.00, cd=0, um=0","Time elapsed: 4.70 seconds","/home/thomasverwaal/Robust-Rail-NL/mathematical-models/local_search_plans_discreet_120/plan_32_trains_1_units12.json"
"/home/thomasverwaal/Robust-Rail-NL/mathematical-models/scenarios_solver_types_120/scenario_solver_32_trains_1_units12.json","Cost of next node: Cost = 2,714.4 : 2,715.66 | cr=39, dd=32, da=30, tlv=0, sm=64, rd=178.12, cd=0, um=0","Time elapsed: 4.83 seconds","/home/thomasverwaal/Robust-Rail-NL/mathematical-models/local_search_plans_discreet_120/plan_32_trains_1_units12.json"
"/home/thomasverwaal/Robust-Rail-NL/mathematical-models/scenarios_solver_types_120/scenario_solver_32_trains_1_units12.json","Cost of next node: Cost = 2,693.9 : 2,695.20 | cr=37, dd=32, da=30, tlv=0, sm=64, rd=178.12, cd=0, um=0","Time elapsed: 5.09 seconds","/home/thomasverwaal/Robust-Rail-NL/mathematical-models/local_search_plans_discreet_120/plan_32_trains_1_units12.json"
"/home/thomasverwaal/Robust-Rail-NL/mathematical-models/scenarios_solver_types_120/scenario_solver_32_trains_1_units12.json","Cost of next node: Cost = 2,673.2 : 2,674.48 | cr=35, dd=32, da=30, tlv=0, sm=64, rd=178.12, cd=0, um=0","Time elapsed: 5.36 seconds","/home/thomasverwaal/Robust-Rail-NL/mathematical-models/local_search_plans_discreet_120/plan_32_trains_1_units12.json"
"/home/thomasverwaal/Robust-Rail-NL/mathematical-models/scenarios_solver_types_120/scenario_solver_32_trains_1_units12.json","Cost of next node: Cost = 2,607.0 : 2,613.33 | cr=36, dd=32, da=26, tlv=1, sm=64, rd=175.31, cd=0, um=0","Time elapsed: 5.64 seconds","/home/thomasverwaal/Robust-Rail-NL/mathematical-models/local_search_plans_discreet_120/plan_32_trains_1_units12.json"
"/home/thomasverwaal/Robust-Rail-NL/mathematical-models/scenarios_solver_types_120/scenario_solver_32_trains_1_units12.json","Cost of next node: Cost = 2,579.2 : 2,580.51 | cr=35, dd=32, da=26, tlv=0, sm=64, rd=173.44, cd=0, um=0","Time elapsed: 5.93 seconds","/home/thomasverwaal/Robust-Rail-NL/mathematical-models/local_search_plans_discreet_120/plan_32_trains_1_units12.json"
"/home/thomasverwaal/Robust-Rail-NL/mathematical-models/scenarios_solver_types_120/scenario_solver_32_trains_1_units12.json","Cost of next node: Cost = 2,552.1 : 2,558.37 | cr=32, dd=32, da=25, tlv=1, sm=64, rd=172.50, cd=0, um=0","Time elapsed: 6.19 seconds","/home/thomasverwaal/Robust-Rail-NL/mathematical-models/local_search_plans_discreet_120/plan_32_trains_1_units12.json"
"/home/thomasverwaal/Robust-Rail-NL/mathematical-models/scenarios_solver_types_120/scenario_solver_32_trains_1_units12.json","Cost of next node: Cost = 2,502.7 : 2,508.95 | cr=34, dd=32, da=22, tlv=1, sm=64, rd=165.94, cd=0, um=0","Time elapsed: 6.42 seconds","/home/thomasverwaal/Robust-Rail-NL/mathematical-models/local_search_plans_discreet_120/plan_32_trains_1_units12.json"
"/home/thomasverwaal/Robust-Rail-NL/mathematical-models/scenarios_solver_types_120/scenario_solver_32_trains_1_units12.json","Cost of next node: Cost = 2,472.4 : 2,478.68 | cr=31, dd=32, da=22, tlv=1, sm=64, rd=165.94, cd=0, um=0","Time elapsed: 6.46 seconds","/home/thomasverwaal/Robust-Rail-NL/mathematical-models/local_search_plans_discreet_120/plan_32_trains_1_units12.json"
"/home/thomasverwaal/Robust-Rail-NL/mathematical-models/scenarios_solver_types_120/scenario_solver_32_trains_1_units12.json","Cost of next node: Cost = 2,358.2 : 2,369.49 | cr=34, dd=32, da=14, tlv=2, sm=64, rd=161.25, cd=0, um=0","Time elapsed: 6.72 seconds","/home/thomasverwaal/Robust-Rail-NL/mathematical-models/local_search_plans_discreet_120/plan_32_trains_1_units12.json"
"/home/thomasverwaal/Robust-Rail-NL/mathematical-models/scenarios_solver_types_120/scenario_solver_32_trains_1_units12.json","Cost of next node: Cost = 2,314.0 : 2,330.24 | cr=34, dd=32, da=11, tlv=3, sm=64, rd=157.50, cd=0, um=0","Time elapsed: 6.95 seconds","/home/thomasverwaal/Robust-Rail-NL/mathematical-models/local_search_plans_discreet_120/plan_32_trains_1_units12.json"
"/home/thomasverwaal/Robust-Rail-NL/mathematical-models/scenarios_solver_types_120/scenario_solver_32_trains_1_units12.json","Cost of next node: Cost = 2,293.7 : 2,309.95 | cr=33, dd=32, da=11, tlv=3, sm=64, rd=155.62, cd=0, um=0","Time elapsed: 7.31 seconds","/home/thomasverwaal/Robust-Rail-NL/mathematical-models/local_search_plans_discreet_120/plan_32_trains_1_units12.json"
"/home/thomasverwaal/Robust-Rail-NL/mathematical-models/scenarios_solver_types_120/scenario_solver_32_trains_1_units12.json","Cost of next node: Cost = 2,255.2 : 2,276.49 | cr=28, dd=32, da=11, tlv=4, sm=64, rd=153.75, cd=0, um=0","Time elapsed: 7.78 seconds","/home/thomasverwaal/Robust-Rail-NL/mathematical-models/local_search_plans_discreet_120/plan_32_trains_1_units12.json"
"/home/thomasverwaal/Robust-Rail-NL/mathematical-models/scenarios_solver_types_120/scenario_solver_32_trains_1_units12.json","Cost of next node: Cost = 2,210.2 : 2,236.49 | cr=22, dd=32, da=11, tlv=5, sm=64, rd=153.75, cd=0, um=0","Time elapsed: 8.56 seconds","/home/thomasverwaal/Robust-Rail-NL/mathematical-models/local_search_plans_discreet_120/plan_32_trains_1_units12.json"
"/home/thomasverwaal/Robust-Rail-NL/mathematical-models/scenarios_solver_types_120/scenario_solver_32_trains_1_units12.json","Cost of next node: Cost = 2,175.4 : 2,206.67 | cr=19, dd=32, da=11, tlv=6, sm=64, rd=144.38, cd=0, um=0","Time elapsed: 8.89 seconds","/home/thomasverwaal/Robust-Rail-NL/mathematical-models/local_search_plans_discreet_120/plan_32_trains_1_units12.json"
"/home/thomasverwaal/Robust-Rail-NL/mathematical-models/scenarios_solver_types_120/scenario_solver_32_trains_1_units12.json","Cost of next node: Cost = 2,152.1 : 2,188.43 | cr=18, dd=32, da=10, tlv=7, sm=64, rd=138.75, cd=0, um=0","Time elapsed: 9.20 seconds","/home/thomasverwaal/Robust-Rail-NL/mathematical-models/local_search_plans_discreet_120/plan_32_trains_1_units12.json"
"/home/thomasverwaal/Robust-Rail-NL/mathematical-models/scenarios_solver_types_120/scenario_solver_32_trains_1_units12.json","Cost of next node: Cost = 2,122.5 : 2,158.77 | cr=14, dd=32, da=10, tlv=7, sm=64, rd=148.12, cd=0, um=0","Time elapsed: 9.60 seconds","/home/thomasverwaal/Robust-Rail-NL/mathematical-models/local_search_plans_discreet_120/plan_32_trains_1_units12.json"
"/home/thomasverwaal/Robust-Rail-NL/mathematical-models/scenarios_solver_types_120/scenario_solver_32_trains_1_units12.json","Cost of next node: Cost = 2,092.4 : 2,128.68 | cr=14, dd=32, da=10, tlv=7, sm=64, rd=130.31, cd=0, um=0","Time elapsed: 9.97 seconds","/home/thomasverwaal/Robust-Rail-NL/mathematical-models/local_search_plans_discreet_120/plan_32_trains_1_units12.json"
"/home/thomasverwaal/Robust-Rail-NL/mathematical-models/scenarios_solver_types_120/scenario_solver_32_trains_1_units12.json","Cost of next node: Cost = 1,999.9 : 2,041.21 | cr=20, dd=29, da=10, tlv=8, sm=64, rd=124.69, cd=0, um=0","Time elapsed: 10.23 seconds","/home/thomasverwaal/Robust-Rail-NL/mathematical-models/local_search_plans_discreet_120/plan_32_trains_1_units12.json"
"/home/thomasverwaal/Robust-Rail-NL/mathematical-models/scenarios_solver_types_120/scenario_solver_32_trains_1_units12.json","Cost of next node: Cost = 1,913.0 : 1,954.32 | cr=22, dd=27, da=10, tlv=8, sm=64, rd=118.12, cd=0, um=0","Time elapsed: 10.31 seconds","/home/thomasverwaal/Robust-Rail-NL/mathematical-models/local_search_plans_discreet_120/plan_32_trains_1_units12.json"
"/home/thomasverwaal/Robust-Rail-NL/mathematical-models/scenarios_solver_types_120/scenario_solver_32_trains_1_units12.json","Cost of next node: Cost = 1,816.1 : 1,857.34 | cr=22, dd=25, da=10, tlv=8, sm=64, rd=122.81, cd=0, um=0","Time elapsed: 10.47 seconds","/home/thomasverwaal/Robust-Rail-NL/mathematical-models/local_search_plans_discreet_120/plan_32_trains_1_units12.json"
"/home/thomasverwaal/Robust-Rail-NL/mathematical-models/scenarios_solver_types_120/scenario_solver_32_trains_1_units12.json","Cost of next node: Cost = 1,765.6 : 1,806.93 | cr=22, dd=24, da=10, tlv=8, sm=64, rd=122.81, cd=0, um=0","Time elapsed: 10.53 seconds","/home/thomasverwaal/Robust-Rail-NL/mathematical-models/local_search_plans_discreet_120/plan_32_trains_1_units12.json"
"/home/thomasverwaal/Robust-Rail-NL/mathematical-models/scenarios_solver_types_120/scenario_solver_32_trains_1_units12.json","Cost of next node: Cost = 1,617.2 : 1,658.47 | cr=22, dd=21, da=10, tlv=8, sm=64, rd=122.81, cd=0, um=0","Time elapsed: 10.65 seconds","/home/thomasverwaal/Robust-Rail-NL/mathematical-models/local_search_plans_discreet_120/plan_32_trains_1_units12.json"
"/home/thomasverwaal/Robust-Rail-NL/mathematical-models/scenarios_solver_types_120/scenario_solver_32_trains_1_units12.json","Cost of next node: Cost = 1,576.9 : 1,618.18 | cr=23, dd=20, da=10, tlv=8, sm=64, rd=120.94, cd=0, um=0","Time elapsed: 10.77 seconds","/home/thomasverwaal/Robust-Rail-NL/mathematical-models/local_search_plans_discreet_120/plan_32_trains_1_units12.json"
"/home/thomasverwaal/Robust-Rail-NL/mathematical-models/scenarios_solver_types_120/scenario_solver_32_trains_1_units12.json","Cost of next node: Cost = 1,537.3 : 1,578.61 | cr=24, dd=19, da=10, tlv=8, sm=64, rd=120.94, cd=0, um=0","Time elapsed: 10.94 seconds","/home/thomasverwaal/Robust-Rail-NL/mathematical-models/local_search_plans_discreet_120/plan_32_trains_1_units12.json"
"/home/thomasverwaal/Robust-Rail-NL/mathematical-models/scenarios_solver_types_120/scenario_solver_32_trains_1_units12.json","Cost of next node: Cost = 1,443.9 : 1,485.13 | cr=20, dd=18, da=10, tlv=8, sm=64, rd=116.25, cd=0, um=0","Time elapsed: 11.09 seconds","/home/thomasverwaal/Robust-Rail-NL/mathematical-models/local_search_plans_discreet_120/plan_32_trains_1_units12.json"
"/home/thomasverwaal/Robust-Rail-NL/mathematical-models/scenarios_solver_types_120/scenario_solver_32_trains_1_units12.json","Cost of next node: Cost = 1,403.3 : 1,444.61 | cr=21, dd=17, da=10, tlv=8, sm=64, rd=116.25, cd=0, um=0","Time elapsed: 11.21 seconds","/home/thomasverwaal/Robust-Rail-NL/mathematical-models/local_search_plans_discreet_120/plan_32_trains_1_units12.json"
"/home/thomasverwaal/Robust-Rail-NL/mathematical-models/scenarios_solver_types_120/scenario_solver_32_trains_1_units12.json","Cost of next node: Cost = 1,320.0 : 1,361.26 | cr=23, dd=15, da=10, tlv=8, sm=64, rd=114.38, cd=0, um=0","Time elapsed: 11.32 seconds","/home/thomasverwaal/Robust-Rail-NL/mathematical-models/local_search_plans_discreet_120/plan_32_trains_1_units12.json"
"/home/thomasverwaal/Robust-Rail-NL/mathematical-models/scenarios_solver_types_120/scenario_solver_32_trains_1_units12.json","Cost of next node: Cost = 1,238.5 : 1,279.80 | cr=22, dd=14, da=9, tlv=8, sm=64, rd=112.50, cd=0, um=0","Time elapsed: 11.79 seconds","/home/thomasverwaal/Robust-Rail-NL/mathematical-models/local_search_plans_discreet_120/plan_32_trains_1_units12.json"
"/home/thomasverwaal/Robust-Rail-NL/mathematical-models/scenarios_solver_types_120/scenario_solver_32_trains_1_units12.json","Cost of next node: Cost = 1,213.2 : 1,254.48 | cr=21, dd=14, da=8, tlv=8, sm=64, rd=114.38, cd=0, um=0","Time elapsed: 12.06 seconds","/home/thomasverwaal/Robust-Rail-NL/mathematical-models/local_search_plans_discreet_120/plan_32_trains_1_units12.json"
"/home/thomasverwaal/Robust-Rail-NL/mathematical-models/scenarios_solver_types_120/scenario_solver_32_trains_1_units12.json","Cost of next node: Cost = 1,052.8 : 1,099.11 | cr=21, dd=11, da=7, tlv=9, sm=64, rd=108.75, cd=0, um=0","Time elapsed: 12.30 seconds","/home/thomasverwaal/Robust-Rail-NL/mathematical-models/local_search_plans_discreet_120/plan_32_trains_1_units12.json"
"/home/thomasverwaal/Robust-Rail-NL/mathematical-models/scenarios_solver_types_120/scenario_solver_32_trains_1_units12.json","Cost of next node: Cost = 1,022.8 : 1,069.11 | cr=18, dd=11, da=7, tlv=9, sm=64, rd=108.75, cd=0, um=0","Time elapsed: 12.33 seconds","/home/thomasverwaal/Robust-Rail-NL/mathematical-models/local_search_plans_discreet_120/plan_32_trains_1_units12.json"
"/home/thomasverwaal/Robust-Rail-NL/mathematical-models/scenarios_solver_types_120/scenario_solver_32_trains_1_units12.json","Cost of next node: Cost = 873.8 : 925.08 | cr=20, dd=9, da=3, tlv=10, sm=64, rd=103.12, cd=0, um=0","Time elapsed: 12.60 seconds","/home/thomasverwaal/Robust-Rail-NL/mathematical-models/local_search_plans_discreet_120/plan_32_trains_1_units12.json"
"/home/thomasverwaal/Robust-Rail-NL/mathematical-models/scenarios_solver_types_120/scenario_solver_32_trains_1_units12.json","Cost of next node: Cost = 789.5 : 840.73 | cr=22, dd=7, da=3, tlv=10, sm=64, rd=101.25, cd=0, um=0","Time elapsed: 12.64 seconds","/home/thomasverwaal/Robust-Rail-NL/mathematical-models/local_search_plans_discreet_120/plan_32_trains_1_units12.json"
"/home/thomasverwaal/Robust-Rail-NL/mathematical-models/scenarios_solver_types_120/scenario_solver_32_trains_1_units12.json","Cost of next node: Cost = 695.3 : 751.57 | cr=18, dd=6, da=2, tlv=11, sm=64, rd=97.50, cd=0, um=0","Time elapsed: 13.01 seconds","/home/thomasverwaal/Robust-Rail-NL/mathematical-models/local_search_plans_discreet_120/plan_32_trains_1_units12.json"
"/home/thomasverwaal/Robust-Rail-NL/mathematical-models/scenarios_solver_types_120/scenario_solver_32_trains_1_units12.json","Cost of next node: Cost = 579.3 : 640.58 | cr=17, dd=4, da=1, tlv=12, sm=64, rd=93.75, cd=0, um=0","Time elapsed: 13.24 seconds","/home/thomasverwaal/Robust-Rail-NL/mathematical-models/local_search_plans_discreet_120/plan_32_trains_1_units12.json"
"/home/thomasverwaal/Robust-Rail-NL/mathematical-models/scenarios_solver_types_120/scenario_solver_32_trains_1_units12.json","Cost of next node: Cost = 489.8 : 556.08 | cr=17, dd=2, da=1, tlv=13, sm=64, rd=90.00, cd=0, um=0","Time elapsed: 13.63 seconds","/home/thomasverwaal/Robust-Rail-NL/mathematical-models/local_search_plans_discreet_120/plan_32_trains_1_units12.json"
"/home/thomasverwaal/Robust-Rail-NL/mathematical-models/scenarios_solver_types_120/scenario_solver_32_trains_1_units12.json","Cost of next node: Cost = 355.0 : 421.28 | cr=16, dd=0, da=0, tlv=13, sm=64, rd=86.25, cd=0, um=0","Time elapsed: 13.77 seconds","/home/thomasverwaal/Robust-Rail-NL/mathematical-models/local_search_plans_discreet_120/plan_32_trains_1_units12.json"
"/home/thomasverwaal/Robust-Rail-NL/mathematical-models/scenarios_solver_types_120/scenario_solver_32_trains_1_units12.json","Cost of next node: Cost = 335.0 : 401.28 | cr=14, dd=0, da=0, tlv=13, sm=64, rd=86.25, cd=0, um=0","Time elapsed: 16.68 seconds","/home/thomasverwaal/Robust-Rail-NL/mathematical-models/local_search_plans_discreet_120/plan_32_trains_1_units12.json"
"/home/thomasverwaal/Robust-Rail-NL/mathematical-models/scenarios_solver_types_120/scenario_solver_32_trains_1_units12.json","Cost of next node: Cost = 315.0 : 381.28 | cr=12, dd=0, da=0, tlv=13, sm=64, rd=86.25, cd=0, um=0","Time elapsed: 19.48 seconds","/home/thomasverwaal/Robust-Rail-NL/mathematical-models/local_search_plans_discreet_120/plan_32_trains_1_units12.json"
"/home/thomasverwaal/Robust-Rail-NL/mathematical-models/scenarios_solver_types_120/scenario_solver_32_trains_1_units12.json","Cost of next node: Cost = 305.0 : 371.28 | cr=11, dd=0, da=0, tlv=13, sm=64, rd=86.25, cd=0, um=0","Time elapsed: 22.13 seconds","/home/thomasverwaal/Robust-Rail-NL/mathematical-models/local_search_plans_discreet_120/plan_32_trains_1_units12.json"
"/home/thomasverwaal/Robust-Rail-NL/mathematical-models/scenarios_solver_types_120/scenario_solver_32_trains_1_units12.json","Cost of next node: Cost = 285.0 : 351.28 | cr=9, dd=0, da=0, tlv=13, sm=64, rd=86.25, cd=0, um=0","Time elapsed: 24.62 seconds","/home/thomasverwaal/Robust-Rail-NL/mathematical-models/local_search_plans_discreet_120/plan_32_trains_1_units12.json"
"/home/thomasverwaal/Robust-Rail-NL/mathematical-models/scenarios_solver_types_120/scenario_solver_32_trains_1_units12.json","Cost of next node: Cost = 275.0 : 341.28 | cr=8, dd=0, da=0, tlv=13, sm=64, rd=86.25, cd=0, um=0","Time elapsed: 27.14 seconds","/home/thomasverwaal/Robust-Rail-NL/mathematical-models/local_search_plans_discreet_120/plan_32_trains_1_units12.json"
"/home/thomasverwaal/Robust-Rail-NL/mathematical-models/scenarios_solver_types_120/scenario_solver_32_trains_1_units12.json","Cost of next node: Cost = 265.0 : 331.28 | cr=7, dd=0, da=0, tlv=13, sm=64, rd=86.25, cd=0, um=0","Time elapsed: 29.23 seconds","/home/thomasverwaal/Robust-Rail-NL/mathematical-models/local_search_plans_discreet_120/plan_32_trains_1_units12.json"
"/home/thomasverwaal/Robust-Rail-NL/mathematical-models/scenarios_solver_types_120/scenario_solver_32_trains_1_units12.json","Cost of next node: Cost = 255.0 : 321.28 | cr=6, dd=0, da=0, tlv=13, sm=64, rd=86.25, cd=0, um=0","Time elapsed: 31.17 seconds","/home/thomasverwaal/Robust-Rail-NL/mathematical-models/local_search_plans_discreet_120/plan_32_trains_1_units12.json"
"/home/thomasverwaal/Robust-Rail-NL/mathematical-models/scenarios_solver_types_120/scenario_solver_32_trains_1_units12.json","Cost of next node: Cost = 245.0 : 311.28 | cr=5, dd=0, da=0, tlv=13, sm=64, rd=88.12, cd=0, um=0","Time elapsed: 37.22 seconds","/home/thomasverwaal/Robust-Rail-NL/mathematical-models/local_search_plans_discreet_120/plan_32_trains_1_units12.json"
"/home/thomasverwaal/Robust-Rail-NL/mathematical-models/scenarios_solver_types_120/scenario_solver_32_trains_1_units12.json","Cost of next node: Cost = 235.0 : 301.28 | cr=4, dd=0, da=0, tlv=13, sm=64, rd=86.25, cd=0, um=0","Time elapsed: 39.78 seconds","/home/thomasverwaal/Robust-Rail-NL/mathematical-models/local_search_plans_discreet_120/plan_32_trains_1_units12.json"
"/home/thomasverwaal/Robust-Rail-NL/mathematical-models/scenarios_solver_types_120/scenario_solver_32_trains_1_units12.json","Cost of next node: Cost = 225.0 : 291.28 | cr=3, dd=0, da=0, tlv=13, sm=64, rd=86.25, cd=0, um=0","Time elapsed: 50.03 seconds","/home/thomasverwaal/Robust-Rail-NL/mathematical-models/local_search_plans_discreet_120/plan_32_trains_1_units12.json"
"/home/thomasverwaal/Robust-Rail-NL/mathematical-models/scenarios_solver_types_120/scenario_solver_32_trains_1_units12.json","Cost of next node: Cost = 215.0 : 281.30 | cr=2, dd=0, da=0, tlv=13, sm=65, rd=83.08, cd=0, um=0","Time elapsed: 72.73 seconds","/home/thomasverwaal/Robust-Rail-NL/mathematical-models/local_search_plans_discreet_120/plan_32_trains_1_units12.json"
"/home/thomasverwaal/Robust-Rail-NL/mathematical-models/scenarios_solver_types_120/scenario_solver_32_trains_1_units12.json","Cost of next node: Cost = 205.0 : 271.30 | cr=1, dd=0, da=0, tlv=13, sm=65, rd=84.92, cd=0, um=0","Time elapsed: 113.07 seconds","/home/thomasverwaal/Robust-Rail-NL/mathematical-models/local_search_plans_discreet_120/plan_32_trains_1_units12.json"
"/home/thomasverwaal/Robust-Rail-NL/mathematical-models/scenarios_solver_types_120/scenario_solver_32_trains_1_units12.json","Cost of next node: Cost = 200.0 : 261.32 | cr=2, dd=0, da=0, tlv=12, sm=66, rd=87.27, cd=0, um=0","Time elapsed: 164.25 seconds","/home/thomasverwaal/Robust-Rail-NL/mathematical-models/local_search_plans_discreet_120/plan_32_trains_1_units12.json"
"/home/thomasverwaal/Robust-Rail-NL/mathematical-models/scenarios_solver_types_120/scenario_solver_32_trains_1_units12.json","Cost of next node: Cost = 190.0 : 251.32 | cr=1, dd=0, da=0, tlv=12, sm=66, rd=87.27, cd=0, um=0","Time elapsed: 225.57 seconds","/home/thomasverwaal/Robust-Rail-NL/mathematical-models/local_search_plans_discreet_120/plan_32_trains_1_units12.json"
"/home/thomasverwaal/Robust-Rail-NL/mathematical-models/scenarios_solver_types_120/scenario_solver_32_trains_1_units12.json","NO_COST_FOUND","NO_TIME_FOUND","NO_PLAN_CREATED"
"/home/thomasverwaal/Robust-Rail-NL/mathematical-models/scenarios_solver_types_120/scenario_solver_32_trains_1_units13.json","Cost of next node: Cost = 2,751.2 : 2,752.50 | cr=41, dd=32, da=30, tlv=0, sm=64, rd=180.00, cd=0, um=0","Time elapsed: 4.84 seconds","/home/thomasverwaal/Robust-Rail-NL/mathematical-models/local_search_plans_discreet_120/plan_32_trains_1_units13.json"
"/home/thomasverwaal/Robust-Rail-NL/mathematical-models/scenarios_solver_types_120/scenario_solver_32_trains_1_units13.json","Cost of next node: Cost = 2,723.9 : 2,725.14 | cr=39, dd=32, da=30, tlv=0, sm=64, rd=178.12, cd=0, um=0","Time elapsed: 5.00 seconds","/home/thomasverwaal/Robust-Rail-NL/mathematical-models/local_search_plans_discreet_120/plan_32_trains_1_units13.json"
"/home/thomasverwaal/Robust-Rail-NL/mathematical-models/scenarios_solver_types_120/scenario_solver_32_trains_1_units13.json","Cost of next node: Cost = 2,703.4 : 2,704.68 | cr=37, dd=32, da=30, tlv=0, sm=64, rd=178.12, cd=0, um=0","Time elapsed: 5.27 seconds","/home/thomasverwaal/Robust-Rail-NL/mathematical-models/local_search_plans_discreet_120/plan_32_trains_1_units13.json"
"/home/thomasverwaal/Robust-Rail-NL/mathematical-models/scenarios_solver_types_120/scenario_solver_32_trains_1_units13.json","Cost of next node: Cost = 2,682.7 : 2,683.95 | cr=35, dd=32, da=30, tlv=0, sm=64, rd=178.12, cd=0, um=0","Time elapsed: 5.55 seconds","/home/thomasverwaal/Robust-Rail-NL/mathematical-models/local_search_plans_discreet_120/plan_32_trains_1_units13.json"
"/home/thomasverwaal/Robust-Rail-NL/mathematical-models/scenarios_solver_types_120/scenario_solver_32_trains_1_units13.json","Cost of next node: Cost = 2,639.9 : 2,641.19 | cr=35, dd=32, da=29, tlv=0, sm=64, rd=173.44, cd=0, um=0","Time elapsed: 5.88 seconds","/home/thomasverwaal/Robust-Rail-NL/mathematical-models/local_search_plans_discreet_120/plan_32_trains_1_units13.json"
"/home/thomasverwaal/Robust-Rail-NL/mathematical-models/scenarios_solver_types_120/scenario_solver_32_trains_1_units13.json","Cost of next node: Cost = 2,584.6 : 2,590.90 | cr=32, dd=32, da=27, tlv=1, sm=64, rd=172.50, cd=0, um=0","Time elapsed: 6.12 seconds","/home/thomasverwaal/Robust-Rail-NL/mathematical-models/local_search_plans_discreet_120/plan_32_trains_1_units13.json"
"/home/thomasverwaal/Robust-Rail-NL/mathematical-models/scenarios_solver_types_120/scenario_solver_32_trains_1_units13.json","Cost of next node: Cost = 2,480.4 : 2,486.70 | cr=32, dd=32, da=22, tlv=1, sm=64, rd=168.75, cd=0, um=0","Time elapsed: 6.39 seconds","/home/thomasverwaal/Robust-Rail-NL/mathematical-models/local_search_plans_discreet_120/plan_32_trains_1_units13.json"
"/home/thomasverwaal/Robust-Rail-NL/mathematical-models/scenarios_solver_types_120/scenario_solver_32_trains_1_units13.json","Cost of next node: Cost = 2,444.8 : 2,456.10 | cr=27, dd=32, da=22, tlv=2, sm=64, rd=167.81, cd=0, um=0","Time elapsed: 6.64 seconds","/home/thomasverwaal/Robust-Rail-NL/mathematical-models/local_search_plans_discreet_120/plan_32_trains_1_units13.json"
"/home/thomasverwaal/Robust-Rail-NL/mathematical-models/scenarios_solver_types_120/scenario_solver_32_trains_1_units13.json","Cost of next node: Cost = 2,382.1 : 2,393.39 | cr=33, dd=32, da=16, tlv=2, sm=64, rd=164.06, cd=0, um=0","Time elapsed: 6.90 seconds","/home/thomasverwaal/Robust-Rail-NL/mathematical-models/local_search_plans_discreet_120/plan_32_trains_1_units13.json"
"/home/thomasverwaal/Robust-Rail-NL/mathematical-models/scenarios_solver_types_120/scenario_solver_32_trains_1_units13.json","Cost of next node: Cost = 2,336.3 : 2,352.55 | cr=33, dd=32, da=13, tlv=3, sm=64, rd=160.31, cd=0, um=0","Time elapsed: 7.36 seconds","/home/thomasverwaal/Robust-Rail-NL/mathematical-models/local_search_plans_discreet_120/plan_32_trains_1_units13.json"
"/home/thomasverwaal/Robust-Rail-NL/mathematical-models/scenarios_solver_types_120/scenario_solver_32_trains_1_units13.json","Cost of next node: Cost = 2,313.6 : 2,329.89 | cr=32, dd=32, da=13, tlv=3, sm=64, rd=156.56, cd=0, um=0","Time elapsed: 7.94 seconds","/home/thomasverwaal/Robust-Rail-NL/mathematical-models/local_search_plans_discreet_120/plan_32_trains_1_units13.json"
"/home/thomasverwaal/Robust-Rail-NL/mathematical-models/scenarios_solver_types_120/scenario_solver_32_trains_1_units13.json","Cost of next node: Cost = 2,293.3 : 2,309.60 | cr=32, dd=32, da=12, tlv=3, sm=64, rd=154.69, cd=0, um=0","Time elapsed: 8.65 seconds","/home/thomasverwaal/Robust-Rail-NL/mathematical-models/local_search_plans_discreet_120/plan_32_trains_1_units13.json"
"/home/thomasverwaal/Robust-Rail-NL/mathematical-models/scenarios_solver_types_120/scenario_solver_32_trains_1_units13.json","Cost of next node: Cost = 2,271.1 : 2,292.35 | cr=27, dd=32, da=12, tlv=4, sm=64, rd=158.44, cd=0, um=0","Time elapsed: 9.01 seconds","/home/thomasverwaal/Robust-Rail-NL/mathematical-models/local_search_plans_discreet_120/plan_32_trains_1_units13.json"
"/home/thomasverwaal/Robust-Rail-NL/mathematical-models/scenarios_solver_types_120/scenario_solver_32_trains_1_units13.json","Cost of next node: Cost = 2,246.1 : 2,272.35 | cr=23, dd=32, da=12, tlv=5, sm=64, rd=158.44, cd=0, um=0","Time elapsed: 9.67 seconds","/home/thomasverwaal/Robust-Rail-NL/mathematical-models/local_search_plans_discreet_120/plan_32_trains_1_units13.json"
"/home/thomasverwaal/Robust-Rail-NL/mathematical-models/scenarios_solver_types_120/scenario_solver_32_trains_1_units13.json","Cost of next node: Cost = 2,216.1 : 2,242.35 | cr=20, dd=32, da=12, tlv=5, sm=64, rd=158.44, cd=0, um=0","Time elapsed: 9.73 seconds","/home/thomasverwaal/Robust-Rail-NL/mathematical-models/local_search_plans_discreet_120/plan_32_trains_1_units13.json"
"/home/thomasverwaal/Robust-Rail-NL/mathematical-models/scenarios_solver_types_120/scenario_solver_32_trains_1_units13.json","Cost of next node: Cost = 2,189.9 : 2,216.15 | cr=19, dd=32, da=12, tlv=5, sm=64, rd=150.94, cd=0, um=0","Time elapsed: 9.90 seconds","/home/thomasverwaal/Robust-Rail-NL/mathematical-models/local_search_plans_discreet_120/plan_32_trains_1_units13.json"
"/home/thomasverwaal/Robust-Rail-NL/mathematical-models/scenarios_solver_types_120/scenario_solver_32_trains_1_units13.json","Cost of next node: Cost = 2,169.2 : 2,200.48 | cr=17, dd=32, da=12, tlv=6, sm=64, rd=143.44, cd=0, um=0","Time elapsed: 10.23 seconds","/home/thomasverwaal/Robust-Rail-NL/mathematical-models/local_search_plans_discreet_120/plan_32_trains_1_units13.json"
"/home/thomasverwaal/Robust-Rail-NL/mathematical-models/scenarios_solver_types_120/scenario_solver_32_trains_1_units13.json","Cost of next node: Cost = 2,145.7 : 2,177.02 | cr=15, dd=32, da=12, tlv=6, sm=64, rd=143.44, cd=0, um=0","Time elapsed: 10.33 seconds","/home/thomasverwaal/Robust-Rail-NL/mathematical-models/local_search_plans_discreet_120/plan_32_trains_1_units13.json"
"/home/thomasverwaal/Robust-Rail-NL/mathematical-models/scenarios_solver_types_120/scenario_solver_32_trains_1_units13.json","Cost of next node: Cost = 2,115.9 : 2,147.23 | cr=13, dd=32, da=12, tlv=6, sm=64, rd=139.69, cd=0, um=0","Time elapsed: 10.64 seconds","/home/thomasverwaal/Robust-Rail-NL/mathematical-models/local_search_plans_discreet_120/plan_32_trains_1_units13.json"
"/home/thomasverwaal/Robust-Rail-NL/mathematical-models/scenarios_solver_types_120/scenario_solver_32_trains_1_units13.json","Cost of next node: Cost = 2,045.6 : 2,081.90 | cr=17, dd=30, da=12, tlv=7, sm=64, rd=132.19, cd=0, um=0","Time elapsed: 10.87 seconds","/home/thomasverwaal/Robust-Rail-NL/mathematical-models/local_search_plans_discreet_120/plan_32_trains_1_units13.json"
"/home/thomasverwaal/Robust-Rail-NL/mathematical-models/scenarios_solver_types_120/scenario_solver_32_trains_1_units13.json","Cost of next node: Cost = 2,015.6 : 2,051.90 | cr=14, dd=30, da=12, tlv=7, sm=64, rd=132.19, cd=0, um=0","Time elapsed: 10.95 seconds","/home/thomasverwaal/Robust-Rail-NL/mathematical-models/local_search_plans_discreet_120/plan_32_trains_1_units13.json"
"/home/thomasverwaal/Robust-Rail-NL/mathematical-models/scenarios_solver_types_120/scenario_solver_32_trains_1_units13.json","Cost of next node: Cost = 1,985.6 : 2,021.88 | cr=16, dd=29, da=12, tlv=7, sm=64, rd=130.31, cd=0, um=0","Time elapsed: 11.07 seconds","/home/thomasverwaal/Robust-Rail-NL/mathematical-models/local_search_plans_discreet_120/plan_32_trains_1_units13.json"
"/home/thomasverwaal/Robust-Rail-NL/mathematical-models/scenarios_solver_types_120/scenario_solver_32_trains_1_units13.json","Cost of next node: Cost = 1,965.0 : 2,001.28 | cr=14, dd=29, da=12, tlv=7, sm=64, rd=130.31, cd=0, um=0","Time elapsed: 11.23 seconds","/home/thomasverwaal/Robust-Rail-NL/mathematical-models/local_search_plans_discreet_120/plan_32_trains_1_units13.json"
"/home/thomasverwaal/Robust-Rail-NL/mathematical-models/scenarios_solver_types_120/scenario_solver_32_trains_1_units13.json","Cost of next node: Cost = 1,944.8 : 1,986.09 | cr=16, dd=28, da=12, tlv=8, sm=64, rd=130.31, cd=0, um=0","Time elapsed: 11.34 seconds","/home/thomasverwaal/Robust-Rail-NL/mathematical-models/local_search_plans_discreet_120/plan_32_trains_1_units13.json"
"/home/thomasverwaal/Robust-Rail-NL/mathematical-models/scenarios_solver_types_120/scenario_solver_32_trains_1_units13.json","Cost of next node: Cost = 1,893.6 : 1,934.86 | cr=16, dd=27, da=12, tlv=8, sm=64, rd=130.31, cd=0, um=0","Time elapsed: 11.46 seconds","/home/thomasverwaal/Robust-Rail-NL/mathematical-models/local_search_plans_discreet_120/plan_32_trains_1_units13.json"
"/home/thomasverwaal/Robust-Rail-NL/mathematical-models/scenarios_solver_types_120/scenario_solver_32_trains_1_units13.json","Cost of next node: Cost = 1,868.1 : 1,914.42 | cr=16, dd=27, da=10, tlv=9, sm=64, rd=125.62, cd=0, um=0","Time elapsed: 11.58 seconds","/home/thomasverwaal/Robust-Rail-NL/mathematical-models/local_search_plans_discreet_120/plan_32_trains_1_units13.json"
"/home/thomasverwaal/Robust-Rail-NL/mathematical-models/scenarios_solver_types_120/scenario_solver_32_trains_1_units13.json","Cost of next node: Cost = 1,841.4 : 1,887.72 | cr=17, dd=27, da=8, tlv=9, sm=64, rd=123.75, cd=0, um=0","Time elapsed: 11.92 seconds","/home/thomasverwaal/Robust-Rail-NL/mathematical-models/local_search_plans_discreet_120/plan_32_trains_1_units13.json"
"/home/thomasverwaal/Robust-Rail-NL/mathematical-models/scenarios_solver_types_120/scenario_solver_32_trains_1_units13.json","Cost of next node: Cost = 1,741.7 : 1,788.00 | cr=17, dd=25, da=8, tlv=9, sm=64, rd=123.75, cd=0, um=0","Time elapsed: 12.13 seconds","/home/thomasverwaal/Robust-Rail-NL/mathematical-models/local_search_plans_discreet_120/plan_32_trains_1_units13.json"
"/home/thomasverwaal/Robust-Rail-NL/mathematical-models/scenarios_solver_types_120/scenario_solver_32_trains_1_units13.json","Cost of next node: Cost = 1,675.1 : 1,721.41 | cr=21, dd=23, da=8, tlv=9, sm=64, rd=120.00, cd=0, um=0","Time elapsed: 12.24 seconds","/home/thomasverwaal/Robust-Rail-NL/mathematical-models/local_search_plans_discreet_120/plan_32_trains_1_units13.json"
"/home/thomasverwaal/Robust-Rail-NL/mathematical-models/scenarios_solver_types_120/scenario_solver_32_trains_1_units13.json","Cost of next node: Cost = 1,565.1 : 1,611.42 | cr=20, dd=21, da=8, tlv=9, sm=64, rd=120.00, cd=0, um=0","Time elapsed: 12.30 seconds","/home/thomasverwaal/Robust-Rail-NL/mathematical-models/local_search_plans_discreet_120/plan_32_trains_1_units13.json"
"/home/thomasverwaal/Robust-Rail-NL/mathematical-models/scenarios_solver_types_120/scenario_solver_32_trains_1_units13.json","Cost of next node: Cost = 1,515.3 : 1,561.57 | cr=20, dd=20, da=8, tlv=9, sm=64, rd=120.00, cd=0, um=0","Time elapsed: 12.37 seconds","/home/thomasverwaal/Robust-Rail-NL/mathematical-models/local_search_plans_discreet_120/plan_32_trains_1_units13.json"
"/home/thomasverwaal/Robust-Rail-NL/mathematical-models/scenarios_solver_types_120/scenario_solver_32_trains_1_units13.json","Cost of next node: Cost = 1,465.8 : 1,512.03 | cr=20, dd=19, da=8, tlv=9, sm=64, rd=120.00, cd=0, um=0","Time elapsed: 12.41 seconds","/home/thomasverwaal/Robust-Rail-NL/mathematical-models/local_search_plans_discreet_120/plan_32_trains_1_units13.json"
"/home/thomasverwaal/Robust-Rail-NL/mathematical-models/scenarios_solver_types_120/scenario_solver_32_trains_1_units13.json","Cost of next node: Cost = 1,435.8 : 1,482.03 | cr=17, dd=19, da=8, tlv=9, sm=64, rd=118.12, cd=0, um=0","Time elapsed: 12.57 seconds","/home/thomasverwaal/Robust-Rail-NL/mathematical-models/local_search_plans_discreet_120/plan_32_trains_1_units13.json"
"/home/thomasverwaal/Robust-Rail-NL/mathematical-models/scenarios_solver_types_120/scenario_solver_32_trains_1_units13.json","Cost of next node: Cost = 1,276.0 : 1,327.31 | cr=16, dd=17, da=5, tlv=10, sm=64, rd=112.50, cd=0, um=0","Time elapsed: 12.79 seconds","/home/thomasverwaal/Robust-Rail-NL/mathematical-models/local_search_plans_discreet_120/plan_32_trains_1_units13.json"
"/home/thomasverwaal/Robust-Rail-NL/mathematical-models/scenarios_solver_types_120/scenario_solver_32_trains_1_units13.json","Cost of next node: Cost = 1,226.3 : 1,277.57 | cr=16, dd=16, da=5, tlv=10, sm=64, rd=112.50, cd=0, um=0","Time elapsed: 12.94 seconds","/home/thomasverwaal/Robust-Rail-NL/mathematical-models/local_search_plans_discreet_120/plan_32_trains_1_units13.json"
"/home/thomasverwaal/Robust-Rail-NL/mathematical-models/scenarios_solver_types_120/scenario_solver_32_trains_1_units13.json","Cost of next node: Cost = 1,160.8 : 1,217.11 | cr=15, dd=15, da=4, tlv=11, sm=64, rd=106.88, cd=0, um=0","Time elapsed: 13.24 seconds","/home/thomasverwaal/Robust-Rail-NL/mathematical-models/local_search_plans_discreet_120/plan_32_trains_1_units13.json"
"/home/thomasverwaal/Robust-Rail-NL/mathematical-models/scenarios_solver_types_120/scenario_solver_32_trains_1_units13.json","Cost of next node: Cost = 1,067.4 : 1,128.64 | cr=18, dd=13, da=2, tlv=12, sm=64, rd=103.12, cd=0, um=0","Time elapsed: 13.45 seconds","/home/thomasverwaal/Robust-Rail-NL/mathematical-models/local_search_plans_discreet_120/plan_32_trains_1_units13.json"
"/home/thomasverwaal/Robust-Rail-NL/mathematical-models/scenarios_solver_types_120/scenario_solver_32_trains_1_units13.json","Cost of next node: Cost = 941.7 : 1,007.98 | cr=16, dd=11, da=1, tlv=13, sm=64, rd=99.38, cd=0, um=0","Time elapsed: 13.69 seconds","/home/thomasverwaal/Robust-Rail-NL/mathematical-models/local_search_plans_discreet_120/plan_32_trains_1_units13.json"
"/home/thomasverwaal/Robust-Rail-NL/mathematical-models/scenarios_solver_types_120/scenario_solver_32_trains_1_units13.json","Cost of next node: Cost = 719.8 : 791.03 | cr=15, dd=7, da=0, tlv=14, sm=64, rd=91.88, cd=0, um=0","Time elapsed: 13.94 seconds","/home/thomasverwaal/Robust-Rail-NL/mathematical-models/local_search_plans_discreet_120/plan_32_trains_1_units13.json"
"/home/thomasverwaal/Robust-Rail-NL/mathematical-models/scenarios_solver_types_120/scenario_solver_32_trains_1_units13.json","Cost of next node: Cost = 496.0 : 572.28 | cr=16, dd=2, da=0, tlv=15, sm=64, rd=87.19, cd=0, um=0","Time elapsed: 14.21 seconds","/home/thomasverwaal/Robust-Rail-NL/mathematical-models/local_search_plans_discreet_120/plan_32_trains_1_units13.json"
"/home/thomasverwaal/Robust-Rail-NL/mathematical-models/scenarios_solver_types_120/scenario_solver_32_trains_1_units13.json","Cost of next node: Cost = 466.0 : 542.28 | cr=13, dd=2, da=0, tlv=15, sm=64, rd=87.19, cd=0, um=0","Time elapsed: 14.32 seconds","/home/thomasverwaal/Robust-Rail-NL/mathematical-models/local_search_plans_discreet_120/plan_32_trains_1_units13.json"
"/home/thomasverwaal/Robust-Rail-NL/mathematical-models/scenarios_solver_types_120/scenario_solver_32_trains_1_units13.json","Cost of next node: Cost = 395.0 : 471.28 | cr=17, dd=0, da=0, tlv=15, sm=64, rd=80.62, cd=0, um=0","Time elapsed: 14.47 seconds","/home/thomasverwaal/Robust-Rail-NL/mathematical-models/local_search_plans_discreet_120/plan_32_trains_1_units13.json"
"/home/thomasverwaal/Robust-Rail-NL/mathematical-models/scenarios_solver_types_120/scenario_solver_32_trains_1_units13.json","Cost of next node: Cost = 365.0 : 441.28 | cr=14, dd=0, da=0, tlv=15, sm=64, rd=80.62, cd=0, um=0","Time elapsed: 14.66 seconds","/home/thomasverwaal/Robust-Rail-NL/mathematical-models/local_search_plans_discreet_120/plan_32_trains_1_units13.json"
"/home/thomasverwaal/Robust-Rail-NL/mathematical-models/scenarios_solver_types_120/scenario_solver_32_trains_1_units13.json","Cost of next node: Cost = 345.0 : 421.28 | cr=12, dd=0, da=0, tlv=15, sm=64, rd=80.62, cd=0, um=0","Time elapsed: 16.93 seconds","/home/thomasverwaal/Robust-Rail-NL/mathematical-models/local_search_plans_discreet_120/plan_32_trains_1_units13.json"
"/home/thomasverwaal/Robust-Rail-NL/mathematical-models/scenarios_solver_types_120/scenario_solver_32_trains_1_units13.json","Cost of next node: Cost = 325.0 : 401.28 | cr=10, dd=0, da=0, tlv=15, sm=64, rd=78.75, cd=0, um=0","Time elapsed: 19.00 seconds","/home/thomasverwaal/Robust-Rail-NL/mathematical-models/local_search_plans_discreet_120/plan_32_trains_1_units13.json"
"/home/thomasverwaal/Robust-Rail-NL/mathematical-models/scenarios_solver_types_120/scenario_solver_32_trains_1_units13.json","Cost of next node: Cost = 310.0 : 381.28 | cr=10, dd=0, da=0, tlv=14, sm=64, rd=80.62, cd=0, um=0","Time elapsed: 20.96 seconds","/home/thomasverwaal/Robust-Rail-NL/mathematical-models/local_search_plans_discreet_120/plan_32_trains_1_units13.json"
"/home/thomasverwaal/Robust-Rail-NL/mathematical-models/scenarios_solver_types_120/scenario_solver_32_trains_1_units13.json","Cost of next node: Cost = 300.0 : 371.28 | cr=9, dd=0, da=0, tlv=14, sm=64, rd=80.62, cd=0, um=0","Time elapsed: 22.80 seconds","/home/thomasverwaal/Robust-Rail-NL/mathematical-models/local_search_plans_discreet_120/plan_32_trains_1_units13.json"
"/home/thomasverwaal/Robust-Rail-NL/mathematical-models/scenarios_solver_types_120/scenario_solver_32_trains_1_units13.json","Cost of next node: Cost = 290.0 : 361.28 | cr=8, dd=0, da=0, tlv=14, sm=64, rd=80.62, cd=0, um=0","Time elapsed: 24.32 seconds","/home/thomasverwaal/Robust-Rail-NL/mathematical-models/local_search_plans_discreet_120/plan_32_trains_1_units13.json"
"/home/thomasverwaal/Robust-Rail-NL/mathematical-models/scenarios_solver_types_120/scenario_solver_32_trains_1_units13.json","Cost of next node: Cost = 280.0 : 351.28 | cr=7, dd=0, da=0, tlv=14, sm=64, rd=80.62, cd=0, um=0","Time elapsed: 25.95 seconds","/home/thomasverwaal/Robust-Rail-NL/mathematical-models/local_search_plans_discreet_120/plan_32_trains_1_units13.json"
"/home/thomasverwaal/Robust-Rail-NL/mathematical-models/scenarios_solver_types_120/scenario_solver_32_trains_1_units13.json","Cost of next node: Cost = 275.0 : 341.30 | cr=8, dd=0, da=0, tlv=13, sm=65, rd=83.08, cd=0, um=0","Time elapsed: 27.25 seconds","/home/thomasverwaal/Robust-Rail-NL/mathematical-models/local_search_plans_discreet_120/plan_32_trains_1_units13.json"
"/home/thomasverwaal/Robust-Rail-NL/mathematical-models/scenarios_solver_types_120/scenario_solver_32_trains_1_units13.json","Cost of next node: Cost = 265.0 : 331.30 | cr=7, dd=0, da=0, tlv=13, sm=65, rd=83.08, cd=0, um=0","Time elapsed: 28.95 seconds","/home/thomasverwaal/Robust-Rail-NL/mathematical-models/local_search_plans_discreet_120/plan_32_trains_1_units13.json"
"/home/thomasverwaal/Robust-Rail-NL/mathematical-models/scenarios_solver_types_120/scenario_solver_32_trains_1_units13.json","Cost of next node: Cost = 245.0 : 311.30 | cr=5, dd=0, da=0, tlv=13, sm=65, rd=81.23, cd=0, um=0","Time elapsed: 35.97 seconds","/home/thomasverwaal/Robust-Rail-NL/mathematical-models/local_search_plans_discreet_120/plan_32_trains_1_units13.json"
"/home/thomasverwaal/Robust-Rail-NL/mathematical-models/scenarios_solver_types_120/scenario_solver_32_trains_1_units13.json","Cost of next node: Cost = 240.0 : 311.30 | cr=3, dd=0, da=0, tlv=14, sm=65, rd=79.38, cd=0, um=0","Time elapsed: 37.42 seconds","/home/thomasverwaal/Robust-Rail-NL/mathematical-models/local_search_plans_discreet_120/plan_32_trains_1_units13.json"
"/home/thomasverwaal/Robust-Rail-NL/mathematical-models/scenarios_solver_types_120/scenario_solver_32_trains_1_units13.json","Cost of next node: Cost = 225.0 : 291.30 | cr=3, dd=0, da=0, tlv=13, sm=65, rd=81.23, cd=0, um=0","Time elapsed: 38.63 seconds","/home/thomasverwaal/Robust-Rail-NL/mathematical-models/local_search_plans_discreet_120/plan_32_trains_1_units13.json"
"/home/thomasverwaal/Robust-Rail-NL/mathematical-models/scenarios_solver_types_120/scenario_solver_32_trains_1_units13.json","Cost of next node: Cost = 215.0 : 281.30 | cr=2, dd=0, da=0, tlv=13, sm=65, rd=81.23, cd=0, um=0","Time elapsed: 50.41 seconds","/home/thomasverwaal/Robust-Rail-NL/mathematical-models/local_search_plans_discreet_120/plan_32_trains_1_units13.json"
"/home/thomasverwaal/Robust-Rail-NL/mathematical-models/scenarios_solver_types_120/scenario_solver_32_trains_1_units13.json","NO_COST_FOUND","NO_TIME_FOUND","NO_PLAN_CREATED"
