scenario,cost_line,time_line,plan_file
"/home/thomasverwaal/Robust-Rail-NL/mathematical-models/scenarios_solver_types_120/scenario_solver_31_trains_11_units14.json","Cost of next node: Cost = 2,650.4 : 2,651.59 | cr=41, dd=31, da=29, tlv=0, sm=62, rd=170.32, cd=0, um=0","Time elapsed: 4.47 seconds","/home/thomasverwaal/Robust-Rail-NL/mathematical-models/local_search_plans_discreet_120/plan_31_trains_11_units14.json"
"/home/thomasverwaal/Robust-Rail-NL/mathematical-models/scenarios_solver_types_120/scenario_solver_31_trains_11_units14.json","Cost of next node: Cost = 2,625.1 : 2,631.35 | cr=42, dd=31, da=27, tlv=1, sm=62, rd=167.42, cd=0, um=0","Time elapsed: 4.58 seconds","/home/thomasverwaal/Robust-Rail-NL/mathematical-models/local_search_plans_discreet_120/plan_31_trains_11_units14.json"
"/home/thomasverwaal/Robust-Rail-NL/mathematical-models/scenarios_solver_types_120/scenario_solver_31_trains_11_units14.json","Cost of next node: Cost = 2,549.0 : 2,555.26 | cr=44, dd=31, da=22, tlv=1, sm=62, rd=168.39, cd=0, um=0","Time elapsed: 4.66 seconds","/home/thomasverwaal/Robust-Rail-NL/mathematical-models/local_search_plans_discreet_120/plan_31_trains_11_units14.json"
"/home/thomasverwaal/Robust-Rail-NL/mathematical-models/scenarios_solver_types_120/scenario_solver_31_trains_11_units14.json","Cost of next node: Cost = 2,516.9 : 2,523.15 | cr=43, dd=31, da=21, tlv=1, sm=62, rd=167.42, cd=0, um=0","Time elapsed: 4.75 seconds","/home/thomasverwaal/Robust-Rail-NL/mathematical-models/local_search_plans_discreet_120/plan_31_trains_11_units14.json"
"/home/thomasverwaal/Robust-Rail-NL/mathematical-models/scenarios_solver_types_120/scenario_solver_31_trains_11_units14.json","Cost of next node: Cost = 2,390.1 : 2,396.32 | cr=41, dd=31, da=16, tlv=1, sm=62, rd=158.71, cd=0, um=0","Time elapsed: 4.84 seconds","/home/thomasverwaal/Robust-Rail-NL/mathematical-models/local_search_plans_discreet_120/plan_31_trains_11_units14.json"
"/home/thomasverwaal/Robust-Rail-NL/mathematical-models/scenarios_solver_types_120/scenario_solver_31_trains_11_units14.json","Cost of next node: Cost = 2,345.6 : 2,356.89 | cr=43, dd=31, da=12, tlv=2, sm=62, rd=153.87, cd=0, um=0","Time elapsed: 4.90 seconds","/home/thomasverwaal/Robust-Rail-NL/mathematical-models/local_search_plans_discreet_120/plan_31_trains_11_units14.json"
"/home/thomasverwaal/Robust-Rail-NL/mathematical-models/scenarios_solver_types_120/scenario_solver_31_trains_11_units14.json","Cost of next node: Cost = 2,320.1 : 2,336.30 | cr=38, dd=31, da=12, tlv=3, sm=62, rd=156.77, cd=0, um=0","Time elapsed: 5.10 seconds","/home/thomasverwaal/Robust-Rail-NL/mathematical-models/local_search_plans_discreet_120/plan_31_trains_11_units14.json"
"/home/thomasverwaal/Robust-Rail-NL/mathematical-models/scenarios_solver_types_120/scenario_solver_31_trains_11_units14.json","Cost of next node: Cost = 2,290.6 : 2,306.89 | cr=36, dd=31, da=12, tlv=3, sm=62, rd=153.87, cd=0, um=0","Time elapsed: 5.26 seconds","/home/thomasverwaal/Robust-Rail-NL/mathematical-models/local_search_plans_discreet_120/plan_31_trains_11_units14.json"
"/home/thomasverwaal/Robust-Rail-NL/mathematical-models/scenarios_solver_types_120/scenario_solver_31_trains_11_units14.json","Cost of next node: Cost = 2,260.6 : 2,276.89 | cr=33, dd=31, da=12, tlv=3, sm=62, rd=153.87, cd=0, um=0","Time elapsed: 5.53 seconds","/home/thomasverwaal/Robust-Rail-NL/mathematical-models/local_search_plans_discreet_120/plan_31_trains_11_units14.json"
"/home/thomasverwaal/Robust-Rail-NL/mathematical-models/scenarios_solver_types_120/scenario_solver_31_trains_11_units14.json","Cost of next node: Cost = 2,233.7 : 2,254.92 | cr=29, dd=31, da=12, tlv=4, sm=62, rd=151.94, cd=0, um=0","Time elapsed: 5.74 seconds","/home/thomasverwaal/Robust-Rail-NL/mathematical-models/local_search_plans_discreet_120/plan_31_trains_11_units14.json"
"/home/thomasverwaal/Robust-Rail-NL/mathematical-models/scenarios_solver_types_120/scenario_solver_31_trains_11_units14.json","Cost of next node: Cost = 2,211.3 : 2,232.59 | cr=29, dd=31, da=11, tlv=4, sm=62, rd=148.06, cd=0, um=0","Time elapsed: 6.12 seconds","/home/thomasverwaal/Robust-Rail-NL/mathematical-models/local_search_plans_discreet_120/plan_31_trains_11_units14.json"
"/home/thomasverwaal/Robust-Rail-NL/mathematical-models/scenarios_solver_types_120/scenario_solver_31_trains_11_units14.json","Cost of next node: Cost = 2,189.8 : 2,216.02 | cr=28, dd=31, da=11, tlv=5, sm=62, rd=140.32, cd=0, um=0","Time elapsed: 6.45 seconds","/home/thomasverwaal/Robust-Rail-NL/mathematical-models/local_search_plans_discreet_120/plan_31_trains_11_units14.json"
"/home/thomasverwaal/Robust-Rail-NL/mathematical-models/scenarios_solver_types_120/scenario_solver_31_trains_11_units14.json","Cost of next node: Cost = 2,169.4 : 2,195.66 | cr=28, dd=31, da=10, tlv=5, sm=62, rd=138.39, cd=0, um=0","Time elapsed: 6.79 seconds","/home/thomasverwaal/Robust-Rail-NL/mathematical-models/local_search_plans_discreet_120/plan_31_trains_11_units14.json"
"/home/thomasverwaal/Robust-Rail-NL/mathematical-models/scenarios_solver_types_120/scenario_solver_31_trains_11_units14.json","Cost of next node: Cost = 2,148.2 : 2,179.42 | cr=22, dd=31, da=10, tlv=6, sm=62, rd=148.06, cd=0, um=0","Time elapsed: 7.30 seconds","/home/thomasverwaal/Robust-Rail-NL/mathematical-models/local_search_plans_discreet_120/plan_31_trains_11_units14.json"
"/home/thomasverwaal/Robust-Rail-NL/mathematical-models/scenarios_solver_types_120/scenario_solver_31_trains_11_units14.json","Cost of next node: Cost = 2,099.8 : 2,136.04 | cr=18, dd=31, da=10, tlv=7, sm=62, rd=140.32, cd=0, um=0","Time elapsed: 7.72 seconds","/home/thomasverwaal/Robust-Rail-NL/mathematical-models/local_search_plans_discreet_120/plan_31_trains_11_units14.json"
"/home/thomasverwaal/Robust-Rail-NL/mathematical-models/scenarios_solver_types_120/scenario_solver_31_trains_11_units14.json","Cost of next node: Cost = 2,069.8 : 2,106.04 | cr=15, dd=31, da=10, tlv=7, sm=62, rd=140.32, cd=0, um=0","Time elapsed: 7.80 seconds","/home/thomasverwaal/Robust-Rail-NL/mathematical-models/local_search_plans_discreet_120/plan_31_trains_11_units14.json"
"/home/thomasverwaal/Robust-Rail-NL/mathematical-models/scenarios_solver_types_120/scenario_solver_31_trains_11_units14.json","Cost of next node: Cost = 2,049.7 : 2,085.98 | cr=15, dd=31, da=9, tlv=7, sm=62, rd=138.39, cd=0, um=0","Time elapsed: 8.33 seconds","/home/thomasverwaal/Robust-Rail-NL/mathematical-models/local_search_plans_discreet_120/plan_31_trains_11_units14.json"
"/home/thomasverwaal/Robust-Rail-NL/mathematical-models/scenarios_solver_types_120/scenario_solver_31_trains_11_units14.json","Cost of next node: Cost = 2,026.0 : 2,062.27 | cr=15, dd=31, da=8, tlv=7, sm=62, rd=134.52, cd=0, um=0","Time elapsed: 8.82 seconds","/home/thomasverwaal/Robust-Rail-NL/mathematical-models/local_search_plans_discreet_120/plan_31_trains_11_units14.json"
"/home/thomasverwaal/Robust-Rail-NL/mathematical-models/scenarios_solver_types_120/scenario_solver_31_trains_11_units14.json","Cost of next node: Cost = 1,995.1 : 2,036.37 | cr=14, dd=31, da=7, tlv=8, sm=62, rd=128.71, cd=0, um=0","Time elapsed: 9.34 seconds","/home/thomasverwaal/Robust-Rail-NL/mathematical-models/local_search_plans_discreet_120/plan_31_trains_11_units14.json"
"/home/thomasverwaal/Robust-Rail-NL/mathematical-models/scenarios_solver_types_120/scenario_solver_31_trains_11_units14.json","Cost of next node: Cost = 1,974.3 : 2,020.56 | cr=13, dd=31, da=6, tlv=9, sm=62, rd=121.94, cd=0, um=0","Time elapsed: 9.49 seconds","/home/thomasverwaal/Robust-Rail-NL/mathematical-models/local_search_plans_discreet_120/plan_31_trains_11_units14.json"
"/home/thomasverwaal/Robust-Rail-NL/mathematical-models/scenarios_solver_types_120/scenario_solver_31_trains_11_units14.json","Cost of next node: Cost = 1,905.7 : 1,951.96 | cr=20, dd=28, da=7, tlv=9, sm=62, rd=120.00, cd=0, um=0","Time elapsed: 9.73 seconds","/home/thomasverwaal/Robust-Rail-NL/mathematical-models/local_search_plans_discreet_120/plan_31_trains_11_units14.json"
"/home/thomasverwaal/Robust-Rail-NL/mathematical-models/scenarios_solver_types_120/scenario_solver_31_trains_11_units14.json","Cost of next node: Cost = 1,881.6 : 1,922.80 | cr=21, dd=28, da=6, tlv=8, sm=62, rd=118.06, cd=0, um=0","Time elapsed: 10.18 seconds","/home/thomasverwaal/Robust-Rail-NL/mathematical-models/local_search_plans_discreet_120/plan_31_trains_11_units14.json"
"/home/thomasverwaal/Robust-Rail-NL/mathematical-models/scenarios_solver_types_120/scenario_solver_31_trains_11_units14.json","Cost of next node: Cost = 1,684.9 : 1,726.11 | cr=21, dd=25, da=4, tlv=8, sm=62, rd=114.19, cd=0, um=0","Time elapsed: 10.73 seconds","/home/thomasverwaal/Robust-Rail-NL/mathematical-models/local_search_plans_discreet_120/plan_31_trains_11_units14.json"
"/home/thomasverwaal/Robust-Rail-NL/mathematical-models/scenarios_solver_types_120/scenario_solver_31_trains_11_units14.json","Cost of next node: Cost = 1,659.7 : 1,705.96 | cr=22, dd=24, da=4, tlv=9, sm=62, rd=112.26, cd=0, um=0","Time elapsed: 10.92 seconds","/home/thomasverwaal/Robust-Rail-NL/mathematical-models/local_search_plans_discreet_120/plan_31_trains_11_units14.json"
"/home/thomasverwaal/Robust-Rail-NL/mathematical-models/scenarios_solver_types_120/scenario_solver_31_trains_11_units14.json","Cost of next node: Cost = 1,609.6 : 1,655.80 | cr=22, dd=23, da=4, tlv=9, sm=62, rd=110.32, cd=0, um=0","Time elapsed: 11.10 seconds","/home/thomasverwaal/Robust-Rail-NL/mathematical-models/local_search_plans_discreet_120/plan_31_trains_11_units14.json"
"/home/thomasverwaal/Robust-Rail-NL/mathematical-models/scenarios_solver_types_120/scenario_solver_31_trains_11_units14.json","Cost of next node: Cost = 1,533.5 : 1,584.71 | cr=18, dd=22, da=4, tlv=10, sm=62, rd=108.39, cd=0, um=0","Time elapsed: 11.39 seconds","/home/thomasverwaal/Robust-Rail-NL/mathematical-models/local_search_plans_discreet_120/plan_31_trains_11_units14.json"
"/home/thomasverwaal/Robust-Rail-NL/mathematical-models/scenarios_solver_types_120/scenario_solver_31_trains_11_units14.json","Cost of next node: Cost = 1,418.7 : 1,474.94 | cr=22, dd=19, da=3, tlv=11, sm=62, rd=104.52, cd=0, um=0","Time elapsed: 11.59 seconds","/home/thomasverwaal/Robust-Rail-NL/mathematical-models/local_search_plans_discreet_120/plan_31_trains_11_units14.json"
"/home/thomasverwaal/Robust-Rail-NL/mathematical-models/scenarios_solver_types_120/scenario_solver_31_trains_11_units14.json","Cost of next node: Cost = 1,174.0 : 1,235.24 | cr=24, dd=14, da=2, tlv=12, sm=62, rd=94.84, cd=0, um=0","Time elapsed: 11.90 seconds","/home/thomasverwaal/Robust-Rail-NL/mathematical-models/local_search_plans_discreet_120/plan_31_trains_11_units14.json"
"/home/thomasverwaal/Robust-Rail-NL/mathematical-models/scenarios_solver_types_120/scenario_solver_31_trains_11_units14.json","Cost of next node: Cost = 1,086.5 : 1,152.78 | cr=24, dd=12, da=2, tlv=13, sm=62, rd=89.03, cd=0, um=0","Time elapsed: 12.10 seconds","/home/thomasverwaal/Robust-Rail-NL/mathematical-models/local_search_plans_discreet_120/plan_31_trains_11_units14.json"
"/home/thomasverwaal/Robust-Rail-NL/mathematical-models/scenarios_solver_types_120/scenario_solver_31_trains_11_units14.json","Cost of next node: Cost = 1,046.8 : 1,112.99 | cr=25, dd=11, da=2, tlv=13, sm=62, rd=89.03, cd=0, um=0","Time elapsed: 12.24 seconds","/home/thomasverwaal/Robust-Rail-NL/mathematical-models/local_search_plans_discreet_120/plan_31_trains_11_units14.json"
"/home/thomasverwaal/Robust-Rail-NL/mathematical-models/scenarios_solver_types_120/scenario_solver_31_trains_11_units14.json","Cost of next node: Cost = 889.8 : 961.04 | cr=23, dd=8, da=2, tlv=14, sm=62, rd=85.16, cd=0, um=0","Time elapsed: 12.68 seconds","/home/thomasverwaal/Robust-Rail-NL/mathematical-models/local_search_plans_discreet_120/plan_31_trains_11_units14.json"
"/home/thomasverwaal/Robust-Rail-NL/mathematical-models/scenarios_solver_types_120/scenario_solver_31_trains_11_units14.json","Cost of next node: Cost = 639.8 : 716.04 | cr=22, dd=3, da=2, tlv=15, sm=62, rd=77.42, cd=0, um=0","Time elapsed: 13.18 seconds","/home/thomasverwaal/Robust-Rail-NL/mathematical-models/local_search_plans_discreet_120/plan_31_trains_11_units14.json"
"/home/thomasverwaal/Robust-Rail-NL/mathematical-models/scenarios_solver_types_120/scenario_solver_31_trains_11_units14.json","Cost of next node: Cost = 619.8 : 696.04 | cr=20, dd=3, da=2, tlv=15, sm=62, rd=77.42, cd=0, um=0","Time elapsed: 19.53 seconds","/home/thomasverwaal/Robust-Rail-NL/mathematical-models/local_search_plans_discreet_120/plan_31_trains_11_units14.json"
"/home/thomasverwaal/Robust-Rail-NL/mathematical-models/scenarios_solver_types_120/scenario_solver_31_trains_11_units14.json","Cost of next node: Cost = 604.8 : 676.04 | cr=20, dd=3, da=2, tlv=14, sm=62, rd=79.35, cd=0, um=0","Time elapsed: 24.75 seconds","/home/thomasverwaal/Robust-Rail-NL/mathematical-models/local_search_plans_discreet_120/plan_31_trains_11_units14.json"
"/home/thomasverwaal/Robust-Rail-NL/mathematical-models/scenarios_solver_types_120/scenario_solver_31_trains_11_units14.json","Cost of next node: Cost = 589.8 : 656.04 | cr=20, dd=3, da=2, tlv=13, sm=62, rd=83.23, cd=0, um=0","Time elapsed: 29.76 seconds","/home/thomasverwaal/Robust-Rail-NL/mathematical-models/local_search_plans_discreet_120/plan_31_trains_11_units14.json"
"/home/thomasverwaal/Robust-Rail-NL/mathematical-models/scenarios_solver_types_120/scenario_solver_31_trains_11_units14.json","Cost of next node: Cost = 574.8 : 636.04 | cr=20, dd=3, da=2, tlv=12, sm=62, rd=85.16, cd=0, um=0","Time elapsed: 34.05 seconds","/home/thomasverwaal/Robust-Rail-NL/mathematical-models/local_search_plans_discreet_120/plan_31_trains_11_units14.json"
"/home/thomasverwaal/Robust-Rail-NL/mathematical-models/scenarios_solver_types_120/scenario_solver_31_trains_11_units14.json","Cost of next node: Cost = 564.8 : 626.04 | cr=19, dd=3, da=2, tlv=12, sm=62, rd=85.16, cd=0, um=0","Time elapsed: 37.63 seconds","/home/thomasverwaal/Robust-Rail-NL/mathematical-models/local_search_plans_discreet_120/plan_31_trains_11_units14.json"
"/home/thomasverwaal/Robust-Rail-NL/mathematical-models/scenarios_solver_types_120/scenario_solver_31_trains_11_units14.json","Cost of next node: Cost = 554.8 : 616.04 | cr=18, dd=3, da=2, tlv=12, sm=62, rd=85.16, cd=0, um=0","Time elapsed: 41.23 seconds","/home/thomasverwaal/Robust-Rail-NL/mathematical-models/local_search_plans_discreet_120/plan_31_trains_11_units14.json"
"/home/thomasverwaal/Robust-Rail-NL/mathematical-models/scenarios_solver_types_120/scenario_solver_31_trains_11_units14.json","Cost of next node: Cost = 544.8 : 606.04 | cr=17, dd=3, da=2, tlv=12, sm=62, rd=85.16, cd=0, um=0","Time elapsed: 44.13 seconds","/home/thomasverwaal/Robust-Rail-NL/mathematical-models/local_search_plans_discreet_120/plan_31_trains_11_units14.json"
"/home/thomasverwaal/Robust-Rail-NL/mathematical-models/scenarios_solver_types_120/scenario_solver_31_trains_11_units14.json","Cost of next node: Cost = 534.8 : 596.04 | cr=16, dd=3, da=2, tlv=12, sm=62, rd=85.16, cd=0, um=0","Time elapsed: 46.53 seconds","/home/thomasverwaal/Robust-Rail-NL/mathematical-models/local_search_plans_discreet_120/plan_31_trains_11_units14.json"
"/home/thomasverwaal/Robust-Rail-NL/mathematical-models/scenarios_solver_types_120/scenario_solver_31_trains_11_units14.json","Cost of next node: Cost = 524.8 : 586.04 | cr=15, dd=3, da=2, tlv=12, sm=62, rd=85.16, cd=0, um=0","Time elapsed: 48.72 seconds","/home/thomasverwaal/Robust-Rail-NL/mathematical-models/local_search_plans_discreet_120/plan_31_trains_11_units14.json"
"/home/thomasverwaal/Robust-Rail-NL/mathematical-models/scenarios_solver_types_120/scenario_solver_31_trains_11_units14.json","Cost of next node: Cost = 514.8 : 576.04 | cr=14, dd=3, da=2, tlv=12, sm=62, rd=85.16, cd=0, um=0","Time elapsed: 50.32 seconds","/home/thomasverwaal/Robust-Rail-NL/mathematical-models/local_search_plans_discreet_120/plan_31_trains_11_units14.json"
"/home/thomasverwaal/Robust-Rail-NL/mathematical-models/scenarios_solver_types_120/scenario_solver_31_trains_11_units14.json","Cost of next node: Cost = 504.8 : 566.04 | cr=13, dd=3, da=2, tlv=12, sm=62, rd=85.16, cd=0, um=0","Time elapsed: 51.89 seconds","/home/thomasverwaal/Robust-Rail-NL/mathematical-models/local_search_plans_discreet_120/plan_31_trains_11_units14.json"
"/home/thomasverwaal/Robust-Rail-NL/mathematical-models/scenarios_solver_types_120/scenario_solver_31_trains_11_units14.json","Cost of next node: Cost = 494.8 : 556.04 | cr=12, dd=3, da=2, tlv=12, sm=62, rd=85.16, cd=0, um=0","Time elapsed: 53.22 seconds","/home/thomasverwaal/Robust-Rail-NL/mathematical-models/local_search_plans_discreet_120/plan_31_trains_11_units14.json"
"/home/thomasverwaal/Robust-Rail-NL/mathematical-models/scenarios_solver_types_120/scenario_solver_31_trains_11_units14.json","Cost of next node: Cost = 489.8 : 556.04 | cr=10, dd=3, da=2, tlv=13, sm=62, rd=83.23, cd=0, um=0","Time elapsed: 54.37 seconds","/home/thomasverwaal/Robust-Rail-NL/mathematical-models/local_search_plans_discreet_120/plan_31_trains_11_units14.json"
"/home/thomasverwaal/Robust-Rail-NL/mathematical-models/scenarios_solver_types_120/scenario_solver_31_trains_11_units14.json","Cost of next node: Cost = 474.8 : 536.04 | cr=10, dd=3, da=2, tlv=12, sm=62, rd=85.16, cd=0, um=0","Time elapsed: 55.67 seconds","/home/thomasverwaal/Robust-Rail-NL/mathematical-models/local_search_plans_discreet_120/plan_31_trains_11_units14.json"
"/home/thomasverwaal/Robust-Rail-NL/mathematical-models/scenarios_solver_types_120/scenario_solver_31_trains_11_units14.json","Cost of next node: Cost = 464.8 : 526.04 | cr=9, dd=3, da=2, tlv=12, sm=62, rd=85.16, cd=0, um=0","Time elapsed: 56.77 seconds","/home/thomasverwaal/Robust-Rail-NL/mathematical-models/local_search_plans_discreet_120/plan_31_trains_11_units14.json"
"/home/thomasverwaal/Robust-Rail-NL/mathematical-models/scenarios_solver_types_120/scenario_solver_31_trains_11_units14.json","Cost of next node: Cost = 454.8 : 516.04 | cr=8, dd=3, da=2, tlv=12, sm=62, rd=85.16, cd=0, um=0","Time elapsed: 57.82 seconds","/home/thomasverwaal/Robust-Rail-NL/mathematical-models/local_search_plans_discreet_120/plan_31_trains_11_units14.json"
"/home/thomasverwaal/Robust-Rail-NL/mathematical-models/scenarios_solver_types_120/scenario_solver_31_trains_11_units14.json","Cost of next node: Cost = 449.8 : 516.04 | cr=6, dd=3, da=2, tlv=13, sm=62, rd=87.10, cd=0, um=0","Time elapsed: 58.73 seconds","/home/thomasverwaal/Robust-Rail-NL/mathematical-models/local_search_plans_discreet_120/plan_31_trains_11_units14.json"
"/home/thomasverwaal/Robust-Rail-NL/mathematical-models/scenarios_solver_types_120/scenario_solver_31_trains_11_units14.json","Cost of next node: Cost = 434.8 : 496.04 | cr=6, dd=3, da=2, tlv=12, sm=62, rd=85.16, cd=0, um=0","Time elapsed: 59.90 seconds","/home/thomasverwaal/Robust-Rail-NL/mathematical-models/local_search_plans_discreet_120/plan_31_trains_11_units14.json"
"/home/thomasverwaal/Robust-Rail-NL/mathematical-models/scenarios_solver_types_120/scenario_solver_31_trains_11_units14.json","Cost of next node: Cost = 245.0 : 311.24 | cr=5, dd=0, da=0, tlv=13, sm=62, rd=79.35, cd=0, um=0","Time elapsed: 89.06 seconds","/home/thomasverwaal/Robust-Rail-NL/mathematical-models/local_search_plans_discreet_120/plan_31_trains_11_units14.json"
"/home/thomasverwaal/Robust-Rail-NL/mathematical-models/scenarios_solver_types_120/scenario_solver_31_trains_11_units14.json","Cost of next node: Cost = 235.0 : 301.24 | cr=4, dd=0, da=0, tlv=13, sm=62, rd=79.35, cd=0, um=0","Time elapsed: 90.07 seconds","/home/thomasverwaal/Robust-Rail-NL/mathematical-models/local_search_plans_discreet_120/plan_31_trains_11_units14.json"
"/home/thomasverwaal/Robust-Rail-NL/mathematical-models/scenarios_solver_types_120/scenario_solver_31_trains_11_units14.json","Cost of next node: Cost = 225.0 : 291.24 | cr=3, dd=0, da=0, tlv=13, sm=62, rd=81.29, cd=0, um=0","Time elapsed: 90.91 seconds","/home/thomasverwaal/Robust-Rail-NL/mathematical-models/local_search_plans_discreet_120/plan_31_trains_11_units14.json"
"/home/thomasverwaal/Robust-Rail-NL/mathematical-models/scenarios_solver_types_120/scenario_solver_31_trains_11_units14.json","Cost of next node: Cost = 220.9 : 282.14 | cr=2, dd=0, da=1, tlv=12, sm=62, rd=86.13, cd=0, um=0","Time elapsed: 156.25 seconds","/home/thomasverwaal/Robust-Rail-NL/mathematical-models/local_search_plans_discreet_120/plan_31_trains_11_units14.json"
"/home/thomasverwaal/Robust-Rail-NL/mathematical-models/scenarios_solver_types_120/scenario_solver_31_trains_11_units14.json","Cost of next node: Cost = 215.0 : 281.24 | cr=2, dd=0, da=0, tlv=13, sm=62, rd=83.23, cd=0, um=0","Time elapsed: 167.70 seconds","/home/thomasverwaal/Robust-Rail-NL/mathematical-models/local_search_plans_discreet_120/plan_31_trains_11_units14.json"
"/home/thomasverwaal/Robust-Rail-NL/mathematical-models/scenarios_solver_types_120/scenario_solver_31_trains_11_units14.json","NO_COST_FOUND","NO_TIME_FOUND","NO_PLAN_CREATED"
"/home/thomasverwaal/Robust-Rail-NL/mathematical-models/scenarios_solver_types_120/scenario_solver_31_trains_11_units15.json","Cost of next node: Cost = 2,694.0 : 2,695.25 | cr=44, dd=31, da=29, tlv=0, sm=62, rd=173.23, cd=0, um=0","Time elapsed: 4.87 seconds","/home/thomasverwaal/Robust-Rail-NL/mathematical-models/local_search_plans_discreet_120/plan_31_trains_11_units15.json"
"/home/thomasverwaal/Robust-Rail-NL/mathematical-models/scenarios_solver_types_120/scenario_solver_31_trains_11_units15.json","Cost of next node: Cost = 2,669.6 : 2,670.87 | cr=41, dd=31, da=29, tlv=0, sm=62, rd=176.13, cd=0, um=0","Time elapsed: 4.96 seconds","/home/thomasverwaal/Robust-Rail-NL/mathematical-models/local_search_plans_discreet_120/plan_31_trains_11_units15.json"
"/home/thomasverwaal/Robust-Rail-NL/mathematical-models/scenarios_solver_types_120/scenario_solver_31_trains_11_units15.json","Cost of next node: Cost = 2,648.2 : 2,649.47 | cr=39, dd=31, da=29, tlv=0, sm=62, rd=176.13, cd=0, um=0","Time elapsed: 5.01 seconds","/home/thomasverwaal/Robust-Rail-NL/mathematical-models/local_search_plans_discreet_120/plan_31_trains_11_units15.json"
"/home/thomasverwaal/Robust-Rail-NL/mathematical-models/scenarios_solver_types_120/scenario_solver_31_trains_11_units15.json","Cost of next node: Cost = 2,622.1 : 2,628.35 | cr=39, dd=31, da=28, tlv=1, sm=62, rd=173.23, cd=0, um=0","Time elapsed: 5.09 seconds","/home/thomasverwaal/Robust-Rail-NL/mathematical-models/local_search_plans_discreet_120/plan_31_trains_11_units15.json"
"/home/thomasverwaal/Robust-Rail-NL/mathematical-models/scenarios_solver_types_120/scenario_solver_31_trains_11_units15.json","Cost of next node: Cost = 2,593.8 : 2,595.07 | cr=38, dd=31, da=28, tlv=0, sm=62, rd=168.39, cd=0, um=0","Time elapsed: 5.27 seconds","/home/thomasverwaal/Robust-Rail-NL/mathematical-models/local_search_plans_discreet_120/plan_31_trains_11_units15.json"
"/home/thomasverwaal/Robust-Rail-NL/mathematical-models/scenarios_solver_types_120/scenario_solver_31_trains_11_units15.json","Cost of next node: Cost = 2,542.2 : 2,543.42 | cr=38, dd=31, da=26, tlv=0, sm=62, rd=166.45, cd=0, um=0","Time elapsed: 5.37 seconds","/home/thomasverwaal/Robust-Rail-NL/mathematical-models/local_search_plans_discreet_120/plan_31_trains_11_units15.json"
"/home/thomasverwaal/Robust-Rail-NL/mathematical-models/scenarios_solver_types_120/scenario_solver_31_trains_11_units15.json","Cost of next node: Cost = 2,290.1 : 2,296.34 | cr=33, dd=31, da=15, tlv=1, sm=62, rd=162.58, cd=0, um=0","Time elapsed: 5.45 seconds","/home/thomasverwaal/Robust-Rail-NL/mathematical-models/local_search_plans_discreet_120/plan_31_trains_11_units15.json"
"/home/thomasverwaal/Robust-Rail-NL/mathematical-models/scenarios_solver_types_120/scenario_solver_31_trains_11_units15.json","Cost of next node: Cost = 2,254.1 : 2,265.33 | cr=34, dd=31, da=12, tlv=2, sm=62, rd=156.77, cd=0, um=0","Time elapsed: 5.52 seconds","/home/thomasverwaal/Robust-Rail-NL/mathematical-models/local_search_plans_discreet_120/plan_31_trains_11_units15.json"
"/home/thomasverwaal/Robust-Rail-NL/mathematical-models/scenarios_solver_types_120/scenario_solver_31_trains_11_units15.json","Cost of next node: Cost = 2,233.1 : 2,249.30 | cr=31, dd=31, da=12, tlv=3, sm=62, rd=159.68, cd=0, um=0","Time elapsed: 5.95 seconds","/home/thomasverwaal/Robust-Rail-NL/mathematical-models/local_search_plans_discreet_120/plan_31_trains_11_units15.json"
"/home/thomasverwaal/Robust-Rail-NL/mathematical-models/scenarios_solver_types_120/scenario_solver_31_trains_11_units15.json","Cost of next node: Cost = 2,212.5 : 2,233.70 | cr=30, dd=31, da=12, tlv=4, sm=62, rd=151.94, cd=0, um=0","Time elapsed: 6.31 seconds","/home/thomasverwaal/Robust-Rail-NL/mathematical-models/local_search_plans_discreet_120/plan_31_trains_11_units15.json"
"/home/thomasverwaal/Robust-Rail-NL/mathematical-models/scenarios_solver_types_120/scenario_solver_31_trains_11_units15.json","Cost of next node: Cost = 2,190.3 : 2,211.54 | cr=30, dd=31, da=11, tlv=4, sm=62, rd=150.00, cd=0, um=0","Time elapsed: 6.70 seconds","/home/thomasverwaal/Robust-Rail-NL/mathematical-models/local_search_plans_discreet_120/plan_31_trains_11_units15.json"
"/home/thomasverwaal/Robust-Rail-NL/mathematical-models/scenarios_solver_types_120/scenario_solver_31_trains_11_units15.json","Cost of next node: Cost = 2,170.2 : 2,196.49 | cr=26, dd=31, da=11, tlv=5, sm=62, rd=146.13, cd=0, um=0","Time elapsed: 7.10 seconds","/home/thomasverwaal/Robust-Rail-NL/mathematical-models/local_search_plans_discreet_120/plan_31_trains_11_units15.json"
"/home/thomasverwaal/Robust-Rail-NL/mathematical-models/scenarios_solver_types_120/scenario_solver_31_trains_11_units15.json","Cost of next node: Cost = 2,141.2 : 2,172.41 | cr=24, dd=31, da=10, tlv=6, sm=62, rd=142.26, cd=0, um=0","Time elapsed: 7.50 seconds","/home/thomasverwaal/Robust-Rail-NL/mathematical-models/local_search_plans_discreet_120/plan_31_trains_11_units15.json"
"/home/thomasverwaal/Robust-Rail-NL/mathematical-models/scenarios_solver_types_120/scenario_solver_31_trains_11_units15.json","Cost of next node: Cost = 2,121.2 : 2,152.41 | cr=22, dd=31, da=10, tlv=6, sm=62, rd=142.26, cd=0, um=0","Time elapsed: 7.56 seconds","/home/thomasverwaal/Robust-Rail-NL/mathematical-models/local_search_plans_discreet_120/plan_31_trains_11_units15.json"
"/home/thomasverwaal/Robust-Rail-NL/mathematical-models/scenarios_solver_types_120/scenario_solver_31_trains_11_units15.json","Cost of next node: Cost = 2,086.2 : 2,122.41 | cr=17, dd=31, da=10, tlv=7, sm=62, rd=142.26, cd=0, um=0","Time elapsed: 7.87 seconds","/home/thomasverwaal/Robust-Rail-NL/mathematical-models/local_search_plans_discreet_120/plan_31_trains_11_units15.json"
"/home/thomasverwaal/Robust-Rail-NL/mathematical-models/scenarios_solver_types_120/scenario_solver_31_trains_11_units15.json","Cost of next node: Cost = 2,065.8 : 2,107.03 | cr=17, dd=31, da=9, tlv=8, sm=62, rd=138.39, cd=0, um=0","Time elapsed: 8.46 seconds","/home/thomasverwaal/Robust-Rail-NL/mathematical-models/local_search_plans_discreet_120/plan_31_trains_11_units15.json"
"/home/thomasverwaal/Robust-Rail-NL/mathematical-models/scenarios_solver_types_120/scenario_solver_31_trains_11_units15.json","Cost of next node: Cost = 2,019.2 : 2,060.43 | cr=17, dd=31, da=7, tlv=8, sm=62, rd=134.52, cd=0, um=0","Time elapsed: 9.00 seconds","/home/thomasverwaal/Robust-Rail-NL/mathematical-models/local_search_plans_discreet_120/plan_31_trains_11_units15.json"
"/home/thomasverwaal/Robust-Rail-NL/mathematical-models/scenarios_solver_types_120/scenario_solver_31_trains_11_units15.json","Cost of next node: Cost = 1,989.5 : 2,035.76 | cr=17, dd=31, da=5, tlv=9, sm=62, rd=128.71, cd=0, um=0","Time elapsed: 9.47 seconds","/home/thomasverwaal/Robust-Rail-NL/mathematical-models/local_search_plans_discreet_120/plan_31_trains_11_units15.json"
"/home/thomasverwaal/Robust-Rail-NL/mathematical-models/scenarios_solver_types_120/scenario_solver_31_trains_11_units15.json","Cost of next node: Cost = 1,961.6 : 2,007.83 | cr=16, dd=31, da=4, tlv=9, sm=62, rd=136.45, cd=0, um=0","Time elapsed: 10.15 seconds","/home/thomasverwaal/Robust-Rail-NL/mathematical-models/local_search_plans_discreet_120/plan_31_trains_11_units15.json"
"/home/thomasverwaal/Robust-Rail-NL/mathematical-models/scenarios_solver_types_120/scenario_solver_31_trains_11_units15.json","Cost of next node: Cost = 1,920.8 : 1,967.07 | cr=17, dd=30, da=4, tlv=9, sm=62, rd=136.45, cd=0, um=0","Time elapsed: 10.25 seconds","/home/thomasverwaal/Robust-Rail-NL/mathematical-models/local_search_plans_discreet_120/plan_31_trains_11_units15.json"
"/home/thomasverwaal/Robust-Rail-NL/mathematical-models/scenarios_solver_types_120/scenario_solver_31_trains_11_units15.json","Cost of next node: Cost = 1,827.7 : 1,878.93 | cr=17, dd=28, da=4, tlv=10, sm=62, rd=130.65, cd=0, um=0","Time elapsed: 10.43 seconds","/home/thomasverwaal/Robust-Rail-NL/mathematical-models/local_search_plans_discreet_120/plan_31_trains_11_units15.json"
"/home/thomasverwaal/Robust-Rail-NL/mathematical-models/scenarios_solver_types_120/scenario_solver_31_trains_11_units15.json","Cost of next node: Cost = 1,793.3 : 1,849.58 | cr=17, dd=27, da=4, tlv=11, sm=62, rd=128.71, cd=0, um=0","Time elapsed: 11.19 seconds","/home/thomasverwaal/Robust-Rail-NL/mathematical-models/local_search_plans_discreet_120/plan_31_trains_11_units15.json"
"/home/thomasverwaal/Robust-Rail-NL/mathematical-models/scenarios_solver_types_120/scenario_solver_31_trains_11_units15.json","Cost of next node: Cost = 1,479.5 : 1,540.71 | cr=17, dd=21, da=3, tlv=12, sm=62, rd=119.03, cd=0, um=0","Time elapsed: 11.59 seconds","/home/thomasverwaal/Robust-Rail-NL/mathematical-models/local_search_plans_discreet_120/plan_31_trains_11_units15.json"
"/home/thomasverwaal/Robust-Rail-NL/mathematical-models/scenarios_solver_types_120/scenario_solver_31_trains_11_units15.json","Cost of next node: Cost = 1,441.6 : 1,502.80 | cr=18, dd=20, da=3, tlv=12, sm=62, rd=120.00, cd=0, um=0","Time elapsed: 11.72 seconds","/home/thomasverwaal/Robust-Rail-NL/mathematical-models/local_search_plans_discreet_120/plan_31_trains_11_units15.json"
"/home/thomasverwaal/Robust-Rail-NL/mathematical-models/scenarios_solver_types_120/scenario_solver_31_trains_11_units15.json","Cost of next node: Cost = 1,299.9 : 1,361.11 | cr=19, dd=17, da=3, tlv=12, sm=62, rd=112.26, cd=0, um=0","Time elapsed: 11.86 seconds","/home/thomasverwaal/Robust-Rail-NL/mathematical-models/local_search_plans_discreet_120/plan_31_trains_11_units15.json"
"/home/thomasverwaal/Robust-Rail-NL/mathematical-models/scenarios_solver_types_120/scenario_solver_31_trains_11_units15.json","Cost of next node: Cost = 1,274.9 : 1,336.11 | cr=17, dd=17, da=3, tlv=12, sm=62, rd=107.42, cd=0, um=0","Time elapsed: 12.08 seconds","/home/thomasverwaal/Robust-Rail-NL/mathematical-models/local_search_plans_discreet_120/plan_31_trains_11_units15.json"
"/home/thomasverwaal/Robust-Rail-NL/mathematical-models/scenarios_solver_types_120/scenario_solver_31_trains_11_units15.json","Cost of next node: Cost = 1,254.9 : 1,316.11 | cr=15, dd=17, da=3, tlv=12, sm=62, rd=107.42, cd=0, um=0","Time elapsed: 12.22 seconds","/home/thomasverwaal/Robust-Rail-NL/mathematical-models/local_search_plans_discreet_120/plan_31_trains_11_units15.json"
"/home/thomasverwaal/Robust-Rail-NL/mathematical-models/scenarios_solver_types_120/scenario_solver_31_trains_11_units15.json","Cost of next node: Cost = 1,204.5 : 1,265.76 | cr=15, dd=16, da=3, tlv=12, sm=62, rd=108.39, cd=0, um=0","Time elapsed: 12.35 seconds","/home/thomasverwaal/Robust-Rail-NL/mathematical-models/local_search_plans_discreet_120/plan_31_trains_11_units15.json"
"/home/thomasverwaal/Robust-Rail-NL/mathematical-models/scenarios_solver_types_120/scenario_solver_31_trains_11_units15.json","Cost of next node: Cost = 1,179.5 : 1,235.76 | cr=14, dd=16, da=3, tlv=11, sm=62, rd=108.39, cd=0, um=0","Time elapsed: 12.65 seconds","/home/thomasverwaal/Robust-Rail-NL/mathematical-models/local_search_plans_discreet_120/plan_31_trains_11_units15.json"
"/home/thomasverwaal/Robust-Rail-NL/mathematical-models/scenarios_solver_types_120/scenario_solver_31_trains_11_units15.json","Cost of next node: Cost = 1,151.5 : 1,212.75 | cr=15, dd=15, da=3, tlv=12, sm=62, rd=103.55, cd=0, um=0","Time elapsed: 12.97 seconds","/home/thomasverwaal/Robust-Rail-NL/mathematical-models/local_search_plans_discreet_120/plan_31_trains_11_units15.json"
"/home/thomasverwaal/Robust-Rail-NL/mathematical-models/scenarios_solver_types_120/scenario_solver_31_trains_11_units15.json","Cost of next node: Cost = 1,113.9 : 1,175.14 | cr=16, dd=14, da=3, tlv=12, sm=62, rd=103.55, cd=0, um=0","Time elapsed: 13.08 seconds","/home/thomasverwaal/Robust-Rail-NL/mathematical-models/local_search_plans_discreet_120/plan_31_trains_11_units15.json"
"/home/thomasverwaal/Robust-Rail-NL/mathematical-models/scenarios_solver_types_120/scenario_solver_31_trains_11_units15.json","Cost of next node: Cost = 977.3 : 1,043.54 | cr=18, dd=11, da=2, tlv=13, sm=62, rd=96.77, cd=0, um=0","Time elapsed: 13.26 seconds","/home/thomasverwaal/Robust-Rail-NL/mathematical-models/local_search_plans_discreet_120/plan_31_trains_11_units15.json"
"/home/thomasverwaal/Robust-Rail-NL/mathematical-models/scenarios_solver_types_120/scenario_solver_31_trains_11_units15.json","Cost of next node: Cost = 952.3 : 1,013.54 | cr=17, dd=11, da=2, tlv=12, sm=62, rd=96.77, cd=0, um=0","Time elapsed: 13.73 seconds","/home/thomasverwaal/Robust-Rail-NL/mathematical-models/local_search_plans_discreet_120/plan_31_trains_11_units15.json"
"/home/thomasverwaal/Robust-Rail-NL/mathematical-models/scenarios_solver_types_120/scenario_solver_31_trains_11_units15.json","Cost of next node: Cost = 917.4 : 983.68 | cr=17, dd=10, da=2, tlv=13, sm=62, rd=94.84, cd=0, um=0","Time elapsed: 13.96 seconds","/home/thomasverwaal/Robust-Rail-NL/mathematical-models/local_search_plans_discreet_120/plan_31_trains_11_units15.json"
"/home/thomasverwaal/Robust-Rail-NL/mathematical-models/scenarios_solver_types_120/scenario_solver_31_trains_11_units15.json","Cost of next node: Cost = 892.4 : 953.68 | cr=16, dd=10, da=2, tlv=12, sm=62, rd=96.77, cd=0, um=0","Time elapsed: 14.06 seconds","/home/thomasverwaal/Robust-Rail-NL/mathematical-models/local_search_plans_discreet_120/plan_31_trains_11_units15.json"
"/home/thomasverwaal/Robust-Rail-NL/mathematical-models/scenarios_solver_types_120/scenario_solver_31_trains_11_units15.json","Cost of next node: Cost = 827.1 : 893.37 | cr=18, dd=8, da=2, tlv=13, sm=62, rd=90.97, cd=0, um=0","Time elapsed: 14.43 seconds","/home/thomasverwaal/Robust-Rail-NL/mathematical-models/local_search_plans_discreet_120/plan_31_trains_11_units15.json"
"/home/thomasverwaal/Robust-Rail-NL/mathematical-models/scenarios_solver_types_120/scenario_solver_31_trains_11_units15.json","Cost of next node: Cost = 712.5 : 783.76 | cr=17, dd=6, da=1, tlv=14, sm=62, rd=87.10, cd=0, um=0","Time elapsed: 14.87 seconds","/home/thomasverwaal/Robust-Rail-NL/mathematical-models/local_search_plans_discreet_120/plan_31_trains_11_units15.json"
"/home/thomasverwaal/Robust-Rail-NL/mathematical-models/scenarios_solver_types_120/scenario_solver_31_trains_11_units15.json","Cost of next node: Cost = 479.8 : 556.04 | cr=13, dd=2, da=1, tlv=15, sm=62, rd=79.35, cd=0, um=0","Time elapsed: 15.17 seconds","/home/thomasverwaal/Robust-Rail-NL/mathematical-models/local_search_plans_discreet_120/plan_31_trains_11_units15.json"
"/home/thomasverwaal/Robust-Rail-NL/mathematical-models/scenarios_solver_types_120/scenario_solver_31_trains_11_units15.json","Cost of next node: Cost = 455.7 : 526.94 | cr=12, dd=2, da=1, tlv=14, sm=62, rd=80.32, cd=0, um=0","Time elapsed: 15.34 seconds","/home/thomasverwaal/Robust-Rail-NL/mathematical-models/local_search_plans_discreet_120/plan_31_trains_11_units15.json"
"/home/thomasverwaal/Robust-Rail-NL/mathematical-models/scenarios_solver_types_120/scenario_solver_31_trains_11_units15.json","Cost of next node: Cost = 440.7 : 506.96 | cr=12, dd=2, da=1, tlv=13, sm=63, rd=80.95, cd=0, um=0","Time elapsed: 18.83 seconds","/home/thomasverwaal/Robust-Rail-NL/mathematical-models/local_search_plans_discreet_120/plan_31_trains_11_units15.json"
"/home/thomasverwaal/Robust-Rail-NL/mathematical-models/scenarios_solver_types_120/scenario_solver_31_trains_11_units15.json","Cost of next node: Cost = 430.7 : 496.96 | cr=11, dd=2, da=1, tlv=13, sm=63, rd=80.95, cd=0, um=0","Time elapsed: 22.38 seconds","/home/thomasverwaal/Robust-Rail-NL/mathematical-models/local_search_plans_discreet_120/plan_31_trains_11_units15.json"
"/home/thomasverwaal/Robust-Rail-NL/mathematical-models/scenarios_solver_types_120/scenario_solver_31_trains_11_units15.json","Cost of next node: Cost = 420.7 : 486.96 | cr=10, dd=2, da=1, tlv=13, sm=63, rd=80.95, cd=0, um=0","Time elapsed: 25.36 seconds","/home/thomasverwaal/Robust-Rail-NL/mathematical-models/local_search_plans_discreet_120/plan_31_trains_11_units15.json"
"/home/thomasverwaal/Robust-Rail-NL/mathematical-models/scenarios_solver_types_120/scenario_solver_31_trains_11_units15.json","Cost of next node: Cost = 410.7 : 476.96 | cr=9, dd=2, da=1, tlv=13, sm=63, rd=80.95, cd=0, um=0","Time elapsed: 28.38 seconds","/home/thomasverwaal/Robust-Rail-NL/mathematical-models/local_search_plans_discreet_120/plan_31_trains_11_units15.json"
"/home/thomasverwaal/Robust-Rail-NL/mathematical-models/scenarios_solver_types_120/scenario_solver_31_trains_11_units15.json","Cost of next node: Cost = 400.7 : 466.96 | cr=8, dd=2, da=1, tlv=13, sm=63, rd=80.95, cd=0, um=0","Time elapsed: 30.80 seconds","/home/thomasverwaal/Robust-Rail-NL/mathematical-models/local_search_plans_discreet_120/plan_31_trains_11_units15.json"
"/home/thomasverwaal/Robust-Rail-NL/mathematical-models/scenarios_solver_types_120/scenario_solver_31_trains_11_units15.json","Cost of next node: Cost = 390.7 : 456.96 | cr=7, dd=2, da=1, tlv=13, sm=63, rd=80.95, cd=0, um=0","Time elapsed: 32.98 seconds","/home/thomasverwaal/Robust-Rail-NL/mathematical-models/local_search_plans_discreet_120/plan_31_trains_11_units15.json"
"/home/thomasverwaal/Robust-Rail-NL/mathematical-models/scenarios_solver_types_120/scenario_solver_31_trains_11_units15.json","Cost of next node: Cost = 380.7 : 446.96 | cr=6, dd=2, da=1, tlv=13, sm=63, rd=80.95, cd=0, um=0","Time elapsed: 34.70 seconds","/home/thomasverwaal/Robust-Rail-NL/mathematical-models/local_search_plans_discreet_120/plan_31_trains_11_units15.json"
"/home/thomasverwaal/Robust-Rail-NL/mathematical-models/scenarios_solver_types_120/scenario_solver_31_trains_11_units15.json","Cost of next node: Cost = 374.8 : 436.06 | cr=7, dd=2, da=1, tlv=12, sm=63, rd=81.90, cd=0, um=0","Time elapsed: 36.18 seconds","/home/thomasverwaal/Robust-Rail-NL/mathematical-models/local_search_plans_discreet_120/plan_31_trains_11_units15.json"
"/home/thomasverwaal/Robust-Rail-NL/mathematical-models/scenarios_solver_types_120/scenario_solver_31_trains_11_units15.json","Cost of next node: Cost = 370.7 : 436.96 | cr=5, dd=2, da=1, tlv=13, sm=63, rd=80.95, cd=0, um=0","Time elapsed: 38.04 seconds","/home/thomasverwaal/Robust-Rail-NL/mathematical-models/local_search_plans_discreet_120/plan_31_trains_11_units15.json"
"/home/thomasverwaal/Robust-Rail-NL/mathematical-models/scenarios_solver_types_120/scenario_solver_31_trains_11_units15.json","Cost of next node: Cost = 280.0 : 351.26 | cr=7, dd=0, da=0, tlv=14, sm=63, rd=74.29, cd=0, um=0","Time elapsed: 38.30 seconds","/home/thomasverwaal/Robust-Rail-NL/mathematical-models/local_search_plans_discreet_120/plan_31_trains_11_units15.json"
"/home/thomasverwaal/Robust-Rail-NL/mathematical-models/scenarios_solver_types_120/scenario_solver_31_trains_11_units15.json","Cost of next node: Cost = 260.0 : 331.26 | cr=5, dd=0, da=0, tlv=14, sm=63, rd=74.29, cd=0, um=0","Time elapsed: 40.47 seconds","/home/thomasverwaal/Robust-Rail-NL/mathematical-models/local_search_plans_discreet_120/plan_31_trains_11_units15.json"
"/home/thomasverwaal/Robust-Rail-NL/mathematical-models/scenarios_solver_types_120/scenario_solver_31_trains_11_units15.json","Cost of next node: Cost = 245.0 : 311.26 | cr=5, dd=0, da=0, tlv=13, sm=63, rd=76.19, cd=0, um=0","Time elapsed: 42.06 seconds","/home/thomasverwaal/Robust-Rail-NL/mathematical-models/local_search_plans_discreet_120/plan_31_trains_11_units15.json"
"/home/thomasverwaal/Robust-Rail-NL/mathematical-models/scenarios_solver_types_120/scenario_solver_31_trains_11_units15.json","Cost of next node: Cost = 235.0 : 301.26 | cr=4, dd=0, da=0, tlv=13, sm=63, rd=76.19, cd=0, um=0","Time elapsed: 43.49 seconds","/home/thomasverwaal/Robust-Rail-NL/mathematical-models/local_search_plans_discreet_120/plan_31_trains_11_units15.json"
"/home/thomasverwaal/Robust-Rail-NL/mathematical-models/scenarios_solver_types_120/scenario_solver_31_trains_11_units15.json","Cost of next node: Cost = 225.0 : 291.26 | cr=3, dd=0, da=0, tlv=13, sm=63, rd=76.19, cd=0, um=0","Time elapsed: 44.58 seconds","/home/thomasverwaal/Robust-Rail-NL/mathematical-models/local_search_plans_discreet_120/plan_31_trains_11_units15.json"
"/home/thomasverwaal/Robust-Rail-NL/mathematical-models/scenarios_solver_types_120/scenario_solver_31_trains_11_units15.json","Cost of next node: Cost = 215.0 : 281.28 | cr=2, dd=0, da=0, tlv=13, sm=64, rd=80.62, cd=0, um=0","Time elapsed: 54.17 seconds","/home/thomasverwaal/Robust-Rail-NL/mathematical-models/local_search_plans_discreet_120/plan_31_trains_11_units15.json"
"/home/thomasverwaal/Robust-Rail-NL/mathematical-models/scenarios_solver_types_120/scenario_solver_31_trains_11_units15.json","Cost of next node: Cost = 210.0 : 271.30 | cr=3, dd=0, da=0, tlv=12, sm=65, rd=79.38, cd=0, um=0","Time elapsed: 161.69 seconds","/home/thomasverwaal/Robust-Rail-NL/mathematical-models/local_search_plans_discreet_120/plan_31_trains_11_units15.json"
"/home/thomasverwaal/Robust-Rail-NL/mathematical-models/scenarios_solver_types_120/scenario_solver_31_trains_11_units15.json","Cost of next node: Cost = 200.0 : 261.30 | cr=2, dd=0, da=0, tlv=12, sm=65, rd=81.23, cd=0, um=0","Time elapsed: 180.72 seconds","/home/thomasverwaal/Robust-Rail-NL/mathematical-models/local_search_plans_discreet_120/plan_31_trains_11_units15.json"
"/home/thomasverwaal/Robust-Rail-NL/mathematical-models/scenarios_solver_types_120/scenario_solver_31_trains_11_units15.json","NO_COST_FOUND","NO_TIME_FOUND","NO_PLAN_CREATED"
"/home/thomasverwaal/Robust-Rail-NL/mathematical-models/scenarios_solver_types_120/scenario_solver_31_trains_11_units16.json","Cost of next node: Cost = 2,698.0 : 2,699.23 | cr=45, dd=31, da=29, tlv=0, sm=62, rd=175.16, cd=0, um=0","Time elapsed: 5.15 seconds","/home/thomasverwaal/Robust-Rail-NL/mathematical-models/local_search_plans_discreet_120/plan_31_trains_11_units16.json"
"/home/thomasverwaal/Robust-Rail-NL/mathematical-models/scenarios_solver_types_120/scenario_solver_31_trains_11_units16.json","Cost of next node: Cost = 2,676.8 : 2,678.01 | cr=43, dd=31, da=29, tlv=0, sm=62, rd=175.16, cd=0, um=0","Time elapsed: 5.23 seconds","/home/thomasverwaal/Robust-Rail-NL/mathematical-models/local_search_plans_discreet_120/plan_31_trains_11_units16.json"
"/home/thomasverwaal/Robust-Rail-NL/mathematical-models/scenarios_solver_types_120/scenario_solver_31_trains_11_units16.json","Cost of next node: Cost = 2,654.5 : 2,655.76 | cr=41, dd=31, da=29, tlv=0, sm=62, rd=175.16, cd=0, um=0","Time elapsed: 5.31 seconds","/home/thomasverwaal/Robust-Rail-NL/mathematical-models/local_search_plans_discreet_120/plan_31_trains_11_units16.json"
"/home/thomasverwaal/Robust-Rail-NL/mathematical-models/scenarios_solver_types_120/scenario_solver_31_trains_11_units16.json","Cost of next node: Cost = 2,628.5 : 2,629.76 | cr=39, dd=31, da=29, tlv=0, sm=62, rd=171.29, cd=0, um=0","Time elapsed: 5.36 seconds","/home/thomasverwaal/Robust-Rail-NL/mathematical-models/local_search_plans_discreet_120/plan_31_trains_11_units16.json"
"/home/thomasverwaal/Robust-Rail-NL/mathematical-models/scenarios_solver_types_120/scenario_solver_31_trains_11_units16.json","Cost of next node: Cost = 2,560.0 : 2,566.26 | cr=38, dd=31, da=26, tlv=1, sm=62, rd=168.39, cd=0, um=0","Time elapsed: 5.44 seconds","/home/thomasverwaal/Robust-Rail-NL/mathematical-models/local_search_plans_discreet_120/plan_31_trains_11_units16.json"
"/home/thomasverwaal/Robust-Rail-NL/mathematical-models/scenarios_solver_types_120/scenario_solver_31_trains_11_units16.json","Cost of next node: Cost = 2,496.7 : 2,502.98 | cr=40, dd=31, da=22, tlv=1, sm=62, rd=161.61, cd=0, um=0","Time elapsed: 5.57 seconds","/home/thomasverwaal/Robust-Rail-NL/mathematical-models/local_search_plans_discreet_120/plan_31_trains_11_units16.json"
"/home/thomasverwaal/Robust-Rail-NL/mathematical-models/scenarios_solver_types_120/scenario_solver_31_trains_11_units16.json","Cost of next node: Cost = 2,468.6 : 2,474.86 | cr=37, dd=31, da=22, tlv=1, sm=62, rd=161.61, cd=0, um=0","Time elapsed: 5.67 seconds","/home/thomasverwaal/Robust-Rail-NL/mathematical-models/local_search_plans_discreet_120/plan_31_trains_11_units16.json"
"/home/thomasverwaal/Robust-Rail-NL/mathematical-models/scenarios_solver_types_120/scenario_solver_31_trains_11_units16.json","Cost of next node: Cost = 2,442.2 : 2,443.45 | cr=36, dd=31, da=22, tlv=0, sm=62, rd=159.68, cd=0, um=0","Time elapsed: 5.83 seconds","/home/thomasverwaal/Robust-Rail-NL/mathematical-models/local_search_plans_discreet_120/plan_31_trains_11_units16.json"
"/home/thomasverwaal/Robust-Rail-NL/mathematical-models/scenarios_solver_types_120/scenario_solver_31_trains_11_units16.json","Cost of next node: Cost = 2,340.1 : 2,346.35 | cr=32, dd=31, da=18, tlv=1, sm=62, rd=154.84, cd=0, um=0","Time elapsed: 5.92 seconds","/home/thomasverwaal/Robust-Rail-NL/mathematical-models/local_search_plans_discreet_120/plan_31_trains_11_units16.json"
"/home/thomasverwaal/Robust-Rail-NL/mathematical-models/scenarios_solver_types_120/scenario_solver_31_trains_11_units16.json","Cost of next node: Cost = 2,276.2 : 2,287.41 | cr=32, dd=31, da=14, tlv=2, sm=62, rd=150.00, cd=0, um=0","Time elapsed: 5.98 seconds","/home/thomasverwaal/Robust-Rail-NL/mathematical-models/local_search_plans_discreet_120/plan_31_trains_11_units16.json"
"/home/thomasverwaal/Robust-Rail-NL/mathematical-models/scenarios_solver_types_120/scenario_solver_31_trains_11_units16.json","Cost of next node: Cost = 2,230.1 : 2,246.34 | cr=32, dd=31, da=11, tlv=3, sm=62, rd=146.13, cd=0, um=0","Time elapsed: 6.09 seconds","/home/thomasverwaal/Robust-Rail-NL/mathematical-models/local_search_plans_discreet_120/plan_31_trains_11_units16.json"
"/home/thomasverwaal/Robust-Rail-NL/mathematical-models/scenarios_solver_types_120/scenario_solver_31_trains_11_units16.json","Cost of next node: Cost = 2,207.2 : 2,223.44 | cr=30, dd=31, da=11, tlv=3, sm=62, rd=144.19, cd=0, um=0","Time elapsed: 6.25 seconds","/home/thomasverwaal/Robust-Rail-NL/mathematical-models/local_search_plans_discreet_120/plan_31_trains_11_units16.json"
"/home/thomasverwaal/Robust-Rail-NL/mathematical-models/scenarios_solver_types_120/scenario_solver_31_trains_11_units16.json","Cost of next node: Cost = 2,182.7 : 2,203.97 | cr=27, dd=31, da=11, tlv=4, sm=62, rd=141.29, cd=0, um=0","Time elapsed: 6.35 seconds","/home/thomasverwaal/Robust-Rail-NL/mathematical-models/local_search_plans_discreet_120/plan_31_trains_11_units16.json"
"/home/thomasverwaal/Robust-Rail-NL/mathematical-models/scenarios_solver_types_120/scenario_solver_31_trains_11_units16.json","Cost of next node: Cost = 2,124.6 : 2,150.88 | cr=22, dd=31, da=10, tlv=5, sm=62, rd=139.35, cd=0, um=0","Time elapsed: 6.67 seconds","/home/thomasverwaal/Robust-Rail-NL/mathematical-models/local_search_plans_discreet_120/plan_31_trains_11_units16.json"
"/home/thomasverwaal/Robust-Rail-NL/mathematical-models/scenarios_solver_types_120/scenario_solver_31_trains_11_units16.json","Cost of next node: Cost = 2,069.6 : 2,100.88 | cr=15, dd=31, da=10, tlv=6, sm=62, rd=139.35, cd=0, um=0","Time elapsed: 7.16 seconds","/home/thomasverwaal/Robust-Rail-NL/mathematical-models/local_search_plans_discreet_120/plan_31_trains_11_units16.json"
"/home/thomasverwaal/Robust-Rail-NL/mathematical-models/scenarios_solver_types_120/scenario_solver_31_trains_11_units16.json","Cost of next node: Cost = 2,046.4 : 2,082.66 | cr=14, dd=31, da=9, tlv=7, sm=62, rd=133.55, cd=0, um=0","Time elapsed: 7.75 seconds","/home/thomasverwaal/Robust-Rail-NL/mathematical-models/local_search_plans_discreet_120/plan_31_trains_11_units16.json"
"/home/thomasverwaal/Robust-Rail-NL/mathematical-models/scenarios_solver_types_120/scenario_solver_31_trains_11_units16.json","Cost of next node: Cost = 2,020.1 : 2,061.33 | cr=14, dd=31, da=8, tlv=8, sm=62, rd=127.74, cd=0, um=0","Time elapsed: 8.26 seconds","/home/thomasverwaal/Robust-Rail-NL/mathematical-models/local_search_plans_discreet_120/plan_31_trains_11_units16.json"
"/home/thomasverwaal/Robust-Rail-NL/mathematical-models/scenarios_solver_types_120/scenario_solver_31_trains_11_units16.json","Cost of next node: Cost = 1,814.8 : 1,861.00 | cr=14, dd=27, da=8, tlv=9, sm=62, rd=120.00, cd=0, um=0","Time elapsed: 8.85 seconds","/home/thomasverwaal/Robust-Rail-NL/mathematical-models/local_search_plans_discreet_120/plan_31_trains_11_units16.json"
"/home/thomasverwaal/Robust-Rail-NL/mathematical-models/scenarios_solver_types_120/scenario_solver_31_trains_11_units16.json","Cost of next node: Cost = 1,715.1 : 1,761.30 | cr=14, dd=25, da=8, tlv=9, sm=62, rd=120.00, cd=0, um=0","Time elapsed: 8.98 seconds","/home/thomasverwaal/Robust-Rail-NL/mathematical-models/local_search_plans_discreet_120/plan_31_trains_11_units16.json"
"/home/thomasverwaal/Robust-Rail-NL/mathematical-models/scenarios_solver_types_120/scenario_solver_31_trains_11_units16.json","Cost of next node: Cost = 1,693.8 : 1,740.07 | cr=11, dd=24, da=11, tlv=9, sm=62, rd=121.94, cd=0, um=0","Time elapsed: 9.16 seconds","/home/thomasverwaal/Robust-Rail-NL/mathematical-models/local_search_plans_discreet_120/plan_31_trains_11_units16.json"
"/home/thomasverwaal/Robust-Rail-NL/mathematical-models/scenarios_solver_types_120/scenario_solver_31_trains_11_units16.json","Cost of next node: Cost = 1,659.7 : 1,710.92 | cr=12, dd=24, da=8, tlv=10, sm=62, rd=118.06, cd=0, um=0","Time elapsed: 9.28 seconds","/home/thomasverwaal/Robust-Rail-NL/mathematical-models/local_search_plans_discreet_120/plan_31_trains_11_units16.json"
"/home/thomasverwaal/Robust-Rail-NL/mathematical-models/scenarios_solver_types_120/scenario_solver_31_trains_11_units16.json","Cost of next node: Cost = 1,615.7 : 1,671.89 | cr=13, dd=23, da=7, tlv=11, sm=62, rd=112.26, cd=0, um=0","Time elapsed: 9.81 seconds","/home/thomasverwaal/Robust-Rail-NL/mathematical-models/local_search_plans_discreet_120/plan_31_trains_11_units16.json"
"/home/thomasverwaal/Robust-Rail-NL/mathematical-models/scenarios_solver_types_120/scenario_solver_31_trains_11_units16.json","Cost of next node: Cost = 1,579.2 : 1,640.43 | cr=14, dd=23, da=4, tlv=12, sm=62, rd=106.45, cd=0, um=0","Time elapsed: 10.39 seconds","/home/thomasverwaal/Robust-Rail-NL/mathematical-models/local_search_plans_discreet_120/plan_31_trains_11_units16.json"
"/home/thomasverwaal/Robust-Rail-NL/mathematical-models/scenarios_solver_types_120/scenario_solver_31_trains_11_units16.json","Cost of next node: Cost = 1,557.5 : 1,618.76 | cr=17, dd=22, da=4, tlv=12, sm=62, rd=106.45, cd=0, um=0","Time elapsed: 10.54 seconds","/home/thomasverwaal/Robust-Rail-NL/mathematical-models/local_search_plans_discreet_120/plan_31_trains_11_units16.json"
"/home/thomasverwaal/Robust-Rail-NL/mathematical-models/scenarios_solver_types_120/scenario_solver_31_trains_11_units16.json","Cost of next node: Cost = 1,537.3 : 1,598.50 | cr=15, dd=22, da=4, tlv=12, sm=62, rd=104.52, cd=0, um=0","Time elapsed: 11.20 seconds","/home/thomasverwaal/Robust-Rail-NL/mathematical-models/local_search_plans_discreet_120/plan_31_trains_11_units16.json"
"/home/thomasverwaal/Robust-Rail-NL/mathematical-models/scenarios_solver_types_120/scenario_solver_31_trains_11_units16.json","Cost of next node: Cost = 1,488.0 : 1,549.26 | cr=15, dd=21, da=4, tlv=12, sm=62, rd=102.58, cd=0, um=0","Time elapsed: 11.55 seconds","/home/thomasverwaal/Robust-Rail-NL/mathematical-models/local_search_plans_discreet_120/plan_31_trains_11_units16.json"
"/home/thomasverwaal/Robust-Rail-NL/mathematical-models/scenarios_solver_types_120/scenario_solver_31_trains_11_units16.json","Cost of next node: Cost = 1,463.6 : 1,529.80 | cr=16, dd=20, da=4, tlv=13, sm=62, rd=100.65, cd=0, um=0","Time elapsed: 12.21 seconds","/home/thomasverwaal/Robust-Rail-NL/mathematical-models/local_search_plans_discreet_120/plan_31_trains_11_units16.json"
"/home/thomasverwaal/Robust-Rail-NL/mathematical-models/scenarios_solver_types_120/scenario_solver_31_trains_11_units16.json","Cost of next node: Cost = 1,292.4 : 1,363.61 | cr=16, dd=17, da=3, tlv=14, sm=62, rd=90.97, cd=0, um=0","Time elapsed: 12.63 seconds","/home/thomasverwaal/Robust-Rail-NL/mathematical-models/local_search_plans_discreet_120/plan_31_trains_11_units16.json"
"/home/thomasverwaal/Robust-Rail-NL/mathematical-models/scenarios_solver_types_120/scenario_solver_31_trains_11_units16.json","Cost of next node: Cost = 1,241.3 : 1,312.59 | cr=16, dd=16, da=3, tlv=14, sm=62, rd=90.97, cd=0, um=0","Time elapsed: 12.78 seconds","/home/thomasverwaal/Robust-Rail-NL/mathematical-models/local_search_plans_discreet_120/plan_31_trains_11_units16.json"
"/home/thomasverwaal/Robust-Rail-NL/mathematical-models/scenarios_solver_types_120/scenario_solver_31_trains_11_units16.json","Cost of next node: Cost = 1,164.5 : 1,235.74 | cr=18, dd=14, da=3, tlv=14, sm=62, rd=90.97, cd=0, um=0","Time elapsed: 12.91 seconds","/home/thomasverwaal/Robust-Rail-NL/mathematical-models/local_search_plans_discreet_120/plan_31_trains_11_units16.json"
"/home/thomasverwaal/Robust-Rail-NL/mathematical-models/scenarios_solver_types_120/scenario_solver_31_trains_11_units16.json","Cost of next node: Cost = 1,134.5 : 1,205.74 | cr=15, dd=14, da=3, tlv=14, sm=62, rd=90.97, cd=0, um=0","Time elapsed: 13.14 seconds","/home/thomasverwaal/Robust-Rail-NL/mathematical-models/local_search_plans_discreet_120/plan_31_trains_11_units16.json"
"/home/thomasverwaal/Robust-Rail-NL/mathematical-models/scenarios_solver_types_120/scenario_solver_31_trains_11_units16.json","Cost of next node: Cost = 1,109.5 : 1,175.74 | cr=14, dd=14, da=3, tlv=13, sm=62, rd=92.90, cd=0, um=0","Time elapsed: 13.48 seconds","/home/thomasverwaal/Robust-Rail-NL/mathematical-models/local_search_plans_discreet_120/plan_31_trains_11_units16.json"
"/home/thomasverwaal/Robust-Rail-NL/mathematical-models/scenarios_solver_types_120/scenario_solver_31_trains_11_units16.json","Cost of next node: Cost = 1,005.6 : 1,071.81 | cr=14, dd=12, da=3, tlv=13, sm=62, rd=89.03, cd=0, um=0","Time elapsed: 13.98 seconds","/home/thomasverwaal/Robust-Rail-NL/mathematical-models/local_search_plans_discreet_120/plan_31_trains_11_units16.json"
"/home/thomasverwaal/Robust-Rail-NL/mathematical-models/scenarios_solver_types_120/scenario_solver_31_trains_11_units16.json","Cost of next node: Cost = 967.5 : 1,033.79 | cr=15, dd=11, da=3, tlv=13, sm=62, rd=89.03, cd=0, um=0","Time elapsed: 14.09 seconds","/home/thomasverwaal/Robust-Rail-NL/mathematical-models/local_search_plans_discreet_120/plan_31_trains_11_units16.json"
"/home/thomasverwaal/Robust-Rail-NL/mathematical-models/scenarios_solver_types_120/scenario_solver_31_trains_11_units16.json","Cost of next node: Cost = 946.8 : 1,013.04 | cr=15, dd=11, da=2, tlv=13, sm=62, rd=87.10, cd=0, um=0","Time elapsed: 14.54 seconds","/home/thomasverwaal/Robust-Rail-NL/mathematical-models/local_search_plans_discreet_120/plan_31_trains_11_units16.json"
"/home/thomasverwaal/Robust-Rail-NL/mathematical-models/scenarios_solver_types_120/scenario_solver_31_trains_11_units16.json","Cost of next node: Cost = 884.5 : 950.71 | cr=13, dd=10, da=2, tlv=13, sm=62, rd=88.06, cd=0, um=0","Time elapsed: 14.90 seconds","/home/thomasverwaal/Robust-Rail-NL/mathematical-models/local_search_plans_discreet_120/plan_31_trains_11_units16.json"
"/home/thomasverwaal/Robust-Rail-NL/mathematical-models/scenarios_solver_types_120/scenario_solver_31_trains_11_units16.json","Cost of next node: Cost = 864.1 : 930.35 | cr=12, dd=10, da=2, tlv=13, sm=62, rd=87.10, cd=0, um=0","Time elapsed: 15.02 seconds","/home/thomasverwaal/Robust-Rail-NL/mathematical-models/local_search_plans_discreet_120/plan_31_trains_11_units16.json"
"/home/thomasverwaal/Robust-Rail-NL/mathematical-models/scenarios_solver_types_120/scenario_solver_31_trains_11_units16.json","Cost of next node: Cost = 402.7 : 473.94 | cr=10, dd=1, da=2, tlv=14, sm=62, rd=79.35, cd=0, um=0","Time elapsed: 15.44 seconds","/home/thomasverwaal/Robust-Rail-NL/mathematical-models/local_search_plans_discreet_120/plan_31_trains_11_units16.json"
"/home/thomasverwaal/Robust-Rail-NL/mathematical-models/scenarios_solver_types_120/scenario_solver_31_trains_11_units16.json","Cost of next node: Cost = 377.7 : 443.94 | cr=9, dd=1, da=2, tlv=13, sm=62, rd=81.29, cd=0, um=0","Time elapsed: 15.87 seconds","/home/thomasverwaal/Robust-Rail-NL/mathematical-models/local_search_plans_discreet_120/plan_31_trains_11_units16.json"
"/home/thomasverwaal/Robust-Rail-NL/mathematical-models/scenarios_solver_types_120/scenario_solver_31_trains_11_units16.json","Cost of next node: Cost = 352.4 : 413.64 | cr=10, dd=1, da=1, tlv=12, sm=62, rd=81.29, cd=0, um=0","Time elapsed: 16.18 seconds","/home/thomasverwaal/Robust-Rail-NL/mathematical-models/local_search_plans_discreet_120/plan_31_trains_11_units16.json"
"/home/thomasverwaal/Robust-Rail-NL/mathematical-models/scenarios_solver_types_120/scenario_solver_31_trains_11_units16.json","Cost of next node: Cost = 342.4 : 403.64 | cr=9, dd=1, da=1, tlv=12, sm=62, rd=81.29, cd=0, um=0","Time elapsed: 19.76 seconds","/home/thomasverwaal/Robust-Rail-NL/mathematical-models/local_search_plans_discreet_120/plan_31_trains_11_units16.json"
"/home/thomasverwaal/Robust-Rail-NL/mathematical-models/scenarios_solver_types_120/scenario_solver_31_trains_11_units16.json","Cost of next node: Cost = 332.4 : 393.64 | cr=8, dd=1, da=1, tlv=12, sm=62, rd=81.29, cd=0, um=0","Time elapsed: 22.81 seconds","/home/thomasverwaal/Robust-Rail-NL/mathematical-models/local_search_plans_discreet_120/plan_31_trains_11_units16.json"
"/home/thomasverwaal/Robust-Rail-NL/mathematical-models/scenarios_solver_types_120/scenario_solver_31_trains_11_units16.json","Cost of next node: Cost = 322.4 : 383.64 | cr=7, dd=1, da=1, tlv=12, sm=62, rd=81.29, cd=0, um=0","Time elapsed: 25.20 seconds","/home/thomasverwaal/Robust-Rail-NL/mathematical-models/local_search_plans_discreet_120/plan_31_trains_11_units16.json"
"/home/thomasverwaal/Robust-Rail-NL/mathematical-models/scenarios_solver_types_120/scenario_solver_31_trains_11_units16.json","Cost of next node: Cost = 312.4 : 373.64 | cr=6, dd=1, da=1, tlv=12, sm=62, rd=81.29, cd=0, um=0","Time elapsed: 27.26 seconds","/home/thomasverwaal/Robust-Rail-NL/mathematical-models/local_search_plans_discreet_120/plan_31_trains_11_units16.json"
"/home/thomasverwaal/Robust-Rail-NL/mathematical-models/scenarios_solver_types_120/scenario_solver_31_trains_11_units16.json","Cost of next node: Cost = 302.4 : 363.64 | cr=5, dd=1, da=1, tlv=12, sm=62, rd=83.23, cd=0, um=0","Time elapsed: 28.89 seconds","/home/thomasverwaal/Robust-Rail-NL/mathematical-models/local_search_plans_discreet_120/plan_31_trains_11_units16.json"
"/home/thomasverwaal/Robust-Rail-NL/mathematical-models/scenarios_solver_types_120/scenario_solver_31_trains_11_units16.json","Cost of next node: Cost = 297.4 : 353.68 | cr=6, dd=1, da=1, tlv=11, sm=64, rd=86.25, cd=0, um=0","Time elapsed: 37.58 seconds","/home/thomasverwaal/Robust-Rail-NL/mathematical-models/local_search_plans_discreet_120/plan_31_trains_11_units16.json"
"/home/thomasverwaal/Robust-Rail-NL/mathematical-models/scenarios_solver_types_120/scenario_solver_31_trains_11_units16.json","Cost of next node: Cost = 230.0 : 291.28 | cr=5, dd=0, da=0, tlv=12, sm=64, rd=82.50, cd=0, um=0","Time elapsed: 37.85 seconds","/home/thomasverwaal/Robust-Rail-NL/mathematical-models/local_search_plans_discreet_120/plan_31_trains_11_units16.json"
"/home/thomasverwaal/Robust-Rail-NL/mathematical-models/scenarios_solver_types_120/scenario_solver_31_trains_11_units16.json","Cost of next node: Cost = 220.0 : 281.28 | cr=4, dd=0, da=0, tlv=12, sm=64, rd=84.38, cd=0, um=0","Time elapsed: 39.22 seconds","/home/thomasverwaal/Robust-Rail-NL/mathematical-models/local_search_plans_discreet_120/plan_31_trains_11_units16.json"
"/home/thomasverwaal/Robust-Rail-NL/mathematical-models/scenarios_solver_types_120/scenario_solver_31_trains_11_units16.json","Cost of next node: Cost = 210.0 : 271.32 | cr=3, dd=0, da=0, tlv=12, sm=66, rd=83.64, cd=0, um=0","Time elapsed: 40.59 seconds","/home/thomasverwaal/Robust-Rail-NL/mathematical-models/local_search_plans_discreet_120/plan_31_trains_11_units16.json"
"/home/thomasverwaal/Robust-Rail-NL/mathematical-models/scenarios_solver_types_120/scenario_solver_31_trains_11_units16.json","Cost of next node: Cost = 195.0 : 251.32 | cr=3, dd=0, da=0, tlv=11, sm=66, rd=85.45, cd=0, um=0","Time elapsed: 54.92 seconds","/home/thomasverwaal/Robust-Rail-NL/mathematical-models/local_search_plans_discreet_120/plan_31_trains_11_units16.json"
"/home/thomasverwaal/Robust-Rail-NL/mathematical-models/scenarios_solver_types_120/scenario_solver_31_trains_11_units16.json","Cost of next node: Cost = 185.0 : 241.32 | cr=2, dd=0, da=0, tlv=11, sm=66, rd=85.45, cd=0, um=0","Time elapsed: 134.22 seconds","/home/thomasverwaal/Robust-Rail-NL/mathematical-models/local_search_plans_discreet_120/plan_31_trains_11_units16.json"
"/home/thomasverwaal/Robust-Rail-NL/mathematical-models/scenarios_solver_types_120/scenario_solver_31_trains_11_units16.json","NO_COST_FOUND","NO_TIME_FOUND","NO_PLAN_CREATED"
"/home/thomasverwaal/Robust-Rail-NL/mathematical-models/scenarios_solver_types_120/scenario_solver_31_trains_11_units17.json","Cost of next node: Cost = 2,639.2 : 2,640.43 | cr=38, dd=31, da=29, tlv=0, sm=62, rd=179.03, cd=0, um=0","Time elapsed: 4.19 seconds","/home/thomasverwaal/Robust-Rail-NL/mathematical-models/local_search_plans_discreet_120/plan_31_trains_11_units17.json"
"/home/thomasverwaal/Robust-Rail-NL/mathematical-models/scenarios_solver_types_120/scenario_solver_31_trains_11_units17.json","Cost of next node: Cost = 2,614.8 : 2,616.09 | cr=37, dd=31, da=29, tlv=0, sm=62, rd=172.26, cd=0, um=0","Time elapsed: 4.22 seconds","/home/thomasverwaal/Robust-Rail-NL/mathematical-models/local_search_plans_discreet_120/plan_31_trains_11_units17.json"
"/home/thomasverwaal/Robust-Rail-NL/mathematical-models/scenarios_solver_types_120/scenario_solver_31_trains_11_units17.json","Cost of next node: Cost = 2,579.4 : 2,585.61 | cr=38, dd=31, da=27, tlv=1, sm=62, rd=169.35, cd=0, um=0","Time elapsed: 4.31 seconds","/home/thomasverwaal/Robust-Rail-NL/mathematical-models/local_search_plans_discreet_120/plan_31_trains_11_units17.json"
"/home/thomasverwaal/Robust-Rail-NL/mathematical-models/scenarios_solver_types_120/scenario_solver_31_trains_11_units17.json","Cost of next node: Cost = 2,550.7 : 2,556.92 | cr=35, dd=31, da=27, tlv=1, sm=62, rd=170.32, cd=0, um=0","Time elapsed: 4.39 seconds","/home/thomasverwaal/Robust-Rail-NL/mathematical-models/local_search_plans_discreet_120/plan_31_trains_11_units17.json"
"/home/thomasverwaal/Robust-Rail-NL/mathematical-models/scenarios_solver_types_120/scenario_solver_31_trains_11_units17.json","Cost of next node: Cost = 2,514.4 : 2,520.62 | cr=41, dd=31, da=22, tlv=1, sm=62, rd=170.32, cd=0, um=0","Time elapsed: 4.51 seconds","/home/thomasverwaal/Robust-Rail-NL/mathematical-models/local_search_plans_discreet_120/plan_31_trains_11_units17.json"
"/home/thomasverwaal/Robust-Rail-NL/mathematical-models/scenarios_solver_types_120/scenario_solver_31_trains_11_units17.json","Cost of next node: Cost = 2,492.2 : 2,498.49 | cr=41, dd=31, da=21, tlv=1, sm=62, rd=166.45, cd=0, um=0","Time elapsed: 4.59 seconds","/home/thomasverwaal/Robust-Rail-NL/mathematical-models/local_search_plans_discreet_120/plan_31_trains_11_units17.json"
"/home/thomasverwaal/Robust-Rail-NL/mathematical-models/scenarios_solver_types_120/scenario_solver_31_trains_11_units17.json","Cost of next node: Cost = 2,400.5 : 2,411.78 | cr=36, dd=31, da=18, tlv=2, sm=62, rd=161.61, cd=0, um=0","Time elapsed: 4.69 seconds","/home/thomasverwaal/Robust-Rail-NL/mathematical-models/local_search_plans_discreet_120/plan_31_trains_11_units17.json"
"/home/thomasverwaal/Robust-Rail-NL/mathematical-models/scenarios_solver_types_120/scenario_solver_31_trains_11_units17.json","Cost of next node: Cost = 2,351.8 : 2,368.03 | cr=34, dd=31, da=16, tlv=3, sm=62, rd=157.74, cd=0, um=0","Time elapsed: 4.78 seconds","/home/thomasverwaal/Robust-Rail-NL/mathematical-models/local_search_plans_discreet_120/plan_31_trains_11_units17.json"
"/home/thomasverwaal/Robust-Rail-NL/mathematical-models/scenarios_solver_types_120/scenario_solver_31_trains_11_units17.json","Cost of next node: Cost = 2,303.0 : 2,324.21 | cr=34, dd=31, da=13, tlv=4, sm=62, rd=151.94, cd=0, um=0","Time elapsed: 4.90 seconds","/home/thomasverwaal/Robust-Rail-NL/mathematical-models/local_search_plans_discreet_120/plan_31_trains_11_units17.json"
"/home/thomasverwaal/Robust-Rail-NL/mathematical-models/scenarios_solver_types_120/scenario_solver_31_trains_11_units17.json","Cost of next node: Cost = 2,278.0 : 2,304.21 | cr=30, dd=31, da=13, tlv=5, sm=62, rd=151.94, cd=0, um=0","Time elapsed: 5.03 seconds","/home/thomasverwaal/Robust-Rail-NL/mathematical-models/local_search_plans_discreet_120/plan_31_trains_11_units17.json"
"/home/thomasverwaal/Robust-Rail-NL/mathematical-models/scenarios_solver_types_120/scenario_solver_31_trains_11_units17.json","Cost of next node: Cost = 2,257.5 : 2,283.73 | cr=29, dd=31, da=13, tlv=5, sm=62, rd=147.10, cd=0, um=0","Time elapsed: 5.29 seconds","/home/thomasverwaal/Robust-Rail-NL/mathematical-models/local_search_plans_discreet_120/plan_31_trains_11_units17.json"
"/home/thomasverwaal/Robust-Rail-NL/mathematical-models/scenarios_solver_types_120/scenario_solver_31_trains_11_units17.json","Cost of next node: Cost = 2,236.0 : 2,262.24 | cr=26, dd=31, da=13, tlv=5, sm=62, rd=148.06, cd=0, um=0","Time elapsed: 5.41 seconds","/home/thomasverwaal/Robust-Rail-NL/mathematical-models/local_search_plans_discreet_120/plan_31_trains_11_units17.json"
"/home/thomasverwaal/Robust-Rail-NL/mathematical-models/scenarios_solver_types_120/scenario_solver_31_trains_11_units17.json","Cost of next node: Cost = 2,209.1 : 2,240.35 | cr=25, dd=31, da=12, tlv=6, sm=62, rd=141.29, cd=0, um=0","Time elapsed: 5.70 seconds","/home/thomasverwaal/Robust-Rail-NL/mathematical-models/local_search_plans_discreet_120/plan_31_trains_11_units17.json"
"/home/thomasverwaal/Robust-Rail-NL/mathematical-models/scenarios_solver_types_120/scenario_solver_31_trains_11_units17.json","Cost of next node: Cost = 2,188.3 : 2,224.57 | cr=24, dd=31, da=12, tlv=7, sm=62, rd=133.55, cd=0, um=0","Time elapsed: 6.04 seconds","/home/thomasverwaal/Robust-Rail-NL/mathematical-models/local_search_plans_discreet_120/plan_31_trains_11_units17.json"
"/home/thomasverwaal/Robust-Rail-NL/mathematical-models/scenarios_solver_types_120/scenario_solver_31_trains_11_units17.json","Cost of next node: Cost = 2,167.5 : 2,203.76 | cr=24, dd=31, da=11, tlv=7, sm=62, rd=131.61, cd=0, um=0","Time elapsed: 6.39 seconds","/home/thomasverwaal/Robust-Rail-NL/mathematical-models/local_search_plans_discreet_120/plan_31_trains_11_units17.json"
"/home/thomasverwaal/Robust-Rail-NL/mathematical-models/scenarios_solver_types_120/scenario_solver_31_trains_11_units17.json","Cost of next node: Cost = 2,146.6 : 2,187.80 | cr=18, dd=31, da=11, tlv=8, sm=62, rd=137.42, cd=0, um=0","Time elapsed: 6.79 seconds","/home/thomasverwaal/Robust-Rail-NL/mathematical-models/local_search_plans_discreet_120/plan_31_trains_11_units17.json"
"/home/thomasverwaal/Robust-Rail-NL/mathematical-models/scenarios_solver_types_120/scenario_solver_31_trains_11_units17.json","Cost of next node: Cost = 2,119.1 : 2,160.33 | cr=15, dd=31, da=11, tlv=8, sm=62, rd=139.35, cd=0, um=0","Time elapsed: 6.88 seconds","/home/thomasverwaal/Robust-Rail-NL/mathematical-models/local_search_plans_discreet_120/plan_31_trains_11_units17.json"
"/home/thomasverwaal/Robust-Rail-NL/mathematical-models/scenarios_solver_types_120/scenario_solver_31_trains_11_units17.json","Cost of next node: Cost = 2,092.7 : 2,138.93 | cr=14, dd=31, da=10, tlv=9, sm=62, rd=133.55, cd=0, um=0","Time elapsed: 7.34 seconds","/home/thomasverwaal/Robust-Rail-NL/mathematical-models/local_search_plans_discreet_120/plan_31_trains_11_units17.json"
"/home/thomasverwaal/Robust-Rail-NL/mathematical-models/scenarios_solver_types_120/scenario_solver_31_trains_11_units17.json","Cost of next node: Cost = 2,065.5 : 2,116.74 | cr=14, dd=31, da=9, tlv=10, sm=62, rd=125.81, cd=0, um=0","Time elapsed: 7.71 seconds","/home/thomasverwaal/Robust-Rail-NL/mathematical-models/local_search_plans_discreet_120/plan_31_trains_11_units17.json"
"/home/thomasverwaal/Robust-Rail-NL/mathematical-models/scenarios_solver_types_120/scenario_solver_31_trains_11_units17.json","Cost of next node: Cost = 2,045.0 : 2,096.29 | cr=15, dd=31, da=8, tlv=10, sm=62, rd=120.00, cd=0, um=0","Time elapsed: 8.40 seconds","/home/thomasverwaal/Robust-Rail-NL/mathematical-models/local_search_plans_discreet_120/plan_31_trains_11_units17.json"
"/home/thomasverwaal/Robust-Rail-NL/mathematical-models/scenarios_solver_types_120/scenario_solver_31_trains_11_units17.json","Cost of next node: Cost = 1,812.5 : 1,868.71 | cr=16, dd=27, da=6, tlv=11, sm=62, rd=112.26, cd=0, um=0","Time elapsed: 8.88 seconds","/home/thomasverwaal/Robust-Rail-NL/mathematical-models/local_search_plans_discreet_120/plan_31_trains_11_units17.json"
"/home/thomasverwaal/Robust-Rail-NL/mathematical-models/scenarios_solver_types_120/scenario_solver_31_trains_11_units17.json","Cost of next node: Cost = 1,712.0 : 1,768.27 | cr=16, dd=25, da=6, tlv=11, sm=62, rd=112.26, cd=0, um=0","Time elapsed: 8.98 seconds","/home/thomasverwaal/Robust-Rail-NL/mathematical-models/local_search_plans_discreet_120/plan_31_trains_11_units17.json"
"/home/thomasverwaal/Robust-Rail-NL/mathematical-models/scenarios_solver_types_120/scenario_solver_31_trains_11_units17.json","Cost of next node: Cost = 1,563.2 : 1,619.43 | cr=16, dd=22, da=6, tlv=11, sm=62, rd=112.26, cd=0, um=0","Time elapsed: 9.06 seconds","/home/thomasverwaal/Robust-Rail-NL/mathematical-models/local_search_plans_discreet_120/plan_31_trains_11_units17.json"
"/home/thomasverwaal/Robust-Rail-NL/mathematical-models/scenarios_solver_types_120/scenario_solver_31_trains_11_units17.json","Cost of next node: Cost = 1,523.6 : 1,579.88 | cr=17, dd=21, da=6, tlv=11, sm=62, rd=112.26, cd=0, um=0","Time elapsed: 9.22 seconds","/home/thomasverwaal/Robust-Rail-NL/mathematical-models/local_search_plans_discreet_120/plan_31_trains_11_units17.json"
"/home/thomasverwaal/Robust-Rail-NL/mathematical-models/scenarios_solver_types_120/scenario_solver_31_trains_11_units17.json","Cost of next node: Cost = 1,489.1 : 1,550.38 | cr=17, dd=20, da=6, tlv=12, sm=62, rd=110.32, cd=0, um=0","Time elapsed: 9.33 seconds","/home/thomasverwaal/Robust-Rail-NL/mathematical-models/local_search_plans_discreet_120/plan_31_trains_11_units17.json"
"/home/thomasverwaal/Robust-Rail-NL/mathematical-models/scenarios_solver_types_120/scenario_solver_31_trains_11_units17.json","Cost of next node: Cost = 1,296.6 : 1,352.86 | cr=18, dd=17, da=4, tlv=11, sm=62, rd=104.52, cd=0, um=0","Time elapsed: 9.48 seconds","/home/thomasverwaal/Robust-Rail-NL/mathematical-models/local_search_plans_discreet_120/plan_31_trains_11_units17.json"
"/home/thomasverwaal/Robust-Rail-NL/mathematical-models/scenarios_solver_types_120/scenario_solver_31_trains_11_units17.json","Cost of next node: Cost = 1,227.8 : 1,289.09 | cr=17, dd=16, da=3, tlv=12, sm=62, rd=100.65, cd=0, um=0","Time elapsed: 10.21 seconds","/home/thomasverwaal/Robust-Rail-NL/mathematical-models/local_search_plans_discreet_120/plan_31_trains_11_units17.json"
"/home/thomasverwaal/Robust-Rail-NL/mathematical-models/scenarios_solver_types_120/scenario_solver_31_trains_11_units17.json","Cost of next node: Cost = 1,194.4 : 1,255.65 | cr=18, dd=15, da=3, tlv=12, sm=62, rd=100.65, cd=0, um=0","Time elapsed: 10.29 seconds","/home/thomasverwaal/Robust-Rail-NL/mathematical-models/local_search_plans_discreet_120/plan_31_trains_11_units17.json"
"/home/thomasverwaal/Robust-Rail-NL/mathematical-models/scenarios_solver_types_120/scenario_solver_31_trains_11_units17.json","Cost of next node: Cost = 1,158.2 : 1,224.49 | cr=18, dd=14, da=3, tlv=13, sm=62, rd=98.71, cd=0, um=0","Time elapsed: 10.79 seconds","/home/thomasverwaal/Robust-Rail-NL/mathematical-models/local_search_plans_discreet_120/plan_31_trains_11_units17.json"
"/home/thomasverwaal/Robust-Rail-NL/mathematical-models/scenarios_solver_types_120/scenario_solver_31_trains_11_units17.json","Cost of next node: Cost = 1,013.8 : 1,085.04 | cr=18, dd=11, da=3, tlv=14, sm=62, rd=90.97, cd=0, um=0","Time elapsed: 11.12 seconds","/home/thomasverwaal/Robust-Rail-NL/mathematical-models/local_search_plans_discreet_120/plan_31_trains_11_units17.json"
"/home/thomasverwaal/Robust-Rail-NL/mathematical-models/scenarios_solver_types_120/scenario_solver_31_trains_11_units17.json","Cost of next node: Cost = 931.3 : 1,002.50 | cr=19, dd=10, da=1, tlv=14, sm=62, rd=89.03, cd=0, um=0","Time elapsed: 11.37 seconds","/home/thomasverwaal/Robust-Rail-NL/mathematical-models/local_search_plans_discreet_120/plan_31_trains_11_units17.json"
"/home/thomasverwaal/Robust-Rail-NL/mathematical-models/scenarios_solver_types_120/scenario_solver_31_trains_11_units17.json","Cost of next node: Cost = 854.3 : 930.57 | cr=22, dd=8, da=0, tlv=15, sm=62, rd=85.16, cd=0, um=0","Time elapsed: 11.62 seconds","/home/thomasverwaal/Robust-Rail-NL/mathematical-models/local_search_plans_discreet_120/plan_31_trains_11_units17.json"
"/home/thomasverwaal/Robust-Rail-NL/mathematical-models/scenarios_solver_types_120/scenario_solver_31_trains_11_units17.json","Cost of next node: Cost = 829.3 : 900.57 | cr=21, dd=8, da=0, tlv=14, sm=62, rd=87.10, cd=0, um=0","Time elapsed: 11.85 seconds","/home/thomasverwaal/Robust-Rail-NL/mathematical-models/local_search_plans_discreet_120/plan_31_trains_11_units17.json"
"/home/thomasverwaal/Robust-Rail-NL/mathematical-models/scenarios_solver_types_120/scenario_solver_31_trains_11_units17.json","Cost of next node: Cost = 395.0 : 471.24 | cr=17, dd=0, da=0, tlv=15, sm=62, rd=79.35, cd=0, um=0","Time elapsed: 12.13 seconds","/home/thomasverwaal/Robust-Rail-NL/mathematical-models/local_search_plans_discreet_120/plan_31_trains_11_units17.json"
"/home/thomasverwaal/Robust-Rail-NL/mathematical-models/scenarios_solver_types_120/scenario_solver_31_trains_11_units17.json","Cost of next node: Cost = 375.0 : 451.24 | cr=15, dd=0, da=0, tlv=15, sm=62, rd=79.35, cd=0, um=0","Time elapsed: 15.84 seconds","/home/thomasverwaal/Robust-Rail-NL/mathematical-models/local_search_plans_discreet_120/plan_31_trains_11_units17.json"
"/home/thomasverwaal/Robust-Rail-NL/mathematical-models/scenarios_solver_types_120/scenario_solver_31_trains_11_units17.json","Cost of next node: Cost = 360.0 : 431.24 | cr=15, dd=0, da=0, tlv=14, sm=62, rd=81.29, cd=0, um=0","Time elapsed: 19.22 seconds","/home/thomasverwaal/Robust-Rail-NL/mathematical-models/local_search_plans_discreet_120/plan_31_trains_11_units17.json"
"/home/thomasverwaal/Robust-Rail-NL/mathematical-models/scenarios_solver_types_120/scenario_solver_31_trains_11_units17.json","Cost of next node: Cost = 345.0 : 411.24 | cr=15, dd=0, da=0, tlv=13, sm=62, rd=81.29, cd=0, um=0","Time elapsed: 22.27 seconds","/home/thomasverwaal/Robust-Rail-NL/mathematical-models/local_search_plans_discreet_120/plan_31_trains_11_units17.json"
"/home/thomasverwaal/Robust-Rail-NL/mathematical-models/scenarios_solver_types_120/scenario_solver_31_trains_11_units17.json","Cost of next node: Cost = 335.0 : 401.24 | cr=14, dd=0, da=0, tlv=13, sm=62, rd=81.29, cd=0, um=0","Time elapsed: 25.00 seconds","/home/thomasverwaal/Robust-Rail-NL/mathematical-models/local_search_plans_discreet_120/plan_31_trains_11_units17.json"
"/home/thomasverwaal/Robust-Rail-NL/mathematical-models/scenarios_solver_types_120/scenario_solver_31_trains_11_units17.json","Cost of next node: Cost = 325.0 : 391.24 | cr=13, dd=0, da=0, tlv=13, sm=62, rd=81.29, cd=0, um=0","Time elapsed: 26.95 seconds","/home/thomasverwaal/Robust-Rail-NL/mathematical-models/local_search_plans_discreet_120/plan_31_trains_11_units17.json"
"/home/thomasverwaal/Robust-Rail-NL/mathematical-models/scenarios_solver_types_120/scenario_solver_31_trains_11_units17.json","Cost of next node: Cost = 315.0 : 381.24 | cr=12, dd=0, da=0, tlv=13, sm=62, rd=81.29, cd=0, um=0","Time elapsed: 28.99 seconds","/home/thomasverwaal/Robust-Rail-NL/mathematical-models/local_search_plans_discreet_120/plan_31_trains_11_units17.json"
"/home/thomasverwaal/Robust-Rail-NL/mathematical-models/scenarios_solver_types_120/scenario_solver_31_trains_11_units17.json","Cost of next node: Cost = 305.0 : 371.24 | cr=11, dd=0, da=0, tlv=13, sm=62, rd=81.29, cd=0, um=0","Time elapsed: 31.08 seconds","/home/thomasverwaal/Robust-Rail-NL/mathematical-models/local_search_plans_discreet_120/plan_31_trains_11_units17.json"
"/home/thomasverwaal/Robust-Rail-NL/mathematical-models/scenarios_solver_types_120/scenario_solver_31_trains_11_units17.json","Cost of next node: Cost = 295.0 : 361.24 | cr=10, dd=0, da=0, tlv=13, sm=62, rd=81.29, cd=0, um=0","Time elapsed: 33.27 seconds","/home/thomasverwaal/Robust-Rail-NL/mathematical-models/local_search_plans_discreet_120/plan_31_trains_11_units17.json"
"/home/thomasverwaal/Robust-Rail-NL/mathematical-models/scenarios_solver_types_120/scenario_solver_31_trains_11_units17.json","Cost of next node: Cost = 285.0 : 351.24 | cr=9, dd=0, da=0, tlv=13, sm=62, rd=81.29, cd=0, um=0","Time elapsed: 35.29 seconds","/home/thomasverwaal/Robust-Rail-NL/mathematical-models/local_search_plans_discreet_120/plan_31_trains_11_units17.json"
"/home/thomasverwaal/Robust-Rail-NL/mathematical-models/scenarios_solver_types_120/scenario_solver_31_trains_11_units17.json","Cost of next node: Cost = 275.0 : 341.24 | cr=8, dd=0, da=0, tlv=13, sm=62, rd=81.29, cd=0, um=0","Time elapsed: 37.01 seconds","/home/thomasverwaal/Robust-Rail-NL/mathematical-models/local_search_plans_discreet_120/plan_31_trains_11_units17.json"
"/home/thomasverwaal/Robust-Rail-NL/mathematical-models/scenarios_solver_types_120/scenario_solver_31_trains_11_units17.json","Cost of next node: Cost = 270.0 : 331.24 | cr=9, dd=0, da=0, tlv=12, sm=62, rd=83.23, cd=0, um=0","Time elapsed: 38.49 seconds","/home/thomasverwaal/Robust-Rail-NL/mathematical-models/local_search_plans_discreet_120/plan_31_trains_11_units17.json"
"/home/thomasverwaal/Robust-Rail-NL/mathematical-models/scenarios_solver_types_120/scenario_solver_31_trains_11_units17.json","Cost of next node: Cost = 260.0 : 321.24 | cr=8, dd=0, da=0, tlv=12, sm=62, rd=83.23, cd=0, um=0","Time elapsed: 40.19 seconds","/home/thomasverwaal/Robust-Rail-NL/mathematical-models/local_search_plans_discreet_120/plan_31_trains_11_units17.json"
"/home/thomasverwaal/Robust-Rail-NL/mathematical-models/scenarios_solver_types_120/scenario_solver_31_trains_11_units17.json","Cost of next node: Cost = 250.0 : 311.24 | cr=7, dd=0, da=0, tlv=12, sm=62, rd=83.23, cd=0, um=0","Time elapsed: 41.39 seconds","/home/thomasverwaal/Robust-Rail-NL/mathematical-models/local_search_plans_discreet_120/plan_31_trains_11_units17.json"
"/home/thomasverwaal/Robust-Rail-NL/mathematical-models/scenarios_solver_types_120/scenario_solver_31_trains_11_units17.json","Cost of next node: Cost = 240.0 : 301.24 | cr=6, dd=0, da=0, tlv=12, sm=62, rd=83.23, cd=0, um=0","Time elapsed: 42.44 seconds","/home/thomasverwaal/Robust-Rail-NL/mathematical-models/local_search_plans_discreet_120/plan_31_trains_11_units17.json"
"/home/thomasverwaal/Robust-Rail-NL/mathematical-models/scenarios_solver_types_120/scenario_solver_31_trains_11_units17.json","Cost of next node: Cost = 230.0 : 291.28 | cr=5, dd=0, da=0, tlv=12, sm=64, rd=84.38, cd=0, um=0","Time elapsed: 99.23 seconds","/home/thomasverwaal/Robust-Rail-NL/mathematical-models/local_search_plans_discreet_120/plan_31_trains_11_units17.json"
"/home/thomasverwaal/Robust-Rail-NL/mathematical-models/scenarios_solver_types_120/scenario_solver_31_trains_11_units17.json","Cost of next node: Cost = 225.0 : 291.28 | cr=3, dd=0, da=0, tlv=13, sm=64, rd=86.25, cd=0, um=0","Time elapsed: 122.43 seconds","/home/thomasverwaal/Robust-Rail-NL/mathematical-models/local_search_plans_discreet_120/plan_31_trains_11_units17.json"
"/home/thomasverwaal/Robust-Rail-NL/mathematical-models/scenarios_solver_types_120/scenario_solver_31_trains_11_units17.json","Cost of next node: Cost = 205.0 : 271.28 | cr=1, dd=0, da=0, tlv=13, sm=64, rd=84.38, cd=0, um=0","Time elapsed: 123.70 seconds","/home/thomasverwaal/Robust-Rail-NL/mathematical-models/local_search_plans_discreet_120/plan_31_trains_11_units17.json"
"/home/thomasverwaal/Robust-Rail-NL/mathematical-models/scenarios_solver_types_120/scenario_solver_31_trains_11_units17.json","Cost of next node: Cost = 200.0 : 261.30 | cr=2, dd=0, da=0, tlv=12, sm=65, rd=84.92, cd=0, um=0","Time elapsed: 124.66 seconds","/home/thomasverwaal/Robust-Rail-NL/mathematical-models/local_search_plans_discreet_120/plan_31_trains_11_units17.json"
"/home/thomasverwaal/Robust-Rail-NL/mathematical-models/scenarios_solver_types_120/scenario_solver_31_trains_11_units17.json","Cost of next node: Cost = 195.0 : 261.30 | cr=0, dd=0, da=0, tlv=13, sm=65, rd=79.38, cd=0, um=0","Time elapsed: 125.73 seconds","/home/thomasverwaal/Robust-Rail-NL/mathematical-models/local_search_plans_discreet_120/plan_31_trains_11_units17.json"
"/home/thomasverwaal/Robust-Rail-NL/mathematical-models/scenarios_solver_types_120/scenario_solver_31_trains_11_units17.json","NO_COST_FOUND","NO_TIME_FOUND","NO_PLAN_CREATED"
"/home/thomasverwaal/Robust-Rail-NL/mathematical-models/scenarios_solver_types_120/scenario_solver_31_trains_11_units18.json","Cost of next node: Cost = 2,621.6 : 2,622.85 | cr=37, dd=31, da=29, tlv=0, sm=62, rd=176.13, cd=0, um=0","Time elapsed: 6.63 seconds","/home/thomasverwaal/Robust-Rail-NL/mathematical-models/local_search_plans_discreet_120/plan_31_trains_11_units18.json"
"/home/thomasverwaal/Robust-Rail-NL/mathematical-models/scenarios_solver_types_120/scenario_solver_31_trains_11_units18.json","Cost of next node: Cost = 2,596.5 : 2,602.72 | cr=37, dd=31, da=28, tlv=1, sm=62, rd=173.23, cd=0, um=0","Time elapsed: 6.68 seconds","/home/thomasverwaal/Robust-Rail-NL/mathematical-models/local_search_plans_discreet_120/plan_31_trains_11_units18.json"
"/home/thomasverwaal/Robust-Rail-NL/mathematical-models/scenarios_solver_types_120/scenario_solver_31_trains_11_units18.json","Cost of next node: Cost = 2,569.6 : 2,570.84 | cr=36, dd=31, da=28, tlv=0, sm=62, rd=171.29, cd=0, um=0","Time elapsed: 6.85 seconds","/home/thomasverwaal/Robust-Rail-NL/mathematical-models/local_search_plans_discreet_120/plan_31_trains_11_units18.json"
"/home/thomasverwaal/Robust-Rail-NL/mathematical-models/scenarios_solver_types_120/scenario_solver_31_trains_11_units18.json","Cost of next node: Cost = 2,505.5 : 2,506.72 | cr=35, dd=31, da=26, tlv=0, sm=62, rd=164.52, cd=0, um=0","Time elapsed: 6.94 seconds","/home/thomasverwaal/Robust-Rail-NL/mathematical-models/local_search_plans_discreet_120/plan_31_trains_11_units18.json"
"/home/thomasverwaal/Robust-Rail-NL/mathematical-models/scenarios_solver_types_120/scenario_solver_31_trains_11_units18.json","Cost of next node: Cost = 2,415.7 : 2,421.98 | cr=34, dd=31, da=21, tlv=1, sm=62, rd=160.65, cd=0, um=0","Time elapsed: 7.02 seconds","/home/thomasverwaal/Robust-Rail-NL/mathematical-models/local_search_plans_discreet_120/plan_31_trains_11_units18.json"
"/home/thomasverwaal/Robust-Rail-NL/mathematical-models/scenarios_solver_types_120/scenario_solver_31_trains_11_units18.json","Cost of next node: Cost = 2,280.1 : 2,291.32 | cr=33, dd=31, da=14, tlv=2, sm=62, rd=155.81, cd=0, um=0","Time elapsed: 7.11 seconds","/home/thomasverwaal/Robust-Rail-NL/mathematical-models/local_search_plans_discreet_120/plan_31_trains_11_units18.json"
"/home/thomasverwaal/Robust-Rail-NL/mathematical-models/scenarios_solver_types_120/scenario_solver_31_trains_11_units18.json","Cost of next node: Cost = 2,236.7 : 2,252.95 | cr=33, dd=31, da=11, tlv=3, sm=62, rd=151.94, cd=0, um=0","Time elapsed: 7.20 seconds","/home/thomasverwaal/Robust-Rail-NL/mathematical-models/local_search_plans_discreet_120/plan_31_trains_11_units18.json"
"/home/thomasverwaal/Robust-Rail-NL/mathematical-models/scenarios_solver_types_120/scenario_solver_31_trains_11_units18.json","Cost of next node: Cost = 2,210.0 : 2,231.24 | cr=32, dd=31, da=10, tlv=4, sm=62, rd=145.16, cd=0, um=0","Time elapsed: 7.67 seconds","/home/thomasverwaal/Robust-Rail-NL/mathematical-models/local_search_plans_discreet_120/plan_31_trains_11_units18.json"
"/home/thomasverwaal/Robust-Rail-NL/mathematical-models/scenarios_solver_types_120/scenario_solver_31_trains_11_units18.json","Cost of next node: Cost = 2,187.6 : 2,213.88 | cr=31, dd=31, da=10, tlv=5, sm=62, rd=137.42, cd=0, um=0","Time elapsed: 8.12 seconds","/home/thomasverwaal/Robust-Rail-NL/mathematical-models/local_search_plans_discreet_120/plan_31_trains_11_units18.json"
"/home/thomasverwaal/Robust-Rail-NL/mathematical-models/scenarios_solver_types_120/scenario_solver_31_trains_11_units18.json","Cost of next node: Cost = 2,159.4 : 2,190.63 | cr=29, dd=31, da=9, tlv=6, sm=62, rd=133.55, cd=0, um=0","Time elapsed: 8.55 seconds","/home/thomasverwaal/Robust-Rail-NL/mathematical-models/local_search_plans_discreet_120/plan_31_trains_11_units18.json"
"/home/thomasverwaal/Robust-Rail-NL/mathematical-models/scenarios_solver_types_120/scenario_solver_31_trains_11_units18.json","Cost of next node: Cost = 2,134.4 : 2,170.63 | cr=25, dd=31, da=9, tlv=7, sm=62, rd=133.55, cd=0, um=0","Time elapsed: 8.76 seconds","/home/thomasverwaal/Robust-Rail-NL/mathematical-models/local_search_plans_discreet_120/plan_31_trains_11_units18.json"
"/home/thomasverwaal/Robust-Rail-NL/mathematical-models/scenarios_solver_types_120/scenario_solver_31_trains_11_units18.json","Cost of next node: Cost = 2,111.9 : 2,148.19 | cr=23, dd=31, da=9, tlv=7, sm=62, rd=131.61, cd=0, um=0","Time elapsed: 9.07 seconds","/home/thomasverwaal/Robust-Rail-NL/mathematical-models/local_search_plans_discreet_120/plan_31_trains_11_units18.json"
"/home/thomasverwaal/Robust-Rail-NL/mathematical-models/scenarios_solver_types_120/scenario_solver_31_trains_11_units18.json","Cost of next node: Cost = 2,082.3 : 2,123.55 | cr=16, dd=31, da=9, tlv=8, sm=62, rd=137.42, cd=0, um=0","Time elapsed: 9.53 seconds","/home/thomasverwaal/Robust-Rail-NL/mathematical-models/local_search_plans_discreet_120/plan_31_trains_11_units18.json"
"/home/thomasverwaal/Robust-Rail-NL/mathematical-models/scenarios_solver_types_120/scenario_solver_31_trains_11_units18.json","Cost of next node: Cost = 2,059.5 : 2,095.70 | cr=15, dd=31, da=9, tlv=7, sm=62, rd=139.35, cd=0, um=0","Time elapsed: 9.63 seconds","/home/thomasverwaal/Robust-Rail-NL/mathematical-models/local_search_plans_discreet_120/plan_31_trains_11_units18.json"
"/home/thomasverwaal/Robust-Rail-NL/mathematical-models/scenarios_solver_types_120/scenario_solver_31_trains_11_units18.json","Cost of next node: Cost = 2,036.2 : 2,077.40 | cr=14, dd=31, da=8, tlv=8, sm=62, rd=135.48, cd=0, um=0","Time elapsed: 10.14 seconds","/home/thomasverwaal/Robust-Rail-NL/mathematical-models/local_search_plans_discreet_120/plan_31_trains_11_units18.json"
"/home/thomasverwaal/Robust-Rail-NL/mathematical-models/scenarios_solver_types_120/scenario_solver_31_trains_11_units18.json","Cost of next node: Cost = 1,996.7 : 2,042.90 | cr=13, dd=31, da=7, tlv=9, sm=62, rd=127.74, cd=0, um=0","Time elapsed: 10.64 seconds","/home/thomasverwaal/Robust-Rail-NL/mathematical-models/local_search_plans_discreet_120/plan_31_trains_11_units18.json"
"/home/thomasverwaal/Robust-Rail-NL/mathematical-models/scenarios_solver_types_120/scenario_solver_31_trains_11_units18.json","Cost of next node: Cost = 1,914.8 : 1,966.08 | cr=17, dd=29, da=6, tlv=10, sm=62, rd=116.13, cd=0, um=0","Time elapsed: 11.24 seconds","/home/thomasverwaal/Robust-Rail-NL/mathematical-models/local_search_plans_discreet_120/plan_31_trains_11_units18.json"
"/home/thomasverwaal/Robust-Rail-NL/mathematical-models/scenarios_solver_types_120/scenario_solver_31_trains_11_units18.json","Cost of next node: Cost = 1,775.3 : 1,826.51 | cr=18, dd=26, da=6, tlv=10, sm=62, rd=114.19, cd=0, um=0","Time elapsed: 11.31 seconds","/home/thomasverwaal/Robust-Rail-NL/mathematical-models/local_search_plans_discreet_120/plan_31_trains_11_units18.json"
"/home/thomasverwaal/Robust-Rail-NL/mathematical-models/scenarios_solver_types_120/scenario_solver_31_trains_11_units18.json","Cost of next node: Cost = 1,749.5 : 1,805.77 | cr=19, dd=25, da=6, tlv=11, sm=62, rd=112.26, cd=0, um=0","Time elapsed: 11.50 seconds","/home/thomasverwaal/Robust-Rail-NL/mathematical-models/local_search_plans_discreet_120/plan_31_trains_11_units18.json"
"/home/thomasverwaal/Robust-Rail-NL/mathematical-models/scenarios_solver_types_120/scenario_solver_31_trains_11_units18.json","Cost of next node: Cost = 1,719.3 : 1,775.51 | cr=21, dd=24, da=6, tlv=11, sm=62, rd=112.26, cd=0, um=0","Time elapsed: 11.70 seconds","/home/thomasverwaal/Robust-Rail-NL/mathematical-models/local_search_plans_discreet_120/plan_31_trains_11_units18.json"
"/home/thomasverwaal/Robust-Rail-NL/mathematical-models/scenarios_solver_types_120/scenario_solver_31_trains_11_units18.json","Cost of next node: Cost = 1,689.3 : 1,745.51 | cr=18, dd=24, da=6, tlv=11, sm=62, rd=114.19, cd=0, um=0","Time elapsed: 11.94 seconds","/home/thomasverwaal/Robust-Rail-NL/mathematical-models/local_search_plans_discreet_120/plan_31_trains_11_units18.json"
"/home/thomasverwaal/Robust-Rail-NL/mathematical-models/scenarios_solver_types_120/scenario_solver_31_trains_11_units18.json","Cost of next node: Cost = 1,580.2 : 1,641.42 | cr=18, dd=22, da=5, tlv=12, sm=62, rd=112.26, cd=0, um=0","Time elapsed: 12.10 seconds","/home/thomasverwaal/Robust-Rail-NL/mathematical-models/local_search_plans_discreet_120/plan_31_trains_11_units18.json"
"/home/thomasverwaal/Robust-Rail-NL/mathematical-models/scenarios_solver_types_120/scenario_solver_31_trains_11_units18.json","Cost of next node: Cost = 1,544.7 : 1,610.96 | cr=18, dd=21, da=5, tlv=13, sm=62, rd=110.32, cd=0, um=0","Time elapsed: 12.29 seconds","/home/thomasverwaal/Robust-Rail-NL/mathematical-models/local_search_plans_discreet_120/plan_31_trains_11_units18.json"
"/home/thomasverwaal/Robust-Rail-NL/mathematical-models/scenarios_solver_types_120/scenario_solver_31_trains_11_units18.json","Cost of next node: Cost = 1,500.7 : 1,571.94 | cr=19, dd=20, da=4, tlv=14, sm=62, rd=104.52, cd=0, um=0","Time elapsed: 12.64 seconds","/home/thomasverwaal/Robust-Rail-NL/mathematical-models/local_search_plans_discreet_120/plan_31_trains_11_units18.json"
"/home/thomasverwaal/Robust-Rail-NL/mathematical-models/scenarios_solver_types_120/scenario_solver_31_trains_11_units18.json","Cost of next node: Cost = 1,446.8 : 1,518.03 | cr=18, dd=19, da=4, tlv=14, sm=62, rd=104.52, cd=0, um=0","Time elapsed: 12.76 seconds","/home/thomasverwaal/Robust-Rail-NL/mathematical-models/local_search_plans_discreet_120/plan_31_trains_11_units18.json"
"/home/thomasverwaal/Robust-Rail-NL/mathematical-models/scenarios_solver_types_120/scenario_solver_31_trains_11_units18.json","Cost of next node: Cost = 1,392.0 : 1,463.27 | cr=17, dd=18, da=4, tlv=14, sm=62, rd=104.52, cd=0, um=0","Time elapsed: 12.89 seconds","/home/thomasverwaal/Robust-Rail-NL/mathematical-models/local_search_plans_discreet_120/plan_31_trains_11_units18.json"
"/home/thomasverwaal/Robust-Rail-NL/mathematical-models/scenarios_solver_types_120/scenario_solver_31_trains_11_units18.json","Cost of next node: Cost = 1,311.4 : 1,387.59 | cr=15, dd=17, da=3, tlv=15, sm=62, rd=100.65, cd=0, um=0","Time elapsed: 13.30 seconds","/home/thomasverwaal/Robust-Rail-NL/mathematical-models/local_search_plans_discreet_120/plan_31_trains_11_units18.json"
"/home/thomasverwaal/Robust-Rail-NL/mathematical-models/scenarios_solver_types_120/scenario_solver_31_trains_11_units18.json","Cost of next node: Cost = 832.7 : 913.91 | cr=14, dd=8, da=2, tlv=16, sm=62, rd=90.97, cd=0, um=0","Time elapsed: 13.72 seconds","/home/thomasverwaal/Robust-Rail-NL/mathematical-models/local_search_plans_discreet_120/plan_31_trains_11_units18.json"
"/home/thomasverwaal/Robust-Rail-NL/mathematical-models/scenarios_solver_types_120/scenario_solver_31_trains_11_units18.json","Cost of next node: Cost = 774.7 : 860.93 | cr=17, dd=6, da=2, tlv=17, sm=62, rd=87.10, cd=0, um=0","Time elapsed: 13.95 seconds","/home/thomasverwaal/Robust-Rail-NL/mathematical-models/local_search_plans_discreet_120/plan_31_trains_11_units18.json"
"/home/thomasverwaal/Robust-Rail-NL/mathematical-models/scenarios_solver_types_120/scenario_solver_31_trains_11_units18.json","Cost of next node: Cost = 574.6 : 665.84 | cr=16, dd=2, da=2, tlv=18, sm=62, rd=79.35, cd=0, um=0","Time elapsed: 14.35 seconds","/home/thomasverwaal/Robust-Rail-NL/mathematical-models/local_search_plans_discreet_120/plan_31_trains_11_units18.json"
"/home/thomasverwaal/Robust-Rail-NL/mathematical-models/scenarios_solver_types_120/scenario_solver_31_trains_11_units18.json","Cost of next node: Cost = 559.6 : 645.84 | cr=16, dd=2, da=2, tlv=17, sm=62, rd=79.35, cd=0, um=0","Time elapsed: 19.91 seconds","/home/thomasverwaal/Robust-Rail-NL/mathematical-models/local_search_plans_discreet_120/plan_31_trains_11_units18.json"
"/home/thomasverwaal/Robust-Rail-NL/mathematical-models/scenarios_solver_types_120/scenario_solver_31_trains_11_units18.json","Cost of next node: Cost = 440.0 : 531.24 | cr=17, dd=0, da=0, tlv=18, sm=62, rd=73.55, cd=0, um=0","Time elapsed: 20.30 seconds","/home/thomasverwaal/Robust-Rail-NL/mathematical-models/local_search_plans_discreet_120/plan_31_trains_11_units18.json"
"/home/thomasverwaal/Robust-Rail-NL/mathematical-models/scenarios_solver_types_120/scenario_solver_31_trains_11_units18.json","Cost of next node: Cost = 425.0 : 511.24 | cr=17, dd=0, da=0, tlv=17, sm=62, rd=75.48, cd=0, um=0","Time elapsed: 25.25 seconds","/home/thomasverwaal/Robust-Rail-NL/mathematical-models/local_search_plans_discreet_120/plan_31_trains_11_units18.json"
"/home/thomasverwaal/Robust-Rail-NL/mathematical-models/scenarios_solver_types_120/scenario_solver_31_trains_11_units18.json","Cost of next node: Cost = 400.0 : 481.24 | cr=16, dd=0, da=0, tlv=16, sm=62, rd=75.48, cd=0, um=0","Time elapsed: 25.55 seconds","/home/thomasverwaal/Robust-Rail-NL/mathematical-models/local_search_plans_discreet_120/plan_31_trains_11_units18.json"
"/home/thomasverwaal/Robust-Rail-NL/mathematical-models/scenarios_solver_types_120/scenario_solver_31_trains_11_units18.json","Cost of next node: Cost = 385.0 : 461.24 | cr=16, dd=0, da=0, tlv=15, sm=62, rd=77.42, cd=0, um=0","Time elapsed: 29.71 seconds","/home/thomasverwaal/Robust-Rail-NL/mathematical-models/local_search_plans_discreet_120/plan_31_trains_11_units18.json"
"/home/thomasverwaal/Robust-Rail-NL/mathematical-models/scenarios_solver_types_120/scenario_solver_31_trains_11_units18.json","Cost of next node: Cost = 370.0 : 441.24 | cr=16, dd=0, da=0, tlv=14, sm=62, rd=79.35, cd=0, um=0","Time elapsed: 33.12 seconds","/home/thomasverwaal/Robust-Rail-NL/mathematical-models/local_search_plans_discreet_120/plan_31_trains_11_units18.json"
"/home/thomasverwaal/Robust-Rail-NL/mathematical-models/scenarios_solver_types_120/scenario_solver_31_trains_11_units18.json","Cost of next node: Cost = 360.0 : 431.24 | cr=15, dd=0, da=0, tlv=14, sm=62, rd=79.35, cd=0, um=0","Time elapsed: 36.01 seconds","/home/thomasverwaal/Robust-Rail-NL/mathematical-models/local_search_plans_discreet_120/plan_31_trains_11_units18.json"
"/home/thomasverwaal/Robust-Rail-NL/mathematical-models/scenarios_solver_types_120/scenario_solver_31_trains_11_units18.json","Cost of next node: Cost = 350.0 : 421.24 | cr=14, dd=0, da=0, tlv=14, sm=62, rd=79.35, cd=0, um=0","Time elapsed: 39.08 seconds","/home/thomasverwaal/Robust-Rail-NL/mathematical-models/local_search_plans_discreet_120/plan_31_trains_11_units18.json"
"/home/thomasverwaal/Robust-Rail-NL/mathematical-models/scenarios_solver_types_120/scenario_solver_31_trains_11_units18.json","Cost of next node: Cost = 340.0 : 411.24 | cr=13, dd=0, da=0, tlv=14, sm=62, rd=79.35, cd=0, um=0","Time elapsed: 41.66 seconds","/home/thomasverwaal/Robust-Rail-NL/mathematical-models/local_search_plans_discreet_120/plan_31_trains_11_units18.json"
"/home/thomasverwaal/Robust-Rail-NL/mathematical-models/scenarios_solver_types_120/scenario_solver_31_trains_11_units18.json","Cost of next node: Cost = 330.0 : 401.24 | cr=12, dd=0, da=0, tlv=14, sm=62, rd=79.35, cd=0, um=0","Time elapsed: 43.67 seconds","/home/thomasverwaal/Robust-Rail-NL/mathematical-models/local_search_plans_discreet_120/plan_31_trains_11_units18.json"
"/home/thomasverwaal/Robust-Rail-NL/mathematical-models/scenarios_solver_types_120/scenario_solver_31_trains_11_units18.json","Cost of next node: Cost = 315.0 : 381.24 | cr=12, dd=0, da=0, tlv=13, sm=62, rd=81.29, cd=0, um=0","Time elapsed: 45.37 seconds","/home/thomasverwaal/Robust-Rail-NL/mathematical-models/local_search_plans_discreet_120/plan_31_trains_11_units18.json"
"/home/thomasverwaal/Robust-Rail-NL/mathematical-models/scenarios_solver_types_120/scenario_solver_31_trains_11_units18.json","Cost of next node: Cost = 305.0 : 371.24 | cr=11, dd=0, da=0, tlv=13, sm=62, rd=81.29, cd=0, um=0","Time elapsed: 47.27 seconds","/home/thomasverwaal/Robust-Rail-NL/mathematical-models/local_search_plans_discreet_120/plan_31_trains_11_units18.json"
"/home/thomasverwaal/Robust-Rail-NL/mathematical-models/scenarios_solver_types_120/scenario_solver_31_trains_11_units18.json","Cost of next node: Cost = 295.0 : 361.24 | cr=10, dd=0, da=0, tlv=13, sm=62, rd=81.29, cd=0, um=0","Time elapsed: 48.82 seconds","/home/thomasverwaal/Robust-Rail-NL/mathematical-models/local_search_plans_discreet_120/plan_31_trains_11_units18.json"
"/home/thomasverwaal/Robust-Rail-NL/mathematical-models/scenarios_solver_types_120/scenario_solver_31_trains_11_units18.json","Cost of next node: Cost = 285.0 : 351.24 | cr=9, dd=0, da=0, tlv=13, sm=62, rd=81.29, cd=0, um=0","Time elapsed: 49.95 seconds","/home/thomasverwaal/Robust-Rail-NL/mathematical-models/local_search_plans_discreet_120/plan_31_trains_11_units18.json"
"/home/thomasverwaal/Robust-Rail-NL/mathematical-models/scenarios_solver_types_120/scenario_solver_31_trains_11_units18.json","Cost of next node: Cost = 275.0 : 341.24 | cr=8, dd=0, da=0, tlv=13, sm=62, rd=81.29, cd=0, um=0","Time elapsed: 51.04 seconds","/home/thomasverwaal/Robust-Rail-NL/mathematical-models/local_search_plans_discreet_120/plan_31_trains_11_units18.json"
"/home/thomasverwaal/Robust-Rail-NL/mathematical-models/scenarios_solver_types_120/scenario_solver_31_trains_11_units18.json","Cost of next node: Cost = 265.0 : 331.24 | cr=7, dd=0, da=0, tlv=13, sm=62, rd=81.29, cd=0, um=0","Time elapsed: 52.13 seconds","/home/thomasverwaal/Robust-Rail-NL/mathematical-models/local_search_plans_discreet_120/plan_31_trains_11_units18.json"
"/home/thomasverwaal/Robust-Rail-NL/mathematical-models/scenarios_solver_types_120/scenario_solver_31_trains_11_units18.json","Cost of next node: Cost = 255.0 : 321.24 | cr=6, dd=0, da=0, tlv=13, sm=62, rd=81.29, cd=0, um=0","Time elapsed: 53.01 seconds","/home/thomasverwaal/Robust-Rail-NL/mathematical-models/local_search_plans_discreet_120/plan_31_trains_11_units18.json"
"/home/thomasverwaal/Robust-Rail-NL/mathematical-models/scenarios_solver_types_120/scenario_solver_31_trains_11_units18.json","Cost of next node: Cost = 250.0 : 311.24 | cr=7, dd=0, da=0, tlv=12, sm=62, rd=83.23, cd=0, um=0","Time elapsed: 53.87 seconds","/home/thomasverwaal/Robust-Rail-NL/mathematical-models/local_search_plans_discreet_120/plan_31_trains_11_units18.json"
"/home/thomasverwaal/Robust-Rail-NL/mathematical-models/scenarios_solver_types_120/scenario_solver_31_trains_11_units18.json","Cost of next node: Cost = 240.0 : 301.24 | cr=6, dd=0, da=0, tlv=12, sm=62, rd=83.23, cd=0, um=0","Time elapsed: 71.62 seconds","/home/thomasverwaal/Robust-Rail-NL/mathematical-models/local_search_plans_discreet_120/plan_31_trains_11_units18.json"
"/home/thomasverwaal/Robust-Rail-NL/mathematical-models/scenarios_solver_types_120/scenario_solver_31_trains_11_units18.json","Cost of next node: Cost = 235.0 : 301.24 | cr=4, dd=0, da=0, tlv=13, sm=62, rd=79.35, cd=0, um=0","Time elapsed: 72.70 seconds","/home/thomasverwaal/Robust-Rail-NL/mathematical-models/local_search_plans_discreet_120/plan_31_trains_11_units18.json"
"/home/thomasverwaal/Robust-Rail-NL/mathematical-models/scenarios_solver_types_120/scenario_solver_31_trains_11_units18.json","NO_COST_FOUND","NO_TIME_FOUND","NO_PLAN_CREATED"
