scenario,cost_line,time_line,plan_file
"/home/thomasverwaal/Robust-Rail-NL/mathematical-models/scenarios_solver_types_120/scenario_solver_33_trains_11_units14.json","Cost of next node: Cost = 2,913.7 : 2,915.03 | cr=50, dd=33, da=31, tlv=0, sm=66, rd=182.73, cd=0, um=0","Time elapsed: 4.26 seconds","/home/thomasverwaal/Robust-Rail-NL/mathematical-models/local_search_plans_discreet_120/plan_33_trains_11_units14.json"
"/home/thomasverwaal/Robust-Rail-NL/mathematical-models/scenarios_solver_types_120/scenario_solver_33_trains_11_units14.json","Cost of next node: Cost = 2,891.5 : 2,892.83 | cr=48, dd=33, da=31, tlv=0, sm=66, rd=183.64, cd=0, um=0","Time elapsed: 4.40 seconds","/home/thomasverwaal/Robust-Rail-NL/mathematical-models/local_search_plans_discreet_120/plan_33_trains_11_units14.json"
"/home/thomasverwaal/Robust-Rail-NL/mathematical-models/scenarios_solver_types_120/scenario_solver_33_trains_11_units14.json","Cost of next node: Cost = 2,869.8 : 2,871.15 | cr=46, dd=33, da=31, tlv=0, sm=66, rd=183.64, cd=0, um=0","Time elapsed: 4.46 seconds","/home/thomasverwaal/Robust-Rail-NL/mathematical-models/local_search_plans_discreet_120/plan_33_trains_11_units14.json"
"/home/thomasverwaal/Robust-Rail-NL/mathematical-models/scenarios_solver_types_120/scenario_solver_33_trains_11_units14.json","Cost of next node: Cost = 2,823.7 : 2,830.03 | cr=44, dd=33, da=30, tlv=1, sm=66, rd=180.91, cd=0, um=0","Time elapsed: 4.53 seconds","/home/thomasverwaal/Robust-Rail-NL/mathematical-models/local_search_plans_discreet_120/plan_33_trains_11_units14.json"
"/home/thomasverwaal/Robust-Rail-NL/mathematical-models/scenarios_solver_types_120/scenario_solver_33_trains_11_units14.json","Cost of next node: Cost = 2,719.5 : 2,725.79 | cr=43, dd=33, da=26, tlv=1, sm=66, rd=174.55, cd=0, um=0","Time elapsed: 4.70 seconds","/home/thomasverwaal/Robust-Rail-NL/mathematical-models/local_search_plans_discreet_120/plan_33_trains_11_units14.json"
"/home/thomasverwaal/Robust-Rail-NL/mathematical-models/scenarios_solver_types_120/scenario_solver_33_trains_11_units14.json","Cost of next node: Cost = 2,650.5 : 2,661.81 | cr=40, dd=33, da=23, tlv=2, sm=66, rd=171.82, cd=0, um=0","Time elapsed: 4.83 seconds","/home/thomasverwaal/Robust-Rail-NL/mathematical-models/local_search_plans_discreet_120/plan_33_trains_11_units14.json"
"/home/thomasverwaal/Robust-Rail-NL/mathematical-models/scenarios_solver_types_120/scenario_solver_33_trains_11_units14.json","Cost of next node: Cost = 2,597.1 : 2,608.46 | cr=42, dd=33, da=19, tlv=2, sm=66, rd=174.55, cd=0, um=0","Time elapsed: 4.96 seconds","/home/thomasverwaal/Robust-Rail-NL/mathematical-models/local_search_plans_discreet_120/plan_33_trains_11_units14.json"
"/home/thomasverwaal/Robust-Rail-NL/mathematical-models/scenarios_solver_types_120/scenario_solver_33_trains_11_units14.json","Cost of next node: Cost = 2,573.2 : 2,584.49 | cr=40, dd=33, da=19, tlv=2, sm=66, rd=173.64, cd=0, um=0","Time elapsed: 5.08 seconds","/home/thomasverwaal/Robust-Rail-NL/mathematical-models/local_search_plans_discreet_120/plan_33_trains_11_units14.json"
"/home/thomasverwaal/Robust-Rail-NL/mathematical-models/scenarios_solver_types_120/scenario_solver_33_trains_11_units14.json","Cost of next node: Cost = 2,524.3 : 2,540.64 | cr=38, dd=33, da=17, tlv=3, sm=66, rd=170.00, cd=0, um=0","Time elapsed: 5.17 seconds","/home/thomasverwaal/Robust-Rail-NL/mathematical-models/local_search_plans_discreet_120/plan_33_trains_11_units14.json"
"/home/thomasverwaal/Robust-Rail-NL/mathematical-models/scenarios_solver_types_120/scenario_solver_33_trains_11_units14.json","Cost of next node: Cost = 2,499.3 : 2,515.66 | cr=42, dd=33, da=14, tlv=3, sm=66, rd=161.82, cd=0, um=0","Time elapsed: 5.26 seconds","/home/thomasverwaal/Robust-Rail-NL/mathematical-models/local_search_plans_discreet_120/plan_33_trains_11_units14.json"
"/home/thomasverwaal/Robust-Rail-NL/mathematical-models/scenarios_solver_types_120/scenario_solver_33_trains_11_units14.json","Cost of next node: Cost = 2,450.2 : 2,471.54 | cr=35, dd=33, da=14, tlv=4, sm=66, rd=170.91, cd=0, um=0","Time elapsed: 5.51 seconds","/home/thomasverwaal/Robust-Rail-NL/mathematical-models/local_search_plans_discreet_120/plan_33_trains_11_units14.json"
"/home/thomasverwaal/Robust-Rail-NL/mathematical-models/scenarios_solver_types_120/scenario_solver_33_trains_11_units14.json","Cost of next node: Cost = 2,389.7 : 2,416.07 | cr=28, dd=33, da=14, tlv=5, sm=66, rd=169.09, cd=0, um=0","Time elapsed: 5.93 seconds","/home/thomasverwaal/Robust-Rail-NL/mathematical-models/local_search_plans_discreet_120/plan_33_trains_11_units14.json"
"/home/thomasverwaal/Robust-Rail-NL/mathematical-models/scenarios_solver_types_120/scenario_solver_33_trains_11_units14.json","Cost of next node: Cost = 2,366.5 : 2,392.87 | cr=28, dd=33, da=13, tlv=5, sm=66, rd=163.64, cd=0, um=0","Time elapsed: 6.25 seconds","/home/thomasverwaal/Robust-Rail-NL/mathematical-models/local_search_plans_discreet_120/plan_33_trains_11_units14.json"
"/home/thomasverwaal/Robust-Rail-NL/mathematical-models/scenarios_solver_types_120/scenario_solver_33_trains_11_units14.json","Cost of next node: Cost = 2,321.5 : 2,352.87 | cr=22, dd=33, da=13, tlv=6, sm=66, rd=163.64, cd=0, um=0","Time elapsed: 6.84 seconds","/home/thomasverwaal/Robust-Rail-NL/mathematical-models/local_search_plans_discreet_120/plan_33_trains_11_units14.json"
"/home/thomasverwaal/Robust-Rail-NL/mathematical-models/scenarios_solver_types_120/scenario_solver_33_trains_11_units14.json","Cost of next node: Cost = 2,294.4 : 2,325.71 | cr=22, dd=33, da=12, tlv=6, sm=66, rd=160.00, cd=0, um=0","Time elapsed: 7.46 seconds","/home/thomasverwaal/Robust-Rail-NL/mathematical-models/local_search_plans_discreet_120/plan_33_trains_11_units14.json"
"/home/thomasverwaal/Robust-Rail-NL/mathematical-models/scenarios_solver_types_120/scenario_solver_33_trains_11_units14.json","Cost of next node: Cost = 2,273.3 : 2,309.62 | cr=23, dd=33, da=11, tlv=7, sm=66, rd=146.36, cd=0, um=0","Time elapsed: 8.09 seconds","/home/thomasverwaal/Robust-Rail-NL/mathematical-models/local_search_plans_discreet_120/plan_33_trains_11_units14.json"
"/home/thomasverwaal/Robust-Rail-NL/mathematical-models/scenarios_solver_types_120/scenario_solver_33_trains_11_units14.json","Cost of next node: Cost = 2,251.0 : 2,292.28 | cr=23, dd=33, da=10, tlv=8, sm=66, rd=139.09, cd=0, um=0","Time elapsed: 8.83 seconds","/home/thomasverwaal/Robust-Rail-NL/mathematical-models/local_search_plans_discreet_120/plan_33_trains_11_units14.json"
"/home/thomasverwaal/Robust-Rail-NL/mathematical-models/scenarios_solver_types_120/scenario_solver_33_trains_11_units14.json","Cost of next node: Cost = 2,228.1 : 2,274.40 | cr=23, dd=33, da=8, tlv=9, sm=66, rd=141.82, cd=0, um=0","Time elapsed: 9.08 seconds","/home/thomasverwaal/Robust-Rail-NL/mathematical-models/local_search_plans_discreet_120/plan_33_trains_11_units14.json"
"/home/thomasverwaal/Robust-Rail-NL/mathematical-models/scenarios_solver_types_120/scenario_solver_33_trains_11_units14.json","Cost of next node: Cost = 2,203.7 : 2,249.99 | cr=21, dd=33, da=8, tlv=9, sm=66, rd=141.82, cd=0, um=0","Time elapsed: 9.40 seconds","/home/thomasverwaal/Robust-Rail-NL/mathematical-models/local_search_plans_discreet_120/plan_33_trains_11_units14.json"
"/home/thomasverwaal/Robust-Rail-NL/mathematical-models/scenarios_solver_types_120/scenario_solver_33_trains_11_units14.json","Cost of next node: Cost = 1,972.0 : 2,023.37 | cr=20, dd=29, da=7, tlv=10, sm=66, rd=132.73, cd=0, um=0","Time elapsed: 9.66 seconds","/home/thomasverwaal/Robust-Rail-NL/mathematical-models/local_search_plans_discreet_120/plan_33_trains_11_units14.json"
"/home/thomasverwaal/Robust-Rail-NL/mathematical-models/scenarios_solver_types_120/scenario_solver_33_trains_11_units14.json","Cost of next node: Cost = 1,874.6 : 1,925.95 | cr=20, dd=27, da=7, tlv=10, sm=66, rd=132.73, cd=0, um=0","Time elapsed: 9.78 seconds","/home/thomasverwaal/Robust-Rail-NL/mathematical-models/local_search_plans_discreet_120/plan_33_trains_11_units14.json"
"/home/thomasverwaal/Robust-Rail-NL/mathematical-models/scenarios_solver_types_120/scenario_solver_33_trains_11_units14.json","Cost of next node: Cost = 1,844.6 : 1,895.95 | cr=17, dd=27, da=7, tlv=10, sm=66, rd=132.73, cd=0, um=0","Time elapsed: 10.02 seconds","/home/thomasverwaal/Robust-Rail-NL/mathematical-models/local_search_plans_discreet_120/plan_33_trains_11_units14.json"
"/home/thomasverwaal/Robust-Rail-NL/mathematical-models/scenarios_solver_types_120/scenario_solver_33_trains_11_units14.json","Cost of next node: Cost = 1,638.9 : 1,690.23 | cr=23, dd=22, da=7, tlv=10, sm=66, rd=120.00, cd=0, um=0","Time elapsed: 10.16 seconds","/home/thomasverwaal/Robust-Rail-NL/mathematical-models/local_search_plans_discreet_120/plan_33_trains_11_units14.json"
"/home/thomasverwaal/Robust-Rail-NL/mathematical-models/scenarios_solver_types_120/scenario_solver_33_trains_11_units14.json","Cost of next node: Cost = 1,589.4 : 1,640.73 | cr=23, dd=21, da=7, tlv=10, sm=66, rd=120.00, cd=0, um=0","Time elapsed: 10.38 seconds","/home/thomasverwaal/Robust-Rail-NL/mathematical-models/local_search_plans_discreet_120/plan_33_trains_11_units14.json"
"/home/thomasverwaal/Robust-Rail-NL/mathematical-models/scenarios_solver_types_120/scenario_solver_33_trains_11_units14.json","Cost of next node: Cost = 1,539.8 : 1,591.13 | cr=23, dd=20, da=7, tlv=10, sm=66, rd=120.00, cd=0, um=0","Time elapsed: 10.52 seconds","/home/thomasverwaal/Robust-Rail-NL/mathematical-models/local_search_plans_discreet_120/plan_33_trains_11_units14.json"
"/home/thomasverwaal/Robust-Rail-NL/mathematical-models/scenarios_solver_types_120/scenario_solver_33_trains_11_units14.json","Cost of next node: Cost = 1,441.4 : 1,492.69 | cr=23, dd=18, da=7, tlv=10, sm=66, rd=120.00, cd=0, um=0","Time elapsed: 10.75 seconds","/home/thomasverwaal/Robust-Rail-NL/mathematical-models/local_search_plans_discreet_120/plan_33_trains_11_units14.json"
"/home/thomasverwaal/Robust-Rail-NL/mathematical-models/scenarios_solver_types_120/scenario_solver_33_trains_11_units14.json","Cost of next node: Cost = 1,415.2 : 1,471.55 | cr=23, dd=18, da=5, tlv=11, sm=66, rd=116.36, cd=0, um=0","Time elapsed: 11.03 seconds","/home/thomasverwaal/Robust-Rail-NL/mathematical-models/local_search_plans_discreet_120/plan_33_trains_11_units14.json"
"/home/thomasverwaal/Robust-Rail-NL/mathematical-models/scenarios_solver_types_120/scenario_solver_33_trains_11_units14.json","Cost of next node: Cost = 1,322.5 : 1,378.78 | cr=21, dd=17, da=4, tlv=11, sm=66, rd=111.82, cd=0, um=0","Time elapsed: 11.42 seconds","/home/thomasverwaal/Robust-Rail-NL/mathematical-models/local_search_plans_discreet_120/plan_33_trains_11_units14.json"
"/home/thomasverwaal/Robust-Rail-NL/mathematical-models/scenarios_solver_types_120/scenario_solver_33_trains_11_units14.json","Cost of next node: Cost = 1,286.8 : 1,348.16 | cr=23, dd=16, da=3, tlv=12, sm=66, rd=108.18, cd=0, um=0","Time elapsed: 11.77 seconds","/home/thomasverwaal/Robust-Rail-NL/mathematical-models/local_search_plans_discreet_120/plan_33_trains_11_units14.json"
"/home/thomasverwaal/Robust-Rail-NL/mathematical-models/scenarios_solver_types_120/scenario_solver_33_trains_11_units14.json","Cost of next node: Cost = 1,086.4 : 1,152.77 | cr=24, dd=12, da=2, tlv=13, sm=66, rd=100.00, cd=0, um=0","Time elapsed: 12.18 seconds","/home/thomasverwaal/Robust-Rail-NL/mathematical-models/local_search_plans_discreet_120/plan_33_trains_11_units14.json"
"/home/thomasverwaal/Robust-Rail-NL/mathematical-models/scenarios_solver_types_120/scenario_solver_33_trains_11_units14.json","Cost of next node: Cost = 1,047.6 : 1,113.92 | cr=25, dd=11, da=2, tlv=13, sm=66, rd=100.00, cd=0, um=0","Time elapsed: 12.33 seconds","/home/thomasverwaal/Robust-Rail-NL/mathematical-models/local_search_plans_discreet_120/plan_33_trains_11_units14.json"
"/home/thomasverwaal/Robust-Rail-NL/mathematical-models/scenarios_solver_types_120/scenario_solver_33_trains_11_units14.json","Cost of next node: Cost = 1,003.2 : 1,074.55 | cr=26, dd=10, da=1, tlv=14, sm=66, rd=96.36, cd=0, um=0","Time elapsed: 12.80 seconds","/home/thomasverwaal/Robust-Rail-NL/mathematical-models/local_search_plans_discreet_120/plan_33_trains_11_units14.json"
"/home/thomasverwaal/Robust-Rail-NL/mathematical-models/scenarios_solver_types_120/scenario_solver_33_trains_11_units14.json","Cost of next node: Cost = 978.2 : 1,044.55 | cr=25, dd=10, da=1, tlv=13, sm=66, rd=94.55, cd=0, um=0","Time elapsed: 13.04 seconds","/home/thomasverwaal/Robust-Rail-NL/mathematical-models/local_search_plans_discreet_120/plan_33_trains_11_units14.json"
"/home/thomasverwaal/Robust-Rail-NL/mathematical-models/scenarios_solver_types_120/scenario_solver_33_trains_11_units14.json","Cost of next node: Cost = 555.0 : 626.32 | cr=24, dd=2, da=0, tlv=14, sm=66, rd=83.64, cd=0, um=0","Time elapsed: 13.52 seconds","/home/thomasverwaal/Robust-Rail-NL/mathematical-models/local_search_plans_discreet_120/plan_33_trains_11_units14.json"
"/home/thomasverwaal/Robust-Rail-NL/mathematical-models/scenarios_solver_types_120/scenario_solver_33_trains_11_units14.json","Cost of next node: Cost = 535.0 : 606.32 | cr=22, dd=2, da=0, tlv=14, sm=66, rd=83.64, cd=0, um=0","Time elapsed: 20.37 seconds","/home/thomasverwaal/Robust-Rail-NL/mathematical-models/local_search_plans_discreet_120/plan_33_trains_11_units14.json"
"/home/thomasverwaal/Robust-Rail-NL/mathematical-models/scenarios_solver_types_120/scenario_solver_33_trains_11_units14.json","Cost of next node: Cost = 496.5 : 572.82 | cr=22, dd=1, da=0, tlv=15, sm=66, rd=78.18, cd=0, um=0","Time elapsed: 20.76 seconds","/home/thomasverwaal/Robust-Rail-NL/mathematical-models/local_search_plans_discreet_120/plan_33_trains_11_units14.json"
"/home/thomasverwaal/Robust-Rail-NL/mathematical-models/scenarios_solver_types_120/scenario_solver_33_trains_11_units14.json","Cost of next node: Cost = 471.5 : 542.82 | cr=21, dd=1, da=0, tlv=14, sm=66, rd=80.00, cd=0, um=0","Time elapsed: 20.96 seconds","/home/thomasverwaal/Robust-Rail-NL/mathematical-models/local_search_plans_discreet_120/plan_33_trains_11_units14.json"
"/home/thomasverwaal/Robust-Rail-NL/mathematical-models/scenarios_solver_types_120/scenario_solver_33_trains_11_units14.json","Cost of next node: Cost = 451.5 : 522.82 | cr=19, dd=1, da=0, tlv=14, sm=66, rd=80.00, cd=0, um=0","Time elapsed: 27.71 seconds","/home/thomasverwaal/Robust-Rail-NL/mathematical-models/local_search_plans_discreet_120/plan_33_trains_11_units14.json"
"/home/thomasverwaal/Robust-Rail-NL/mathematical-models/scenarios_solver_types_120/scenario_solver_33_trains_11_units14.json","Cost of next node: Cost = 431.5 : 502.82 | cr=17, dd=1, da=0, tlv=14, sm=66, rd=80.00, cd=0, um=0","Time elapsed: 33.19 seconds","/home/thomasverwaal/Robust-Rail-NL/mathematical-models/local_search_plans_discreet_120/plan_33_trains_11_units14.json"
"/home/thomasverwaal/Robust-Rail-NL/mathematical-models/scenarios_solver_types_120/scenario_solver_33_trains_11_units14.json","Cost of next node: Cost = 421.5 : 492.82 | cr=16, dd=1, da=0, tlv=14, sm=66, rd=80.00, cd=0, um=0","Time elapsed: 38.18 seconds","/home/thomasverwaal/Robust-Rail-NL/mathematical-models/local_search_plans_discreet_120/plan_33_trains_11_units14.json"
"/home/thomasverwaal/Robust-Rail-NL/mathematical-models/scenarios_solver_types_120/scenario_solver_33_trains_11_units14.json","Cost of next node: Cost = 411.5 : 482.82 | cr=15, dd=1, da=0, tlv=14, sm=66, rd=80.00, cd=0, um=0","Time elapsed: 43.13 seconds","/home/thomasverwaal/Robust-Rail-NL/mathematical-models/local_search_plans_discreet_120/plan_33_trains_11_units14.json"
"/home/thomasverwaal/Robust-Rail-NL/mathematical-models/scenarios_solver_types_120/scenario_solver_33_trains_11_units14.json","Cost of next node: Cost = 396.5 : 472.84 | cr=12, dd=1, da=0, tlv=15, sm=67, rd=80.60, cd=0, um=0","Time elapsed: 47.77 seconds","/home/thomasverwaal/Robust-Rail-NL/mathematical-models/local_search_plans_discreet_120/plan_33_trains_11_units14.json"
"/home/thomasverwaal/Robust-Rail-NL/mathematical-models/scenarios_solver_types_120/scenario_solver_33_trains_11_units14.json","Cost of next node: Cost = 371.5 : 442.82 | cr=11, dd=1, da=0, tlv=14, sm=66, rd=80.00, cd=0, um=0","Time elapsed: 48.31 seconds","/home/thomasverwaal/Robust-Rail-NL/mathematical-models/local_search_plans_discreet_120/plan_33_trains_11_units14.json"
"/home/thomasverwaal/Robust-Rail-NL/mathematical-models/scenarios_solver_types_120/scenario_solver_33_trains_11_units14.json","Cost of next node: Cost = 361.5 : 432.82 | cr=10, dd=1, da=0, tlv=14, sm=66, rd=80.00, cd=0, um=0","Time elapsed: 52.28 seconds","/home/thomasverwaal/Robust-Rail-NL/mathematical-models/local_search_plans_discreet_120/plan_33_trains_11_units14.json"
"/home/thomasverwaal/Robust-Rail-NL/mathematical-models/scenarios_solver_types_120/scenario_solver_33_trains_11_units14.json","Cost of next node: Cost = 351.5 : 422.82 | cr=9, dd=1, da=0, tlv=14, sm=66, rd=80.00, cd=0, um=0","Time elapsed: 56.08 seconds","/home/thomasverwaal/Robust-Rail-NL/mathematical-models/local_search_plans_discreet_120/plan_33_trains_11_units14.json"
"/home/thomasverwaal/Robust-Rail-NL/mathematical-models/scenarios_solver_types_120/scenario_solver_33_trains_11_units14.json","Cost of next node: Cost = 341.5 : 412.82 | cr=8, dd=1, da=0, tlv=14, sm=66, rd=81.82, cd=0, um=0","Time elapsed: 59.76 seconds","/home/thomasverwaal/Robust-Rail-NL/mathematical-models/local_search_plans_discreet_120/plan_33_trains_11_units14.json"
"/home/thomasverwaal/Robust-Rail-NL/mathematical-models/scenarios_solver_types_120/scenario_solver_33_trains_11_units14.json","Cost of next node: Cost = 331.5 : 402.82 | cr=7, dd=1, da=0, tlv=14, sm=66, rd=81.82, cd=0, um=0","Time elapsed: 63.03 seconds","/home/thomasverwaal/Robust-Rail-NL/mathematical-models/local_search_plans_discreet_120/plan_33_trains_11_units14.json"
"/home/thomasverwaal/Robust-Rail-NL/mathematical-models/scenarios_solver_types_120/scenario_solver_33_trains_11_units14.json","Cost of next node: Cost = 321.5 : 392.82 | cr=6, dd=1, da=0, tlv=14, sm=66, rd=81.82, cd=0, um=0","Time elapsed: 65.68 seconds","/home/thomasverwaal/Robust-Rail-NL/mathematical-models/local_search_plans_discreet_120/plan_33_trains_11_units14.json"
"/home/thomasverwaal/Robust-Rail-NL/mathematical-models/scenarios_solver_types_120/scenario_solver_33_trains_11_units14.json","Cost of next node: Cost = 311.5 : 382.82 | cr=5, dd=1, da=0, tlv=14, sm=66, rd=81.82, cd=0, um=0","Time elapsed: 67.69 seconds","/home/thomasverwaal/Robust-Rail-NL/mathematical-models/local_search_plans_discreet_120/plan_33_trains_11_units14.json"
"/home/thomasverwaal/Robust-Rail-NL/mathematical-models/scenarios_solver_types_120/scenario_solver_33_trains_11_units14.json","Cost of next node: Cost = 301.5 : 372.82 | cr=4, dd=1, da=0, tlv=14, sm=66, rd=81.82, cd=0, um=0","Time elapsed: 69.38 seconds","/home/thomasverwaal/Robust-Rail-NL/mathematical-models/local_search_plans_discreet_120/plan_33_trains_11_units14.json"
"/home/thomasverwaal/Robust-Rail-NL/mathematical-models/scenarios_solver_types_120/scenario_solver_33_trains_11_units14.json","Cost of next node: Cost = 296.5 : 362.84 | cr=5, dd=1, da=0, tlv=13, sm=67, rd=84.18, cd=0, um=0","Time elapsed: 70.77 seconds","/home/thomasverwaal/Robust-Rail-NL/mathematical-models/local_search_plans_discreet_120/plan_33_trains_11_units14.json"
"/home/thomasverwaal/Robust-Rail-NL/mathematical-models/scenarios_solver_types_120/scenario_solver_33_trains_11_units14.json","Cost of next node: Cost = 260.0 : 331.34 | cr=5, dd=0, da=0, tlv=14, sm=67, rd=80.60, cd=0, um=0","Time elapsed: 70.95 seconds","/home/thomasverwaal/Robust-Rail-NL/mathematical-models/local_search_plans_discreet_120/plan_33_trains_11_units14.json"
"/home/thomasverwaal/Robust-Rail-NL/mathematical-models/scenarios_solver_types_120/scenario_solver_33_trains_11_units14.json","Cost of next node: Cost = 255.0 : 331.34 | cr=3, dd=0, da=0, tlv=15, sm=67, rd=78.81, cd=0, um=0","Time elapsed: 72.69 seconds","/home/thomasverwaal/Robust-Rail-NL/mathematical-models/local_search_plans_discreet_120/plan_33_trains_11_units14.json"
"/home/thomasverwaal/Robust-Rail-NL/mathematical-models/scenarios_solver_types_120/scenario_solver_33_trains_11_units14.json","Cost of next node: Cost = 240.0 : 311.36 | cr=3, dd=0, da=0, tlv=14, sm=68, rd=79.41, cd=0, um=0","Time elapsed: 74.62 seconds","/home/thomasverwaal/Robust-Rail-NL/mathematical-models/local_search_plans_discreet_120/plan_33_trains_11_units14.json"
"/home/thomasverwaal/Robust-Rail-NL/mathematical-models/scenarios_solver_types_120/scenario_solver_33_trains_11_units14.json","Cost of next node: Cost = 230.0 : 301.36 | cr=2, dd=0, da=0, tlv=14, sm=68, rd=79.41, cd=0, um=0","Time elapsed: 177.65 seconds","/home/thomasverwaal/Robust-Rail-NL/mathematical-models/local_search_plans_discreet_120/plan_33_trains_11_units14.json"
"/home/thomasverwaal/Robust-Rail-NL/mathematical-models/scenarios_solver_types_120/scenario_solver_33_trains_11_units14.json","NO_COST_FOUND","NO_TIME_FOUND","NO_PLAN_CREATED"
"/home/thomasverwaal/Robust-Rail-NL/mathematical-models/scenarios_solver_types_120/scenario_solver_33_trains_11_units15.json","Cost of next node: Cost = 2,808.4 : 2,809.75 | cr=41, dd=33, da=31, tlv=0, sm=66, rd=176.36, cd=0, um=0","Time elapsed: 4.23 seconds","/home/thomasverwaal/Robust-Rail-NL/mathematical-models/local_search_plans_discreet_120/plan_33_trains_11_units15.json"
"/home/thomasverwaal/Robust-Rail-NL/mathematical-models/scenarios_solver_types_120/scenario_solver_33_trains_11_units15.json","Cost of next node: Cost = 2,787.3 : 2,788.60 | cr=39, dd=33, da=31, tlv=0, sm=66, rd=176.36, cd=0, um=0","Time elapsed: 4.33 seconds","/home/thomasverwaal/Robust-Rail-NL/mathematical-models/local_search_plans_discreet_120/plan_33_trains_11_units15.json"
"/home/thomasverwaal/Robust-Rail-NL/mathematical-models/scenarios_solver_types_120/scenario_solver_33_trains_11_units15.json","Cost of next node: Cost = 2,762.2 : 2,768.51 | cr=39, dd=33, da=30, tlv=1, sm=66, rd=173.64, cd=0, um=0","Time elapsed: 4.42 seconds","/home/thomasverwaal/Robust-Rail-NL/mathematical-models/local_search_plans_discreet_120/plan_33_trains_11_units15.json"
"/home/thomasverwaal/Robust-Rail-NL/mathematical-models/scenarios_solver_types_120/scenario_solver_33_trains_11_units15.json","Cost of next node: Cost = 2,717.8 : 2,729.13 | cr=37, dd=33, da=28, tlv=2, sm=66, rd=172.73, cd=0, um=0","Time elapsed: 4.60 seconds","/home/thomasverwaal/Robust-Rail-NL/mathematical-models/local_search_plans_discreet_120/plan_33_trains_11_units15.json"
"/home/thomasverwaal/Robust-Rail-NL/mathematical-models/scenarios_solver_types_120/scenario_solver_33_trains_11_units15.json","Cost of next node: Cost = 2,654.9 : 2,666.24 | cr=37, dd=33, da=25, tlv=2, sm=66, rd=169.09, cd=0, um=0","Time elapsed: 4.69 seconds","/home/thomasverwaal/Robust-Rail-NL/mathematical-models/local_search_plans_discreet_120/plan_33_trains_11_units15.json"
"/home/thomasverwaal/Robust-Rail-NL/mathematical-models/scenarios_solver_types_120/scenario_solver_33_trains_11_units15.json","Cost of next node: Cost = 2,587.3 : 2,603.60 | cr=33, dd=33, da=23, tlv=3, sm=66, rd=167.27, cd=0, um=0","Time elapsed: 4.83 seconds","/home/thomasverwaal/Robust-Rail-NL/mathematical-models/local_search_plans_discreet_120/plan_33_trains_11_units15.json"
"/home/thomasverwaal/Robust-Rail-NL/mathematical-models/scenarios_solver_types_120/scenario_solver_33_trains_11_units15.json","Cost of next node: Cost = 2,538.7 : 2,560.00 | cr=31, dd=33, da=21, tlv=4, sm=66, rd=163.64, cd=0, um=0","Time elapsed: 4.91 seconds","/home/thomasverwaal/Robust-Rail-NL/mathematical-models/local_search_plans_discreet_120/plan_33_trains_11_units15.json"
"/home/thomasverwaal/Robust-Rail-NL/mathematical-models/scenarios_solver_types_120/scenario_solver_33_trains_11_units15.json","Cost of next node: Cost = 2,501.3 : 2,527.63 | cr=32, dd=33, da=18, tlv=5, sm=66, rd=158.18, cd=0, um=0","Time elapsed: 4.98 seconds","/home/thomasverwaal/Robust-Rail-NL/mathematical-models/local_search_plans_discreet_120/plan_33_trains_11_units15.json"
"/home/thomasverwaal/Robust-Rail-NL/mathematical-models/scenarios_solver_types_120/scenario_solver_33_trains_11_units15.json","Cost of next node: Cost = 2,454.6 : 2,475.90 | cr=40, dd=33, da=12, tlv=4, sm=66, rd=154.55, cd=0, um=0","Time elapsed: 5.24 seconds","/home/thomasverwaal/Robust-Rail-NL/mathematical-models/local_search_plans_discreet_120/plan_33_trains_11_units15.json"
"/home/thomasverwaal/Robust-Rail-NL/mathematical-models/scenarios_solver_types_120/scenario_solver_33_trains_11_units15.json","Cost of next node: Cost = 2,431.8 : 2,453.08 | cr=38, dd=33, da=12, tlv=4, sm=66, rd=152.73, cd=0, um=0","Time elapsed: 5.52 seconds","/home/thomasverwaal/Robust-Rail-NL/mathematical-models/local_search_plans_discreet_120/plan_33_trains_11_units15.json"
"/home/thomasverwaal/Robust-Rail-NL/mathematical-models/scenarios_solver_types_120/scenario_solver_33_trains_11_units15.json","Cost of next node: Cost = 2,410.4 : 2,436.75 | cr=34, dd=33, da=13, tlv=5, sm=66, rd=149.09, cd=0, um=0","Time elapsed: 5.78 seconds","/home/thomasverwaal/Robust-Rail-NL/mathematical-models/local_search_plans_discreet_120/plan_33_trains_11_units15.json"
"/home/thomasverwaal/Robust-Rail-NL/mathematical-models/scenarios_solver_types_120/scenario_solver_33_trains_11_units15.json","Cost of next node: Cost = 2,376.1 : 2,407.47 | cr=28, dd=33, da=13, tlv=6, sm=66, rd=150.91, cd=0, um=0","Time elapsed: 5.90 seconds","/home/thomasverwaal/Robust-Rail-NL/mathematical-models/local_search_plans_discreet_120/plan_33_trains_11_units15.json"
"/home/thomasverwaal/Robust-Rail-NL/mathematical-models/scenarios_solver_types_120/scenario_solver_33_trains_11_units15.json","Cost of next node: Cost = 2,350.8 : 2,387.13 | cr=28, dd=33, da=11, tlv=7, sm=66, rd=145.45, cd=0, um=0","Time elapsed: 6.20 seconds","/home/thomasverwaal/Robust-Rail-NL/mathematical-models/local_search_plans_discreet_120/plan_33_trains_11_units15.json"
"/home/thomasverwaal/Robust-Rail-NL/mathematical-models/scenarios_solver_types_120/scenario_solver_33_trains_11_units15.json","Cost of next node: Cost = 2,327.2 : 2,368.52 | cr=27, dd=33, da=11, tlv=8, sm=66, rd=138.18, cd=0, um=0","Time elapsed: 6.53 seconds","/home/thomasverwaal/Robust-Rail-NL/mathematical-models/local_search_plans_discreet_120/plan_33_trains_11_units15.json"
"/home/thomasverwaal/Robust-Rail-NL/mathematical-models/scenarios_solver_types_120/scenario_solver_33_trains_11_units15.json","Cost of next node: Cost = 2,306.3 : 2,347.64 | cr=24, dd=33, da=11, tlv=8, sm=66, rd=140.00, cd=0, um=0","Time elapsed: 6.92 seconds","/home/thomasverwaal/Robust-Rail-NL/mathematical-models/local_search_plans_discreet_120/plan_33_trains_11_units15.json"
"/home/thomasverwaal/Robust-Rail-NL/mathematical-models/scenarios_solver_types_120/scenario_solver_33_trains_11_units15.json","Cost of next node: Cost = 2,282.2 : 2,328.52 | cr=21, dd=33, da=11, tlv=9, sm=66, rd=138.18, cd=0, um=0","Time elapsed: 7.37 seconds","/home/thomasverwaal/Robust-Rail-NL/mathematical-models/local_search_plans_discreet_120/plan_33_trains_11_units15.json"
"/home/thomasverwaal/Robust-Rail-NL/mathematical-models/scenarios_solver_types_120/scenario_solver_33_trains_11_units15.json","Cost of next node: Cost = 2,261.1 : 2,312.45 | cr=21, dd=33, da=9, tlv=10, sm=66, rd=134.55, cd=0, um=0","Time elapsed: 7.77 seconds","/home/thomasverwaal/Robust-Rail-NL/mathematical-models/local_search_plans_discreet_120/plan_33_trains_11_units15.json"
"/home/thomasverwaal/Robust-Rail-NL/mathematical-models/scenarios_solver_types_120/scenario_solver_33_trains_11_units15.json","Cost of next node: Cost = 2,238.8 : 2,290.11 | cr=21, dd=33, da=9, tlv=10, sm=66, rd=130.91, cd=0, um=0","Time elapsed: 8.23 seconds","/home/thomasverwaal/Robust-Rail-NL/mathematical-models/local_search_plans_discreet_120/plan_33_trains_11_units15.json"
"/home/thomasverwaal/Robust-Rail-NL/mathematical-models/scenarios_solver_types_120/scenario_solver_33_trains_11_units15.json","Cost of next node: Cost = 2,148.9 : 2,205.17 | cr=22, dd=31, da=9, tlv=11, sm=66, rd=128.18, cd=0, um=0","Time elapsed: 8.96 seconds","/home/thomasverwaal/Robust-Rail-NL/mathematical-models/local_search_plans_discreet_120/plan_33_trains_11_units15.json"
"/home/thomasverwaal/Robust-Rail-NL/mathematical-models/scenarios_solver_types_120/scenario_solver_33_trains_11_units15.json","Cost of next node: Cost = 2,042.0 : 2,098.34 | cr=22, dd=29, da=9, tlv=11, sm=66, rd=121.82, cd=0, um=0","Time elapsed: 9.19 seconds","/home/thomasverwaal/Robust-Rail-NL/mathematical-models/local_search_plans_discreet_120/plan_33_trains_11_units15.json"
"/home/thomasverwaal/Robust-Rail-NL/mathematical-models/scenarios_solver_types_120/scenario_solver_33_trains_11_units15.json","Cost of next node: Cost = 2,006.2 : 2,067.52 | cr=22, dd=28, da=9, tlv=12, sm=66, rd=120.00, cd=0, um=0","Time elapsed: 9.37 seconds","/home/thomasverwaal/Robust-Rail-NL/mathematical-models/local_search_plans_discreet_120/plan_33_trains_11_units15.json"
"/home/thomasverwaal/Robust-Rail-NL/mathematical-models/scenarios_solver_types_120/scenario_solver_33_trains_11_units15.json","Cost of next node: Cost = 1,907.9 : 1,974.27 | cr=21, dd=26, da=9, tlv=13, sm=66, rd=120.91, cd=0, um=0","Time elapsed: 10.07 seconds","/home/thomasverwaal/Robust-Rail-NL/mathematical-models/local_search_plans_discreet_120/plan_33_trains_11_units15.json"
"/home/thomasverwaal/Robust-Rail-NL/mathematical-models/scenarios_solver_types_120/scenario_solver_33_trains_11_units15.json","Cost of next node: Cost = 1,771.5 : 1,837.82 | cr=23, dd=23, da=9, tlv=13, sm=66, rd=114.55, cd=0, um=0","Time elapsed: 10.25 seconds","/home/thomasverwaal/Robust-Rail-NL/mathematical-models/local_search_plans_discreet_120/plan_33_trains_11_units15.json"
"/home/thomasverwaal/Robust-Rail-NL/mathematical-models/scenarios_solver_types_120/scenario_solver_33_trains_11_units15.json","Cost of next node: Cost = 1,736.8 : 1,808.08 | cr=23, dd=22, da=9, tlv=14, sm=66, rd=112.73, cd=0, um=0","Time elapsed: 10.76 seconds","/home/thomasverwaal/Robust-Rail-NL/mathematical-models/local_search_plans_discreet_120/plan_33_trains_11_units15.json"
"/home/thomasverwaal/Robust-Rail-NL/mathematical-models/scenarios_solver_types_120/scenario_solver_33_trains_11_units15.json","Cost of next node: Cost = 1,662.5 : 1,738.82 | cr=24, dd=20, da=9, tlv=15, sm=66, rd=109.09, cd=0, um=0","Time elapsed: 11.54 seconds","/home/thomasverwaal/Robust-Rail-NL/mathematical-models/local_search_plans_discreet_120/plan_33_trains_11_units15.json"
"/home/thomasverwaal/Robust-Rail-NL/mathematical-models/scenarios_solver_types_120/scenario_solver_33_trains_11_units15.json","Cost of next node: Cost = 1,637.5 : 1,708.82 | cr=23, dd=20, da=9, tlv=14, sm=66, rd=109.09, cd=0, um=0","Time elapsed: 11.86 seconds","/home/thomasverwaal/Robust-Rail-NL/mathematical-models/local_search_plans_discreet_120/plan_33_trains_11_units15.json"
"/home/thomasverwaal/Robust-Rail-NL/mathematical-models/scenarios_solver_types_120/scenario_solver_33_trains_11_units15.json","Cost of next node: Cost = 1,611.4 : 1,687.73 | cr=22, dd=19, da=10, tlv=15, sm=66, rd=109.09, cd=0, um=0","Time elapsed: 12.21 seconds","/home/thomasverwaal/Robust-Rail-NL/mathematical-models/local_search_plans_discreet_120/plan_33_trains_11_units15.json"
"/home/thomasverwaal/Robust-Rail-NL/mathematical-models/scenarios_solver_types_120/scenario_solver_33_trains_11_units15.json","Cost of next node: Cost = 1,586.4 : 1,657.73 | cr=21, dd=19, da=10, tlv=14, sm=66, rd=110.91, cd=0, um=0","Time elapsed: 12.38 seconds","/home/thomasverwaal/Robust-Rail-NL/mathematical-models/local_search_plans_discreet_120/plan_33_trains_11_units15.json"
"/home/thomasverwaal/Robust-Rail-NL/mathematical-models/scenarios_solver_types_120/scenario_solver_33_trains_11_units15.json","Cost of next node: Cost = 1,561.4 : 1,627.73 | cr=20, dd=19, da=10, tlv=13, sm=66, rd=112.73, cd=0, um=0","Time elapsed: 12.77 seconds","/home/thomasverwaal/Robust-Rail-NL/mathematical-models/local_search_plans_discreet_120/plan_33_trains_11_units15.json"
"/home/thomasverwaal/Robust-Rail-NL/mathematical-models/scenarios_solver_types_120/scenario_solver_33_trains_11_units15.json","Cost of next node: Cost = 1,536.7 : 1,597.97 | cr=21, dd=19, da=9, tlv=12, sm=66, rd=112.73, cd=0, um=0","Time elapsed: 13.24 seconds","/home/thomasverwaal/Robust-Rail-NL/mathematical-models/local_search_plans_discreet_120/plan_33_trains_11_units15.json"
"/home/thomasverwaal/Robust-Rail-NL/mathematical-models/scenarios_solver_types_120/scenario_solver_33_trains_11_units15.json","Cost of next node: Cost = 1,411.3 : 1,477.62 | cr=22, dd=18, da=4, tlv=13, sm=66, rd=107.27, cd=0, um=0","Time elapsed: 13.71 seconds","/home/thomasverwaal/Robust-Rail-NL/mathematical-models/local_search_plans_discreet_120/plan_33_trains_11_units15.json"
"/home/thomasverwaal/Robust-Rail-NL/mathematical-models/scenarios_solver_types_120/scenario_solver_33_trains_11_units15.json","Cost of next node: Cost = 1,347.6 : 1,418.95 | cr=21, dd=17, da=3, tlv=14, sm=66, rd=103.64, cd=0, um=0","Time elapsed: 14.18 seconds","/home/thomasverwaal/Robust-Rail-NL/mathematical-models/local_search_plans_discreet_120/plan_33_trains_11_units15.json"
"/home/thomasverwaal/Robust-Rail-NL/mathematical-models/scenarios_solver_types_120/scenario_solver_33_trains_11_units15.json","Cost of next node: Cost = 1,233.5 : 1,309.81 | cr=18, dd=15, da=3, tlv=15, sm=66, rd=98.18, cd=0, um=0","Time elapsed: 14.56 seconds","/home/thomasverwaal/Robust-Rail-NL/mathematical-models/local_search_plans_discreet_120/plan_33_trains_11_units15.json"
"/home/thomasverwaal/Robust-Rail-NL/mathematical-models/scenarios_solver_types_120/scenario_solver_33_trains_11_units15.json","Cost of next node: Cost = 1,108.6 : 1,189.92 | cr=16, dd=13, da=2, tlv=16, sm=66, rd=94.55, cd=0, um=0","Time elapsed: 14.88 seconds","/home/thomasverwaal/Robust-Rail-NL/mathematical-models/local_search_plans_discreet_120/plan_33_trains_11_units15.json"
"/home/thomasverwaal/Robust-Rail-NL/mathematical-models/scenarios_solver_types_120/scenario_solver_33_trains_11_units15.json","Cost of next node: Cost = 1,083.6 : 1,159.92 | cr=15, dd=13, da=2, tlv=15, sm=66, rd=94.55, cd=0, um=0","Time elapsed: 15.29 seconds","/home/thomasverwaal/Robust-Rail-NL/mathematical-models/local_search_plans_discreet_120/plan_33_trains_11_units15.json"
"/home/thomasverwaal/Robust-Rail-NL/mathematical-models/scenarios_solver_types_120/scenario_solver_33_trains_11_units15.json","Cost of next node: Cost = 796.5 : 877.82 | cr=17, dd=7, da=1, tlv=16, sm=66, rd=87.27, cd=0, um=0","Time elapsed: 15.59 seconds","/home/thomasverwaal/Robust-Rail-NL/mathematical-models/local_search_plans_discreet_120/plan_33_trains_11_units15.json"
"/home/thomasverwaal/Robust-Rail-NL/mathematical-models/scenarios_solver_types_120/scenario_solver_33_trains_11_units15.json","Cost of next node: Cost = 756.5 : 837.82 | cr=13, dd=7, da=1, tlv=16, sm=66, rd=87.27, cd=0, um=0","Time elapsed: 15.76 seconds","/home/thomasverwaal/Robust-Rail-NL/mathematical-models/local_search_plans_discreet_120/plan_33_trains_11_units15.json"
"/home/thomasverwaal/Robust-Rail-NL/mathematical-models/scenarios_solver_types_120/scenario_solver_33_trains_11_units15.json","Cost of next node: Cost = 731.5 : 807.82 | cr=12, dd=7, da=1, tlv=15, sm=66, rd=89.09, cd=0, um=0","Time elapsed: 16.08 seconds","/home/thomasverwaal/Robust-Rail-NL/mathematical-models/local_search_plans_discreet_120/plan_33_trains_11_units15.json"
"/home/thomasverwaal/Robust-Rail-NL/mathematical-models/scenarios_solver_types_120/scenario_solver_33_trains_11_units15.json","Cost of next node: Cost = 523.0 : 604.32 | cr=18, dd=2, da=0, tlv=16, sm=66, rd=78.18, cd=0, um=0","Time elapsed: 16.39 seconds","/home/thomasverwaal/Robust-Rail-NL/mathematical-models/local_search_plans_discreet_120/plan_33_trains_11_units15.json"
"/home/thomasverwaal/Robust-Rail-NL/mathematical-models/scenarios_solver_types_120/scenario_solver_33_trains_11_units15.json","Cost of next node: Cost = 443.0 : 524.32 | cr=10, dd=2, da=0, tlv=16, sm=66, rd=78.18, cd=0, um=0","Time elapsed: 16.71 seconds","/home/thomasverwaal/Robust-Rail-NL/mathematical-models/local_search_plans_discreet_120/plan_33_trains_11_units15.json"
"/home/thomasverwaal/Robust-Rail-NL/mathematical-models/scenarios_solver_types_120/scenario_solver_33_trains_11_units15.json","Cost of next node: Cost = 416.5 : 502.82 | cr=11, dd=1, da=0, tlv=17, sm=66, rd=72.73, cd=0, um=0","Time elapsed: 16.94 seconds","/home/thomasverwaal/Robust-Rail-NL/mathematical-models/local_search_plans_discreet_120/plan_33_trains_11_units15.json"
"/home/thomasverwaal/Robust-Rail-NL/mathematical-models/scenarios_solver_types_120/scenario_solver_33_trains_11_units15.json","Cost of next node: Cost = 390.0 : 481.32 | cr=12, dd=0, da=0, tlv=18, sm=66, rd=70.91, cd=0, um=0","Time elapsed: 17.26 seconds","/home/thomasverwaal/Robust-Rail-NL/mathematical-models/local_search_plans_discreet_120/plan_33_trains_11_units15.json"
"/home/thomasverwaal/Robust-Rail-NL/mathematical-models/scenarios_solver_types_120/scenario_solver_33_trains_11_units15.json","Cost of next node: Cost = 375.0 : 461.32 | cr=12, dd=0, da=0, tlv=17, sm=66, rd=72.73, cd=0, um=0","Time elapsed: 23.92 seconds","/home/thomasverwaal/Robust-Rail-NL/mathematical-models/local_search_plans_discreet_120/plan_33_trains_11_units15.json"
"/home/thomasverwaal/Robust-Rail-NL/mathematical-models/scenarios_solver_types_120/scenario_solver_33_trains_11_units15.json","Cost of next node: Cost = 360.0 : 441.32 | cr=12, dd=0, da=0, tlv=16, sm=66, rd=74.55, cd=0, um=0","Time elapsed: 29.79 seconds","/home/thomasverwaal/Robust-Rail-NL/mathematical-models/local_search_plans_discreet_120/plan_33_trains_11_units15.json"
"/home/thomasverwaal/Robust-Rail-NL/mathematical-models/scenarios_solver_types_120/scenario_solver_33_trains_11_units15.json","Cost of next node: Cost = 350.0 : 431.32 | cr=11, dd=0, da=0, tlv=16, sm=66, rd=74.55, cd=0, um=0","Time elapsed: 35.91 seconds","/home/thomasverwaal/Robust-Rail-NL/mathematical-models/local_search_plans_discreet_120/plan_33_trains_11_units15.json"
"/home/thomasverwaal/Robust-Rail-NL/mathematical-models/scenarios_solver_types_120/scenario_solver_33_trains_11_units15.json","Cost of next node: Cost = 335.0 : 411.32 | cr=11, dd=0, da=0, tlv=15, sm=66, rd=76.36, cd=0, um=0","Time elapsed: 40.73 seconds","/home/thomasverwaal/Robust-Rail-NL/mathematical-models/local_search_plans_discreet_120/plan_33_trains_11_units15.json"
"/home/thomasverwaal/Robust-Rail-NL/mathematical-models/scenarios_solver_types_120/scenario_solver_33_trains_11_units15.json","Cost of next node: Cost = 325.0 : 401.32 | cr=10, dd=0, da=0, tlv=15, sm=66, rd=76.36, cd=0, um=0","Time elapsed: 45.52 seconds","/home/thomasverwaal/Robust-Rail-NL/mathematical-models/local_search_plans_discreet_120/plan_33_trains_11_units15.json"
"/home/thomasverwaal/Robust-Rail-NL/mathematical-models/scenarios_solver_types_120/scenario_solver_33_trains_11_units15.json","Cost of next node: Cost = 315.0 : 391.32 | cr=9, dd=0, da=0, tlv=15, sm=66, rd=76.36, cd=0, um=0","Time elapsed: 49.62 seconds","/home/thomasverwaal/Robust-Rail-NL/mathematical-models/local_search_plans_discreet_120/plan_33_trains_11_units15.json"
"/home/thomasverwaal/Robust-Rail-NL/mathematical-models/scenarios_solver_types_120/scenario_solver_33_trains_11_units15.json","Cost of next node: Cost = 295.0 : 371.32 | cr=7, dd=0, da=0, tlv=15, sm=66, rd=78.18, cd=0, um=0","Time elapsed: 52.88 seconds","/home/thomasverwaal/Robust-Rail-NL/mathematical-models/local_search_plans_discreet_120/plan_33_trains_11_units15.json"
"/home/thomasverwaal/Robust-Rail-NL/mathematical-models/scenarios_solver_types_120/scenario_solver_33_trains_11_units15.json","Cost of next node: Cost = 285.0 : 361.32 | cr=6, dd=0, da=0, tlv=15, sm=66, rd=78.18, cd=0, um=0","Time elapsed: 55.58 seconds","/home/thomasverwaal/Robust-Rail-NL/mathematical-models/local_search_plans_discreet_120/plan_33_trains_11_units15.json"
"/home/thomasverwaal/Robust-Rail-NL/mathematical-models/scenarios_solver_types_120/scenario_solver_33_trains_11_units15.json","Cost of next node: Cost = 275.0 : 351.32 | cr=5, dd=0, da=0, tlv=15, sm=66, rd=78.18, cd=0, um=0","Time elapsed: 57.68 seconds","/home/thomasverwaal/Robust-Rail-NL/mathematical-models/local_search_plans_discreet_120/plan_33_trains_11_units15.json"
"/home/thomasverwaal/Robust-Rail-NL/mathematical-models/scenarios_solver_types_120/scenario_solver_33_trains_11_units15.json","Cost of next node: Cost = 265.0 : 341.32 | cr=4, dd=0, da=0, tlv=15, sm=66, rd=81.82, cd=0, um=0","Time elapsed: 70.61 seconds","/home/thomasverwaal/Robust-Rail-NL/mathematical-models/local_search_plans_discreet_120/plan_33_trains_11_units15.json"
"/home/thomasverwaal/Robust-Rail-NL/mathematical-models/scenarios_solver_types_120/scenario_solver_33_trains_11_units15.json","Cost of next node: Cost = 255.0 : 331.32 | cr=3, dd=0, da=0, tlv=15, sm=66, rd=81.82, cd=0, um=0","Time elapsed: 72.09 seconds","/home/thomasverwaal/Robust-Rail-NL/mathematical-models/local_search_plans_discreet_120/plan_33_trains_11_units15.json"
"/home/thomasverwaal/Robust-Rail-NL/mathematical-models/scenarios_solver_types_120/scenario_solver_33_trains_11_units15.json","Cost of next node: Cost = 245.0 : 321.34 | cr=2, dd=0, da=0, tlv=15, sm=67, rd=82.39, cd=0, um=0","Time elapsed: 164.55 seconds","/home/thomasverwaal/Robust-Rail-NL/mathematical-models/local_search_plans_discreet_120/plan_33_trains_11_units15.json"
"/home/thomasverwaal/Robust-Rail-NL/mathematical-models/scenarios_solver_types_120/scenario_solver_33_trains_11_units15.json","Cost of next node: Cost = 235.0 : 311.34 | cr=1, dd=0, da=0, tlv=15, sm=67, rd=80.60, cd=0, um=0","Time elapsed: 173.19 seconds","/home/thomasverwaal/Robust-Rail-NL/mathematical-models/local_search_plans_discreet_120/plan_33_trains_11_units15.json"
"/home/thomasverwaal/Robust-Rail-NL/mathematical-models/scenarios_solver_types_120/scenario_solver_33_trains_11_units15.json","NO_COST_FOUND","NO_TIME_FOUND","NO_PLAN_CREATED"
"/home/thomasverwaal/Robust-Rail-NL/mathematical-models/scenarios_solver_types_120/scenario_solver_33_trains_11_units16.json","Cost of next node: Cost = 2,914.6 : 2,915.94 | cr=50, dd=33, da=31, tlv=0, sm=66, rd=178.18, cd=0, um=0","Time elapsed: 4.50 seconds","/home/thomasverwaal/Robust-Rail-NL/mathematical-models/local_search_plans_discreet_120/plan_33_trains_11_units16.json"
"/home/thomasverwaal/Robust-Rail-NL/mathematical-models/scenarios_solver_types_120/scenario_solver_33_trains_11_units16.json","Cost of next node: Cost = 2,892.9 : 2,894.27 | cr=48, dd=33, da=31, tlv=0, sm=66, rd=178.18, cd=0, um=0","Time elapsed: 4.58 seconds","/home/thomasverwaal/Robust-Rail-NL/mathematical-models/local_search_plans_discreet_120/plan_33_trains_11_units16.json"
"/home/thomasverwaal/Robust-Rail-NL/mathematical-models/scenarios_solver_types_120/scenario_solver_33_trains_11_units16.json","Cost of next node: Cost = 2,841.4 : 2,842.77 | cr=43, dd=33, da=31, tlv=0, sm=66, rd=178.18, cd=0, um=0","Time elapsed: 4.76 seconds","/home/thomasverwaal/Robust-Rail-NL/mathematical-models/local_search_plans_discreet_120/plan_33_trains_11_units16.json"
"/home/thomasverwaal/Robust-Rail-NL/mathematical-models/scenarios_solver_types_120/scenario_solver_33_trains_11_units16.json","Cost of next node: Cost = 2,805.3 : 2,811.67 | cr=42, dd=33, da=30, tlv=1, sm=66, rd=175.45, cd=0, um=0","Time elapsed: 4.84 seconds","/home/thomasverwaal/Robust-Rail-NL/mathematical-models/local_search_plans_discreet_120/plan_33_trains_11_units16.json"
"/home/thomasverwaal/Robust-Rail-NL/mathematical-models/scenarios_solver_types_120/scenario_solver_33_trains_11_units16.json","Cost of next node: Cost = 2,690.9 : 2,697.26 | cr=42, dd=33, da=25, tlv=1, sm=66, rd=169.09, cd=0, um=0","Time elapsed: 4.98 seconds","/home/thomasverwaal/Robust-Rail-NL/mathematical-models/local_search_plans_discreet_120/plan_33_trains_11_units16.json"
"/home/thomasverwaal/Robust-Rail-NL/mathematical-models/scenarios_solver_types_120/scenario_solver_33_trains_11_units16.json","Cost of next node: Cost = 2,538.2 : 2,549.52 | cr=40, dd=33, da=17, tlv=2, sm=66, rd=166.36, cd=0, um=0","Time elapsed: 5.10 seconds","/home/thomasverwaal/Robust-Rail-NL/mathematical-models/local_search_plans_discreet_120/plan_33_trains_11_units16.json"
"/home/thomasverwaal/Robust-Rail-NL/mathematical-models/scenarios_solver_types_120/scenario_solver_33_trains_11_units16.json","Cost of next node: Cost = 2,498.9 : 2,515.24 | cr=39, dd=33, da=15, tlv=3, sm=66, rd=161.82, cd=0, um=0","Time elapsed: 5.29 seconds","/home/thomasverwaal/Robust-Rail-NL/mathematical-models/local_search_plans_discreet_120/plan_33_trains_11_units16.json"
"/home/thomasverwaal/Robust-Rail-NL/mathematical-models/scenarios_solver_types_120/scenario_solver_33_trains_11_units16.json","Cost of next node: Cost = 2,453.3 : 2,474.60 | cr=39, dd=33, da=12, tlv=4, sm=66, rd=158.18, cd=0, um=0","Time elapsed: 5.43 seconds","/home/thomasverwaal/Robust-Rail-NL/mathematical-models/local_search_plans_discreet_120/plan_33_trains_11_units16.json"
"/home/thomasverwaal/Robust-Rail-NL/mathematical-models/scenarios_solver_types_120/scenario_solver_33_trains_11_units16.json","Cost of next node: Cost = 2,430.4 : 2,451.69 | cr=37, dd=33, da=12, tlv=4, sm=66, rd=156.36, cd=0, um=0","Time elapsed: 5.64 seconds","/home/thomasverwaal/Robust-Rail-NL/mathematical-models/local_search_plans_discreet_120/plan_33_trains_11_units16.json"
"/home/thomasverwaal/Robust-Rail-NL/mathematical-models/scenarios_solver_types_120/scenario_solver_33_trains_11_units16.json","Cost of next node: Cost = 2,407.1 : 2,428.38 | cr=36, dd=33, da=12, tlv=4, sm=66, rd=152.73, cd=0, um=0","Time elapsed: 5.89 seconds","/home/thomasverwaal/Robust-Rail-NL/mathematical-models/local_search_plans_discreet_120/plan_33_trains_11_units16.json"
"/home/thomasverwaal/Robust-Rail-NL/mathematical-models/scenarios_solver_types_120/scenario_solver_33_trains_11_units16.json","Cost of next node: Cost = 2,378.2 : 2,404.50 | cr=32, dd=33, da=12, tlv=5, sm=66, rd=150.91, cd=0, um=0","Time elapsed: 6.34 seconds","/home/thomasverwaal/Robust-Rail-NL/mathematical-models/local_search_plans_discreet_120/plan_33_trains_11_units16.json"
"/home/thomasverwaal/Robust-Rail-NL/mathematical-models/scenarios_solver_types_120/scenario_solver_33_trains_11_units16.json","Cost of next node: Cost = 2,354.6 : 2,385.93 | cr=30, dd=33, da=11, tlv=6, sm=66, rd=149.09, cd=0, um=0","Time elapsed: 6.52 seconds","/home/thomasverwaal/Robust-Rail-NL/mathematical-models/local_search_plans_discreet_120/plan_33_trains_11_units16.json"
"/home/thomasverwaal/Robust-Rail-NL/mathematical-models/scenarios_solver_types_120/scenario_solver_33_trains_11_units16.json","Cost of next node: Cost = 2,333.7 : 2,370.06 | cr=29, dd=33, da=11, tlv=7, sm=66, rd=143.64, cd=0, um=0","Time elapsed: 6.94 seconds","/home/thomasverwaal/Robust-Rail-NL/mathematical-models/local_search_plans_discreet_120/plan_33_trains_11_units16.json"
"/home/thomasverwaal/Robust-Rail-NL/mathematical-models/scenarios_solver_types_120/scenario_solver_33_trains_11_units16.json","Cost of next node: Cost = 2,309.1 : 2,345.47 | cr=27, dd=33, da=11, tlv=7, sm=66, rd=140.00, cd=0, um=0","Time elapsed: 7.58 seconds","/home/thomasverwaal/Robust-Rail-NL/mathematical-models/local_search_plans_discreet_120/plan_33_trains_11_units16.json"
"/home/thomasverwaal/Robust-Rail-NL/mathematical-models/scenarios_solver_types_120/scenario_solver_33_trains_11_units16.json","Cost of next node: Cost = 2,270.0 : 2,311.34 | cr=19, dd=33, da=11, tlv=8, sm=66, rd=145.45, cd=0, um=0","Time elapsed: 7.86 seconds","/home/thomasverwaal/Robust-Rail-NL/mathematical-models/local_search_plans_discreet_120/plan_33_trains_11_units16.json"
"/home/thomasverwaal/Robust-Rail-NL/mathematical-models/scenarios_solver_types_120/scenario_solver_33_trains_11_units16.json","Cost of next node: Cost = 2,245.3 : 2,291.65 | cr=18, dd=33, da=10, tlv=9, sm=66, rd=140.00, cd=0, um=0","Time elapsed: 8.11 seconds","/home/thomasverwaal/Robust-Rail-NL/mathematical-models/local_search_plans_discreet_120/plan_33_trains_11_units16.json"
"/home/thomasverwaal/Robust-Rail-NL/mathematical-models/scenarios_solver_types_120/scenario_solver_33_trains_11_units16.json","Cost of next node: Cost = 2,215.0 : 2,261.30 | cr=19, dd=33, da=9, tlv=9, sm=66, rd=136.36, cd=0, um=0","Time elapsed: 8.44 seconds","/home/thomasverwaal/Robust-Rail-NL/mathematical-models/local_search_plans_discreet_120/plan_33_trains_11_units16.json"
"/home/thomasverwaal/Robust-Rail-NL/mathematical-models/scenarios_solver_types_120/scenario_solver_33_trains_11_units16.json","Cost of next node: Cost = 2,189.6 : 2,240.95 | cr=20, dd=33, da=7, tlv=10, sm=66, rd=132.73, cd=0, um=0","Time elapsed: 8.71 seconds","/home/thomasverwaal/Robust-Rail-NL/mathematical-models/local_search_plans_discreet_120/plan_33_trains_11_units16.json"
"/home/thomasverwaal/Robust-Rail-NL/mathematical-models/scenarios_solver_types_120/scenario_solver_33_trains_11_units16.json","Cost of next node: Cost = 2,168.2 : 2,224.55 | cr=19, dd=33, da=6, tlv=11, sm=66, rd=125.45, cd=0, um=0","Time elapsed: 8.97 seconds","/home/thomasverwaal/Robust-Rail-NL/mathematical-models/local_search_plans_discreet_120/plan_33_trains_11_units16.json"
"/home/thomasverwaal/Robust-Rail-NL/mathematical-models/scenarios_solver_types_120/scenario_solver_33_trains_11_units16.json","Cost of next node: Cost = 2,147.9 : 2,204.25 | cr=16, dd=33, da=6, tlv=11, sm=66, rd=130.00, cd=0, um=0","Time elapsed: 9.07 seconds","/home/thomasverwaal/Robust-Rail-NL/mathematical-models/local_search_plans_discreet_120/plan_33_trains_11_units16.json"
"/home/thomasverwaal/Robust-Rail-NL/mathematical-models/scenarios_solver_types_120/scenario_solver_33_trains_11_units16.json","Cost of next node: Cost = 2,126.2 : 2,182.48 | cr=16, dd=33, da=5, tlv=11, sm=66, rd=130.00, cd=0, um=0","Time elapsed: 9.43 seconds","/home/thomasverwaal/Robust-Rail-NL/mathematical-models/local_search_plans_discreet_120/plan_33_trains_11_units16.json"
"/home/thomasverwaal/Robust-Rail-NL/mathematical-models/scenarios_solver_types_120/scenario_solver_33_trains_11_units16.json","Cost of next node: Cost = 2,093.5 : 2,154.83 | cr=15, dd=33, da=4, tlv=12, sm=66, rd=120.91, cd=0, um=0","Time elapsed: 9.77 seconds","/home/thomasverwaal/Robust-Rail-NL/mathematical-models/local_search_plans_discreet_120/plan_33_trains_11_units16.json"
"/home/thomasverwaal/Robust-Rail-NL/mathematical-models/scenarios_solver_types_120/scenario_solver_33_trains_11_units16.json","Cost of next node: Cost = 2,068.9 : 2,125.24 | cr=20, dd=32, da=4, tlv=11, sm=66, rd=114.55, cd=0, um=0","Time elapsed: 9.95 seconds","/home/thomasverwaal/Robust-Rail-NL/mathematical-models/local_search_plans_discreet_120/plan_33_trains_11_units16.json"
"/home/thomasverwaal/Robust-Rail-NL/mathematical-models/scenarios_solver_types_120/scenario_solver_33_trains_11_units16.json","Cost of next node: Cost = 2,019.1 : 2,075.46 | cr=20, dd=31, da=4, tlv=11, sm=66, rd=114.55, cd=0, um=0","Time elapsed: 10.10 seconds","/home/thomasverwaal/Robust-Rail-NL/mathematical-models/local_search_plans_discreet_120/plan_33_trains_11_units16.json"
"/home/thomasverwaal/Robust-Rail-NL/mathematical-models/scenarios_solver_types_120/scenario_solver_33_trains_11_units16.json","Cost of next node: Cost = 1,903.0 : 1,964.34 | cr=17, dd=29, da=4, tlv=12, sm=66, rd=112.73, cd=0, um=0","Time elapsed: 10.26 seconds","/home/thomasverwaal/Robust-Rail-NL/mathematical-models/local_search_plans_discreet_120/plan_33_trains_11_units16.json"
"/home/thomasverwaal/Robust-Rail-NL/mathematical-models/scenarios_solver_types_120/scenario_solver_33_trains_11_units16.json","Cost of next node: Cost = 1,827.8 : 1,894.13 | cr=18, dd=27, da=4, tlv=13, sm=66, rd=110.91, cd=0, um=0","Time elapsed: 10.38 seconds","/home/thomasverwaal/Robust-Rail-NL/mathematical-models/local_search_plans_discreet_120/plan_33_trains_11_units16.json"
"/home/thomasverwaal/Robust-Rail-NL/mathematical-models/scenarios_solver_types_120/scenario_solver_33_trains_11_units16.json","Cost of next node: Cost = 1,788.9 : 1,855.24 | cr=19, dd=26, da=4, tlv=13, sm=66, rd=109.09, cd=0, um=0","Time elapsed: 10.53 seconds","/home/thomasverwaal/Robust-Rail-NL/mathematical-models/local_search_plans_discreet_120/plan_33_trains_11_units16.json"
"/home/thomasverwaal/Robust-Rail-NL/mathematical-models/scenarios_solver_types_120/scenario_solver_33_trains_11_units16.json","Cost of next node: Cost = 1,754.0 : 1,825.28 | cr=19, dd=25, da=4, tlv=14, sm=66, rd=107.27, cd=0, um=0","Time elapsed: 10.80 seconds","/home/thomasverwaal/Robust-Rail-NL/mathematical-models/local_search_plans_discreet_120/plan_33_trains_11_units16.json"
"/home/thomasverwaal/Robust-Rail-NL/mathematical-models/scenarios_solver_types_120/scenario_solver_33_trains_11_units16.json","Cost of next node: Cost = 1,729.0 : 1,795.28 | cr=18, dd=25, da=4, tlv=13, sm=66, rd=107.27, cd=0, um=0","Time elapsed: 11.04 seconds","/home/thomasverwaal/Robust-Rail-NL/mathematical-models/local_search_plans_discreet_120/plan_33_trains_11_units16.json"
"/home/thomasverwaal/Robust-Rail-NL/mathematical-models/scenarios_solver_types_120/scenario_solver_33_trains_11_units16.json","Cost of next node: Cost = 1,677.7 : 1,744.00 | cr=18, dd=24, da=4, tlv=13, sm=66, rd=105.45, cd=0, um=0","Time elapsed: 11.37 seconds","/home/thomasverwaal/Robust-Rail-NL/mathematical-models/local_search_plans_discreet_120/plan_33_trains_11_units16.json"
"/home/thomasverwaal/Robust-Rail-NL/mathematical-models/scenarios_solver_types_120/scenario_solver_33_trains_11_units16.json","Cost of next node: Cost = 1,349.2 : 1,420.57 | cr=16, dd=18, da=3, tlv=14, sm=66, rd=100.00, cd=0, um=0","Time elapsed: 11.62 seconds","/home/thomasverwaal/Robust-Rail-NL/mathematical-models/local_search_plans_discreet_120/plan_33_trains_11_units16.json"
"/home/thomasverwaal/Robust-Rail-NL/mathematical-models/scenarios_solver_types_120/scenario_solver_33_trains_11_units16.json","Cost of next node: Cost = 1,322.7 : 1,399.05 | cr=15, dd=17, da=4, tlv=15, sm=66, rd=100.00, cd=0, um=0","Time elapsed: 11.74 seconds","/home/thomasverwaal/Robust-Rail-NL/mathematical-models/local_search_plans_discreet_120/plan_33_trains_11_units16.json"
"/home/thomasverwaal/Robust-Rail-NL/mathematical-models/scenarios_solver_types_120/scenario_solver_33_trains_11_units16.json","Cost of next node: Cost = 1,257.4 : 1,338.72 | cr=19, dd=15, da=3, tlv=16, sm=66, rd=96.36, cd=0, um=0","Time elapsed: 12.13 seconds","/home/thomasverwaal/Robust-Rail-NL/mathematical-models/local_search_plans_discreet_120/plan_33_trains_11_units16.json"
"/home/thomasverwaal/Robust-Rail-NL/mathematical-models/scenarios_solver_types_120/scenario_solver_33_trains_11_units16.json","Cost of next node: Cost = 1,173.5 : 1,259.79 | cr=19, dd=13, da=3, tlv=17, sm=66, rd=90.91, cd=0, um=0","Time elapsed: 12.55 seconds","/home/thomasverwaal/Robust-Rail-NL/mathematical-models/local_search_plans_discreet_120/plan_33_trains_11_units16.json"
"/home/thomasverwaal/Robust-Rail-NL/mathematical-models/scenarios_solver_types_120/scenario_solver_33_trains_11_units16.json","Cost of next node: Cost = 892.9 : 984.25 | cr=17, dd=8, da=2, tlv=18, sm=66, rd=83.64, cd=0, um=0","Time elapsed: 12.88 seconds","/home/thomasverwaal/Robust-Rail-NL/mathematical-models/local_search_plans_discreet_120/plan_33_trains_11_units16.json"
"/home/thomasverwaal/Robust-Rail-NL/mathematical-models/scenarios_solver_types_120/scenario_solver_33_trains_11_units16.json","Cost of next node: Cost = 859.8 : 946.15 | cr=17, dd=8, da=1, tlv=17, sm=66, rd=83.64, cd=0, um=0","Time elapsed: 13.03 seconds","/home/thomasverwaal/Robust-Rail-NL/mathematical-models/local_search_plans_discreet_120/plan_33_trains_11_units16.json"
"/home/thomasverwaal/Robust-Rail-NL/mathematical-models/scenarios_solver_types_120/scenario_solver_33_trains_11_units16.json","Cost of next node: Cost = 838.1 : 919.39 | cr=16, dd=8, da=1, tlv=16, sm=66, rd=86.36, cd=0, um=0","Time elapsed: 13.37 seconds","/home/thomasverwaal/Robust-Rail-NL/mathematical-models/local_search_plans_discreet_120/plan_33_trains_11_units16.json"
"/home/thomasverwaal/Robust-Rail-NL/mathematical-models/scenarios_solver_types_120/scenario_solver_33_trains_11_units16.json","Cost of next node: Cost = 817.4 : 898.72 | cr=14, dd=8, da=1, tlv=16, sm=66, rd=84.55, cd=0, um=0","Time elapsed: 13.80 seconds","/home/thomasverwaal/Robust-Rail-NL/mathematical-models/local_search_plans_discreet_120/plan_33_trains_11_units16.json"
"/home/thomasverwaal/Robust-Rail-NL/mathematical-models/scenarios_solver_types_120/scenario_solver_33_trains_11_units16.json","Cost of next node: Cost = 625.8 : 712.12 | cr=16, dd=4, da=0, tlv=17, sm=66, rd=79.09, cd=0, um=0","Time elapsed: 14.20 seconds","/home/thomasverwaal/Robust-Rail-NL/mathematical-models/local_search_plans_discreet_120/plan_33_trains_11_units16.json"
"/home/thomasverwaal/Robust-Rail-NL/mathematical-models/scenarios_solver_types_120/scenario_solver_33_trains_11_units16.json","Cost of next node: Cost = 585.8 : 672.12 | cr=12, dd=4, da=0, tlv=17, sm=66, rd=79.09, cd=0, um=0","Time elapsed: 14.38 seconds","/home/thomasverwaal/Robust-Rail-NL/mathematical-models/local_search_plans_discreet_120/plan_33_trains_11_units16.json"
"/home/thomasverwaal/Robust-Rail-NL/mathematical-models/scenarios_solver_types_120/scenario_solver_33_trains_11_units16.json","Cost of next node: Cost = 541.6 : 627.92 | cr=13, dd=1, da=5, tlv=17, sm=66, rd=80.00, cd=0, um=0","Time elapsed: 14.65 seconds","/home/thomasverwaal/Robust-Rail-NL/mathematical-models/local_search_plans_discreet_120/plan_33_trains_11_units16.json"
"/home/thomasverwaal/Robust-Rail-NL/mathematical-models/scenarios_solver_types_120/scenario_solver_33_trains_11_units16.json","Cost of next node: Cost = 483.3 : 564.62 | cr=15, dd=1, da=2, tlv=16, sm=66, rd=78.18, cd=0, um=0","Time elapsed: 14.89 seconds","/home/thomasverwaal/Robust-Rail-NL/mathematical-models/local_search_plans_discreet_120/plan_33_trains_11_units16.json"
"/home/thomasverwaal/Robust-Rail-NL/mathematical-models/scenarios_solver_types_120/scenario_solver_33_trains_11_units16.json","Cost of next node: Cost = 456.8 : 543.12 | cr=16, dd=0, da=2, tlv=17, sm=66, rd=76.36, cd=0, um=0","Time elapsed: 15.29 seconds","/home/thomasverwaal/Robust-Rail-NL/mathematical-models/local_search_plans_discreet_120/plan_33_trains_11_units16.json"
"/home/thomasverwaal/Robust-Rail-NL/mathematical-models/scenarios_solver_types_120/scenario_solver_33_trains_11_units16.json","Cost of next node: Cost = 431.8 : 513.12 | cr=15, dd=0, da=2, tlv=16, sm=66, rd=78.18, cd=0, um=0","Time elapsed: 15.63 seconds","/home/thomasverwaal/Robust-Rail-NL/mathematical-models/local_search_plans_discreet_120/plan_33_trains_11_units16.json"
"/home/thomasverwaal/Robust-Rail-NL/mathematical-models/scenarios_solver_types_120/scenario_solver_33_trains_11_units16.json","Cost of next node: Cost = 416.8 : 493.12 | cr=15, dd=0, da=2, tlv=15, sm=66, rd=80.00, cd=0, um=0","Time elapsed: 20.66 seconds","/home/thomasverwaal/Robust-Rail-NL/mathematical-models/local_search_plans_discreet_120/plan_33_trains_11_units16.json"
"/home/thomasverwaal/Robust-Rail-NL/mathematical-models/scenarios_solver_types_120/scenario_solver_33_trains_11_units16.json","Cost of next node: Cost = 406.2 : 482.54 | cr=14, dd=0, da=2, tlv=15, sm=67, rd=77.01, cd=0, um=0","Time elapsed: 25.16 seconds","/home/thomasverwaal/Robust-Rail-NL/mathematical-models/local_search_plans_discreet_120/plan_33_trains_11_units16.json"
"/home/thomasverwaal/Robust-Rail-NL/mathematical-models/scenarios_solver_types_120/scenario_solver_33_trains_11_units16.json","Cost of next node: Cost = 380.0 : 461.34 | cr=14, dd=0, da=0, tlv=16, sm=67, rd=75.22, cd=0, um=0","Time elapsed: 25.44 seconds","/home/thomasverwaal/Robust-Rail-NL/mathematical-models/local_search_plans_discreet_120/plan_33_trains_11_units16.json"
"/home/thomasverwaal/Robust-Rail-NL/mathematical-models/scenarios_solver_types_120/scenario_solver_33_trains_11_units16.json","Cost of next node: Cost = 365.0 : 441.34 | cr=14, dd=0, da=0, tlv=15, sm=67, rd=77.01, cd=0, um=0","Time elapsed: 31.08 seconds","/home/thomasverwaal/Robust-Rail-NL/mathematical-models/local_search_plans_discreet_120/plan_33_trains_11_units16.json"
"/home/thomasverwaal/Robust-Rail-NL/mathematical-models/scenarios_solver_types_120/scenario_solver_33_trains_11_units16.json","Cost of next node: Cost = 355.0 : 431.34 | cr=13, dd=0, da=0, tlv=15, sm=67, rd=77.01, cd=0, um=0","Time elapsed: 35.77 seconds","/home/thomasverwaal/Robust-Rail-NL/mathematical-models/local_search_plans_discreet_120/plan_33_trains_11_units16.json"
"/home/thomasverwaal/Robust-Rail-NL/mathematical-models/scenarios_solver_types_120/scenario_solver_33_trains_11_units16.json","Cost of next node: Cost = 345.0 : 421.34 | cr=12, dd=0, da=0, tlv=15, sm=67, rd=77.01, cd=0, um=0","Time elapsed: 40.25 seconds","/home/thomasverwaal/Robust-Rail-NL/mathematical-models/local_search_plans_discreet_120/plan_33_trains_11_units16.json"
"/home/thomasverwaal/Robust-Rail-NL/mathematical-models/scenarios_solver_types_120/scenario_solver_33_trains_11_units16.json","Cost of next node: Cost = 335.0 : 411.34 | cr=11, dd=0, da=0, tlv=15, sm=67, rd=78.81, cd=0, um=0","Time elapsed: 43.75 seconds","/home/thomasverwaal/Robust-Rail-NL/mathematical-models/local_search_plans_discreet_120/plan_33_trains_11_units16.json"
"/home/thomasverwaal/Robust-Rail-NL/mathematical-models/scenarios_solver_types_120/scenario_solver_33_trains_11_units16.json","Cost of next node: Cost = 325.0 : 401.34 | cr=10, dd=0, da=0, tlv=15, sm=67, rd=78.81, cd=0, um=0","Time elapsed: 47.56 seconds","/home/thomasverwaal/Robust-Rail-NL/mathematical-models/local_search_plans_discreet_120/plan_33_trains_11_units16.json"
"/home/thomasverwaal/Robust-Rail-NL/mathematical-models/scenarios_solver_types_120/scenario_solver_33_trains_11_units16.json","Cost of next node: Cost = 315.0 : 391.34 | cr=9, dd=0, da=0, tlv=15, sm=67, rd=78.81, cd=0, um=0","Time elapsed: 50.50 seconds","/home/thomasverwaal/Robust-Rail-NL/mathematical-models/local_search_plans_discreet_120/plan_33_trains_11_units16.json"
"/home/thomasverwaal/Robust-Rail-NL/mathematical-models/scenarios_solver_types_120/scenario_solver_33_trains_11_units16.json","Cost of next node: Cost = 305.0 : 381.34 | cr=8, dd=0, da=0, tlv=15, sm=67, rd=78.81, cd=0, um=0","Time elapsed: 52.98 seconds","/home/thomasverwaal/Robust-Rail-NL/mathematical-models/local_search_plans_discreet_120/plan_33_trains_11_units16.json"
"/home/thomasverwaal/Robust-Rail-NL/mathematical-models/scenarios_solver_types_120/scenario_solver_33_trains_11_units16.json","Cost of next node: Cost = 295.0 : 371.34 | cr=7, dd=0, da=0, tlv=15, sm=67, rd=78.81, cd=0, um=0","Time elapsed: 55.11 seconds","/home/thomasverwaal/Robust-Rail-NL/mathematical-models/local_search_plans_discreet_120/plan_33_trains_11_units16.json"
"/home/thomasverwaal/Robust-Rail-NL/mathematical-models/scenarios_solver_types_120/scenario_solver_33_trains_11_units16.json","Cost of next node: Cost = 285.0 : 361.34 | cr=6, dd=0, da=0, tlv=15, sm=67, rd=78.81, cd=0, um=0","Time elapsed: 99.51 seconds","/home/thomasverwaal/Robust-Rail-NL/mathematical-models/local_search_plans_discreet_120/plan_33_trains_11_units16.json"
"/home/thomasverwaal/Robust-Rail-NL/mathematical-models/scenarios_solver_types_120/scenario_solver_33_trains_11_units16.json","Cost of next node: Cost = 275.0 : 351.36 | cr=5, dd=0, da=0, tlv=15, sm=68, rd=81.18, cd=0, um=0","Time elapsed: 149.98 seconds","/home/thomasverwaal/Robust-Rail-NL/mathematical-models/local_search_plans_discreet_120/plan_33_trains_11_units16.json"
"/home/thomasverwaal/Robust-Rail-NL/mathematical-models/scenarios_solver_types_120/scenario_solver_33_trains_11_units16.json","NO_COST_FOUND","NO_TIME_FOUND","NO_PLAN_CREATED"
"/home/thomasverwaal/Robust-Rail-NL/mathematical-models/scenarios_solver_types_120/scenario_solver_33_trains_11_units17.json","Cost of next node: Cost = 2,797.7 : 2,804.00 | cr=42, dd=33, da=30, tlv=1, sm=66, rd=173.64, cd=0, um=0","Time elapsed: 4.59 seconds","/home/thomasverwaal/Robust-Rail-NL/mathematical-models/local_search_plans_discreet_120/plan_33_trains_11_units17.json"
"/home/thomasverwaal/Robust-Rail-NL/mathematical-models/scenarios_solver_types_120/scenario_solver_33_trains_11_units17.json","Cost of next node: Cost = 2,575.4 : 2,581.73 | cr=41, dd=33, da=20, tlv=1, sm=66, rd=167.27, cd=0, um=0","Time elapsed: 4.75 seconds","/home/thomasverwaal/Robust-Rail-NL/mathematical-models/local_search_plans_discreet_120/plan_33_trains_11_units17.json"
"/home/thomasverwaal/Robust-Rail-NL/mathematical-models/scenarios_solver_types_120/scenario_solver_33_trains_11_units17.json","Cost of next node: Cost = 2,528.5 : 2,539.81 | cr=40, dd=33, da=17, tlv=2, sm=66, rd=164.55, cd=0, um=0","Time elapsed: 4.88 seconds","/home/thomasverwaal/Robust-Rail-NL/mathematical-models/local_search_plans_discreet_120/plan_33_trains_11_units17.json"
"/home/thomasverwaal/Robust-Rail-NL/mathematical-models/scenarios_solver_types_120/scenario_solver_33_trains_11_units17.json","Cost of next node: Cost = 2,506.5 : 2,517.78 | cr=38, dd=33, da=17, tlv=2, sm=66, rd=162.73, cd=0, um=0","Time elapsed: 4.96 seconds","/home/thomasverwaal/Robust-Rail-NL/mathematical-models/local_search_plans_discreet_120/plan_33_trains_11_units17.json"
"/home/thomasverwaal/Robust-Rail-NL/mathematical-models/scenarios_solver_types_120/scenario_solver_33_trains_11_units17.json","Cost of next node: Cost = 2,449.1 : 2,465.44 | cr=37, dd=33, da=14, tlv=3, sm=66, rd=158.18, cd=0, um=0","Time elapsed: 5.09 seconds","/home/thomasverwaal/Robust-Rail-NL/mathematical-models/local_search_plans_discreet_120/plan_33_trains_11_units17.json"
"/home/thomasverwaal/Robust-Rail-NL/mathematical-models/scenarios_solver_types_120/scenario_solver_33_trains_11_units17.json","Cost of next node: Cost = 2,428.2 : 2,444.47 | cr=35, dd=33, da=14, tlv=3, sm=66, rd=158.18, cd=0, um=0","Time elapsed: 5.17 seconds","/home/thomasverwaal/Robust-Rail-NL/mathematical-models/local_search_plans_discreet_120/plan_33_trains_11_units17.json"
"/home/thomasverwaal/Robust-Rail-NL/mathematical-models/scenarios_solver_types_120/scenario_solver_33_trains_11_units17.json","Cost of next node: Cost = 2,403.6 : 2,419.89 | cr=34, dd=33, da=14, tlv=3, sm=66, rd=152.73, cd=0, um=0","Time elapsed: 5.62 seconds","/home/thomasverwaal/Robust-Rail-NL/mathematical-models/local_search_plans_discreet_120/plan_33_trains_11_units17.json"
"/home/thomasverwaal/Robust-Rail-NL/mathematical-models/scenarios_solver_types_120/scenario_solver_33_trains_11_units17.json","Cost of next node: Cost = 2,375.1 : 2,396.47 | cr=32, dd=33, da=13, tlv=4, sm=66, rd=149.09, cd=0, um=0","Time elapsed: 6.23 seconds","/home/thomasverwaal/Robust-Rail-NL/mathematical-models/local_search_plans_discreet_120/plan_33_trains_11_units17.json"
"/home/thomasverwaal/Robust-Rail-NL/mathematical-models/scenarios_solver_types_120/scenario_solver_33_trains_11_units17.json","Cost of next node: Cost = 2,340.1 : 2,366.47 | cr=27, dd=33, da=13, tlv=5, sm=66, rd=149.09, cd=0, um=0","Time elapsed: 6.49 seconds","/home/thomasverwaal/Robust-Rail-NL/mathematical-models/local_search_plans_discreet_120/plan_33_trains_11_units17.json"
"/home/thomasverwaal/Robust-Rail-NL/mathematical-models/scenarios_solver_types_120/scenario_solver_33_trains_11_units17.json","Cost of next node: Cost = 2,285.1 : 2,316.47 | cr=20, dd=33, da=13, tlv=6, sm=66, rd=149.09, cd=0, um=0","Time elapsed: 7.11 seconds","/home/thomasverwaal/Robust-Rail-NL/mathematical-models/local_search_plans_discreet_120/plan_33_trains_11_units17.json"
"/home/thomasverwaal/Robust-Rail-NL/mathematical-models/scenarios_solver_types_120/scenario_solver_33_trains_11_units17.json","Cost of next node: Cost = 2,256.9 : 2,293.27 | cr=19, dd=33, da=12, tlv=7, sm=66, rd=143.64, cd=0, um=0","Time elapsed: 7.68 seconds","/home/thomasverwaal/Robust-Rail-NL/mathematical-models/local_search_plans_discreet_120/plan_33_trains_11_units17.json"
"/home/thomasverwaal/Robust-Rail-NL/mathematical-models/scenarios_solver_types_120/scenario_solver_33_trains_11_units17.json","Cost of next node: Cost = 2,234.5 : 2,270.82 | cr=20, dd=33, da=11, tlv=7, sm=66, rd=138.18, cd=0, um=0","Time elapsed: 8.32 seconds","/home/thomasverwaal/Robust-Rail-NL/mathematical-models/local_search_plans_discreet_120/plan_33_trains_11_units17.json"
"/home/thomasverwaal/Robust-Rail-NL/mathematical-models/scenarios_solver_types_120/scenario_solver_33_trains_11_units17.json","Cost of next node: Cost = 2,208.4 : 2,249.69 | cr=19, dd=33, da=10, tlv=8, sm=66, rd=132.73, cd=0, um=0","Time elapsed: 8.95 seconds","/home/thomasverwaal/Robust-Rail-NL/mathematical-models/local_search_plans_discreet_120/plan_33_trains_11_units17.json"
"/home/thomasverwaal/Robust-Rail-NL/mathematical-models/scenarios_solver_types_120/scenario_solver_33_trains_11_units17.json","Cost of next node: Cost = 2,178.0 : 2,224.33 | cr=20, dd=33, da=8, tlv=9, sm=66, rd=125.45, cd=0, um=0","Time elapsed: 9.66 seconds","/home/thomasverwaal/Robust-Rail-NL/mathematical-models/local_search_plans_discreet_120/plan_33_trains_11_units17.json"
"/home/thomasverwaal/Robust-Rail-NL/mathematical-models/scenarios_solver_types_120/scenario_solver_33_trains_11_units17.json","Cost of next node: Cost = 1,717.3 : 1,768.60 | cr=21, dd=24, da=7, tlv=10, sm=66, rd=116.36, cd=0, um=0","Time elapsed: 9.96 seconds","/home/thomasverwaal/Robust-Rail-NL/mathematical-models/local_search_plans_discreet_120/plan_33_trains_11_units17.json"
"/home/thomasverwaal/Robust-Rail-NL/mathematical-models/scenarios_solver_types_120/scenario_solver_33_trains_11_units17.json","Cost of next node: Cost = 1,656.8 : 1,708.10 | cr=20, dd=23, da=7, tlv=10, sm=66, rd=116.36, cd=0, um=0","Time elapsed: 10.04 seconds","/home/thomasverwaal/Robust-Rail-NL/mathematical-models/local_search_plans_discreet_120/plan_33_trains_11_units17.json"
"/home/thomasverwaal/Robust-Rail-NL/mathematical-models/scenarios_solver_types_120/scenario_solver_33_trains_11_units17.json","Cost of next node: Cost = 1,607.4 : 1,658.72 | cr=20, dd=22, da=7, tlv=10, sm=66, rd=116.36, cd=0, um=0","Time elapsed: 10.18 seconds","/home/thomasverwaal/Robust-Rail-NL/mathematical-models/local_search_plans_discreet_120/plan_33_trains_11_units17.json"
"/home/thomasverwaal/Robust-Rail-NL/mathematical-models/scenarios_solver_types_120/scenario_solver_33_trains_11_units17.json","Cost of next node: Cost = 1,562.8 : 1,619.13 | cr=19, dd=21, da=7, tlv=11, sm=66, rd=114.55, cd=0, um=0","Time elapsed: 10.48 seconds","/home/thomasverwaal/Robust-Rail-NL/mathematical-models/local_search_plans_discreet_120/plan_33_trains_11_units17.json"
"/home/thomasverwaal/Robust-Rail-NL/mathematical-models/scenarios_solver_types_120/scenario_solver_33_trains_11_units17.json","Cost of next node: Cost = 1,512.8 : 1,569.15 | cr=19, dd=20, da=7, tlv=11, sm=66, rd=114.55, cd=0, um=0","Time elapsed: 10.57 seconds","/home/thomasverwaal/Robust-Rail-NL/mathematical-models/local_search_plans_discreet_120/plan_33_trains_11_units17.json"
"/home/thomasverwaal/Robust-Rail-NL/mathematical-models/scenarios_solver_types_120/scenario_solver_33_trains_11_units17.json","Cost of next node: Cost = 1,467.5 : 1,528.79 | cr=20, dd=19, da=6, tlv=12, sm=66, rd=110.91, cd=0, um=0","Time elapsed: 10.90 seconds","/home/thomasverwaal/Robust-Rail-NL/mathematical-models/local_search_plans_discreet_120/plan_33_trains_11_units17.json"
"/home/thomasverwaal/Robust-Rail-NL/mathematical-models/scenarios_solver_types_120/scenario_solver_33_trains_11_units17.json","Cost of next node: Cost = 1,442.5 : 1,498.79 | cr=19, dd=19, da=6, tlv=11, sm=66, rd=110.91, cd=0, um=0","Time elapsed: 11.10 seconds","/home/thomasverwaal/Robust-Rail-NL/mathematical-models/local_search_plans_discreet_120/plan_33_trains_11_units17.json"
"/home/thomasverwaal/Robust-Rail-NL/mathematical-models/scenarios_solver_types_120/scenario_solver_33_trains_11_units17.json","Cost of next node: Cost = 1,402.0 : 1,458.29 | cr=20, dd=18, da=6, tlv=11, sm=66, rd=110.91, cd=0, um=0","Time elapsed: 11.23 seconds","/home/thomasverwaal/Robust-Rail-NL/mathematical-models/local_search_plans_discreet_120/plan_33_trains_11_units17.json"
"/home/thomasverwaal/Robust-Rail-NL/mathematical-models/scenarios_solver_types_120/scenario_solver_33_trains_11_units17.json","Cost of next node: Cost = 1,357.3 : 1,418.59 | cr=21, dd=17, da=5, tlv=12, sm=66, rd=109.09, cd=0, um=0","Time elapsed: 11.56 seconds","/home/thomasverwaal/Robust-Rail-NL/mathematical-models/local_search_plans_discreet_120/plan_33_trains_11_units17.json"
"/home/thomasverwaal/Robust-Rail-NL/mathematical-models/scenarios_solver_types_120/scenario_solver_33_trains_11_units17.json","Cost of next node: Cost = 1,267.8 : 1,329.17 | cr=22, dd=15, da=5, tlv=12, sm=66, rd=109.09, cd=0, um=0","Time elapsed: 11.66 seconds","/home/thomasverwaal/Robust-Rail-NL/mathematical-models/local_search_plans_discreet_120/plan_33_trains_11_units17.json"
"/home/thomasverwaal/Robust-Rail-NL/mathematical-models/scenarios_solver_types_120/scenario_solver_33_trains_11_units17.json","Cost of next node: Cost = 1,045.5 : 1,106.86 | cr=22, dd=11, da=4, tlv=12, sm=66, rd=103.64, cd=0, um=0","Time elapsed: 12.29 seconds","/home/thomasverwaal/Robust-Rail-NL/mathematical-models/local_search_plans_discreet_120/plan_33_trains_11_units17.json"
"/home/thomasverwaal/Robust-Rail-NL/mathematical-models/scenarios_solver_types_120/scenario_solver_33_trains_11_units17.json","Cost of next node: Cost = 960.5 : 1,026.77 | cr=24, dd=9, da=3, tlv=13, sm=66, rd=100.00, cd=0, um=0","Time elapsed: 12.54 seconds","/home/thomasverwaal/Robust-Rail-NL/mathematical-models/local_search_plans_discreet_120/plan_33_trains_11_units17.json"
"/home/thomasverwaal/Robust-Rail-NL/mathematical-models/scenarios_solver_types_120/scenario_solver_33_trains_11_units17.json","Cost of next node: Cost = 935.5 : 996.77 | cr=23, dd=9, da=3, tlv=12, sm=66, rd=100.00, cd=0, um=0","Time elapsed: 12.63 seconds","/home/thomasverwaal/Robust-Rail-NL/mathematical-models/local_search_plans_discreet_120/plan_33_trains_11_units17.json"
"/home/thomasverwaal/Robust-Rail-NL/mathematical-models/scenarios_solver_types_120/scenario_solver_33_trains_11_units17.json","Cost of next node: Cost = 678.2 : 744.52 | cr=23, dd=4, da=2, tlv=13, sm=66, rd=92.73, cd=0, um=0","Time elapsed: 13.00 seconds","/home/thomasverwaal/Robust-Rail-NL/mathematical-models/local_search_plans_discreet_120/plan_33_trains_11_units17.json"
"/home/thomasverwaal/Robust-Rail-NL/mathematical-models/scenarios_solver_types_120/scenario_solver_33_trains_11_units17.json","Cost of next node: Cost = 564.8 : 636.12 | cr=23, dd=2, da=1, tlv=14, sm=66, rd=85.45, cd=0, um=0","Time elapsed: 13.32 seconds","/home/thomasverwaal/Robust-Rail-NL/mathematical-models/local_search_plans_discreet_120/plan_33_trains_11_units17.json"
"/home/thomasverwaal/Robust-Rail-NL/mathematical-models/scenarios_solver_types_120/scenario_solver_33_trains_11_units17.json","Cost of next node: Cost = 506.5 : 582.82 | cr=23, dd=1, da=0, tlv=15, sm=66, rd=81.82, cd=0, um=0","Time elapsed: 13.49 seconds","/home/thomasverwaal/Robust-Rail-NL/mathematical-models/local_search_plans_discreet_120/plan_33_trains_11_units17.json"
"/home/thomasverwaal/Robust-Rail-NL/mathematical-models/scenarios_solver_types_120/scenario_solver_33_trains_11_units17.json","Cost of next node: Cost = 480.0 : 561.32 | cr=24, dd=0, da=0, tlv=16, sm=66, rd=80.00, cd=0, um=0","Time elapsed: 13.87 seconds","/home/thomasverwaal/Robust-Rail-NL/mathematical-models/local_search_plans_discreet_120/plan_33_trains_11_units17.json"
"/home/thomasverwaal/Robust-Rail-NL/mathematical-models/scenarios_solver_types_120/scenario_solver_33_trains_11_units17.json","Cost of next node: Cost = 455.0 : 531.32 | cr=23, dd=0, da=0, tlv=15, sm=66, rd=81.82, cd=0, um=0","Time elapsed: 14.19 seconds","/home/thomasverwaal/Robust-Rail-NL/mathematical-models/local_search_plans_discreet_120/plan_33_trains_11_units17.json"
"/home/thomasverwaal/Robust-Rail-NL/mathematical-models/scenarios_solver_types_120/scenario_solver_33_trains_11_units17.json","Cost of next node: Cost = 435.0 : 511.32 | cr=21, dd=0, da=0, tlv=15, sm=66, rd=81.82, cd=0, um=0","Time elapsed: 18.02 seconds","/home/thomasverwaal/Robust-Rail-NL/mathematical-models/local_search_plans_discreet_120/plan_33_trains_11_units17.json"
"/home/thomasverwaal/Robust-Rail-NL/mathematical-models/scenarios_solver_types_120/scenario_solver_33_trains_11_units17.json","Cost of next node: Cost = 425.0 : 501.32 | cr=20, dd=0, da=0, tlv=15, sm=66, rd=81.82, cd=0, um=0","Time elapsed: 21.45 seconds","/home/thomasverwaal/Robust-Rail-NL/mathematical-models/local_search_plans_discreet_120/plan_33_trains_11_units17.json"
"/home/thomasverwaal/Robust-Rail-NL/mathematical-models/scenarios_solver_types_120/scenario_solver_33_trains_11_units17.json","Cost of next node: Cost = 415.0 : 491.32 | cr=19, dd=0, da=0, tlv=15, sm=66, rd=81.82, cd=0, um=0","Time elapsed: 24.73 seconds","/home/thomasverwaal/Robust-Rail-NL/mathematical-models/local_search_plans_discreet_120/plan_33_trains_11_units17.json"
"/home/thomasverwaal/Robust-Rail-NL/mathematical-models/scenarios_solver_types_120/scenario_solver_33_trains_11_units17.json","Cost of next node: Cost = 405.0 : 481.32 | cr=18, dd=0, da=0, tlv=15, sm=66, rd=81.82, cd=0, um=0","Time elapsed: 27.90 seconds","/home/thomasverwaal/Robust-Rail-NL/mathematical-models/local_search_plans_discreet_120/plan_33_trains_11_units17.json"
"/home/thomasverwaal/Robust-Rail-NL/mathematical-models/scenarios_solver_types_120/scenario_solver_33_trains_11_units17.json","Cost of next node: Cost = 385.0 : 461.32 | cr=16, dd=0, da=0, tlv=15, sm=66, rd=81.82, cd=0, um=0","Time elapsed: 31.20 seconds","/home/thomasverwaal/Robust-Rail-NL/mathematical-models/local_search_plans_discreet_120/plan_33_trains_11_units17.json"
"/home/thomasverwaal/Robust-Rail-NL/mathematical-models/scenarios_solver_types_120/scenario_solver_33_trains_11_units17.json","Cost of next node: Cost = 375.0 : 451.32 | cr=15, dd=0, da=0, tlv=15, sm=66, rd=85.45, cd=0, um=0","Time elapsed: 34.09 seconds","/home/thomasverwaal/Robust-Rail-NL/mathematical-models/local_search_plans_discreet_120/plan_33_trains_11_units17.json"
"/home/thomasverwaal/Robust-Rail-NL/mathematical-models/scenarios_solver_types_120/scenario_solver_33_trains_11_units17.json","Cost of next node: Cost = 350.0 : 421.32 | cr=14, dd=0, da=0, tlv=14, sm=66, rd=85.45, cd=0, um=0","Time elapsed: 34.18 seconds","/home/thomasverwaal/Robust-Rail-NL/mathematical-models/local_search_plans_discreet_120/plan_33_trains_11_units17.json"
"/home/thomasverwaal/Robust-Rail-NL/mathematical-models/scenarios_solver_types_120/scenario_solver_33_trains_11_units17.json","Cost of next node: Cost = 320.0 : 391.32 | cr=11, dd=0, da=0, tlv=14, sm=66, rd=81.82, cd=0, um=0","Time elapsed: 34.35 seconds","/home/thomasverwaal/Robust-Rail-NL/mathematical-models/local_search_plans_discreet_120/plan_33_trains_11_units17.json"
"/home/thomasverwaal/Robust-Rail-NL/mathematical-models/scenarios_solver_types_120/scenario_solver_33_trains_11_units17.json","Cost of next node: Cost = 310.0 : 381.32 | cr=10, dd=0, da=0, tlv=14, sm=66, rd=81.82, cd=0, um=0","Time elapsed: 37.18 seconds","/home/thomasverwaal/Robust-Rail-NL/mathematical-models/local_search_plans_discreet_120/plan_33_trains_11_units17.json"
"/home/thomasverwaal/Robust-Rail-NL/mathematical-models/scenarios_solver_types_120/scenario_solver_33_trains_11_units17.json","Cost of next node: Cost = 300.0 : 371.32 | cr=9, dd=0, da=0, tlv=14, sm=66, rd=81.82, cd=0, um=0","Time elapsed: 39.62 seconds","/home/thomasverwaal/Robust-Rail-NL/mathematical-models/local_search_plans_discreet_120/plan_33_trains_11_units17.json"
"/home/thomasverwaal/Robust-Rail-NL/mathematical-models/scenarios_solver_types_120/scenario_solver_33_trains_11_units17.json","Cost of next node: Cost = 290.0 : 361.32 | cr=8, dd=0, da=0, tlv=14, sm=66, rd=81.82, cd=0, um=0","Time elapsed: 41.62 seconds","/home/thomasverwaal/Robust-Rail-NL/mathematical-models/local_search_plans_discreet_120/plan_33_trains_11_units17.json"
"/home/thomasverwaal/Robust-Rail-NL/mathematical-models/scenarios_solver_types_120/scenario_solver_33_trains_11_units17.json","Cost of next node: Cost = 280.0 : 351.32 | cr=7, dd=0, da=0, tlv=14, sm=66, rd=81.82, cd=0, um=0","Time elapsed: 43.73 seconds","/home/thomasverwaal/Robust-Rail-NL/mathematical-models/local_search_plans_discreet_120/plan_33_trains_11_units17.json"
"/home/thomasverwaal/Robust-Rail-NL/mathematical-models/scenarios_solver_types_120/scenario_solver_33_trains_11_units17.json","Cost of next node: Cost = 270.0 : 341.32 | cr=6, dd=0, da=0, tlv=14, sm=66, rd=81.82, cd=0, um=0","Time elapsed: 45.41 seconds","/home/thomasverwaal/Robust-Rail-NL/mathematical-models/local_search_plans_discreet_120/plan_33_trains_11_units17.json"
"/home/thomasverwaal/Robust-Rail-NL/mathematical-models/scenarios_solver_types_120/scenario_solver_33_trains_11_units17.json","Cost of next node: Cost = 260.0 : 331.32 | cr=5, dd=0, da=0, tlv=14, sm=66, rd=81.82, cd=0, um=0","Time elapsed: 65.09 seconds","/home/thomasverwaal/Robust-Rail-NL/mathematical-models/local_search_plans_discreet_120/plan_33_trains_11_units17.json"
"/home/thomasverwaal/Robust-Rail-NL/mathematical-models/scenarios_solver_types_120/scenario_solver_33_trains_11_units17.json","Cost of next node: Cost = 250.0 : 321.34 | cr=4, dd=0, da=0, tlv=14, sm=67, rd=82.39, cd=0, um=0","Time elapsed: 91.40 seconds","/home/thomasverwaal/Robust-Rail-NL/mathematical-models/local_search_plans_discreet_120/plan_33_trains_11_units17.json"
"/home/thomasverwaal/Robust-Rail-NL/mathematical-models/scenarios_solver_types_120/scenario_solver_33_trains_11_units17.json","Cost of next node: Cost = 240.0 : 311.34 | cr=3, dd=0, da=0, tlv=14, sm=67, rd=82.39, cd=0, um=0","Time elapsed: 208.39 seconds","/home/thomasverwaal/Robust-Rail-NL/mathematical-models/local_search_plans_discreet_120/plan_33_trains_11_units17.json"
"/home/thomasverwaal/Robust-Rail-NL/mathematical-models/scenarios_solver_types_120/scenario_solver_33_trains_11_units17.json","NO_COST_FOUND","NO_TIME_FOUND","NO_PLAN_CREATED"
"/home/thomasverwaal/Robust-Rail-NL/mathematical-models/scenarios_solver_types_120/scenario_solver_33_trains_11_units18.json","Cost of next node: Cost = 2,884.3 : 2,885.65 | cr=47, dd=33, da=31, tlv=0, sm=66, rd=181.82, cd=0, um=0","Time elapsed: 4.51 seconds","/home/thomasverwaal/Robust-Rail-NL/mathematical-models/local_search_plans_discreet_120/plan_33_trains_11_units18.json"
"/home/thomasverwaal/Robust-Rail-NL/mathematical-models/scenarios_solver_types_120/scenario_solver_33_trains_11_units18.json","Cost of next node: Cost = 2,818.3 : 2,824.58 | cr=48, dd=33, da=27, tlv=1, sm=66, rd=179.09, cd=0, um=0","Time elapsed: 4.62 seconds","/home/thomasverwaal/Robust-Rail-NL/mathematical-models/local_search_plans_discreet_120/plan_33_trains_11_units18.json"
"/home/thomasverwaal/Robust-Rail-NL/mathematical-models/scenarios_solver_types_120/scenario_solver_33_trains_11_units18.json","Cost of next node: Cost = 2,795.8 : 2,802.11 | cr=46, dd=33, da=27, tlv=1, sm=66, rd=177.27, cd=0, um=0","Time elapsed: 4.72 seconds","/home/thomasverwaal/Robust-Rail-NL/mathematical-models/local_search_plans_discreet_120/plan_33_trains_11_units18.json"
"/home/thomasverwaal/Robust-Rail-NL/mathematical-models/scenarios_solver_types_120/scenario_solver_33_trains_11_units18.json","Cost of next node: Cost = 2,644.4 : 2,650.67 | cr=47, dd=33, da=19, tlv=1, sm=66, rd=170.91, cd=0, um=0","Time elapsed: 4.79 seconds","/home/thomasverwaal/Robust-Rail-NL/mathematical-models/local_search_plans_discreet_120/plan_33_trains_11_units18.json"
"/home/thomasverwaal/Robust-Rail-NL/mathematical-models/scenarios_solver_types_120/scenario_solver_33_trains_11_units18.json","Cost of next node: Cost = 2,574.7 : 2,586.03 | cr=42, dd=33, da=17, tlv=2, sm=66, rd=168.18, cd=0, um=0","Time elapsed: 4.90 seconds","/home/thomasverwaal/Robust-Rail-NL/mathematical-models/local_search_plans_discreet_120/plan_33_trains_11_units18.json"
"/home/thomasverwaal/Robust-Rail-NL/mathematical-models/scenarios_solver_types_120/scenario_solver_33_trains_11_units18.json","Cost of next node: Cost = 2,537.0 : 2,553.36 | cr=41, dd=33, da=15, tlv=3, sm=66, rd=163.64, cd=0, um=0","Time elapsed: 5.04 seconds","/home/thomasverwaal/Robust-Rail-NL/mathematical-models/local_search_plans_discreet_120/plan_33_trains_11_units18.json"
"/home/thomasverwaal/Robust-Rail-NL/mathematical-models/scenarios_solver_types_120/scenario_solver_33_trains_11_units18.json","Cost of next node: Cost = 2,511.7 : 2,532.98 | cr=41, dd=33, da=13, tlv=4, sm=66, rd=160.00, cd=0, um=0","Time elapsed: 5.16 seconds","/home/thomasverwaal/Robust-Rail-NL/mathematical-models/local_search_plans_discreet_120/plan_33_trains_11_units18.json"
"/home/thomasverwaal/Robust-Rail-NL/mathematical-models/scenarios_solver_types_120/scenario_solver_33_trains_11_units18.json","Cost of next node: Cost = 2,487.5 : 2,508.82 | cr=40, dd=33, da=13, tlv=4, sm=66, rd=154.55, cd=0, um=0","Time elapsed: 5.55 seconds","/home/thomasverwaal/Robust-Rail-NL/mathematical-models/local_search_plans_discreet_120/plan_33_trains_11_units18.json"
"/home/thomasverwaal/Robust-Rail-NL/mathematical-models/scenarios_solver_types_120/scenario_solver_33_trains_11_units18.json","Cost of next node: Cost = 2,455.5 : 2,481.85 | cr=38, dd=33, da=13, tlv=5, sm=66, rd=147.27, cd=0, um=0","Time elapsed: 5.89 seconds","/home/thomasverwaal/Robust-Rail-NL/mathematical-models/local_search_plans_discreet_120/plan_33_trains_11_units18.json"
"/home/thomasverwaal/Robust-Rail-NL/mathematical-models/scenarios_solver_types_120/scenario_solver_33_trains_11_units18.json","Cost of next node: Cost = 2,417.8 : 2,449.15 | cr=33, dd=33, da=13, tlv=6, sm=66, rd=143.64, cd=0, um=0","Time elapsed: 6.26 seconds","/home/thomasverwaal/Robust-Rail-NL/mathematical-models/local_search_plans_discreet_120/plan_33_trains_11_units18.json"
"/home/thomasverwaal/Robust-Rail-NL/mathematical-models/scenarios_solver_types_120/scenario_solver_33_trains_11_units18.json","Cost of next node: Cost = 2,395.5 : 2,431.86 | cr=28, dd=33, da=13, tlv=7, sm=66, rd=147.27, cd=0, um=0","Time elapsed: 6.65 seconds","/home/thomasverwaal/Robust-Rail-NL/mathematical-models/local_search_plans_discreet_120/plan_33_trains_11_units18.json"
"/home/thomasverwaal/Robust-Rail-NL/mathematical-models/scenarios_solver_types_120/scenario_solver_33_trains_11_units18.json","Cost of next node: Cost = 2,374.8 : 2,411.16 | cr=26, dd=33, da=13, tlv=7, sm=66, rd=147.27, cd=0, um=0","Time elapsed: 6.71 seconds","/home/thomasverwaal/Robust-Rail-NL/mathematical-models/local_search_plans_discreet_120/plan_33_trains_11_units18.json"
"/home/thomasverwaal/Robust-Rail-NL/mathematical-models/scenarios_solver_types_120/scenario_solver_33_trains_11_units18.json","Cost of next node: Cost = 2,343.5 : 2,384.84 | cr=25, dd=33, da=11, tlv=8, sm=66, rd=145.45, cd=0, um=0","Time elapsed: 7.18 seconds","/home/thomasverwaal/Robust-Rail-NL/mathematical-models/local_search_plans_discreet_120/plan_33_trains_11_units18.json"
"/home/thomasverwaal/Robust-Rail-NL/mathematical-models/scenarios_solver_types_120/scenario_solver_33_trains_11_units18.json","Cost of next node: Cost = 2,320.1 : 2,356.43 | cr=24, dd=33, da=11, tlv=7, sm=66, rd=147.27, cd=0, um=0","Time elapsed: 7.33 seconds","/home/thomasverwaal/Robust-Rail-NL/mathematical-models/local_search_plans_discreet_120/plan_33_trains_11_units18.json"
"/home/thomasverwaal/Robust-Rail-NL/mathematical-models/scenarios_solver_types_120/scenario_solver_33_trains_11_units18.json","Cost of next node: Cost = 2,286.0 : 2,327.30 | cr=20, dd=33, da=11, tlv=8, sm=66, rd=145.45, cd=0, um=0","Time elapsed: 7.74 seconds","/home/thomasverwaal/Robust-Rail-NL/mathematical-models/local_search_plans_discreet_120/plan_33_trains_11_units18.json"
"/home/thomasverwaal/Robust-Rail-NL/mathematical-models/scenarios_solver_types_120/scenario_solver_33_trains_11_units18.json","Cost of next node: Cost = 2,262.3 : 2,308.61 | cr=19, dd=33, da=10, tlv=9, sm=66, rd=140.00, cd=0, um=0","Time elapsed: 8.21 seconds","/home/thomasverwaal/Robust-Rail-NL/mathematical-models/local_search_plans_discreet_120/plan_33_trains_11_units18.json"
"/home/thomasverwaal/Robust-Rail-NL/mathematical-models/scenarios_solver_types_120/scenario_solver_33_trains_11_units18.json","Cost of next node: Cost = 2,240.0 : 2,291.32 | cr=19, dd=33, da=9, tlv=10, sm=66, rd=134.55, cd=0, um=0","Time elapsed: 8.64 seconds","/home/thomasverwaal/Robust-Rail-NL/mathematical-models/local_search_plans_discreet_120/plan_33_trains_11_units18.json"
"/home/thomasverwaal/Robust-Rail-NL/mathematical-models/scenarios_solver_types_120/scenario_solver_33_trains_11_units18.json","Cost of next node: Cost = 2,218.8 : 2,275.15 | cr=19, dd=33, da=8, tlv=11, sm=66, rd=127.27, cd=0, um=0","Time elapsed: 9.13 seconds","/home/thomasverwaal/Robust-Rail-NL/mathematical-models/local_search_plans_discreet_120/plan_33_trains_11_units18.json"
"/home/thomasverwaal/Robust-Rail-NL/mathematical-models/scenarios_solver_types_120/scenario_solver_33_trains_11_units18.json","Cost of next node: Cost = 2,194.0 : 2,255.33 | cr=17, dd=33, da=6, tlv=12, sm=66, rd=129.09, cd=0, um=0","Time elapsed: 9.61 seconds","/home/thomasverwaal/Robust-Rail-NL/mathematical-models/local_search_plans_discreet_120/plan_33_trains_11_units18.json"
"/home/thomasverwaal/Robust-Rail-NL/mathematical-models/scenarios_solver_types_120/scenario_solver_33_trains_11_units18.json","Cost of next node: Cost = 2,107.8 : 2,169.16 | cr=18, dd=31, da=8, tlv=12, sm=66, rd=123.64, cd=0, um=0","Time elapsed: 9.71 seconds","/home/thomasverwaal/Robust-Rail-NL/mathematical-models/local_search_plans_discreet_120/plan_33_trains_11_units18.json"
"/home/thomasverwaal/Robust-Rail-NL/mathematical-models/scenarios_solver_types_120/scenario_solver_33_trains_11_units18.json","Cost of next node: Cost = 2,078.2 : 2,139.48 | cr=20, dd=30, da=8, tlv=12, sm=66, rd=123.64, cd=0, um=0","Time elapsed: 9.81 seconds","/home/thomasverwaal/Robust-Rail-NL/mathematical-models/local_search_plans_discreet_120/plan_33_trains_11_units18.json"
"/home/thomasverwaal/Robust-Rail-NL/mathematical-models/scenarios_solver_types_120/scenario_solver_33_trains_11_units18.json","Cost of next node: Cost = 2,023.4 : 2,084.72 | cr=20, dd=29, da=8, tlv=12, sm=66, rd=118.18, cd=0, um=0","Time elapsed: 9.94 seconds","/home/thomasverwaal/Robust-Rail-NL/mathematical-models/local_search_plans_discreet_120/plan_33_trains_11_units18.json"
"/home/thomasverwaal/Robust-Rail-NL/mathematical-models/scenarios_solver_types_120/scenario_solver_33_trains_11_units18.json","Cost of next node: Cost = 1,975.7 : 2,037.06 | cr=19, dd=29, da=6, tlv=12, sm=66, rd=114.55, cd=0, um=0","Time elapsed: 10.49 seconds","/home/thomasverwaal/Robust-Rail-NL/mathematical-models/local_search_plans_discreet_120/plan_33_trains_11_units18.json"
"/home/thomasverwaal/Robust-Rail-NL/mathematical-models/scenarios_solver_types_120/scenario_solver_33_trains_11_units18.json","Cost of next node: Cost = 1,951.4 : 2,017.77 | cr=20, dd=28, da=6, tlv=13, sm=66, rd=112.73, cd=0, um=0","Time elapsed: 10.84 seconds","/home/thomasverwaal/Robust-Rail-NL/mathematical-models/local_search_plans_discreet_120/plan_33_trains_11_units18.json"
"/home/thomasverwaal/Robust-Rail-NL/mathematical-models/scenarios_solver_types_120/scenario_solver_33_trains_11_units18.json","Cost of next node: Cost = 1,905.8 : 1,977.13 | cr=19, dd=27, da=6, tlv=14, sm=66, rd=110.91, cd=0, um=0","Time elapsed: 11.48 seconds","/home/thomasverwaal/Robust-Rail-NL/mathematical-models/local_search_plans_discreet_120/plan_33_trains_11_units18.json"
"/home/thomasverwaal/Robust-Rail-NL/mathematical-models/scenarios_solver_types_120/scenario_solver_33_trains_11_units18.json","Cost of next node: Cost = 1,858.0 : 1,934.37 | cr=20, dd=26, da=5, tlv=15, sm=66, rd=107.27, cd=0, um=0","Time elapsed: 12.17 seconds","/home/thomasverwaal/Robust-Rail-NL/mathematical-models/local_search_plans_discreet_120/plan_33_trains_11_units18.json"
"/home/thomasverwaal/Robust-Rail-NL/mathematical-models/scenarios_solver_types_120/scenario_solver_33_trains_11_units18.json","Cost of next node: Cost = 1,833.8 : 1,905.14 | cr=19, dd=26, da=5, tlv=14, sm=66, rd=109.09, cd=0, um=0","Time elapsed: 12.74 seconds","/home/thomasverwaal/Robust-Rail-NL/mathematical-models/local_search_plans_discreet_120/plan_33_trains_11_units18.json"
"/home/thomasverwaal/Robust-Rail-NL/mathematical-models/scenarios_solver_types_120/scenario_solver_33_trains_11_units18.json","Cost of next node: Cost = 1,480.0 : 1,556.34 | cr=20, dd=19, da=4, tlv=15, sm=66, rd=100.00, cd=0, um=0","Time elapsed: 13.17 seconds","/home/thomasverwaal/Robust-Rail-NL/mathematical-models/local_search_plans_discreet_120/plan_33_trains_11_units18.json"
"/home/thomasverwaal/Robust-Rail-NL/mathematical-models/scenarios_solver_types_120/scenario_solver_33_trains_11_units18.json","Cost of next node: Cost = 1,429.8 : 1,506.14 | cr=20, dd=18, da=4, tlv=15, sm=66, rd=100.00, cd=0, um=0","Time elapsed: 13.26 seconds","/home/thomasverwaal/Robust-Rail-NL/mathematical-models/local_search_plans_discreet_120/plan_33_trains_11_units18.json"
"/home/thomasverwaal/Robust-Rail-NL/mathematical-models/scenarios_solver_types_120/scenario_solver_33_trains_11_units18.json","Cost of next node: Cost = 1,380.1 : 1,456.41 | cr=20, dd=17, da=4, tlv=15, sm=66, rd=100.00, cd=0, um=0","Time elapsed: 13.38 seconds","/home/thomasverwaal/Robust-Rail-NL/mathematical-models/local_search_plans_discreet_120/plan_33_trains_11_units18.json"
"/home/thomasverwaal/Robust-Rail-NL/mathematical-models/scenarios_solver_types_120/scenario_solver_33_trains_11_units18.json","Cost of next node: Cost = 1,153.7 : 1,234.98 | cr=18, dd=13, da=3, tlv=16, sm=66, rd=94.55, cd=0, um=0","Time elapsed: 13.72 seconds","/home/thomasverwaal/Robust-Rail-NL/mathematical-models/local_search_plans_discreet_120/plan_33_trains_11_units18.json"
"/home/thomasverwaal/Robust-Rail-NL/mathematical-models/scenarios_solver_types_120/scenario_solver_33_trains_11_units18.json","Cost of next node: Cost = 1,128.7 : 1,204.98 | cr=17, dd=13, da=3, tlv=15, sm=66, rd=96.36, cd=0, um=0","Time elapsed: 14.05 seconds","/home/thomasverwaal/Robust-Rail-NL/mathematical-models/local_search_plans_discreet_120/plan_33_trains_11_units18.json"
"/home/thomasverwaal/Robust-Rail-NL/mathematical-models/scenarios_solver_types_120/scenario_solver_33_trains_11_units18.json","Cost of next node: Cost = 1,106.8 : 1,183.14 | cr=17, dd=13, da=2, tlv=15, sm=66, rd=94.55, cd=0, um=0","Time elapsed: 14.30 seconds","/home/thomasverwaal/Robust-Rail-NL/mathematical-models/local_search_plans_discreet_120/plan_33_trains_11_units18.json"
"/home/thomasverwaal/Robust-Rail-NL/mathematical-models/scenarios_solver_types_120/scenario_solver_33_trains_11_units18.json","Cost of next node: Cost = 943.5 : 1,024.82 | cr=17, dd=10, da=1, tlv=16, sm=66, rd=87.27, cd=0, um=0","Time elapsed: 14.55 seconds","/home/thomasverwaal/Robust-Rail-NL/mathematical-models/local_search_plans_discreet_120/plan_33_trains_11_units18.json"
"/home/thomasverwaal/Robust-Rail-NL/mathematical-models/scenarios_solver_types_120/scenario_solver_33_trains_11_units18.json","Cost of next node: Cost = 476.5 : 562.82 | cr=17, dd=1, da=0, tlv=17, sm=66, rd=76.36, cd=0, um=0","Time elapsed: 14.92 seconds","/home/thomasverwaal/Robust-Rail-NL/mathematical-models/local_search_plans_discreet_120/plan_33_trains_11_units18.json"
"/home/thomasverwaal/Robust-Rail-NL/mathematical-models/scenarios_solver_types_120/scenario_solver_33_trains_11_units18.json","Cost of next node: Cost = 430.0 : 521.32 | cr=16, dd=0, da=0, tlv=18, sm=66, rd=74.55, cd=0, um=0","Time elapsed: 15.20 seconds","/home/thomasverwaal/Robust-Rail-NL/mathematical-models/local_search_plans_discreet_120/plan_33_trains_11_units18.json"
"/home/thomasverwaal/Robust-Rail-NL/mathematical-models/scenarios_solver_types_120/scenario_solver_33_trains_11_units18.json","Cost of next node: Cost = 415.0 : 501.32 | cr=16, dd=0, da=0, tlv=17, sm=66, rd=76.36, cd=0, um=0","Time elapsed: 20.09 seconds","/home/thomasverwaal/Robust-Rail-NL/mathematical-models/local_search_plans_discreet_120/plan_33_trains_11_units18.json"
"/home/thomasverwaal/Robust-Rail-NL/mathematical-models/scenarios_solver_types_120/scenario_solver_33_trains_11_units18.json","Cost of next node: Cost = 400.0 : 481.32 | cr=16, dd=0, da=0, tlv=16, sm=66, rd=78.18, cd=0, um=0","Time elapsed: 25.03 seconds","/home/thomasverwaal/Robust-Rail-NL/mathematical-models/local_search_plans_discreet_120/plan_33_trains_11_units18.json"
"/home/thomasverwaal/Robust-Rail-NL/mathematical-models/scenarios_solver_types_120/scenario_solver_33_trains_11_units18.json","Cost of next node: Cost = 385.0 : 461.32 | cr=16, dd=0, da=0, tlv=15, sm=66, rd=78.18, cd=0, um=0","Time elapsed: 29.21 seconds","/home/thomasverwaal/Robust-Rail-NL/mathematical-models/local_search_plans_discreet_120/plan_33_trains_11_units18.json"
"/home/thomasverwaal/Robust-Rail-NL/mathematical-models/scenarios_solver_types_120/scenario_solver_33_trains_11_units18.json","Cost of next node: Cost = 370.0 : 441.32 | cr=16, dd=0, da=0, tlv=14, sm=66, rd=80.00, cd=0, um=0","Time elapsed: 32.95 seconds","/home/thomasverwaal/Robust-Rail-NL/mathematical-models/local_search_plans_discreet_120/plan_33_trains_11_units18.json"
"/home/thomasverwaal/Robust-Rail-NL/mathematical-models/scenarios_solver_types_120/scenario_solver_33_trains_11_units18.json","Cost of next node: Cost = 350.0 : 421.32 | cr=14, dd=0, da=0, tlv=14, sm=66, rd=80.00, cd=0, um=0","Time elapsed: 35.95 seconds","/home/thomasverwaal/Robust-Rail-NL/mathematical-models/local_search_plans_discreet_120/plan_33_trains_11_units18.json"
"/home/thomasverwaal/Robust-Rail-NL/mathematical-models/scenarios_solver_types_120/scenario_solver_33_trains_11_units18.json","Cost of next node: Cost = 340.0 : 411.32 | cr=13, dd=0, da=0, tlv=14, sm=66, rd=80.00, cd=0, um=0","Time elapsed: 38.54 seconds","/home/thomasverwaal/Robust-Rail-NL/mathematical-models/local_search_plans_discreet_120/plan_33_trains_11_units18.json"
"/home/thomasverwaal/Robust-Rail-NL/mathematical-models/scenarios_solver_types_120/scenario_solver_33_trains_11_units18.json","Cost of next node: Cost = 330.0 : 401.32 | cr=12, dd=0, da=0, tlv=14, sm=66, rd=80.00, cd=0, um=0","Time elapsed: 40.91 seconds","/home/thomasverwaal/Robust-Rail-NL/mathematical-models/local_search_plans_discreet_120/plan_33_trains_11_units18.json"
"/home/thomasverwaal/Robust-Rail-NL/mathematical-models/scenarios_solver_types_120/scenario_solver_33_trains_11_units18.json","Cost of next node: Cost = 320.0 : 391.32 | cr=11, dd=0, da=0, tlv=14, sm=66, rd=80.00, cd=0, um=0","Time elapsed: 43.47 seconds","/home/thomasverwaal/Robust-Rail-NL/mathematical-models/local_search_plans_discreet_120/plan_33_trains_11_units18.json"
"/home/thomasverwaal/Robust-Rail-NL/mathematical-models/scenarios_solver_types_120/scenario_solver_33_trains_11_units18.json","Cost of next node: Cost = 310.0 : 381.32 | cr=10, dd=0, da=0, tlv=14, sm=66, rd=80.00, cd=0, um=0","Time elapsed: 45.42 seconds","/home/thomasverwaal/Robust-Rail-NL/mathematical-models/local_search_plans_discreet_120/plan_33_trains_11_units18.json"
"/home/thomasverwaal/Robust-Rail-NL/mathematical-models/scenarios_solver_types_120/scenario_solver_33_trains_11_units18.json","Cost of next node: Cost = 290.0 : 361.32 | cr=8, dd=0, da=0, tlv=14, sm=66, rd=80.00, cd=0, um=0","Time elapsed: 47.01 seconds","/home/thomasverwaal/Robust-Rail-NL/mathematical-models/local_search_plans_discreet_120/plan_33_trains_11_units18.json"
"/home/thomasverwaal/Robust-Rail-NL/mathematical-models/scenarios_solver_types_120/scenario_solver_33_trains_11_units18.json","Cost of next node: Cost = 280.0 : 351.32 | cr=7, dd=0, da=0, tlv=14, sm=66, rd=80.00, cd=0, um=0","Time elapsed: 88.64 seconds","/home/thomasverwaal/Robust-Rail-NL/mathematical-models/local_search_plans_discreet_120/plan_33_trains_11_units18.json"
"/home/thomasverwaal/Robust-Rail-NL/mathematical-models/scenarios_solver_types_120/scenario_solver_33_trains_11_units18.json","Cost of next node: Cost = 270.0 : 341.32 | cr=6, dd=0, da=0, tlv=14, sm=66, rd=80.00, cd=0, um=0","Time elapsed: 93.71 seconds","/home/thomasverwaal/Robust-Rail-NL/mathematical-models/local_search_plans_discreet_120/plan_33_trains_11_units18.json"
"/home/thomasverwaal/Robust-Rail-NL/mathematical-models/scenarios_solver_types_120/scenario_solver_33_trains_11_units18.json","Cost of next node: Cost = 260.0 : 331.32 | cr=5, dd=0, da=0, tlv=14, sm=66, rd=80.00, cd=0, um=0","Time elapsed: 117.17 seconds","/home/thomasverwaal/Robust-Rail-NL/mathematical-models/local_search_plans_discreet_120/plan_33_trains_11_units18.json"
"/home/thomasverwaal/Robust-Rail-NL/mathematical-models/scenarios_solver_types_120/scenario_solver_33_trains_11_units18.json","Cost of next node: Cost = 245.0 : 311.34 | cr=5, dd=0, da=0, tlv=13, sm=67, rd=82.39, cd=0, um=0","Time elapsed: 134.27 seconds","/home/thomasverwaal/Robust-Rail-NL/mathematical-models/local_search_plans_discreet_120/plan_33_trains_11_units18.json"
"/home/thomasverwaal/Robust-Rail-NL/mathematical-models/scenarios_solver_types_120/scenario_solver_33_trains_11_units18.json","NO_COST_FOUND","NO_TIME_FOUND","NO_PLAN_CREATED"
