scenario,cost_line,time_line,plan_file
"/home/thomasverwaal/Robust-Rail-NL/mathematical-models/scenarios_solver_types_120/scenario_solver_32_trains_1_units14.json","Cost of next node: Cost = 2,751.0 : 2,752.24 | cr=41, dd=32, da=30, tlv=0, sm=64, rd=180.00, cd=0, um=0","Time elapsed: 5.25 seconds","/home/thomasverwaal/Robust-Rail-NL/mathematical-models/local_search_plans_discreet_120/plan_32_trains_1_units14.json"
"/home/thomasverwaal/Robust-Rail-NL/mathematical-models/scenarios_solver_types_120/scenario_solver_32_trains_1_units14.json","Cost of next node: Cost = 2,723.6 : 2,724.88 | cr=39, dd=32, da=30, tlv=0, sm=64, rd=178.12, cd=0, um=0","Time elapsed: 5.38 seconds","/home/thomasverwaal/Robust-Rail-NL/mathematical-models/local_search_plans_discreet_120/plan_32_trains_1_units14.json"
"/home/thomasverwaal/Robust-Rail-NL/mathematical-models/scenarios_solver_types_120/scenario_solver_32_trains_1_units14.json","Cost of next node: Cost = 2,703.1 : 2,704.42 | cr=37, dd=32, da=30, tlv=0, sm=64, rd=178.12, cd=0, um=0","Time elapsed: 5.67 seconds","/home/thomasverwaal/Robust-Rail-NL/mathematical-models/local_search_plans_discreet_120/plan_32_trains_1_units14.json"
"/home/thomasverwaal/Robust-Rail-NL/mathematical-models/scenarios_solver_types_120/scenario_solver_32_trains_1_units14.json","Cost of next node: Cost = 2,682.4 : 2,683.70 | cr=35, dd=32, da=30, tlv=0, sm=64, rd=178.12, cd=0, um=0","Time elapsed: 5.96 seconds","/home/thomasverwaal/Robust-Rail-NL/mathematical-models/local_search_plans_discreet_120/plan_32_trains_1_units14.json"
"/home/thomasverwaal/Robust-Rail-NL/mathematical-models/scenarios_solver_types_120/scenario_solver_32_trains_1_units14.json","Cost of next node: Cost = 2,641.0 : 2,647.32 | cr=38, dd=32, da=27, tlv=1, sm=64, rd=174.38, cd=0, um=0","Time elapsed: 6.26 seconds","/home/thomasverwaal/Robust-Rail-NL/mathematical-models/local_search_plans_discreet_120/plan_32_trains_1_units14.json"
"/home/thomasverwaal/Robust-Rail-NL/mathematical-models/scenarios_solver_types_120/scenario_solver_32_trains_1_units14.json","Cost of next node: Cost = 2,615.4 : 2,626.65 | cr=33, dd=32, da=27, tlv=2, sm=64, rd=176.25, cd=0, um=0","Time elapsed: 6.52 seconds","/home/thomasverwaal/Robust-Rail-NL/mathematical-models/local_search_plans_discreet_120/plan_32_trains_1_units14.json"
"/home/thomasverwaal/Robust-Rail-NL/mathematical-models/scenarios_solver_types_120/scenario_solver_32_trains_1_units14.json","Cost of next node: Cost = 2,524.3 : 2,530.61 | cr=37, dd=32, da=22, tlv=1, sm=64, rd=168.75, cd=0, um=0","Time elapsed: 6.79 seconds","/home/thomasverwaal/Robust-Rail-NL/mathematical-models/local_search_plans_discreet_120/plan_32_trains_1_units14.json"
"/home/thomasverwaal/Robust-Rail-NL/mathematical-models/scenarios_solver_types_120/scenario_solver_32_trains_1_units14.json","Cost of next node: Cost = 2,472.5 : 2,483.78 | cr=34, dd=32, da=20, tlv=2, sm=64, rd=165.94, cd=0, um=0","Time elapsed: 7.03 seconds","/home/thomasverwaal/Robust-Rail-NL/mathematical-models/local_search_plans_discreet_120/plan_32_trains_1_units14.json"
"/home/thomasverwaal/Robust-Rail-NL/mathematical-models/scenarios_solver_types_120/scenario_solver_32_trains_1_units14.json","Cost of next node: Cost = 2,452.0 : 2,463.23 | cr=32, dd=32, da=20, tlv=2, sm=64, rd=165.94, cd=0, um=0","Time elapsed: 7.08 seconds","/home/thomasverwaal/Robust-Rail-NL/mathematical-models/local_search_plans_discreet_120/plan_32_trains_1_units14.json"
"/home/thomasverwaal/Robust-Rail-NL/mathematical-models/scenarios_solver_types_120/scenario_solver_32_trains_1_units14.json","Cost of next node: Cost = 2,395.7 : 2,411.99 | cr=35, dd=32, da=15, tlv=3, sm=64, rd=161.25, cd=0, um=0","Time elapsed: 7.40 seconds","/home/thomasverwaal/Robust-Rail-NL/mathematical-models/local_search_plans_discreet_120/plan_32_trains_1_units14.json"
"/home/thomasverwaal/Robust-Rail-NL/mathematical-models/scenarios_solver_types_120/scenario_solver_32_trains_1_units14.json","Cost of next node: Cost = 2,350.9 : 2,372.19 | cr=35, dd=32, da=12, tlv=4, sm=64, rd=157.50, cd=0, um=0","Time elapsed: 7.62 seconds","/home/thomasverwaal/Robust-Rail-NL/mathematical-models/local_search_plans_discreet_120/plan_32_trains_1_units14.json"
"/home/thomasverwaal/Robust-Rail-NL/mathematical-models/scenarios_solver_types_120/scenario_solver_32_trains_1_units14.json","Cost of next node: Cost = 2,323.6 : 2,339.92 | cr=34, dd=32, da=12, tlv=3, sm=64, rd=155.62, cd=0, um=0","Time elapsed: 8.02 seconds","/home/thomasverwaal/Robust-Rail-NL/mathematical-models/local_search_plans_discreet_120/plan_32_trains_1_units14.json"
"/home/thomasverwaal/Robust-Rail-NL/mathematical-models/scenarios_solver_types_120/scenario_solver_32_trains_1_units14.json","Cost of next node: Cost = 2,300.9 : 2,317.17 | cr=33, dd=32, da=12, tlv=3, sm=64, rd=151.88, cd=0, um=0","Time elapsed: 8.48 seconds","/home/thomasverwaal/Robust-Rail-NL/mathematical-models/local_search_plans_discreet_120/plan_32_trains_1_units14.json"
"/home/thomasverwaal/Robust-Rail-NL/mathematical-models/scenarios_solver_types_120/scenario_solver_32_trains_1_units14.json","Cost of next node: Cost = 2,280.7 : 2,296.95 | cr=33, dd=32, da=11, tlv=3, sm=64, rd=150.00, cd=0, um=0","Time elapsed: 8.96 seconds","/home/thomasverwaal/Robust-Rail-NL/mathematical-models/local_search_plans_discreet_120/plan_32_trains_1_units14.json"
"/home/thomasverwaal/Robust-Rail-NL/mathematical-models/scenarios_solver_types_120/scenario_solver_32_trains_1_units14.json","Cost of next node: Cost = 2,235.7 : 2,256.95 | cr=27, dd=32, da=11, tlv=4, sm=64, rd=150.00, cd=0, um=0","Time elapsed: 9.86 seconds","/home/thomasverwaal/Robust-Rail-NL/mathematical-models/local_search_plans_discreet_120/plan_32_trains_1_units14.json"
"/home/thomasverwaal/Robust-Rail-NL/mathematical-models/scenarios_solver_types_120/scenario_solver_32_trains_1_units14.json","Cost of next node: Cost = 2,190.8 : 2,217.13 | cr=23, dd=32, da=11, tlv=5, sm=64, rd=140.62, cd=0, um=0","Time elapsed: 10.32 seconds","/home/thomasverwaal/Robust-Rail-NL/mathematical-models/local_search_plans_discreet_120/plan_32_trains_1_units14.json"
"/home/thomasverwaal/Robust-Rail-NL/mathematical-models/scenarios_solver_types_120/scenario_solver_32_trains_1_units14.json","Cost of next node: Cost = 2,167.6 : 2,198.88 | cr=22, dd=32, da=10, tlv=6, sm=64, rd=135.00, cd=0, um=0","Time elapsed: 10.75 seconds","/home/thomasverwaal/Robust-Rail-NL/mathematical-models/local_search_plans_discreet_120/plan_32_trains_1_units14.json"
"/home/thomasverwaal/Robust-Rail-NL/mathematical-models/scenarios_solver_types_120/scenario_solver_32_trains_1_units14.json","Cost of next node: Cost = 2,139.6 : 2,175.86 | cr=18, dd=32, da=10, tlv=7, sm=64, rd=135.94, cd=0, um=0","Time elapsed: 11.25 seconds","/home/thomasverwaal/Robust-Rail-NL/mathematical-models/local_search_plans_discreet_120/plan_32_trains_1_units14.json"
"/home/thomasverwaal/Robust-Rail-NL/mathematical-models/scenarios_solver_types_120/scenario_solver_32_trains_1_units14.json","Cost of next node: Cost = 2,105.1 : 2,146.42 | cr=22, dd=29, da=14, tlv=8, sm=64, rd=135.94, cd=0, um=0","Time elapsed: 11.65 seconds","/home/thomasverwaal/Robust-Rail-NL/mathematical-models/local_search_plans_discreet_120/plan_32_trains_1_units14.json"
"/home/thomasverwaal/Robust-Rail-NL/mathematical-models/scenarios_solver_types_120/scenario_solver_32_trains_1_units14.json","Cost of next node: Cost = 2,058.1 : 2,099.35 | cr=23, dd=28, da=14, tlv=8, sm=64, rd=129.38, cd=0, um=0","Time elapsed: 11.81 seconds","/home/thomasverwaal/Robust-Rail-NL/mathematical-models/local_search_plans_discreet_120/plan_32_trains_1_units14.json"
"/home/thomasverwaal/Robust-Rail-NL/mathematical-models/scenarios_solver_types_120/scenario_solver_32_trains_1_units14.json","Cost of next node: Cost = 1,910.0 : 1,951.29 | cr=23, dd=25, da=14, tlv=8, sm=64, rd=129.38, cd=0, um=0","Time elapsed: 12.02 seconds","/home/thomasverwaal/Robust-Rail-NL/mathematical-models/local_search_plans_discreet_120/plan_32_trains_1_units14.json"
"/home/thomasverwaal/Robust-Rail-NL/mathematical-models/scenarios_solver_types_120/scenario_solver_32_trains_1_units14.json","Cost of next node: Cost = 1,861.7 : 1,902.96 | cr=23, dd=24, da=14, tlv=8, sm=64, rd=129.38, cd=0, um=0","Time elapsed: 12.25 seconds","/home/thomasverwaal/Robust-Rail-NL/mathematical-models/local_search_plans_discreet_120/plan_32_trains_1_units14.json"
"/home/thomasverwaal/Robust-Rail-NL/mathematical-models/scenarios_solver_types_120/scenario_solver_32_trains_1_units14.json","Cost of next node: Cost = 1,798.6 : 1,839.90 | cr=22, dd=23, da=14, tlv=8, sm=64, rd=127.50, cd=0, um=0","Time elapsed: 12.47 seconds","/home/thomasverwaal/Robust-Rail-NL/mathematical-models/local_search_plans_discreet_120/plan_32_trains_1_units14.json"
"/home/thomasverwaal/Robust-Rail-NL/mathematical-models/scenarios_solver_types_120/scenario_solver_32_trains_1_units14.json","Cost of next node: Cost = 1,759.2 : 1,800.48 | cr=23, dd=22, da=14, tlv=8, sm=64, rd=127.50, cd=0, um=0","Time elapsed: 12.57 seconds","/home/thomasverwaal/Robust-Rail-NL/mathematical-models/local_search_plans_discreet_120/plan_32_trains_1_units14.json"
"/home/thomasverwaal/Robust-Rail-NL/mathematical-models/scenarios_solver_types_120/scenario_solver_32_trains_1_units14.json","Cost of next node: Cost = 1,721.1 : 1,762.34 | cr=24, dd=21, da=14, tlv=8, sm=64, rd=129.38, cd=0, um=0","Time elapsed: 12.77 seconds","/home/thomasverwaal/Robust-Rail-NL/mathematical-models/local_search_plans_discreet_120/plan_32_trains_1_units14.json"
"/home/thomasverwaal/Robust-Rail-NL/mathematical-models/scenarios_solver_types_120/scenario_solver_32_trains_1_units14.json","Cost of next node: Cost = 1,674.7 : 1,720.94 | cr=24, dd=21, da=11, tlv=9, sm=64, rd=125.62, cd=0, um=0","Time elapsed: 12.99 seconds","/home/thomasverwaal/Robust-Rail-NL/mathematical-models/local_search_plans_discreet_120/plan_32_trains_1_units14.json"
"/home/thomasverwaal/Robust-Rail-NL/mathematical-models/scenarios_solver_types_120/scenario_solver_32_trains_1_units14.json","Cost of next node: Cost = 1,649.5 : 1,700.80 | cr=20, dd=21, da=11, tlv=10, sm=64, rd=125.62, cd=0, um=0","Time elapsed: 13.20 seconds","/home/thomasverwaal/Robust-Rail-NL/mathematical-models/local_search_plans_discreet_120/plan_32_trains_1_units14.json"
"/home/thomasverwaal/Robust-Rail-NL/mathematical-models/scenarios_solver_types_120/scenario_solver_32_trains_1_units14.json","Cost of next node: Cost = 1,608.3 : 1,659.60 | cr=21, dd=20, da=11, tlv=10, sm=64, rd=125.62, cd=0, um=0","Time elapsed: 13.37 seconds","/home/thomasverwaal/Robust-Rail-NL/mathematical-models/local_search_plans_discreet_120/plan_32_trains_1_units14.json"
"/home/thomasverwaal/Robust-Rail-NL/mathematical-models/scenarios_solver_types_120/scenario_solver_32_trains_1_units14.json","Cost of next node: Cost = 1,574.2 : 1,630.53 | cr=21, dd=19, da=11, tlv=11, sm=64, rd=121.88, cd=0, um=0","Time elapsed: 13.47 seconds","/home/thomasverwaal/Robust-Rail-NL/mathematical-models/local_search_plans_discreet_120/plan_32_trains_1_units14.json"
"/home/thomasverwaal/Robust-Rail-NL/mathematical-models/scenarios_solver_types_120/scenario_solver_32_trains_1_units14.json","Cost of next node: Cost = 1,532.6 : 1,588.87 | cr=22, dd=18, da=11, tlv=11, sm=64, rd=121.88, cd=0, um=0","Time elapsed: 13.60 seconds","/home/thomasverwaal/Robust-Rail-NL/mathematical-models/local_search_plans_discreet_120/plan_32_trains_1_units14.json"
"/home/thomasverwaal/Robust-Rail-NL/mathematical-models/scenarios_solver_types_120/scenario_solver_32_trains_1_units14.json","Cost of next node: Cost = 1,483.4 : 1,539.70 | cr=22, dd=17, da=11, tlv=11, sm=64, rd=121.88, cd=0, um=0","Time elapsed: 13.77 seconds","/home/thomasverwaal/Robust-Rail-NL/mathematical-models/local_search_plans_discreet_120/plan_32_trains_1_units14.json"
"/home/thomasverwaal/Robust-Rail-NL/mathematical-models/scenarios_solver_types_120/scenario_solver_32_trains_1_units14.json","Cost of next node: Cost = 1,389.8 : 1,446.05 | cr=20, dd=16, da=10, tlv=11, sm=64, rd=118.12, cd=0, um=0","Time elapsed: 14.03 seconds","/home/thomasverwaal/Robust-Rail-NL/mathematical-models/local_search_plans_discreet_120/plan_32_trains_1_units14.json"
"/home/thomasverwaal/Robust-Rail-NL/mathematical-models/scenarios_solver_types_120/scenario_solver_32_trains_1_units14.json","Cost of next node: Cost = 1,320.5 : 1,381.76 | cr=19, dd=15, da=9, tlv=12, sm=64, rd=112.50, cd=0, um=0","Time elapsed: 14.26 seconds","/home/thomasverwaal/Robust-Rail-NL/mathematical-models/local_search_plans_discreet_120/plan_32_trains_1_units14.json"
"/home/thomasverwaal/Robust-Rail-NL/mathematical-models/scenarios_solver_types_120/scenario_solver_32_trains_1_units14.json","Cost of next node: Cost = 1,186.7 : 1,247.98 | cr=19, dd=14, da=5, tlv=12, sm=64, rd=106.88, cd=0, um=0","Time elapsed: 14.50 seconds","/home/thomasverwaal/Robust-Rail-NL/mathematical-models/local_search_plans_discreet_120/plan_32_trains_1_units14.json"
"/home/thomasverwaal/Robust-Rail-NL/mathematical-models/scenarios_solver_types_120/scenario_solver_32_trains_1_units14.json","Cost of next node: Cost = 1,122.7 : 1,188.95 | cr=18, dd=13, da=4, tlv=13, sm=64, rd=103.12, cd=0, um=0","Time elapsed: 14.84 seconds","/home/thomasverwaal/Robust-Rail-NL/mathematical-models/local_search_plans_discreet_120/plan_32_trains_1_units14.json"
"/home/thomasverwaal/Robust-Rail-NL/mathematical-models/scenarios_solver_types_120/scenario_solver_32_trains_1_units14.json","Cost of next node: Cost = 1,046.6 : 1,117.90 | cr=18, dd=12, da=2, tlv=14, sm=64, rd=97.50, cd=0, um=0","Time elapsed: 15.07 seconds","/home/thomasverwaal/Robust-Rail-NL/mathematical-models/local_search_plans_discreet_120/plan_32_trains_1_units14.json"
"/home/thomasverwaal/Robust-Rail-NL/mathematical-models/scenarios_solver_types_120/scenario_solver_32_trains_1_units14.json","Cost of next node: Cost = 921.8 : 998.08 | cr=21, dd=9, da=1, tlv=15, sm=64, rd=93.75, cd=0, um=0","Time elapsed: 15.50 seconds","/home/thomasverwaal/Robust-Rail-NL/mathematical-models/local_search_plans_discreet_120/plan_32_trains_1_units14.json"
"/home/thomasverwaal/Robust-Rail-NL/mathematical-models/scenarios_solver_types_120/scenario_solver_32_trains_1_units14.json","Cost of next node: Cost = 803.5 : 884.78 | cr=20, dd=7, da=0, tlv=16, sm=64, rd=90.94, cd=0, um=0","Time elapsed: 15.85 seconds","/home/thomasverwaal/Robust-Rail-NL/mathematical-models/local_search_plans_discreet_120/plan_32_trains_1_units14.json"
"/home/thomasverwaal/Robust-Rail-NL/mathematical-models/scenarios_solver_types_120/scenario_solver_32_trains_1_units14.json","Cost of next node: Cost = 701.5 : 782.78 | cr=20, dd=5, da=0, tlv=16, sm=64, rd=86.25, cd=0, um=0","Time elapsed: 16.14 seconds","/home/thomasverwaal/Robust-Rail-NL/mathematical-models/local_search_plans_discreet_120/plan_32_trains_1_units14.json"
"/home/thomasverwaal/Robust-Rail-NL/mathematical-models/scenarios_solver_types_120/scenario_solver_32_trains_1_units14.json","Cost of next node: Cost = 624.0 : 710.28 | cr=21, dd=3, da=0, tlv=17, sm=64, rd=79.69, cd=0, um=0","Time elapsed: 16.51 seconds","/home/thomasverwaal/Robust-Rail-NL/mathematical-models/local_search_plans_discreet_120/plan_32_trains_1_units14.json"
"/home/thomasverwaal/Robust-Rail-NL/mathematical-models/scenarios_solver_types_120/scenario_solver_32_trains_1_units14.json","Cost of next node: Cost = 594.0 : 680.28 | cr=18, dd=3, da=0, tlv=17, sm=64, rd=79.69, cd=0, um=0","Time elapsed: 16.67 seconds","/home/thomasverwaal/Robust-Rail-NL/mathematical-models/local_search_plans_discreet_120/plan_32_trains_1_units14.json"
"/home/thomasverwaal/Robust-Rail-NL/mathematical-models/scenarios_solver_types_120/scenario_solver_32_trains_1_units14.json","Cost of next node: Cost = 564.0 : 650.28 | cr=15, dd=3, da=0, tlv=17, sm=64, rd=79.69, cd=0, um=0","Time elapsed: 17.02 seconds","/home/thomasverwaal/Robust-Rail-NL/mathematical-models/local_search_plans_discreet_120/plan_32_trains_1_units14.json"
"/home/thomasverwaal/Robust-Rail-NL/mathematical-models/scenarios_solver_types_120/scenario_solver_32_trains_1_units14.json","Cost of next node: Cost = 425.0 : 511.28 | cr=17, dd=0, da=0, tlv=17, sm=64, rd=75.00, cd=0, um=0","Time elapsed: 17.21 seconds","/home/thomasverwaal/Robust-Rail-NL/mathematical-models/local_search_plans_discreet_120/plan_32_trains_1_units14.json"
"/home/thomasverwaal/Robust-Rail-NL/mathematical-models/scenarios_solver_types_120/scenario_solver_32_trains_1_units14.json","Cost of next node: Cost = 400.0 : 481.28 | cr=16, dd=0, da=0, tlv=16, sm=64, rd=76.88, cd=0, um=0","Time elapsed: 17.48 seconds","/home/thomasverwaal/Robust-Rail-NL/mathematical-models/local_search_plans_discreet_120/plan_32_trains_1_units14.json"
"/home/thomasverwaal/Robust-Rail-NL/mathematical-models/scenarios_solver_types_120/scenario_solver_32_trains_1_units14.json","Cost of next node: Cost = 375.0 : 451.28 | cr=15, dd=0, da=0, tlv=15, sm=64, rd=78.75, cd=0, um=0","Time elapsed: 18.01 seconds","/home/thomasverwaal/Robust-Rail-NL/mathematical-models/local_search_plans_discreet_120/plan_32_trains_1_units14.json"
"/home/thomasverwaal/Robust-Rail-NL/mathematical-models/scenarios_solver_types_120/scenario_solver_32_trains_1_units14.json","Cost of next node: Cost = 355.0 : 431.28 | cr=13, dd=0, da=0, tlv=15, sm=64, rd=78.75, cd=0, um=0","Time elapsed: 23.62 seconds","/home/thomasverwaal/Robust-Rail-NL/mathematical-models/local_search_plans_discreet_120/plan_32_trains_1_units14.json"
"/home/thomasverwaal/Robust-Rail-NL/mathematical-models/scenarios_solver_types_120/scenario_solver_32_trains_1_units14.json","Cost of next node: Cost = 340.0 : 411.28 | cr=13, dd=0, da=0, tlv=14, sm=64, rd=78.75, cd=0, um=0","Time elapsed: 28.74 seconds","/home/thomasverwaal/Robust-Rail-NL/mathematical-models/local_search_plans_discreet_120/plan_32_trains_1_units14.json"
"/home/thomasverwaal/Robust-Rail-NL/mathematical-models/scenarios_solver_types_120/scenario_solver_32_trains_1_units14.json","Cost of next node: Cost = 330.0 : 401.28 | cr=12, dd=0, da=0, tlv=14, sm=64, rd=78.75, cd=0, um=0","Time elapsed: 33.50 seconds","/home/thomasverwaal/Robust-Rail-NL/mathematical-models/local_search_plans_discreet_120/plan_32_trains_1_units14.json"
"/home/thomasverwaal/Robust-Rail-NL/mathematical-models/scenarios_solver_types_120/scenario_solver_32_trains_1_units14.json","Cost of next node: Cost = 320.0 : 391.28 | cr=11, dd=0, da=0, tlv=14, sm=64, rd=78.75, cd=0, um=0","Time elapsed: 37.82 seconds","/home/thomasverwaal/Robust-Rail-NL/mathematical-models/local_search_plans_discreet_120/plan_32_trains_1_units14.json"
"/home/thomasverwaal/Robust-Rail-NL/mathematical-models/scenarios_solver_types_120/scenario_solver_32_trains_1_units14.json","Cost of next node: Cost = 310.0 : 381.28 | cr=10, dd=0, da=0, tlv=14, sm=64, rd=78.75, cd=0, um=0","Time elapsed: 42.06 seconds","/home/thomasverwaal/Robust-Rail-NL/mathematical-models/local_search_plans_discreet_120/plan_32_trains_1_units14.json"
"/home/thomasverwaal/Robust-Rail-NL/mathematical-models/scenarios_solver_types_120/scenario_solver_32_trains_1_units14.json","Cost of next node: Cost = 300.0 : 371.28 | cr=9, dd=0, da=0, tlv=14, sm=64, rd=78.75, cd=0, um=0","Time elapsed: 45.79 seconds","/home/thomasverwaal/Robust-Rail-NL/mathematical-models/local_search_plans_discreet_120/plan_32_trains_1_units14.json"
"/home/thomasverwaal/Robust-Rail-NL/mathematical-models/scenarios_solver_types_120/scenario_solver_32_trains_1_units14.json","Cost of next node: Cost = 290.0 : 361.28 | cr=8, dd=0, da=0, tlv=14, sm=64, rd=78.75, cd=0, um=0","Time elapsed: 49.00 seconds","/home/thomasverwaal/Robust-Rail-NL/mathematical-models/local_search_plans_discreet_120/plan_32_trains_1_units14.json"
"/home/thomasverwaal/Robust-Rail-NL/mathematical-models/scenarios_solver_types_120/scenario_solver_32_trains_1_units14.json","Cost of next node: Cost = 285.0 : 361.28 | cr=6, dd=0, da=0, tlv=15, sm=64, rd=76.88, cd=0, um=0","Time elapsed: 51.53 seconds","/home/thomasverwaal/Robust-Rail-NL/mathematical-models/local_search_plans_discreet_120/plan_32_trains_1_units14.json"
"/home/thomasverwaal/Robust-Rail-NL/mathematical-models/scenarios_solver_types_120/scenario_solver_32_trains_1_units14.json","Cost of next node: Cost = 270.0 : 341.28 | cr=6, dd=0, da=0, tlv=14, sm=64, rd=78.75, cd=0, um=0","Time elapsed: 53.75 seconds","/home/thomasverwaal/Robust-Rail-NL/mathematical-models/local_search_plans_discreet_120/plan_32_trains_1_units14.json"
"/home/thomasverwaal/Robust-Rail-NL/mathematical-models/scenarios_solver_types_120/scenario_solver_32_trains_1_units14.json","Cost of next node: Cost = 260.0 : 331.28 | cr=5, dd=0, da=0, tlv=14, sm=64, rd=78.75, cd=0, um=0","Time elapsed: 55.81 seconds","/home/thomasverwaal/Robust-Rail-NL/mathematical-models/local_search_plans_discreet_120/plan_32_trains_1_units14.json"
"/home/thomasverwaal/Robust-Rail-NL/mathematical-models/scenarios_solver_types_120/scenario_solver_32_trains_1_units14.json","Cost of next node: Cost = 250.0 : 321.28 | cr=4, dd=0, da=0, tlv=14, sm=64, rd=78.75, cd=0, um=0","Time elapsed: 72.28 seconds","/home/thomasverwaal/Robust-Rail-NL/mathematical-models/local_search_plans_discreet_120/plan_32_trains_1_units14.json"
"/home/thomasverwaal/Robust-Rail-NL/mathematical-models/scenarios_solver_types_120/scenario_solver_32_trains_1_units14.json","Cost of next node: Cost = 240.0 : 311.28 | cr=3, dd=0, da=0, tlv=14, sm=64, rd=78.75, cd=0, um=0","Time elapsed: 112.97 seconds","/home/thomasverwaal/Robust-Rail-NL/mathematical-models/local_search_plans_discreet_120/plan_32_trains_1_units14.json"
"/home/thomasverwaal/Robust-Rail-NL/mathematical-models/scenarios_solver_types_120/scenario_solver_32_trains_1_units14.json","Cost of next node: Cost = 230.0 : 301.28 | cr=2, dd=0, da=0, tlv=14, sm=64, rd=78.75, cd=0, um=0","Time elapsed: 114.96 seconds","/home/thomasverwaal/Robust-Rail-NL/mathematical-models/local_search_plans_discreet_120/plan_32_trains_1_units14.json"
"/home/thomasverwaal/Robust-Rail-NL/mathematical-models/scenarios_solver_types_120/scenario_solver_32_trains_1_units14.json","Cost of next node: Cost = 220.0 : 291.30 | cr=1, dd=0, da=0, tlv=14, sm=65, rd=79.38, cd=0, um=0","Time elapsed: 202.62 seconds","/home/thomasverwaal/Robust-Rail-NL/mathematical-models/local_search_plans_discreet_120/plan_32_trains_1_units14.json"
"/home/thomasverwaal/Robust-Rail-NL/mathematical-models/scenarios_solver_types_120/scenario_solver_32_trains_1_units14.json","NO_COST_FOUND","NO_TIME_FOUND","NO_PLAN_CREATED"
"/home/thomasverwaal/Robust-Rail-NL/mathematical-models/scenarios_solver_types_120/scenario_solver_32_trains_1_units15.json","Cost of next node: Cost = 2,745.6 : 2,746.84 | cr=41, dd=32, da=30, tlv=0, sm=64, rd=180.00, cd=0, um=0","Time elapsed: 4.34 seconds","/home/thomasverwaal/Robust-Rail-NL/mathematical-models/local_search_plans_discreet_120/plan_32_trains_1_units15.json"
"/home/thomasverwaal/Robust-Rail-NL/mathematical-models/scenarios_solver_types_120/scenario_solver_32_trains_1_units15.json","Cost of next node: Cost = 2,718.2 : 2,719.47 | cr=39, dd=32, da=30, tlv=0, sm=64, rd=178.12, cd=0, um=0","Time elapsed: 4.46 seconds","/home/thomasverwaal/Robust-Rail-NL/mathematical-models/local_search_plans_discreet_120/plan_32_trains_1_units15.json"
"/home/thomasverwaal/Robust-Rail-NL/mathematical-models/scenarios_solver_types_120/scenario_solver_32_trains_1_units15.json","Cost of next node: Cost = 2,697.7 : 2,699.02 | cr=37, dd=32, da=30, tlv=0, sm=64, rd=178.12, cd=0, um=0","Time elapsed: 4.76 seconds","/home/thomasverwaal/Robust-Rail-NL/mathematical-models/local_search_plans_discreet_120/plan_32_trains_1_units15.json"
"/home/thomasverwaal/Robust-Rail-NL/mathematical-models/scenarios_solver_types_120/scenario_solver_32_trains_1_units15.json","Cost of next node: Cost = 2,677.0 : 2,678.29 | cr=35, dd=32, da=30, tlv=0, sm=64, rd=178.12, cd=0, um=0","Time elapsed: 5.10 seconds","/home/thomasverwaal/Robust-Rail-NL/mathematical-models/local_search_plans_discreet_120/plan_32_trains_1_units15.json"
"/home/thomasverwaal/Robust-Rail-NL/mathematical-models/scenarios_solver_types_120/scenario_solver_32_trains_1_units15.json","Cost of next node: Cost = 2,643.6 : 2,644.91 | cr=35, dd=32, da=29, tlv=0, sm=64, rd=173.44, cd=0, um=0","Time elapsed: 5.43 seconds","/home/thomasverwaal/Robust-Rail-NL/mathematical-models/local_search_plans_discreet_120/plan_32_trains_1_units15.json"
"/home/thomasverwaal/Robust-Rail-NL/mathematical-models/scenarios_solver_types_120/scenario_solver_32_trains_1_units15.json","Cost of next node: Cost = 2,594.2 : 2,600.44 | cr=32, dd=32, da=27, tlv=1, sm=64, rd=176.25, cd=0, um=0","Time elapsed: 5.68 seconds","/home/thomasverwaal/Robust-Rail-NL/mathematical-models/local_search_plans_discreet_120/plan_32_trains_1_units15.json"
"/home/thomasverwaal/Robust-Rail-NL/mathematical-models/scenarios_solver_types_120/scenario_solver_32_trains_1_units15.json","Cost of next node: Cost = 2,568.1 : 2,574.39 | cr=32, dd=32, da=26, tlv=1, sm=64, rd=172.50, cd=0, um=0","Time elapsed: 5.95 seconds","/home/thomasverwaal/Robust-Rail-NL/mathematical-models/local_search_plans_discreet_120/plan_32_trains_1_units15.json"
"/home/thomasverwaal/Robust-Rail-NL/mathematical-models/scenarios_solver_types_120/scenario_solver_32_trains_1_units15.json","Cost of next node: Cost = 2,450.5 : 2,456.80 | cr=33, dd=32, da=20, tlv=1, sm=64, rd=165.94, cd=0, um=0","Time elapsed: 6.24 seconds","/home/thomasverwaal/Robust-Rail-NL/mathematical-models/local_search_plans_discreet_120/plan_32_trains_1_units15.json"
"/home/thomasverwaal/Robust-Rail-NL/mathematical-models/scenarios_solver_types_120/scenario_solver_32_trains_1_units15.json","Cost of next node: Cost = 2,355.3 : 2,366.60 | cr=34, dd=32, da=14, tlv=2, sm=64, rd=161.25, cd=0, um=0","Time elapsed: 6.48 seconds","/home/thomasverwaal/Robust-Rail-NL/mathematical-models/local_search_plans_discreet_120/plan_32_trains_1_units15.json"
"/home/thomasverwaal/Robust-Rail-NL/mathematical-models/scenarios_solver_types_120/scenario_solver_32_trains_1_units15.json","Cost of next node: Cost = 2,311.1 : 2,327.35 | cr=34, dd=32, da=11, tlv=3, sm=64, rd=157.50, cd=0, um=0","Time elapsed: 6.76 seconds","/home/thomasverwaal/Robust-Rail-NL/mathematical-models/local_search_plans_discreet_120/plan_32_trains_1_units15.json"
"/home/thomasverwaal/Robust-Rail-NL/mathematical-models/scenarios_solver_types_120/scenario_solver_32_trains_1_units15.json","Cost of next node: Cost = 2,288.2 : 2,304.51 | cr=33, dd=32, da=11, tlv=3, sm=64, rd=153.75, cd=0, um=0","Time elapsed: 7.35 seconds","/home/thomasverwaal/Robust-Rail-NL/mathematical-models/local_search_plans_discreet_120/plan_32_trains_1_units15.json"
"/home/thomasverwaal/Robust-Rail-NL/mathematical-models/scenarios_solver_types_120/scenario_solver_32_trains_1_units15.json","Cost of next node: Cost = 2,243.2 : 2,264.51 | cr=27, dd=32, da=11, tlv=4, sm=64, rd=153.75, cd=0, um=0","Time elapsed: 8.33 seconds","/home/thomasverwaal/Robust-Rail-NL/mathematical-models/local_search_plans_discreet_120/plan_32_trains_1_units15.json"
"/home/thomasverwaal/Robust-Rail-NL/mathematical-models/scenarios_solver_types_120/scenario_solver_32_trains_1_units15.json","Cost of next node: Cost = 2,220.0 : 2,241.24 | cr=25, dd=32, da=11, tlv=4, sm=64, rd=153.75, cd=0, um=0","Time elapsed: 8.44 seconds","/home/thomasverwaal/Robust-Rail-NL/mathematical-models/local_search_plans_discreet_120/plan_32_trains_1_units15.json"
"/home/thomasverwaal/Robust-Rail-NL/mathematical-models/scenarios_solver_types_120/scenario_solver_32_trains_1_units15.json","Cost of next node: Cost = 2,190.3 : 2,211.55 | cr=24, dd=32, da=10, tlv=4, sm=64, rd=151.88, cd=0, um=0","Time elapsed: 8.79 seconds","/home/thomasverwaal/Robust-Rail-NL/mathematical-models/local_search_plans_discreet_120/plan_32_trains_1_units15.json"
"/home/thomasverwaal/Robust-Rail-NL/mathematical-models/scenarios_solver_types_120/scenario_solver_32_trains_1_units15.json","Cost of next node: Cost = 2,168.2 : 2,194.50 | cr=19, dd=32, da=10, tlv=5, sm=64, rd=155.62, cd=0, um=0","Time elapsed: 9.02 seconds","/home/thomasverwaal/Robust-Rail-NL/mathematical-models/local_search_plans_discreet_120/plan_32_trains_1_units15.json"
"/home/thomasverwaal/Robust-Rail-NL/mathematical-models/scenarios_solver_types_120/scenario_solver_32_trains_1_units15.json","Cost of next node: Cost = 2,133.7 : 2,160.03 | cr=16, dd=32, da=10, tlv=5, sm=64, rd=152.81, cd=0, um=0","Time elapsed: 9.39 seconds","/home/thomasverwaal/Robust-Rail-NL/mathematical-models/local_search_plans_discreet_120/plan_32_trains_1_units15.json"
"/home/thomasverwaal/Robust-Rail-NL/mathematical-models/scenarios_solver_types_120/scenario_solver_32_trains_1_units15.json","Cost of next node: Cost = 2,106.3 : 2,132.55 | cr=14, dd=32, da=10, tlv=5, sm=64, rd=150.00, cd=0, um=0","Time elapsed: 9.73 seconds","/home/thomasverwaal/Robust-Rail-NL/mathematical-models/local_search_plans_discreet_120/plan_32_trains_1_units15.json"
"/home/thomasverwaal/Robust-Rail-NL/mathematical-models/scenarios_solver_types_120/scenario_solver_32_trains_1_units15.json","Cost of next node: Cost = 2,071.5 : 2,097.74 | cr=12, dd=32, da=10, tlv=5, sm=64, rd=143.44, cd=0, um=0","Time elapsed: 10.11 seconds","/home/thomasverwaal/Robust-Rail-NL/mathematical-models/local_search_plans_discreet_120/plan_32_trains_1_units15.json"
"/home/thomasverwaal/Robust-Rail-NL/mathematical-models/scenarios_solver_types_120/scenario_solver_32_trains_1_units15.json","Cost of next node: Cost = 2,056.3 : 2,087.55 | cr=11, dd=32, da=10, tlv=6, sm=64, rd=135.00, cd=0, um=0","Time elapsed: 11.43 seconds","/home/thomasverwaal/Robust-Rail-NL/mathematical-models/local_search_plans_discreet_120/plan_32_trains_1_units15.json"
"/home/thomasverwaal/Robust-Rail-NL/mathematical-models/scenarios_solver_types_120/scenario_solver_32_trains_1_units15.json","Cost of next node: Cost = 2,024.0 : 2,060.31 | cr=14, dd=31, da=10, tlv=7, sm=64, rd=127.50, cd=0, um=0","Time elapsed: 11.72 seconds","/home/thomasverwaal/Robust-Rail-NL/mathematical-models/local_search_plans_discreet_120/plan_32_trains_1_units15.json"
"/home/thomasverwaal/Robust-Rail-NL/mathematical-models/scenarios_solver_types_120/scenario_solver_32_trains_1_units15.json","Cost of next node: Cost = 1,945.0 : 1,981.32 | cr=16, dd=29, da=10, tlv=7, sm=64, rd=125.62, cd=0, um=0","Time elapsed: 11.82 seconds","/home/thomasverwaal/Robust-Rail-NL/mathematical-models/local_search_plans_discreet_120/plan_32_trains_1_units15.json"
"/home/thomasverwaal/Robust-Rail-NL/mathematical-models/scenarios_solver_types_120/scenario_solver_32_trains_1_units15.json","Cost of next node: Cost = 1,825.4 : 1,861.69 | cr=14, dd=27, da=10, tlv=7, sm=64, rd=125.62, cd=0, um=0","Time elapsed: 11.99 seconds","/home/thomasverwaal/Robust-Rail-NL/mathematical-models/local_search_plans_discreet_120/plan_32_trains_1_units15.json"
"/home/thomasverwaal/Robust-Rail-NL/mathematical-models/scenarios_solver_types_120/scenario_solver_32_trains_1_units15.json","Cost of next node: Cost = 1,726.2 : 1,762.46 | cr=14, dd=25, da=10, tlv=7, sm=64, rd=125.62, cd=0, um=0","Time elapsed: 12.12 seconds","/home/thomasverwaal/Robust-Rail-NL/mathematical-models/local_search_plans_discreet_120/plan_32_trains_1_units15.json"
"/home/thomasverwaal/Robust-Rail-NL/mathematical-models/scenarios_solver_types_120/scenario_solver_32_trains_1_units15.json","Cost of next node: Cost = 1,636.8 : 1,673.11 | cr=15, dd=23, da=10, tlv=7, sm=64, rd=125.62, cd=0, um=0","Time elapsed: 12.29 seconds","/home/thomasverwaal/Robust-Rail-NL/mathematical-models/local_search_plans_discreet_120/plan_32_trains_1_units15.json"
"/home/thomasverwaal/Robust-Rail-NL/mathematical-models/scenarios_solver_types_120/scenario_solver_32_trains_1_units15.json","Cost of next node: Cost = 1,586.8 : 1,623.08 | cr=15, dd=22, da=10, tlv=7, sm=64, rd=121.88, cd=0, um=0","Time elapsed: 12.55 seconds","/home/thomasverwaal/Robust-Rail-NL/mathematical-models/local_search_plans_discreet_120/plan_32_trains_1_units15.json"
"/home/thomasverwaal/Robust-Rail-NL/mathematical-models/scenarios_solver_types_120/scenario_solver_32_trains_1_units15.json","Cost of next node: Cost = 1,556.6 : 1,592.86 | cr=17, dd=21, da=10, tlv=7, sm=64, rd=120.00, cd=0, um=0","Time elapsed: 12.73 seconds","/home/thomasverwaal/Robust-Rail-NL/mathematical-models/local_search_plans_discreet_120/plan_32_trains_1_units15.json"
"/home/thomasverwaal/Robust-Rail-NL/mathematical-models/scenarios_solver_types_120/scenario_solver_32_trains_1_units15.json","Cost of next node: Cost = 1,496.1 : 1,532.34 | cr=16, dd=20, da=10, tlv=7, sm=64, rd=120.00, cd=0, um=0","Time elapsed: 12.82 seconds","/home/thomasverwaal/Robust-Rail-NL/mathematical-models/local_search_plans_discreet_120/plan_32_trains_1_units15.json"
"/home/thomasverwaal/Robust-Rail-NL/mathematical-models/scenarios_solver_types_120/scenario_solver_32_trains_1_units15.json","Cost of next node: Cost = 1,445.0 : 1,481.31 | cr=16, dd=19, da=10, tlv=7, sm=64, rd=120.00, cd=0, um=0","Time elapsed: 12.87 seconds","/home/thomasverwaal/Robust-Rail-NL/mathematical-models/local_search_plans_discreet_120/plan_32_trains_1_units15.json"
"/home/thomasverwaal/Robust-Rail-NL/mathematical-models/scenarios_solver_types_120/scenario_solver_32_trains_1_units15.json","Cost of next node: Cost = 1,416.0 : 1,457.26 | cr=22, dd=17, da=10, tlv=8, sm=64, rd=118.12, cd=0, um=0","Time elapsed: 12.94 seconds","/home/thomasverwaal/Robust-Rail-NL/mathematical-models/local_search_plans_discreet_120/plan_32_trains_1_units15.json"
"/home/thomasverwaal/Robust-Rail-NL/mathematical-models/scenarios_solver_types_120/scenario_solver_32_trains_1_units15.json","Cost of next node: Cost = 1,372.3 : 1,413.59 | cr=23, dd=16, da=10, tlv=8, sm=64, rd=116.25, cd=0, um=0","Time elapsed: 13.04 seconds","/home/thomasverwaal/Robust-Rail-NL/mathematical-models/local_search_plans_discreet_120/plan_32_trains_1_units15.json"
"/home/thomasverwaal/Robust-Rail-NL/mathematical-models/scenarios_solver_types_120/scenario_solver_32_trains_1_units15.json","Cost of next node: Cost = 1,347.3 : 1,383.59 | cr=22, dd=16, da=10, tlv=7, sm=64, rd=116.25, cd=0, um=0","Time elapsed: 13.17 seconds","/home/thomasverwaal/Robust-Rail-NL/mathematical-models/local_search_plans_discreet_120/plan_32_trains_1_units15.json"
"/home/thomasverwaal/Robust-Rail-NL/mathematical-models/scenarios_solver_types_120/scenario_solver_32_trains_1_units15.json","Cost of next node: Cost = 1,318.1 : 1,354.42 | cr=19, dd=16, da=10, tlv=7, sm=64, rd=113.44, cd=0, um=0","Time elapsed: 13.47 seconds","/home/thomasverwaal/Robust-Rail-NL/mathematical-models/local_search_plans_discreet_120/plan_32_trains_1_units15.json"
"/home/thomasverwaal/Robust-Rail-NL/mathematical-models/scenarios_solver_types_120/scenario_solver_32_trains_1_units15.json","Cost of next node: Cost = 1,291.7 : 1,332.99 | cr=20, dd=15, da=10, tlv=8, sm=64, rd=112.50, cd=0, um=0","Time elapsed: 13.63 seconds","/home/thomasverwaal/Robust-Rail-NL/mathematical-models/local_search_plans_discreet_120/plan_32_trains_1_units15.json"
"/home/thomasverwaal/Robust-Rail-NL/mathematical-models/scenarios_solver_types_120/scenario_solver_32_trains_1_units15.json","Cost of next node: Cost = 1,255.0 : 1,301.32 | cr=24, dd=14, da=8, tlv=9, sm=64, rd=107.81, cd=0, um=0","Time elapsed: 13.88 seconds","/home/thomasverwaal/Robust-Rail-NL/mathematical-models/local_search_plans_discreet_120/plan_32_trains_1_units15.json"
"/home/thomasverwaal/Robust-Rail-NL/mathematical-models/scenarios_solver_types_120/scenario_solver_32_trains_1_units15.json","Cost of next node: Cost = 1,194.0 : 1,240.32 | cr=18, dd=14, da=8, tlv=9, sm=64, rd=106.88, cd=0, um=0","Time elapsed: 13.97 seconds","/home/thomasverwaal/Robust-Rail-NL/mathematical-models/local_search_plans_discreet_120/plan_32_trains_1_units15.json"
"/home/thomasverwaal/Robust-Rail-NL/mathematical-models/scenarios_solver_types_120/scenario_solver_32_trains_1_units15.json","Cost of next node: Cost = 1,133.7 : 1,184.97 | cr=23, dd=12, da=7, tlv=10, sm=64, rd=102.19, cd=0, um=0","Time elapsed: 14.18 seconds","/home/thomasverwaal/Robust-Rail-NL/mathematical-models/local_search_plans_discreet_120/plan_32_trains_1_units15.json"
"/home/thomasverwaal/Robust-Rail-NL/mathematical-models/scenarios_solver_types_120/scenario_solver_32_trains_1_units15.json","Cost of next node: Cost = 1,092.3 : 1,143.58 | cr=24, dd=11, da=7, tlv=10, sm=64, rd=104.06, cd=0, um=0","Time elapsed: 14.28 seconds","/home/thomasverwaal/Robust-Rail-NL/mathematical-models/local_search_plans_discreet_120/plan_32_trains_1_units15.json"
"/home/thomasverwaal/Robust-Rail-NL/mathematical-models/scenarios_solver_types_120/scenario_solver_32_trains_1_units15.json","Cost of next node: Cost = 1,002.0 : 1,053.28 | cr=25, dd=9, da=7, tlv=10, sm=64, rd=103.12, cd=0, um=0","Time elapsed: 14.49 seconds","/home/thomasverwaal/Robust-Rail-NL/mathematical-models/local_search_plans_discreet_120/plan_32_trains_1_units15.json"
"/home/thomasverwaal/Robust-Rail-NL/mathematical-models/scenarios_solver_types_120/scenario_solver_32_trains_1_units15.json","Cost of next node: Cost = 962.0 : 1,013.25 | cr=26, dd=8, da=7, tlv=10, sm=64, rd=101.25, cd=0, um=0","Time elapsed: 14.56 seconds","/home/thomasverwaal/Robust-Rail-NL/mathematical-models/local_search_plans_discreet_120/plan_32_trains_1_units15.json"
"/home/thomasverwaal/Robust-Rail-NL/mathematical-models/scenarios_solver_types_120/scenario_solver_32_trains_1_units15.json","Cost of next node: Cost = 909.0 : 960.28 | cr=26, dd=7, da=7, tlv=10, sm=64, rd=99.38, cd=0, um=0","Time elapsed: 14.85 seconds","/home/thomasverwaal/Robust-Rail-NL/mathematical-models/local_search_plans_discreet_120/plan_32_trains_1_units15.json"
"/home/thomasverwaal/Robust-Rail-NL/mathematical-models/scenarios_solver_types_120/scenario_solver_32_trains_1_units15.json","Cost of next node: Cost = 812.2 : 868.48 | cr=22, dd=6, da=6, tlv=11, sm=64, rd=97.50, cd=0, um=0","Time elapsed: 15.11 seconds","/home/thomasverwaal/Robust-Rail-NL/mathematical-models/local_search_plans_discreet_120/plan_32_trains_1_units15.json"
"/home/thomasverwaal/Robust-Rail-NL/mathematical-models/scenarios_solver_types_120/scenario_solver_32_trains_1_units15.json","Cost of next node: Cost = 735.6 : 796.88 | cr=20, dd=5, da=5, tlv=12, sm=64, rd=93.75, cd=0, um=0","Time elapsed: 15.52 seconds","/home/thomasverwaal/Robust-Rail-NL/mathematical-models/local_search_plans_discreet_120/plan_32_trains_1_units15.json"
"/home/thomasverwaal/Robust-Rail-NL/mathematical-models/scenarios_solver_types_120/scenario_solver_32_trains_1_units15.json","Cost of next node: Cost = 685.5 : 746.80 | cr=20, dd=4, da=5, tlv=12, sm=64, rd=93.75, cd=0, um=0","Time elapsed: 15.65 seconds","/home/thomasverwaal/Robust-Rail-NL/mathematical-models/local_search_plans_discreet_120/plan_32_trains_1_units15.json"
"/home/thomasverwaal/Robust-Rail-NL/mathematical-models/scenarios_solver_types_120/scenario_solver_32_trains_1_units15.json","Cost of next node: Cost = 518.2 : 584.48 | cr=18, dd=2, da=2, tlv=13, sm=64, rd=88.12, cd=0, um=0","Time elapsed: 15.89 seconds","/home/thomasverwaal/Robust-Rail-NL/mathematical-models/local_search_plans_discreet_120/plan_32_trains_1_units15.json"
"/home/thomasverwaal/Robust-Rail-NL/mathematical-models/scenarios_solver_types_120/scenario_solver_32_trains_1_units15.json","Cost of next node: Cost = 497.9 : 564.18 | cr=18, dd=2, da=1, tlv=13, sm=64, rd=86.25, cd=0, um=0","Time elapsed: 16.43 seconds","/home/thomasverwaal/Robust-Rail-NL/mathematical-models/local_search_plans_discreet_120/plan_32_trains_1_units15.json"
"/home/thomasverwaal/Robust-Rail-NL/mathematical-models/scenarios_solver_types_120/scenario_solver_32_trains_1_units15.json","Cost of next node: Cost = 477.9 : 544.18 | cr=16, dd=2, da=1, tlv=13, sm=64, rd=86.25, cd=0, um=0","Time elapsed: 19.67 seconds","/home/thomasverwaal/Robust-Rail-NL/mathematical-models/local_search_plans_discreet_120/plan_32_trains_1_units15.json"
"/home/thomasverwaal/Robust-Rail-NL/mathematical-models/scenarios_solver_types_120/scenario_solver_32_trains_1_units15.json","Cost of next node: Cost = 442.4 : 513.68 | cr=16, dd=1, da=1, tlv=14, sm=64, rd=84.38, cd=0, um=0","Time elapsed: 19.82 seconds","/home/thomasverwaal/Robust-Rail-NL/mathematical-models/local_search_plans_discreet_120/plan_32_trains_1_units15.json"
"/home/thomasverwaal/Robust-Rail-NL/mathematical-models/scenarios_solver_types_120/scenario_solver_32_trains_1_units15.json","Cost of next node: Cost = 422.4 : 493.68 | cr=14, dd=1, da=1, tlv=14, sm=64, rd=86.25, cd=0, um=0","Time elapsed: 22.96 seconds","/home/thomasverwaal/Robust-Rail-NL/mathematical-models/local_search_plans_discreet_120/plan_32_trains_1_units15.json"
"/home/thomasverwaal/Robust-Rail-NL/mathematical-models/scenarios_solver_types_120/scenario_solver_32_trains_1_units15.json","Cost of next node: Cost = 407.4 : 473.68 | cr=14, dd=1, da=1, tlv=13, sm=64, rd=88.12, cd=0, um=0","Time elapsed: 25.64 seconds","/home/thomasverwaal/Robust-Rail-NL/mathematical-models/local_search_plans_discreet_120/plan_32_trains_1_units15.json"
"/home/thomasverwaal/Robust-Rail-NL/mathematical-models/scenarios_solver_types_120/scenario_solver_32_trains_1_units15.json","Cost of next node: Cost = 397.4 : 463.68 | cr=13, dd=1, da=1, tlv=13, sm=64, rd=88.12, cd=0, um=0","Time elapsed: 28.42 seconds","/home/thomasverwaal/Robust-Rail-NL/mathematical-models/local_search_plans_discreet_120/plan_32_trains_1_units15.json"
"/home/thomasverwaal/Robust-Rail-NL/mathematical-models/scenarios_solver_types_120/scenario_solver_32_trains_1_units15.json","Cost of next node: Cost = 387.4 : 453.68 | cr=12, dd=1, da=1, tlv=13, sm=64, rd=88.12, cd=0, um=0","Time elapsed: 31.18 seconds","/home/thomasverwaal/Robust-Rail-NL/mathematical-models/local_search_plans_discreet_120/plan_32_trains_1_units15.json"
"/home/thomasverwaal/Robust-Rail-NL/mathematical-models/scenarios_solver_types_120/scenario_solver_32_trains_1_units15.json","Cost of next node: Cost = 377.4 : 443.68 | cr=11, dd=1, da=1, tlv=13, sm=64, rd=88.12, cd=0, um=0","Time elapsed: 33.56 seconds","/home/thomasverwaal/Robust-Rail-NL/mathematical-models/local_search_plans_discreet_120/plan_32_trains_1_units15.json"
"/home/thomasverwaal/Robust-Rail-NL/mathematical-models/scenarios_solver_types_120/scenario_solver_32_trains_1_units15.json","Cost of next node: Cost = 367.4 : 433.68 | cr=10, dd=1, da=1, tlv=13, sm=64, rd=88.12, cd=0, um=0","Time elapsed: 35.99 seconds","/home/thomasverwaal/Robust-Rail-NL/mathematical-models/local_search_plans_discreet_120/plan_32_trains_1_units15.json"
"/home/thomasverwaal/Robust-Rail-NL/mathematical-models/scenarios_solver_types_120/scenario_solver_32_trains_1_units15.json","Cost of next node: Cost = 357.4 : 423.68 | cr=9, dd=1, da=1, tlv=13, sm=64, rd=90.00, cd=0, um=0","Time elapsed: 38.43 seconds","/home/thomasverwaal/Robust-Rail-NL/mathematical-models/local_search_plans_discreet_120/plan_32_trains_1_units15.json"
"/home/thomasverwaal/Robust-Rail-NL/mathematical-models/scenarios_solver_types_120/scenario_solver_32_trains_1_units15.json","Cost of next node: Cost = 347.4 : 413.68 | cr=8, dd=1, da=1, tlv=13, sm=64, rd=90.00, cd=0, um=0","Time elapsed: 40.37 seconds","/home/thomasverwaal/Robust-Rail-NL/mathematical-models/local_search_plans_discreet_120/plan_32_trains_1_units15.json"
"/home/thomasverwaal/Robust-Rail-NL/mathematical-models/scenarios_solver_types_120/scenario_solver_32_trains_1_units15.json","Cost of next node: Cost = 295.9 : 362.18 | cr=8, dd=0, da=1, tlv=13, sm=64, rd=90.00, cd=0, um=0","Time elapsed: 40.47 seconds","/home/thomasverwaal/Robust-Rail-NL/mathematical-models/local_search_plans_discreet_120/plan_32_trains_1_units15.json"
"/home/thomasverwaal/Robust-Rail-NL/mathematical-models/scenarios_solver_types_120/scenario_solver_32_trains_1_units15.json","Cost of next node: Cost = 280.0 : 351.28 | cr=7, dd=0, da=0, tlv=14, sm=64, rd=86.25, cd=0, um=0","Time elapsed: 42.12 seconds","/home/thomasverwaal/Robust-Rail-NL/mathematical-models/local_search_plans_discreet_120/plan_32_trains_1_units15.json"
"/home/thomasverwaal/Robust-Rail-NL/mathematical-models/scenarios_solver_types_120/scenario_solver_32_trains_1_units15.json","Cost of next node: Cost = 270.0 : 341.28 | cr=6, dd=0, da=0, tlv=14, sm=64, rd=84.38, cd=0, um=0","Time elapsed: 44.07 seconds","/home/thomasverwaal/Robust-Rail-NL/mathematical-models/local_search_plans_discreet_120/plan_32_trains_1_units15.json"
"/home/thomasverwaal/Robust-Rail-NL/mathematical-models/scenarios_solver_types_120/scenario_solver_32_trains_1_units15.json","Cost of next node: Cost = 260.0 : 331.28 | cr=5, dd=0, da=0, tlv=14, sm=64, rd=84.38, cd=0, um=0","Time elapsed: 46.31 seconds","/home/thomasverwaal/Robust-Rail-NL/mathematical-models/local_search_plans_discreet_120/plan_32_trains_1_units15.json"
"/home/thomasverwaal/Robust-Rail-NL/mathematical-models/scenarios_solver_types_120/scenario_solver_32_trains_1_units15.json","Cost of next node: Cost = 250.0 : 321.28 | cr=4, dd=0, da=0, tlv=14, sm=64, rd=84.38, cd=0, um=0","Time elapsed: 64.90 seconds","/home/thomasverwaal/Robust-Rail-NL/mathematical-models/local_search_plans_discreet_120/plan_32_trains_1_units15.json"
"/home/thomasverwaal/Robust-Rail-NL/mathematical-models/scenarios_solver_types_120/scenario_solver_32_trains_1_units15.json","Cost of next node: Cost = 240.0 : 311.28 | cr=3, dd=0, da=0, tlv=14, sm=64, rd=82.50, cd=0, um=0","Time elapsed: 70.13 seconds","/home/thomasverwaal/Robust-Rail-NL/mathematical-models/local_search_plans_discreet_120/plan_32_trains_1_units15.json"
"/home/thomasverwaal/Robust-Rail-NL/mathematical-models/scenarios_solver_types_120/scenario_solver_32_trains_1_units15.json","NO_COST_FOUND","NO_TIME_FOUND","NO_PLAN_CREATED"
"/home/thomasverwaal/Robust-Rail-NL/mathematical-models/scenarios_solver_types_120/scenario_solver_32_trains_1_units16.json","Cost of next node: Cost = 2,740.8 : 2,742.13 | cr=41, dd=32, da=30, tlv=0, sm=64, rd=180.00, cd=0, um=0","Time elapsed: 4.41 seconds","/home/thomasverwaal/Robust-Rail-NL/mathematical-models/local_search_plans_discreet_120/plan_32_trains_1_units16.json"
"/home/thomasverwaal/Robust-Rail-NL/mathematical-models/scenarios_solver_types_120/scenario_solver_32_trains_1_units16.json","Cost of next node: Cost = 2,713.5 : 2,714.76 | cr=39, dd=32, da=30, tlv=0, sm=64, rd=178.12, cd=0, um=0","Time elapsed: 4.54 seconds","/home/thomasverwaal/Robust-Rail-NL/mathematical-models/local_search_plans_discreet_120/plan_32_trains_1_units16.json"
"/home/thomasverwaal/Robust-Rail-NL/mathematical-models/scenarios_solver_types_120/scenario_solver_32_trains_1_units16.json","Cost of next node: Cost = 2,693.0 : 2,694.31 | cr=37, dd=32, da=30, tlv=0, sm=64, rd=178.12, cd=0, um=0","Time elapsed: 4.83 seconds","/home/thomasverwaal/Robust-Rail-NL/mathematical-models/local_search_plans_discreet_120/plan_32_trains_1_units16.json"
"/home/thomasverwaal/Robust-Rail-NL/mathematical-models/scenarios_solver_types_120/scenario_solver_32_trains_1_units16.json","Cost of next node: Cost = 2,672.3 : 2,673.58 | cr=35, dd=32, da=30, tlv=0, sm=64, rd=178.12, cd=0, um=0","Time elapsed: 5.13 seconds","/home/thomasverwaal/Robust-Rail-NL/mathematical-models/local_search_plans_discreet_120/plan_32_trains_1_units16.json"
"/home/thomasverwaal/Robust-Rail-NL/mathematical-models/scenarios_solver_types_120/scenario_solver_32_trains_1_units16.json","Cost of next node: Cost = 2,637.8 : 2,644.07 | cr=36, dd=32, da=28, tlv=1, sm=64, rd=175.31, cd=0, um=0","Time elapsed: 5.44 seconds","/home/thomasverwaal/Robust-Rail-NL/mathematical-models/local_search_plans_discreet_120/plan_32_trains_1_units16.json"
"/home/thomasverwaal/Robust-Rail-NL/mathematical-models/scenarios_solver_types_120/scenario_solver_32_trains_1_units16.json","Cost of next node: Cost = 2,567.9 : 2,574.20 | cr=42, dd=32, da=21, tlv=1, sm=64, rd=176.25, cd=0, um=0","Time elapsed: 5.74 seconds","/home/thomasverwaal/Robust-Rail-NL/mathematical-models/local_search_plans_discreet_120/plan_32_trains_1_units16.json"
"/home/thomasverwaal/Robust-Rail-NL/mathematical-models/scenarios_solver_types_120/scenario_solver_32_trains_1_units16.json","Cost of next node: Cost = 2,546.1 : 2,552.38 | cr=40, dd=32, da=21, tlv=1, sm=64, rd=176.25, cd=0, um=0","Time elapsed: 5.79 seconds","/home/thomasverwaal/Robust-Rail-NL/mathematical-models/local_search_plans_discreet_120/plan_32_trains_1_units16.json"
"/home/thomasverwaal/Robust-Rail-NL/mathematical-models/scenarios_solver_types_120/scenario_solver_32_trains_1_units16.json","Cost of next node: Cost = 2,520.0 : 2,526.25 | cr=40, dd=32, da=20, tlv=1, sm=64, rd=172.50, cd=0, um=0","Time elapsed: 6.05 seconds","/home/thomasverwaal/Robust-Rail-NL/mathematical-models/local_search_plans_discreet_120/plan_32_trains_1_units16.json"
"/home/thomasverwaal/Robust-Rail-NL/mathematical-models/scenarios_solver_types_120/scenario_solver_32_trains_1_units16.json","Cost of next node: Cost = 2,420.6 : 2,431.89 | cr=36, dd=32, da=16, tlv=2, sm=64, rd=169.69, cd=0, um=0","Time elapsed: 6.28 seconds","/home/thomasverwaal/Robust-Rail-NL/mathematical-models/local_search_plans_discreet_120/plan_32_trains_1_units16.json"
"/home/thomasverwaal/Robust-Rail-NL/mathematical-models/scenarios_solver_types_120/scenario_solver_32_trains_1_units16.json","Cost of next node: Cost = 2,400.3 : 2,411.62 | cr=34, dd=32, da=16, tlv=2, sm=64, rd=169.69, cd=0, um=0","Time elapsed: 6.35 seconds","/home/thomasverwaal/Robust-Rail-NL/mathematical-models/local_search_plans_discreet_120/plan_32_trains_1_units16.json"
"/home/thomasverwaal/Robust-Rail-NL/mathematical-models/scenarios_solver_types_120/scenario_solver_32_trains_1_units16.json","Cost of next node: Cost = 2,375.0 : 2,391.31 | cr=34, dd=32, da=14, tlv=3, sm=64, rd=167.81, cd=0, um=0","Time elapsed: 6.61 seconds","/home/thomasverwaal/Robust-Rail-NL/mathematical-models/local_search_plans_discreet_120/plan_32_trains_1_units16.json"
"/home/thomasverwaal/Robust-Rail-NL/mathematical-models/scenarios_solver_types_120/scenario_solver_32_trains_1_units16.json","Cost of next node: Cost = 2,347.8 : 2,359.04 | cr=33, dd=32, da=14, tlv=2, sm=64, rd=165.94, cd=0, um=0","Time elapsed: 6.98 seconds","/home/thomasverwaal/Robust-Rail-NL/mathematical-models/local_search_plans_discreet_120/plan_32_trains_1_units16.json"
"/home/thomasverwaal/Robust-Rail-NL/mathematical-models/scenarios_solver_types_120/scenario_solver_32_trains_1_units16.json","Cost of next node: Cost = 2,327.3 : 2,338.54 | cr=32, dd=32, da=14, tlv=2, sm=64, rd=164.06, cd=0, um=0","Time elapsed: 7.41 seconds","/home/thomasverwaal/Robust-Rail-NL/mathematical-models/local_search_plans_discreet_120/plan_32_trains_1_units16.json"
"/home/thomasverwaal/Robust-Rail-NL/mathematical-models/scenarios_solver_types_120/scenario_solver_32_trains_1_units16.json","Cost of next node: Cost = 2,304.9 : 2,316.15 | cr=32, dd=32, da=13, tlv=2, sm=64, rd=160.31, cd=0, um=0","Time elapsed: 7.97 seconds","/home/thomasverwaal/Robust-Rail-NL/mathematical-models/local_search_plans_discreet_120/plan_32_trains_1_units16.json"
"/home/thomasverwaal/Robust-Rail-NL/mathematical-models/scenarios_solver_types_120/scenario_solver_32_trains_1_units16.json","Cost of next node: Cost = 2,279.9 : 2,296.15 | cr=28, dd=32, da=13, tlv=3, sm=64, rd=160.31, cd=0, um=0","Time elapsed: 8.29 seconds","/home/thomasverwaal/Robust-Rail-NL/mathematical-models/local_search_plans_discreet_120/plan_32_trains_1_units16.json"
"/home/thomasverwaal/Robust-Rail-NL/mathematical-models/scenarios_solver_types_120/scenario_solver_32_trains_1_units16.json","Cost of next node: Cost = 2,252.5 : 2,273.79 | cr=24, dd=32, da=13, tlv=4, sm=64, rd=159.38, cd=0, um=0","Time elapsed: 8.94 seconds","/home/thomasverwaal/Robust-Rail-NL/mathematical-models/local_search_plans_discreet_120/plan_32_trains_1_units16.json"
"/home/thomasverwaal/Robust-Rail-NL/mathematical-models/scenarios_solver_types_120/scenario_solver_32_trains_1_units16.json","Cost of next node: Cost = 2,228.1 : 2,254.40 | cr=22, dd=32, da=13, tlv=5, sm=64, rd=150.00, cd=0, um=0","Time elapsed: 9.93 seconds","/home/thomasverwaal/Robust-Rail-NL/mathematical-models/local_search_plans_discreet_120/plan_32_trains_1_units16.json"
"/home/thomasverwaal/Robust-Rail-NL/mathematical-models/scenarios_solver_types_120/scenario_solver_32_trains_1_units16.json","Cost of next node: Cost = 2,204.9 : 2,236.17 | cr=21, dd=32, da=12, tlv=6, sm=64, rd=144.38, cd=0, um=0","Time elapsed: 10.67 seconds","/home/thomasverwaal/Robust-Rail-NL/mathematical-models/local_search_plans_discreet_120/plan_32_trains_1_units16.json"
"/home/thomasverwaal/Robust-Rail-NL/mathematical-models/scenarios_solver_types_120/scenario_solver_32_trains_1_units16.json","Cost of next node: Cost = 2,182.1 : 2,213.38 | cr=19, dd=32, da=12, tlv=6, sm=64, rd=145.31, cd=0, um=0","Time elapsed: 11.51 seconds","/home/thomasverwaal/Robust-Rail-NL/mathematical-models/local_search_plans_discreet_120/plan_32_trains_1_units16.json"
"/home/thomasverwaal/Robust-Rail-NL/mathematical-models/scenarios_solver_types_120/scenario_solver_32_trains_1_units16.json","Cost of next node: Cost = 2,161.5 : 2,192.83 | cr=18, dd=32, da=12, tlv=6, sm=64, rd=138.75, cd=0, um=0","Time elapsed: 11.83 seconds","/home/thomasverwaal/Robust-Rail-NL/mathematical-models/local_search_plans_discreet_120/plan_32_trains_1_units16.json"
"/home/thomasverwaal/Robust-Rail-NL/mathematical-models/scenarios_solver_types_120/scenario_solver_32_trains_1_units16.json","Cost of next node: Cost = 2,139.2 : 2,170.46 | cr=16, dd=32, da=12, tlv=6, sm=64, rd=137.81, cd=0, um=0","Time elapsed: 11.96 seconds","/home/thomasverwaal/Robust-Rail-NL/mathematical-models/local_search_plans_discreet_120/plan_32_trains_1_units16.json"
"/home/thomasverwaal/Robust-Rail-NL/mathematical-models/scenarios_solver_types_120/scenario_solver_32_trains_1_units16.json","Cost of next node: Cost = 1,919.4 : 1,955.71 | cr=15, dd=28, da=12, tlv=7, sm=64, rd=120.00, cd=0, um=0","Time elapsed: 12.35 seconds","/home/thomasverwaal/Robust-Rail-NL/mathematical-models/local_search_plans_discreet_120/plan_32_trains_1_units16.json"
"/home/thomasverwaal/Robust-Rail-NL/mathematical-models/scenarios_solver_types_120/scenario_solver_32_trains_1_units16.json","Cost of next node: Cost = 1,819.2 : 1,855.52 | cr=15, dd=26, da=12, tlv=7, sm=64, rd=120.00, cd=0, um=0","Time elapsed: 12.43 seconds","/home/thomasverwaal/Robust-Rail-NL/mathematical-models/local_search_plans_discreet_120/plan_32_trains_1_units16.json"
"/home/thomasverwaal/Robust-Rail-NL/mathematical-models/scenarios_solver_types_120/scenario_solver_32_trains_1_units16.json","Cost of next node: Cost = 1,796.9 : 1,833.19 | cr=13, dd=26, da=12, tlv=7, sm=64, rd=120.00, cd=0, um=0","Time elapsed: 12.51 seconds","/home/thomasverwaal/Robust-Rail-NL/mathematical-models/local_search_plans_discreet_120/plan_32_trains_1_units16.json"
"/home/thomasverwaal/Robust-Rail-NL/mathematical-models/scenarios_solver_types_120/scenario_solver_32_trains_1_units16.json","Cost of next node: Cost = 1,648.0 : 1,684.31 | cr=13, dd=23, da=12, tlv=7, sm=64, rd=120.94, cd=0, um=0","Time elapsed: 12.59 seconds","/home/thomasverwaal/Robust-Rail-NL/mathematical-models/local_search_plans_discreet_120/plan_32_trains_1_units16.json"
"/home/thomasverwaal/Robust-Rail-NL/mathematical-models/scenarios_solver_types_120/scenario_solver_32_trains_1_units16.json","Cost of next node: Cost = 1,597.0 : 1,633.23 | cr=13, dd=22, da=12, tlv=7, sm=64, rd=120.94, cd=0, um=0","Time elapsed: 12.79 seconds","/home/thomasverwaal/Robust-Rail-NL/mathematical-models/local_search_plans_discreet_120/plan_32_trains_1_units16.json"
"/home/thomasverwaal/Robust-Rail-NL/mathematical-models/scenarios_solver_types_120/scenario_solver_32_trains_1_units16.json","Cost of next node: Cost = 1,529.9 : 1,566.14 | cr=11, dd=21, da=12, tlv=7, sm=64, rd=125.62, cd=0, um=0","Time elapsed: 12.85 seconds","/home/thomasverwaal/Robust-Rail-NL/mathematical-models/local_search_plans_discreet_120/plan_32_trains_1_units16.json"
"/home/thomasverwaal/Robust-Rail-NL/mathematical-models/scenarios_solver_types_120/scenario_solver_32_trains_1_units16.json","Cost of next node: Cost = 1,481.3 : 1,517.62 | cr=11, dd=20, da=12, tlv=7, sm=64, rd=125.62, cd=0, um=0","Time elapsed: 13.05 seconds","/home/thomasverwaal/Robust-Rail-NL/mathematical-models/local_search_plans_discreet_120/plan_32_trains_1_units16.json"
"/home/thomasverwaal/Robust-Rail-NL/mathematical-models/scenarios_solver_types_120/scenario_solver_32_trains_1_units16.json","Cost of next node: Cost = 1,442.8 : 1,479.09 | cr=12, dd=19, da=12, tlv=7, sm=64, rd=125.62, cd=0, um=0","Time elapsed: 13.13 seconds","/home/thomasverwaal/Robust-Rail-NL/mathematical-models/local_search_plans_discreet_120/plan_32_trains_1_units16.json"
"/home/thomasverwaal/Robust-Rail-NL/mathematical-models/scenarios_solver_types_120/scenario_solver_32_trains_1_units16.json","Cost of next node: Cost = 1,391.3 : 1,427.56 | cr=12, dd=18, da=12, tlv=7, sm=64, rd=125.62, cd=0, um=0","Time elapsed: 13.21 seconds","/home/thomasverwaal/Robust-Rail-NL/mathematical-models/local_search_plans_discreet_120/plan_32_trains_1_units16.json"
"/home/thomasverwaal/Robust-Rail-NL/mathematical-models/scenarios_solver_types_120/scenario_solver_32_trains_1_units16.json","Cost of next node: Cost = 1,336.4 : 1,377.73 | cr=11, dd=16, da=14, tlv=8, sm=64, rd=122.81, cd=0, um=0","Time elapsed: 13.27 seconds","/home/thomasverwaal/Robust-Rail-NL/mathematical-models/local_search_plans_discreet_120/plan_32_trains_1_units16.json"
"/home/thomasverwaal/Robust-Rail-NL/mathematical-models/scenarios_solver_types_120/scenario_solver_32_trains_1_units16.json","Cost of next node: Cost = 1,289.5 : 1,325.76 | cr=12, dd=16, da=12, tlv=7, sm=64, rd=119.06, cd=0, um=0","Time elapsed: 13.39 seconds","/home/thomasverwaal/Robust-Rail-NL/mathematical-models/local_search_plans_discreet_120/plan_32_trains_1_units16.json"
"/home/thomasverwaal/Robust-Rail-NL/mathematical-models/scenarios_solver_types_120/scenario_solver_32_trains_1_units16.json","Cost of next node: Cost = 1,138.2 : 1,179.48 | cr=14, dd=12, da=13, tlv=8, sm=64, rd=116.25, cd=0, um=0","Time elapsed: 13.54 seconds","/home/thomasverwaal/Robust-Rail-NL/mathematical-models/local_search_plans_discreet_120/plan_32_trains_1_units16.json"
"/home/thomasverwaal/Robust-Rail-NL/mathematical-models/scenarios_solver_types_120/scenario_solver_32_trains_1_units16.json","Cost of next node: Cost = 1,106.9 : 1,148.22 | cr=13, dd=12, da=12, tlv=8, sm=64, rd=115.31, cd=0, um=0","Time elapsed: 13.88 seconds","/home/thomasverwaal/Robust-Rail-NL/mathematical-models/local_search_plans_discreet_120/plan_32_trains_1_units16.json"
"/home/thomasverwaal/Robust-Rail-NL/mathematical-models/scenarios_solver_types_120/scenario_solver_32_trains_1_units16.json","Cost of next node: Cost = 1,026.0 : 1,067.28 | cr=12, dd=11, da=11, tlv=8, sm=64, rd=111.56, cd=0, um=0","Time elapsed: 14.25 seconds","/home/thomasverwaal/Robust-Rail-NL/mathematical-models/local_search_plans_discreet_120/plan_32_trains_1_units16.json"
"/home/thomasverwaal/Robust-Rail-NL/mathematical-models/scenarios_solver_types_120/scenario_solver_32_trains_1_units16.json","Cost of next node: Cost = 933.2 : 974.48 | cr=13, dd=9, da=11, tlv=8, sm=64, rd=111.56, cd=0, um=0","Time elapsed: 14.33 seconds","/home/thomasverwaal/Robust-Rail-NL/mathematical-models/local_search_plans_discreet_120/plan_32_trains_1_units16.json"
"/home/thomasverwaal/Robust-Rail-NL/mathematical-models/scenarios_solver_types_120/scenario_solver_32_trains_1_units16.json","Cost of next node: Cost = 842.4 : 888.71 | cr=14, dd=7, da=10, tlv=9, sm=64, rd=110.62, cd=0, um=0","Time elapsed: 14.62 seconds","/home/thomasverwaal/Robust-Rail-NL/mathematical-models/local_search_plans_discreet_120/plan_32_trains_1_units16.json"
"/home/thomasverwaal/Robust-Rail-NL/mathematical-models/scenarios_solver_types_120/scenario_solver_32_trains_1_units16.json","Cost of next node: Cost = 696.5 : 747.78 | cr=13, dd=6, da=5, tlv=10, sm=64, rd=103.12, cd=0, um=0","Time elapsed: 14.90 seconds","/home/thomasverwaal/Robust-Rail-NL/mathematical-models/local_search_plans_discreet_120/plan_32_trains_1_units16.json"
"/home/thomasverwaal/Robust-Rail-NL/mathematical-models/scenarios_solver_types_120/scenario_solver_32_trains_1_units16.json","Cost of next node: Cost = 676.4 : 727.72 | cr=13, dd=6, da=4, tlv=10, sm=64, rd=103.12, cd=0, um=0","Time elapsed: 15.01 seconds","/home/thomasverwaal/Robust-Rail-NL/mathematical-models/local_search_plans_discreet_120/plan_32_trains_1_units16.json"
"/home/thomasverwaal/Robust-Rail-NL/mathematical-models/scenarios_solver_types_120/scenario_solver_32_trains_1_units16.json","Cost of next node: Cost = 620.9 : 677.13 | cr=13, dd=5, da=3, tlv=11, sm=64, rd=99.38, cd=0, um=0","Time elapsed: 15.28 seconds","/home/thomasverwaal/Robust-Rail-NL/mathematical-models/local_search_plans_discreet_120/plan_32_trains_1_units16.json"
"/home/thomasverwaal/Robust-Rail-NL/mathematical-models/scenarios_solver_types_120/scenario_solver_32_trains_1_units16.json","Cost of next node: Cost = 597.7 : 653.98 | cr=13, dd=5, da=2, tlv=11, sm=64, rd=95.62, cd=0, um=0","Time elapsed: 15.71 seconds","/home/thomasverwaal/Robust-Rail-NL/mathematical-models/local_search_plans_discreet_120/plan_32_trains_1_units16.json"
"/home/thomasverwaal/Robust-Rail-NL/mathematical-models/scenarios_solver_types_120/scenario_solver_32_trains_1_units16.json","Cost of next node: Cost = 575.0 : 631.25 | cr=14, dd=3, da=5, tlv=12, sm=65, rd=91.38, cd=0, um=0","Time elapsed: 16.85 seconds","/home/thomasverwaal/Robust-Rail-NL/mathematical-models/local_search_plans_discreet_120/plan_32_trains_1_units16.json"
"/home/thomasverwaal/Robust-Rail-NL/mathematical-models/scenarios_solver_types_120/scenario_solver_32_trains_1_units16.json","Cost of next node: Cost = 554.7 : 611.00 | cr=17, dd=2, da=5, tlv=12, sm=65, rd=91.38, cd=0, um=0","Time elapsed: 16.94 seconds","/home/thomasverwaal/Robust-Rail-NL/mathematical-models/local_search_plans_discreet_120/plan_32_trains_1_units16.json"
"/home/thomasverwaal/Robust-Rail-NL/mathematical-models/scenarios_solver_types_120/scenario_solver_32_trains_1_units16.json","Cost of next node: Cost = 524.7 : 581.00 | cr=14, dd=2, da=5, tlv=12, sm=65, rd=91.38, cd=0, um=0","Time elapsed: 17.07 seconds","/home/thomasverwaal/Robust-Rail-NL/mathematical-models/local_search_plans_discreet_120/plan_32_trains_1_units16.json"
"/home/thomasverwaal/Robust-Rail-NL/mathematical-models/scenarios_solver_types_120/scenario_solver_32_trains_1_units16.json","Cost of next node: Cost = 493.8 : 555.10 | cr=13, dd=2, da=4, tlv=12, sm=65, rd=91.38, cd=0, um=0","Time elapsed: 17.43 seconds","/home/thomasverwaal/Robust-Rail-NL/mathematical-models/local_search_plans_discreet_120/plan_32_trains_1_units16.json"
"/home/thomasverwaal/Robust-Rail-NL/mathematical-models/scenarios_solver_types_120/scenario_solver_32_trains_1_units16.json","Cost of next node: Cost = 448.2 : 504.48 | cr=14, dd=2, da=2, tlv=11, sm=64, rd=90.94, cd=0, um=0","Time elapsed: 17.95 seconds","/home/thomasverwaal/Robust-Rail-NL/mathematical-models/local_search_plans_discreet_120/plan_32_trains_1_units16.json"
"/home/thomasverwaal/Robust-Rail-NL/mathematical-models/scenarios_solver_types_120/scenario_solver_32_trains_1_units16.json","Cost of next node: Cost = 428.2 : 484.48 | cr=12, dd=2, da=2, tlv=11, sm=64, rd=90.94, cd=0, um=0","Time elapsed: 20.84 seconds","/home/thomasverwaal/Robust-Rail-NL/mathematical-models/local_search_plans_discreet_120/plan_32_trains_1_units16.json"
"/home/thomasverwaal/Robust-Rail-NL/mathematical-models/scenarios_solver_types_120/scenario_solver_32_trains_1_units16.json","Cost of next node: Cost = 408.2 : 464.48 | cr=10, dd=2, da=2, tlv=11, sm=64, rd=90.94, cd=0, um=0","Time elapsed: 23.85 seconds","/home/thomasverwaal/Robust-Rail-NL/mathematical-models/local_search_plans_discreet_120/plan_32_trains_1_units16.json"
"/home/thomasverwaal/Robust-Rail-NL/mathematical-models/scenarios_solver_types_120/scenario_solver_32_trains_1_units16.json","Cost of next node: Cost = 352.4 : 413.68 | cr=10, dd=1, da=1, tlv=12, sm=64, rd=89.06, cd=0, um=0","Time elapsed: 24.00 seconds","/home/thomasverwaal/Robust-Rail-NL/mathematical-models/local_search_plans_discreet_120/plan_32_trains_1_units16.json"
"/home/thomasverwaal/Robust-Rail-NL/mathematical-models/scenarios_solver_types_120/scenario_solver_32_trains_1_units16.json","Cost of next node: Cost = 295.0 : 361.28 | cr=10, dd=0, da=0, tlv=13, sm=64, rd=85.31, cd=0, um=0","Time elapsed: 24.15 seconds","/home/thomasverwaal/Robust-Rail-NL/mathematical-models/local_search_plans_discreet_120/plan_32_trains_1_units16.json"
"/home/thomasverwaal/Robust-Rail-NL/mathematical-models/scenarios_solver_types_120/scenario_solver_32_trains_1_units16.json","Cost of next node: Cost = 275.0 : 341.28 | cr=8, dd=0, da=0, tlv=13, sm=64, rd=85.31, cd=0, um=0","Time elapsed: 27.15 seconds","/home/thomasverwaal/Robust-Rail-NL/mathematical-models/local_search_plans_discreet_120/plan_32_trains_1_units16.json"
"/home/thomasverwaal/Robust-Rail-NL/mathematical-models/scenarios_solver_types_120/scenario_solver_32_trains_1_units16.json","Cost of next node: Cost = 265.0 : 331.28 | cr=7, dd=0, da=0, tlv=13, sm=64, rd=82.50, cd=0, um=0","Time elapsed: 30.15 seconds","/home/thomasverwaal/Robust-Rail-NL/mathematical-models/local_search_plans_discreet_120/plan_32_trains_1_units16.json"
"/home/thomasverwaal/Robust-Rail-NL/mathematical-models/scenarios_solver_types_120/scenario_solver_32_trains_1_units16.json","Cost of next node: Cost = 255.0 : 321.28 | cr=6, dd=0, da=0, tlv=13, sm=64, rd=82.50, cd=0, um=0","Time elapsed: 32.81 seconds","/home/thomasverwaal/Robust-Rail-NL/mathematical-models/local_search_plans_discreet_120/plan_32_trains_1_units16.json"
"/home/thomasverwaal/Robust-Rail-NL/mathematical-models/scenarios_solver_types_120/scenario_solver_32_trains_1_units16.json","Cost of next node: Cost = 245.0 : 311.28 | cr=5, dd=0, da=0, tlv=13, sm=64, rd=82.50, cd=0, um=0","Time elapsed: 34.95 seconds","/home/thomasverwaal/Robust-Rail-NL/mathematical-models/local_search_plans_discreet_120/plan_32_trains_1_units16.json"
"/home/thomasverwaal/Robust-Rail-NL/mathematical-models/scenarios_solver_types_120/scenario_solver_32_trains_1_units16.json","Cost of next node: Cost = 235.0 : 301.28 | cr=4, dd=0, da=0, tlv=13, sm=64, rd=82.50, cd=0, um=0","Time elapsed: 55.99 seconds","/home/thomasverwaal/Robust-Rail-NL/mathematical-models/local_search_plans_discreet_120/plan_32_trains_1_units16.json"
"/home/thomasverwaal/Robust-Rail-NL/mathematical-models/scenarios_solver_types_120/scenario_solver_32_trains_1_units16.json","Cost of next node: Cost = 225.0 : 291.28 | cr=3, dd=0, da=0, tlv=13, sm=64, rd=82.50, cd=0, um=0","Time elapsed: 63.96 seconds","/home/thomasverwaal/Robust-Rail-NL/mathematical-models/local_search_plans_discreet_120/plan_32_trains_1_units16.json"
"/home/thomasverwaal/Robust-Rail-NL/mathematical-models/scenarios_solver_types_120/scenario_solver_32_trains_1_units16.json","Cost of next node: Cost = 215.0 : 281.28 | cr=2, dd=0, da=0, tlv=13, sm=64, rd=84.38, cd=0, um=0","Time elapsed: 72.04 seconds","/home/thomasverwaal/Robust-Rail-NL/mathematical-models/local_search_plans_discreet_120/plan_32_trains_1_units16.json"
"/home/thomasverwaal/Robust-Rail-NL/mathematical-models/scenarios_solver_types_120/scenario_solver_32_trains_1_units16.json","Cost of next node: Cost = 205.0 : 271.28 | cr=1, dd=0, da=0, tlv=13, sm=64, rd=86.25, cd=0, um=0","Time elapsed: 131.29 seconds","/home/thomasverwaal/Robust-Rail-NL/mathematical-models/local_search_plans_discreet_120/plan_32_trains_1_units16.json"
"/home/thomasverwaal/Robust-Rail-NL/mathematical-models/scenarios_solver_types_120/scenario_solver_32_trains_1_units16.json","Cost of next node: Cost = 200.0 : 261.28 | cr=2, dd=0, da=0, tlv=12, sm=64, rd=88.12, cd=0, um=0","Time elapsed: 158.59 seconds","/home/thomasverwaal/Robust-Rail-NL/mathematical-models/local_search_plans_discreet_120/plan_32_trains_1_units16.json"
"/home/thomasverwaal/Robust-Rail-NL/mathematical-models/scenarios_solver_types_120/scenario_solver_32_trains_1_units16.json","Cost of next node: Cost = 190.0 : 251.28 | cr=1, dd=0, da=0, tlv=12, sm=64, rd=88.12, cd=0, um=0","Time elapsed: 159.92 seconds","/home/thomasverwaal/Robust-Rail-NL/mathematical-models/local_search_plans_discreet_120/plan_32_trains_1_units16.json"
"/home/thomasverwaal/Robust-Rail-NL/mathematical-models/scenarios_solver_types_120/scenario_solver_32_trains_1_units16.json","Cost of next node: Cost = 180.0 : 241.28 | cr=0, dd=0, da=0, tlv=12, sm=64, rd=88.12, cd=0, um=0","Time elapsed: 169.47 seconds","/home/thomasverwaal/Robust-Rail-NL/mathematical-models/local_search_plans_discreet_120/plan_32_trains_1_units16.json"
"/home/thomasverwaal/Robust-Rail-NL/mathematical-models/scenarios_solver_types_120/scenario_solver_32_trains_1_units16.json","NO_COST_FOUND","NO_TIME_FOUND","NO_PLAN_CREATED"
"/home/thomasverwaal/Robust-Rail-NL/mathematical-models/scenarios_solver_types_120/scenario_solver_32_trains_1_units17.json","Cost of next node: Cost = 2,742.0 : 2,743.33 | cr=41, dd=32, da=30, tlv=0, sm=64, rd=180.00, cd=0, um=0","Time elapsed: 5.22 seconds","/home/thomasverwaal/Robust-Rail-NL/mathematical-models/local_search_plans_discreet_120/plan_32_trains_1_units17.json"
"/home/thomasverwaal/Robust-Rail-NL/mathematical-models/scenarios_solver_types_120/scenario_solver_32_trains_1_units17.json","Cost of next node: Cost = 2,714.7 : 2,715.97 | cr=39, dd=32, da=30, tlv=0, sm=64, rd=178.12, cd=0, um=0","Time elapsed: 5.35 seconds","/home/thomasverwaal/Robust-Rail-NL/mathematical-models/local_search_plans_discreet_120/plan_32_trains_1_units17.json"
"/home/thomasverwaal/Robust-Rail-NL/mathematical-models/scenarios_solver_types_120/scenario_solver_32_trains_1_units17.json","Cost of next node: Cost = 2,694.2 : 2,695.51 | cr=37, dd=32, da=30, tlv=0, sm=64, rd=178.12, cd=0, um=0","Time elapsed: 5.64 seconds","/home/thomasverwaal/Robust-Rail-NL/mathematical-models/local_search_plans_discreet_120/plan_32_trains_1_units17.json"
"/home/thomasverwaal/Robust-Rail-NL/mathematical-models/scenarios_solver_types_120/scenario_solver_32_trains_1_units17.json","Cost of next node: Cost = 2,673.5 : 2,674.78 | cr=35, dd=32, da=30, tlv=0, sm=64, rd=178.12, cd=0, um=0","Time elapsed: 5.93 seconds","/home/thomasverwaal/Robust-Rail-NL/mathematical-models/local_search_plans_discreet_120/plan_32_trains_1_units17.json"
"/home/thomasverwaal/Robust-Rail-NL/mathematical-models/scenarios_solver_types_120/scenario_solver_32_trains_1_units17.json","Cost of next node: Cost = 2,587.7 : 2,593.96 | cr=36, dd=32, da=25, tlv=1, sm=64, rd=175.31, cd=0, um=0","Time elapsed: 6.23 seconds","/home/thomasverwaal/Robust-Rail-NL/mathematical-models/local_search_plans_discreet_120/plan_32_trains_1_units17.json"
"/home/thomasverwaal/Robust-Rail-NL/mathematical-models/scenarios_solver_types_120/scenario_solver_32_trains_1_units17.json","Cost of next node: Cost = 2,559.9 : 2,561.14 | cr=35, dd=32, da=25, tlv=0, sm=64, rd=173.44, cd=0, um=0","Time elapsed: 6.52 seconds","/home/thomasverwaal/Robust-Rail-NL/mathematical-models/local_search_plans_discreet_120/plan_32_trains_1_units17.json"
"/home/thomasverwaal/Robust-Rail-NL/mathematical-models/scenarios_solver_types_120/scenario_solver_32_trains_1_units17.json","Cost of next node: Cost = 2,405.6 : 2,406.91 | cr=36, dd=32, da=17, tlv=0, sm=64, rd=166.88, cd=0, um=0","Time elapsed: 6.79 seconds","/home/thomasverwaal/Robust-Rail-NL/mathematical-models/local_search_plans_discreet_120/plan_32_trains_1_units17.json"
"/home/thomasverwaal/Robust-Rail-NL/mathematical-models/scenarios_solver_types_120/scenario_solver_32_trains_1_units17.json","Cost of next node: Cost = 2,356.6 : 2,362.85 | cr=33, dd=32, da=15, tlv=1, sm=64, rd=164.06, cd=0, um=0","Time elapsed: 7.02 seconds","/home/thomasverwaal/Robust-Rail-NL/mathematical-models/local_search_plans_discreet_120/plan_32_trains_1_units17.json"
"/home/thomasverwaal/Robust-Rail-NL/mathematical-models/scenarios_solver_types_120/scenario_solver_32_trains_1_units17.json","Cost of next node: Cost = 2,336.3 : 2,342.58 | cr=31, dd=32, da=15, tlv=1, sm=64, rd=164.06, cd=0, um=0","Time elapsed: 7.09 seconds","/home/thomasverwaal/Robust-Rail-NL/mathematical-models/local_search_plans_discreet_120/plan_32_trains_1_units17.json"
"/home/thomasverwaal/Robust-Rail-NL/mathematical-models/scenarios_solver_types_120/scenario_solver_32_trains_1_units17.json","Cost of next node: Cost = 2,309.2 : 2,320.46 | cr=33, dd=32, da=12, tlv=2, sm=64, rd=157.50, cd=0, um=0","Time elapsed: 7.47 seconds","/home/thomasverwaal/Robust-Rail-NL/mathematical-models/local_search_plans_discreet_120/plan_32_trains_1_units17.json"
"/home/thomasverwaal/Robust-Rail-NL/mathematical-models/scenarios_solver_types_120/scenario_solver_32_trains_1_units17.json","Cost of next node: Cost = 2,289.0 : 2,300.26 | cr=32, dd=32, da=12, tlv=2, sm=64, rd=155.62, cd=0, um=0","Time elapsed: 7.94 seconds","/home/thomasverwaal/Robust-Rail-NL/mathematical-models/local_search_plans_discreet_120/plan_32_trains_1_units17.json"
"/home/thomasverwaal/Robust-Rail-NL/mathematical-models/scenarios_solver_types_120/scenario_solver_32_trains_1_units17.json","Cost of next node: Cost = 2,260.8 : 2,277.09 | cr=28, dd=32, da=12, tlv=3, sm=64, rd=153.75, cd=0, um=0","Time elapsed: 8.52 seconds","/home/thomasverwaal/Robust-Rail-NL/mathematical-models/local_search_plans_discreet_120/plan_32_trains_1_units17.json"
"/home/thomasverwaal/Robust-Rail-NL/mathematical-models/scenarios_solver_types_120/scenario_solver_32_trains_1_units17.json","Cost of next node: Cost = 2,235.8 : 2,257.09 | cr=24, dd=32, da=12, tlv=4, sm=64, rd=153.75, cd=0, um=0","Time elapsed: 9.31 seconds","/home/thomasverwaal/Robust-Rail-NL/mathematical-models/local_search_plans_discreet_120/plan_32_trains_1_units17.json"
"/home/thomasverwaal/Robust-Rail-NL/mathematical-models/scenarios_solver_types_120/scenario_solver_32_trains_1_units17.json","Cost of next node: Cost = 2,201.2 : 2,227.50 | cr=21, dd=32, da=12, tlv=5, sm=64, rd=144.38, cd=0, um=0","Time elapsed: 10.24 seconds","/home/thomasverwaal/Robust-Rail-NL/mathematical-models/local_search_plans_discreet_120/plan_32_trains_1_units17.json"
"/home/thomasverwaal/Robust-Rail-NL/mathematical-models/scenarios_solver_types_120/scenario_solver_32_trains_1_units17.json","Cost of next node: Cost = 2,178.0 : 2,209.30 | cr=20, dd=32, da=11, tlv=6, sm=64, rd=138.75, cd=0, um=0","Time elapsed: 10.60 seconds","/home/thomasverwaal/Robust-Rail-NL/mathematical-models/local_search_plans_discreet_120/plan_32_trains_1_units17.json"
"/home/thomasverwaal/Robust-Rail-NL/mathematical-models/scenarios_solver_types_120/scenario_solver_32_trains_1_units17.json","Cost of next node: Cost = 2,148.5 : 2,179.77 | cr=16, dd=32, da=11, tlv=6, sm=64, rd=148.12, cd=0, um=0","Time elapsed: 10.98 seconds","/home/thomasverwaal/Robust-Rail-NL/mathematical-models/local_search_plans_discreet_120/plan_32_trains_1_units17.json"
"/home/thomasverwaal/Robust-Rail-NL/mathematical-models/scenarios_solver_types_120/scenario_solver_32_trains_1_units17.json","Cost of next node: Cost = 2,118.4 : 2,149.68 | cr=16, dd=32, da=11, tlv=6, sm=64, rd=130.31, cd=0, um=0","Time elapsed: 11.41 seconds","/home/thomasverwaal/Robust-Rail-NL/mathematical-models/local_search_plans_discreet_120/plan_32_trains_1_units17.json"
"/home/thomasverwaal/Robust-Rail-NL/mathematical-models/scenarios_solver_types_120/scenario_solver_32_trains_1_units17.json","Cost of next node: Cost = 2,096.3 : 2,127.59 | cr=13, dd=32, da=11, tlv=6, sm=64, rd=136.88, cd=0, um=0","Time elapsed: 11.55 seconds","/home/thomasverwaal/Robust-Rail-NL/mathematical-models/local_search_plans_discreet_120/plan_32_trains_1_units17.json"
"/home/thomasverwaal/Robust-Rail-NL/mathematical-models/scenarios_solver_types_120/scenario_solver_32_trains_1_units17.json","Cost of next node: Cost = 2,012.5 : 2,048.83 | cr=18, dd=29, da=12, tlv=7, sm=64, rd=135.00, cd=0, um=0","Time elapsed: 11.78 seconds","/home/thomasverwaal/Robust-Rail-NL/mathematical-models/local_search_plans_discreet_120/plan_32_trains_1_units17.json"
"/home/thomasverwaal/Robust-Rail-NL/mathematical-models/scenarios_solver_types_120/scenario_solver_32_trains_1_units17.json","Cost of next node: Cost = 1,823.9 : 1,860.20 | cr=20, dd=25, da=12, tlv=7, sm=64, rd=128.44, cd=0, um=0","Time elapsed: 11.86 seconds","/home/thomasverwaal/Robust-Rail-NL/mathematical-models/local_search_plans_discreet_120/plan_32_trains_1_units17.json"
"/home/thomasverwaal/Robust-Rail-NL/mathematical-models/scenarios_solver_types_120/scenario_solver_32_trains_1_units17.json","Cost of next node: Cost = 1,720.4 : 1,756.68 | cr=20, dd=23, da=12, tlv=7, sm=64, rd=128.44, cd=0, um=0","Time elapsed: 11.93 seconds","/home/thomasverwaal/Robust-Rail-NL/mathematical-models/local_search_plans_discreet_120/plan_32_trains_1_units17.json"
"/home/thomasverwaal/Robust-Rail-NL/mathematical-models/scenarios_solver_types_120/scenario_solver_32_trains_1_units17.json","Cost of next node: Cost = 1,670.6 : 1,706.84 | cr=20, dd=22, da=12, tlv=7, sm=64, rd=128.44, cd=0, um=0","Time elapsed: 12.00 seconds","/home/thomasverwaal/Robust-Rail-NL/mathematical-models/local_search_plans_discreet_120/plan_32_trains_1_units17.json"
"/home/thomasverwaal/Robust-Rail-NL/mathematical-models/scenarios_solver_types_120/scenario_solver_32_trains_1_units17.json","Cost of next node: Cost = 1,611.3 : 1,647.56 | cr=19, dd=21, da=12, tlv=7, sm=64, rd=128.44, cd=0, um=0","Time elapsed: 12.20 seconds","/home/thomasverwaal/Robust-Rail-NL/mathematical-models/local_search_plans_discreet_120/plan_32_trains_1_units17.json"
"/home/thomasverwaal/Robust-Rail-NL/mathematical-models/scenarios_solver_types_120/scenario_solver_32_trains_1_units17.json","Cost of next node: Cost = 1,568.6 : 1,604.93 | cr=19, dd=20, da=12, tlv=7, sm=64, rd=130.31, cd=0, um=0","Time elapsed: 12.35 seconds","/home/thomasverwaal/Robust-Rail-NL/mathematical-models/local_search_plans_discreet_120/plan_32_trains_1_units17.json"
"/home/thomasverwaal/Robust-Rail-NL/mathematical-models/scenarios_solver_types_120/scenario_solver_32_trains_1_units17.json","Cost of next node: Cost = 1,528.8 : 1,565.08 | cr=20, dd=19, da=12, tlv=7, sm=64, rd=128.44, cd=0, um=0","Time elapsed: 12.43 seconds","/home/thomasverwaal/Robust-Rail-NL/mathematical-models/local_search_plans_discreet_120/plan_32_trains_1_units17.json"
"/home/thomasverwaal/Robust-Rail-NL/mathematical-models/scenarios_solver_types_120/scenario_solver_32_trains_1_units17.json","Cost of next node: Cost = 1,503.4 : 1,539.68 | cr=18, dd=19, da=12, tlv=7, sm=64, rd=121.88, cd=0, um=0","Time elapsed: 12.53 seconds","/home/thomasverwaal/Robust-Rail-NL/mathematical-models/local_search_plans_discreet_120/plan_32_trains_1_units17.json"
"/home/thomasverwaal/Robust-Rail-NL/mathematical-models/scenarios_solver_types_120/scenario_solver_32_trains_1_units17.json","Cost of next node: Cost = 1,479.9 : 1,521.23 | cr=17, dd=19, da=11, tlv=8, sm=64, rd=116.25, cd=0, um=0","Time elapsed: 12.97 seconds","/home/thomasverwaal/Robust-Rail-NL/mathematical-models/local_search_plans_discreet_120/plan_32_trains_1_units17.json"
"/home/thomasverwaal/Robust-Rail-NL/mathematical-models/scenarios_solver_types_120/scenario_solver_32_trains_1_units17.json","Cost of next node: Cost = 1,439.4 : 1,480.71 | cr=18, dd=18, da=11, tlv=8, sm=64, rd=116.25, cd=0, um=0","Time elapsed: 13.04 seconds","/home/thomasverwaal/Robust-Rail-NL/mathematical-models/local_search_plans_discreet_120/plan_32_trains_1_units17.json"
"/home/thomasverwaal/Robust-Rail-NL/mathematical-models/scenarios_solver_types_120/scenario_solver_32_trains_1_units17.json","Cost of next node: Cost = 1,389.2 : 1,430.46 | cr=18, dd=17, da=11, tlv=8, sm=64, rd=116.25, cd=0, um=0","Time elapsed: 13.13 seconds","/home/thomasverwaal/Robust-Rail-NL/mathematical-models/local_search_plans_discreet_120/plan_32_trains_1_units17.json"
"/home/thomasverwaal/Robust-Rail-NL/mathematical-models/scenarios_solver_types_120/scenario_solver_32_trains_1_units17.json","Cost of next node: Cost = 1,271.0 : 1,312.29 | cr=19, dd=15, da=10, tlv=8, sm=64, rd=110.62, cd=0, um=0","Time elapsed: 13.59 seconds","/home/thomasverwaal/Robust-Rail-NL/mathematical-models/local_search_plans_discreet_120/plan_32_trains_1_units17.json"
"/home/thomasverwaal/Robust-Rail-NL/mathematical-models/scenarios_solver_types_120/scenario_solver_32_trains_1_units17.json","Cost of next node: Cost = 1,241.0 : 1,282.29 | cr=16, dd=15, da=10, tlv=8, sm=64, rd=110.62, cd=0, um=0","Time elapsed: 13.64 seconds","/home/thomasverwaal/Robust-Rail-NL/mathematical-models/local_search_plans_discreet_120/plan_32_trains_1_units17.json"
"/home/thomasverwaal/Robust-Rail-NL/mathematical-models/scenarios_solver_types_120/scenario_solver_32_trains_1_units17.json","Cost of next node: Cost = 1,135.4 : 1,181.70 | cr=16, dd=13, da=9, tlv=9, sm=64, rd=105.00, cd=0, um=0","Time elapsed: 13.85 seconds","/home/thomasverwaal/Robust-Rail-NL/mathematical-models/local_search_plans_discreet_120/plan_32_trains_1_units17.json"
"/home/thomasverwaal/Robust-Rail-NL/mathematical-models/scenarios_solver_types_120/scenario_solver_32_trains_1_units17.json","Cost of next node: Cost = 950.3 : 1,001.62 | cr=19, dd=10, da=5, tlv=10, sm=64, rd=99.38, cd=0, um=0","Time elapsed: 14.23 seconds","/home/thomasverwaal/Robust-Rail-NL/mathematical-models/local_search_plans_discreet_120/plan_32_trains_1_units17.json"
"/home/thomasverwaal/Robust-Rail-NL/mathematical-models/scenarios_solver_types_120/scenario_solver_32_trains_1_units17.json","Cost of next node: Cost = 925.3 : 981.62 | cr=15, dd=10, da=5, tlv=11, sm=64, rd=97.50, cd=0, um=0","Time elapsed: 14.53 seconds","/home/thomasverwaal/Robust-Rail-NL/mathematical-models/local_search_plans_discreet_120/plan_32_trains_1_units17.json"
"/home/thomasverwaal/Robust-Rail-NL/mathematical-models/scenarios_solver_types_120/scenario_solver_32_trains_1_units17.json","Cost of next node: Cost = 881.0 : 942.26 | cr=16, dd=9, da=4, tlv=12, sm=64, rd=93.75, cd=0, um=0","Time elapsed: 14.95 seconds","/home/thomasverwaal/Robust-Rail-NL/mathematical-models/local_search_plans_discreet_120/plan_32_trains_1_units17.json"
"/home/thomasverwaal/Robust-Rail-NL/mathematical-models/scenarios_solver_types_120/scenario_solver_32_trains_1_units17.json","Cost of next node: Cost = 856.0 : 912.26 | cr=15, dd=9, da=4, tlv=11, sm=64, rd=95.62, cd=0, um=0","Time elapsed: 15.11 seconds","/home/thomasverwaal/Robust-Rail-NL/mathematical-models/local_search_plans_discreet_120/plan_32_trains_1_units17.json"
"/home/thomasverwaal/Robust-Rail-NL/mathematical-models/scenarios_solver_types_120/scenario_solver_32_trains_1_units17.json","Cost of next node: Cost = 761.7 : 822.98 | cr=16, dd=7, da=3, tlv=12, sm=64, rd=90.00, cd=0, um=0","Time elapsed: 15.31 seconds","/home/thomasverwaal/Robust-Rail-NL/mathematical-models/local_search_plans_discreet_120/plan_32_trains_1_units17.json"
"/home/thomasverwaal/Robust-Rail-NL/mathematical-models/scenarios_solver_types_120/scenario_solver_32_trains_1_units17.json","Cost of next node: Cost = 582.8 : 649.08 | cr=14, dd=4, da=2, tlv=13, sm=64, rd=86.25, cd=0, um=0","Time elapsed: 15.65 seconds","/home/thomasverwaal/Robust-Rail-NL/mathematical-models/local_search_plans_discreet_120/plan_32_trains_1_units17.json"
"/home/thomasverwaal/Robust-Rail-NL/mathematical-models/scenarios_solver_types_120/scenario_solver_32_trains_1_units17.json","Cost of next node: Cost = 558.4 : 629.68 | cr=17, dd=3, da=1, tlv=14, sm=64, rd=83.44, cd=0, um=0","Time elapsed: 16.14 seconds","/home/thomasverwaal/Robust-Rail-NL/mathematical-models/local_search_plans_discreet_120/plan_32_trains_1_units17.json"
"/home/thomasverwaal/Robust-Rail-NL/mathematical-models/scenarios_solver_types_120/scenario_solver_32_trains_1_units17.json","Cost of next node: Cost = 518.4 : 589.68 | cr=13, dd=3, da=1, tlv=14, sm=64, rd=83.44, cd=0, um=0","Time elapsed: 16.27 seconds","/home/thomasverwaal/Robust-Rail-NL/mathematical-models/local_search_plans_discreet_120/plan_32_trains_1_units17.json"
"/home/thomasverwaal/Robust-Rail-NL/mathematical-models/scenarios_solver_types_120/scenario_solver_32_trains_1_units17.json","Cost of next node: Cost = 375.9 : 452.18 | cr=13, dd=0, da=1, tlv=15, sm=64, rd=78.75, cd=0, um=0","Time elapsed: 16.42 seconds","/home/thomasverwaal/Robust-Rail-NL/mathematical-models/local_search_plans_discreet_120/plan_32_trains_1_units17.json"
"/home/thomasverwaal/Robust-Rail-NL/mathematical-models/scenarios_solver_types_120/scenario_solver_32_trains_1_units17.json","Cost of next node: Cost = 350.9 : 422.18 | cr=12, dd=0, da=1, tlv=14, sm=64, rd=78.75, cd=0, um=0","Time elapsed: 16.72 seconds","/home/thomasverwaal/Robust-Rail-NL/mathematical-models/local_search_plans_discreet_120/plan_32_trains_1_units17.json"
"/home/thomasverwaal/Robust-Rail-NL/mathematical-models/scenarios_solver_types_120/scenario_solver_32_trains_1_units17.json","Cost of next node: Cost = 330.9 : 402.18 | cr=10, dd=0, da=1, tlv=14, sm=64, rd=78.75, cd=0, um=0","Time elapsed: 20.74 seconds","/home/thomasverwaal/Robust-Rail-NL/mathematical-models/local_search_plans_discreet_120/plan_32_trains_1_units17.json"
"/home/thomasverwaal/Robust-Rail-NL/mathematical-models/scenarios_solver_types_120/scenario_solver_32_trains_1_units17.json","Cost of next node: Cost = 320.9 : 392.18 | cr=9, dd=0, da=1, tlv=14, sm=64, rd=78.75, cd=0, um=0","Time elapsed: 24.21 seconds","/home/thomasverwaal/Robust-Rail-NL/mathematical-models/local_search_plans_discreet_120/plan_32_trains_1_units17.json"
"/home/thomasverwaal/Robust-Rail-NL/mathematical-models/scenarios_solver_types_120/scenario_solver_32_trains_1_units17.json","Cost of next node: Cost = 310.9 : 382.18 | cr=8, dd=0, da=1, tlv=14, sm=64, rd=80.62, cd=0, um=0","Time elapsed: 27.24 seconds","/home/thomasverwaal/Robust-Rail-NL/mathematical-models/local_search_plans_discreet_120/plan_32_trains_1_units17.json"
"/home/thomasverwaal/Robust-Rail-NL/mathematical-models/scenarios_solver_types_120/scenario_solver_32_trains_1_units17.json","Cost of next node: Cost = 290.9 : 362.18 | cr=6, dd=0, da=1, tlv=14, sm=64, rd=80.62, cd=0, um=0","Time elapsed: 30.08 seconds","/home/thomasverwaal/Robust-Rail-NL/mathematical-models/local_search_plans_discreet_120/plan_32_trains_1_units17.json"
"/home/thomasverwaal/Robust-Rail-NL/mathematical-models/scenarios_solver_types_120/scenario_solver_32_trains_1_units17.json","Cost of next node: Cost = 285.0 : 361.28 | cr=6, dd=0, da=0, tlv=15, sm=64, rd=78.75, cd=0, um=0","Time elapsed: 32.40 seconds","/home/thomasverwaal/Robust-Rail-NL/mathematical-models/local_search_plans_discreet_120/plan_32_trains_1_units17.json"
"/home/thomasverwaal/Robust-Rail-NL/mathematical-models/scenarios_solver_types_120/scenario_solver_32_trains_1_units17.json","Cost of next node: Cost = 270.0 : 341.30 | cr=6, dd=0, da=0, tlv=14, sm=65, rd=79.38, cd=0, um=0","Time elapsed: 35.07 seconds","/home/thomasverwaal/Robust-Rail-NL/mathematical-models/local_search_plans_discreet_120/plan_32_trains_1_units17.json"
"/home/thomasverwaal/Robust-Rail-NL/mathematical-models/scenarios_solver_types_120/scenario_solver_32_trains_1_units17.json","Cost of next node: Cost = 260.0 : 331.30 | cr=5, dd=0, da=0, tlv=14, sm=65, rd=81.23, cd=0, um=0","Time elapsed: 37.50 seconds","/home/thomasverwaal/Robust-Rail-NL/mathematical-models/local_search_plans_discreet_120/plan_32_trains_1_units17.json"
"/home/thomasverwaal/Robust-Rail-NL/mathematical-models/scenarios_solver_types_120/scenario_solver_32_trains_1_units17.json","Cost of next node: Cost = 250.0 : 321.30 | cr=4, dd=0, da=0, tlv=14, sm=65, rd=83.08, cd=0, um=0","Time elapsed: 48.98 seconds","/home/thomasverwaal/Robust-Rail-NL/mathematical-models/local_search_plans_discreet_120/plan_32_trains_1_units17.json"
"/home/thomasverwaal/Robust-Rail-NL/mathematical-models/scenarios_solver_types_120/scenario_solver_32_trains_1_units17.json","Cost of next node: Cost = 240.0 : 311.30 | cr=3, dd=0, da=0, tlv=14, sm=65, rd=83.08, cd=0, um=0","Time elapsed: 50.91 seconds","/home/thomasverwaal/Robust-Rail-NL/mathematical-models/local_search_plans_discreet_120/plan_32_trains_1_units17.json"
"/home/thomasverwaal/Robust-Rail-NL/mathematical-models/scenarios_solver_types_120/scenario_solver_32_trains_1_units17.json","Cost of next node: Cost = 225.0 : 291.30 | cr=3, dd=0, da=0, tlv=13, sm=65, rd=84.92, cd=0, um=0","Time elapsed: 55.83 seconds","/home/thomasverwaal/Robust-Rail-NL/mathematical-models/local_search_plans_discreet_120/plan_32_trains_1_units17.json"
"/home/thomasverwaal/Robust-Rail-NL/mathematical-models/scenarios_solver_types_120/scenario_solver_32_trains_1_units17.json","Cost of next node: Cost = 215.0 : 281.30 | cr=2, dd=0, da=0, tlv=13, sm=65, rd=83.08, cd=0, um=0","Time elapsed: 111.00 seconds","/home/thomasverwaal/Robust-Rail-NL/mathematical-models/local_search_plans_discreet_120/plan_32_trains_1_units17.json"
"/home/thomasverwaal/Robust-Rail-NL/mathematical-models/scenarios_solver_types_120/scenario_solver_32_trains_1_units17.json","Cost of next node: Cost = 205.0 : 271.30 | cr=1, dd=0, da=0, tlv=13, sm=65, rd=84.92, cd=0, um=0","Time elapsed: 136.39 seconds","/home/thomasverwaal/Robust-Rail-NL/mathematical-models/local_search_plans_discreet_120/plan_32_trains_1_units17.json"
"/home/thomasverwaal/Robust-Rail-NL/mathematical-models/scenarios_solver_types_120/scenario_solver_32_trains_1_units17.json","Cost of next node: Cost = 195.0 : 261.32 | cr=0, dd=0, da=0, tlv=13, sm=66, rd=87.27, cd=0, um=0","Time elapsed: 186.04 seconds","/home/thomasverwaal/Robust-Rail-NL/mathematical-models/local_search_plans_discreet_120/plan_32_trains_1_units17.json"
"/home/thomasverwaal/Robust-Rail-NL/mathematical-models/scenarios_solver_types_120/scenario_solver_32_trains_1_units17.json","NO_COST_FOUND","NO_TIME_FOUND","NO_PLAN_CREATED"
"/home/thomasverwaal/Robust-Rail-NL/mathematical-models/scenarios_solver_types_120/scenario_solver_32_trains_1_units18.json","Cost of next node: Cost = 2,740.4 : 2,741.64 | cr=41, dd=32, da=30, tlv=0, sm=64, rd=180.00, cd=0, um=0","Time elapsed: 4.52 seconds","/home/thomasverwaal/Robust-Rail-NL/mathematical-models/local_search_plans_discreet_120/plan_32_trains_1_units18.json"
"/home/thomasverwaal/Robust-Rail-NL/mathematical-models/scenarios_solver_types_120/scenario_solver_32_trains_1_units18.json","Cost of next node: Cost = 2,713.0 : 2,714.28 | cr=39, dd=32, da=30, tlv=0, sm=64, rd=178.12, cd=0, um=0","Time elapsed: 4.67 seconds","/home/thomasverwaal/Robust-Rail-NL/mathematical-models/local_search_plans_discreet_120/plan_32_trains_1_units18.json"
"/home/thomasverwaal/Robust-Rail-NL/mathematical-models/scenarios_solver_types_120/scenario_solver_32_trains_1_units18.json","Cost of next node: Cost = 2,692.5 : 2,693.82 | cr=37, dd=32, da=30, tlv=0, sm=64, rd=178.12, cd=0, um=0","Time elapsed: 4.96 seconds","/home/thomasverwaal/Robust-Rail-NL/mathematical-models/local_search_plans_discreet_120/plan_32_trains_1_units18.json"
"/home/thomasverwaal/Robust-Rail-NL/mathematical-models/scenarios_solver_types_120/scenario_solver_32_trains_1_units18.json","Cost of next node: Cost = 2,671.8 : 2,673.10 | cr=35, dd=32, da=30, tlv=0, sm=64, rd=178.12, cd=0, um=0","Time elapsed: 5.25 seconds","/home/thomasverwaal/Robust-Rail-NL/mathematical-models/local_search_plans_discreet_120/plan_32_trains_1_units18.json"
"/home/thomasverwaal/Robust-Rail-NL/mathematical-models/scenarios_solver_types_120/scenario_solver_32_trains_1_units18.json","Cost of next node: Cost = 2,637.5 : 2,643.78 | cr=36, dd=32, da=28, tlv=1, sm=64, rd=175.31, cd=0, um=0","Time elapsed: 5.59 seconds","/home/thomasverwaal/Robust-Rail-NL/mathematical-models/local_search_plans_discreet_120/plan_32_trains_1_units18.json"
"/home/thomasverwaal/Robust-Rail-NL/mathematical-models/scenarios_solver_types_120/scenario_solver_32_trains_1_units18.json","Cost of next node: Cost = 2,609.7 : 2,610.96 | cr=35, dd=32, da=28, tlv=0, sm=64, rd=173.44, cd=0, um=0","Time elapsed: 5.88 seconds","/home/thomasverwaal/Robust-Rail-NL/mathematical-models/local_search_plans_discreet_120/plan_32_trains_1_units18.json"
"/home/thomasverwaal/Robust-Rail-NL/mathematical-models/scenarios_solver_types_120/scenario_solver_32_trains_1_units18.json","Cost of next node: Cost = 2,551.1 : 2,552.43 | cr=36, dd=32, da=25, tlv=0, sm=64, rd=166.88, cd=0, um=0","Time elapsed: 6.15 seconds","/home/thomasverwaal/Robust-Rail-NL/mathematical-models/local_search_plans_discreet_120/plan_32_trains_1_units18.json"
"/home/thomasverwaal/Robust-Rail-NL/mathematical-models/scenarios_solver_types_120/scenario_solver_32_trains_1_units18.json","Cost of next node: Cost = 2,478.9 : 2,485.18 | cr=33, dd=32, da=22, tlv=1, sm=64, rd=164.06, cd=0, um=0","Time elapsed: 6.38 seconds","/home/thomasverwaal/Robust-Rail-NL/mathematical-models/local_search_plans_discreet_120/plan_32_trains_1_units18.json"
"/home/thomasverwaal/Robust-Rail-NL/mathematical-models/scenarios_solver_types_120/scenario_solver_32_trains_1_units18.json","Cost of next node: Cost = 2,458.6 : 2,464.90 | cr=31, dd=32, da=22, tlv=1, sm=64, rd=164.06, cd=0, um=0","Time elapsed: 6.43 seconds","/home/thomasverwaal/Robust-Rail-NL/mathematical-models/local_search_plans_discreet_120/plan_32_trains_1_units18.json"
"/home/thomasverwaal/Robust-Rail-NL/mathematical-models/scenarios_solver_types_120/scenario_solver_32_trains_1_units18.json","Cost of next node: Cost = 2,362.8 : 2,374.06 | cr=34, dd=32, da=15, tlv=2, sm=64, rd=159.38, cd=0, um=0","Time elapsed: 6.73 seconds","/home/thomasverwaal/Robust-Rail-NL/mathematical-models/local_search_plans_discreet_120/plan_32_trains_1_units18.json"
"/home/thomasverwaal/Robust-Rail-NL/mathematical-models/scenarios_solver_types_120/scenario_solver_32_trains_1_units18.json","Cost of next node: Cost = 2,317.5 : 2,333.79 | cr=34, dd=32, da=12, tlv=3, sm=64, rd=155.62, cd=0, um=0","Time elapsed: 6.98 seconds","/home/thomasverwaal/Robust-Rail-NL/mathematical-models/local_search_plans_discreet_120/plan_32_trains_1_units18.json"
"/home/thomasverwaal/Robust-Rail-NL/mathematical-models/scenarios_solver_types_120/scenario_solver_32_trains_1_units18.json","Cost of next node: Cost = 2,297.3 : 2,313.59 | cr=33, dd=32, da=12, tlv=3, sm=64, rd=153.75, cd=0, um=0","Time elapsed: 7.40 seconds","/home/thomasverwaal/Robust-Rail-NL/mathematical-models/local_search_plans_discreet_120/plan_32_trains_1_units18.json"
"/home/thomasverwaal/Robust-Rail-NL/mathematical-models/scenarios_solver_types_120/scenario_solver_32_trains_1_units18.json","Cost of next node: Cost = 2,259.3 : 2,280.55 | cr=28, dd=32, da=12, tlv=4, sm=64, rd=151.88, cd=0, um=0","Time elapsed: 7.93 seconds","/home/thomasverwaal/Robust-Rail-NL/mathematical-models/local_search_plans_discreet_120/plan_32_trains_1_units18.json"
"/home/thomasverwaal/Robust-Rail-NL/mathematical-models/scenarios_solver_types_120/scenario_solver_32_trains_1_units18.json","Cost of next node: Cost = 2,233.8 : 2,260.05 | cr=28, dd=32, da=10, tlv=5, sm=64, rd=146.25, cd=0, um=0","Time elapsed: 8.54 seconds","/home/thomasverwaal/Robust-Rail-NL/mathematical-models/local_search_plans_discreet_120/plan_32_trains_1_units18.json"
"/home/thomasverwaal/Robust-Rail-NL/mathematical-models/scenarios_solver_types_120/scenario_solver_32_trains_1_units18.json","Cost of next node: Cost = 2,188.8 : 2,220.05 | cr=22, dd=32, da=10, tlv=6, sm=64, rd=146.25, cd=0, um=0","Time elapsed: 9.39 seconds","/home/thomasverwaal/Robust-Rail-NL/mathematical-models/local_search_plans_discreet_120/plan_32_trains_1_units18.json"
"/home/thomasverwaal/Robust-Rail-NL/mathematical-models/scenarios_solver_types_120/scenario_solver_32_trains_1_units18.json","Cost of next node: Cost = 2,153.7 : 2,189.95 | cr=19, dd=32, da=10, tlv=7, sm=64, rd=136.88, cd=0, um=0","Time elapsed: 9.80 seconds","/home/thomasverwaal/Robust-Rail-NL/mathematical-models/local_search_plans_discreet_120/plan_32_trains_1_units18.json"
"/home/thomasverwaal/Robust-Rail-NL/mathematical-models/scenarios_solver_types_120/scenario_solver_32_trains_1_units18.json","Cost of next node: Cost = 2,130.1 : 2,171.40 | cr=18, dd=32, da=9, tlv=8, sm=64, rd=131.25, cd=0, um=0","Time elapsed: 10.15 seconds","/home/thomasverwaal/Robust-Rail-NL/mathematical-models/local_search_plans_discreet_120/plan_32_trains_1_units18.json"
"/home/thomasverwaal/Robust-Rail-NL/mathematical-models/scenarios_solver_types_120/scenario_solver_32_trains_1_units18.json","Cost of next node: Cost = 2,100.5 : 2,141.78 | cr=13, dd=32, da=9, tlv=8, sm=64, rd=147.19, cd=0, um=0","Time elapsed: 10.55 seconds","/home/thomasverwaal/Robust-Rail-NL/mathematical-models/local_search_plans_discreet_120/plan_32_trains_1_units18.json"
"/home/thomasverwaal/Robust-Rail-NL/mathematical-models/scenarios_solver_types_120/scenario_solver_32_trains_1_units18.json","Cost of next node: Cost = 1,998.3 : 2,044.58 | cr=17, dd=30, da=8, tlv=9, sm=64, rd=126.56, cd=0, um=0","Time elapsed: 10.86 seconds","/home/thomasverwaal/Robust-Rail-NL/mathematical-models/local_search_plans_discreet_120/plan_32_trains_1_units18.json"
"/home/thomasverwaal/Robust-Rail-NL/mathematical-models/scenarios_solver_types_120/scenario_solver_32_trains_1_units18.json","Cost of next node: Cost = 1,898.4 : 1,944.68 | cr=17, dd=28, da=8, tlv=9, sm=64, rd=126.56, cd=0, um=0","Time elapsed: 11.08 seconds","/home/thomasverwaal/Robust-Rail-NL/mathematical-models/local_search_plans_discreet_120/plan_32_trains_1_units18.json"
"/home/thomasverwaal/Robust-Rail-NL/mathematical-models/scenarios_solver_types_120/scenario_solver_32_trains_1_units18.json","Cost of next node: Cost = 1,848.5 : 1,894.79 | cr=17, dd=27, da=8, tlv=9, sm=64, rd=126.56, cd=0, um=0","Time elapsed: 11.30 seconds","/home/thomasverwaal/Robust-Rail-NL/mathematical-models/local_search_plans_discreet_120/plan_32_trains_1_units18.json"
"/home/thomasverwaal/Robust-Rail-NL/mathematical-models/scenarios_solver_types_120/scenario_solver_32_trains_1_units18.json","Cost of next node: Cost = 1,798.8 : 1,845.13 | cr=17, dd=26, da=8, tlv=9, sm=64, rd=126.56, cd=0, um=0","Time elapsed: 11.50 seconds","/home/thomasverwaal/Robust-Rail-NL/mathematical-models/local_search_plans_discreet_120/plan_32_trains_1_units18.json"
"/home/thomasverwaal/Robust-Rail-NL/mathematical-models/scenarios_solver_types_120/scenario_solver_32_trains_1_units18.json","Cost of next node: Cost = 1,761.7 : 1,807.99 | cr=19, dd=25, da=8, tlv=9, sm=64, rd=120.00, cd=0, um=0","Time elapsed: 11.70 seconds","/home/thomasverwaal/Robust-Rail-NL/mathematical-models/local_search_plans_discreet_120/plan_32_trains_1_units18.json"
"/home/thomasverwaal/Robust-Rail-NL/mathematical-models/scenarios_solver_types_120/scenario_solver_32_trains_1_units18.json","Cost of next node: Cost = 1,720.7 : 1,767.00 | cr=20, dd=24, da=8, tlv=9, sm=64, rd=118.12, cd=0, um=0","Time elapsed: 11.92 seconds","/home/thomasverwaal/Robust-Rail-NL/mathematical-models/local_search_plans_discreet_120/plan_32_trains_1_units18.json"
"/home/thomasverwaal/Robust-Rail-NL/mathematical-models/scenarios_solver_types_120/scenario_solver_32_trains_1_units18.json","Cost of next node: Cost = 1,631.1 : 1,677.38 | cr=21, dd=22, da=8, tlv=9, sm=64, rd=118.12, cd=0, um=0","Time elapsed: 12.03 seconds","/home/thomasverwaal/Robust-Rail-NL/mathematical-models/local_search_plans_discreet_120/plan_32_trains_1_units18.json"
"/home/thomasverwaal/Robust-Rail-NL/mathematical-models/scenarios_solver_types_120/scenario_solver_32_trains_1_units18.json","Cost of next node: Cost = 1,531.3 : 1,577.54 | cr=21, dd=20, da=8, tlv=9, sm=64, rd=118.12, cd=0, um=0","Time elapsed: 12.09 seconds","/home/thomasverwaal/Robust-Rail-NL/mathematical-models/local_search_plans_discreet_120/plan_32_trains_1_units18.json"
"/home/thomasverwaal/Robust-Rail-NL/mathematical-models/scenarios_solver_types_120/scenario_solver_32_trains_1_units18.json","Cost of next node: Cost = 1,481.5 : 1,527.78 | cr=21, dd=19, da=8, tlv=9, sm=64, rd=118.12, cd=0, um=0","Time elapsed: 12.30 seconds","/home/thomasverwaal/Robust-Rail-NL/mathematical-models/local_search_plans_discreet_120/plan_32_trains_1_units18.json"
"/home/thomasverwaal/Robust-Rail-NL/mathematical-models/scenarios_solver_types_120/scenario_solver_32_trains_1_units18.json","Cost of next node: Cost = 1,422.1 : 1,473.38 | cr=24, dd=17, da=8, tlv=10, sm=64, rd=114.38, cd=0, um=0","Time elapsed: 12.63 seconds","/home/thomasverwaal/Robust-Rail-NL/mathematical-models/local_search_plans_discreet_120/plan_32_trains_1_units18.json"
"/home/thomasverwaal/Robust-Rail-NL/mathematical-models/scenarios_solver_types_120/scenario_solver_32_trains_1_units18.json","Cost of next node: Cost = 1,359.9 : 1,416.22 | cr=24, dd=16, da=7, tlv=11, sm=64, rd=108.75, cd=0, um=0","Time elapsed: 12.96 seconds","/home/thomasverwaal/Robust-Rail-NL/mathematical-models/local_search_plans_discreet_120/plan_32_trains_1_units18.json"
"/home/thomasverwaal/Robust-Rail-NL/mathematical-models/scenarios_solver_types_120/scenario_solver_32_trains_1_units18.json","Cost of next node: Cost = 1,310.3 : 1,366.54 | cr=24, dd=15, da=7, tlv=11, sm=64, rd=108.75, cd=0, um=0","Time elapsed: 13.12 seconds","/home/thomasverwaal/Robust-Rail-NL/mathematical-models/local_search_plans_discreet_120/plan_32_trains_1_units18.json"
"/home/thomasverwaal/Robust-Rail-NL/mathematical-models/scenarios_solver_types_120/scenario_solver_32_trains_1_units18.json","Cost of next node: Cost = 1,178.1 : 1,234.38 | cr=24, dd=14, da=3, tlv=11, sm=64, rd=106.88, cd=0, um=0","Time elapsed: 13.54 seconds","/home/thomasverwaal/Robust-Rail-NL/mathematical-models/local_search_plans_discreet_120/plan_32_trains_1_units18.json"
"/home/thomasverwaal/Robust-Rail-NL/mathematical-models/scenarios_solver_types_120/scenario_solver_32_trains_1_units18.json","Cost of next node: Cost = 1,138.2 : 1,194.52 | cr=23, dd=13, da=4, tlv=11, sm=64, rd=108.75, cd=0, um=0","Time elapsed: 13.79 seconds","/home/thomasverwaal/Robust-Rail-NL/mathematical-models/local_search_plans_discreet_120/plan_32_trains_1_units18.json"
"/home/thomasverwaal/Robust-Rail-NL/mathematical-models/scenarios_solver_types_120/scenario_solver_32_trains_1_units18.json","Cost of next node: Cost = 1,113.2 : 1,164.52 | cr=22, dd=13, da=4, tlv=10, sm=64, rd=106.88, cd=0, um=0","Time elapsed: 13.97 seconds","/home/thomasverwaal/Robust-Rail-NL/mathematical-models/local_search_plans_discreet_120/plan_32_trains_1_units18.json"
"/home/thomasverwaal/Robust-Rail-NL/mathematical-models/scenarios_solver_types_120/scenario_solver_32_trains_1_units18.json","Cost of next node: Cost = 1,049.0 : 1,105.29 | cr=21, dd=12, da=3, tlv=11, sm=64, rd=103.12, cd=0, um=0","Time elapsed: 14.32 seconds","/home/thomasverwaal/Robust-Rail-NL/mathematical-models/local_search_plans_discreet_120/plan_32_trains_1_units18.json"
"/home/thomasverwaal/Robust-Rail-NL/mathematical-models/scenarios_solver_types_120/scenario_solver_32_trains_1_units18.json","Cost of next node: Cost = 923.3 : 984.59 | cr=19, dd=10, da=2, tlv=12, sm=64, rd=99.38, cd=0, um=0","Time elapsed: 14.94 seconds","/home/thomasverwaal/Robust-Rail-NL/mathematical-models/local_search_plans_discreet_120/plan_32_trains_1_units18.json"
"/home/thomasverwaal/Robust-Rail-NL/mathematical-models/scenarios_solver_types_120/scenario_solver_32_trains_1_units18.json","Cost of next node: Cost = 815.6 : 881.85 | cr=19, dd=8, da=1, tlv=13, sm=64, rd=98.44, cd=0, um=0","Time elapsed: 15.27 seconds","/home/thomasverwaal/Robust-Rail-NL/mathematical-models/local_search_plans_discreet_120/plan_32_trains_1_units18.json"
"/home/thomasverwaal/Robust-Rail-NL/mathematical-models/scenarios_solver_types_120/scenario_solver_32_trains_1_units18.json","Cost of next node: Cost = 682.8 : 749.04 | cr=16, dd=6, da=1, tlv=13, sm=64, rd=91.88, cd=0, um=0","Time elapsed: 15.40 seconds","/home/thomasverwaal/Robust-Rail-NL/mathematical-models/local_search_plans_discreet_120/plan_32_trains_1_units18.json"
"/home/thomasverwaal/Robust-Rail-NL/mathematical-models/scenarios_solver_types_120/scenario_solver_32_trains_1_units18.json","Cost of next node: Cost = 657.8 : 719.04 | cr=15, dd=6, da=1, tlv=12, sm=64, rd=91.88, cd=0, um=0","Time elapsed: 15.91 seconds","/home/thomasverwaal/Robust-Rail-NL/mathematical-models/local_search_plans_discreet_120/plan_32_trains_1_units18.json"
"/home/thomasverwaal/Robust-Rail-NL/mathematical-models/scenarios_solver_types_120/scenario_solver_32_trains_1_units18.json","Cost of next node: Cost = 544.9 : 611.18 | cr=17, dd=3, da=1, tlv=13, sm=64, rd=87.19, cd=0, um=0","Time elapsed: 16.21 seconds","/home/thomasverwaal/Robust-Rail-NL/mathematical-models/local_search_plans_discreet_120/plan_32_trains_1_units18.json"
"/home/thomasverwaal/Robust-Rail-NL/mathematical-models/scenarios_solver_types_120/scenario_solver_32_trains_1_units18.json","Cost of next node: Cost = 397.4 : 463.68 | cr=13, dd=1, da=1, tlv=13, sm=64, rd=80.62, cd=0, um=0","Time elapsed: 16.37 seconds","/home/thomasverwaal/Robust-Rail-NL/mathematical-models/local_search_plans_discreet_120/plan_32_trains_1_units18.json"
"/home/thomasverwaal/Robust-Rail-NL/mathematical-models/scenarios_solver_types_120/scenario_solver_32_trains_1_units18.json","Cost of next node: Cost = 345.9 : 412.18 | cr=13, dd=0, da=1, tlv=13, sm=64, rd=80.62, cd=0, um=0","Time elapsed: 16.76 seconds","/home/thomasverwaal/Robust-Rail-NL/mathematical-models/local_search_plans_discreet_120/plan_32_trains_1_units18.json"
"/home/thomasverwaal/Robust-Rail-NL/mathematical-models/scenarios_solver_types_120/scenario_solver_32_trains_1_units18.json","Cost of next node: Cost = 325.9 : 392.18 | cr=11, dd=0, da=1, tlv=13, sm=64, rd=80.62, cd=0, um=0","Time elapsed: 21.10 seconds","/home/thomasverwaal/Robust-Rail-NL/mathematical-models/local_search_plans_discreet_120/plan_32_trains_1_units18.json"
"/home/thomasverwaal/Robust-Rail-NL/mathematical-models/scenarios_solver_types_120/scenario_solver_32_trains_1_units18.json","Cost of next node: Cost = 315.9 : 382.18 | cr=10, dd=0, da=1, tlv=13, sm=64, rd=80.62, cd=0, um=0","Time elapsed: 25.35 seconds","/home/thomasverwaal/Robust-Rail-NL/mathematical-models/local_search_plans_discreet_120/plan_32_trains_1_units18.json"
"/home/thomasverwaal/Robust-Rail-NL/mathematical-models/scenarios_solver_types_120/scenario_solver_32_trains_1_units18.json","Cost of next node: Cost = 305.9 : 372.18 | cr=9, dd=0, da=1, tlv=13, sm=64, rd=80.62, cd=0, um=0","Time elapsed: 29.06 seconds","/home/thomasverwaal/Robust-Rail-NL/mathematical-models/local_search_plans_discreet_120/plan_32_trains_1_units18.json"
"/home/thomasverwaal/Robust-Rail-NL/mathematical-models/scenarios_solver_types_120/scenario_solver_32_trains_1_units18.json","Cost of next node: Cost = 295.9 : 362.18 | cr=8, dd=0, da=1, tlv=13, sm=64, rd=80.62, cd=0, um=0","Time elapsed: 32.25 seconds","/home/thomasverwaal/Robust-Rail-NL/mathematical-models/local_search_plans_discreet_120/plan_32_trains_1_units18.json"
"/home/thomasverwaal/Robust-Rail-NL/mathematical-models/scenarios_solver_types_120/scenario_solver_32_trains_1_units18.json","Cost of next node: Cost = 285.9 : 352.18 | cr=7, dd=0, da=1, tlv=13, sm=64, rd=82.50, cd=0, um=0","Time elapsed: 35.73 seconds","/home/thomasverwaal/Robust-Rail-NL/mathematical-models/local_search_plans_discreet_120/plan_32_trains_1_units18.json"
"/home/thomasverwaal/Robust-Rail-NL/mathematical-models/scenarios_solver_types_120/scenario_solver_32_trains_1_units18.json","Cost of next node: Cost = 275.9 : 342.18 | cr=6, dd=0, da=1, tlv=13, sm=64, rd=82.50, cd=0, um=0","Time elapsed: 38.52 seconds","/home/thomasverwaal/Robust-Rail-NL/mathematical-models/local_search_plans_discreet_120/plan_32_trains_1_units18.json"
"/home/thomasverwaal/Robust-Rail-NL/mathematical-models/scenarios_solver_types_120/scenario_solver_32_trains_1_units18.json","Cost of next node: Cost = 265.9 : 332.18 | cr=5, dd=0, da=1, tlv=13, sm=64, rd=82.50, cd=0, um=0","Time elapsed: 40.70 seconds","/home/thomasverwaal/Robust-Rail-NL/mathematical-models/local_search_plans_discreet_120/plan_32_trains_1_units18.json"
"/home/thomasverwaal/Robust-Rail-NL/mathematical-models/scenarios_solver_types_120/scenario_solver_32_trains_1_units18.json","Cost of next node: Cost = 260.0 : 331.28 | cr=5, dd=0, da=0, tlv=14, sm=64, rd=80.62, cd=0, um=0","Time elapsed: 42.47 seconds","/home/thomasverwaal/Robust-Rail-NL/mathematical-models/local_search_plans_discreet_120/plan_32_trains_1_units18.json"
"/home/thomasverwaal/Robust-Rail-NL/mathematical-models/scenarios_solver_types_120/scenario_solver_32_trains_1_units18.json","Cost of next node: Cost = 250.0 : 321.28 | cr=4, dd=0, da=0, tlv=14, sm=64, rd=78.75, cd=0, um=0","Time elapsed: 52.45 seconds","/home/thomasverwaal/Robust-Rail-NL/mathematical-models/local_search_plans_discreet_120/plan_32_trains_1_units18.json"
"/home/thomasverwaal/Robust-Rail-NL/mathematical-models/scenarios_solver_types_120/scenario_solver_32_trains_1_units18.json","Cost of next node: Cost = 240.0 : 311.28 | cr=3, dd=0, da=0, tlv=14, sm=64, rd=78.75, cd=0, um=0","Time elapsed: 65.54 seconds","/home/thomasverwaal/Robust-Rail-NL/mathematical-models/local_search_plans_discreet_120/plan_32_trains_1_units18.json"
"/home/thomasverwaal/Robust-Rail-NL/mathematical-models/scenarios_solver_types_120/scenario_solver_32_trains_1_units18.json","Cost of next node: Cost = 230.0 : 301.28 | cr=2, dd=0, da=0, tlv=14, sm=64, rd=80.62, cd=0, um=0","Time elapsed: 72.64 seconds","/home/thomasverwaal/Robust-Rail-NL/mathematical-models/local_search_plans_discreet_120/plan_32_trains_1_units18.json"
"/home/thomasverwaal/Robust-Rail-NL/mathematical-models/scenarios_solver_types_120/scenario_solver_32_trains_1_units18.json","Cost of next node: Cost = 215.0 : 281.30 | cr=2, dd=0, da=0, tlv=13, sm=65, rd=83.08, cd=0, um=0","Time elapsed: 97.72 seconds","/home/thomasverwaal/Robust-Rail-NL/mathematical-models/local_search_plans_discreet_120/plan_32_trains_1_units18.json"
"/home/thomasverwaal/Robust-Rail-NL/mathematical-models/scenarios_solver_types_120/scenario_solver_32_trains_1_units18.json","Cost of next node: Cost = 205.0 : 271.30 | cr=1, dd=0, da=0, tlv=13, sm=65, rd=84.92, cd=0, um=0","Time elapsed: 178.09 seconds","/home/thomasverwaal/Robust-Rail-NL/mathematical-models/local_search_plans_discreet_120/plan_32_trains_1_units18.json"
"/home/thomasverwaal/Robust-Rail-NL/mathematical-models/scenarios_solver_types_120/scenario_solver_32_trains_1_units18.json","NO_COST_FOUND","NO_TIME_FOUND","NO_PLAN_CREATED"
