scenario,cost_line,time_line,plan_file
"/home/thomasverwaal/Robust-Rail-NL/mathematical-models/scenarios_solver_types_120/scenario_solver_33_trains_5_units23.json","Cost of next node: Cost = 2,893.0 : 2,894.35 | cr=48, dd=33, da=31, tlv=0, sm=66, rd=180.91, cd=0, um=0","Time elapsed: 5.04 seconds","/home/thomasverwaal/Robust-Rail-NL/mathematical-models/local_search_plans_discreet_120/plan_33_trains_5_units23.json"
"/home/thomasverwaal/Robust-Rail-NL/mathematical-models/scenarios_solver_types_120/scenario_solver_33_trains_5_units23.json","Cost of next node: Cost = 2,844.0 : 2,845.35 | cr=44, dd=33, da=31, tlv=0, sm=66, rd=179.09, cd=0, um=0","Time elapsed: 5.17 seconds","/home/thomasverwaal/Robust-Rail-NL/mathematical-models/local_search_plans_discreet_120/plan_33_trains_5_units23.json"
"/home/thomasverwaal/Robust-Rail-NL/mathematical-models/scenarios_solver_types_120/scenario_solver_33_trains_5_units23.json","Cost of next node: Cost = 2,822.3 : 2,823.59 | cr=42, dd=33, da=31, tlv=0, sm=66, rd=179.09, cd=0, um=0","Time elapsed: 5.27 seconds","/home/thomasverwaal/Robust-Rail-NL/mathematical-models/local_search_plans_discreet_120/plan_33_trains_5_units23.json"
"/home/thomasverwaal/Robust-Rail-NL/mathematical-models/scenarios_solver_types_120/scenario_solver_33_trains_5_units23.json","Cost of next node: Cost = 2,775.8 : 2,782.09 | cr=43, dd=33, da=28, tlv=1, sm=66, rd=176.36, cd=0, um=0","Time elapsed: 5.37 seconds","/home/thomasverwaal/Robust-Rail-NL/mathematical-models/local_search_plans_discreet_120/plan_33_trains_5_units23.json"
"/home/thomasverwaal/Robust-Rail-NL/mathematical-models/scenarios_solver_types_120/scenario_solver_33_trains_5_units23.json","Cost of next node: Cost = 2,753.2 : 2,759.53 | cr=41, dd=33, da=28, tlv=1, sm=66, rd=174.55, cd=0, um=0","Time elapsed: 5.52 seconds","/home/thomasverwaal/Robust-Rail-NL/mathematical-models/local_search_plans_discreet_120/plan_33_trains_5_units23.json"
"/home/thomasverwaal/Robust-Rail-NL/mathematical-models/scenarios_solver_types_120/scenario_solver_33_trains_5_units23.json","Cost of next node: Cost = 2,680.0 : 2,686.37 | cr=42, dd=33, da=24, tlv=1, sm=66, rd=168.18, cd=0, um=0","Time elapsed: 5.63 seconds","/home/thomasverwaal/Robust-Rail-NL/mathematical-models/local_search_plans_discreet_120/plan_33_trains_5_units23.json"
"/home/thomasverwaal/Robust-Rail-NL/mathematical-models/scenarios_solver_types_120/scenario_solver_33_trains_5_units23.json","Cost of next node: Cost = 2,531.5 : 2,542.78 | cr=37, dd=33, da=18, tlv=2, sm=66, rd=165.45, cd=0, um=0","Time elapsed: 5.78 seconds","/home/thomasverwaal/Robust-Rail-NL/mathematical-models/local_search_plans_discreet_120/plan_33_trains_5_units23.json"
"/home/thomasverwaal/Robust-Rail-NL/mathematical-models/scenarios_solver_types_120/scenario_solver_33_trains_5_units23.json","Cost of next node: Cost = 2,486.7 : 2,503.04 | cr=37, dd=33, da=15, tlv=3, sm=66, rd=160.91, cd=0, um=0","Time elapsed: 5.92 seconds","/home/thomasverwaal/Robust-Rail-NL/mathematical-models/local_search_plans_discreet_120/plan_33_trains_5_units23.json"
"/home/thomasverwaal/Robust-Rail-NL/mathematical-models/scenarios_solver_types_120/scenario_solver_33_trains_5_units23.json","Cost of next node: Cost = 2,441.1 : 2,462.40 | cr=37, dd=33, da=12, tlv=4, sm=66, rd=157.27, cd=0, um=0","Time elapsed: 6.09 seconds","/home/thomasverwaal/Robust-Rail-NL/mathematical-models/local_search_plans_discreet_120/plan_33_trains_5_units23.json"
"/home/thomasverwaal/Robust-Rail-NL/mathematical-models/scenarios_solver_types_120/scenario_solver_33_trains_5_units23.json","Cost of next node: Cost = 2,410.9 : 2,437.20 | cr=28, dd=33, da=14, tlv=5, sm=66, rd=166.36, cd=0, um=0","Time elapsed: 6.22 seconds","/home/thomasverwaal/Robust-Rail-NL/mathematical-models/local_search_plans_discreet_120/plan_33_trains_5_units23.json"
"/home/thomasverwaal/Robust-Rail-NL/mathematical-models/scenarios_solver_types_120/scenario_solver_33_trains_5_units23.json","Cost of next node: Cost = 2,389.5 : 2,415.83 | cr=28, dd=33, da=13, tlv=5, sm=66, rd=164.55, cd=0, um=0","Time elapsed: 6.38 seconds","/home/thomasverwaal/Robust-Rail-NL/mathematical-models/local_search_plans_discreet_120/plan_33_trains_5_units23.json"
"/home/thomasverwaal/Robust-Rail-NL/mathematical-models/scenarios_solver_types_120/scenario_solver_33_trains_5_units23.json","Cost of next node: Cost = 2,367.2 : 2,393.54 | cr=26, dd=33, da=13, tlv=5, sm=66, rd=162.73, cd=0, um=0","Time elapsed: 6.65 seconds","/home/thomasverwaal/Robust-Rail-NL/mathematical-models/local_search_plans_discreet_120/plan_33_trains_5_units23.json"
"/home/thomasverwaal/Robust-Rail-NL/mathematical-models/scenarios_solver_types_120/scenario_solver_33_trains_5_units23.json","Cost of next node: Cost = 2,333.6 : 2,354.95 | cr=26, dd=33, da=12, tlv=4, sm=66, rd=160.91, cd=0, um=0","Time elapsed: 6.95 seconds","/home/thomasverwaal/Robust-Rail-NL/mathematical-models/local_search_plans_discreet_120/plan_33_trains_5_units23.json"
"/home/thomasverwaal/Robust-Rail-NL/mathematical-models/scenarios_solver_types_120/scenario_solver_33_trains_5_units23.json","Cost of next node: Cost = 2,311.6 : 2,337.88 | cr=25, dd=33, da=12, tlv=5, sm=66, rd=153.64, cd=0, um=0","Time elapsed: 7.32 seconds","/home/thomasverwaal/Robust-Rail-NL/mathematical-models/local_search_plans_discreet_120/plan_33_trains_5_units23.json"
"/home/thomasverwaal/Robust-Rail-NL/mathematical-models/scenarios_solver_types_120/scenario_solver_33_trains_5_units23.json","Cost of next node: Cost = 2,281.8 : 2,313.10 | cr=18, dd=33, da=12, tlv=6, sm=66, rd=159.09, cd=0, um=0","Time elapsed: 7.81 seconds","/home/thomasverwaal/Robust-Rail-NL/mathematical-models/local_search_plans_discreet_120/plan_33_trains_5_units23.json"
"/home/thomasverwaal/Robust-Rail-NL/mathematical-models/scenarios_solver_types_120/scenario_solver_33_trains_5_units23.json","Cost of next node: Cost = 2,254.7 : 2,291.04 | cr=16, dd=33, da=12, tlv=7, sm=66, rd=149.09, cd=0, um=0","Time elapsed: 8.74 seconds","/home/thomasverwaal/Robust-Rail-NL/mathematical-models/local_search_plans_discreet_120/plan_33_trains_5_units23.json"
"/home/thomasverwaal/Robust-Rail-NL/mathematical-models/scenarios_solver_types_120/scenario_solver_33_trains_5_units23.json","Cost of next node: Cost = 2,226.3 : 2,267.64 | cr=14, dd=33, da=12, tlv=8, sm=66, rd=141.82, cd=0, um=0","Time elapsed: 9.59 seconds","/home/thomasverwaal/Robust-Rail-NL/mathematical-models/local_search_plans_discreet_120/plan_33_trains_5_units23.json"
"/home/thomasverwaal/Robust-Rail-NL/mathematical-models/scenarios_solver_types_120/scenario_solver_33_trains_5_units23.json","Cost of next node: Cost = 2,202.2 : 2,243.57 | cr=13, dd=33, da=12, tlv=8, sm=66, rd=135.45, cd=0, um=0","Time elapsed: 10.47 seconds","/home/thomasverwaal/Robust-Rail-NL/mathematical-models/local_search_plans_discreet_120/plan_33_trains_5_units23.json"
"/home/thomasverwaal/Robust-Rail-NL/mathematical-models/scenarios_solver_types_120/scenario_solver_33_trains_5_units23.json","Cost of next node: Cost = 2,182.0 : 2,228.34 | cr=12, dd=33, da=12, tlv=9, sm=66, rd=130.00, cd=0, um=0","Time elapsed: 10.91 seconds","/home/thomasverwaal/Robust-Rail-NL/mathematical-models/local_search_plans_discreet_120/plan_33_trains_5_units23.json"
"/home/thomasverwaal/Robust-Rail-NL/mathematical-models/scenarios_solver_types_120/scenario_solver_33_trains_5_units23.json","Cost of next node: Cost = 1,948.3 : 1,994.66 | cr=15, dd=28, da=12, tlv=9, sm=66, rd=124.55, cd=0, um=0","Time elapsed: 11.34 seconds","/home/thomasverwaal/Robust-Rail-NL/mathematical-models/local_search_plans_discreet_120/plan_33_trains_5_units23.json"
"/home/thomasverwaal/Robust-Rail-NL/mathematical-models/scenarios_solver_types_120/scenario_solver_33_trains_5_units23.json","Cost of next node: Cost = 1,900.9 : 1,947.19 | cr=15, dd=27, da=12, tlv=9, sm=66, rd=126.36, cd=0, um=0","Time elapsed: 11.39 seconds","/home/thomasverwaal/Robust-Rail-NL/mathematical-models/local_search_plans_discreet_120/plan_33_trains_5_units23.json"
"/home/thomasverwaal/Robust-Rail-NL/mathematical-models/scenarios_solver_types_120/scenario_solver_33_trains_5_units23.json","Cost of next node: Cost = 1,860.8 : 1,907.13 | cr=16, dd=26, da=12, tlv=9, sm=66, rd=126.36, cd=0, um=0","Time elapsed: 11.47 seconds","/home/thomasverwaal/Robust-Rail-NL/mathematical-models/local_search_plans_discreet_120/plan_33_trains_5_units23.json"
"/home/thomasverwaal/Robust-Rail-NL/mathematical-models/scenarios_solver_types_120/scenario_solver_33_trains_5_units23.json","Cost of next node: Cost = 1,725.4 : 1,771.69 | cr=17, dd=23, da=12, tlv=9, sm=66, rd=125.45, cd=0, um=0","Time elapsed: 11.55 seconds","/home/thomasverwaal/Robust-Rail-NL/mathematical-models/local_search_plans_discreet_120/plan_33_trains_5_units23.json"
"/home/thomasverwaal/Robust-Rail-NL/mathematical-models/scenarios_solver_types_120/scenario_solver_33_trains_5_units23.json","Cost of next node: Cost = 1,676.2 : 1,722.47 | cr=17, dd=22, da=12, tlv=9, sm=66, rd=125.45, cd=0, um=0","Time elapsed: 11.58 seconds","/home/thomasverwaal/Robust-Rail-NL/mathematical-models/local_search_plans_discreet_120/plan_33_trains_5_units23.json"
"/home/thomasverwaal/Robust-Rail-NL/mathematical-models/scenarios_solver_types_120/scenario_solver_33_trains_5_units23.json","Cost of next node: Cost = 1,627.7 : 1,674.01 | cr=17, dd=21, da=12, tlv=9, sm=66, rd=127.27, cd=0, um=0","Time elapsed: 11.71 seconds","/home/thomasverwaal/Robust-Rail-NL/mathematical-models/local_search_plans_discreet_120/plan_33_trains_5_units23.json"
"/home/thomasverwaal/Robust-Rail-NL/mathematical-models/scenarios_solver_types_120/scenario_solver_33_trains_5_units23.json","Cost of next node: Cost = 1,587.4 : 1,633.69 | cr=18, dd=20, da=12, tlv=9, sm=66, rd=121.82, cd=0, um=0","Time elapsed: 11.88 seconds","/home/thomasverwaal/Robust-Rail-NL/mathematical-models/local_search_plans_discreet_120/plan_33_trains_5_units23.json"
"/home/thomasverwaal/Robust-Rail-NL/mathematical-models/scenarios_solver_types_120/scenario_solver_33_trains_5_units23.json","Cost of next node: Cost = 1,535.0 : 1,586.28 | cr=20, dd=19, da=10, tlv=10, sm=66, rd=121.82, cd=0, um=0","Time elapsed: 12.17 seconds","/home/thomasverwaal/Robust-Rail-NL/mathematical-models/local_search_plans_discreet_120/plan_33_trains_5_units23.json"
"/home/thomasverwaal/Robust-Rail-NL/mathematical-models/scenarios_solver_types_120/scenario_solver_33_trains_5_units23.json","Cost of next node: Cost = 1,481.3 : 1,532.61 | cr=21, dd=18, da=10, tlv=10, sm=66, rd=112.73, cd=0, um=0","Time elapsed: 12.24 seconds","/home/thomasverwaal/Robust-Rail-NL/mathematical-models/local_search_plans_discreet_120/plan_33_trains_5_units23.json"
"/home/thomasverwaal/Robust-Rail-NL/mathematical-models/scenarios_solver_types_120/scenario_solver_33_trains_5_units23.json","Cost of next node: Cost = 1,426.6 : 1,477.92 | cr=21, dd=17, da=10, tlv=10, sm=66, rd=109.09, cd=0, um=0","Time elapsed: 12.30 seconds","/home/thomasverwaal/Robust-Rail-NL/mathematical-models/local_search_plans_discreet_120/plan_33_trains_5_units23.json"
"/home/thomasverwaal/Robust-Rail-NL/mathematical-models/scenarios_solver_types_120/scenario_solver_33_trains_5_units23.json","Cost of next node: Cost = 1,371.8 : 1,428.16 | cr=21, dd=16, da=9, tlv=11, sm=66, rd=105.45, cd=0, um=0","Time elapsed: 12.59 seconds","/home/thomasverwaal/Robust-Rail-NL/mathematical-models/local_search_plans_discreet_120/plan_33_trains_5_units23.json"
"/home/thomasverwaal/Robust-Rail-NL/mathematical-models/scenarios_solver_types_120/scenario_solver_33_trains_5_units23.json","Cost of next node: Cost = 1,321.3 : 1,377.66 | cr=21, dd=15, da=9, tlv=11, sm=66, rd=105.45, cd=0, um=0","Time elapsed: 12.68 seconds","/home/thomasverwaal/Robust-Rail-NL/mathematical-models/local_search_plans_discreet_120/plan_33_trains_5_units23.json"
"/home/thomasverwaal/Robust-Rail-NL/mathematical-models/scenarios_solver_types_120/scenario_solver_33_trains_5_units23.json","Cost of next node: Cost = 1,281.8 : 1,338.08 | cr=22, dd=14, da=9, tlv=11, sm=66, rd=105.45, cd=0, um=0","Time elapsed: 12.74 seconds","/home/thomasverwaal/Robust-Rail-NL/mathematical-models/local_search_plans_discreet_120/plan_33_trains_5_units23.json"
"/home/thomasverwaal/Robust-Rail-NL/mathematical-models/scenarios_solver_types_120/scenario_solver_33_trains_5_units23.json","Cost of next node: Cost = 1,051.8 : 1,108.07 | cr=22, dd=11, da=5, tlv=11, sm=66, rd=100.00, cd=0, um=0","Time elapsed: 13.04 seconds","/home/thomasverwaal/Robust-Rail-NL/mathematical-models/local_search_plans_discreet_120/plan_33_trains_5_units23.json"
"/home/thomasverwaal/Robust-Rail-NL/mathematical-models/scenarios_solver_types_120/scenario_solver_33_trains_5_units23.json","Cost of next node: Cost = 1,021.8 : 1,078.07 | cr=19, dd=11, da=5, tlv=11, sm=66, rd=101.82, cd=0, um=0","Time elapsed: 13.36 seconds","/home/thomasverwaal/Robust-Rail-NL/mathematical-models/local_search_plans_discreet_120/plan_33_trains_5_units23.json"
"/home/thomasverwaal/Robust-Rail-NL/mathematical-models/scenarios_solver_types_120/scenario_solver_33_trains_5_units23.json","Cost of next node: Cost = 986.9 : 1,048.20 | cr=21, dd=10, da=4, tlv=12, sm=66, rd=98.18, cd=0, um=0","Time elapsed: 13.61 seconds","/home/thomasverwaal/Robust-Rail-NL/mathematical-models/local_search_plans_discreet_120/plan_33_trains_5_units23.json"
"/home/thomasverwaal/Robust-Rail-NL/mathematical-models/scenarios_solver_types_120/scenario_solver_33_trains_5_units23.json","Cost of next node: Cost = 911.8 : 978.12 | cr=21, dd=9, da=2, tlv=13, sm=66, rd=94.55, cd=0, um=0","Time elapsed: 14.01 seconds","/home/thomasverwaal/Robust-Rail-NL/mathematical-models/local_search_plans_discreet_120/plan_33_trains_5_units23.json"
"/home/thomasverwaal/Robust-Rail-NL/mathematical-models/scenarios_solver_types_120/scenario_solver_33_trains_5_units23.json","Cost of next node: Cost = 886.8 : 948.12 | cr=20, dd=9, da=2, tlv=12, sm=66, rd=94.55, cd=0, um=0","Time elapsed: 14.26 seconds","/home/thomasverwaal/Robust-Rail-NL/mathematical-models/local_search_plans_discreet_120/plan_33_trains_5_units23.json"
"/home/thomasverwaal/Robust-Rail-NL/mathematical-models/scenarios_solver_types_120/scenario_solver_33_trains_5_units23.json","Cost of next node: Cost = 719.2 : 785.51 | cr=19, dd=6, da=1, tlv=13, sm=66, rd=90.00, cd=0, um=0","Time elapsed: 14.54 seconds","/home/thomasverwaal/Robust-Rail-NL/mathematical-models/local_search_plans_discreet_120/plan_33_trains_5_units23.json"
"/home/thomasverwaal/Robust-Rail-NL/mathematical-models/scenarios_solver_types_120/scenario_solver_33_trains_5_units23.json","Cost of next node: Cost = 608.9 : 675.22 | cr=19, dd=4, da=1, tlv=13, sm=66, rd=83.64, cd=0, um=0","Time elapsed: 14.76 seconds","/home/thomasverwaal/Robust-Rail-NL/mathematical-models/local_search_plans_discreet_120/plan_33_trains_5_units23.json"
"/home/thomasverwaal/Robust-Rail-NL/mathematical-models/scenarios_solver_types_120/scenario_solver_33_trains_5_units23.json","Cost of next node: Cost = 548.1 : 614.47 | cr=18, dd=3, da=1, tlv=13, sm=66, rd=83.64, cd=0, um=0","Time elapsed: 14.84 seconds","/home/thomasverwaal/Robust-Rail-NL/mathematical-models/local_search_plans_discreet_120/plan_33_trains_5_units23.json"
"/home/thomasverwaal/Robust-Rail-NL/mathematical-models/scenarios_solver_types_120/scenario_solver_33_trains_5_units23.json","Cost of next node: Cost = 518.1 : 584.47 | cr=15, dd=3, da=1, tlv=13, sm=66, rd=83.64, cd=0, um=0","Time elapsed: 15.01 seconds","/home/thomasverwaal/Robust-Rail-NL/mathematical-models/local_search_plans_discreet_120/plan_33_trains_5_units23.json"
"/home/thomasverwaal/Robust-Rail-NL/mathematical-models/scenarios_solver_types_120/scenario_solver_33_trains_5_units23.json","Cost of next node: Cost = 482.9 : 554.22 | cr=15, dd=2, da=1, tlv=14, sm=66, rd=80.00, cd=0, um=0","Time elapsed: 15.28 seconds","/home/thomasverwaal/Robust-Rail-NL/mathematical-models/local_search_plans_discreet_120/plan_33_trains_5_units23.json"
"/home/thomasverwaal/Robust-Rail-NL/mathematical-models/scenarios_solver_types_120/scenario_solver_33_trains_5_units23.json","Cost of next node: Cost = 436.5 : 512.82 | cr=16, dd=1, da=0, tlv=15, sm=66, rd=76.36, cd=0, um=0","Time elapsed: 15.57 seconds","/home/thomasverwaal/Robust-Rail-NL/mathematical-models/local_search_plans_discreet_120/plan_33_trains_5_units23.json"
"/home/thomasverwaal/Robust-Rail-NL/mathematical-models/scenarios_solver_types_120/scenario_solver_33_trains_5_units23.json","Cost of next node: Cost = 400.0 : 481.32 | cr=16, dd=0, da=0, tlv=16, sm=66, rd=74.55, cd=0, um=0","Time elapsed: 16.06 seconds","/home/thomasverwaal/Robust-Rail-NL/mathematical-models/local_search_plans_discreet_120/plan_33_trains_5_units23.json"
"/home/thomasverwaal/Robust-Rail-NL/mathematical-models/scenarios_solver_types_120/scenario_solver_33_trains_5_units23.json","Cost of next node: Cost = 375.0 : 451.32 | cr=15, dd=0, da=0, tlv=15, sm=66, rd=76.36, cd=0, um=0","Time elapsed: 16.27 seconds","/home/thomasverwaal/Robust-Rail-NL/mathematical-models/local_search_plans_discreet_120/plan_33_trains_5_units23.json"
"/home/thomasverwaal/Robust-Rail-NL/mathematical-models/scenarios_solver_types_120/scenario_solver_33_trains_5_units23.json","Cost of next node: Cost = 365.0 : 441.32 | cr=14, dd=0, da=0, tlv=15, sm=66, rd=76.36, cd=0, um=0","Time elapsed: 20.83 seconds","/home/thomasverwaal/Robust-Rail-NL/mathematical-models/local_search_plans_discreet_120/plan_33_trains_5_units23.json"
"/home/thomasverwaal/Robust-Rail-NL/mathematical-models/scenarios_solver_types_120/scenario_solver_33_trains_5_units23.json","Cost of next node: Cost = 355.0 : 431.32 | cr=13, dd=0, da=0, tlv=15, sm=66, rd=76.36, cd=0, um=0","Time elapsed: 24.93 seconds","/home/thomasverwaal/Robust-Rail-NL/mathematical-models/local_search_plans_discreet_120/plan_33_trains_5_units23.json"
"/home/thomasverwaal/Robust-Rail-NL/mathematical-models/scenarios_solver_types_120/scenario_solver_33_trains_5_units23.json","Cost of next node: Cost = 345.0 : 421.32 | cr=12, dd=0, da=0, tlv=15, sm=66, rd=76.36, cd=0, um=0","Time elapsed: 29.11 seconds","/home/thomasverwaal/Robust-Rail-NL/mathematical-models/local_search_plans_discreet_120/plan_33_trains_5_units23.json"
"/home/thomasverwaal/Robust-Rail-NL/mathematical-models/scenarios_solver_types_120/scenario_solver_33_trains_5_units23.json","Cost of next node: Cost = 335.0 : 411.32 | cr=11, dd=0, da=0, tlv=15, sm=66, rd=78.18, cd=0, um=0","Time elapsed: 32.60 seconds","/home/thomasverwaal/Robust-Rail-NL/mathematical-models/local_search_plans_discreet_120/plan_33_trains_5_units23.json"
"/home/thomasverwaal/Robust-Rail-NL/mathematical-models/scenarios_solver_types_120/scenario_solver_33_trains_5_units23.json","Cost of next node: Cost = 325.0 : 401.32 | cr=10, dd=0, da=0, tlv=15, sm=66, rd=78.18, cd=0, um=0","Time elapsed: 36.20 seconds","/home/thomasverwaal/Robust-Rail-NL/mathematical-models/local_search_plans_discreet_120/plan_33_trains_5_units23.json"
"/home/thomasverwaal/Robust-Rail-NL/mathematical-models/scenarios_solver_types_120/scenario_solver_33_trains_5_units23.json","Cost of next node: Cost = 315.0 : 391.32 | cr=9, dd=0, da=0, tlv=15, sm=66, rd=78.18, cd=0, um=0","Time elapsed: 39.53 seconds","/home/thomasverwaal/Robust-Rail-NL/mathematical-models/local_search_plans_discreet_120/plan_33_trains_5_units23.json"
"/home/thomasverwaal/Robust-Rail-NL/mathematical-models/scenarios_solver_types_120/scenario_solver_33_trains_5_units23.json","Cost of next node: Cost = 305.0 : 381.32 | cr=8, dd=0, da=0, tlv=15, sm=66, rd=78.18, cd=0, um=0","Time elapsed: 42.59 seconds","/home/thomasverwaal/Robust-Rail-NL/mathematical-models/local_search_plans_discreet_120/plan_33_trains_5_units23.json"
"/home/thomasverwaal/Robust-Rail-NL/mathematical-models/scenarios_solver_types_120/scenario_solver_33_trains_5_units23.json","Cost of next node: Cost = 295.0 : 371.32 | cr=7, dd=0, da=0, tlv=15, sm=66, rd=78.18, cd=0, um=0","Time elapsed: 47.34 seconds","/home/thomasverwaal/Robust-Rail-NL/mathematical-models/local_search_plans_discreet_120/plan_33_trains_5_units23.json"
"/home/thomasverwaal/Robust-Rail-NL/mathematical-models/scenarios_solver_types_120/scenario_solver_33_trains_5_units23.json","Cost of next node: Cost = 285.0 : 361.32 | cr=6, dd=0, da=0, tlv=15, sm=66, rd=78.18, cd=0, um=0","Time elapsed: 49.48 seconds","/home/thomasverwaal/Robust-Rail-NL/mathematical-models/local_search_plans_discreet_120/plan_33_trains_5_units23.json"
"/home/thomasverwaal/Robust-Rail-NL/mathematical-models/scenarios_solver_types_120/scenario_solver_33_trains_5_units23.json","Cost of next node: Cost = 275.0 : 351.32 | cr=5, dd=0, da=0, tlv=15, sm=66, rd=81.82, cd=0, um=0","Time elapsed: 57.00 seconds","/home/thomasverwaal/Robust-Rail-NL/mathematical-models/local_search_plans_discreet_120/plan_33_trains_5_units23.json"
"/home/thomasverwaal/Robust-Rail-NL/mathematical-models/scenarios_solver_types_120/scenario_solver_33_trains_5_units23.json","Cost of next node: Cost = 265.0 : 341.32 | cr=4, dd=0, da=0, tlv=15, sm=66, rd=81.82, cd=0, um=0","Time elapsed: 67.62 seconds","/home/thomasverwaal/Robust-Rail-NL/mathematical-models/local_search_plans_discreet_120/plan_33_trains_5_units23.json"
"/home/thomasverwaal/Robust-Rail-NL/mathematical-models/scenarios_solver_types_120/scenario_solver_33_trains_5_units23.json","Cost of next node: Cost = 255.0 : 331.36 | cr=3, dd=0, da=0, tlv=15, sm=68, rd=86.47, cd=0, um=0","Time elapsed: 176.12 seconds","/home/thomasverwaal/Robust-Rail-NL/mathematical-models/local_search_plans_discreet_120/plan_33_trains_5_units23.json"
"/home/thomasverwaal/Robust-Rail-NL/mathematical-models/scenarios_solver_types_120/scenario_solver_33_trains_5_units23.json","NO_COST_FOUND","NO_TIME_FOUND","NO_PLAN_CREATED"
"/home/thomasverwaal/Robust-Rail-NL/mathematical-models/scenarios_solver_types_120/scenario_solver_33_trains_5_units24.json","Cost of next node: Cost = 2,892.1 : 2,893.42 | cr=49, dd=33, da=31, tlv=0, sm=66, rd=180.00, cd=0, um=0","Time elapsed: 5.24 seconds","/home/thomasverwaal/Robust-Rail-NL/mathematical-models/local_search_plans_discreet_120/plan_33_trains_5_units24.json"
"/home/thomasverwaal/Robust-Rail-NL/mathematical-models/scenarios_solver_types_120/scenario_solver_33_trains_5_units24.json","Cost of next node: Cost = 2,854.7 : 2,856.01 | cr=46, dd=33, da=31, tlv=0, sm=66, rd=178.18, cd=0, um=0","Time elapsed: 5.30 seconds","/home/thomasverwaal/Robust-Rail-NL/mathematical-models/local_search_plans_discreet_120/plan_33_trains_5_units24.json"
"/home/thomasverwaal/Robust-Rail-NL/mathematical-models/scenarios_solver_types_120/scenario_solver_33_trains_5_units24.json","Cost of next node: Cost = 2,823.7 : 2,825.04 | cr=43, dd=33, da=31, tlv=0, sm=66, rd=178.18, cd=0, um=0","Time elapsed: 5.43 seconds","/home/thomasverwaal/Robust-Rail-NL/mathematical-models/local_search_plans_discreet_120/plan_33_trains_5_units24.json"
"/home/thomasverwaal/Robust-Rail-NL/mathematical-models/scenarios_solver_types_120/scenario_solver_33_trains_5_units24.json","Cost of next node: Cost = 2,756.5 : 2,762.81 | cr=42, dd=33, da=28, tlv=1, sm=66, rd=175.45, cd=0, um=0","Time elapsed: 5.53 seconds","/home/thomasverwaal/Robust-Rail-NL/mathematical-models/local_search_plans_discreet_120/plan_33_trains_5_units24.json"
"/home/thomasverwaal/Robust-Rail-NL/mathematical-models/scenarios_solver_types_120/scenario_solver_33_trains_5_units24.json","Cost of next node: Cost = 2,694.1 : 2,700.47 | cr=49, dd=33, da=21, tlv=1, sm=66, rd=175.45, cd=0, um=0","Time elapsed: 5.72 seconds","/home/thomasverwaal/Robust-Rail-NL/mathematical-models/local_search_plans_discreet_120/plan_33_trains_5_units24.json"
"/home/thomasverwaal/Robust-Rail-NL/mathematical-models/scenarios_solver_types_120/scenario_solver_33_trains_5_units24.json","Cost of next node: Cost = 2,669.9 : 2,676.26 | cr=49, dd=33, da=20, tlv=1, sm=66, rd=171.82, cd=0, um=0","Time elapsed: 5.85 seconds","/home/thomasverwaal/Robust-Rail-NL/mathematical-models/local_search_plans_discreet_120/plan_33_trains_5_units24.json"
"/home/thomasverwaal/Robust-Rail-NL/mathematical-models/scenarios_solver_types_120/scenario_solver_33_trains_5_units24.json","Cost of next node: Cost = 2,561.8 : 2,573.13 | cr=42, dd=33, da=17, tlv=2, sm=66, rd=169.09, cd=0, um=0","Time elapsed: 5.98 seconds","/home/thomasverwaal/Robust-Rail-NL/mathematical-models/local_search_plans_discreet_120/plan_33_trains_5_units24.json"
"/home/thomasverwaal/Robust-Rail-NL/mathematical-models/scenarios_solver_types_120/scenario_solver_33_trains_5_units24.json","Cost of next node: Cost = 2,540.4 : 2,551.75 | cr=42, dd=33, da=16, tlv=2, sm=66, rd=165.45, cd=0, um=0","Time elapsed: 6.21 seconds","/home/thomasverwaal/Robust-Rail-NL/mathematical-models/local_search_plans_discreet_120/plan_33_trains_5_units24.json"
"/home/thomasverwaal/Robust-Rail-NL/mathematical-models/scenarios_solver_types_120/scenario_solver_33_trains_5_units24.json","Cost of next node: Cost = 2,512.5 : 2,528.83 | cr=39, dd=33, da=16, tlv=3, sm=66, rd=161.82, cd=0, um=0","Time elapsed: 6.48 seconds","/home/thomasverwaal/Robust-Rail-NL/mathematical-models/local_search_plans_discreet_120/plan_33_trains_5_units24.json"
"/home/thomasverwaal/Robust-Rail-NL/mathematical-models/scenarios_solver_types_120/scenario_solver_33_trains_5_units24.json","Cost of next node: Cost = 2,474.7 : 2,496.00 | cr=34, dd=33, da=16, tlv=4, sm=66, rd=160.00, cd=0, um=0","Time elapsed: 6.82 seconds","/home/thomasverwaal/Robust-Rail-NL/mathematical-models/local_search_plans_discreet_120/plan_33_trains_5_units24.json"
"/home/thomasverwaal/Robust-Rail-NL/mathematical-models/scenarios_solver_types_120/scenario_solver_33_trains_5_units24.json","Cost of next node: Cost = 2,454.3 : 2,475.65 | cr=34, dd=33, da=15, tlv=4, sm=66, rd=156.36, cd=0, um=0","Time elapsed: 7.22 seconds","/home/thomasverwaal/Robust-Rail-NL/mathematical-models/local_search_plans_discreet_120/plan_33_trains_5_units24.json"
"/home/thomasverwaal/Robust-Rail-NL/mathematical-models/scenarios_solver_types_120/scenario_solver_33_trains_5_units24.json","Cost of next node: Cost = 2,427.2 : 2,453.50 | cr=32, dd=33, da=14, tlv=5, sm=66, rd=152.73, cd=0, um=0","Time elapsed: 7.79 seconds","/home/thomasverwaal/Robust-Rail-NL/mathematical-models/local_search_plans_discreet_120/plan_33_trains_5_units24.json"
"/home/thomasverwaal/Robust-Rail-NL/mathematical-models/scenarios_solver_types_120/scenario_solver_33_trains_5_units24.json","Cost of next node: Cost = 2,382.2 : 2,413.50 | cr=26, dd=33, da=14, tlv=6, sm=66, rd=152.73, cd=0, um=0","Time elapsed: 8.38 seconds","/home/thomasverwaal/Robust-Rail-NL/mathematical-models/local_search_plans_discreet_120/plan_33_trains_5_units24.json"
"/home/thomasverwaal/Robust-Rail-NL/mathematical-models/scenarios_solver_types_120/scenario_solver_33_trains_5_units24.json","Cost of next node: Cost = 2,359.5 : 2,395.83 | cr=25, dd=33, da=14, tlv=7, sm=66, rd=145.45, cd=0, um=0","Time elapsed: 9.09 seconds","/home/thomasverwaal/Robust-Rail-NL/mathematical-models/local_search_plans_discreet_120/plan_33_trains_5_units24.json"
"/home/thomasverwaal/Robust-Rail-NL/mathematical-models/scenarios_solver_types_120/scenario_solver_33_trains_5_units24.json","Cost of next node: Cost = 2,330.7 : 2,372.05 | cr=25, dd=33, da=12, tlv=8, sm=66, rd=140.00, cd=0, um=0","Time elapsed: 9.74 seconds","/home/thomasverwaal/Robust-Rail-NL/mathematical-models/local_search_plans_discreet_120/plan_33_trains_5_units24.json"
"/home/thomasverwaal/Robust-Rail-NL/mathematical-models/scenarios_solver_types_120/scenario_solver_33_trains_5_units24.json","Cost of next node: Cost = 2,310.7 : 2,356.97 | cr=24, dd=33, da=12, tlv=9, sm=66, rd=130.91, cd=0, um=0","Time elapsed: 10.70 seconds","/home/thomasverwaal/Robust-Rail-NL/mathematical-models/local_search_plans_discreet_120/plan_33_trains_5_units24.json"
"/home/thomasverwaal/Robust-Rail-NL/mathematical-models/scenarios_solver_types_120/scenario_solver_33_trains_5_units24.json","Cost of next node: Cost = 2,266.7 : 2,313.00 | cr=20, dd=33, da=12, tlv=9, sm=66, rd=130.91, cd=0, um=0","Time elapsed: 10.83 seconds","/home/thomasverwaal/Robust-Rail-NL/mathematical-models/local_search_plans_discreet_120/plan_33_trains_5_units24.json"
"/home/thomasverwaal/Robust-Rail-NL/mathematical-models/scenarios_solver_types_120/scenario_solver_33_trains_5_units24.json","Cost of next node: Cost = 2,210.1 : 2,256.44 | cr=25, dd=31, da=12, tlv=9, sm=66, rd=127.27, cd=0, um=0","Time elapsed: 11.23 seconds","/home/thomasverwaal/Robust-Rail-NL/mathematical-models/local_search_plans_discreet_120/plan_33_trains_5_units24.json"
"/home/thomasverwaal/Robust-Rail-NL/mathematical-models/scenarios_solver_types_120/scenario_solver_33_trains_5_units24.json","Cost of next node: Cost = 2,185.5 : 2,236.81 | cr=26, dd=30, da=12, tlv=10, sm=66, rd=125.45, cd=0, um=0","Time elapsed: 11.97 seconds","/home/thomasverwaal/Robust-Rail-NL/mathematical-models/local_search_plans_discreet_120/plan_33_trains_5_units24.json"
"/home/thomasverwaal/Robust-Rail-NL/mathematical-models/scenarios_solver_types_120/scenario_solver_33_trains_5_units24.json","Cost of next node: Cost = 2,125.7 : 2,177.01 | cr=25, dd=29, da=12, tlv=10, sm=66, rd=125.45, cd=0, um=0","Time elapsed: 12.11 seconds","/home/thomasverwaal/Robust-Rail-NL/mathematical-models/local_search_plans_discreet_120/plan_33_trains_5_units24.json"
"/home/thomasverwaal/Robust-Rail-NL/mathematical-models/scenarios_solver_types_120/scenario_solver_33_trains_5_units24.json","Cost of next node: Cost = 2,105.3 : 2,156.61 | cr=23, dd=29, da=12, tlv=10, sm=66, rd=125.45, cd=0, um=0","Time elapsed: 12.26 seconds","/home/thomasverwaal/Robust-Rail-NL/mathematical-models/local_search_plans_discreet_120/plan_33_trains_5_units24.json"
"/home/thomasverwaal/Robust-Rail-NL/mathematical-models/scenarios_solver_types_120/scenario_solver_33_trains_5_units24.json","Cost of next node: Cost = 2,077.5 : 2,128.78 | cr=24, dd=28, da=13, tlv=10, sm=66, rd=127.27, cd=0, um=0","Time elapsed: 12.53 seconds","/home/thomasverwaal/Robust-Rail-NL/mathematical-models/local_search_plans_discreet_120/plan_33_trains_5_units24.json"
"/home/thomasverwaal/Robust-Rail-NL/mathematical-models/scenarios_solver_types_120/scenario_solver_33_trains_5_units24.json","Cost of next node: Cost = 1,997.5 : 2,048.78 | cr=26, dd=26, da=13, tlv=10, sm=66, rd=127.27, cd=0, um=0","Time elapsed: 12.64 seconds","/home/thomasverwaal/Robust-Rail-NL/mathematical-models/local_search_plans_discreet_120/plan_33_trains_5_units24.json"
"/home/thomasverwaal/Robust-Rail-NL/mathematical-models/scenarios_solver_types_120/scenario_solver_33_trains_5_units24.json","Cost of next node: Cost = 1,946.5 : 1,997.80 | cr=26, dd=25, da=13, tlv=10, sm=66, rd=127.27, cd=0, um=0","Time elapsed: 12.81 seconds","/home/thomasverwaal/Robust-Rail-NL/mathematical-models/local_search_plans_discreet_120/plan_33_trains_5_units24.json"
"/home/thomasverwaal/Robust-Rail-NL/mathematical-models/scenarios_solver_types_120/scenario_solver_33_trains_5_units24.json","Cost of next node: Cost = 1,908.1 : 1,959.38 | cr=27, dd=24, da=13, tlv=10, sm=66, rd=127.27, cd=0, um=0","Time elapsed: 13.01 seconds","/home/thomasverwaal/Robust-Rail-NL/mathematical-models/local_search_plans_discreet_120/plan_33_trains_5_units24.json"
"/home/thomasverwaal/Robust-Rail-NL/mathematical-models/scenarios_solver_types_120/scenario_solver_33_trains_5_units24.json","Cost of next node: Cost = 1,859.7 : 1,911.06 | cr=26, dd=22, da=16, tlv=10, sm=66, rd=126.36, cd=0, um=0","Time elapsed: 13.29 seconds","/home/thomasverwaal/Robust-Rail-NL/mathematical-models/local_search_plans_discreet_120/plan_33_trains_5_units24.json"
"/home/thomasverwaal/Robust-Rail-NL/mathematical-models/scenarios_solver_types_120/scenario_solver_33_trains_5_units24.json","Cost of next node: Cost = 1,760.1 : 1,811.37 | cr=26, dd=22, da=11, tlv=10, sm=66, rd=121.82, cd=0, um=0","Time elapsed: 13.43 seconds","/home/thomasverwaal/Robust-Rail-NL/mathematical-models/local_search_plans_discreet_120/plan_33_trains_5_units24.json"
"/home/thomasverwaal/Robust-Rail-NL/mathematical-models/scenarios_solver_types_120/scenario_solver_33_trains_5_units24.json","Cost of next node: Cost = 1,715.4 : 1,761.70 | cr=25, dd=22, da=10, tlv=9, sm=66, rd=118.18, cd=0, um=0","Time elapsed: 13.57 seconds","/home/thomasverwaal/Robust-Rail-NL/mathematical-models/local_search_plans_discreet_120/plan_33_trains_5_units24.json"
"/home/thomasverwaal/Robust-Rail-NL/mathematical-models/scenarios_solver_types_120/scenario_solver_33_trains_5_units24.json","Cost of next node: Cost = 1,557.6 : 1,608.89 | cr=26, dd=20, da=6, tlv=10, sm=66, rd=110.91, cd=0, um=0","Time elapsed: 13.83 seconds","/home/thomasverwaal/Robust-Rail-NL/mathematical-models/local_search_plans_discreet_120/plan_33_trains_5_units24.json"
"/home/thomasverwaal/Robust-Rail-NL/mathematical-models/scenarios_solver_types_120/scenario_solver_33_trains_5_units24.json","Cost of next node: Cost = 1,503.4 : 1,559.67 | cr=26, dd=19, da=5, tlv=11, sm=66, rd=107.27, cd=0, um=0","Time elapsed: 14.17 seconds","/home/thomasverwaal/Robust-Rail-NL/mathematical-models/local_search_plans_discreet_120/plan_33_trains_5_units24.json"
"/home/thomasverwaal/Robust-Rail-NL/mathematical-models/scenarios_solver_types_120/scenario_solver_33_trains_5_units24.json","Cost of next node: Cost = 1,422.0 : 1,483.34 | cr=24, dd=18, da=4, tlv=12, sm=66, rd=101.82, cd=0, um=0","Time elapsed: 14.53 seconds","/home/thomasverwaal/Robust-Rail-NL/mathematical-models/local_search_plans_discreet_120/plan_33_trains_5_units24.json"
"/home/thomasverwaal/Robust-Rail-NL/mathematical-models/scenarios_solver_types_120/scenario_solver_33_trains_5_units24.json","Cost of next node: Cost = 1,398.7 : 1,465.01 | cr=22, dd=18, da=3, tlv=13, sm=66, rd=103.64, cd=0, um=0","Time elapsed: 14.80 seconds","/home/thomasverwaal/Robust-Rail-NL/mathematical-models/local_search_plans_discreet_120/plan_33_trains_5_units24.json"
"/home/thomasverwaal/Robust-Rail-NL/mathematical-models/scenarios_solver_types_120/scenario_solver_33_trains_5_units24.json","Cost of next node: Cost = 970.6 : 1,041.88 | cr=20, dd=10, da=2, tlv=14, sm=66, rd=96.36, cd=0, um=0","Time elapsed: 15.07 seconds","/home/thomasverwaal/Robust-Rail-NL/mathematical-models/local_search_plans_discreet_120/plan_33_trains_5_units24.json"
"/home/thomasverwaal/Robust-Rail-NL/mathematical-models/scenarios_solver_types_120/scenario_solver_33_trains_5_units24.json","Cost of next node: Cost = 945.6 : 1,011.88 | cr=19, dd=10, da=2, tlv=13, sm=66, rd=100.00, cd=0, um=0","Time elapsed: 15.31 seconds","/home/thomasverwaal/Robust-Rail-NL/mathematical-models/local_search_plans_discreet_120/plan_33_trains_5_units24.json"
"/home/thomasverwaal/Robust-Rail-NL/mathematical-models/scenarios_solver_types_120/scenario_solver_33_trains_5_units24.json","Cost of next node: Cost = 693.8 : 765.12 | cr=20, dd=5, da=1, tlv=14, sm=66, rd=89.09, cd=0, um=0","Time elapsed: 15.58 seconds","/home/thomasverwaal/Robust-Rail-NL/mathematical-models/local_search_plans_discreet_120/plan_33_trains_5_units24.json"
"/home/thomasverwaal/Robust-Rail-NL/mathematical-models/scenarios_solver_types_120/scenario_solver_33_trains_5_units24.json","Cost of next node: Cost = 604.8 : 676.12 | cr=22, dd=3, da=1, tlv=14, sm=66, rd=83.64, cd=0, um=0","Time elapsed: 15.63 seconds","/home/thomasverwaal/Robust-Rail-NL/mathematical-models/local_search_plans_discreet_120/plan_33_trains_5_units24.json"
"/home/thomasverwaal/Robust-Rail-NL/mathematical-models/scenarios_solver_types_120/scenario_solver_33_trains_5_units24.json","Cost of next node: Cost = 496.5 : 572.82 | cr=22, dd=1, da=0, tlv=15, sm=66, rd=78.18, cd=0, um=0","Time elapsed: 15.75 seconds","/home/thomasverwaal/Robust-Rail-NL/mathematical-models/local_search_plans_discreet_120/plan_33_trains_5_units24.json"
"/home/thomasverwaal/Robust-Rail-NL/mathematical-models/scenarios_solver_types_120/scenario_solver_33_trains_5_units24.json","Cost of next node: Cost = 440.0 : 521.32 | cr=20, dd=0, da=0, tlv=16, sm=66, rd=76.36, cd=0, um=0","Time elapsed: 16.18 seconds","/home/thomasverwaal/Robust-Rail-NL/mathematical-models/local_search_plans_discreet_120/plan_33_trains_5_units24.json"
"/home/thomasverwaal/Robust-Rail-NL/mathematical-models/scenarios_solver_types_120/scenario_solver_33_trains_5_units24.json","Cost of next node: Cost = 420.0 : 501.32 | cr=18, dd=0, da=0, tlv=16, sm=66, rd=76.36, cd=0, um=0","Time elapsed: 19.73 seconds","/home/thomasverwaal/Robust-Rail-NL/mathematical-models/local_search_plans_discreet_120/plan_33_trains_5_units24.json"
"/home/thomasverwaal/Robust-Rail-NL/mathematical-models/scenarios_solver_types_120/scenario_solver_33_trains_5_units24.json","Cost of next node: Cost = 400.0 : 481.32 | cr=16, dd=0, da=0, tlv=16, sm=66, rd=76.36, cd=0, um=0","Time elapsed: 22.77 seconds","/home/thomasverwaal/Robust-Rail-NL/mathematical-models/local_search_plans_discreet_120/plan_33_trains_5_units24.json"
"/home/thomasverwaal/Robust-Rail-NL/mathematical-models/scenarios_solver_types_120/scenario_solver_33_trains_5_units24.json","Cost of next node: Cost = 385.0 : 461.32 | cr=16, dd=0, da=0, tlv=15, sm=66, rd=78.18, cd=0, um=0","Time elapsed: 25.18 seconds","/home/thomasverwaal/Robust-Rail-NL/mathematical-models/local_search_plans_discreet_120/plan_33_trains_5_units24.json"
"/home/thomasverwaal/Robust-Rail-NL/mathematical-models/scenarios_solver_types_120/scenario_solver_33_trains_5_units24.json","Cost of next node: Cost = 370.0 : 441.32 | cr=16, dd=0, da=0, tlv=14, sm=66, rd=80.00, cd=0, um=0","Time elapsed: 27.70 seconds","/home/thomasverwaal/Robust-Rail-NL/mathematical-models/local_search_plans_discreet_120/plan_33_trains_5_units24.json"
"/home/thomasverwaal/Robust-Rail-NL/mathematical-models/scenarios_solver_types_120/scenario_solver_33_trains_5_units24.json","Cost of next node: Cost = 360.0 : 431.32 | cr=15, dd=0, da=0, tlv=14, sm=66, rd=80.00, cd=0, um=0","Time elapsed: 30.40 seconds","/home/thomasverwaal/Robust-Rail-NL/mathematical-models/local_search_plans_discreet_120/plan_33_trains_5_units24.json"
"/home/thomasverwaal/Robust-Rail-NL/mathematical-models/scenarios_solver_types_120/scenario_solver_33_trains_5_units24.json","Cost of next node: Cost = 350.0 : 421.32 | cr=14, dd=0, da=0, tlv=14, sm=66, rd=80.00, cd=0, um=0","Time elapsed: 32.73 seconds","/home/thomasverwaal/Robust-Rail-NL/mathematical-models/local_search_plans_discreet_120/plan_33_trains_5_units24.json"
"/home/thomasverwaal/Robust-Rail-NL/mathematical-models/scenarios_solver_types_120/scenario_solver_33_trains_5_units24.json","Cost of next node: Cost = 340.0 : 411.32 | cr=13, dd=0, da=0, tlv=14, sm=66, rd=80.00, cd=0, um=0","Time elapsed: 34.91 seconds","/home/thomasverwaal/Robust-Rail-NL/mathematical-models/local_search_plans_discreet_120/plan_33_trains_5_units24.json"
"/home/thomasverwaal/Robust-Rail-NL/mathematical-models/scenarios_solver_types_120/scenario_solver_33_trains_5_units24.json","Cost of next node: Cost = 330.0 : 401.32 | cr=12, dd=0, da=0, tlv=14, sm=66, rd=80.00, cd=0, um=0","Time elapsed: 37.25 seconds","/home/thomasverwaal/Robust-Rail-NL/mathematical-models/local_search_plans_discreet_120/plan_33_trains_5_units24.json"
"/home/thomasverwaal/Robust-Rail-NL/mathematical-models/scenarios_solver_types_120/scenario_solver_33_trains_5_units24.json","Cost of next node: Cost = 320.0 : 391.32 | cr=11, dd=0, da=0, tlv=14, sm=66, rd=80.00, cd=0, um=0","Time elapsed: 39.35 seconds","/home/thomasverwaal/Robust-Rail-NL/mathematical-models/local_search_plans_discreet_120/plan_33_trains_5_units24.json"
"/home/thomasverwaal/Robust-Rail-NL/mathematical-models/scenarios_solver_types_120/scenario_solver_33_trains_5_units24.json","Cost of next node: Cost = 310.0 : 381.32 | cr=10, dd=0, da=0, tlv=14, sm=66, rd=80.00, cd=0, um=0","Time elapsed: 41.27 seconds","/home/thomasverwaal/Robust-Rail-NL/mathematical-models/local_search_plans_discreet_120/plan_33_trains_5_units24.json"
"/home/thomasverwaal/Robust-Rail-NL/mathematical-models/scenarios_solver_types_120/scenario_solver_33_trains_5_units24.json","Cost of next node: Cost = 300.0 : 371.32 | cr=9, dd=0, da=0, tlv=14, sm=66, rd=80.00, cd=0, um=0","Time elapsed: 42.93 seconds","/home/thomasverwaal/Robust-Rail-NL/mathematical-models/local_search_plans_discreet_120/plan_33_trains_5_units24.json"
"/home/thomasverwaal/Robust-Rail-NL/mathematical-models/scenarios_solver_types_120/scenario_solver_33_trains_5_units24.json","Cost of next node: Cost = 290.0 : 361.32 | cr=8, dd=0, da=0, tlv=14, sm=66, rd=80.00, cd=0, um=0","Time elapsed: 44.30 seconds","/home/thomasverwaal/Robust-Rail-NL/mathematical-models/local_search_plans_discreet_120/plan_33_trains_5_units24.json"
"/home/thomasverwaal/Robust-Rail-NL/mathematical-models/scenarios_solver_types_120/scenario_solver_33_trains_5_units24.json","Cost of next node: Cost = 285.0 : 361.32 | cr=6, dd=0, da=0, tlv=15, sm=66, rd=78.18, cd=0, um=0","Time elapsed: 45.76 seconds","/home/thomasverwaal/Robust-Rail-NL/mathematical-models/local_search_plans_discreet_120/plan_33_trains_5_units24.json"
"/home/thomasverwaal/Robust-Rail-NL/mathematical-models/scenarios_solver_types_120/scenario_solver_33_trains_5_units24.json","Cost of next node: Cost = 270.0 : 341.32 | cr=6, dd=0, da=0, tlv=14, sm=66, rd=80.00, cd=0, um=0","Time elapsed: 47.12 seconds","/home/thomasverwaal/Robust-Rail-NL/mathematical-models/local_search_plans_discreet_120/plan_33_trains_5_units24.json"
"/home/thomasverwaal/Robust-Rail-NL/mathematical-models/scenarios_solver_types_120/scenario_solver_33_trains_5_units24.json","Cost of next node: Cost = 260.0 : 331.32 | cr=5, dd=0, da=0, tlv=14, sm=66, rd=81.82, cd=0, um=0","Time elapsed: 48.39 seconds","/home/thomasverwaal/Robust-Rail-NL/mathematical-models/local_search_plans_discreet_120/plan_33_trains_5_units24.json"
"/home/thomasverwaal/Robust-Rail-NL/mathematical-models/scenarios_solver_types_120/scenario_solver_33_trains_5_units24.json","Cost of next node: Cost = 250.0 : 321.32 | cr=4, dd=0, da=0, tlv=14, sm=66, rd=80.00, cd=0, um=0","Time elapsed: 49.48 seconds","/home/thomasverwaal/Robust-Rail-NL/mathematical-models/local_search_plans_discreet_120/plan_33_trains_5_units24.json"
"/home/thomasverwaal/Robust-Rail-NL/mathematical-models/scenarios_solver_types_120/scenario_solver_33_trains_5_units24.json","NO_COST_FOUND","NO_TIME_FOUND","NO_PLAN_CREATED"
"/home/thomasverwaal/Robust-Rail-NL/mathematical-models/scenarios_solver_types_120/scenario_solver_33_trains_5_units25.json","Cost of next node: Cost = 2,846.1 : 2,847.47 | cr=45, dd=33, da=31, tlv=0, sm=66, rd=176.36, cd=0, um=0","Time elapsed: 5.07 seconds","/home/thomasverwaal/Robust-Rail-NL/mathematical-models/local_search_plans_discreet_120/plan_33_trains_5_units25.json"
"/home/thomasverwaal/Robust-Rail-NL/mathematical-models/scenarios_solver_types_120/scenario_solver_33_trains_5_units25.json","Cost of next node: Cost = 2,813.8 : 2,815.08 | cr=42, dd=33, da=31, tlv=0, sm=66, rd=176.36, cd=0, um=0","Time elapsed: 5.18 seconds","/home/thomasverwaal/Robust-Rail-NL/mathematical-models/local_search_plans_discreet_120/plan_33_trains_5_units25.json"
"/home/thomasverwaal/Robust-Rail-NL/mathematical-models/scenarios_solver_types_120/scenario_solver_33_trains_5_units25.json","Cost of next node: Cost = 2,755.1 : 2,761.39 | cr=48, dd=33, da=25, tlv=1, sm=66, rd=173.64, cd=0, um=0","Time elapsed: 5.32 seconds","/home/thomasverwaal/Robust-Rail-NL/mathematical-models/local_search_plans_discreet_120/plan_33_trains_5_units25.json"
"/home/thomasverwaal/Robust-Rail-NL/mathematical-models/scenarios_solver_types_120/scenario_solver_33_trains_5_units25.json","Cost of next node: Cost = 2,731.5 : 2,737.86 | cr=46, dd=33, da=25, tlv=1, sm=66, rd=173.64, cd=0, um=0","Time elapsed: 5.40 seconds","/home/thomasverwaal/Robust-Rail-NL/mathematical-models/local_search_plans_discreet_120/plan_33_trains_5_units25.json"
"/home/thomasverwaal/Robust-Rail-NL/mathematical-models/scenarios_solver_types_120/scenario_solver_33_trains_5_units25.json","Cost of next node: Cost = 2,671.1 : 2,682.46 | cr=37, dd=33, da=25, tlv=2, sm=66, rd=178.18, cd=0, um=0","Time elapsed: 5.53 seconds","/home/thomasverwaal/Robust-Rail-NL/mathematical-models/local_search_plans_discreet_120/plan_33_trains_5_units25.json"
"/home/thomasverwaal/Robust-Rail-NL/mathematical-models/scenarios_solver_types_120/scenario_solver_33_trains_5_units25.json","Cost of next node: Cost = 2,627.3 : 2,638.64 | cr=37, dd=33, da=23, tlv=2, sm=66, rd=174.55, cd=0, um=0","Time elapsed: 5.70 seconds","/home/thomasverwaal/Robust-Rail-NL/mathematical-models/local_search_plans_discreet_120/plan_33_trains_5_units25.json"
"/home/thomasverwaal/Robust-Rail-NL/mathematical-models/scenarios_solver_types_120/scenario_solver_33_trains_5_units25.json","Cost of next node: Cost = 2,601.7 : 2,613.01 | cr=37, dd=33, da=22, tlv=2, sm=66, rd=169.09, cd=0, um=0","Time elapsed: 5.82 seconds","/home/thomasverwaal/Robust-Rail-NL/mathematical-models/local_search_plans_discreet_120/plan_33_trains_5_units25.json"
"/home/thomasverwaal/Robust-Rail-NL/mathematical-models/scenarios_solver_types_120/scenario_solver_33_trains_5_units25.json","Cost of next node: Cost = 2,496.7 : 2,512.99 | cr=37, dd=33, da=16, tlv=3, sm=66, rd=164.55, cd=0, um=0","Time elapsed: 5.97 seconds","/home/thomasverwaal/Robust-Rail-NL/mathematical-models/local_search_plans_discreet_120/plan_33_trains_5_units25.json"
"/home/thomasverwaal/Robust-Rail-NL/mathematical-models/scenarios_solver_types_120/scenario_solver_33_trains_5_units25.json","Cost of next node: Cost = 2,451.6 : 2,472.92 | cr=37, dd=33, da=13, tlv=4, sm=66, rd=160.91, cd=0, um=0","Time elapsed: 6.07 seconds","/home/thomasverwaal/Robust-Rail-NL/mathematical-models/local_search_plans_discreet_120/plan_33_trains_5_units25.json"
"/home/thomasverwaal/Robust-Rail-NL/mathematical-models/scenarios_solver_types_120/scenario_solver_33_trains_5_units25.json","Cost of next node: Cost = 2,420.6 : 2,446.91 | cr=34, dd=33, da=13, tlv=5, sm=66, rd=155.45, cd=0, um=0","Time elapsed: 6.44 seconds","/home/thomasverwaal/Robust-Rail-NL/mathematical-models/local_search_plans_discreet_120/plan_33_trains_5_units25.json"
"/home/thomasverwaal/Robust-Rail-NL/mathematical-models/scenarios_solver_types_120/scenario_solver_33_trains_5_units25.json","Cost of next node: Cost = 2,398.4 : 2,429.77 | cr=33, dd=33, da=13, tlv=6, sm=66, rd=148.18, cd=0, um=0","Time elapsed: 6.79 seconds","/home/thomasverwaal/Robust-Rail-NL/mathematical-models/local_search_plans_discreet_120/plan_33_trains_5_units25.json"
"/home/thomasverwaal/Robust-Rail-NL/mathematical-models/scenarios_solver_types_120/scenario_solver_33_trains_5_units25.json","Cost of next node: Cost = 2,358.3 : 2,389.58 | cr=31, dd=33, da=12, tlv=6, sm=66, rd=146.36, cd=0, um=0","Time elapsed: 7.30 seconds","/home/thomasverwaal/Robust-Rail-NL/mathematical-models/local_search_plans_discreet_120/plan_33_trains_5_units25.json"
"/home/thomasverwaal/Robust-Rail-NL/mathematical-models/scenarios_solver_types_120/scenario_solver_33_trains_5_units25.json","Cost of next node: Cost = 2,331.6 : 2,362.89 | cr=27, dd=33, da=12, tlv=6, sm=66, rd=150.00, cd=0, um=0","Time elapsed: 7.46 seconds","/home/thomasverwaal/Robust-Rail-NL/mathematical-models/local_search_plans_discreet_120/plan_33_trains_5_units25.json"
"/home/thomasverwaal/Robust-Rail-NL/mathematical-models/scenarios_solver_types_120/scenario_solver_33_trains_5_units25.json","Cost of next node: Cost = 2,308.3 : 2,339.58 | cr=26, dd=33, da=12, tlv=6, sm=66, rd=146.36, cd=0, um=0","Time elapsed: 7.72 seconds","/home/thomasverwaal/Robust-Rail-NL/mathematical-models/local_search_plans_discreet_120/plan_33_trains_5_units25.json"
"/home/thomasverwaal/Robust-Rail-NL/mathematical-models/scenarios_solver_types_120/scenario_solver_33_trains_5_units25.json","Cost of next node: Cost = 2,280.5 : 2,316.85 | cr=22, dd=33, da=12, tlv=7, sm=66, rd=143.64, cd=0, um=0","Time elapsed: 7.92 seconds","/home/thomasverwaal/Robust-Rail-NL/mathematical-models/local_search_plans_discreet_120/plan_33_trains_5_units25.json"
"/home/thomasverwaal/Robust-Rail-NL/mathematical-models/scenarios_solver_types_120/scenario_solver_33_trains_5_units25.json","Cost of next node: Cost = 2,243.0 : 2,279.31 | cr=15, dd=33, da=12, tlv=7, sm=66, rd=156.36, cd=0, um=0","Time elapsed: 8.42 seconds","/home/thomasverwaal/Robust-Rail-NL/mathematical-models/local_search_plans_discreet_120/plan_33_trains_5_units25.json"
"/home/thomasverwaal/Robust-Rail-NL/mathematical-models/scenarios_solver_types_120/scenario_solver_33_trains_5_units25.json","Cost of next node: Cost = 2,215.0 : 2,256.27 | cr=14, dd=33, da=11, tlv=8, sm=66, rd=150.91, cd=0, um=0","Time elapsed: 8.89 seconds","/home/thomasverwaal/Robust-Rail-NL/mathematical-models/local_search_plans_discreet_120/plan_33_trains_5_units25.json"
"/home/thomasverwaal/Robust-Rail-NL/mathematical-models/scenarios_solver_types_120/scenario_solver_33_trains_5_units25.json","Cost of next node: Cost = 2,194.7 : 2,236.01 | cr=12, dd=33, da=11, tlv=8, sm=66, rd=148.18, cd=0, um=0","Time elapsed: 9.54 seconds","/home/thomasverwaal/Robust-Rail-NL/mathematical-models/local_search_plans_discreet_120/plan_33_trains_5_units25.json"
"/home/thomasverwaal/Robust-Rail-NL/mathematical-models/scenarios_solver_types_120/scenario_solver_33_trains_5_units25.json","Cost of next node: Cost = 2,169.2 : 2,210.49 | cr=9, dd=33, da=11, tlv=8, sm=66, rd=150.00, cd=0, um=0","Time elapsed: 10.25 seconds","/home/thomasverwaal/Robust-Rail-NL/mathematical-models/local_search_plans_discreet_120/plan_33_trains_5_units25.json"
"/home/thomasverwaal/Robust-Rail-NL/mathematical-models/scenarios_solver_types_120/scenario_solver_33_trains_5_units25.json","Cost of next node: Cost = 2,147.6 : 2,188.94 | cr=9, dd=33, da=11, tlv=8, sm=66, rd=139.09, cd=0, um=0","Time elapsed: 11.09 seconds","/home/thomasverwaal/Robust-Rail-NL/mathematical-models/local_search_plans_discreet_120/plan_33_trains_5_units25.json"
"/home/thomasverwaal/Robust-Rail-NL/mathematical-models/scenarios_solver_types_120/scenario_solver_33_trains_5_units25.json","Cost of next node: Cost = 2,023.8 : 2,070.08 | cr=15, dd=30, da=10, tlv=9, sm=66, rd=130.00, cd=0, um=0","Time elapsed: 11.31 seconds","/home/thomasverwaal/Robust-Rail-NL/mathematical-models/local_search_plans_discreet_120/plan_33_trains_5_units25.json"
"/home/thomasverwaal/Robust-Rail-NL/mathematical-models/scenarios_solver_types_120/scenario_solver_33_trains_5_units25.json","Cost of next node: Cost = 1,993.8 : 2,040.08 | cr=12, dd=30, da=10, tlv=9, sm=66, rd=130.00, cd=0, um=0","Time elapsed: 11.38 seconds","/home/thomasverwaal/Robust-Rail-NL/mathematical-models/local_search_plans_discreet_120/plan_33_trains_5_units25.json"
"/home/thomasverwaal/Robust-Rail-NL/mathematical-models/scenarios_solver_types_120/scenario_solver_33_trains_5_units25.json","Cost of next node: Cost = 1,963.7 : 2,010.06 | cr=14, dd=29, da=10, tlv=9, sm=66, rd=130.00, cd=0, um=0","Time elapsed: 11.47 seconds","/home/thomasverwaal/Robust-Rail-NL/mathematical-models/local_search_plans_discreet_120/plan_33_trains_5_units25.json"
"/home/thomasverwaal/Robust-Rail-NL/mathematical-models/scenarios_solver_types_120/scenario_solver_33_trains_5_units25.json","Cost of next node: Cost = 1,925.0 : 1,971.27 | cr=15, dd=28, da=10, tlv=9, sm=66, rd=130.00, cd=0, um=0","Time elapsed: 11.54 seconds","/home/thomasverwaal/Robust-Rail-NL/mathematical-models/local_search_plans_discreet_120/plan_33_trains_5_units25.json"
"/home/thomasverwaal/Robust-Rail-NL/mathematical-models/scenarios_solver_types_120/scenario_solver_33_trains_5_units25.json","Cost of next node: Cost = 1,859.6 : 1,905.95 | cr=17, dd=26, da=11, tlv=9, sm=66, rd=130.00, cd=0, um=0","Time elapsed: 11.73 seconds","/home/thomasverwaal/Robust-Rail-NL/mathematical-models/local_search_plans_discreet_120/plan_33_trains_5_units25.json"
"/home/thomasverwaal/Robust-Rail-NL/mathematical-models/scenarios_solver_types_120/scenario_solver_33_trains_5_units25.json","Cost of next node: Cost = 1,833.3 : 1,884.61 | cr=17, dd=26, da=9, tlv=10, sm=66, rd=126.36, cd=0, um=0","Time elapsed: 11.83 seconds","/home/thomasverwaal/Robust-Rail-NL/mathematical-models/local_search_plans_discreet_120/plan_33_trains_5_units25.json"
"/home/thomasverwaal/Robust-Rail-NL/mathematical-models/scenarios_solver_types_120/scenario_solver_33_trains_5_units25.json","Cost of next node: Cost = 1,750.9 : 1,802.22 | cr=19, dd=24, da=9, tlv=10, sm=66, rd=119.09, cd=0, um=0","Time elapsed: 11.99 seconds","/home/thomasverwaal/Robust-Rail-NL/mathematical-models/local_search_plans_discreet_120/plan_33_trains_5_units25.json"
"/home/thomasverwaal/Robust-Rail-NL/mathematical-models/scenarios_solver_types_120/scenario_solver_33_trains_5_units25.json","Cost of next node: Cost = 1,699.9 : 1,751.19 | cr=19, dd=23, da=9, tlv=10, sm=66, rd=119.09, cd=0, um=0","Time elapsed: 12.14 seconds","/home/thomasverwaal/Robust-Rail-NL/mathematical-models/local_search_plans_discreet_120/plan_33_trains_5_units25.json"
"/home/thomasverwaal/Robust-Rail-NL/mathematical-models/scenarios_solver_types_120/scenario_solver_33_trains_5_units25.json","Cost of next node: Cost = 1,550.9 : 1,602.23 | cr=19, dd=20, da=9, tlv=10, sm=66, rd=119.09, cd=0, um=0","Time elapsed: 12.22 seconds","/home/thomasverwaal/Robust-Rail-NL/mathematical-models/local_search_plans_discreet_120/plan_33_trains_5_units25.json"
"/home/thomasverwaal/Robust-Rail-NL/mathematical-models/scenarios_solver_types_120/scenario_solver_33_trains_5_units25.json","Cost of next node: Cost = 1,529.4 : 1,580.72 | cr=19, dd=20, da=8, tlv=10, sm=66, rd=117.27, cd=0, um=0","Time elapsed: 12.49 seconds","/home/thomasverwaal/Robust-Rail-NL/mathematical-models/local_search_plans_discreet_120/plan_33_trains_5_units25.json"
"/home/thomasverwaal/Robust-Rail-NL/mathematical-models/scenarios_solver_types_120/scenario_solver_33_trains_5_units25.json","Cost of next node: Cost = 1,424.0 : 1,480.33 | cr=21, dd=18, da=6, tlv=11, sm=66, rd=114.55, cd=0, um=0","Time elapsed: 12.81 seconds","/home/thomasverwaal/Robust-Rail-NL/mathematical-models/local_search_plans_discreet_120/plan_33_trains_5_units25.json"
"/home/thomasverwaal/Robust-Rail-NL/mathematical-models/scenarios_solver_types_120/scenario_solver_33_trains_5_units25.json","Cost of next node: Cost = 1,380.3 : 1,436.58 | cr=22, dd=17, da=6, tlv=11, sm=66, rd=114.55, cd=0, um=0","Time elapsed: 12.89 seconds","/home/thomasverwaal/Robust-Rail-NL/mathematical-models/local_search_plans_discreet_120/plan_33_trains_5_units25.json"
"/home/thomasverwaal/Robust-Rail-NL/mathematical-models/scenarios_solver_types_120/scenario_solver_33_trains_5_units25.json","Cost of next node: Cost = 1,335.7 : 1,392.04 | cr=23, dd=16, da=6, tlv=11, sm=66, rd=114.55, cd=0, um=0","Time elapsed: 13.01 seconds","/home/thomasverwaal/Robust-Rail-NL/mathematical-models/local_search_plans_discreet_120/plan_33_trains_5_units25.json"
"/home/thomasverwaal/Robust-Rail-NL/mathematical-models/scenarios_solver_types_120/scenario_solver_33_trains_5_units25.json","Cost of next node: Cost = 1,291.4 : 1,342.75 | cr=25, dd=15, da=6, tlv=10, sm=66, rd=115.45, cd=0, um=0","Time elapsed: 13.10 seconds","/home/thomasverwaal/Robust-Rail-NL/mathematical-models/local_search_plans_discreet_120/plan_33_trains_5_units25.json"
"/home/thomasverwaal/Robust-Rail-NL/mathematical-models/scenarios_solver_types_120/scenario_solver_33_trains_5_units25.json","Cost of next node: Cost = 1,255.2 : 1,311.52 | cr=25, dd=14, da=6, tlv=11, sm=66, rd=114.55, cd=0, um=0","Time elapsed: 13.45 seconds","/home/thomasverwaal/Robust-Rail-NL/mathematical-models/local_search_plans_discreet_120/plan_33_trains_5_units25.json"
"/home/thomasverwaal/Robust-Rail-NL/mathematical-models/scenarios_solver_types_120/scenario_solver_33_trains_5_units25.json","Cost of next node: Cost = 1,180.6 : 1,241.94 | cr=21, dd=13, da=6, tlv=12, sm=66, rd=112.73, cd=0, um=0","Time elapsed: 13.71 seconds","/home/thomasverwaal/Robust-Rail-NL/mathematical-models/local_search_plans_discreet_120/plan_33_trains_5_units25.json"
"/home/thomasverwaal/Robust-Rail-NL/mathematical-models/scenarios_solver_types_120/scenario_solver_33_trains_5_units25.json","Cost of next node: Cost = 1,121.7 : 1,188.05 | cr=21, dd=12, da=5, tlv=13, sm=66, rd=109.09, cd=0, um=0","Time elapsed: 13.89 seconds","/home/thomasverwaal/Robust-Rail-NL/mathematical-models/local_search_plans_discreet_120/plan_33_trains_5_units25.json"
"/home/thomasverwaal/Robust-Rail-NL/mathematical-models/scenarios_solver_types_120/scenario_solver_33_trains_5_units25.json","Cost of next node: Cost = 1,096.7 : 1,158.05 | cr=20, dd=12, da=5, tlv=12, sm=66, rd=109.09, cd=0, um=0","Time elapsed: 14.06 seconds","/home/thomasverwaal/Robust-Rail-NL/mathematical-models/local_search_plans_discreet_120/plan_33_trains_5_units25.json"
"/home/thomasverwaal/Robust-Rail-NL/mathematical-models/scenarios_solver_types_120/scenario_solver_33_trains_5_units25.json","Cost of next node: Cost = 1,029.3 : 1,090.67 | cr=20, dd=11, da=4, tlv=12, sm=66, rd=109.09, cd=0, um=0","Time elapsed: 14.38 seconds","/home/thomasverwaal/Robust-Rail-NL/mathematical-models/local_search_plans_discreet_120/plan_33_trains_5_units25.json"
"/home/thomasverwaal/Robust-Rail-NL/mathematical-models/scenarios_solver_types_120/scenario_solver_33_trains_5_units25.json","Cost of next node: Cost = 1,005.9 : 1,067.17 | cr=18, dd=11, da=4, tlv=12, sm=66, rd=105.45, cd=0, um=0","Time elapsed: 14.45 seconds","/home/thomasverwaal/Robust-Rail-NL/mathematical-models/local_search_plans_discreet_120/plan_33_trains_5_units25.json"
"/home/thomasverwaal/Robust-Rail-NL/mathematical-models/scenarios_solver_types_120/scenario_solver_33_trains_5_units25.json","Cost of next node: Cost = 928.7 : 990.02 | cr=21, dd=9, da=4, tlv=12, sm=66, rd=96.36, cd=0, um=0","Time elapsed: 14.55 seconds","/home/thomasverwaal/Robust-Rail-NL/mathematical-models/local_search_plans_discreet_120/plan_33_trains_5_units25.json"
"/home/thomasverwaal/Robust-Rail-NL/mathematical-models/scenarios_solver_types_120/scenario_solver_33_trains_5_units25.json","Cost of next node: Cost = 878.9 : 940.25 | cr=21, dd=8, da=4, tlv=12, sm=66, rd=96.36, cd=0, um=0","Time elapsed: 14.63 seconds","/home/thomasverwaal/Robust-Rail-NL/mathematical-models/local_search_plans_discreet_120/plan_33_trains_5_units25.json"
"/home/thomasverwaal/Robust-Rail-NL/mathematical-models/scenarios_solver_types_120/scenario_solver_33_trains_5_units25.json","Cost of next node: Cost = 839.6 : 900.92 | cr=22, dd=7, da=4, tlv=12, sm=66, rd=96.36, cd=0, um=0","Time elapsed: 14.69 seconds","/home/thomasverwaal/Robust-Rail-NL/mathematical-models/local_search_plans_discreet_120/plan_33_trains_5_units25.json"
"/home/thomasverwaal/Robust-Rail-NL/mathematical-models/scenarios_solver_types_120/scenario_solver_33_trains_5_units25.json","Cost of next node: Cost = 673.0 : 739.32 | cr=18, dd=5, da=2, tlv=13, sm=66, rd=90.91, cd=0, um=0","Time elapsed: 15.06 seconds","/home/thomasverwaal/Robust-Rail-NL/mathematical-models/local_search_plans_discreet_120/plan_33_trains_5_units25.json"
"/home/thomasverwaal/Robust-Rail-NL/mathematical-models/scenarios_solver_types_120/scenario_solver_33_trains_5_units25.json","Cost of next node: Cost = 648.0 : 709.32 | cr=17, dd=5, da=2, tlv=12, sm=66, rd=90.91, cd=0, um=0","Time elapsed: 15.31 seconds","/home/thomasverwaal/Robust-Rail-NL/mathematical-models/local_search_plans_discreet_120/plan_33_trains_5_units25.json"
"/home/thomasverwaal/Robust-Rail-NL/mathematical-models/scenarios_solver_types_120/scenario_solver_33_trains_5_units25.json","Cost of next node: Cost = 427.0 : 493.32 | cr=13, dd=2, da=0, tlv=13, sm=66, rd=83.64, cd=0, um=0","Time elapsed: 15.54 seconds","/home/thomasverwaal/Robust-Rail-NL/mathematical-models/local_search_plans_discreet_120/plan_33_trains_5_units25.json"
"/home/thomasverwaal/Robust-Rail-NL/mathematical-models/scenarios_solver_types_120/scenario_solver_33_trains_5_units25.json","Cost of next node: Cost = 391.5 : 462.82 | cr=13, dd=1, da=0, tlv=14, sm=66, rd=81.82, cd=0, um=0","Time elapsed: 15.64 seconds","/home/thomasverwaal/Robust-Rail-NL/mathematical-models/local_search_plans_discreet_120/plan_33_trains_5_units25.json"
"/home/thomasverwaal/Robust-Rail-NL/mathematical-models/scenarios_solver_types_120/scenario_solver_33_trains_5_units25.json","Cost of next node: Cost = 365.0 : 441.32 | cr=14, dd=0, da=0, tlv=15, sm=66, rd=80.00, cd=0, um=0","Time elapsed: 15.93 seconds","/home/thomasverwaal/Robust-Rail-NL/mathematical-models/local_search_plans_discreet_120/plan_33_trains_5_units25.json"
"/home/thomasverwaal/Robust-Rail-NL/mathematical-models/scenarios_solver_types_120/scenario_solver_33_trains_5_units25.json","Cost of next node: Cost = 340.0 : 411.32 | cr=13, dd=0, da=0, tlv=14, sm=66, rd=81.82, cd=0, um=0","Time elapsed: 16.03 seconds","/home/thomasverwaal/Robust-Rail-NL/mathematical-models/local_search_plans_discreet_120/plan_33_trains_5_units25.json"
"/home/thomasverwaal/Robust-Rail-NL/mathematical-models/scenarios_solver_types_120/scenario_solver_33_trains_5_units25.json","Cost of next node: Cost = 330.0 : 401.32 | cr=12, dd=0, da=0, tlv=14, sm=66, rd=81.82, cd=0, um=0","Time elapsed: 18.39 seconds","/home/thomasverwaal/Robust-Rail-NL/mathematical-models/local_search_plans_discreet_120/plan_33_trains_5_units25.json"
"/home/thomasverwaal/Robust-Rail-NL/mathematical-models/scenarios_solver_types_120/scenario_solver_33_trains_5_units25.json","Cost of next node: Cost = 320.0 : 391.32 | cr=11, dd=0, da=0, tlv=14, sm=66, rd=81.82, cd=0, um=0","Time elapsed: 20.41 seconds","/home/thomasverwaal/Robust-Rail-NL/mathematical-models/local_search_plans_discreet_120/plan_33_trains_5_units25.json"
"/home/thomasverwaal/Robust-Rail-NL/mathematical-models/scenarios_solver_types_120/scenario_solver_33_trains_5_units25.json","Cost of next node: Cost = 310.0 : 381.32 | cr=10, dd=0, da=0, tlv=14, sm=66, rd=83.64, cd=0, um=0","Time elapsed: 22.63 seconds","/home/thomasverwaal/Robust-Rail-NL/mathematical-models/local_search_plans_discreet_120/plan_33_trains_5_units25.json"
"/home/thomasverwaal/Robust-Rail-NL/mathematical-models/scenarios_solver_types_120/scenario_solver_33_trains_5_units25.json","Cost of next node: Cost = 300.0 : 371.32 | cr=9, dd=0, da=0, tlv=14, sm=66, rd=83.64, cd=0, um=0","Time elapsed: 24.36 seconds","/home/thomasverwaal/Robust-Rail-NL/mathematical-models/local_search_plans_discreet_120/plan_33_trains_5_units25.json"
"/home/thomasverwaal/Robust-Rail-NL/mathematical-models/scenarios_solver_types_120/scenario_solver_33_trains_5_units25.json","Cost of next node: Cost = 290.0 : 361.32 | cr=8, dd=0, da=0, tlv=14, sm=66, rd=83.64, cd=0, um=0","Time elapsed: 25.87 seconds","/home/thomasverwaal/Robust-Rail-NL/mathematical-models/local_search_plans_discreet_120/plan_33_trains_5_units25.json"
"/home/thomasverwaal/Robust-Rail-NL/mathematical-models/scenarios_solver_types_120/scenario_solver_33_trains_5_units25.json","Cost of next node: Cost = 280.0 : 351.32 | cr=7, dd=0, da=0, tlv=14, sm=66, rd=83.64, cd=0, um=0","Time elapsed: 27.14 seconds","/home/thomasverwaal/Robust-Rail-NL/mathematical-models/local_search_plans_discreet_120/plan_33_trains_5_units25.json"
"/home/thomasverwaal/Robust-Rail-NL/mathematical-models/scenarios_solver_types_120/scenario_solver_33_trains_5_units25.json","Cost of next node: Cost = 270.0 : 341.36 | cr=6, dd=0, da=0, tlv=14, sm=68, rd=82.94, cd=0, um=0","Time elapsed: 28.38 seconds","/home/thomasverwaal/Robust-Rail-NL/mathematical-models/local_search_plans_discreet_120/plan_33_trains_5_units25.json"
"/home/thomasverwaal/Robust-Rail-NL/mathematical-models/scenarios_solver_types_120/scenario_solver_33_trains_5_units25.json","Cost of next node: Cost = 260.0 : 331.36 | cr=5, dd=0, da=0, tlv=14, sm=68, rd=82.94, cd=0, um=0","Time elapsed: 29.74 seconds","/home/thomasverwaal/Robust-Rail-NL/mathematical-models/local_search_plans_discreet_120/plan_33_trains_5_units25.json"
"/home/thomasverwaal/Robust-Rail-NL/mathematical-models/scenarios_solver_types_120/scenario_solver_33_trains_5_units25.json","Cost of next node: Cost = 250.0 : 321.36 | cr=4, dd=0, da=0, tlv=14, sm=68, rd=81.18, cd=0, um=0","Time elapsed: 42.79 seconds","/home/thomasverwaal/Robust-Rail-NL/mathematical-models/local_search_plans_discreet_120/plan_33_trains_5_units25.json"
"/home/thomasverwaal/Robust-Rail-NL/mathematical-models/scenarios_solver_types_120/scenario_solver_33_trains_5_units25.json","Cost of next node: Cost = 230.0 : 301.36 | cr=2, dd=0, da=0, tlv=14, sm=68, rd=81.18, cd=0, um=0","Time elapsed: 43.87 seconds","/home/thomasverwaal/Robust-Rail-NL/mathematical-models/local_search_plans_discreet_120/plan_33_trains_5_units25.json"
"/home/thomasverwaal/Robust-Rail-NL/mathematical-models/scenarios_solver_types_120/scenario_solver_33_trains_5_units25.json","Cost of next node: Cost = 220.0 : 291.36 | cr=1, dd=0, da=0, tlv=14, sm=68, rd=84.71, cd=0, um=0","Time elapsed: 88.66 seconds","/home/thomasverwaal/Robust-Rail-NL/mathematical-models/local_search_plans_discreet_120/plan_33_trains_5_units25.json"
"/home/thomasverwaal/Robust-Rail-NL/mathematical-models/scenarios_solver_types_120/scenario_solver_33_trains_5_units25.json","Cost of next node: Cost = 210.0 : 281.36 | cr=0, dd=0, da=0, tlv=14, sm=68, rd=82.94, cd=0, um=0","Time elapsed: 107.20 seconds","/home/thomasverwaal/Robust-Rail-NL/mathematical-models/local_search_plans_discreet_120/plan_33_trains_5_units25.json"
"/home/thomasverwaal/Robust-Rail-NL/mathematical-models/scenarios_solver_types_120/scenario_solver_33_trains_5_units25.json","NO_COST_FOUND","NO_TIME_FOUND","NO_PLAN_CREATED"
"/home/thomasverwaal/Robust-Rail-NL/mathematical-models/scenarios_solver_types_120/scenario_solver_33_trains_5_units26.json","Cost of next node: Cost = 2,832.8 : 2,834.08 | cr=43, dd=33, da=31, tlv=0, sm=66, rd=181.82, cd=0, um=0","Time elapsed: 5.07 seconds","/home/thomasverwaal/Robust-Rail-NL/mathematical-models/local_search_plans_discreet_120/plan_33_trains_5_units26.json"
"/home/thomasverwaal/Robust-Rail-NL/mathematical-models/scenarios_solver_types_120/scenario_solver_33_trains_5_units26.json","Cost of next node: Cost = 2,812.2 : 2,813.55 | cr=41, dd=33, da=31, tlv=0, sm=66, rd=181.82, cd=0, um=0","Time elapsed: 5.21 seconds","/home/thomasverwaal/Robust-Rail-NL/mathematical-models/local_search_plans_discreet_120/plan_33_trains_5_units26.json"
"/home/thomasverwaal/Robust-Rail-NL/mathematical-models/scenarios_solver_types_120/scenario_solver_33_trains_5_units26.json","Cost of next node: Cost = 2,767.2 : 2,773.54 | cr=41, dd=33, da=29, tlv=1, sm=66, rd=179.09, cd=0, um=0","Time elapsed: 5.38 seconds","/home/thomasverwaal/Robust-Rail-NL/mathematical-models/local_search_plans_discreet_120/plan_33_trains_5_units26.json"
"/home/thomasverwaal/Robust-Rail-NL/mathematical-models/scenarios_solver_types_120/scenario_solver_33_trains_5_units26.json","Cost of next node: Cost = 2,553.3 : 2,559.67 | cr=40, dd=33, da=19, tlv=1, sm=66, rd=172.73, cd=0, um=0","Time elapsed: 5.54 seconds","/home/thomasverwaal/Robust-Rail-NL/mathematical-models/local_search_plans_discreet_120/plan_33_trains_5_units26.json"
"/home/thomasverwaal/Robust-Rail-NL/mathematical-models/scenarios_solver_types_120/scenario_solver_33_trains_5_units26.json","Cost of next node: Cost = 2,527.9 : 2,539.22 | cr=38, dd=33, da=17, tlv=2, sm=66, rd=175.45, cd=0, um=0","Time elapsed: 5.74 seconds","/home/thomasverwaal/Robust-Rail-NL/mathematical-models/local_search_plans_discreet_120/plan_33_trains_5_units26.json"
"/home/thomasverwaal/Robust-Rail-NL/mathematical-models/scenarios_solver_types_120/scenario_solver_33_trains_5_units26.json","Cost of next node: Cost = 2,507.4 : 2,518.72 | cr=37, dd=33, da=17, tlv=2, sm=66, rd=168.18, cd=0, um=0","Time elapsed: 5.91 seconds","/home/thomasverwaal/Robust-Rail-NL/mathematical-models/local_search_plans_discreet_120/plan_33_trains_5_units26.json"
"/home/thomasverwaal/Robust-Rail-NL/mathematical-models/scenarios_solver_types_120/scenario_solver_33_trains_5_units26.json","Cost of next node: Cost = 2,483.9 : 2,495.22 | cr=37, dd=33, da=16, tlv=2, sm=66, rd=163.64, cd=0, um=0","Time elapsed: 6.06 seconds","/home/thomasverwaal/Robust-Rail-NL/mathematical-models/local_search_plans_discreet_120/plan_33_trains_5_units26.json"
"/home/thomasverwaal/Robust-Rail-NL/mathematical-models/scenarios_solver_types_120/scenario_solver_33_trains_5_units26.json","Cost of next node: Cost = 2,433.7 : 2,449.99 | cr=35, dd=33, da=14, tlv=3, sm=66, rd=162.73, cd=0, um=0","Time elapsed: 6.20 seconds","/home/thomasverwaal/Robust-Rail-NL/mathematical-models/local_search_plans_discreet_120/plan_33_trains_5_units26.json"
"/home/thomasverwaal/Robust-Rail-NL/mathematical-models/scenarios_solver_types_120/scenario_solver_33_trains_5_units26.json","Cost of next node: Cost = 2,413.2 : 2,434.52 | cr=33, dd=33, da=14, tlv=4, sm=66, rd=157.27, cd=0, um=0","Time elapsed: 6.58 seconds","/home/thomasverwaal/Robust-Rail-NL/mathematical-models/local_search_plans_discreet_120/plan_33_trains_5_units26.json"
"/home/thomasverwaal/Robust-Rail-NL/mathematical-models/scenarios_solver_types_120/scenario_solver_33_trains_5_units26.json","Cost of next node: Cost = 2,391.9 : 2,418.21 | cr=32, dd=33, da=14, tlv=5, sm=66, rd=150.00, cd=0, um=0","Time elapsed: 6.98 seconds","/home/thomasverwaal/Robust-Rail-NL/mathematical-models/local_search_plans_discreet_120/plan_33_trains_5_units26.json"
"/home/thomasverwaal/Robust-Rail-NL/mathematical-models/scenarios_solver_types_120/scenario_solver_33_trains_5_units26.json","Cost of next node: Cost = 2,333.3 : 2,364.58 | cr=27, dd=33, da=13, tlv=6, sm=66, rd=146.36, cd=0, um=0","Time elapsed: 7.32 seconds","/home/thomasverwaal/Robust-Rail-NL/mathematical-models/local_search_plans_discreet_120/plan_33_trains_5_units26.json"
"/home/thomasverwaal/Robust-Rail-NL/mathematical-models/scenarios_solver_types_120/scenario_solver_33_trains_5_units26.json","Cost of next node: Cost = 2,308.5 : 2,344.83 | cr=25, dd=33, da=12, tlv=7, sm=66, rd=144.55, cd=0, um=0","Time elapsed: 8.03 seconds","/home/thomasverwaal/Robust-Rail-NL/mathematical-models/local_search_plans_discreet_120/plan_33_trains_5_units26.json"
"/home/thomasverwaal/Robust-Rail-NL/mathematical-models/scenarios_solver_types_120/scenario_solver_33_trains_5_units26.json","Cost of next node: Cost = 2,278.8 : 2,320.13 | cr=24, dd=33, da=11, tlv=8, sm=66, rd=139.09, cd=0, um=0","Time elapsed: 8.90 seconds","/home/thomasverwaal/Robust-Rail-NL/mathematical-models/local_search_plans_discreet_120/plan_33_trains_5_units26.json"
"/home/thomasverwaal/Robust-Rail-NL/mathematical-models/scenarios_solver_types_120/scenario_solver_33_trains_5_units26.json","Cost of next node: Cost = 2,256.9 : 2,303.24 | cr=23, dd=33, da=10, tlv=9, sm=66, rd=137.27, cd=0, um=0","Time elapsed: 9.16 seconds","/home/thomasverwaal/Robust-Rail-NL/mathematical-models/local_search_plans_discreet_120/plan_33_trains_5_units26.json"
"/home/thomasverwaal/Robust-Rail-NL/mathematical-models/scenarios_solver_types_120/scenario_solver_33_trains_5_units26.json","Cost of next node: Cost = 2,234.0 : 2,285.33 | cr=21, dd=33, da=8, tlv=10, sm=66, rd=139.09, cd=0, um=0","Time elapsed: 9.46 seconds","/home/thomasverwaal/Robust-Rail-NL/mathematical-models/local_search_plans_discreet_120/plan_33_trains_5_units26.json"
"/home/thomasverwaal/Robust-Rail-NL/mathematical-models/scenarios_solver_types_120/scenario_solver_33_trains_5_units26.json","Cost of next node: Cost = 2,200.7 : 2,247.04 | cr=24, dd=33, da=7, tlv=9, sm=66, rd=129.09, cd=0, um=0","Time elapsed: 9.60 seconds","/home/thomasverwaal/Robust-Rail-NL/mathematical-models/local_search_plans_discreet_120/plan_33_trains_5_units26.json"
"/home/thomasverwaal/Robust-Rail-NL/mathematical-models/scenarios_solver_types_120/scenario_solver_33_trains_5_units26.json","Cost of next node: Cost = 2,146.9 : 2,193.26 | cr=24, dd=32, da=7, tlv=9, sm=66, rd=125.45, cd=0, um=0","Time elapsed: 9.69 seconds","/home/thomasverwaal/Robust-Rail-NL/mathematical-models/local_search_plans_discreet_120/plan_33_trains_5_units26.json"
"/home/thomasverwaal/Robust-Rail-NL/mathematical-models/scenarios_solver_types_120/scenario_solver_33_trains_5_units26.json","Cost of next node: Cost = 2,097.5 : 2,143.83 | cr=24, dd=31, da=7, tlv=9, sm=66, rd=125.45, cd=0, um=0","Time elapsed: 9.79 seconds","/home/thomasverwaal/Robust-Rail-NL/mathematical-models/local_search_plans_discreet_120/plan_33_trains_5_units26.json"
"/home/thomasverwaal/Robust-Rail-NL/mathematical-models/scenarios_solver_types_120/scenario_solver_33_trains_5_units26.json","Cost of next node: Cost = 2,057.7 : 2,104.06 | cr=25, dd=30, da=7, tlv=9, sm=66, rd=125.45, cd=0, um=0","Time elapsed: 9.97 seconds","/home/thomasverwaal/Robust-Rail-NL/mathematical-models/local_search_plans_discreet_120/plan_33_trains_5_units26.json"
"/home/thomasverwaal/Robust-Rail-NL/mathematical-models/scenarios_solver_types_120/scenario_solver_33_trains_5_units26.json","Cost of next node: Cost = 2,004.5 : 2,050.80 | cr=24, dd=29, da=7, tlv=9, sm=66, rd=130.00, cd=0, um=0","Time elapsed: 10.09 seconds","/home/thomasverwaal/Robust-Rail-NL/mathematical-models/local_search_plans_discreet_120/plan_33_trains_5_units26.json"
"/home/thomasverwaal/Robust-Rail-NL/mathematical-models/scenarios_solver_types_120/scenario_solver_33_trains_5_units26.json","Cost of next node: Cost = 1,950.4 : 2,001.69 | cr=22, dd=28, da=7, tlv=10, sm=66, rd=128.18, cd=0, um=0","Time elapsed: 10.37 seconds","/home/thomasverwaal/Robust-Rail-NL/mathematical-models/local_search_plans_discreet_120/plan_33_trains_5_units26.json"
"/home/thomasverwaal/Robust-Rail-NL/mathematical-models/scenarios_solver_types_120/scenario_solver_33_trains_5_units26.json","Cost of next node: Cost = 1,917.5 : 1,973.86 | cr=23, dd=27, da=6, tlv=11, sm=66, rd=135.45, cd=0, um=0","Time elapsed: 10.72 seconds","/home/thomasverwaal/Robust-Rail-NL/mathematical-models/local_search_plans_discreet_120/plan_33_trains_5_units26.json"
"/home/thomasverwaal/Robust-Rail-NL/mathematical-models/scenarios_solver_types_120/scenario_solver_33_trains_5_units26.json","Cost of next node: Cost = 1,869.0 : 1,925.31 | cr=23, dd=26, da=6, tlv=11, sm=66, rd=135.45, cd=0, um=0","Time elapsed: 10.85 seconds","/home/thomasverwaal/Robust-Rail-NL/mathematical-models/local_search_plans_discreet_120/plan_33_trains_5_units26.json"
"/home/thomasverwaal/Robust-Rail-NL/mathematical-models/scenarios_solver_types_120/scenario_solver_33_trains_5_units26.json","Cost of next node: Cost = 1,658.6 : 1,719.93 | cr=22, dd=22, da=5, tlv=12, sm=66, rd=132.73, cd=0, um=0","Time elapsed: 11.36 seconds","/home/thomasverwaal/Robust-Rail-NL/mathematical-models/local_search_plans_discreet_120/plan_33_trains_5_units26.json"
"/home/thomasverwaal/Robust-Rail-NL/mathematical-models/scenarios_solver_types_120/scenario_solver_33_trains_5_units26.json","Cost of next node: Cost = 1,477.7 : 1,544.05 | cr=19, dd=19, da=4, tlv=13, sm=66, rd=127.27, cd=0, um=0","Time elapsed: 11.68 seconds","/home/thomasverwaal/Robust-Rail-NL/mathematical-models/local_search_plans_discreet_120/plan_33_trains_5_units26.json"
"/home/thomasverwaal/Robust-Rail-NL/mathematical-models/scenarios_solver_types_120/scenario_solver_33_trains_5_units26.json","Cost of next node: Cost = 1,450.1 : 1,521.42 | cr=18, dd=19, da=3, tlv=14, sm=66, rd=120.00, cd=0, um=0","Time elapsed: 11.95 seconds","/home/thomasverwaal/Robust-Rail-NL/mathematical-models/local_search_plans_discreet_120/plan_33_trains_5_units26.json"
"/home/thomasverwaal/Robust-Rail-NL/mathematical-models/scenarios_solver_types_120/scenario_solver_33_trains_5_units26.json","Cost of next node: Cost = 1,372.0 : 1,448.28 | cr=16, dd=18, da=2, tlv=15, sm=66, rd=112.73, cd=0, um=0","Time elapsed: 12.20 seconds","/home/thomasverwaal/Robust-Rail-NL/mathematical-models/local_search_plans_discreet_120/plan_33_trains_5_units26.json"
"/home/thomasverwaal/Robust-Rail-NL/mathematical-models/scenarios_solver_types_120/scenario_solver_33_trains_5_units26.json","Cost of next node: Cost = 1,104.9 : 1,186.24 | cr=15, dd=13, da=1, tlv=16, sm=66, rd=101.82, cd=0, um=0","Time elapsed: 12.57 seconds","/home/thomasverwaal/Robust-Rail-NL/mathematical-models/local_search_plans_discreet_120/plan_33_trains_5_units26.json"
"/home/thomasverwaal/Robust-Rail-NL/mathematical-models/scenarios_solver_types_120/scenario_solver_33_trains_5_units26.json","Cost of next node: Cost = 1,050.4 : 1,131.71 | cr=16, dd=12, da=1, tlv=16, sm=66, rd=94.55, cd=0, um=0","Time elapsed: 12.67 seconds","/home/thomasverwaal/Robust-Rail-NL/mathematical-models/local_search_plans_discreet_120/plan_33_trains_5_units26.json"
"/home/thomasverwaal/Robust-Rail-NL/mathematical-models/scenarios_solver_types_120/scenario_solver_33_trains_5_units26.json","Cost of next node: Cost = 911.3 : 992.62 | cr=18, dd=9, da=1, tlv=16, sm=66, rd=90.00, cd=0, um=0","Time elapsed: 12.76 seconds","/home/thomasverwaal/Robust-Rail-NL/mathematical-models/local_search_plans_discreet_120/plan_33_trains_5_units26.json"
"/home/thomasverwaal/Robust-Rail-NL/mathematical-models/scenarios_solver_types_120/scenario_solver_33_trains_5_units26.json","Cost of next node: Cost = 860.4 : 941.69 | cr=19, dd=8, da=1, tlv=16, sm=66, rd=85.45, cd=0, um=0","Time elapsed: 13.02 seconds","/home/thomasverwaal/Robust-Rail-NL/mathematical-models/local_search_plans_discreet_120/plan_33_trains_5_units26.json"
"/home/thomasverwaal/Robust-Rail-NL/mathematical-models/scenarios_solver_types_120/scenario_solver_33_trains_5_units26.json","Cost of next node: Cost = 756.1 : 837.45 | cr=19, dd=6, da=1, tlv=16, sm=66, rd=81.82, cd=0, um=0","Time elapsed: 13.12 seconds","/home/thomasverwaal/Robust-Rail-NL/mathematical-models/local_search_plans_discreet_120/plan_33_trains_5_units26.json"
"/home/thomasverwaal/Robust-Rail-NL/mathematical-models/scenarios_solver_types_120/scenario_solver_33_trains_5_units26.json","Cost of next node: Cost = 665.7 : 747.02 | cr=20, dd=4, da=1, tlv=16, sm=66, rd=80.00, cd=0, um=0","Time elapsed: 13.35 seconds","/home/thomasverwaal/Robust-Rail-NL/mathematical-models/local_search_plans_discreet_120/plan_33_trains_5_units26.json"
"/home/thomasverwaal/Robust-Rail-NL/mathematical-models/scenarios_solver_types_120/scenario_solver_33_trains_5_units26.json","Cost of next node: Cost = 564.7 : 646.02 | cr=20, dd=2, da=1, tlv=16, sm=66, rd=78.18, cd=0, um=0","Time elapsed: 13.43 seconds","/home/thomasverwaal/Robust-Rail-NL/mathematical-models/local_search_plans_discreet_120/plan_33_trains_5_units26.json"
"/home/thomasverwaal/Robust-Rail-NL/mathematical-models/scenarios_solver_types_120/scenario_solver_33_trains_5_units26.json","Cost of next node: Cost = 506.5 : 592.82 | cr=20, dd=1, da=0, tlv=17, sm=66, rd=72.73, cd=0, um=0","Time elapsed: 13.81 seconds","/home/thomasverwaal/Robust-Rail-NL/mathematical-models/local_search_plans_discreet_120/plan_33_trains_5_units26.json"
"/home/thomasverwaal/Robust-Rail-NL/mathematical-models/scenarios_solver_types_120/scenario_solver_33_trains_5_units26.json","Cost of next node: Cost = 450.0 : 541.32 | cr=18, dd=0, da=0, tlv=18, sm=66, rd=70.91, cd=0, um=0","Time elapsed: 14.20 seconds","/home/thomasverwaal/Robust-Rail-NL/mathematical-models/local_search_plans_discreet_120/plan_33_trains_5_units26.json"
"/home/thomasverwaal/Robust-Rail-NL/mathematical-models/scenarios_solver_types_120/scenario_solver_33_trains_5_units26.json","Cost of next node: Cost = 425.0 : 511.32 | cr=17, dd=0, da=0, tlv=17, sm=66, rd=72.73, cd=0, um=0","Time elapsed: 14.34 seconds","/home/thomasverwaal/Robust-Rail-NL/mathematical-models/local_search_plans_discreet_120/plan_33_trains_5_units26.json"
"/home/thomasverwaal/Robust-Rail-NL/mathematical-models/scenarios_solver_types_120/scenario_solver_33_trains_5_units26.json","Cost of next node: Cost = 410.0 : 491.32 | cr=17, dd=0, da=0, tlv=16, sm=66, rd=74.55, cd=0, um=0","Time elapsed: 18.82 seconds","/home/thomasverwaal/Robust-Rail-NL/mathematical-models/local_search_plans_discreet_120/plan_33_trains_5_units26.json"
"/home/thomasverwaal/Robust-Rail-NL/mathematical-models/scenarios_solver_types_120/scenario_solver_33_trains_5_units26.json","Cost of next node: Cost = 385.0 : 461.32 | cr=16, dd=0, da=0, tlv=15, sm=66, rd=76.36, cd=0, um=0","Time elapsed: 19.15 seconds","/home/thomasverwaal/Robust-Rail-NL/mathematical-models/local_search_plans_discreet_120/plan_33_trains_5_units26.json"
"/home/thomasverwaal/Robust-Rail-NL/mathematical-models/scenarios_solver_types_120/scenario_solver_33_trains_5_units26.json","Cost of next node: Cost = 375.0 : 451.32 | cr=15, dd=0, da=0, tlv=15, sm=66, rd=76.36, cd=0, um=0","Time elapsed: 22.90 seconds","/home/thomasverwaal/Robust-Rail-NL/mathematical-models/local_search_plans_discreet_120/plan_33_trains_5_units26.json"
"/home/thomasverwaal/Robust-Rail-NL/mathematical-models/scenarios_solver_types_120/scenario_solver_33_trains_5_units26.json","Cost of next node: Cost = 355.0 : 431.32 | cr=13, dd=0, da=0, tlv=15, sm=66, rd=76.36, cd=0, um=0","Time elapsed: 26.26 seconds","/home/thomasverwaal/Robust-Rail-NL/mathematical-models/local_search_plans_discreet_120/plan_33_trains_5_units26.json"
"/home/thomasverwaal/Robust-Rail-NL/mathematical-models/scenarios_solver_types_120/scenario_solver_33_trains_5_units26.json","Cost of next node: Cost = 345.0 : 421.32 | cr=12, dd=0, da=0, tlv=15, sm=66, rd=76.36, cd=0, um=0","Time elapsed: 29.33 seconds","/home/thomasverwaal/Robust-Rail-NL/mathematical-models/local_search_plans_discreet_120/plan_33_trains_5_units26.json"
"/home/thomasverwaal/Robust-Rail-NL/mathematical-models/scenarios_solver_types_120/scenario_solver_33_trains_5_units26.json","Cost of next node: Cost = 335.0 : 411.32 | cr=11, dd=0, da=0, tlv=15, sm=66, rd=80.00, cd=0, um=0","Time elapsed: 32.74 seconds","/home/thomasverwaal/Robust-Rail-NL/mathematical-models/local_search_plans_discreet_120/plan_33_trains_5_units26.json"
"/home/thomasverwaal/Robust-Rail-NL/mathematical-models/scenarios_solver_types_120/scenario_solver_33_trains_5_units26.json","Cost of next node: Cost = 310.0 : 381.32 | cr=10, dd=0, da=0, tlv=14, sm=66, rd=80.00, cd=0, um=0","Time elapsed: 33.05 seconds","/home/thomasverwaal/Robust-Rail-NL/mathematical-models/local_search_plans_discreet_120/plan_33_trains_5_units26.json"
"/home/thomasverwaal/Robust-Rail-NL/mathematical-models/scenarios_solver_types_120/scenario_solver_33_trains_5_units26.json","Cost of next node: Cost = 300.0 : 371.32 | cr=9, dd=0, da=0, tlv=14, sm=66, rd=80.00, cd=0, um=0","Time elapsed: 36.24 seconds","/home/thomasverwaal/Robust-Rail-NL/mathematical-models/local_search_plans_discreet_120/plan_33_trains_5_units26.json"
"/home/thomasverwaal/Robust-Rail-NL/mathematical-models/scenarios_solver_types_120/scenario_solver_33_trains_5_units26.json","Cost of next node: Cost = 290.0 : 361.32 | cr=8, dd=0, da=0, tlv=14, sm=66, rd=80.00, cd=0, um=0","Time elapsed: 40.48 seconds","/home/thomasverwaal/Robust-Rail-NL/mathematical-models/local_search_plans_discreet_120/plan_33_trains_5_units26.json"
"/home/thomasverwaal/Robust-Rail-NL/mathematical-models/scenarios_solver_types_120/scenario_solver_33_trains_5_units26.json","Cost of next node: Cost = 280.0 : 351.32 | cr=7, dd=0, da=0, tlv=14, sm=66, rd=80.00, cd=0, um=0","Time elapsed: 43.72 seconds","/home/thomasverwaal/Robust-Rail-NL/mathematical-models/local_search_plans_discreet_120/plan_33_trains_5_units26.json"
"/home/thomasverwaal/Robust-Rail-NL/mathematical-models/scenarios_solver_types_120/scenario_solver_33_trains_5_units26.json","Cost of next node: Cost = 270.0 : 341.32 | cr=6, dd=0, da=0, tlv=14, sm=66, rd=80.00, cd=0, um=0","Time elapsed: 46.05 seconds","/home/thomasverwaal/Robust-Rail-NL/mathematical-models/local_search_plans_discreet_120/plan_33_trains_5_units26.json"
"/home/thomasverwaal/Robust-Rail-NL/mathematical-models/scenarios_solver_types_120/scenario_solver_33_trains_5_units26.json","Cost of next node: Cost = 265.9 : 332.22 | cr=5, dd=0, da=1, tlv=13, sm=66, rd=83.64, cd=0, um=0","Time elapsed: 66.60 seconds","/home/thomasverwaal/Robust-Rail-NL/mathematical-models/local_search_plans_discreet_120/plan_33_trains_5_units26.json"
"/home/thomasverwaal/Robust-Rail-NL/mathematical-models/scenarios_solver_types_120/scenario_solver_33_trains_5_units26.json","Cost of next node: Cost = 255.9 : 322.22 | cr=4, dd=0, da=1, tlv=13, sm=66, rd=83.64, cd=0, um=0","Time elapsed: 68.14 seconds","/home/thomasverwaal/Robust-Rail-NL/mathematical-models/local_search_plans_discreet_120/plan_33_trains_5_units26.json"
"/home/thomasverwaal/Robust-Rail-NL/mathematical-models/scenarios_solver_types_120/scenario_solver_33_trains_5_units26.json","Cost of next node: Cost = 250.0 : 321.32 | cr=4, dd=0, da=0, tlv=14, sm=66, rd=81.82, cd=0, um=0","Time elapsed: 98.20 seconds","/home/thomasverwaal/Robust-Rail-NL/mathematical-models/local_search_plans_discreet_120/plan_33_trains_5_units26.json"
"/home/thomasverwaal/Robust-Rail-NL/mathematical-models/scenarios_solver_types_120/scenario_solver_33_trains_5_units26.json","Cost of next node: Cost = 235.0 : 301.34 | cr=4, dd=0, da=0, tlv=13, sm=67, rd=82.39, cd=0, um=0","Time elapsed: 100.77 seconds","/home/thomasverwaal/Robust-Rail-NL/mathematical-models/local_search_plans_discreet_120/plan_33_trains_5_units26.json"
"/home/thomasverwaal/Robust-Rail-NL/mathematical-models/scenarios_solver_types_120/scenario_solver_33_trains_5_units26.json","Cost of next node: Cost = 225.0 : 291.34 | cr=3, dd=0, da=0, tlv=13, sm=67, rd=82.39, cd=0, um=0","Time elapsed: 333.18 seconds","/home/thomasverwaal/Robust-Rail-NL/mathematical-models/local_search_plans_discreet_120/plan_33_trains_5_units26.json"
"/home/thomasverwaal/Robust-Rail-NL/mathematical-models/scenarios_solver_types_120/scenario_solver_33_trains_5_units26.json","NO_COST_FOUND","NO_TIME_FOUND","NO_PLAN_CREATED"
"/home/thomasverwaal/Robust-Rail-NL/mathematical-models/scenarios_solver_types_120/scenario_solver_33_trains_5_units27.json","Cost of next node: Cost = 2,830.5 : 2,831.81 | cr=43, dd=33, da=31, tlv=0, sm=66, rd=183.64, cd=0, um=0","Time elapsed: 5.89 seconds","/home/thomasverwaal/Robust-Rail-NL/mathematical-models/local_search_plans_discreet_120/plan_33_trains_5_units27.json"
"/home/thomasverwaal/Robust-Rail-NL/mathematical-models/scenarios_solver_types_120/scenario_solver_33_trains_5_units27.json","Cost of next node: Cost = 2,803.4 : 2,804.72 | cr=40, dd=33, da=31, tlv=0, sm=66, rd=184.55, cd=0, um=0","Time elapsed: 6.01 seconds","/home/thomasverwaal/Robust-Rail-NL/mathematical-models/local_search_plans_discreet_120/plan_33_trains_5_units27.json"
"/home/thomasverwaal/Robust-Rail-NL/mathematical-models/scenarios_solver_types_120/scenario_solver_33_trains_5_units27.json","Cost of next node: Cost = 2,748.4 : 2,754.72 | cr=39, dd=33, da=29, tlv=1, sm=66, rd=181.82, cd=0, um=0","Time elapsed: 6.14 seconds","/home/thomasverwaal/Robust-Rail-NL/mathematical-models/local_search_plans_discreet_120/plan_33_trains_5_units27.json"
"/home/thomasverwaal/Robust-Rail-NL/mathematical-models/scenarios_solver_types_120/scenario_solver_33_trains_5_units27.json","Cost of next node: Cost = 2,565.7 : 2,572.02 | cr=41, dd=33, da=19, tlv=1, sm=66, rd=175.45, cd=0, um=0","Time elapsed: 6.33 seconds","/home/thomasverwaal/Robust-Rail-NL/mathematical-models/local_search_plans_discreet_120/plan_33_trains_5_units27.json"
"/home/thomasverwaal/Robust-Rail-NL/mathematical-models/scenarios_solver_types_120/scenario_solver_33_trains_5_units27.json","Cost of next node: Cost = 2,481.4 : 2,492.71 | cr=38, dd=33, da=15, tlv=2, sm=66, rd=172.73, cd=0, um=0","Time elapsed: 6.52 seconds","/home/thomasverwaal/Robust-Rail-NL/mathematical-models/local_search_plans_discreet_120/plan_33_trains_5_units27.json"
"/home/thomasverwaal/Robust-Rail-NL/mathematical-models/scenarios_solver_types_120/scenario_solver_33_trains_5_units27.json","Cost of next node: Cost = 2,442.6 : 2,458.89 | cr=37, dd=33, da=13, tlv=3, sm=66, rd=166.36, cd=0, um=0","Time elapsed: 6.77 seconds","/home/thomasverwaal/Robust-Rail-NL/mathematical-models/local_search_plans_discreet_120/plan_33_trains_5_units27.json"
"/home/thomasverwaal/Robust-Rail-NL/mathematical-models/scenarios_solver_types_120/scenario_solver_33_trains_5_units27.json","Cost of next node: Cost = 2,421.0 : 2,437.30 | cr=35, dd=33, da=13, tlv=3, sm=66, rd=166.36, cd=0, um=0","Time elapsed: 6.86 seconds","/home/thomasverwaal/Robust-Rail-NL/mathematical-models/local_search_plans_discreet_120/plan_33_trains_5_units27.json"
"/home/thomasverwaal/Robust-Rail-NL/mathematical-models/scenarios_solver_types_120/scenario_solver_33_trains_5_units27.json","Cost of next node: Cost = 2,397.8 : 2,414.11 | cr=34, dd=33, da=13, tlv=3, sm=66, rd=162.73, cd=0, um=0","Time elapsed: 7.27 seconds","/home/thomasverwaal/Robust-Rail-NL/mathematical-models/local_search_plans_discreet_120/plan_33_trains_5_units27.json"
"/home/thomasverwaal/Robust-Rail-NL/mathematical-models/scenarios_solver_types_120/scenario_solver_33_trains_5_units27.json","Cost of next node: Cost = 2,375.6 : 2,391.90 | cr=32, dd=33, da=13, tlv=3, sm=66, rd=162.73, cd=0, um=0","Time elapsed: 7.69 seconds","/home/thomasverwaal/Robust-Rail-NL/mathematical-models/local_search_plans_discreet_120/plan_33_trains_5_units27.json"
"/home/thomasverwaal/Robust-Rail-NL/mathematical-models/scenarios_solver_types_120/scenario_solver_33_trains_5_units27.json","Cost of next node: Cost = 2,330.6 : 2,351.90 | cr=26, dd=33, da=13, tlv=4, sm=66, rd=162.73, cd=0, um=0","Time elapsed: 8.03 seconds","/home/thomasverwaal/Robust-Rail-NL/mathematical-models/local_search_plans_discreet_120/plan_33_trains_5_units27.json"
"/home/thomasverwaal/Robust-Rail-NL/mathematical-models/scenarios_solver_types_120/scenario_solver_33_trains_5_units27.json","Cost of next node: Cost = 2,309.3 : 2,335.64 | cr=25, dd=33, da=13, tlv=5, sm=66, rd=155.45, cd=0, um=0","Time elapsed: 8.51 seconds","/home/thomasverwaal/Robust-Rail-NL/mathematical-models/local_search_plans_discreet_120/plan_33_trains_5_units27.json"
"/home/thomasverwaal/Robust-Rail-NL/mathematical-models/scenarios_solver_types_120/scenario_solver_33_trains_5_units27.json","Cost of next node: Cost = 2,286.2 : 2,317.56 | cr=23, dd=33, da=12, tlv=6, sm=66, rd=152.73, cd=0, um=0","Time elapsed: 9.25 seconds","/home/thomasverwaal/Robust-Rail-NL/mathematical-models/local_search_plans_discreet_120/plan_33_trains_5_units27.json"
"/home/thomasverwaal/Robust-Rail-NL/mathematical-models/scenarios_solver_types_120/scenario_solver_33_trains_5_units27.json","Cost of next node: Cost = 2,258.9 : 2,295.27 | cr=21, dd=33, da=11, tlv=7, sm=66, rd=147.27, cd=0, um=0","Time elapsed: 9.62 seconds","/home/thomasverwaal/Robust-Rail-NL/mathematical-models/local_search_plans_discreet_120/plan_33_trains_5_units27.json"
"/home/thomasverwaal/Robust-Rail-NL/mathematical-models/scenarios_solver_types_120/scenario_solver_33_trains_5_units27.json","Cost of next node: Cost = 2,220.4 : 2,261.74 | cr=19, dd=33, da=10, tlv=8, sm=66, rd=141.82, cd=0, um=0","Time elapsed: 9.99 seconds","/home/thomasverwaal/Robust-Rail-NL/mathematical-models/local_search_plans_discreet_120/plan_33_trains_5_units27.json"
"/home/thomasverwaal/Robust-Rail-NL/mathematical-models/scenarios_solver_types_120/scenario_solver_33_trains_5_units27.json","Cost of next node: Cost = 2,198.9 : 2,245.18 | cr=18, dd=33, da=9, tlv=9, sm=66, rd=138.18, cd=0, um=0","Time elapsed: 10.38 seconds","/home/thomasverwaal/Robust-Rail-NL/mathematical-models/local_search_plans_discreet_120/plan_33_trains_5_units27.json"
"/home/thomasverwaal/Robust-Rail-NL/mathematical-models/scenarios_solver_types_120/scenario_solver_33_trains_5_units27.json","Cost of next node: Cost = 2,164.8 : 2,216.10 | cr=15, dd=33, da=7, tlv=10, sm=66, rd=140.00, cd=0, um=0","Time elapsed: 10.72 seconds","/home/thomasverwaal/Robust-Rail-NL/mathematical-models/local_search_plans_discreet_120/plan_33_trains_5_units27.json"
"/home/thomasverwaal/Robust-Rail-NL/mathematical-models/scenarios_solver_types_120/scenario_solver_33_trains_5_units27.json","Cost of next node: Cost = 2,138.4 : 2,184.70 | cr=17, dd=33, da=7, tlv=9, sm=66, rd=132.73, cd=0, um=0","Time elapsed: 10.85 seconds","/home/thomasverwaal/Robust-Rail-NL/mathematical-models/local_search_plans_discreet_120/plan_33_trains_5_units27.json"
"/home/thomasverwaal/Robust-Rail-NL/mathematical-models/scenarios_solver_types_120/scenario_solver_33_trains_5_units27.json","Cost of next node: Cost = 2,113.1 : 2,164.45 | cr=15, dd=33, da=6, tlv=10, sm=66, rd=132.73, cd=0, um=0","Time elapsed: 11.26 seconds","/home/thomasverwaal/Robust-Rail-NL/mathematical-models/local_search_plans_discreet_120/plan_33_trains_5_units27.json"
"/home/thomasverwaal/Robust-Rail-NL/mathematical-models/scenarios_solver_types_120/scenario_solver_33_trains_5_units27.json","Cost of next node: Cost = 2,032.8 : 2,089.17 | cr=16, dd=32, da=4, tlv=11, sm=66, rd=123.64, cd=0, um=0","Time elapsed: 11.63 seconds","/home/thomasverwaal/Robust-Rail-NL/mathematical-models/local_search_plans_discreet_120/plan_33_trains_5_units27.json"
"/home/thomasverwaal/Robust-Rail-NL/mathematical-models/scenarios_solver_types_120/scenario_solver_33_trains_5_units27.json","Cost of next node: Cost = 1,832.6 : 1,888.96 | cr=16, dd=28, da=4, tlv=11, sm=66, rd=121.82, cd=0, um=0","Time elapsed: 11.78 seconds","/home/thomasverwaal/Robust-Rail-NL/mathematical-models/local_search_plans_discreet_120/plan_33_trains_5_units27.json"
"/home/thomasverwaal/Robust-Rail-NL/mathematical-models/scenarios_solver_types_120/scenario_solver_33_trains_5_units27.json","Cost of next node: Cost = 1,781.8 : 1,838.16 | cr=17, dd=27, da=4, tlv=11, sm=66, rd=112.73, cd=0, um=0","Time elapsed: 11.92 seconds","/home/thomasverwaal/Robust-Rail-NL/mathematical-models/local_search_plans_discreet_120/plan_33_trains_5_units27.json"
"/home/thomasverwaal/Robust-Rail-NL/mathematical-models/scenarios_solver_types_120/scenario_solver_33_trains_5_units27.json","Cost of next node: Cost = 1,641.1 : 1,697.40 | cr=18, dd=24, da=4, tlv=11, sm=66, rd=112.73, cd=0, um=0","Time elapsed: 12.09 seconds","/home/thomasverwaal/Robust-Rail-NL/mathematical-models/local_search_plans_discreet_120/plan_33_trains_5_units27.json"
"/home/thomasverwaal/Robust-Rail-NL/mathematical-models/scenarios_solver_types_120/scenario_solver_33_trains_5_units27.json","Cost of next node: Cost = 1,541.7 : 1,598.01 | cr=18, dd=22, da=4, tlv=11, sm=66, rd=112.73, cd=0, um=0","Time elapsed: 12.19 seconds","/home/thomasverwaal/Robust-Rail-NL/mathematical-models/local_search_plans_discreet_120/plan_33_trains_5_units27.json"
"/home/thomasverwaal/Robust-Rail-NL/mathematical-models/scenarios_solver_types_120/scenario_solver_33_trains_5_units27.json","Cost of next node: Cost = 1,401.6 : 1,457.94 | cr=19, dd=19, da=4, tlv=11, sm=66, rd=110.91, cd=0, um=0","Time elapsed: 12.34 seconds","/home/thomasverwaal/Robust-Rail-NL/mathematical-models/local_search_plans_discreet_120/plan_33_trains_5_units27.json"
"/home/thomasverwaal/Robust-Rail-NL/mathematical-models/scenarios_solver_types_120/scenario_solver_33_trains_5_units27.json","Cost of next node: Cost = 1,351.7 : 1,408.02 | cr=19, dd=18, da=4, tlv=11, sm=66, rd=110.91, cd=0, um=0","Time elapsed: 12.48 seconds","/home/thomasverwaal/Robust-Rail-NL/mathematical-models/local_search_plans_discreet_120/plan_33_trains_5_units27.json"
"/home/thomasverwaal/Robust-Rail-NL/mathematical-models/scenarios_solver_types_120/scenario_solver_33_trains_5_units27.json","Cost of next node: Cost = 1,317.1 : 1,378.44 | cr=19, dd=17, da=4, tlv=12, sm=66, rd=109.09, cd=0, um=0","Time elapsed: 12.71 seconds","/home/thomasverwaal/Robust-Rail-NL/mathematical-models/local_search_plans_discreet_120/plan_33_trains_5_units27.json"
"/home/thomasverwaal/Robust-Rail-NL/mathematical-models/scenarios_solver_types_120/scenario_solver_33_trains_5_units27.json","Cost of next node: Cost = 1,272.4 : 1,338.74 | cr=20, dd=16, da=3, tlv=13, sm=66, rd=103.64, cd=0, um=0","Time elapsed: 12.93 seconds","/home/thomasverwaal/Robust-Rail-NL/mathematical-models/local_search_plans_discreet_120/plan_33_trains_5_units27.json"
"/home/thomasverwaal/Robust-Rail-NL/mathematical-models/scenarios_solver_types_120/scenario_solver_33_trains_5_units27.json","Cost of next node: Cost = 1,173.3 : 1,239.62 | cr=20, dd=14, da=3, tlv=13, sm=66, rd=98.18, cd=0, um=0","Time elapsed: 13.27 seconds","/home/thomasverwaal/Robust-Rail-NL/mathematical-models/local_search_plans_discreet_120/plan_33_trains_5_units27.json"
"/home/thomasverwaal/Robust-Rail-NL/mathematical-models/scenarios_solver_types_120/scenario_solver_33_trains_5_units27.json","Cost of next node: Cost = 1,068.4 : 1,139.69 | cr=20, dd=12, da=2, tlv=14, sm=66, rd=94.55, cd=0, um=0","Time elapsed: 13.54 seconds","/home/thomasverwaal/Robust-Rail-NL/mathematical-models/local_search_plans_discreet_120/plan_33_trains_5_units27.json"
"/home/thomasverwaal/Robust-Rail-NL/mathematical-models/scenarios_solver_types_120/scenario_solver_33_trains_5_units27.json","Cost of next node: Cost = 1,047.7 : 1,119.00 | cr=18, dd=12, da=2, tlv=14, sm=66, rd=93.64, cd=0, um=0","Time elapsed: 13.79 seconds","/home/thomasverwaal/Robust-Rail-NL/mathematical-models/local_search_plans_discreet_120/plan_33_trains_5_units27.json"
"/home/thomasverwaal/Robust-Rail-NL/mathematical-models/scenarios_solver_types_120/scenario_solver_33_trains_5_units27.json","Cost of next node: Cost = 1,010.6 : 1,086.97 | cr=18, dd=11, da=2, tlv=15, sm=66, rd=90.91, cd=0, um=0","Time elapsed: 13.85 seconds","/home/thomasverwaal/Robust-Rail-NL/mathematical-models/local_search_plans_discreet_120/plan_33_trains_5_units27.json"
"/home/thomasverwaal/Robust-Rail-NL/mathematical-models/scenarios_solver_types_120/scenario_solver_33_trains_5_units27.json","Cost of next node: Cost = 686.0 : 767.32 | cr=20, dd=4, da=2, tlv=16, sm=66, rd=80.00, cd=0, um=0","Time elapsed: 14.25 seconds","/home/thomasverwaal/Robust-Rail-NL/mathematical-models/local_search_plans_discreet_120/plan_33_trains_5_units27.json"
"/home/thomasverwaal/Robust-Rail-NL/mathematical-models/scenarios_solver_types_120/scenario_solver_33_trains_5_units27.json","Cost of next node: Cost = 656.0 : 737.32 | cr=17, dd=4, da=2, tlv=16, sm=66, rd=80.00, cd=0, um=0","Time elapsed: 14.33 seconds","/home/thomasverwaal/Robust-Rail-NL/mathematical-models/local_search_plans_discreet_120/plan_33_trains_5_units27.json"
"/home/thomasverwaal/Robust-Rail-NL/mathematical-models/scenarios_solver_types_120/scenario_solver_33_trains_5_units27.json","Cost of next node: Cost = 631.0 : 707.32 | cr=16, dd=4, da=2, tlv=15, sm=66, rd=81.82, cd=0, um=0","Time elapsed: 14.45 seconds","/home/thomasverwaal/Robust-Rail-NL/mathematical-models/local_search_plans_discreet_120/plan_33_trains_5_units27.json"
"/home/thomasverwaal/Robust-Rail-NL/mathematical-models/scenarios_solver_types_120/scenario_solver_33_trains_5_units27.json","Cost of next node: Cost = 595.5 : 676.87 | cr=16, dd=3, da=2, tlv=16, sm=66, rd=80.00, cd=0, um=0","Time elapsed: 14.61 seconds","/home/thomasverwaal/Robust-Rail-NL/mathematical-models/local_search_plans_discreet_120/plan_33_trains_5_units27.json"
"/home/thomasverwaal/Robust-Rail-NL/mathematical-models/scenarios_solver_types_120/scenario_solver_33_trains_5_units27.json","Cost of next node: Cost = 575.5 : 656.87 | cr=14, dd=3, da=2, tlv=16, sm=66, rd=80.00, cd=0, um=0","Time elapsed: 17.69 seconds","/home/thomasverwaal/Robust-Rail-NL/mathematical-models/local_search_plans_discreet_120/plan_33_trains_5_units27.json"
"/home/thomasverwaal/Robust-Rail-NL/mathematical-models/scenarios_solver_types_120/scenario_solver_33_trains_5_units27.json","Cost of next node: Cost = 560.5 : 636.87 | cr=14, dd=3, da=2, tlv=15, sm=66, rd=80.00, cd=0, um=0","Time elapsed: 20.89 seconds","/home/thomasverwaal/Robust-Rail-NL/mathematical-models/local_search_plans_discreet_120/plan_33_trains_5_units27.json"
"/home/thomasverwaal/Robust-Rail-NL/mathematical-models/scenarios_solver_types_120/scenario_solver_33_trains_5_units27.json","Cost of next node: Cost = 550.5 : 626.87 | cr=13, dd=3, da=2, tlv=15, sm=66, rd=80.00, cd=0, um=0","Time elapsed: 23.66 seconds","/home/thomasverwaal/Robust-Rail-NL/mathematical-models/local_search_plans_discreet_120/plan_33_trains_5_units27.json"
"/home/thomasverwaal/Robust-Rail-NL/mathematical-models/scenarios_solver_types_120/scenario_solver_33_trains_5_units27.json","Cost of next node: Cost = 499.8 : 576.12 | cr=13, dd=2, da=2, tlv=15, sm=66, rd=80.91, cd=0, um=0","Time elapsed: 23.73 seconds","/home/thomasverwaal/Robust-Rail-NL/mathematical-models/local_search_plans_discreet_120/plan_33_trains_5_units27.json"
"/home/thomasverwaal/Robust-Rail-NL/mathematical-models/scenarios_solver_types_120/scenario_solver_33_trains_5_units27.json","Cost of next node: Cost = 469.8 : 546.12 | cr=15, dd=1, da=2, tlv=15, sm=66, rd=80.00, cd=0, um=0","Time elapsed: 23.92 seconds","/home/thomasverwaal/Robust-Rail-NL/mathematical-models/local_search_plans_discreet_120/plan_33_trains_5_units27.json"
"/home/thomasverwaal/Robust-Rail-NL/mathematical-models/scenarios_solver_types_120/scenario_solver_33_trains_5_units27.json","Cost of next node: Cost = 449.8 : 526.12 | cr=13, dd=1, da=2, tlv=15, sm=66, rd=80.00, cd=0, um=0","Time elapsed: 26.67 seconds","/home/thomasverwaal/Robust-Rail-NL/mathematical-models/local_search_plans_discreet_120/plan_33_trains_5_units27.json"
"/home/thomasverwaal/Robust-Rail-NL/mathematical-models/scenarios_solver_types_120/scenario_solver_33_trains_5_units27.json","Cost of next node: Cost = 429.8 : 506.12 | cr=11, dd=1, da=2, tlv=15, sm=66, rd=80.00, cd=0, um=0","Time elapsed: 29.00 seconds","/home/thomasverwaal/Robust-Rail-NL/mathematical-models/local_search_plans_discreet_120/plan_33_trains_5_units27.json"
"/home/thomasverwaal/Robust-Rail-NL/mathematical-models/scenarios_solver_types_120/scenario_solver_33_trains_5_units27.json","Cost of next node: Cost = 419.8 : 496.12 | cr=10, dd=1, da=2, tlv=15, sm=66, rd=80.00, cd=0, um=0","Time elapsed: 31.32 seconds","/home/thomasverwaal/Robust-Rail-NL/mathematical-models/local_search_plans_discreet_120/plan_33_trains_5_units27.json"
"/home/thomasverwaal/Robust-Rail-NL/mathematical-models/scenarios_solver_types_120/scenario_solver_33_trains_5_units27.json","Cost of next node: Cost = 409.8 : 486.12 | cr=9, dd=1, da=2, tlv=15, sm=66, rd=80.00, cd=0, um=0","Time elapsed: 33.36 seconds","/home/thomasverwaal/Robust-Rail-NL/mathematical-models/local_search_plans_discreet_120/plan_33_trains_5_units27.json"
"/home/thomasverwaal/Robust-Rail-NL/mathematical-models/scenarios_solver_types_120/scenario_solver_33_trains_5_units27.json","Cost of next node: Cost = 399.8 : 476.12 | cr=8, dd=1, da=2, tlv=15, sm=66, rd=80.00, cd=0, um=0","Time elapsed: 35.53 seconds","/home/thomasverwaal/Robust-Rail-NL/mathematical-models/local_search_plans_discreet_120/plan_33_trains_5_units27.json"
"/home/thomasverwaal/Robust-Rail-NL/mathematical-models/scenarios_solver_types_120/scenario_solver_33_trains_5_units27.json","Cost of next node: Cost = 389.8 : 466.12 | cr=7, dd=1, da=2, tlv=15, sm=66, rd=80.00, cd=0, um=0","Time elapsed: 37.57 seconds","/home/thomasverwaal/Robust-Rail-NL/mathematical-models/local_search_plans_discreet_120/plan_33_trains_5_units27.json"
"/home/thomasverwaal/Robust-Rail-NL/mathematical-models/scenarios_solver_types_120/scenario_solver_33_trains_5_units27.json","Cost of next node: Cost = 346.5 : 422.82 | cr=7, dd=1, da=0, tlv=15, sm=66, rd=76.36, cd=0, um=0","Time elapsed: 37.79 seconds","/home/thomasverwaal/Robust-Rail-NL/mathematical-models/local_search_plans_discreet_120/plan_33_trains_5_units27.json"
"/home/thomasverwaal/Robust-Rail-NL/mathematical-models/scenarios_solver_types_120/scenario_solver_33_trains_5_units27.json","Cost of next node: Cost = 310.0 : 391.32 | cr=7, dd=0, da=0, tlv=16, sm=66, rd=74.55, cd=0, um=0","Time elapsed: 38.06 seconds","/home/thomasverwaal/Robust-Rail-NL/mathematical-models/local_search_plans_discreet_120/plan_33_trains_5_units27.json"
"/home/thomasverwaal/Robust-Rail-NL/mathematical-models/scenarios_solver_types_120/scenario_solver_33_trains_5_units27.json","Cost of next node: Cost = 295.0 : 371.32 | cr=7, dd=0, da=0, tlv=15, sm=66, rd=76.36, cd=0, um=0","Time elapsed: 40.18 seconds","/home/thomasverwaal/Robust-Rail-NL/mathematical-models/local_search_plans_discreet_120/plan_33_trains_5_units27.json"
"/home/thomasverwaal/Robust-Rail-NL/mathematical-models/scenarios_solver_types_120/scenario_solver_33_trains_5_units27.json","Cost of next node: Cost = 285.0 : 361.34 | cr=6, dd=0, da=0, tlv=15, sm=67, rd=77.01, cd=0, um=0","Time elapsed: 41.91 seconds","/home/thomasverwaal/Robust-Rail-NL/mathematical-models/local_search_plans_discreet_120/plan_33_trains_5_units27.json"
"/home/thomasverwaal/Robust-Rail-NL/mathematical-models/scenarios_solver_types_120/scenario_solver_33_trains_5_units27.json","Cost of next node: Cost = 275.0 : 351.36 | cr=5, dd=0, da=0, tlv=15, sm=68, rd=77.65, cd=0, um=0","Time elapsed: 54.19 seconds","/home/thomasverwaal/Robust-Rail-NL/mathematical-models/local_search_plans_discreet_120/plan_33_trains_5_units27.json"
"/home/thomasverwaal/Robust-Rail-NL/mathematical-models/scenarios_solver_types_120/scenario_solver_33_trains_5_units27.json","Cost of next node: Cost = 265.0 : 341.36 | cr=4, dd=0, da=0, tlv=15, sm=68, rd=79.41, cd=0, um=0","Time elapsed: 56.12 seconds","/home/thomasverwaal/Robust-Rail-NL/mathematical-models/local_search_plans_discreet_120/plan_33_trains_5_units27.json"
"/home/thomasverwaal/Robust-Rail-NL/mathematical-models/scenarios_solver_types_120/scenario_solver_33_trains_5_units27.json","Cost of next node: Cost = 255.0 : 331.36 | cr=3, dd=0, da=0, tlv=15, sm=68, rd=79.41, cd=0, um=0","Time elapsed: 115.73 seconds","/home/thomasverwaal/Robust-Rail-NL/mathematical-models/local_search_plans_discreet_120/plan_33_trains_5_units27.json"
"/home/thomasverwaal/Robust-Rail-NL/mathematical-models/scenarios_solver_types_120/scenario_solver_33_trains_5_units27.json","Cost of next node: Cost = 245.0 : 321.36 | cr=2, dd=0, da=0, tlv=15, sm=68, rd=79.41, cd=0, um=0","Time elapsed: 171.74 seconds","/home/thomasverwaal/Robust-Rail-NL/mathematical-models/local_search_plans_discreet_120/plan_33_trains_5_units27.json"
"/home/thomasverwaal/Robust-Rail-NL/mathematical-models/scenarios_solver_types_120/scenario_solver_33_trains_5_units27.json","Cost of next node: Cost = 235.0 : 311.36 | cr=1, dd=0, da=0, tlv=15, sm=68, rd=79.41, cd=0, um=0","Time elapsed: 184.07 seconds","/home/thomasverwaal/Robust-Rail-NL/mathematical-models/local_search_plans_discreet_120/plan_33_trains_5_units27.json"
"/home/thomasverwaal/Robust-Rail-NL/mathematical-models/scenarios_solver_types_120/scenario_solver_33_trains_5_units27.json","NO_COST_FOUND","NO_TIME_FOUND","NO_PLAN_CREATED"
