scenario,cost_line,time_line,plan_file
"/home/thomasverwaal/Robust-Rail-NL/mathematical-models/scenarios_solver_types_120/scenario_solver_32_trains_1_units28.json","Cost of next node: Cost = 2,738.3 : 2,739.54 | cr=41, dd=32, da=30, tlv=0, sm=64, rd=180.00, cd=0, um=0","Time elapsed: 5.25 seconds","/home/thomasverwaal/Robust-Rail-NL/mathematical-models/local_search_plans_discreet_120/plan_32_trains_1_units28.json"
"/home/thomasverwaal/Robust-Rail-NL/mathematical-models/scenarios_solver_types_120/scenario_solver_32_trains_1_units28.json","Cost of next node: Cost = 2,710.9 : 2,712.17 | cr=39, dd=32, da=30, tlv=0, sm=64, rd=178.12, cd=0, um=0","Time elapsed: 5.49 seconds","/home/thomasverwaal/Robust-Rail-NL/mathematical-models/local_search_plans_discreet_120/plan_32_trains_1_units28.json"
"/home/thomasverwaal/Robust-Rail-NL/mathematical-models/scenarios_solver_types_120/scenario_solver_32_trains_1_units28.json","Cost of next node: Cost = 2,690.4 : 2,691.72 | cr=37, dd=32, da=30, tlv=0, sm=64, rd=178.12, cd=0, um=0","Time elapsed: 5.84 seconds","/home/thomasverwaal/Robust-Rail-NL/mathematical-models/local_search_plans_discreet_120/plan_32_trains_1_units28.json"
"/home/thomasverwaal/Robust-Rail-NL/mathematical-models/scenarios_solver_types_120/scenario_solver_32_trains_1_units28.json","Cost of next node: Cost = 2,669.7 : 2,670.99 | cr=35, dd=32, da=30, tlv=0, sm=64, rd=178.12, cd=0, um=0","Time elapsed: 6.24 seconds","/home/thomasverwaal/Robust-Rail-NL/mathematical-models/local_search_plans_discreet_120/plan_32_trains_1_units28.json"
"/home/thomasverwaal/Robust-Rail-NL/mathematical-models/scenarios_solver_types_120/scenario_solver_32_trains_1_units28.json","Cost of next node: Cost = 2,635.3 : 2,641.55 | cr=36, dd=32, da=28, tlv=1, sm=64, rd=175.31, cd=0, um=0","Time elapsed: 6.54 seconds","/home/thomasverwaal/Robust-Rail-NL/mathematical-models/local_search_plans_discreet_120/plan_32_trains_1_units28.json"
"/home/thomasverwaal/Robust-Rail-NL/mathematical-models/scenarios_solver_types_120/scenario_solver_32_trains_1_units28.json","Cost of next node: Cost = 2,607.5 : 2,608.74 | cr=35, dd=32, da=28, tlv=0, sm=64, rd=173.44, cd=0, um=0","Time elapsed: 6.96 seconds","/home/thomasverwaal/Robust-Rail-NL/mathematical-models/local_search_plans_discreet_120/plan_32_trains_1_units28.json"
"/home/thomasverwaal/Robust-Rail-NL/mathematical-models/scenarios_solver_types_120/scenario_solver_32_trains_1_units28.json","Cost of next node: Cost = 2,551.2 : 2,552.48 | cr=36, dd=32, da=25, tlv=0, sm=64, rd=166.88, cd=0, um=0","Time elapsed: 7.24 seconds","/home/thomasverwaal/Robust-Rail-NL/mathematical-models/local_search_plans_discreet_120/plan_32_trains_1_units28.json"
"/home/thomasverwaal/Robust-Rail-NL/mathematical-models/scenarios_solver_types_120/scenario_solver_32_trains_1_units28.json","Cost of next node: Cost = 2,440.3 : 2,446.55 | cr=33, dd=32, da=20, tlv=1, sm=64, rd=164.06, cd=0, um=0","Time elapsed: 7.54 seconds","/home/thomasverwaal/Robust-Rail-NL/mathematical-models/local_search_plans_discreet_120/plan_32_trains_1_units28.json"
"/home/thomasverwaal/Robust-Rail-NL/mathematical-models/scenarios_solver_types_120/scenario_solver_32_trains_1_units28.json","Cost of next node: Cost = 2,420.0 : 2,426.27 | cr=31, dd=32, da=20, tlv=1, sm=64, rd=164.06, cd=0, um=0","Time elapsed: 7.58 seconds","/home/thomasverwaal/Robust-Rail-NL/mathematical-models/local_search_plans_discreet_120/plan_32_trains_1_units28.json"
"/home/thomasverwaal/Robust-Rail-NL/mathematical-models/scenarios_solver_types_120/scenario_solver_32_trains_1_units28.json","Cost of next node: Cost = 2,344.5 : 2,355.80 | cr=34, dd=32, da=14, tlv=2, sm=64, rd=159.38, cd=0, um=0","Time elapsed: 7.92 seconds","/home/thomasverwaal/Robust-Rail-NL/mathematical-models/local_search_plans_discreet_120/plan_32_trains_1_units28.json"
"/home/thomasverwaal/Robust-Rail-NL/mathematical-models/scenarios_solver_types_120/scenario_solver_32_trains_1_units28.json","Cost of next node: Cost = 2,300.0 : 2,316.31 | cr=34, dd=32, da=11, tlv=3, sm=64, rd=155.62, cd=0, um=0","Time elapsed: 8.18 seconds","/home/thomasverwaal/Robust-Rail-NL/mathematical-models/local_search_plans_discreet_120/plan_32_trains_1_units28.json"
"/home/thomasverwaal/Robust-Rail-NL/mathematical-models/scenarios_solver_types_120/scenario_solver_32_trains_1_units28.json","Cost of next node: Cost = 2,279.7 : 2,296.02 | cr=33, dd=32, da=11, tlv=3, sm=64, rd=153.75, cd=0, um=0","Time elapsed: 8.61 seconds","/home/thomasverwaal/Robust-Rail-NL/mathematical-models/local_search_plans_discreet_120/plan_32_trains_1_units28.json"
"/home/thomasverwaal/Robust-Rail-NL/mathematical-models/scenarios_solver_types_120/scenario_solver_32_trains_1_units28.json","Cost of next node: Cost = 2,252.0 : 2,273.30 | cr=27, dd=32, da=12, tlv=4, sm=64, rd=155.62, cd=0, um=0","Time elapsed: 9.10 seconds","/home/thomasverwaal/Robust-Rail-NL/mathematical-models/local_search_plans_discreet_120/plan_32_trains_1_units28.json"
"/home/thomasverwaal/Robust-Rail-NL/mathematical-models/scenarios_solver_types_120/scenario_solver_32_trains_1_units28.json","Cost of next node: Cost = 2,226.8 : 2,253.05 | cr=27, dd=32, da=10, tlv=5, sm=64, rd=150.00, cd=0, um=0","Time elapsed: 9.85 seconds","/home/thomasverwaal/Robust-Rail-NL/mathematical-models/local_search_plans_discreet_120/plan_32_trains_1_units28.json"
"/home/thomasverwaal/Robust-Rail-NL/mathematical-models/scenarios_solver_types_120/scenario_solver_32_trains_1_units28.json","Cost of next node: Cost = 2,181.8 : 2,213.05 | cr=21, dd=32, da=10, tlv=6, sm=64, rd=150.00, cd=0, um=0","Time elapsed: 10.27 seconds","/home/thomasverwaal/Robust-Rail-NL/mathematical-models/local_search_plans_discreet_120/plan_32_trains_1_units28.json"
"/home/thomasverwaal/Robust-Rail-NL/mathematical-models/scenarios_solver_types_120/scenario_solver_32_trains_1_units28.json","Cost of next node: Cost = 2,146.7 : 2,182.95 | cr=18, dd=32, da=10, tlv=7, sm=64, rd=140.62, cd=0, um=0","Time elapsed: 10.85 seconds","/home/thomasverwaal/Robust-Rail-NL/mathematical-models/local_search_plans_discreet_120/plan_32_trains_1_units28.json"
"/home/thomasverwaal/Robust-Rail-NL/mathematical-models/scenarios_solver_types_120/scenario_solver_32_trains_1_units28.json","Cost of next node: Cost = 2,123.3 : 2,164.57 | cr=17, dd=32, da=9, tlv=8, sm=64, rd=135.00, cd=0, um=0","Time elapsed: 11.28 seconds","/home/thomasverwaal/Robust-Rail-NL/mathematical-models/local_search_plans_discreet_120/plan_32_trains_1_units28.json"
"/home/thomasverwaal/Robust-Rail-NL/mathematical-models/scenarios_solver_types_120/scenario_solver_32_trains_1_units28.json","Cost of next node: Cost = 2,055.4 : 2,101.69 | cr=18, dd=31, da=8, tlv=9, sm=64, rd=127.50, cd=0, um=0","Time elapsed: 11.80 seconds","/home/thomasverwaal/Robust-Rail-NL/mathematical-models/local_search_plans_discreet_120/plan_32_trains_1_units28.json"
"/home/thomasverwaal/Robust-Rail-NL/mathematical-models/scenarios_solver_types_120/scenario_solver_32_trains_1_units28.json","Cost of next node: Cost = 2,005.7 : 2,051.98 | cr=18, dd=30, da=8, tlv=9, sm=64, rd=127.50, cd=0, um=0","Time elapsed: 12.08 seconds","/home/thomasverwaal/Robust-Rail-NL/mathematical-models/local_search_plans_discreet_120/plan_32_trains_1_units28.json"
"/home/thomasverwaal/Robust-Rail-NL/mathematical-models/scenarios_solver_types_120/scenario_solver_32_trains_1_units28.json","Cost of next node: Cost = 1,956.3 : 2,002.58 | cr=18, dd=29, da=8, tlv=9, sm=64, rd=127.50, cd=0, um=0","Time elapsed: 12.31 seconds","/home/thomasverwaal/Robust-Rail-NL/mathematical-models/local_search_plans_discreet_120/plan_32_trains_1_units28.json"
"/home/thomasverwaal/Robust-Rail-NL/mathematical-models/scenarios_solver_types_120/scenario_solver_32_trains_1_units28.json","Cost of next node: Cost = 1,900.3 : 1,946.62 | cr=23, dd=27, da=8, tlv=9, sm=64, rd=125.62, cd=0, um=0","Time elapsed: 12.65 seconds","/home/thomasverwaal/Robust-Rail-NL/mathematical-models/local_search_plans_discreet_120/plan_32_trains_1_units28.json"
"/home/thomasverwaal/Robust-Rail-NL/mathematical-models/scenarios_solver_types_120/scenario_solver_32_trains_1_units28.json","Cost of next node: Cost = 1,800.0 : 1,846.31 | cr=23, dd=25, da=8, tlv=9, sm=64, rd=125.62, cd=0, um=0","Time elapsed: 12.80 seconds","/home/thomasverwaal/Robust-Rail-NL/mathematical-models/local_search_plans_discreet_120/plan_32_trains_1_units28.json"
"/home/thomasverwaal/Robust-Rail-NL/mathematical-models/scenarios_solver_types_120/scenario_solver_32_trains_1_units28.json","Cost of next node: Cost = 1,759.6 : 1,805.84 | cr=24, dd=24, da=8, tlv=9, sm=64, rd=125.62, cd=0, um=0","Time elapsed: 13.08 seconds","/home/thomasverwaal/Robust-Rail-NL/mathematical-models/local_search_plans_discreet_120/plan_32_trains_1_units28.json"
"/home/thomasverwaal/Robust-Rail-NL/mathematical-models/scenarios_solver_types_120/scenario_solver_32_trains_1_units28.json","Cost of next node: Cost = 1,709.5 : 1,755.83 | cr=24, dd=23, da=8, tlv=9, sm=64, rd=125.62, cd=0, um=0","Time elapsed: 13.40 seconds","/home/thomasverwaal/Robust-Rail-NL/mathematical-models/local_search_plans_discreet_120/plan_32_trains_1_units28.json"
"/home/thomasverwaal/Robust-Rail-NL/mathematical-models/scenarios_solver_types_120/scenario_solver_32_trains_1_units28.json","Cost of next node: Cost = 1,610.6 : 1,656.90 | cr=24, dd=21, da=8, tlv=9, sm=64, rd=125.62, cd=0, um=0","Time elapsed: 13.51 seconds","/home/thomasverwaal/Robust-Rail-NL/mathematical-models/local_search_plans_discreet_120/plan_32_trains_1_units28.json"
"/home/thomasverwaal/Robust-Rail-NL/mathematical-models/scenarios_solver_types_120/scenario_solver_32_trains_1_units28.json","Cost of next node: Cost = 1,561.4 : 1,607.65 | cr=24, dd=20, da=8, tlv=9, sm=64, rd=125.62, cd=0, um=0","Time elapsed: 13.61 seconds","/home/thomasverwaal/Robust-Rail-NL/mathematical-models/local_search_plans_discreet_120/plan_32_trains_1_units28.json"
"/home/thomasverwaal/Robust-Rail-NL/mathematical-models/scenarios_solver_types_120/scenario_solver_32_trains_1_units28.json","Cost of next node: Cost = 1,370.8 : 1,422.08 | cr=23, dd=17, da=6, tlv=10, sm=64, rd=120.00, cd=0, um=0","Time elapsed: 13.85 seconds","/home/thomasverwaal/Robust-Rail-NL/mathematical-models/local_search_plans_discreet_120/plan_32_trains_1_units28.json"
"/home/thomasverwaal/Robust-Rail-NL/mathematical-models/scenarios_solver_types_120/scenario_solver_32_trains_1_units28.json","Cost of next node: Cost = 1,320.9 : 1,372.15 | cr=23, dd=16, da=6, tlv=10, sm=64, rd=120.00, cd=0, um=0","Time elapsed: 13.92 seconds","/home/thomasverwaal/Robust-Rail-NL/mathematical-models/local_search_plans_discreet_120/plan_32_trains_1_units28.json"
"/home/thomasverwaal/Robust-Rail-NL/mathematical-models/scenarios_solver_types_120/scenario_solver_32_trains_1_units28.json","Cost of next node: Cost = 1,280.8 : 1,332.03 | cr=24, dd=15, da=6, tlv=10, sm=64, rd=120.00, cd=0, um=0","Time elapsed: 14.10 seconds","/home/thomasverwaal/Robust-Rail-NL/mathematical-models/local_search_plans_discreet_120/plan_32_trains_1_units28.json"
"/home/thomasverwaal/Robust-Rail-NL/mathematical-models/scenarios_solver_types_120/scenario_solver_32_trains_1_units28.json","Cost of next node: Cost = 1,250.2 : 1,301.52 | cr=21, dd=15, da=6, tlv=10, sm=64, rd=118.12, cd=0, um=0","Time elapsed: 14.51 seconds","/home/thomasverwaal/Robust-Rail-NL/mathematical-models/local_search_plans_discreet_120/plan_32_trains_1_units28.json"
"/home/thomasverwaal/Robust-Rail-NL/mathematical-models/scenarios_solver_types_120/scenario_solver_32_trains_1_units28.json","Cost of next node: Cost = 1,174.5 : 1,230.80 | cr=21, dd=14, da=4, tlv=11, sm=64, rd=112.50, cd=0, um=0","Time elapsed: 14.79 seconds","/home/thomasverwaal/Robust-Rail-NL/mathematical-models/local_search_plans_discreet_120/plan_32_trains_1_units28.json"
"/home/thomasverwaal/Robust-Rail-NL/mathematical-models/scenarios_solver_types_120/scenario_solver_32_trains_1_units28.json","Cost of next node: Cost = 956.1 : 1,017.34 | cr=20, dd=10, da=3, tlv=12, sm=64, rd=106.88, cd=0, um=0","Time elapsed: 15.08 seconds","/home/thomasverwaal/Robust-Rail-NL/mathematical-models/local_search_plans_discreet_120/plan_32_trains_1_units28.json"
"/home/thomasverwaal/Robust-Rail-NL/mathematical-models/scenarios_solver_types_120/scenario_solver_32_trains_1_units28.json","Cost of next node: Cost = 926.1 : 987.34 | cr=17, dd=10, da=3, tlv=12, sm=64, rd=106.88, cd=0, um=0","Time elapsed: 15.16 seconds","/home/thomasverwaal/Robust-Rail-NL/mathematical-models/local_search_plans_discreet_120/plan_32_trains_1_units28.json"
"/home/thomasverwaal/Robust-Rail-NL/mathematical-models/scenarios_solver_types_120/scenario_solver_32_trains_1_units28.json","Cost of next node: Cost = 869.7 : 935.98 | cr=17, dd=9, da=2, tlv=13, sm=64, rd=103.12, cd=0, um=0","Time elapsed: 15.61 seconds","/home/thomasverwaal/Robust-Rail-NL/mathematical-models/local_search_plans_discreet_120/plan_32_trains_1_units28.json"
"/home/thomasverwaal/Robust-Rail-NL/mathematical-models/scenarios_solver_types_120/scenario_solver_32_trains_1_units28.json","Cost of next node: Cost = 782.1 : 853.43 | cr=19, dd=7, da=1, tlv=14, sm=64, rd=100.31, cd=0, um=0","Time elapsed: 15.99 seconds","/home/thomasverwaal/Robust-Rail-NL/mathematical-models/local_search_plans_discreet_120/plan_32_trains_1_units28.json"
"/home/thomasverwaal/Robust-Rail-NL/mathematical-models/scenarios_solver_types_120/scenario_solver_32_trains_1_units28.json","Cost of next node: Cost = 649.4 : 720.68 | cr=16, dd=5, da=1, tlv=14, sm=64, rd=95.62, cd=0, um=0","Time elapsed: 16.11 seconds","/home/thomasverwaal/Robust-Rail-NL/mathematical-models/local_search_plans_discreet_120/plan_32_trains_1_units28.json"
"/home/thomasverwaal/Robust-Rail-NL/mathematical-models/scenarios_solver_types_120/scenario_solver_32_trains_1_units28.json","Cost of next node: Cost = 628.5 : 699.78 | cr=16, dd=5, da=0, tlv=14, sm=64, rd=91.88, cd=0, um=0","Time elapsed: 16.57 seconds","/home/thomasverwaal/Robust-Rail-NL/mathematical-models/local_search_plans_discreet_120/plan_32_trains_1_units28.json"
"/home/thomasverwaal/Robust-Rail-NL/mathematical-models/scenarios_solver_types_120/scenario_solver_32_trains_1_units28.json","Cost of next node: Cost = 603.5 : 669.78 | cr=15, dd=5, da=0, tlv=13, sm=64, rd=93.75, cd=0, um=0","Time elapsed: 16.74 seconds","/home/thomasverwaal/Robust-Rail-NL/mathematical-models/local_search_plans_discreet_120/plan_32_trains_1_units28.json"
"/home/thomasverwaal/Robust-Rail-NL/mathematical-models/scenarios_solver_types_120/scenario_solver_32_trains_1_units28.json","Cost of next node: Cost = 549.0 : 620.28 | cr=18, dd=3, da=0, tlv=14, sm=64, rd=87.19, cd=0, um=0","Time elapsed: 17.06 seconds","/home/thomasverwaal/Robust-Rail-NL/mathematical-models/local_search_plans_discreet_120/plan_32_trains_1_units28.json"
"/home/thomasverwaal/Robust-Rail-NL/mathematical-models/scenarios_solver_types_120/scenario_solver_32_trains_1_units28.json","Cost of next node: Cost = 499.0 : 570.28 | cr=13, dd=3, da=0, tlv=14, sm=64, rd=87.19, cd=0, um=0","Time elapsed: 17.32 seconds","/home/thomasverwaal/Robust-Rail-NL/mathematical-models/local_search_plans_discreet_120/plan_32_trains_1_units28.json"
"/home/thomasverwaal/Robust-Rail-NL/mathematical-models/scenarios_solver_types_120/scenario_solver_32_trains_1_units28.json","Cost of next node: Cost = 355.0 : 431.28 | cr=13, dd=0, da=0, tlv=15, sm=64, rd=82.50, cd=0, um=0","Time elapsed: 17.60 seconds","/home/thomasverwaal/Robust-Rail-NL/mathematical-models/local_search_plans_discreet_120/plan_32_trains_1_units28.json"
"/home/thomasverwaal/Robust-Rail-NL/mathematical-models/scenarios_solver_types_120/scenario_solver_32_trains_1_units28.json","Cost of next node: Cost = 335.0 : 411.28 | cr=11, dd=0, da=0, tlv=15, sm=64, rd=82.50, cd=0, um=0","Time elapsed: 21.68 seconds","/home/thomasverwaal/Robust-Rail-NL/mathematical-models/local_search_plans_discreet_120/plan_32_trains_1_units28.json"
"/home/thomasverwaal/Robust-Rail-NL/mathematical-models/scenarios_solver_types_120/scenario_solver_32_trains_1_units28.json","Cost of next node: Cost = 320.0 : 391.28 | cr=11, dd=0, da=0, tlv=14, sm=64, rd=84.38, cd=0, um=0","Time elapsed: 25.34 seconds","/home/thomasverwaal/Robust-Rail-NL/mathematical-models/local_search_plans_discreet_120/plan_32_trains_1_units28.json"
"/home/thomasverwaal/Robust-Rail-NL/mathematical-models/scenarios_solver_types_120/scenario_solver_32_trains_1_units28.json","Cost of next node: Cost = 310.0 : 381.28 | cr=10, dd=0, da=0, tlv=14, sm=64, rd=84.38, cd=0, um=0","Time elapsed: 28.69 seconds","/home/thomasverwaal/Robust-Rail-NL/mathematical-models/local_search_plans_discreet_120/plan_32_trains_1_units28.json"
"/home/thomasverwaal/Robust-Rail-NL/mathematical-models/scenarios_solver_types_120/scenario_solver_32_trains_1_units28.json","Cost of next node: Cost = 300.0 : 371.28 | cr=9, dd=0, da=0, tlv=14, sm=64, rd=84.38, cd=0, um=0","Time elapsed: 32.03 seconds","/home/thomasverwaal/Robust-Rail-NL/mathematical-models/local_search_plans_discreet_120/plan_32_trains_1_units28.json"
"/home/thomasverwaal/Robust-Rail-NL/mathematical-models/scenarios_solver_types_120/scenario_solver_32_trains_1_units28.json","Cost of next node: Cost = 290.0 : 361.28 | cr=8, dd=0, da=0, tlv=14, sm=64, rd=84.38, cd=0, um=0","Time elapsed: 35.25 seconds","/home/thomasverwaal/Robust-Rail-NL/mathematical-models/local_search_plans_discreet_120/plan_32_trains_1_units28.json"
"/home/thomasverwaal/Robust-Rail-NL/mathematical-models/scenarios_solver_types_120/scenario_solver_32_trains_1_units28.json","Cost of next node: Cost = 280.0 : 351.28 | cr=7, dd=0, da=0, tlv=14, sm=64, rd=84.38, cd=0, um=0","Time elapsed: 38.28 seconds","/home/thomasverwaal/Robust-Rail-NL/mathematical-models/local_search_plans_discreet_120/plan_32_trains_1_units28.json"
"/home/thomasverwaal/Robust-Rail-NL/mathematical-models/scenarios_solver_types_120/scenario_solver_32_trains_1_units28.json","Cost of next node: Cost = 270.0 : 341.28 | cr=6, dd=0, da=0, tlv=14, sm=64, rd=84.38, cd=0, um=0","Time elapsed: 40.72 seconds","/home/thomasverwaal/Robust-Rail-NL/mathematical-models/local_search_plans_discreet_120/plan_32_trains_1_units28.json"
"/home/thomasverwaal/Robust-Rail-NL/mathematical-models/scenarios_solver_types_120/scenario_solver_32_trains_1_units28.json","Cost of next node: Cost = 260.0 : 331.28 | cr=5, dd=0, da=0, tlv=14, sm=64, rd=86.25, cd=0, um=0","Time elapsed: 42.85 seconds","/home/thomasverwaal/Robust-Rail-NL/mathematical-models/local_search_plans_discreet_120/plan_32_trains_1_units28.json"
"/home/thomasverwaal/Robust-Rail-NL/mathematical-models/scenarios_solver_types_120/scenario_solver_32_trains_1_units28.json","Cost of next node: Cost = 250.0 : 321.28 | cr=4, dd=0, da=0, tlv=14, sm=64, rd=86.25, cd=0, um=0","Time elapsed: 45.05 seconds","/home/thomasverwaal/Robust-Rail-NL/mathematical-models/local_search_plans_discreet_120/plan_32_trains_1_units28.json"
"/home/thomasverwaal/Robust-Rail-NL/mathematical-models/scenarios_solver_types_120/scenario_solver_32_trains_1_units28.json","Cost of next node: Cost = 240.0 : 311.28 | cr=3, dd=0, da=0, tlv=14, sm=64, rd=86.25, cd=0, um=0","Time elapsed: 46.96 seconds","/home/thomasverwaal/Robust-Rail-NL/mathematical-models/local_search_plans_discreet_120/plan_32_trains_1_units28.json"
"/home/thomasverwaal/Robust-Rail-NL/mathematical-models/scenarios_solver_types_120/scenario_solver_32_trains_1_units28.json","Cost of next node: Cost = 230.0 : 301.28 | cr=2, dd=0, da=0, tlv=14, sm=64, rd=86.25, cd=0, um=0","Time elapsed: 48.49 seconds","/home/thomasverwaal/Robust-Rail-NL/mathematical-models/local_search_plans_discreet_120/plan_32_trains_1_units28.json"
"/home/thomasverwaal/Robust-Rail-NL/mathematical-models/scenarios_solver_types_120/scenario_solver_32_trains_1_units28.json","Cost of next node: Cost = 220.0 : 291.28 | cr=1, dd=0, da=0, tlv=14, sm=64, rd=86.25, cd=0, um=0","Time elapsed: 49.72 seconds","/home/thomasverwaal/Robust-Rail-NL/mathematical-models/local_search_plans_discreet_120/plan_32_trains_1_units28.json"
"/home/thomasverwaal/Robust-Rail-NL/mathematical-models/scenarios_solver_types_120/scenario_solver_32_trains_1_units28.json","Cost of next node: Cost = 210.0 : 281.28 | cr=0, dd=0, da=0, tlv=14, sm=64, rd=84.38, cd=0, um=0","Time elapsed: 64.25 seconds","/home/thomasverwaal/Robust-Rail-NL/mathematical-models/local_search_plans_discreet_120/plan_32_trains_1_units28.json"
"/home/thomasverwaal/Robust-Rail-NL/mathematical-models/scenarios_solver_types_120/scenario_solver_32_trains_1_units28.json","Cost of next node: Cost = 195.0 : 261.30 | cr=0, dd=0, da=0, tlv=13, sm=65, rd=86.77, cd=0, um=0","Time elapsed: 111.59 seconds","/home/thomasverwaal/Robust-Rail-NL/mathematical-models/local_search_plans_discreet_120/plan_32_trains_1_units28.json"
"/home/thomasverwaal/Robust-Rail-NL/mathematical-models/scenarios_solver_types_120/scenario_solver_32_trains_1_units28.json","NO_COST_FOUND","NO_TIME_FOUND","NO_PLAN_CREATED"
"/home/thomasverwaal/Robust-Rail-NL/mathematical-models/scenarios_solver_types_120/scenario_solver_32_trains_1_units29.json","Cost of next node: Cost = 2,744.3 : 2,745.55 | cr=41, dd=32, da=30, tlv=0, sm=64, rd=180.00, cd=0, um=0","Time elapsed: 4.44 seconds","/home/thomasverwaal/Robust-Rail-NL/mathematical-models/local_search_plans_discreet_120/plan_32_trains_1_units29.json"
"/home/thomasverwaal/Robust-Rail-NL/mathematical-models/scenarios_solver_types_120/scenario_solver_32_trains_1_units29.json","Cost of next node: Cost = 2,716.9 : 2,718.19 | cr=39, dd=32, da=30, tlv=0, sm=64, rd=178.12, cd=0, um=0","Time elapsed: 4.65 seconds","/home/thomasverwaal/Robust-Rail-NL/mathematical-models/local_search_plans_discreet_120/plan_32_trains_1_units29.json"
"/home/thomasverwaal/Robust-Rail-NL/mathematical-models/scenarios_solver_types_120/scenario_solver_32_trains_1_units29.json","Cost of next node: Cost = 2,696.5 : 2,697.73 | cr=37, dd=32, da=30, tlv=0, sm=64, rd=178.12, cd=0, um=0","Time elapsed: 4.96 seconds","/home/thomasverwaal/Robust-Rail-NL/mathematical-models/local_search_plans_discreet_120/plan_32_trains_1_units29.json"
"/home/thomasverwaal/Robust-Rail-NL/mathematical-models/scenarios_solver_types_120/scenario_solver_32_trains_1_units29.json","Cost of next node: Cost = 2,675.7 : 2,677.01 | cr=35, dd=32, da=30, tlv=0, sm=64, rd=178.12, cd=0, um=0","Time elapsed: 5.29 seconds","/home/thomasverwaal/Robust-Rail-NL/mathematical-models/local_search_plans_discreet_120/plan_32_trains_1_units29.json"
"/home/thomasverwaal/Robust-Rail-NL/mathematical-models/scenarios_solver_types_120/scenario_solver_32_trains_1_units29.json","Cost of next node: Cost = 2,641.3 : 2,647.54 | cr=36, dd=32, da=28, tlv=1, sm=64, rd=175.31, cd=0, um=0","Time elapsed: 5.57 seconds","/home/thomasverwaal/Robust-Rail-NL/mathematical-models/local_search_plans_discreet_120/plan_32_trains_1_units29.json"
"/home/thomasverwaal/Robust-Rail-NL/mathematical-models/scenarios_solver_types_120/scenario_solver_32_trains_1_units29.json","Cost of next node: Cost = 2,613.4 : 2,614.73 | cr=35, dd=32, da=28, tlv=0, sm=64, rd=173.44, cd=0, um=0","Time elapsed: 5.86 seconds","/home/thomasverwaal/Robust-Rail-NL/mathematical-models/local_search_plans_discreet_120/plan_32_trains_1_units29.json"
"/home/thomasverwaal/Robust-Rail-NL/mathematical-models/scenarios_solver_types_120/scenario_solver_32_trains_1_units29.json","Cost of next node: Cost = 2,457.7 : 2,459.01 | cr=36, dd=32, da=20, tlv=0, sm=64, rd=166.88, cd=0, um=0","Time elapsed: 6.12 seconds","/home/thomasverwaal/Robust-Rail-NL/mathematical-models/local_search_plans_discreet_120/plan_32_trains_1_units29.json"
"/home/thomasverwaal/Robust-Rail-NL/mathematical-models/scenarios_solver_types_120/scenario_solver_32_trains_1_units29.json","Cost of next node: Cost = 2,348.9 : 2,355.14 | cr=33, dd=32, da=15, tlv=1, sm=64, rd=164.06, cd=0, um=0","Time elapsed: 6.40 seconds","/home/thomasverwaal/Robust-Rail-NL/mathematical-models/local_search_plans_discreet_120/plan_32_trains_1_units29.json"
"/home/thomasverwaal/Robust-Rail-NL/mathematical-models/scenarios_solver_types_120/scenario_solver_32_trains_1_units29.json","Cost of next node: Cost = 2,328.6 : 2,334.87 | cr=31, dd=32, da=15, tlv=1, sm=64, rd=164.06, cd=0, um=0","Time elapsed: 6.44 seconds","/home/thomasverwaal/Robust-Rail-NL/mathematical-models/local_search_plans_discreet_120/plan_32_trains_1_units29.json"
"/home/thomasverwaal/Robust-Rail-NL/mathematical-models/scenarios_solver_types_120/scenario_solver_32_trains_1_units29.json","Cost of next node: Cost = 2,303.2 : 2,314.44 | cr=31, dd=32, da=13, tlv=2, sm=64, rd=162.19, cd=0, um=0","Time elapsed: 6.79 seconds","/home/thomasverwaal/Robust-Rail-NL/mathematical-models/local_search_plans_discreet_120/plan_32_trains_1_units29.json"
"/home/thomasverwaal/Robust-Rail-NL/mathematical-models/scenarios_solver_types_120/scenario_solver_32_trains_1_units29.json","Cost of next node: Cost = 2,277.1 : 2,293.35 | cr=31, dd=32, da=11, tlv=3, sm=64, rd=157.50, cd=0, um=0","Time elapsed: 7.05 seconds","/home/thomasverwaal/Robust-Rail-NL/mathematical-models/local_search_plans_discreet_120/plan_32_trains_1_units29.json"
"/home/thomasverwaal/Robust-Rail-NL/mathematical-models/scenarios_solver_types_120/scenario_solver_32_trains_1_units29.json","Cost of next node: Cost = 2,256.8 : 2,273.06 | cr=30, dd=32, da=11, tlv=3, sm=64, rd=155.62, cd=0, um=0","Time elapsed: 7.42 seconds","/home/thomasverwaal/Robust-Rail-NL/mathematical-models/local_search_plans_discreet_120/plan_32_trains_1_units29.json"
"/home/thomasverwaal/Robust-Rail-NL/mathematical-models/scenarios_solver_types_120/scenario_solver_32_trains_1_units29.json","Cost of next node: Cost = 2,228.5 : 2,249.77 | cr=24, dd=32, da=12, tlv=4, sm=64, rd=157.50, cd=0, um=0","Time elapsed: 7.79 seconds","/home/thomasverwaal/Robust-Rail-NL/mathematical-models/local_search_plans_discreet_120/plan_32_trains_1_units29.json"
"/home/thomasverwaal/Robust-Rail-NL/mathematical-models/scenarios_solver_types_120/scenario_solver_32_trains_1_units29.json","Cost of next node: Cost = 2,201.3 : 2,227.61 | cr=22, dd=32, da=11, tlv=5, sm=64, rd=153.75, cd=0, um=0","Time elapsed: 8.20 seconds","/home/thomasverwaal/Robust-Rail-NL/mathematical-models/local_search_plans_discreet_120/plan_32_trains_1_units29.json"
"/home/thomasverwaal/Robust-Rail-NL/mathematical-models/scenarios_solver_types_120/scenario_solver_32_trains_1_units29.json","Cost of next node: Cost = 2,156.3 : 2,187.61 | cr=16, dd=32, da=11, tlv=6, sm=64, rd=153.75, cd=0, um=0","Time elapsed: 9.12 seconds","/home/thomasverwaal/Robust-Rail-NL/mathematical-models/local_search_plans_discreet_120/plan_32_trains_1_units29.json"
"/home/thomasverwaal/Robust-Rail-NL/mathematical-models/scenarios_solver_types_120/scenario_solver_32_trains_1_units29.json","Cost of next node: Cost = 2,136.3 : 2,167.61 | cr=14, dd=32, da=11, tlv=6, sm=64, rd=153.75, cd=0, um=0","Time elapsed: 9.19 seconds","/home/thomasverwaal/Robust-Rail-NL/mathematical-models/local_search_plans_discreet_120/plan_32_trains_1_units29.json"
"/home/thomasverwaal/Robust-Rail-NL/mathematical-models/scenarios_solver_types_120/scenario_solver_32_trains_1_units29.json","Cost of next node: Cost = 2,105.0 : 2,136.25 | cr=11, dd=32, da=11, tlv=6, sm=64, rd=150.94, cd=0, um=0","Time elapsed: 9.70 seconds","/home/thomasverwaal/Robust-Rail-NL/mathematical-models/local_search_plans_discreet_120/plan_32_trains_1_units29.json"
"/home/thomasverwaal/Robust-Rail-NL/mathematical-models/scenarios_solver_types_120/scenario_solver_32_trains_1_units29.json","Cost of next node: Cost = 2,082.0 : 2,113.28 | cr=10, dd=32, da=11, tlv=6, sm=64, rd=143.44, cd=0, um=0","Time elapsed: 10.22 seconds","/home/thomasverwaal/Robust-Rail-NL/mathematical-models/local_search_plans_discreet_120/plan_32_trains_1_units29.json"
"/home/thomasverwaal/Robust-Rail-NL/mathematical-models/scenarios_solver_types_120/scenario_solver_32_trains_1_units29.json","Cost of next node: Cost = 2,060.1 : 2,096.37 | cr=8, dd=32, da=11, tlv=7, sm=64, rd=137.81, cd=0, um=0","Time elapsed: 10.73 seconds","/home/thomasverwaal/Robust-Rail-NL/mathematical-models/local_search_plans_discreet_120/plan_32_trains_1_units29.json"
"/home/thomasverwaal/Robust-Rail-NL/mathematical-models/scenarios_solver_types_120/scenario_solver_32_trains_1_units29.json","Cost of next node: Cost = 2,004.5 : 2,040.75 | cr=15, dd=30, da=11, tlv=7, sm=64, rd=128.44, cd=0, um=0","Time elapsed: 11.08 seconds","/home/thomasverwaal/Robust-Rail-NL/mathematical-models/local_search_plans_discreet_120/plan_32_trains_1_units29.json"
"/home/thomasverwaal/Robust-Rail-NL/mathematical-models/scenarios_solver_types_120/scenario_solver_32_trains_1_units29.json","Cost of next node: Cost = 1,953.8 : 1,990.08 | cr=15, dd=29, da=11, tlv=7, sm=64, rd=128.44, cd=0, um=0","Time elapsed: 11.18 seconds","/home/thomasverwaal/Robust-Rail-NL/mathematical-models/local_search_plans_discreet_120/plan_32_trains_1_units29.json"
"/home/thomasverwaal/Robust-Rail-NL/mathematical-models/scenarios_solver_types_120/scenario_solver_32_trains_1_units29.json","Cost of next node: Cost = 1,854.9 : 1,891.17 | cr=15, dd=27, da=11, tlv=7, sm=64, rd=128.44, cd=0, um=0","Time elapsed: 11.44 seconds","/home/thomasverwaal/Robust-Rail-NL/mathematical-models/local_search_plans_discreet_120/plan_32_trains_1_units29.json"
"/home/thomasverwaal/Robust-Rail-NL/mathematical-models/scenarios_solver_types_120/scenario_solver_32_trains_1_units29.json","Cost of next node: Cost = 1,815.2 : 1,851.45 | cr=16, dd=26, da=11, tlv=7, sm=64, rd=128.44, cd=0, um=0","Time elapsed: 11.58 seconds","/home/thomasverwaal/Robust-Rail-NL/mathematical-models/local_search_plans_discreet_120/plan_32_trains_1_units29.json"
"/home/thomasverwaal/Robust-Rail-NL/mathematical-models/scenarios_solver_types_120/scenario_solver_32_trains_1_units29.json","Cost of next node: Cost = 1,783.8 : 1,820.13 | cr=18, dd=25, da=11, tlv=7, sm=64, rd=122.81, cd=0, um=0","Time elapsed: 11.65 seconds","/home/thomasverwaal/Robust-Rail-NL/mathematical-models/local_search_plans_discreet_120/plan_32_trains_1_units29.json"
"/home/thomasverwaal/Robust-Rail-NL/mathematical-models/scenarios_solver_types_120/scenario_solver_32_trains_1_units29.json","Cost of next node: Cost = 1,722.8 : 1,759.06 | cr=17, dd=24, da=11, tlv=7, sm=64, rd=122.81, cd=0, um=0","Time elapsed: 11.73 seconds","/home/thomasverwaal/Robust-Rail-NL/mathematical-models/local_search_plans_discreet_120/plan_32_trains_1_units29.json"
"/home/thomasverwaal/Robust-Rail-NL/mathematical-models/scenarios_solver_types_120/scenario_solver_32_trains_1_units29.json","Cost of next node: Cost = 1,610.8 : 1,652.12 | cr=20, dd=21, da=11, tlv=8, sm=64, rd=118.12, cd=0, um=0","Time elapsed: 11.88 seconds","/home/thomasverwaal/Robust-Rail-NL/mathematical-models/local_search_plans_discreet_120/plan_32_trains_1_units29.json"
"/home/thomasverwaal/Robust-Rail-NL/mathematical-models/scenarios_solver_types_120/scenario_solver_32_trains_1_units29.json","Cost of next node: Cost = 1,521.3 : 1,562.58 | cr=21, dd=19, da=11, tlv=8, sm=64, rd=118.12, cd=0, um=0","Time elapsed: 11.95 seconds","/home/thomasverwaal/Robust-Rail-NL/mathematical-models/local_search_plans_discreet_120/plan_32_trains_1_units29.json"
"/home/thomasverwaal/Robust-Rail-NL/mathematical-models/scenarios_solver_types_120/scenario_solver_32_trains_1_units29.json","Cost of next node: Cost = 1,471.6 : 1,512.93 | cr=21, dd=18, da=11, tlv=8, sm=64, rd=118.12, cd=0, um=0","Time elapsed: 11.99 seconds","/home/thomasverwaal/Robust-Rail-NL/mathematical-models/local_search_plans_discreet_120/plan_32_trains_1_units29.json"
"/home/thomasverwaal/Robust-Rail-NL/mathematical-models/scenarios_solver_types_120/scenario_solver_32_trains_1_units29.json","Cost of next node: Cost = 1,429.7 : 1,470.98 | cr=22, dd=17, da=11, tlv=8, sm=64, rd=118.12, cd=0, um=0","Time elapsed: 12.05 seconds","/home/thomasverwaal/Robust-Rail-NL/mathematical-models/local_search_plans_discreet_120/plan_32_trains_1_units29.json"
"/home/thomasverwaal/Robust-Rail-NL/mathematical-models/scenarios_solver_types_120/scenario_solver_32_trains_1_units29.json","Cost of next node: Cost = 1,375.8 : 1,422.08 | cr=22, dd=16, da=10, tlv=9, sm=64, rd=112.50, cd=0, um=0","Time elapsed: 12.28 seconds","/home/thomasverwaal/Robust-Rail-NL/mathematical-models/local_search_plans_discreet_120/plan_32_trains_1_units29.json"
"/home/thomasverwaal/Robust-Rail-NL/mathematical-models/scenarios_solver_types_120/scenario_solver_32_trains_1_units29.json","Cost of next node: Cost = 1,308.6 : 1,359.86 | cr=23, dd=15, da=8, tlv=10, sm=64, rd=108.75, cd=0, um=0","Time elapsed: 12.64 seconds","/home/thomasverwaal/Robust-Rail-NL/mathematical-models/local_search_plans_discreet_120/plan_32_trains_1_units29.json"
"/home/thomasverwaal/Robust-Rail-NL/mathematical-models/scenarios_solver_types_120/scenario_solver_32_trains_1_units29.json","Cost of next node: Cost = 1,278.6 : 1,329.88 | cr=25, dd=14, da=8, tlv=10, sm=64, rd=108.75, cd=0, um=0","Time elapsed: 12.73 seconds","/home/thomasverwaal/Robust-Rail-NL/mathematical-models/local_search_plans_discreet_120/plan_32_trains_1_units29.json"
"/home/thomasverwaal/Robust-Rail-NL/mathematical-models/scenarios_solver_types_120/scenario_solver_32_trains_1_units29.json","Cost of next node: Cost = 1,228.8 : 1,280.12 | cr=25, dd=13, da=8, tlv=10, sm=64, rd=106.88, cd=0, um=0","Time elapsed: 12.95 seconds","/home/thomasverwaal/Robust-Rail-NL/mathematical-models/local_search_plans_discreet_120/plan_32_trains_1_units29.json"
"/home/thomasverwaal/Robust-Rail-NL/mathematical-models/scenarios_solver_types_120/scenario_solver_32_trains_1_units29.json","Cost of next node: Cost = 1,131.3 : 1,187.63 | cr=24, dd=11, da=8, tlv=11, sm=64, rd=103.12, cd=0, um=0","Time elapsed: 13.20 seconds","/home/thomasverwaal/Robust-Rail-NL/mathematical-models/local_search_plans_discreet_120/plan_32_trains_1_units29.json"
"/home/thomasverwaal/Robust-Rail-NL/mathematical-models/scenarios_solver_types_120/scenario_solver_32_trains_1_units29.json","Cost of next node: Cost = 930.0 : 991.32 | cr=22, dd=8, da=6, tlv=12, sm=64, rd=97.50, cd=0, um=0","Time elapsed: 13.55 seconds","/home/thomasverwaal/Robust-Rail-NL/mathematical-models/local_search_plans_discreet_120/plan_32_trains_1_units29.json"
"/home/thomasverwaal/Robust-Rail-NL/mathematical-models/scenarios_solver_types_120/scenario_solver_32_trains_1_units29.json","Cost of next node: Cost = 772.6 : 838.88 | cr=22, dd=5, da=5, tlv=13, sm=64, rd=93.75, cd=0, um=0","Time elapsed: 13.81 seconds","/home/thomasverwaal/Robust-Rail-NL/mathematical-models/local_search_plans_discreet_120/plan_32_trains_1_units29.json"
"/home/thomasverwaal/Robust-Rail-NL/mathematical-models/scenarios_solver_types_120/scenario_solver_32_trains_1_units29.json","Cost of next node: Cost = 742.6 : 808.88 | cr=19, dd=5, da=5, tlv=13, sm=64, rd=93.75, cd=0, um=0","Time elapsed: 13.87 seconds","/home/thomasverwaal/Robust-Rail-NL/mathematical-models/local_search_plans_discreet_120/plan_32_trains_1_units29.json"
"/home/thomasverwaal/Robust-Rail-NL/mathematical-models/scenarios_solver_types_120/scenario_solver_32_trains_1_units29.json","Cost of next node: Cost = 645.9 : 717.16 | cr=20, dd=3, da=4, tlv=14, sm=64, rd=90.00, cd=0, um=0","Time elapsed: 14.15 seconds","/home/thomasverwaal/Robust-Rail-NL/mathematical-models/local_search_plans_discreet_120/plan_32_trains_1_units29.json"
"/home/thomasverwaal/Robust-Rail-NL/mathematical-models/scenarios_solver_types_120/scenario_solver_32_trains_1_units29.json","Cost of next node: Cost = 615.9 : 687.16 | cr=17, dd=3, da=4, tlv=14, sm=64, rd=90.00, cd=0, um=0","Time elapsed: 14.20 seconds","/home/thomasverwaal/Robust-Rail-NL/mathematical-models/local_search_plans_discreet_120/plan_32_trains_1_units29.json"
"/home/thomasverwaal/Robust-Rail-NL/mathematical-models/scenarios_solver_types_120/scenario_solver_32_trains_1_units29.json","Cost of next node: Cost = 581.1 : 647.43 | cr=17, dd=3, da=3, tlv=13, sm=64, rd=90.00, cd=0, um=0","Time elapsed: 14.48 seconds","/home/thomasverwaal/Robust-Rail-NL/mathematical-models/local_search_plans_discreet_120/plan_32_trains_1_units29.json"
"/home/thomasverwaal/Robust-Rail-NL/mathematical-models/scenarios_solver_types_120/scenario_solver_32_trains_1_units29.json","Cost of next node: Cost = 441.8 : 513.08 | cr=19, dd=0, da=2, tlv=14, sm=64, rd=86.25, cd=0, um=0","Time elapsed: 14.93 seconds","/home/thomasverwaal/Robust-Rail-NL/mathematical-models/local_search_plans_discreet_120/plan_32_trains_1_units29.json"
"/home/thomasverwaal/Robust-Rail-NL/mathematical-models/scenarios_solver_types_120/scenario_solver_32_trains_1_units29.json","Cost of next node: Cost = 411.8 : 483.08 | cr=16, dd=0, da=2, tlv=14, sm=64, rd=86.25, cd=0, um=0","Time elapsed: 15.00 seconds","/home/thomasverwaal/Robust-Rail-NL/mathematical-models/local_search_plans_discreet_120/plan_32_trains_1_units29.json"
"/home/thomasverwaal/Robust-Rail-NL/mathematical-models/scenarios_solver_types_120/scenario_solver_32_trains_1_units29.json","Cost of next node: Cost = 391.8 : 463.08 | cr=14, dd=0, da=2, tlv=14, sm=64, rd=86.25, cd=0, um=0","Time elapsed: 17.44 seconds","/home/thomasverwaal/Robust-Rail-NL/mathematical-models/local_search_plans_discreet_120/plan_32_trains_1_units29.json"
"/home/thomasverwaal/Robust-Rail-NL/mathematical-models/scenarios_solver_types_120/scenario_solver_32_trains_1_units29.json","Cost of next node: Cost = 376.8 : 443.08 | cr=14, dd=0, da=2, tlv=13, sm=64, rd=88.12, cd=0, um=0","Time elapsed: 19.75 seconds","/home/thomasverwaal/Robust-Rail-NL/mathematical-models/local_search_plans_discreet_120/plan_32_trains_1_units29.json"
"/home/thomasverwaal/Robust-Rail-NL/mathematical-models/scenarios_solver_types_120/scenario_solver_32_trains_1_units29.json","Cost of next node: Cost = 366.8 : 433.08 | cr=13, dd=0, da=2, tlv=13, sm=64, rd=88.12, cd=0, um=0","Time elapsed: 22.14 seconds","/home/thomasverwaal/Robust-Rail-NL/mathematical-models/local_search_plans_discreet_120/plan_32_trains_1_units29.json"
"/home/thomasverwaal/Robust-Rail-NL/mathematical-models/scenarios_solver_types_120/scenario_solver_32_trains_1_units29.json","Cost of next node: Cost = 356.8 : 423.08 | cr=12, dd=0, da=2, tlv=13, sm=64, rd=88.12, cd=0, um=0","Time elapsed: 24.29 seconds","/home/thomasverwaal/Robust-Rail-NL/mathematical-models/local_search_plans_discreet_120/plan_32_trains_1_units29.json"
"/home/thomasverwaal/Robust-Rail-NL/mathematical-models/scenarios_solver_types_120/scenario_solver_32_trains_1_units29.json","Cost of next node: Cost = 346.8 : 413.08 | cr=11, dd=0, da=2, tlv=13, sm=64, rd=90.00, cd=0, um=0","Time elapsed: 26.58 seconds","/home/thomasverwaal/Robust-Rail-NL/mathematical-models/local_search_plans_discreet_120/plan_32_trains_1_units29.json"
"/home/thomasverwaal/Robust-Rail-NL/mathematical-models/scenarios_solver_types_120/scenario_solver_32_trains_1_units29.json","Cost of next node: Cost = 336.8 : 403.08 | cr=10, dd=0, da=2, tlv=13, sm=64, rd=88.12, cd=0, um=0","Time elapsed: 28.25 seconds","/home/thomasverwaal/Robust-Rail-NL/mathematical-models/local_search_plans_discreet_120/plan_32_trains_1_units29.json"
"/home/thomasverwaal/Robust-Rail-NL/mathematical-models/scenarios_solver_types_120/scenario_solver_32_trains_1_units29.json","Cost of next node: Cost = 326.8 : 393.08 | cr=9, dd=0, da=2, tlv=13, sm=64, rd=88.12, cd=0, um=0","Time elapsed: 29.86 seconds","/home/thomasverwaal/Robust-Rail-NL/mathematical-models/local_search_plans_discreet_120/plan_32_trains_1_units29.json"
"/home/thomasverwaal/Robust-Rail-NL/mathematical-models/scenarios_solver_types_120/scenario_solver_32_trains_1_units29.json","Cost of next node: Cost = 316.8 : 383.08 | cr=8, dd=0, da=2, tlv=13, sm=64, rd=88.12, cd=0, um=0","Time elapsed: 31.50 seconds","/home/thomasverwaal/Robust-Rail-NL/mathematical-models/local_search_plans_discreet_120/plan_32_trains_1_units29.json"
"/home/thomasverwaal/Robust-Rail-NL/mathematical-models/scenarios_solver_types_120/scenario_solver_32_trains_1_units29.json","Cost of next node: Cost = 306.8 : 373.08 | cr=7, dd=0, da=2, tlv=13, sm=64, rd=86.25, cd=0, um=0","Time elapsed: 32.98 seconds","/home/thomasverwaal/Robust-Rail-NL/mathematical-models/local_search_plans_discreet_120/plan_32_trains_1_units29.json"
"/home/thomasverwaal/Robust-Rail-NL/mathematical-models/scenarios_solver_types_120/scenario_solver_32_trains_1_units29.json","Cost of next node: Cost = 300.0 : 371.28 | cr=9, dd=0, da=0, tlv=14, sm=64, rd=80.62, cd=0, um=0","Time elapsed: 34.37 seconds","/home/thomasverwaal/Robust-Rail-NL/mathematical-models/local_search_plans_discreet_120/plan_32_trains_1_units29.json"
"/home/thomasverwaal/Robust-Rail-NL/mathematical-models/scenarios_solver_types_120/scenario_solver_32_trains_1_units29.json","Cost of next node: Cost = 290.0 : 361.28 | cr=8, dd=0, da=0, tlv=14, sm=64, rd=80.62, cd=0, um=0","Time elapsed: 35.91 seconds","/home/thomasverwaal/Robust-Rail-NL/mathematical-models/local_search_plans_discreet_120/plan_32_trains_1_units29.json"
"/home/thomasverwaal/Robust-Rail-NL/mathematical-models/scenarios_solver_types_120/scenario_solver_32_trains_1_units29.json","Cost of next node: Cost = 280.0 : 351.28 | cr=7, dd=0, da=0, tlv=14, sm=64, rd=78.75, cd=0, um=0","Time elapsed: 37.35 seconds","/home/thomasverwaal/Robust-Rail-NL/mathematical-models/local_search_plans_discreet_120/plan_32_trains_1_units29.json"
"/home/thomasverwaal/Robust-Rail-NL/mathematical-models/scenarios_solver_types_120/scenario_solver_32_trains_1_units29.json","Cost of next node: Cost = 270.0 : 341.28 | cr=6, dd=0, da=0, tlv=14, sm=64, rd=78.75, cd=0, um=0","Time elapsed: 38.76 seconds","/home/thomasverwaal/Robust-Rail-NL/mathematical-models/local_search_plans_discreet_120/plan_32_trains_1_units29.json"
"/home/thomasverwaal/Robust-Rail-NL/mathematical-models/scenarios_solver_types_120/scenario_solver_32_trains_1_units29.json","Cost of next node: Cost = 260.0 : 331.28 | cr=5, dd=0, da=0, tlv=14, sm=64, rd=80.62, cd=0, um=0","Time elapsed: 44.36 seconds","/home/thomasverwaal/Robust-Rail-NL/mathematical-models/local_search_plans_discreet_120/plan_32_trains_1_units29.json"
"/home/thomasverwaal/Robust-Rail-NL/mathematical-models/scenarios_solver_types_120/scenario_solver_32_trains_1_units29.json","Cost of next node: Cost = 250.0 : 321.28 | cr=4, dd=0, da=0, tlv=14, sm=64, rd=82.50, cd=0, um=0","Time elapsed: 48.12 seconds","/home/thomasverwaal/Robust-Rail-NL/mathematical-models/local_search_plans_discreet_120/plan_32_trains_1_units29.json"
"/home/thomasverwaal/Robust-Rail-NL/mathematical-models/scenarios_solver_types_120/scenario_solver_32_trains_1_units29.json","Cost of next node: Cost = 240.0 : 311.28 | cr=3, dd=0, da=0, tlv=14, sm=64, rd=82.50, cd=0, um=0","Time elapsed: 91.86 seconds","/home/thomasverwaal/Robust-Rail-NL/mathematical-models/local_search_plans_discreet_120/plan_32_trains_1_units29.json"
"/home/thomasverwaal/Robust-Rail-NL/mathematical-models/scenarios_solver_types_120/scenario_solver_32_trains_1_units29.json","Cost of next node: Cost = 230.0 : 301.28 | cr=2, dd=0, da=0, tlv=14, sm=64, rd=82.50, cd=0, um=0","Time elapsed: 92.80 seconds","/home/thomasverwaal/Robust-Rail-NL/mathematical-models/local_search_plans_discreet_120/plan_32_trains_1_units29.json"
"/home/thomasverwaal/Robust-Rail-NL/mathematical-models/scenarios_solver_types_120/scenario_solver_32_trains_1_units29.json","Cost of next node: Cost = 220.0 : 291.28 | cr=1, dd=0, da=0, tlv=14, sm=64, rd=82.50, cd=0, um=0","Time elapsed: 144.30 seconds","/home/thomasverwaal/Robust-Rail-NL/mathematical-models/local_search_plans_discreet_120/plan_32_trains_1_units29.json"
"/home/thomasverwaal/Robust-Rail-NL/mathematical-models/scenarios_solver_types_120/scenario_solver_32_trains_1_units29.json","NO_COST_FOUND","NO_TIME_FOUND","NO_PLAN_CREATED"
"/home/thomasverwaal/Robust-Rail-NL/mathematical-models/scenarios_solver_types_120/scenario_solver_32_trains_1_units3.json","Cost of next node: Cost = 2,735.8 : 2,737.10 | cr=41, dd=32, da=30, tlv=0, sm=64, rd=180.00, cd=0, um=0","Time elapsed: 4.39 seconds","/home/thomasverwaal/Robust-Rail-NL/mathematical-models/local_search_plans_discreet_120/plan_32_trains_1_units3.json"
"/home/thomasverwaal/Robust-Rail-NL/mathematical-models/scenarios_solver_types_120/scenario_solver_32_trains_1_units3.json","Cost of next node: Cost = 2,708.5 : 2,709.73 | cr=39, dd=32, da=30, tlv=0, sm=64, rd=178.12, cd=0, um=0","Time elapsed: 4.54 seconds","/home/thomasverwaal/Robust-Rail-NL/mathematical-models/local_search_plans_discreet_120/plan_32_trains_1_units3.json"
"/home/thomasverwaal/Robust-Rail-NL/mathematical-models/scenarios_solver_types_120/scenario_solver_32_trains_1_units3.json","Cost of next node: Cost = 2,688.0 : 2,689.28 | cr=37, dd=32, da=30, tlv=0, sm=64, rd=178.12, cd=0, um=0","Time elapsed: 4.86 seconds","/home/thomasverwaal/Robust-Rail-NL/mathematical-models/local_search_plans_discreet_120/plan_32_trains_1_units3.json"
"/home/thomasverwaal/Robust-Rail-NL/mathematical-models/scenarios_solver_types_120/scenario_solver_32_trains_1_units3.json","Cost of next node: Cost = 2,667.3 : 2,668.55 | cr=35, dd=32, da=30, tlv=0, sm=64, rd=178.12, cd=0, um=0","Time elapsed: 5.18 seconds","/home/thomasverwaal/Robust-Rail-NL/mathematical-models/local_search_plans_discreet_120/plan_32_trains_1_units3.json"
"/home/thomasverwaal/Robust-Rail-NL/mathematical-models/scenarios_solver_types_120/scenario_solver_32_trains_1_units3.json","Cost of next node: Cost = 2,581.4 : 2,587.68 | cr=36, dd=32, da=25, tlv=1, sm=64, rd=175.31, cd=0, um=0","Time elapsed: 5.47 seconds","/home/thomasverwaal/Robust-Rail-NL/mathematical-models/local_search_plans_discreet_120/plan_32_trains_1_units3.json"
"/home/thomasverwaal/Robust-Rail-NL/mathematical-models/scenarios_solver_types_120/scenario_solver_32_trains_1_units3.json","Cost of next node: Cost = 2,551.1 : 2,557.42 | cr=42, dd=32, da=20, tlv=1, sm=64, rd=176.25, cd=0, um=0","Time elapsed: 5.78 seconds","/home/thomasverwaal/Robust-Rail-NL/mathematical-models/local_search_plans_discreet_120/plan_32_trains_1_units3.json"
"/home/thomasverwaal/Robust-Rail-NL/mathematical-models/scenarios_solver_types_120/scenario_solver_32_trains_1_units3.json","Cost of next node: Cost = 2,529.3 : 2,535.60 | cr=40, dd=32, da=20, tlv=1, sm=64, rd=176.25, cd=0, um=0","Time elapsed: 5.84 seconds","/home/thomasverwaal/Robust-Rail-NL/mathematical-models/local_search_plans_discreet_120/plan_32_trains_1_units3.json"
"/home/thomasverwaal/Robust-Rail-NL/mathematical-models/scenarios_solver_types_120/scenario_solver_32_trains_1_units3.json","Cost of next node: Cost = 2,490.2 : 2,501.49 | cr=36, dd=32, da=19, tlv=2, sm=64, rd=175.31, cd=0, um=0","Time elapsed: 6.14 seconds","/home/thomasverwaal/Robust-Rail-NL/mathematical-models/local_search_plans_discreet_120/plan_32_trains_1_units3.json"
"/home/thomasverwaal/Robust-Rail-NL/mathematical-models/scenarios_solver_types_120/scenario_solver_32_trains_1_units3.json","Cost of next node: Cost = 2,423.4 : 2,434.71 | cr=36, dd=32, da=16, tlv=2, sm=64, rd=169.69, cd=0, um=0","Time elapsed: 6.35 seconds","/home/thomasverwaal/Robust-Rail-NL/mathematical-models/local_search_plans_discreet_120/plan_32_trains_1_units3.json"
"/home/thomasverwaal/Robust-Rail-NL/mathematical-models/scenarios_solver_types_120/scenario_solver_32_trains_1_units3.json","Cost of next node: Cost = 2,398.2 : 2,414.49 | cr=36, dd=32, da=14, tlv=3, sm=64, rd=167.81, cd=0, um=0","Time elapsed: 6.59 seconds","/home/thomasverwaal/Robust-Rail-NL/mathematical-models/local_search_plans_discreet_120/plan_32_trains_1_units3.json"
"/home/thomasverwaal/Robust-Rail-NL/mathematical-models/scenarios_solver_types_120/scenario_solver_32_trains_1_units3.json","Cost of next node: Cost = 2,370.9 : 2,382.22 | cr=35, dd=32, da=14, tlv=2, sm=64, rd=165.94, cd=0, um=0","Time elapsed: 7.03 seconds","/home/thomasverwaal/Robust-Rail-NL/mathematical-models/local_search_plans_discreet_120/plan_32_trains_1_units3.json"
"/home/thomasverwaal/Robust-Rail-NL/mathematical-models/scenarios_solver_types_120/scenario_solver_32_trains_1_units3.json","Cost of next node: Cost = 2,350.4 : 2,361.71 | cr=34, dd=32, da=14, tlv=2, sm=64, rd=164.06, cd=0, um=0","Time elapsed: 7.50 seconds","/home/thomasverwaal/Robust-Rail-NL/mathematical-models/local_search_plans_discreet_120/plan_32_trains_1_units3.json"
"/home/thomasverwaal/Robust-Rail-NL/mathematical-models/scenarios_solver_types_120/scenario_solver_32_trains_1_units3.json","Cost of next node: Cost = 2,328.1 : 2,339.38 | cr=34, dd=32, da=13, tlv=2, sm=64, rd=160.31, cd=0, um=0","Time elapsed: 8.03 seconds","/home/thomasverwaal/Robust-Rail-NL/mathematical-models/local_search_plans_discreet_120/plan_32_trains_1_units3.json"
"/home/thomasverwaal/Robust-Rail-NL/mathematical-models/scenarios_solver_types_120/scenario_solver_32_trains_1_units3.json","Cost of next node: Cost = 2,298.7 : 2,315.02 | cr=30, dd=32, da=13, tlv=3, sm=64, rd=157.50, cd=0, um=0","Time elapsed: 8.44 seconds","/home/thomasverwaal/Robust-Rail-NL/mathematical-models/local_search_plans_discreet_120/plan_32_trains_1_units3.json"
"/home/thomasverwaal/Robust-Rail-NL/mathematical-models/scenarios_solver_types_120/scenario_solver_32_trains_1_units3.json","Cost of next node: Cost = 2,277.8 : 2,294.11 | cr=28, dd=32, da=13, tlv=3, sm=64, rd=157.50, cd=0, um=0","Time elapsed: 8.49 seconds","/home/thomasverwaal/Robust-Rail-NL/mathematical-models/local_search_plans_discreet_120/plan_32_trains_1_units3.json"
"/home/thomasverwaal/Robust-Rail-NL/mathematical-models/scenarios_solver_types_120/scenario_solver_32_trains_1_units3.json","Cost of next node: Cost = 2,252.8 : 2,274.11 | cr=24, dd=32, da=13, tlv=4, sm=64, rd=157.50, cd=0, um=0","Time elapsed: 9.22 seconds","/home/thomasverwaal/Robust-Rail-NL/mathematical-models/local_search_plans_discreet_120/plan_32_trains_1_units3.json"
"/home/thomasverwaal/Robust-Rail-NL/mathematical-models/scenarios_solver_types_120/scenario_solver_32_trains_1_units3.json","Cost of next node: Cost = 2,208.4 : 2,234.72 | cr=20, dd=32, da=13, tlv=5, sm=64, rd=148.12, cd=0, um=0","Time elapsed: 9.54 seconds","/home/thomasverwaal/Robust-Rail-NL/mathematical-models/local_search_plans_discreet_120/plan_32_trains_1_units3.json"
"/home/thomasverwaal/Robust-Rail-NL/mathematical-models/scenarios_solver_types_120/scenario_solver_32_trains_1_units3.json","Cost of next node: Cost = 2,185.3 : 2,216.55 | cr=19, dd=32, da=12, tlv=6, sm=64, rd=142.50, cd=0, um=0","Time elapsed: 9.90 seconds","/home/thomasverwaal/Robust-Rail-NL/mathematical-models/local_search_plans_discreet_120/plan_32_trains_1_units3.json"
"/home/thomasverwaal/Robust-Rail-NL/mathematical-models/scenarios_solver_types_120/scenario_solver_32_trains_1_units3.json","Cost of next node: Cost = 2,162.5 : 2,193.76 | cr=16, dd=32, da=12, tlv=6, sm=64, rd=148.12, cd=0, um=0","Time elapsed: 10.32 seconds","/home/thomasverwaal/Robust-Rail-NL/mathematical-models/local_search_plans_discreet_120/plan_32_trains_1_units3.json"
"/home/thomasverwaal/Robust-Rail-NL/mathematical-models/scenarios_solver_types_120/scenario_solver_32_trains_1_units3.json","Cost of next node: Cost = 2,120.8 : 2,152.11 | cr=13, dd=32, da=12, tlv=6, sm=64, rd=142.50, cd=0, um=0","Time elapsed: 10.71 seconds","/home/thomasverwaal/Robust-Rail-NL/mathematical-models/local_search_plans_discreet_120/plan_32_trains_1_units3.json"
"/home/thomasverwaal/Robust-Rail-NL/mathematical-models/scenarios_solver_types_120/scenario_solver_32_trains_1_units3.json","Cost of next node: Cost = 2,098.6 : 2,134.84 | cr=11, dd=32, da=12, tlv=7, sm=64, rd=135.00, cd=0, um=0","Time elapsed: 11.10 seconds","/home/thomasverwaal/Robust-Rail-NL/mathematical-models/local_search_plans_discreet_120/plan_32_trains_1_units3.json"
"/home/thomasverwaal/Robust-Rail-NL/mathematical-models/scenarios_solver_types_120/scenario_solver_32_trains_1_units3.json","Cost of next node: Cost = 2,051.8 : 2,088.08 | cr=13, dd=31, da=12, tlv=7, sm=64, rd=123.75, cd=0, um=0","Time elapsed: 11.16 seconds","/home/thomasverwaal/Robust-Rail-NL/mathematical-models/local_search_plans_discreet_120/plan_32_trains_1_units3.json"
"/home/thomasverwaal/Robust-Rail-NL/mathematical-models/scenarios_solver_types_120/scenario_solver_32_trains_1_units3.json","Cost of next node: Cost = 2,011.6 : 2,047.86 | cr=14, dd=30, da=12, tlv=7, sm=64, rd=123.75, cd=0, um=0","Time elapsed: 11.31 seconds","/home/thomasverwaal/Robust-Rail-NL/mathematical-models/local_search_plans_discreet_120/plan_32_trains_1_units3.json"
"/home/thomasverwaal/Robust-Rail-NL/mathematical-models/scenarios_solver_types_120/scenario_solver_32_trains_1_units3.json","Cost of next node: Cost = 1,853.8 : 1,890.09 | cr=13, dd=27, da=12, tlv=7, sm=64, rd=123.75, cd=0, um=0","Time elapsed: 11.55 seconds","/home/thomasverwaal/Robust-Rail-NL/mathematical-models/local_search_plans_discreet_120/plan_32_trains_1_units3.json"
"/home/thomasverwaal/Robust-Rail-NL/mathematical-models/scenarios_solver_types_120/scenario_solver_32_trains_1_units3.json","Cost of next node: Cost = 1,801.7 : 1,838.02 | cr=13, dd=26, da=12, tlv=7, sm=64, rd=123.75, cd=0, um=0","Time elapsed: 11.64 seconds","/home/thomasverwaal/Robust-Rail-NL/mathematical-models/local_search_plans_discreet_120/plan_32_trains_1_units3.json"
"/home/thomasverwaal/Robust-Rail-NL/mathematical-models/scenarios_solver_types_120/scenario_solver_32_trains_1_units3.json","Cost of next node: Cost = 1,761.8 : 1,798.10 | cr=14, dd=25, da=12, tlv=7, sm=64, rd=123.75, cd=0, um=0","Time elapsed: 11.73 seconds","/home/thomasverwaal/Robust-Rail-NL/mathematical-models/local_search_plans_discreet_120/plan_32_trains_1_units3.json"
"/home/thomasverwaal/Robust-Rail-NL/mathematical-models/scenarios_solver_types_120/scenario_solver_32_trains_1_units3.json","Cost of next node: Cost = 1,739.1 : 1,775.38 | cr=16, dd=24, da=12, tlv=7, sm=64, rd=131.25, cd=0, um=0","Time elapsed: 11.80 seconds","/home/thomasverwaal/Robust-Rail-NL/mathematical-models/local_search_plans_discreet_120/plan_32_trains_1_units3.json"
"/home/thomasverwaal/Robust-Rail-NL/mathematical-models/scenarios_solver_types_120/scenario_solver_32_trains_1_units3.json","Cost of next node: Cost = 1,690.0 : 1,726.27 | cr=16, dd=23, da=12, tlv=7, sm=64, rd=131.25, cd=0, um=0","Time elapsed: 11.87 seconds","/home/thomasverwaal/Robust-Rail-NL/mathematical-models/local_search_plans_discreet_120/plan_32_trains_1_units3.json"
"/home/thomasverwaal/Robust-Rail-NL/mathematical-models/scenarios_solver_types_120/scenario_solver_32_trains_1_units3.json","Cost of next node: Cost = 1,669.7 : 1,706.02 | cr=20, dd=22, da=12, tlv=7, sm=64, rd=118.12, cd=0, um=0","Time elapsed: 11.94 seconds","/home/thomasverwaal/Robust-Rail-NL/mathematical-models/local_search_plans_discreet_120/plan_32_trains_1_units3.json"
"/home/thomasverwaal/Robust-Rail-NL/mathematical-models/scenarios_solver_types_120/scenario_solver_32_trains_1_units3.json","Cost of next node: Cost = 1,639.7 : 1,676.02 | cr=17, dd=22, da=12, tlv=7, sm=64, rd=118.12, cd=0, um=0","Time elapsed: 11.99 seconds","/home/thomasverwaal/Robust-Rail-NL/mathematical-models/local_search_plans_discreet_120/plan_32_trains_1_units3.json"
"/home/thomasverwaal/Robust-Rail-NL/mathematical-models/scenarios_solver_types_120/scenario_solver_32_trains_1_units3.json","Cost of next node: Cost = 1,579.5 : 1,615.75 | cr=16, dd=21, da=12, tlv=7, sm=64, rd=118.12, cd=0, um=0","Time elapsed: 12.18 seconds","/home/thomasverwaal/Robust-Rail-NL/mathematical-models/local_search_plans_discreet_120/plan_32_trains_1_units3.json"
"/home/thomasverwaal/Robust-Rail-NL/mathematical-models/scenarios_solver_types_120/scenario_solver_32_trains_1_units3.json","Cost of next node: Cost = 1,519.9 : 1,556.16 | cr=15, dd=20, da=12, tlv=7, sm=64, rd=120.00, cd=0, um=0","Time elapsed: 12.25 seconds","/home/thomasverwaal/Robust-Rail-NL/mathematical-models/local_search_plans_discreet_120/plan_32_trains_1_units3.json"
"/home/thomasverwaal/Robust-Rail-NL/mathematical-models/scenarios_solver_types_120/scenario_solver_32_trains_1_units3.json","Cost of next node: Cost = 1,248.0 : 1,289.33 | cr=13, dd=15, da=11, tlv=8, sm=64, rd=117.19, cd=0, um=0","Time elapsed: 12.37 seconds","/home/thomasverwaal/Robust-Rail-NL/mathematical-models/local_search_plans_discreet_120/plan_32_trains_1_units3.json"
"/home/thomasverwaal/Robust-Rail-NL/mathematical-models/scenarios_solver_types_120/scenario_solver_32_trains_1_units3.json","Cost of next node: Cost = 1,206.8 : 1,248.08 | cr=14, dd=14, da=11, tlv=8, sm=64, rd=117.19, cd=0, um=0","Time elapsed: 12.56 seconds","/home/thomasverwaal/Robust-Rail-NL/mathematical-models/local_search_plans_discreet_120/plan_32_trains_1_units3.json"
"/home/thomasverwaal/Robust-Rail-NL/mathematical-models/scenarios_solver_types_120/scenario_solver_32_trains_1_units3.json","Cost of next node: Cost = 1,081.1 : 1,122.39 | cr=16, dd=10, da=14, tlv=8, sm=64, rd=120.94, cd=0, um=0","Time elapsed: 12.70 seconds","/home/thomasverwaal/Robust-Rail-NL/mathematical-models/local_search_plans_discreet_120/plan_32_trains_1_units3.json"
"/home/thomasverwaal/Robust-Rail-NL/mathematical-models/scenarios_solver_types_120/scenario_solver_32_trains_1_units3.json","Cost of next node: Cost = 1,056.8 : 1,103.08 | cr=16, dd=10, da=12, tlv=9, sm=64, rd=119.06, cd=0, um=0","Time elapsed: 12.79 seconds","/home/thomasverwaal/Robust-Rail-NL/mathematical-models/local_search_plans_discreet_120/plan_32_trains_1_units3.json"
"/home/thomasverwaal/Robust-Rail-NL/mathematical-models/scenarios_solver_types_120/scenario_solver_32_trains_1_units3.json","Cost of next node: Cost = 1,022.3 : 1,068.57 | cr=15, dd=10, da=11, tlv=9, sm=64, rd=111.56, cd=0, um=0","Time elapsed: 13.06 seconds","/home/thomasverwaal/Robust-Rail-NL/mathematical-models/local_search_plans_discreet_120/plan_32_trains_1_units3.json"
"/home/thomasverwaal/Robust-Rail-NL/mathematical-models/scenarios_solver_types_120/scenario_solver_32_trains_1_units3.json","Cost of next node: Cost = 922.2 : 973.52 | cr=16, dd=8, da=10, tlv=10, sm=64, rd=105.94, cd=0, um=0","Time elapsed: 13.36 seconds","/home/thomasverwaal/Robust-Rail-NL/mathematical-models/local_search_plans_discreet_120/plan_32_trains_1_units3.json"
"/home/thomasverwaal/Robust-Rail-NL/mathematical-models/scenarios_solver_types_120/scenario_solver_32_trains_1_units3.json","Cost of next node: Cost = 589.4 : 645.63 | cr=17, dd=3, da=5, tlv=11, sm=64, rd=96.56, cd=0, um=0","Time elapsed: 13.65 seconds","/home/thomasverwaal/Robust-Rail-NL/mathematical-models/local_search_plans_discreet_120/plan_32_trains_1_units3.json"
"/home/thomasverwaal/Robust-Rail-NL/mathematical-models/scenarios_solver_types_120/scenario_solver_32_trains_1_units3.json","Cost of next node: Cost = 524.2 : 585.44 | cr=16, dd=2, da=4, tlv=12, sm=64, rd=92.81, cd=0, um=0","Time elapsed: 13.94 seconds","/home/thomasverwaal/Robust-Rail-NL/mathematical-models/local_search_plans_discreet_120/plan_32_trains_1_units3.json"
"/home/thomasverwaal/Robust-Rail-NL/mathematical-models/scenarios_solver_types_120/scenario_solver_32_trains_1_units3.json","Cost of next node: Cost = 468.8 : 535.03 | cr=16, dd=1, da=3, tlv=13, sm=64, rd=89.06, cd=0, um=0","Time elapsed: 14.40 seconds","/home/thomasverwaal/Robust-Rail-NL/mathematical-models/local_search_plans_discreet_120/plan_32_trains_1_units3.json"
"/home/thomasverwaal/Robust-Rail-NL/mathematical-models/scenarios_solver_types_120/scenario_solver_32_trains_1_units3.json","Cost of next node: Cost = 448.8 : 515.03 | cr=14, dd=1, da=3, tlv=13, sm=64, rd=89.06, cd=0, um=0","Time elapsed: 18.16 seconds","/home/thomasverwaal/Robust-Rail-NL/mathematical-models/local_search_plans_discreet_120/plan_32_trains_1_units3.json"
"/home/thomasverwaal/Robust-Rail-NL/mathematical-models/scenarios_solver_types_120/scenario_solver_32_trains_1_units3.json","Cost of next node: Cost = 428.9 : 495.18 | cr=14, dd=1, da=2, tlv=13, sm=64, rd=86.25, cd=0, um=0","Time elapsed: 22.42 seconds","/home/thomasverwaal/Robust-Rail-NL/mathematical-models/local_search_plans_discreet_120/plan_32_trains_1_units3.json"
"/home/thomasverwaal/Robust-Rail-NL/mathematical-models/scenarios_solver_types_120/scenario_solver_32_trains_1_units3.json","Cost of next node: Cost = 407.4 : 473.68 | cr=14, dd=1, da=1, tlv=13, sm=64, rd=82.50, cd=0, um=0","Time elapsed: 22.72 seconds","/home/thomasverwaal/Robust-Rail-NL/mathematical-models/local_search_plans_discreet_120/plan_32_trains_1_units3.json"
"/home/thomasverwaal/Robust-Rail-NL/mathematical-models/scenarios_solver_types_120/scenario_solver_32_trains_1_units3.json","Cost of next node: Cost = 392.4 : 453.68 | cr=14, dd=1, da=1, tlv=12, sm=64, rd=84.38, cd=0, um=0","Time elapsed: 26.97 seconds","/home/thomasverwaal/Robust-Rail-NL/mathematical-models/local_search_plans_discreet_120/plan_32_trains_1_units3.json"
"/home/thomasverwaal/Robust-Rail-NL/mathematical-models/scenarios_solver_types_120/scenario_solver_32_trains_1_units3.json","Cost of next node: Cost = 382.4 : 443.68 | cr=13, dd=1, da=1, tlv=12, sm=64, rd=84.38, cd=0, um=0","Time elapsed: 31.05 seconds","/home/thomasverwaal/Robust-Rail-NL/mathematical-models/local_search_plans_discreet_120/plan_32_trains_1_units3.json"
"/home/thomasverwaal/Robust-Rail-NL/mathematical-models/scenarios_solver_types_120/scenario_solver_32_trains_1_units3.json","Cost of next node: Cost = 330.9 : 392.18 | cr=13, dd=0, da=1, tlv=12, sm=64, rd=84.38, cd=0, um=0","Time elapsed: 31.22 seconds","/home/thomasverwaal/Robust-Rail-NL/mathematical-models/local_search_plans_discreet_120/plan_32_trains_1_units3.json"
"/home/thomasverwaal/Robust-Rail-NL/mathematical-models/scenarios_solver_types_120/scenario_solver_32_trains_1_units3.json","Cost of next node: Cost = 320.9 : 382.18 | cr=12, dd=0, da=1, tlv=12, sm=64, rd=84.38, cd=0, um=0","Time elapsed: 35.29 seconds","/home/thomasverwaal/Robust-Rail-NL/mathematical-models/local_search_plans_discreet_120/plan_32_trains_1_units3.json"
"/home/thomasverwaal/Robust-Rail-NL/mathematical-models/scenarios_solver_types_120/scenario_solver_32_trains_1_units3.json","Cost of next node: Cost = 310.9 : 372.18 | cr=11, dd=0, da=1, tlv=12, sm=64, rd=84.38, cd=0, um=0","Time elapsed: 39.19 seconds","/home/thomasverwaal/Robust-Rail-NL/mathematical-models/local_search_plans_discreet_120/plan_32_trains_1_units3.json"
"/home/thomasverwaal/Robust-Rail-NL/mathematical-models/scenarios_solver_types_120/scenario_solver_32_trains_1_units3.json","Cost of next node: Cost = 300.9 : 362.18 | cr=10, dd=0, da=1, tlv=12, sm=64, rd=84.38, cd=0, um=0","Time elapsed: 43.15 seconds","/home/thomasverwaal/Robust-Rail-NL/mathematical-models/local_search_plans_discreet_120/plan_32_trains_1_units3.json"
"/home/thomasverwaal/Robust-Rail-NL/mathematical-models/scenarios_solver_types_120/scenario_solver_32_trains_1_units3.json","Cost of next node: Cost = 290.9 : 352.18 | cr=9, dd=0, da=1, tlv=12, sm=64, rd=84.38, cd=0, um=0","Time elapsed: 46.57 seconds","/home/thomasverwaal/Robust-Rail-NL/mathematical-models/local_search_plans_discreet_120/plan_32_trains_1_units3.json"
"/home/thomasverwaal/Robust-Rail-NL/mathematical-models/scenarios_solver_types_120/scenario_solver_32_trains_1_units3.json","Cost of next node: Cost = 280.9 : 342.18 | cr=8, dd=0, da=1, tlv=12, sm=64, rd=86.25, cd=0, um=0","Time elapsed: 50.16 seconds","/home/thomasverwaal/Robust-Rail-NL/mathematical-models/local_search_plans_discreet_120/plan_32_trains_1_units3.json"
"/home/thomasverwaal/Robust-Rail-NL/mathematical-models/scenarios_solver_types_120/scenario_solver_32_trains_1_units3.json","Cost of next node: Cost = 270.9 : 332.18 | cr=7, dd=0, da=1, tlv=12, sm=64, rd=86.25, cd=0, um=0","Time elapsed: 52.95 seconds","/home/thomasverwaal/Robust-Rail-NL/mathematical-models/local_search_plans_discreet_120/plan_32_trains_1_units3.json"
"/home/thomasverwaal/Robust-Rail-NL/mathematical-models/scenarios_solver_types_120/scenario_solver_32_trains_1_units3.json","Cost of next node: Cost = 260.9 : 322.22 | cr=6, dd=0, da=1, tlv=12, sm=66, rd=87.27, cd=0, um=0","Time elapsed: 55.16 seconds","/home/thomasverwaal/Robust-Rail-NL/mathematical-models/local_search_plans_discreet_120/plan_32_trains_1_units3.json"
"/home/thomasverwaal/Robust-Rail-NL/mathematical-models/scenarios_solver_types_120/scenario_solver_32_trains_1_units3.json","Cost of next node: Cost = 250.9 : 312.22 | cr=5, dd=0, da=1, tlv=12, sm=66, rd=87.27, cd=0, um=0","Time elapsed: 57.44 seconds","/home/thomasverwaal/Robust-Rail-NL/mathematical-models/local_search_plans_discreet_120/plan_32_trains_1_units3.json"
"/home/thomasverwaal/Robust-Rail-NL/mathematical-models/scenarios_solver_types_120/scenario_solver_32_trains_1_units3.json","Cost of next node: Cost = 245.0 : 311.32 | cr=5, dd=0, da=0, tlv=13, sm=66, rd=83.64, cd=0, um=0","Time elapsed: 59.52 seconds","/home/thomasverwaal/Robust-Rail-NL/mathematical-models/local_search_plans_discreet_120/plan_32_trains_1_units3.json"
"/home/thomasverwaal/Robust-Rail-NL/mathematical-models/scenarios_solver_types_120/scenario_solver_32_trains_1_units3.json","Cost of next node: Cost = 235.0 : 301.32 | cr=4, dd=0, da=0, tlv=13, sm=66, rd=85.45, cd=0, um=0","Time elapsed: 61.54 seconds","/home/thomasverwaal/Robust-Rail-NL/mathematical-models/local_search_plans_discreet_120/plan_32_trains_1_units3.json"
"/home/thomasverwaal/Robust-Rail-NL/mathematical-models/scenarios_solver_types_120/scenario_solver_32_trains_1_units3.json","Cost of next node: Cost = 225.0 : 291.32 | cr=3, dd=0, da=0, tlv=13, sm=66, rd=85.45, cd=0, um=0","Time elapsed: 63.27 seconds","/home/thomasverwaal/Robust-Rail-NL/mathematical-models/local_search_plans_discreet_120/plan_32_trains_1_units3.json"
"/home/thomasverwaal/Robust-Rail-NL/mathematical-models/scenarios_solver_types_120/scenario_solver_32_trains_1_units3.json","NO_COST_FOUND","NO_TIME_FOUND","NO_PLAN_CREATED"
"/home/thomasverwaal/Robust-Rail-NL/mathematical-models/scenarios_solver_types_120/scenario_solver_32_trains_1_units30.json","Cost of next node: Cost = 2,738.8 : 2,740.05 | cr=41, dd=32, da=30, tlv=0, sm=64, rd=180.00, cd=0, um=0","Time elapsed: 5.28 seconds","/home/thomasverwaal/Robust-Rail-NL/mathematical-models/local_search_plans_discreet_120/plan_32_trains_1_units30.json"
"/home/thomasverwaal/Robust-Rail-NL/mathematical-models/scenarios_solver_types_120/scenario_solver_32_trains_1_units30.json","Cost of next node: Cost = 2,711.4 : 2,712.68 | cr=39, dd=32, da=30, tlv=0, sm=64, rd=178.12, cd=0, um=0","Time elapsed: 5.45 seconds","/home/thomasverwaal/Robust-Rail-NL/mathematical-models/local_search_plans_discreet_120/plan_32_trains_1_units30.json"
"/home/thomasverwaal/Robust-Rail-NL/mathematical-models/scenarios_solver_types_120/scenario_solver_32_trains_1_units30.json","Cost of next node: Cost = 2,690.9 : 2,692.23 | cr=37, dd=32, da=30, tlv=0, sm=64, rd=178.12, cd=0, um=0","Time elapsed: 5.77 seconds","/home/thomasverwaal/Robust-Rail-NL/mathematical-models/local_search_plans_discreet_120/plan_32_trains_1_units30.json"
"/home/thomasverwaal/Robust-Rail-NL/mathematical-models/scenarios_solver_types_120/scenario_solver_32_trains_1_units30.json","Cost of next node: Cost = 2,670.2 : 2,671.50 | cr=35, dd=32, da=30, tlv=0, sm=64, rd=178.12, cd=0, um=0","Time elapsed: 6.07 seconds","/home/thomasverwaal/Robust-Rail-NL/mathematical-models/local_search_plans_discreet_120/plan_32_trains_1_units30.json"
"/home/thomasverwaal/Robust-Rail-NL/mathematical-models/scenarios_solver_types_120/scenario_solver_32_trains_1_units30.json","Cost of next node: Cost = 2,627.5 : 2,628.75 | cr=35, dd=32, da=29, tlv=0, sm=64, rd=173.44, cd=0, um=0","Time elapsed: 6.40 seconds","/home/thomasverwaal/Robust-Rail-NL/mathematical-models/local_search_plans_discreet_120/plan_32_trains_1_units30.json"
"/home/thomasverwaal/Robust-Rail-NL/mathematical-models/scenarios_solver_types_120/scenario_solver_32_trains_1_units30.json","Cost of next node: Cost = 2,591.7 : 2,598.00 | cr=32, dd=32, da=28, tlv=1, sm=64, rd=172.50, cd=0, um=0","Time elapsed: 6.65 seconds","/home/thomasverwaal/Robust-Rail-NL/mathematical-models/local_search_plans_discreet_120/plan_32_trains_1_units30.json"
"/home/thomasverwaal/Robust-Rail-NL/mathematical-models/scenarios_solver_types_120/scenario_solver_32_trains_1_units30.json","Cost of next node: Cost = 2,545.9 : 2,552.15 | cr=32, dd=32, da=26, tlv=1, sm=64, rd=168.75, cd=0, um=0","Time elapsed: 6.93 seconds","/home/thomasverwaal/Robust-Rail-NL/mathematical-models/local_search_plans_discreet_120/plan_32_trains_1_units30.json"
"/home/thomasverwaal/Robust-Rail-NL/mathematical-models/scenarios_solver_types_120/scenario_solver_32_trains_1_units30.json","Cost of next node: Cost = 2,475.3 : 2,486.55 | cr=28, dd=32, da=23, tlv=2, sm=64, rd=174.38, cd=0, um=0","Time elapsed: 7.21 seconds","/home/thomasverwaal/Robust-Rail-NL/mathematical-models/local_search_plans_discreet_120/plan_32_trains_1_units30.json"
"/home/thomasverwaal/Robust-Rail-NL/mathematical-models/scenarios_solver_types_120/scenario_solver_32_trains_1_units30.json","Cost of next node: Cost = 2,452.6 : 2,463.91 | cr=26, dd=32, da=23, tlv=2, sm=64, rd=173.44, cd=0, um=0","Time elapsed: 7.32 seconds","/home/thomasverwaal/Robust-Rail-NL/mathematical-models/local_search_plans_discreet_120/plan_32_trains_1_units30.json"
"/home/thomasverwaal/Robust-Rail-NL/mathematical-models/scenarios_solver_types_120/scenario_solver_32_trains_1_units30.json","Cost of next node: Cost = 2,426.4 : 2,442.65 | cr=26, dd=32, da=21, tlv=3, sm=64, rd=171.56, cd=0, um=0","Time elapsed: 7.62 seconds","/home/thomasverwaal/Robust-Rail-NL/mathematical-models/local_search_plans_discreet_120/plan_32_trains_1_units30.json"
"/home/thomasverwaal/Robust-Rail-NL/mathematical-models/scenarios_solver_types_120/scenario_solver_32_trains_1_units30.json","Cost of next node: Cost = 2,373.6 : 2,389.83 | cr=27, dd=32, da=18, tlv=3, sm=64, rd=165.94, cd=0, um=0","Time elapsed: 7.88 seconds","/home/thomasverwaal/Robust-Rail-NL/mathematical-models/local_search_plans_discreet_120/plan_32_trains_1_units30.json"
"/home/thomasverwaal/Robust-Rail-NL/mathematical-models/scenarios_solver_types_120/scenario_solver_32_trains_1_units30.json","Cost of next node: Cost = 2,340.8 : 2,362.07 | cr=30, dd=32, da=14, tlv=4, sm=64, rd=166.88, cd=0, um=0","Time elapsed: 8.14 seconds","/home/thomasverwaal/Robust-Rail-NL/mathematical-models/local_search_plans_discreet_120/plan_32_trains_1_units30.json"
"/home/thomasverwaal/Robust-Rail-NL/mathematical-models/scenarios_solver_types_120/scenario_solver_32_trains_1_units30.json","Cost of next node: Cost = 2,319.4 : 2,340.71 | cr=30, dd=32, da=13, tlv=4, sm=64, rd=165.00, cd=0, um=0","Time elapsed: 8.43 seconds","/home/thomasverwaal/Robust-Rail-NL/mathematical-models/local_search_plans_discreet_120/plan_32_trains_1_units30.json"
"/home/thomasverwaal/Robust-Rail-NL/mathematical-models/scenarios_solver_types_120/scenario_solver_32_trains_1_units30.json","Cost of next node: Cost = 2,294.4 : 2,310.71 | cr=29, dd=32, da=13, tlv=3, sm=64, rd=165.00, cd=0, um=0","Time elapsed: 8.75 seconds","/home/thomasverwaal/Robust-Rail-NL/mathematical-models/local_search_plans_discreet_120/plan_32_trains_1_units30.json"
"/home/thomasverwaal/Robust-Rail-NL/mathematical-models/scenarios_solver_types_120/scenario_solver_32_trains_1_units30.json","Cost of next node: Cost = 2,272.2 : 2,293.44 | cr=28, dd=32, da=12, tlv=4, sm=64, rd=159.38, cd=0, um=0","Time elapsed: 9.16 seconds","/home/thomasverwaal/Robust-Rail-NL/mathematical-models/local_search_plans_discreet_120/plan_32_trains_1_units30.json"
"/home/thomasverwaal/Robust-Rail-NL/mathematical-models/scenarios_solver_types_120/scenario_solver_32_trains_1_units30.json","Cost of next node: Cost = 2,250.3 : 2,271.53 | cr=26, dd=32, da=12, tlv=4, sm=64, rd=159.38, cd=0, um=0","Time elapsed: 9.28 seconds","/home/thomasverwaal/Robust-Rail-NL/mathematical-models/local_search_plans_discreet_120/plan_32_trains_1_units30.json"
"/home/thomasverwaal/Robust-Rail-NL/mathematical-models/scenarios_solver_types_120/scenario_solver_32_trains_1_units30.json","Cost of next node: Cost = 2,227.5 : 2,248.79 | cr=25, dd=32, da=12, tlv=4, sm=64, rd=155.62, cd=0, um=0","Time elapsed: 9.70 seconds","/home/thomasverwaal/Robust-Rail-NL/mathematical-models/local_search_plans_discreet_120/plan_32_trains_1_units30.json"
"/home/thomasverwaal/Robust-Rail-NL/mathematical-models/scenarios_solver_types_120/scenario_solver_32_trains_1_units30.json","Cost of next node: Cost = 2,197.3 : 2,218.63 | cr=24, dd=32, da=11, tlv=4, sm=64, rd=153.75, cd=0, um=0","Time elapsed: 10.22 seconds","/home/thomasverwaal/Robust-Rail-NL/mathematical-models/local_search_plans_discreet_120/plan_32_trains_1_units30.json"
"/home/thomasverwaal/Robust-Rail-NL/mathematical-models/scenarios_solver_types_120/scenario_solver_32_trains_1_units30.json","Cost of next node: Cost = 2,159.6 : 2,185.90 | cr=18, dd=32, da=11, tlv=5, sm=64, rd=158.44, cd=0, um=0","Time elapsed: 10.85 seconds","/home/thomasverwaal/Robust-Rail-NL/mathematical-models/local_search_plans_discreet_120/plan_32_trains_1_units30.json"
"/home/thomasverwaal/Robust-Rail-NL/mathematical-models/scenarios_solver_types_120/scenario_solver_32_trains_1_units30.json","Cost of next node: Cost = 2,124.8 : 2,156.08 | cr=15, dd=32, da=11, tlv=6, sm=64, rd=149.06, cd=0, um=0","Time elapsed: 11.85 seconds","/home/thomasverwaal/Robust-Rail-NL/mathematical-models/local_search_plans_discreet_120/plan_32_trains_1_units30.json"
"/home/thomasverwaal/Robust-Rail-NL/mathematical-models/scenarios_solver_types_120/scenario_solver_32_trains_1_units30.json","Cost of next node: Cost = 2,096.8 : 2,128.10 | cr=14, dd=32, da=11, tlv=6, sm=64, rd=143.44, cd=0, um=0","Time elapsed: 12.88 seconds","/home/thomasverwaal/Robust-Rail-NL/mathematical-models/local_search_plans_discreet_120/plan_32_trains_1_units30.json"
"/home/thomasverwaal/Robust-Rail-NL/mathematical-models/scenarios_solver_types_120/scenario_solver_32_trains_1_units30.json","Cost of next node: Cost = 1,895.5 : 1,926.82 | cr=21, dd=27, da=11, tlv=6, sm=64, rd=135.94, cd=0, um=0","Time elapsed: 13.45 seconds","/home/thomasverwaal/Robust-Rail-NL/mathematical-models/local_search_plans_discreet_120/plan_32_trains_1_units30.json"
"/home/thomasverwaal/Robust-Rail-NL/mathematical-models/scenarios_solver_types_120/scenario_solver_32_trains_1_units30.json","Cost of next node: Cost = 1,762.9 : 1,794.14 | cr=23, dd=24, da=11, tlv=6, sm=64, rd=131.25, cd=0, um=0","Time elapsed: 13.52 seconds","/home/thomasverwaal/Robust-Rail-NL/mathematical-models/local_search_plans_discreet_120/plan_32_trains_1_units30.json"
"/home/thomasverwaal/Robust-Rail-NL/mathematical-models/scenarios_solver_types_120/scenario_solver_32_trains_1_units30.json","Cost of next node: Cost = 1,614.7 : 1,645.95 | cr=23, dd=21, da=11, tlv=6, sm=64, rd=131.25, cd=0, um=0","Time elapsed: 13.71 seconds","/home/thomasverwaal/Robust-Rail-NL/mathematical-models/local_search_plans_discreet_120/plan_32_trains_1_units30.json"
"/home/thomasverwaal/Robust-Rail-NL/mathematical-models/scenarios_solver_types_120/scenario_solver_32_trains_1_units30.json","Cost of next node: Cost = 1,576.4 : 1,607.66 | cr=24, dd=20, da=11, tlv=6, sm=64, rd=131.25, cd=0, um=0","Time elapsed: 14.11 seconds","/home/thomasverwaal/Robust-Rail-NL/mathematical-models/local_search_plans_discreet_120/plan_32_trains_1_units30.json"
"/home/thomasverwaal/Robust-Rail-NL/mathematical-models/scenarios_solver_types_120/scenario_solver_32_trains_1_units30.json","Cost of next node: Cost = 1,516.9 : 1,548.19 | cr=23, dd=19, da=11, tlv=6, sm=64, rd=131.25, cd=0, um=0","Time elapsed: 14.42 seconds","/home/thomasverwaal/Robust-Rail-NL/mathematical-models/local_search_plans_discreet_120/plan_32_trains_1_units30.json"
"/home/thomasverwaal/Robust-Rail-NL/mathematical-models/scenarios_solver_types_120/scenario_solver_32_trains_1_units30.json","Cost of next node: Cost = 1,494.7 : 1,525.98 | cr=23, dd=19, da=10, tlv=6, sm=64, rd=129.38, cd=0, um=0","Time elapsed: 15.28 seconds","/home/thomasverwaal/Robust-Rail-NL/mathematical-models/local_search_plans_discreet_120/plan_32_trains_1_units30.json"
"/home/thomasverwaal/Robust-Rail-NL/mathematical-models/scenarios_solver_types_120/scenario_solver_32_trains_1_units30.json","Cost of next node: Cost = 1,443.2 : 1,474.45 | cr=23, dd=18, da=10, tlv=6, sm=64, rd=129.38, cd=0, um=0","Time elapsed: 15.55 seconds","/home/thomasverwaal/Robust-Rail-NL/mathematical-models/local_search_plans_discreet_120/plan_32_trains_1_units30.json"
"/home/thomasverwaal/Robust-Rail-NL/mathematical-models/scenarios_solver_types_120/scenario_solver_32_trains_1_units30.json","Cost of next node: Cost = 1,300.4 : 1,336.66 | cr=21, dd=16, da=8, tlv=7, sm=64, rd=123.75, cd=0, um=0","Time elapsed: 15.76 seconds","/home/thomasverwaal/Robust-Rail-NL/mathematical-models/local_search_plans_discreet_120/plan_32_trains_1_units30.json"
"/home/thomasverwaal/Robust-Rail-NL/mathematical-models/scenarios_solver_types_120/scenario_solver_32_trains_1_units30.json","Cost of next node: Cost = 1,238.6 : 1,279.88 | cr=21, dd=15, da=7, tlv=8, sm=64, rd=120.00, cd=0, um=0","Time elapsed: 16.08 seconds","/home/thomasverwaal/Robust-Rail-NL/mathematical-models/local_search_plans_discreet_120/plan_32_trains_1_units30.json"
"/home/thomasverwaal/Robust-Rail-NL/mathematical-models/scenarios_solver_types_120/scenario_solver_32_trains_1_units30.json","Cost of next node: Cost = 1,210.3 : 1,251.59 | cr=23, dd=14, da=7, tlv=8, sm=64, rd=120.00, cd=0, um=0","Time elapsed: 16.14 seconds","/home/thomasverwaal/Robust-Rail-NL/mathematical-models/local_search_plans_discreet_120/plan_32_trains_1_units30.json"
"/home/thomasverwaal/Robust-Rail-NL/mathematical-models/scenarios_solver_types_120/scenario_solver_32_trains_1_units30.json","Cost of next node: Cost = 1,174.8 : 1,221.05 | cr=23, dd=13, da=7, tlv=9, sm=64, rd=116.25, cd=0, um=0","Time elapsed: 16.40 seconds","/home/thomasverwaal/Robust-Rail-NL/mathematical-models/local_search_plans_discreet_120/plan_32_trains_1_units30.json"
"/home/thomasverwaal/Robust-Rail-NL/mathematical-models/scenarios_solver_types_120/scenario_solver_32_trains_1_units30.json","Cost of next node: Cost = 1,139.6 : 1,190.89 | cr=23, dd=12, da=7, tlv=10, sm=64, rd=112.50, cd=0, um=0","Time elapsed: 16.74 seconds","/home/thomasverwaal/Robust-Rail-NL/mathematical-models/local_search_plans_discreet_120/plan_32_trains_1_units30.json"
"/home/thomasverwaal/Robust-Rail-NL/mathematical-models/scenarios_solver_types_120/scenario_solver_32_trains_1_units30.json","Cost of next node: Cost = 1,101.4 : 1,157.69 | cr=26, dd=12, da=3, tlv=11, sm=64, rd=106.88, cd=0, um=0","Time elapsed: 17.04 seconds","/home/thomasverwaal/Robust-Rail-NL/mathematical-models/local_search_plans_discreet_120/plan_32_trains_1_units30.json"
"/home/thomasverwaal/Robust-Rail-NL/mathematical-models/scenarios_solver_types_120/scenario_solver_32_trains_1_units30.json","Cost of next node: Cost = 965.3 : 1,026.61 | cr=23, dd=10, da=2, tlv=12, sm=64, rd=103.12, cd=0, um=0","Time elapsed: 17.53 seconds","/home/thomasverwaal/Robust-Rail-NL/mathematical-models/local_search_plans_discreet_120/plan_32_trains_1_units30.json"
"/home/thomasverwaal/Robust-Rail-NL/mathematical-models/scenarios_solver_types_120/scenario_solver_32_trains_1_units30.json","Cost of next node: Cost = 850.2 : 916.51 | cr=22, dd=8, da=1, tlv=13, sm=64, rd=99.38, cd=0, um=0","Time elapsed: 17.81 seconds","/home/thomasverwaal/Robust-Rail-NL/mathematical-models/local_search_plans_discreet_120/plan_32_trains_1_units30.json"
"/home/thomasverwaal/Robust-Rail-NL/mathematical-models/scenarios_solver_types_120/scenario_solver_32_trains_1_units30.json","Cost of next node: Cost = 630.7 : 701.96 | cr=21, dd=4, da=0, tlv=14, sm=64, rd=91.88, cd=0, um=0","Time elapsed: 18.13 seconds","/home/thomasverwaal/Robust-Rail-NL/mathematical-models/local_search_plans_discreet_120/plan_32_trains_1_units30.json"
"/home/thomasverwaal/Robust-Rail-NL/mathematical-models/scenarios_solver_types_120/scenario_solver_32_trains_1_units30.json","Cost of next node: Cost = 485.9 : 562.18 | cr=21, dd=1, da=0, tlv=15, sm=64, rd=80.62, cd=0, um=0","Time elapsed: 18.63 seconds","/home/thomasverwaal/Robust-Rail-NL/mathematical-models/local_search_plans_discreet_120/plan_32_trains_1_units30.json"
"/home/thomasverwaal/Robust-Rail-NL/mathematical-models/scenarios_solver_types_120/scenario_solver_32_trains_1_units30.json","Cost of next node: Cost = 463.9 : 545.20 | cr=17, dd=1, da=0, tlv=16, sm=65, rd=81.23, cd=0, um=0","Time elapsed: 20.39 seconds","/home/thomasverwaal/Robust-Rail-NL/mathematical-models/local_search_plans_discreet_120/plan_32_trains_1_units30.json"
"/home/thomasverwaal/Robust-Rail-NL/mathematical-models/scenarios_solver_types_120/scenario_solver_32_trains_1_units30.json","Cost of next node: Cost = 433.9 : 515.20 | cr=14, dd=1, da=0, tlv=16, sm=65, rd=81.23, cd=0, um=0","Time elapsed: 20.72 seconds","/home/thomasverwaal/Robust-Rail-NL/mathematical-models/local_search_plans_discreet_120/plan_32_trains_1_units30.json"
"/home/thomasverwaal/Robust-Rail-NL/mathematical-models/scenarios_solver_types_120/scenario_solver_32_trains_1_units30.json","Cost of next node: Cost = 422.4 : 503.70 | cr=13, dd=1, da=0, tlv=16, sm=65, rd=81.23, cd=0, um=0","Time elapsed: 24.74 seconds","/home/thomasverwaal/Robust-Rail-NL/mathematical-models/local_search_plans_discreet_120/plan_32_trains_1_units30.json"
"/home/thomasverwaal/Robust-Rail-NL/mathematical-models/scenarios_solver_types_120/scenario_solver_32_trains_1_units30.json","Cost of next node: Cost = 365.0 : 441.28 | cr=14, dd=0, da=0, tlv=15, sm=64, rd=80.62, cd=0, um=0","Time elapsed: 25.21 seconds","/home/thomasverwaal/Robust-Rail-NL/mathematical-models/local_search_plans_discreet_120/plan_32_trains_1_units30.json"
"/home/thomasverwaal/Robust-Rail-NL/mathematical-models/scenarios_solver_types_120/scenario_solver_32_trains_1_units30.json","Cost of next node: Cost = 355.0 : 431.28 | cr=13, dd=0, da=0, tlv=15, sm=64, rd=80.62, cd=0, um=0","Time elapsed: 28.32 seconds","/home/thomasverwaal/Robust-Rail-NL/mathematical-models/local_search_plans_discreet_120/plan_32_trains_1_units30.json"
"/home/thomasverwaal/Robust-Rail-NL/mathematical-models/scenarios_solver_types_120/scenario_solver_32_trains_1_units30.json","Cost of next node: Cost = 345.0 : 421.28 | cr=12, dd=0, da=0, tlv=15, sm=64, rd=80.62, cd=0, um=0","Time elapsed: 31.27 seconds","/home/thomasverwaal/Robust-Rail-NL/mathematical-models/local_search_plans_discreet_120/plan_32_trains_1_units30.json"
"/home/thomasverwaal/Robust-Rail-NL/mathematical-models/scenarios_solver_types_120/scenario_solver_32_trains_1_units30.json","Cost of next node: Cost = 335.0 : 411.28 | cr=11, dd=0, da=0, tlv=15, sm=64, rd=80.62, cd=0, um=0","Time elapsed: 34.02 seconds","/home/thomasverwaal/Robust-Rail-NL/mathematical-models/local_search_plans_discreet_120/plan_32_trains_1_units30.json"
"/home/thomasverwaal/Robust-Rail-NL/mathematical-models/scenarios_solver_types_120/scenario_solver_32_trains_1_units30.json","Cost of next node: Cost = 325.0 : 401.28 | cr=10, dd=0, da=0, tlv=15, sm=64, rd=78.75, cd=0, um=0","Time elapsed: 36.53 seconds","/home/thomasverwaal/Robust-Rail-NL/mathematical-models/local_search_plans_discreet_120/plan_32_trains_1_units30.json"
"/home/thomasverwaal/Robust-Rail-NL/mathematical-models/scenarios_solver_types_120/scenario_solver_32_trains_1_units30.json","Cost of next node: Cost = 300.0 : 371.30 | cr=9, dd=0, da=0, tlv=14, sm=65, rd=81.23, cd=0, um=0","Time elapsed: 37.67 seconds","/home/thomasverwaal/Robust-Rail-NL/mathematical-models/local_search_plans_discreet_120/plan_32_trains_1_units30.json"
"/home/thomasverwaal/Robust-Rail-NL/mathematical-models/scenarios_solver_types_120/scenario_solver_32_trains_1_units30.json","Cost of next node: Cost = 285.0 : 351.30 | cr=9, dd=0, da=0, tlv=13, sm=65, rd=81.23, cd=0, um=0","Time elapsed: 45.30 seconds","/home/thomasverwaal/Robust-Rail-NL/mathematical-models/local_search_plans_discreet_120/plan_32_trains_1_units30.json"
"/home/thomasverwaal/Robust-Rail-NL/mathematical-models/scenarios_solver_types_120/scenario_solver_32_trains_1_units30.json","Cost of next node: Cost = 275.0 : 341.30 | cr=8, dd=0, da=0, tlv=13, sm=65, rd=81.23, cd=0, um=0","Time elapsed: 75.17 seconds","/home/thomasverwaal/Robust-Rail-NL/mathematical-models/local_search_plans_discreet_120/plan_32_trains_1_units30.json"
"/home/thomasverwaal/Robust-Rail-NL/mathematical-models/scenarios_solver_types_120/scenario_solver_32_trains_1_units30.json","Cost of next node: Cost = 265.0 : 331.30 | cr=7, dd=0, da=0, tlv=13, sm=65, rd=81.23, cd=0, um=0","Time elapsed: 77.23 seconds","/home/thomasverwaal/Robust-Rail-NL/mathematical-models/local_search_plans_discreet_120/plan_32_trains_1_units30.json"
"/home/thomasverwaal/Robust-Rail-NL/mathematical-models/scenarios_solver_types_120/scenario_solver_32_trains_1_units30.json","Cost of next node: Cost = 255.0 : 321.30 | cr=6, dd=0, da=0, tlv=13, sm=65, rd=81.23, cd=0, um=0","Time elapsed: 127.83 seconds","/home/thomasverwaal/Robust-Rail-NL/mathematical-models/local_search_plans_discreet_120/plan_32_trains_1_units30.json"
"/home/thomasverwaal/Robust-Rail-NL/mathematical-models/scenarios_solver_types_120/scenario_solver_32_trains_1_units30.json","NO_COST_FOUND","NO_TIME_FOUND","NO_PLAN_CREATED"
"/home/thomasverwaal/Robust-Rail-NL/mathematical-models/scenarios_solver_types_120/scenario_solver_32_trains_1_units4.json","Cost of next node: Cost = 2,754.2 : 2,755.47 | cr=41, dd=32, da=30, tlv=0, sm=64, rd=180.00, cd=0, um=0","Time elapsed: 4.49 seconds","/home/thomasverwaal/Robust-Rail-NL/mathematical-models/local_search_plans_discreet_120/plan_32_trains_1_units4.json"
"/home/thomasverwaal/Robust-Rail-NL/mathematical-models/scenarios_solver_types_120/scenario_solver_32_trains_1_units4.json","Cost of next node: Cost = 2,726.8 : 2,728.11 | cr=39, dd=32, da=30, tlv=0, sm=64, rd=178.12, cd=0, um=0","Time elapsed: 4.64 seconds","/home/thomasverwaal/Robust-Rail-NL/mathematical-models/local_search_plans_discreet_120/plan_32_trains_1_units4.json"
"/home/thomasverwaal/Robust-Rail-NL/mathematical-models/scenarios_solver_types_120/scenario_solver_32_trains_1_units4.json","Cost of next node: Cost = 2,706.4 : 2,707.66 | cr=37, dd=32, da=30, tlv=0, sm=64, rd=178.12, cd=0, um=0","Time elapsed: 4.93 seconds","/home/thomasverwaal/Robust-Rail-NL/mathematical-models/local_search_plans_discreet_120/plan_32_trains_1_units4.json"
"/home/thomasverwaal/Robust-Rail-NL/mathematical-models/scenarios_solver_types_120/scenario_solver_32_trains_1_units4.json","Cost of next node: Cost = 2,685.6 : 2,686.93 | cr=35, dd=32, da=30, tlv=0, sm=64, rd=178.12, cd=0, um=0","Time elapsed: 5.24 seconds","/home/thomasverwaal/Robust-Rail-NL/mathematical-models/local_search_plans_discreet_120/plan_32_trains_1_units4.json"
"/home/thomasverwaal/Robust-Rail-NL/mathematical-models/scenarios_solver_types_120/scenario_solver_32_trains_1_units4.json","Cost of next node: Cost = 2,643.0 : 2,644.30 | cr=35, dd=32, da=29, tlv=0, sm=64, rd=173.44, cd=0, um=0","Time elapsed: 5.63 seconds","/home/thomasverwaal/Robust-Rail-NL/mathematical-models/local_search_plans_discreet_120/plan_32_trains_1_units4.json"
"/home/thomasverwaal/Robust-Rail-NL/mathematical-models/scenarios_solver_types_120/scenario_solver_32_trains_1_units4.json","Cost of next node: Cost = 2,611.2 : 2,612.47 | cr=32, dd=32, da=29, tlv=0, sm=64, rd=174.38, cd=0, um=0","Time elapsed: 5.96 seconds","/home/thomasverwaal/Robust-Rail-NL/mathematical-models/local_search_plans_discreet_120/plan_32_trains_1_units4.json"
"/home/thomasverwaal/Robust-Rail-NL/mathematical-models/scenarios_solver_types_120/scenario_solver_32_trains_1_units4.json","Cost of next node: Cost = 2,581.5 : 2,582.81 | cr=32, dd=32, da=28, tlv=0, sm=64, rd=170.62, cd=0, um=0","Time elapsed: 6.24 seconds","/home/thomasverwaal/Robust-Rail-NL/mathematical-models/local_search_plans_discreet_120/plan_32_trains_1_units4.json"
"/home/thomasverwaal/Robust-Rail-NL/mathematical-models/scenarios_solver_types_120/scenario_solver_32_trains_1_units4.json","Cost of next node: Cost = 2,528.8 : 2,535.07 | cr=27, dd=32, da=27, tlv=1, sm=64, rd=169.69, cd=0, um=0","Time elapsed: 6.52 seconds","/home/thomasverwaal/Robust-Rail-NL/mathematical-models/local_search_plans_discreet_120/plan_32_trains_1_units4.json"
"/home/thomasverwaal/Robust-Rail-NL/mathematical-models/scenarios_solver_types_120/scenario_solver_32_trains_1_units4.json","Cost of next node: Cost = 2,428.0 : 2,439.29 | cr=28, dd=32, da=21, tlv=2, sm=64, rd=165.00, cd=0, um=0","Time elapsed: 6.84 seconds","/home/thomasverwaal/Robust-Rail-NL/mathematical-models/local_search_plans_discreet_120/plan_32_trains_1_units4.json"
"/home/thomasverwaal/Robust-Rail-NL/mathematical-models/scenarios_solver_types_120/scenario_solver_32_trains_1_units4.json","Cost of next node: Cost = 2,381.9 : 2,398.21 | cr=28, dd=32, da=18, tlv=3, sm=64, rd=161.25, cd=0, um=0","Time elapsed: 7.13 seconds","/home/thomasverwaal/Robust-Rail-NL/mathematical-models/local_search_plans_discreet_120/plan_32_trains_1_units4.json"
"/home/thomasverwaal/Robust-Rail-NL/mathematical-models/scenarios_solver_types_120/scenario_solver_32_trains_1_units4.json","Cost of next node: Cost = 2,351.2 : 2,372.43 | cr=32, dd=32, da=14, tlv=4, sm=64, rd=162.19, cd=0, um=0","Time elapsed: 7.42 seconds","/home/thomasverwaal/Robust-Rail-NL/mathematical-models/local_search_plans_discreet_120/plan_32_trains_1_units4.json"
"/home/thomasverwaal/Robust-Rail-NL/mathematical-models/scenarios_solver_types_120/scenario_solver_32_trains_1_units4.json","Cost of next node: Cost = 2,329.7 : 2,350.97 | cr=32, dd=32, da=13, tlv=4, sm=64, rd=160.31, cd=0, um=0","Time elapsed: 7.68 seconds","/home/thomasverwaal/Robust-Rail-NL/mathematical-models/local_search_plans_discreet_120/plan_32_trains_1_units4.json"
"/home/thomasverwaal/Robust-Rail-NL/mathematical-models/scenarios_solver_types_120/scenario_solver_32_trains_1_units4.json","Cost of next node: Cost = 2,307.7 : 2,328.97 | cr=30, dd=32, da=13, tlv=4, sm=64, rd=158.44, cd=0, um=0","Time elapsed: 8.03 seconds","/home/thomasverwaal/Robust-Rail-NL/mathematical-models/local_search_plans_discreet_120/plan_32_trains_1_units4.json"
"/home/thomasverwaal/Robust-Rail-NL/mathematical-models/scenarios_solver_types_120/scenario_solver_32_trains_1_units4.json","Cost of next node: Cost = 2,285.2 : 2,311.47 | cr=30, dd=32, da=12, tlv=5, sm=64, rd=150.00, cd=0, um=0","Time elapsed: 8.52 seconds","/home/thomasverwaal/Robust-Rail-NL/mathematical-models/local_search_plans_discreet_120/plan_32_trains_1_units4.json"
"/home/thomasverwaal/Robust-Rail-NL/mathematical-models/scenarios_solver_types_120/scenario_solver_32_trains_1_units4.json","Cost of next node: Cost = 2,264.1 : 2,290.38 | cr=28, dd=32, da=12, tlv=5, sm=64, rd=150.00, cd=0, um=0","Time elapsed: 8.62 seconds","/home/thomasverwaal/Robust-Rail-NL/mathematical-models/local_search_plans_discreet_120/plan_32_trains_1_units4.json"
"/home/thomasverwaal/Robust-Rail-NL/mathematical-models/scenarios_solver_types_120/scenario_solver_32_trains_1_units4.json","Cost of next node: Cost = 2,233.8 : 2,260.08 | cr=27, dd=32, da=11, tlv=5, sm=64, rd=148.12, cd=0, um=0","Time elapsed: 9.37 seconds","/home/thomasverwaal/Robust-Rail-NL/mathematical-models/local_search_plans_discreet_120/plan_32_trains_1_units4.json"
"/home/thomasverwaal/Robust-Rail-NL/mathematical-models/scenarios_solver_types_120/scenario_solver_32_trains_1_units4.json","Cost of next node: Cost = 2,208.8 : 2,240.08 | cr=23, dd=32, da=11, tlv=6, sm=64, rd=148.12, cd=0, um=0","Time elapsed: 9.51 seconds","/home/thomasverwaal/Robust-Rail-NL/mathematical-models/local_search_plans_discreet_120/plan_32_trains_1_units4.json"
"/home/thomasverwaal/Robust-Rail-NL/mathematical-models/scenarios_solver_types_120/scenario_solver_32_trains_1_units4.json","Cost of next node: Cost = 2,173.8 : 2,210.08 | cr=18, dd=32, da=11, tlv=7, sm=64, rd=148.12, cd=0, um=0","Time elapsed: 9.79 seconds","/home/thomasverwaal/Robust-Rail-NL/mathematical-models/local_search_plans_discreet_120/plan_32_trains_1_units4.json"
"/home/thomasverwaal/Robust-Rail-NL/mathematical-models/scenarios_solver_types_120/scenario_solver_32_trains_1_units4.json","Cost of next node: Cost = 2,139.0 : 2,180.26 | cr=15, dd=32, da=11, tlv=8, sm=64, rd=138.75, cd=0, um=0","Time elapsed: 10.10 seconds","/home/thomasverwaal/Robust-Rail-NL/mathematical-models/local_search_plans_discreet_120/plan_32_trains_1_units4.json"
"/home/thomasverwaal/Robust-Rail-NL/mathematical-models/scenarios_solver_types_120/scenario_solver_32_trains_1_units4.json","Cost of next node: Cost = 2,083.2 : 2,124.52 | cr=22, dd=30, da=11, tlv=8, sm=64, rd=131.25, cd=0, um=0","Time elapsed: 10.34 seconds","/home/thomasverwaal/Robust-Rail-NL/mathematical-models/local_search_plans_discreet_120/plan_32_trains_1_units4.json"
"/home/thomasverwaal/Robust-Rail-NL/mathematical-models/scenarios_solver_types_120/scenario_solver_32_trains_1_units4.json","Cost of next node: Cost = 1,932.2 : 1,973.44 | cr=22, dd=27, da=11, tlv=8, sm=64, rd=131.25, cd=0, um=0","Time elapsed: 10.54 seconds","/home/thomasverwaal/Robust-Rail-NL/mathematical-models/local_search_plans_discreet_120/plan_32_trains_1_units4.json"
"/home/thomasverwaal/Robust-Rail-NL/mathematical-models/scenarios_solver_types_120/scenario_solver_32_trains_1_units4.json","Cost of next node: Cost = 1,833.0 : 1,874.31 | cr=22, dd=25, da=11, tlv=8, sm=64, rd=131.25, cd=0, um=0","Time elapsed: 10.71 seconds","/home/thomasverwaal/Robust-Rail-NL/mathematical-models/local_search_plans_discreet_120/plan_32_trains_1_units4.json"
"/home/thomasverwaal/Robust-Rail-NL/mathematical-models/scenarios_solver_types_120/scenario_solver_32_trains_1_units4.json","Cost of next node: Cost = 1,793.2 : 1,834.50 | cr=23, dd=24, da=11, tlv=8, sm=64, rd=131.25, cd=0, um=0","Time elapsed: 10.85 seconds","/home/thomasverwaal/Robust-Rail-NL/mathematical-models/local_search_plans_discreet_120/plan_32_trains_1_units4.json"
"/home/thomasverwaal/Robust-Rail-NL/mathematical-models/scenarios_solver_types_120/scenario_solver_32_trains_1_units4.json","Cost of next node: Cost = 1,704.7 : 1,745.97 | cr=24, dd=22, da=11, tlv=8, sm=64, rd=131.25, cd=0, um=0","Time elapsed: 11.00 seconds","/home/thomasverwaal/Robust-Rail-NL/mathematical-models/local_search_plans_discreet_120/plan_32_trains_1_units4.json"
"/home/thomasverwaal/Robust-Rail-NL/mathematical-models/scenarios_solver_types_120/scenario_solver_32_trains_1_units4.json","Cost of next node: Cost = 1,680.9 : 1,722.20 | cr=24, dd=22, da=10, tlv=8, sm=64, rd=127.50, cd=0, um=0","Time elapsed: 11.36 seconds","/home/thomasverwaal/Robust-Rail-NL/mathematical-models/local_search_plans_discreet_120/plan_32_trains_1_units4.json"
"/home/thomasverwaal/Robust-Rail-NL/mathematical-models/scenarios_solver_types_120/scenario_solver_32_trains_1_units4.json","Cost of next node: Cost = 1,592.0 : 1,638.25 | cr=28, dd=20, da=8, tlv=9, sm=64, rd=121.88, cd=0, um=0","Time elapsed: 11.90 seconds","/home/thomasverwaal/Robust-Rail-NL/mathematical-models/local_search_plans_discreet_120/plan_32_trains_1_units4.json"
"/home/thomasverwaal/Robust-Rail-NL/mathematical-models/scenarios_solver_types_120/scenario_solver_32_trains_1_units4.json","Cost of next node: Cost = 1,542.0 : 1,588.25 | cr=23, dd=20, da=8, tlv=9, sm=64, rd=121.88, cd=0, um=0","Time elapsed: 12.00 seconds","/home/thomasverwaal/Robust-Rail-NL/mathematical-models/local_search_plans_discreet_120/plan_32_trains_1_units4.json"
"/home/thomasverwaal/Robust-Rail-NL/mathematical-models/scenarios_solver_types_120/scenario_solver_32_trains_1_units4.json","Cost of next node: Cost = 1,515.5 : 1,561.78 | cr=25, dd=19, da=8, tlv=9, sm=64, rd=121.88, cd=0, um=0","Time elapsed: 12.04 seconds","/home/thomasverwaal/Robust-Rail-NL/mathematical-models/local_search_plans_discreet_120/plan_32_trains_1_units4.json"
"/home/thomasverwaal/Robust-Rail-NL/mathematical-models/scenarios_solver_types_120/scenario_solver_32_trains_1_units4.json","Cost of next node: Cost = 1,377.1 : 1,423.38 | cr=25, dd=17, da=6, tlv=9, sm=64, rd=116.25, cd=0, um=0","Time elapsed: 12.32 seconds","/home/thomasverwaal/Robust-Rail-NL/mathematical-models/local_search_plans_discreet_120/plan_32_trains_1_units4.json"
"/home/thomasverwaal/Robust-Rail-NL/mathematical-models/scenarios_solver_types_120/scenario_solver_32_trains_1_units4.json","Cost of next node: Cost = 1,312.9 : 1,359.15 | cr=25, dd=17, da=3, tlv=9, sm=64, rd=112.50, cd=0, um=0","Time elapsed: 12.59 seconds","/home/thomasverwaal/Robust-Rail-NL/mathematical-models/local_search_plans_discreet_120/plan_32_trains_1_units4.json"
"/home/thomasverwaal/Robust-Rail-NL/mathematical-models/scenarios_solver_types_120/scenario_solver_32_trains_1_units4.json","Cost of next node: Cost = 1,263.6 : 1,309.86 | cr=25, dd=16, da=3, tlv=9, sm=64, rd=112.50, cd=0, um=0","Time elapsed: 12.71 seconds","/home/thomasverwaal/Robust-Rail-NL/mathematical-models/local_search_plans_discreet_120/plan_32_trains_1_units4.json"
"/home/thomasverwaal/Robust-Rail-NL/mathematical-models/scenarios_solver_types_120/scenario_solver_32_trains_1_units4.json","Cost of next node: Cost = 1,238.9 : 1,290.16 | cr=23, dd=16, da=2, tlv=10, sm=64, rd=108.75, cd=0, um=0","Time elapsed: 12.98 seconds","/home/thomasverwaal/Robust-Rail-NL/mathematical-models/local_search_plans_discreet_120/plan_32_trains_1_units4.json"
"/home/thomasverwaal/Robust-Rail-NL/mathematical-models/scenarios_solver_types_120/scenario_solver_32_trains_1_units4.json","Cost of next node: Cost = 1,173.3 : 1,229.58 | cr=27, dd=14, da=1, tlv=11, sm=64, rd=105.00, cd=0, um=0","Time elapsed: 13.40 seconds","/home/thomasverwaal/Robust-Rail-NL/mathematical-models/local_search_plans_discreet_120/plan_32_trains_1_units4.json"
"/home/thomasverwaal/Robust-Rail-NL/mathematical-models/scenarios_solver_types_120/scenario_solver_32_trains_1_units4.json","Cost of next node: Cost = 990.8 : 1,052.03 | cr=25, dd=11, da=0, tlv=12, sm=64, rd=97.50, cd=0, um=0","Time elapsed: 13.75 seconds","/home/thomasverwaal/Robust-Rail-NL/mathematical-models/local_search_plans_discreet_120/plan_32_trains_1_units4.json"
"/home/thomasverwaal/Robust-Rail-NL/mathematical-models/scenarios_solver_types_120/scenario_solver_32_trains_1_units4.json","Cost of next node: Cost = 949.3 : 1,010.55 | cr=26, dd=10, da=0, tlv=12, sm=64, rd=97.50, cd=0, um=0","Time elapsed: 13.95 seconds","/home/thomasverwaal/Robust-Rail-NL/mathematical-models/local_search_plans_discreet_120/plan_32_trains_1_units4.json"
"/home/thomasverwaal/Robust-Rail-NL/mathematical-models/scenarios_solver_types_120/scenario_solver_32_trains_1_units4.json","Cost of next node: Cost = 900.5 : 961.78 | cr=26, dd=9, da=0, tlv=12, sm=64, rd=97.50, cd=0, um=0","Time elapsed: 14.22 seconds","/home/thomasverwaal/Robust-Rail-NL/mathematical-models/local_search_plans_discreet_120/plan_32_trains_1_units4.json"
"/home/thomasverwaal/Robust-Rail-NL/mathematical-models/scenarios_solver_types_120/scenario_solver_32_trains_1_units4.json","Cost of next node: Cost = 548.0 : 614.28 | cr=25, dd=2, da=0, tlv=13, sm=64, rd=86.25, cd=0, um=0","Time elapsed: 14.55 seconds","/home/thomasverwaal/Robust-Rail-NL/mathematical-models/local_search_plans_discreet_120/plan_32_trains_1_units4.json"
"/home/thomasverwaal/Robust-Rail-NL/mathematical-models/scenarios_solver_types_120/scenario_solver_32_trains_1_units4.json","Cost of next node: Cost = 528.0 : 594.28 | cr=23, dd=2, da=0, tlv=13, sm=64, rd=86.25, cd=0, um=0","Time elapsed: 19.37 seconds","/home/thomasverwaal/Robust-Rail-NL/mathematical-models/local_search_plans_discreet_120/plan_32_trains_1_units4.json"
"/home/thomasverwaal/Robust-Rail-NL/mathematical-models/scenarios_solver_types_120/scenario_solver_32_trains_1_units4.json","Cost of next node: Cost = 508.0 : 574.28 | cr=21, dd=2, da=0, tlv=13, sm=64, rd=90.00, cd=0, um=0","Time elapsed: 23.67 seconds","/home/thomasverwaal/Robust-Rail-NL/mathematical-models/local_search_plans_discreet_120/plan_32_trains_1_units4.json"
"/home/thomasverwaal/Robust-Rail-NL/mathematical-models/scenarios_solver_types_120/scenario_solver_32_trains_1_units4.json","Cost of next node: Cost = 483.0 : 544.28 | cr=20, dd=2, da=0, tlv=12, sm=64, rd=90.00, cd=0, um=0","Time elapsed: 23.86 seconds","/home/thomasverwaal/Robust-Rail-NL/mathematical-models/local_search_plans_discreet_120/plan_32_trains_1_units4.json"
"/home/thomasverwaal/Robust-Rail-NL/mathematical-models/scenarios_solver_types_120/scenario_solver_32_trains_1_units4.json","Cost of next node: Cost = 463.0 : 524.28 | cr=18, dd=2, da=0, tlv=12, sm=64, rd=90.00, cd=0, um=0","Time elapsed: 27.67 seconds","/home/thomasverwaal/Robust-Rail-NL/mathematical-models/local_search_plans_discreet_120/plan_32_trains_1_units4.json"
"/home/thomasverwaal/Robust-Rail-NL/mathematical-models/scenarios_solver_types_120/scenario_solver_32_trains_1_units4.json","Cost of next node: Cost = 443.0 : 504.28 | cr=16, dd=2, da=0, tlv=12, sm=64, rd=90.00, cd=0, um=0","Time elapsed: 30.91 seconds","/home/thomasverwaal/Robust-Rail-NL/mathematical-models/local_search_plans_discreet_120/plan_32_trains_1_units4.json"
"/home/thomasverwaal/Robust-Rail-NL/mathematical-models/scenarios_solver_types_120/scenario_solver_32_trains_1_units4.json","Cost of next node: Cost = 433.0 : 494.28 | cr=15, dd=2, da=0, tlv=12, sm=64, rd=91.88, cd=0, um=0","Time elapsed: 33.64 seconds","/home/thomasverwaal/Robust-Rail-NL/mathematical-models/local_search_plans_discreet_120/plan_32_trains_1_units4.json"
"/home/thomasverwaal/Robust-Rail-NL/mathematical-models/scenarios_solver_types_120/scenario_solver_32_trains_1_units4.json","Cost of next node: Cost = 345.0 : 411.28 | cr=15, dd=0, da=0, tlv=13, sm=64, rd=88.12, cd=0, um=0","Time elapsed: 33.91 seconds","/home/thomasverwaal/Robust-Rail-NL/mathematical-models/local_search_plans_discreet_120/plan_32_trains_1_units4.json"
"/home/thomasverwaal/Robust-Rail-NL/mathematical-models/scenarios_solver_types_120/scenario_solver_32_trains_1_units4.json","Cost of next node: Cost = 330.0 : 391.28 | cr=15, dd=0, da=0, tlv=12, sm=64, rd=88.12, cd=0, um=0","Time elapsed: 36.27 seconds","/home/thomasverwaal/Robust-Rail-NL/mathematical-models/local_search_plans_discreet_120/plan_32_trains_1_units4.json"
"/home/thomasverwaal/Robust-Rail-NL/mathematical-models/scenarios_solver_types_120/scenario_solver_32_trains_1_units4.json","Cost of next node: Cost = 320.0 : 381.28 | cr=14, dd=0, da=0, tlv=12, sm=64, rd=88.12, cd=0, um=0","Time elapsed: 38.63 seconds","/home/thomasverwaal/Robust-Rail-NL/mathematical-models/local_search_plans_discreet_120/plan_32_trains_1_units4.json"
"/home/thomasverwaal/Robust-Rail-NL/mathematical-models/scenarios_solver_types_120/scenario_solver_32_trains_1_units4.json","Cost of next node: Cost = 310.0 : 371.28 | cr=13, dd=0, da=0, tlv=12, sm=64, rd=90.00, cd=0, um=0","Time elapsed: 40.58 seconds","/home/thomasverwaal/Robust-Rail-NL/mathematical-models/local_search_plans_discreet_120/plan_32_trains_1_units4.json"
"/home/thomasverwaal/Robust-Rail-NL/mathematical-models/scenarios_solver_types_120/scenario_solver_32_trains_1_units4.json","Cost of next node: Cost = 300.0 : 361.28 | cr=12, dd=0, da=0, tlv=12, sm=64, rd=91.88, cd=0, um=0","Time elapsed: 42.40 seconds","/home/thomasverwaal/Robust-Rail-NL/mathematical-models/local_search_plans_discreet_120/plan_32_trains_1_units4.json"
"/home/thomasverwaal/Robust-Rail-NL/mathematical-models/scenarios_solver_types_120/scenario_solver_32_trains_1_units4.json","Cost of next node: Cost = 290.0 : 351.28 | cr=11, dd=0, da=0, tlv=12, sm=64, rd=93.75, cd=0, um=0","Time elapsed: 44.00 seconds","/home/thomasverwaal/Robust-Rail-NL/mathematical-models/local_search_plans_discreet_120/plan_32_trains_1_units4.json"
"/home/thomasverwaal/Robust-Rail-NL/mathematical-models/scenarios_solver_types_120/scenario_solver_32_trains_1_units4.json","Cost of next node: Cost = 280.0 : 341.28 | cr=10, dd=0, da=0, tlv=12, sm=64, rd=95.62, cd=0, um=0","Time elapsed: 45.24 seconds","/home/thomasverwaal/Robust-Rail-NL/mathematical-models/local_search_plans_discreet_120/plan_32_trains_1_units4.json"
"/home/thomasverwaal/Robust-Rail-NL/mathematical-models/scenarios_solver_types_120/scenario_solver_32_trains_1_units4.json","Cost of next node: Cost = 265.0 : 321.30 | cr=10, dd=0, da=0, tlv=11, sm=65, rd=94.15, cd=0, um=0","Time elapsed: 46.43 seconds","/home/thomasverwaal/Robust-Rail-NL/mathematical-models/local_search_plans_discreet_120/plan_32_trains_1_units4.json"
"/home/thomasverwaal/Robust-Rail-NL/mathematical-models/scenarios_solver_types_120/scenario_solver_32_trains_1_units4.json","Cost of next node: Cost = 245.0 : 301.30 | cr=8, dd=0, da=0, tlv=11, sm=65, rd=94.15, cd=0, um=0","Time elapsed: 47.96 seconds","/home/thomasverwaal/Robust-Rail-NL/mathematical-models/local_search_plans_discreet_120/plan_32_trains_1_units4.json"
"/home/thomasverwaal/Robust-Rail-NL/mathematical-models/scenarios_solver_types_120/scenario_solver_32_trains_1_units4.json","Cost of next node: Cost = 235.0 : 291.30 | cr=7, dd=0, da=0, tlv=11, sm=65, rd=96.00, cd=0, um=0","Time elapsed: 48.99 seconds","/home/thomasverwaal/Robust-Rail-NL/mathematical-models/local_search_plans_discreet_120/plan_32_trains_1_units4.json"
"/home/thomasverwaal/Robust-Rail-NL/mathematical-models/scenarios_solver_types_120/scenario_solver_32_trains_1_units4.json","Cost of next node: Cost = 225.0 : 281.30 | cr=6, dd=0, da=0, tlv=11, sm=65, rd=94.15, cd=0, um=0","Time elapsed: 49.97 seconds","/home/thomasverwaal/Robust-Rail-NL/mathematical-models/local_search_plans_discreet_120/plan_32_trains_1_units4.json"
"/home/thomasverwaal/Robust-Rail-NL/mathematical-models/scenarios_solver_types_120/scenario_solver_32_trains_1_units4.json","Cost of next node: Cost = 215.0 : 271.30 | cr=5, dd=0, da=0, tlv=11, sm=65, rd=94.15, cd=0, um=0","Time elapsed: 51.04 seconds","/home/thomasverwaal/Robust-Rail-NL/mathematical-models/local_search_plans_discreet_120/plan_32_trains_1_units4.json"
"/home/thomasverwaal/Robust-Rail-NL/mathematical-models/scenarios_solver_types_120/scenario_solver_32_trains_1_units4.json","Cost of next node: Cost = 205.0 : 261.30 | cr=4, dd=0, da=0, tlv=11, sm=65, rd=92.31, cd=0, um=0","Time elapsed: 51.85 seconds","/home/thomasverwaal/Robust-Rail-NL/mathematical-models/local_search_plans_discreet_120/plan_32_trains_1_units4.json"
"/home/thomasverwaal/Robust-Rail-NL/mathematical-models/scenarios_solver_types_120/scenario_solver_32_trains_1_units4.json","Cost of next node: Cost = 195.0 : 251.32 | cr=3, dd=0, da=0, tlv=11, sm=66, rd=92.73, cd=0, um=0","Time elapsed: 59.69 seconds","/home/thomasverwaal/Robust-Rail-NL/mathematical-models/local_search_plans_discreet_120/plan_32_trains_1_units4.json"
"/home/thomasverwaal/Robust-Rail-NL/mathematical-models/scenarios_solver_types_120/scenario_solver_32_trains_1_units4.json","Cost of next node: Cost = 185.0 : 241.32 | cr=2, dd=0, da=0, tlv=11, sm=66, rd=94.55, cd=0, um=0","Time elapsed: 130.72 seconds","/home/thomasverwaal/Robust-Rail-NL/mathematical-models/local_search_plans_discreet_120/plan_32_trains_1_units4.json"
"/home/thomasverwaal/Robust-Rail-NL/mathematical-models/scenarios_solver_types_120/scenario_solver_32_trains_1_units4.json","NO_COST_FOUND","NO_TIME_FOUND","NO_PLAN_CREATED"
