scenario,cost_line,time_line,plan_file
"/home/thomasverwaal/Robust-Rail-NL/mathematical-models/scenarios_solver_types_120/scenario_solver_32_trains_11_units28.json","Cost of next node: Cost = 2,817.3 : 2,818.57 | cr=47, dd=32, da=30, tlv=0, sm=64, rd=183.75, cd=0, um=0","Time elapsed: 4.39 seconds","/home/thomasverwaal/Robust-Rail-NL/mathematical-models/local_search_plans_discreet_120/plan_32_trains_11_units28.json"
"/home/thomasverwaal/Robust-Rail-NL/mathematical-models/scenarios_solver_types_120/scenario_solver_32_trains_11_units28.json","Cost of next node: Cost = 2,774.6 : 2,775.87 | cr=47, dd=32, da=29, tlv=0, sm=64, rd=179.06, cd=0, um=0","Time elapsed: 4.55 seconds","/home/thomasverwaal/Robust-Rail-NL/mathematical-models/local_search_plans_discreet_120/plan_32_trains_11_units28.json"
"/home/thomasverwaal/Robust-Rail-NL/mathematical-models/scenarios_solver_types_120/scenario_solver_32_trains_11_units28.json","Cost of next node: Cost = 2,719.6 : 2,725.91 | cr=44, dd=32, da=27, tlv=1, sm=64, rd=178.12, cd=0, um=0","Time elapsed: 4.68 seconds","/home/thomasverwaal/Robust-Rail-NL/mathematical-models/local_search_plans_discreet_120/plan_32_trains_11_units28.json"
"/home/thomasverwaal/Robust-Rail-NL/mathematical-models/scenarios_solver_types_120/scenario_solver_32_trains_11_units28.json","Cost of next node: Cost = 2,655.5 : 2,661.83 | cr=44, dd=32, da=24, tlv=1, sm=64, rd=174.38, cd=0, um=0","Time elapsed: 4.77 seconds","/home/thomasverwaal/Robust-Rail-NL/mathematical-models/local_search_plans_discreet_120/plan_32_trains_11_units28.json"
"/home/thomasverwaal/Robust-Rail-NL/mathematical-models/scenarios_solver_types_120/scenario_solver_32_trains_11_units28.json","Cost of next node: Cost = 2,570.8 : 2,582.07 | cr=38, dd=32, da=22, tlv=2, sm=64, rd=175.31, cd=0, um=0","Time elapsed: 4.90 seconds","/home/thomasverwaal/Robust-Rail-NL/mathematical-models/local_search_plans_discreet_120/plan_32_trains_11_units28.json"
"/home/thomasverwaal/Robust-Rail-NL/mathematical-models/scenarios_solver_types_120/scenario_solver_32_trains_11_units28.json","Cost of next node: Cost = 2,540.0 : 2,551.25 | cr=34, dd=32, da=22, tlv=2, sm=64, rd=181.88, cd=0, um=0","Time elapsed: 4.98 seconds","/home/thomasverwaal/Robust-Rail-NL/mathematical-models/local_search_plans_discreet_120/plan_32_trains_11_units28.json"
"/home/thomasverwaal/Robust-Rail-NL/mathematical-models/scenarios_solver_types_120/scenario_solver_32_trains_11_units28.json","Cost of next node: Cost = 2,518.5 : 2,529.79 | cr=32, dd=32, da=22, tlv=2, sm=64, rd=183.75, cd=0, um=0","Time elapsed: 5.04 seconds","/home/thomasverwaal/Robust-Rail-NL/mathematical-models/local_search_plans_discreet_120/plan_32_trains_11_units28.json"
"/home/thomasverwaal/Robust-Rail-NL/mathematical-models/scenarios_solver_types_120/scenario_solver_32_trains_11_units28.json","Cost of next node: Cost = 2,488.4 : 2,504.71 | cr=32, dd=32, da=20, tlv=3, sm=64, rd=177.19, cd=0, um=0","Time elapsed: 5.13 seconds","/home/thomasverwaal/Robust-Rail-NL/mathematical-models/local_search_plans_discreet_120/plan_32_trains_11_units28.json"
"/home/thomasverwaal/Robust-Rail-NL/mathematical-models/scenarios_solver_types_120/scenario_solver_32_trains_11_units28.json","Cost of next node: Cost = 2,425.4 : 2,446.64 | cr=31, dd=32, da=17, tlv=4, sm=64, rd=169.69, cd=0, um=0","Time elapsed: 5.24 seconds","/home/thomasverwaal/Robust-Rail-NL/mathematical-models/local_search_plans_discreet_120/plan_32_trains_11_units28.json"
"/home/thomasverwaal/Robust-Rail-NL/mathematical-models/scenarios_solver_types_120/scenario_solver_32_trains_11_units28.json","Cost of next node: Cost = 2,378.5 : 2,394.79 | cr=39, dd=32, da=11, tlv=3, sm=64, rd=165.94, cd=0, um=0","Time elapsed: 5.35 seconds","/home/thomasverwaal/Robust-Rail-NL/mathematical-models/local_search_plans_discreet_120/plan_32_trains_11_units28.json"
"/home/thomasverwaal/Robust-Rail-NL/mathematical-models/scenarios_solver_types_120/scenario_solver_32_trains_11_units28.json","Cost of next node: Cost = 2,358.5 : 2,379.77 | cr=37, dd=32, da=11, tlv=4, sm=64, rd=160.31, cd=0, um=0","Time elapsed: 5.63 seconds","/home/thomasverwaal/Robust-Rail-NL/mathematical-models/local_search_plans_discreet_120/plan_32_trains_11_units28.json"
"/home/thomasverwaal/Robust-Rail-NL/mathematical-models/scenarios_solver_types_120/scenario_solver_32_trains_11_units28.json","Cost of next node: Cost = 2,334.8 : 2,361.05 | cr=34, dd=32, da=11, tlv=5, sm=64, rd=153.75, cd=0, um=0","Time elapsed: 5.86 seconds","/home/thomasverwaal/Robust-Rail-NL/mathematical-models/local_search_plans_discreet_120/plan_32_trains_11_units28.json"
"/home/thomasverwaal/Robust-Rail-NL/mathematical-models/scenarios_solver_types_120/scenario_solver_32_trains_11_units28.json","Cost of next node: Cost = 2,314.1 : 2,345.34 | cr=29, dd=32, da=11, tlv=6, sm=64, rd=157.50, cd=0, um=0","Time elapsed: 5.97 seconds","/home/thomasverwaal/Robust-Rail-NL/mathematical-models/local_search_plans_discreet_120/plan_32_trains_11_units28.json"
"/home/thomasverwaal/Robust-Rail-NL/mathematical-models/scenarios_solver_types_120/scenario_solver_32_trains_11_units28.json","Cost of next node: Cost = 2,279.6 : 2,310.92 | cr=29, dd=32, da=10, tlv=6, sm=64, rd=150.00, cd=0, um=0","Time elapsed: 6.24 seconds","/home/thomasverwaal/Robust-Rail-NL/mathematical-models/local_search_plans_discreet_120/plan_32_trains_11_units28.json"
"/home/thomasverwaal/Robust-Rail-NL/mathematical-models/scenarios_solver_types_120/scenario_solver_32_trains_11_units28.json","Cost of next node: Cost = 2,224.6 : 2,260.92 | cr=22, dd=32, da=10, tlv=7, sm=64, rd=150.00, cd=0, um=0","Time elapsed: 6.65 seconds","/home/thomasverwaal/Robust-Rail-NL/mathematical-models/local_search_plans_discreet_120/plan_32_trains_11_units28.json"
"/home/thomasverwaal/Robust-Rail-NL/mathematical-models/scenarios_solver_types_120/scenario_solver_32_trains_11_units28.json","Cost of next node: Cost = 2,202.9 : 2,244.16 | cr=22, dd=32, da=9, tlv=8, sm=64, rd=142.50, cd=0, um=0","Time elapsed: 7.25 seconds","/home/thomasverwaal/Robust-Rail-NL/mathematical-models/local_search_plans_discreet_120/plan_32_trains_11_units28.json"
"/home/thomasverwaal/Robust-Rail-NL/mathematical-models/scenarios_solver_types_120/scenario_solver_32_trains_11_units28.json","Cost of next node: Cost = 2,172.3 : 2,218.55 | cr=22, dd=32, da=8, tlv=9, sm=64, rd=135.00, cd=0, um=0","Time elapsed: 7.75 seconds","/home/thomasverwaal/Robust-Rail-NL/mathematical-models/local_search_plans_discreet_120/plan_32_trains_11_units28.json"
"/home/thomasverwaal/Robust-Rail-NL/mathematical-models/scenarios_solver_types_120/scenario_solver_32_trains_11_units28.json","Cost of next node: Cost = 2,151.6 : 2,197.86 | cr=19, dd=32, da=8, tlv=9, sm=64, rd=140.62, cd=0, um=0","Time elapsed: 8.38 seconds","/home/thomasverwaal/Robust-Rail-NL/mathematical-models/local_search_plans_discreet_120/plan_32_trains_11_units28.json"
"/home/thomasverwaal/Robust-Rail-NL/mathematical-models/scenarios_solver_types_120/scenario_solver_32_trains_11_units28.json","Cost of next node: Cost = 2,117.7 : 2,168.95 | cr=17, dd=32, da=8, tlv=10, sm=64, rd=130.31, cd=0, um=0","Time elapsed: 9.07 seconds","/home/thomasverwaal/Robust-Rail-NL/mathematical-models/local_search_plans_discreet_120/plan_32_trains_11_units28.json"
"/home/thomasverwaal/Robust-Rail-NL/mathematical-models/scenarios_solver_types_120/scenario_solver_32_trains_11_units28.json","Cost of next node: Cost = 2,057.6 : 2,108.88 | cr=22, dd=30, da=8, tlv=10, sm=64, rd=126.56, cd=0, um=0","Time elapsed: 9.41 seconds","/home/thomasverwaal/Robust-Rail-NL/mathematical-models/local_search_plans_discreet_120/plan_32_trains_11_units28.json"
"/home/thomasverwaal/Robust-Rail-NL/mathematical-models/scenarios_solver_types_120/scenario_solver_32_trains_11_units28.json","Cost of next node: Cost = 2,007.9 : 2,059.18 | cr=22, dd=29, da=8, tlv=10, sm=64, rd=125.62, cd=0, um=0","Time elapsed: 9.61 seconds","/home/thomasverwaal/Robust-Rail-NL/mathematical-models/local_search_plans_discreet_120/plan_32_trains_11_units28.json"
"/home/thomasverwaal/Robust-Rail-NL/mathematical-models/scenarios_solver_types_120/scenario_solver_32_trains_11_units28.json","Cost of next node: Cost = 1,881.6 : 1,937.88 | cr=23, dd=26, da=8, tlv=11, sm=64, rd=121.88, cd=0, um=0","Time elapsed: 9.84 seconds","/home/thomasverwaal/Robust-Rail-NL/mathematical-models/local_search_plans_discreet_120/plan_32_trains_11_units28.json"
"/home/thomasverwaal/Robust-Rail-NL/mathematical-models/scenarios_solver_types_120/scenario_solver_32_trains_11_units28.json","Cost of next node: Cost = 1,786.4 : 1,847.68 | cr=22, dd=24, da=8, tlv=12, sm=64, rd=118.12, cd=0, um=0","Time elapsed: 9.99 seconds","/home/thomasverwaal/Robust-Rail-NL/mathematical-models/local_search_plans_discreet_120/plan_32_trains_11_units28.json"
"/home/thomasverwaal/Robust-Rail-NL/mathematical-models/scenarios_solver_types_120/scenario_solver_32_trains_11_units28.json","Cost of next node: Cost = 1,725.7 : 1,791.98 | cr=22, dd=23, da=7, tlv=13, sm=64, rd=112.50, cd=0, um=0","Time elapsed: 10.24 seconds","/home/thomasverwaal/Robust-Rail-NL/mathematical-models/local_search_plans_discreet_120/plan_32_trains_11_units28.json"
"/home/thomasverwaal/Robust-Rail-NL/mathematical-models/scenarios_solver_types_120/scenario_solver_32_trains_11_units28.json","Cost of next node: Cost = 1,677.2 : 1,743.48 | cr=22, dd=22, da=7, tlv=13, sm=64, rd=112.50, cd=0, um=0","Time elapsed: 10.31 seconds","/home/thomasverwaal/Robust-Rail-NL/mathematical-models/local_search_plans_discreet_120/plan_32_trains_11_units28.json"
"/home/thomasverwaal/Robust-Rail-NL/mathematical-models/scenarios_solver_types_120/scenario_solver_32_trains_11_units28.json","Cost of next node: Cost = 1,628.7 : 1,694.98 | cr=22, dd=21, da=7, tlv=13, sm=64, rd=112.50, cd=0, um=0","Time elapsed: 10.45 seconds","/home/thomasverwaal/Robust-Rail-NL/mathematical-models/local_search_plans_discreet_120/plan_32_trains_11_units28.json"
"/home/thomasverwaal/Robust-Rail-NL/mathematical-models/scenarios_solver_types_120/scenario_solver_32_trains_11_units28.json","Cost of next node: Cost = 1,590.5 : 1,656.77 | cr=23, dd=20, da=7, tlv=13, sm=64, rd=112.50, cd=0, um=0","Time elapsed: 10.58 seconds","/home/thomasverwaal/Robust-Rail-NL/mathematical-models/local_search_plans_discreet_120/plan_32_trains_11_units28.json"
"/home/thomasverwaal/Robust-Rail-NL/mathematical-models/scenarios_solver_types_120/scenario_solver_32_trains_11_units28.json","Cost of next node: Cost = 1,565.5 : 1,626.77 | cr=22, dd=20, da=7, tlv=12, sm=64, rd=114.38, cd=0, um=0","Time elapsed: 10.73 seconds","/home/thomasverwaal/Robust-Rail-NL/mathematical-models/local_search_plans_discreet_120/plan_32_trains_11_units28.json"
"/home/thomasverwaal/Robust-Rail-NL/mathematical-models/scenarios_solver_types_120/scenario_solver_32_trains_11_units28.json","Cost of next node: Cost = 1,513.6 : 1,579.86 | cr=23, dd=19, da=6, tlv=13, sm=64, rd=108.75, cd=0, um=0","Time elapsed: 11.07 seconds","/home/thomasverwaal/Robust-Rail-NL/mathematical-models/local_search_plans_discreet_120/plan_32_trains_11_units28.json"
"/home/thomasverwaal/Robust-Rail-NL/mathematical-models/scenarios_solver_types_120/scenario_solver_32_trains_11_units28.json","Cost of next node: Cost = 1,426.9 : 1,498.21 | cr=22, dd=18, da=4, tlv=14, sm=64, rd=109.69, cd=0, um=0","Time elapsed: 11.31 seconds","/home/thomasverwaal/Robust-Rail-NL/mathematical-models/local_search_plans_discreet_120/plan_32_trains_11_units28.json"
"/home/thomasverwaal/Robust-Rail-NL/mathematical-models/scenarios_solver_types_120/scenario_solver_32_trains_11_units28.json","Cost of next node: Cost = 1,372.5 : 1,443.83 | cr=22, dd=17, da=4, tlv=14, sm=64, rd=103.12, cd=0, um=0","Time elapsed: 11.39 seconds","/home/thomasverwaal/Robust-Rail-NL/mathematical-models/local_search_plans_discreet_120/plan_32_trains_11_units28.json"
"/home/thomasverwaal/Robust-Rail-NL/mathematical-models/scenarios_solver_types_120/scenario_solver_32_trains_11_units28.json","Cost of next node: Cost = 1,282.8 : 1,354.10 | cr=23, dd=15, da=4, tlv=14, sm=64, rd=103.12, cd=0, um=0","Time elapsed: 11.52 seconds","/home/thomasverwaal/Robust-Rail-NL/mathematical-models/local_search_plans_discreet_120/plan_32_trains_11_units28.json"
"/home/thomasverwaal/Robust-Rail-NL/mathematical-models/scenarios_solver_types_120/scenario_solver_32_trains_11_units28.json","Cost of next node: Cost = 1,247.8 : 1,314.10 | cr=21, dd=15, da=4, tlv=13, sm=64, rd=105.00, cd=0, um=0","Time elapsed: 11.65 seconds","/home/thomasverwaal/Robust-Rail-NL/mathematical-models/local_search_plans_discreet_120/plan_32_trains_11_units28.json"
"/home/thomasverwaal/Robust-Rail-NL/mathematical-models/scenarios_solver_types_120/scenario_solver_32_trains_11_units28.json","Cost of next node: Cost = 1,222.8 : 1,284.10 | cr=20, dd=15, da=4, tlv=12, sm=64, rd=106.88, cd=0, um=0","Time elapsed: 11.83 seconds","/home/thomasverwaal/Robust-Rail-NL/mathematical-models/local_search_plans_discreet_120/plan_32_trains_11_units28.json"
"/home/thomasverwaal/Robust-Rail-NL/mathematical-models/scenarios_solver_types_120/scenario_solver_32_trains_11_units28.json","Cost of next node: Cost = 1,127.3 : 1,193.59 | cr=19, dd=13, da=4, tlv=13, sm=64, rd=105.00, cd=0, um=0","Time elapsed: 11.97 seconds","/home/thomasverwaal/Robust-Rail-NL/mathematical-models/local_search_plans_discreet_120/plan_32_trains_11_units28.json"
"/home/thomasverwaal/Robust-Rail-NL/mathematical-models/scenarios_solver_types_120/scenario_solver_32_trains_11_units28.json","Cost of next node: Cost = 1,001.8 : 1,073.03 | cr=19, dd=11, da=2, tlv=14, sm=64, rd=99.38, cd=0, um=0","Time elapsed: 12.33 seconds","/home/thomasverwaal/Robust-Rail-NL/mathematical-models/local_search_plans_discreet_120/plan_32_trains_11_units28.json"
"/home/thomasverwaal/Robust-Rail-NL/mathematical-models/scenarios_solver_types_120/scenario_solver_32_trains_11_units28.json","Cost of next node: Cost = 887.6 : 963.88 | cr=16, dd=9, da=2, tlv=15, sm=64, rd=93.75, cd=0, um=0","Time elapsed: 12.59 seconds","/home/thomasverwaal/Robust-Rail-NL/mathematical-models/local_search_plans_discreet_120/plan_32_trains_11_units28.json"
"/home/thomasverwaal/Robust-Rail-NL/mathematical-models/scenarios_solver_types_120/scenario_solver_32_trains_11_units28.json","Cost of next node: Cost = 772.1 : 853.36 | cr=15, dd=7, da=1, tlv=16, sm=64, rd=90.00, cd=0, um=0","Time elapsed: 12.95 seconds","/home/thomasverwaal/Robust-Rail-NL/mathematical-models/local_search_plans_discreet_120/plan_32_trains_11_units28.json"
"/home/thomasverwaal/Robust-Rail-NL/mathematical-models/scenarios_solver_types_120/scenario_solver_32_trains_11_units28.json","Cost of next node: Cost = 747.1 : 823.36 | cr=14, dd=7, da=1, tlv=15, sm=64, rd=91.88, cd=0, um=0","Time elapsed: 13.11 seconds","/home/thomasverwaal/Robust-Rail-NL/mathematical-models/local_search_plans_discreet_120/plan_32_trains_11_units28.json"
"/home/thomasverwaal/Robust-Rail-NL/mathematical-models/scenarios_solver_types_120/scenario_solver_32_trains_11_units28.json","Cost of next node: Cost = 529.0 : 610.28 | cr=13, dd=3, da=0, tlv=16, sm=64, rd=84.38, cd=0, um=0","Time elapsed: 13.37 seconds","/home/thomasverwaal/Robust-Rail-NL/mathematical-models/local_search_plans_discreet_120/plan_32_trains_11_units28.json"
"/home/thomasverwaal/Robust-Rail-NL/mathematical-models/scenarios_solver_types_120/scenario_solver_32_trains_11_units28.json","Cost of next node: Cost = 504.0 : 580.28 | cr=12, dd=3, da=0, tlv=15, sm=64, rd=86.25, cd=0, um=0","Time elapsed: 13.75 seconds","/home/thomasverwaal/Robust-Rail-NL/mathematical-models/local_search_plans_discreet_120/plan_32_trains_11_units28.json"
"/home/thomasverwaal/Robust-Rail-NL/mathematical-models/scenarios_solver_types_120/scenario_solver_32_trains_11_units28.json","Cost of next node: Cost = 469.0 : 550.28 | cr=12, dd=2, da=0, tlv=16, sm=64, rd=79.69, cd=0, um=0","Time elapsed: 14.04 seconds","/home/thomasverwaal/Robust-Rail-NL/mathematical-models/local_search_plans_discreet_120/plan_32_trains_11_units28.json"
"/home/thomasverwaal/Robust-Rail-NL/mathematical-models/scenarios_solver_types_120/scenario_solver_32_trains_11_units28.json","Cost of next node: Cost = 428.0 : 514.28 | cr=12, dd=1, da=0, tlv=17, sm=64, rd=75.00, cd=0, um=0","Time elapsed: 14.29 seconds","/home/thomasverwaal/Robust-Rail-NL/mathematical-models/local_search_plans_discreet_120/plan_32_trains_11_units28.json"
"/home/thomasverwaal/Robust-Rail-NL/mathematical-models/scenarios_solver_types_120/scenario_solver_32_trains_11_units28.json","Cost of next node: Cost = 375.0 : 461.28 | cr=12, dd=0, da=0, tlv=17, sm=64, rd=75.00, cd=0, um=0","Time elapsed: 14.48 seconds","/home/thomasverwaal/Robust-Rail-NL/mathematical-models/local_search_plans_discreet_120/plan_32_trains_11_units28.json"
"/home/thomasverwaal/Robust-Rail-NL/mathematical-models/scenarios_solver_types_120/scenario_solver_32_trains_11_units28.json","Cost of next node: Cost = 350.0 : 431.28 | cr=11, dd=0, da=0, tlv=16, sm=64, rd=75.00, cd=0, um=0","Time elapsed: 14.84 seconds","/home/thomasverwaal/Robust-Rail-NL/mathematical-models/local_search_plans_discreet_120/plan_32_trains_11_units28.json"
"/home/thomasverwaal/Robust-Rail-NL/mathematical-models/scenarios_solver_types_120/scenario_solver_32_trains_11_units28.json","Cost of next node: Cost = 335.0 : 411.28 | cr=11, dd=0, da=0, tlv=15, sm=64, rd=76.88, cd=0, um=0","Time elapsed: 19.61 seconds","/home/thomasverwaal/Robust-Rail-NL/mathematical-models/local_search_plans_discreet_120/plan_32_trains_11_units28.json"
"/home/thomasverwaal/Robust-Rail-NL/mathematical-models/scenarios_solver_types_120/scenario_solver_32_trains_11_units28.json","Cost of next node: Cost = 320.0 : 391.28 | cr=11, dd=0, da=0, tlv=14, sm=64, rd=78.75, cd=0, um=0","Time elapsed: 24.46 seconds","/home/thomasverwaal/Robust-Rail-NL/mathematical-models/local_search_plans_discreet_120/plan_32_trains_11_units28.json"
"/home/thomasverwaal/Robust-Rail-NL/mathematical-models/scenarios_solver_types_120/scenario_solver_32_trains_11_units28.json","Cost of next node: Cost = 310.0 : 381.28 | cr=10, dd=0, da=0, tlv=14, sm=64, rd=78.75, cd=0, um=0","Time elapsed: 28.67 seconds","/home/thomasverwaal/Robust-Rail-NL/mathematical-models/local_search_plans_discreet_120/plan_32_trains_11_units28.json"
"/home/thomasverwaal/Robust-Rail-NL/mathematical-models/scenarios_solver_types_120/scenario_solver_32_trains_11_units28.json","Cost of next node: Cost = 300.0 : 371.28 | cr=9, dd=0, da=0, tlv=14, sm=64, rd=78.75, cd=0, um=0","Time elapsed: 32.00 seconds","/home/thomasverwaal/Robust-Rail-NL/mathematical-models/local_search_plans_discreet_120/plan_32_trains_11_units28.json"
"/home/thomasverwaal/Robust-Rail-NL/mathematical-models/scenarios_solver_types_120/scenario_solver_32_trains_11_units28.json","Cost of next node: Cost = 290.0 : 361.28 | cr=8, dd=0, da=0, tlv=14, sm=64, rd=78.75, cd=0, um=0","Time elapsed: 34.90 seconds","/home/thomasverwaal/Robust-Rail-NL/mathematical-models/local_search_plans_discreet_120/plan_32_trains_11_units28.json"
"/home/thomasverwaal/Robust-Rail-NL/mathematical-models/scenarios_solver_types_120/scenario_solver_32_trains_11_units28.json","Cost of next node: Cost = 280.0 : 351.28 | cr=7, dd=0, da=0, tlv=14, sm=64, rd=78.75, cd=0, um=0","Time elapsed: 37.30 seconds","/home/thomasverwaal/Robust-Rail-NL/mathematical-models/local_search_plans_discreet_120/plan_32_trains_11_units28.json"
"/home/thomasverwaal/Robust-Rail-NL/mathematical-models/scenarios_solver_types_120/scenario_solver_32_trains_11_units28.json","Cost of next node: Cost = 270.0 : 341.28 | cr=6, dd=0, da=0, tlv=14, sm=64, rd=78.75, cd=0, um=0","Time elapsed: 39.21 seconds","/home/thomasverwaal/Robust-Rail-NL/mathematical-models/local_search_plans_discreet_120/plan_32_trains_11_units28.json"
"/home/thomasverwaal/Robust-Rail-NL/mathematical-models/scenarios_solver_types_120/scenario_solver_32_trains_11_units28.json","Cost of next node: Cost = 260.0 : 331.28 | cr=5, dd=0, da=0, tlv=14, sm=64, rd=78.75, cd=0, um=0","Time elapsed: 41.00 seconds","/home/thomasverwaal/Robust-Rail-NL/mathematical-models/local_search_plans_discreet_120/plan_32_trains_11_units28.json"
"/home/thomasverwaal/Robust-Rail-NL/mathematical-models/scenarios_solver_types_120/scenario_solver_32_trains_11_units28.json","Cost of next node: Cost = 250.0 : 321.28 | cr=4, dd=0, da=0, tlv=14, sm=64, rd=78.75, cd=0, um=0","Time elapsed: 77.83 seconds","/home/thomasverwaal/Robust-Rail-NL/mathematical-models/local_search_plans_discreet_120/plan_32_trains_11_units28.json"
"/home/thomasverwaal/Robust-Rail-NL/mathematical-models/scenarios_solver_types_120/scenario_solver_32_trains_11_units28.json","NO_COST_FOUND","NO_TIME_FOUND","NO_PLAN_CREATED"
"/home/thomasverwaal/Robust-Rail-NL/mathematical-models/scenarios_solver_types_120/scenario_solver_32_trains_11_units29.json","Cost of next node: Cost = 2,762.3 : 2,768.56 | cr=47, dd=32, da=28, tlv=1, sm=64, rd=179.06, cd=0, um=0","Time elapsed: 5.07 seconds","/home/thomasverwaal/Robust-Rail-NL/mathematical-models/local_search_plans_discreet_120/plan_32_trains_11_units29.json"
"/home/thomasverwaal/Robust-Rail-NL/mathematical-models/scenarios_solver_types_120/scenario_solver_32_trains_11_units29.json","Cost of next node: Cost = 2,727.6 : 2,733.93 | cr=44, dd=32, da=28, tlv=1, sm=64, rd=177.19, cd=0, um=0","Time elapsed: 5.16 seconds","/home/thomasverwaal/Robust-Rail-NL/mathematical-models/local_search_plans_discreet_120/plan_32_trains_11_units29.json"
"/home/thomasverwaal/Robust-Rail-NL/mathematical-models/scenarios_solver_types_120/scenario_solver_32_trains_11_units29.json","Cost of next node: Cost = 2,695.6 : 2,701.84 | cr=41, dd=32, da=28, tlv=1, sm=64, rd=177.19, cd=0, um=0","Time elapsed: 5.24 seconds","/home/thomasverwaal/Robust-Rail-NL/mathematical-models/local_search_plans_discreet_120/plan_32_trains_11_units29.json"
"/home/thomasverwaal/Robust-Rail-NL/mathematical-models/scenarios_solver_types_120/scenario_solver_32_trains_11_units29.json","Cost of next node: Cost = 2,579.0 : 2,585.24 | cr=40, dd=32, da=23, tlv=1, sm=64, rd=170.62, cd=0, um=0","Time elapsed: 5.38 seconds","/home/thomasverwaal/Robust-Rail-NL/mathematical-models/local_search_plans_discreet_120/plan_32_trains_11_units29.json"
"/home/thomasverwaal/Robust-Rail-NL/mathematical-models/scenarios_solver_types_120/scenario_solver_32_trains_11_units29.json","Cost of next node: Cost = 2,515.6 : 2,526.86 | cr=39, dd=32, da=19, tlv=2, sm=64, rd=167.81, cd=0, um=0","Time elapsed: 5.54 seconds","/home/thomasverwaal/Robust-Rail-NL/mathematical-models/local_search_plans_discreet_120/plan_32_trains_11_units29.json"
"/home/thomasverwaal/Robust-Rail-NL/mathematical-models/scenarios_solver_types_120/scenario_solver_32_trains_11_units29.json","Cost of next node: Cost = 2,489.8 : 2,501.07 | cr=40, dd=32, da=17, tlv=2, sm=64, rd=170.62, cd=0, um=0","Time elapsed: 5.67 seconds","/home/thomasverwaal/Robust-Rail-NL/mathematical-models/local_search_plans_discreet_120/plan_32_trains_11_units29.json"
"/home/thomasverwaal/Robust-Rail-NL/mathematical-models/scenarios_solver_types_120/scenario_solver_32_trains_11_units29.json","Cost of next node: Cost = 2,452.7 : 2,469.02 | cr=39, dd=32, da=15, tlv=3, sm=64, rd=166.88, cd=0, um=0","Time elapsed: 5.76 seconds","/home/thomasverwaal/Robust-Rail-NL/mathematical-models/local_search_plans_discreet_120/plan_32_trains_11_units29.json"
"/home/thomasverwaal/Robust-Rail-NL/mathematical-models/scenarios_solver_types_120/scenario_solver_32_trains_11_units29.json","Cost of next node: Cost = 2,392.9 : 2,409.14 | cr=39, dd=32, da=12, tlv=3, sm=64, rd=161.25, cd=0, um=0","Time elapsed: 5.88 seconds","/home/thomasverwaal/Robust-Rail-NL/mathematical-models/local_search_plans_discreet_120/plan_32_trains_11_units29.json"
"/home/thomasverwaal/Robust-Rail-NL/mathematical-models/scenarios_solver_types_120/scenario_solver_32_trains_11_units29.json","Cost of next node: Cost = 2,368.3 : 2,384.59 | cr=36, dd=32, da=12, tlv=3, sm=64, rd=161.25, cd=0, um=0","Time elapsed: 5.97 seconds","/home/thomasverwaal/Robust-Rail-NL/mathematical-models/local_search_plans_discreet_120/plan_32_trains_11_units29.json"
"/home/thomasverwaal/Robust-Rail-NL/mathematical-models/scenarios_solver_types_120/scenario_solver_32_trains_11_units29.json","Cost of next node: Cost = 2,335.6 : 2,351.85 | cr=34, dd=32, da=12, tlv=3, sm=64, rd=157.50, cd=0, um=0","Time elapsed: 6.25 seconds","/home/thomasverwaal/Robust-Rail-NL/mathematical-models/local_search_plans_discreet_120/plan_32_trains_11_units29.json"
"/home/thomasverwaal/Robust-Rail-NL/mathematical-models/scenarios_solver_types_120/scenario_solver_32_trains_11_units29.json","Cost of next node: Cost = 2,299.5 : 2,320.76 | cr=29, dd=32, da=12, tlv=4, sm=64, rd=155.62, cd=0, um=0","Time elapsed: 6.64 seconds","/home/thomasverwaal/Robust-Rail-NL/mathematical-models/local_search_plans_discreet_120/plan_32_trains_11_units29.json"
"/home/thomasverwaal/Robust-Rail-NL/mathematical-models/scenarios_solver_types_120/scenario_solver_32_trains_11_units29.json","Cost of next node: Cost = 2,244.5 : 2,270.76 | cr=22, dd=32, da=12, tlv=5, sm=64, rd=155.62, cd=0, um=0","Time elapsed: 7.22 seconds","/home/thomasverwaal/Robust-Rail-NL/mathematical-models/local_search_plans_discreet_120/plan_32_trains_11_units29.json"
"/home/thomasverwaal/Robust-Rail-NL/mathematical-models/scenarios_solver_types_120/scenario_solver_32_trains_11_units29.json","Cost of next node: Cost = 2,216.4 : 2,242.65 | cr=22, dd=32, da=11, tlv=5, sm=64, rd=151.88, cd=0, um=0","Time elapsed: 7.93 seconds","/home/thomasverwaal/Robust-Rail-NL/mathematical-models/local_search_plans_discreet_120/plan_32_trains_11_units29.json"
"/home/thomasverwaal/Robust-Rail-NL/mathematical-models/scenarios_solver_types_120/scenario_solver_32_trains_11_units29.json","Cost of next node: Cost = 2,186.7 : 2,218.01 | cr=22, dd=32, da=10, tlv=6, sm=64, rd=144.38, cd=0, um=0","Time elapsed: 8.15 seconds","/home/thomasverwaal/Robust-Rail-NL/mathematical-models/local_search_plans_discreet_120/plan_32_trains_11_units29.json"
"/home/thomasverwaal/Robust-Rail-NL/mathematical-models/scenarios_solver_types_120/scenario_solver_32_trains_11_units29.json","Cost of next node: Cost = 2,166.1 : 2,202.36 | cr=22, dd=32, da=9, tlv=7, sm=64, rd=136.88, cd=0, um=0","Time elapsed: 8.35 seconds","/home/thomasverwaal/Robust-Rail-NL/mathematical-models/local_search_plans_discreet_120/plan_32_trains_11_units29.json"
"/home/thomasverwaal/Robust-Rail-NL/mathematical-models/scenarios_solver_types_120/scenario_solver_32_trains_11_units29.json","Cost of next node: Cost = 2,143.1 : 2,184.35 | cr=24, dd=32, da=7, tlv=8, sm=64, rd=129.38, cd=0, um=0","Time elapsed: 8.60 seconds","/home/thomasverwaal/Robust-Rail-NL/mathematical-models/local_search_plans_discreet_120/plan_32_trains_11_units29.json"
"/home/thomasverwaal/Robust-Rail-NL/mathematical-models/scenarios_solver_types_120/scenario_solver_32_trains_11_units29.json","Cost of next node: Cost = 2,116.4 : 2,157.69 | cr=23, dd=32, da=6, tlv=8, sm=64, rd=131.25, cd=0, um=0","Time elapsed: 8.86 seconds","/home/thomasverwaal/Robust-Rail-NL/mathematical-models/local_search_plans_discreet_120/plan_32_trains_11_units29.json"
"/home/thomasverwaal/Robust-Rail-NL/mathematical-models/scenarios_solver_types_120/scenario_solver_32_trains_11_units29.json","Cost of next node: Cost = 2,058.8 : 2,105.10 | cr=20, dd=32, da=5, tlv=9, sm=64, rd=121.88, cd=0, um=0","Time elapsed: 9.20 seconds","/home/thomasverwaal/Robust-Rail-NL/mathematical-models/local_search_plans_discreet_120/plan_32_trains_11_units29.json"
"/home/thomasverwaal/Robust-Rail-NL/mathematical-models/scenarios_solver_types_120/scenario_solver_32_trains_11_units29.json","Cost of next node: Cost = 1,965.0 : 2,016.28 | cr=20, dd=30, da=5, tlv=10, sm=64, rd=114.38, cd=0, um=0","Time elapsed: 9.44 seconds","/home/thomasverwaal/Robust-Rail-NL/mathematical-models/local_search_plans_discreet_120/plan_32_trains_11_units29.json"
"/home/thomasverwaal/Robust-Rail-NL/mathematical-models/scenarios_solver_types_120/scenario_solver_32_trains_11_units29.json","Cost of next node: Cost = 1,933.5 : 1,984.78 | cr=22, dd=29, da=5, tlv=10, sm=64, rd=114.38, cd=0, um=0","Time elapsed: 9.65 seconds","/home/thomasverwaal/Robust-Rail-NL/mathematical-models/local_search_plans_discreet_120/plan_32_trains_11_units29.json"
"/home/thomasverwaal/Robust-Rail-NL/mathematical-models/scenarios_solver_types_120/scenario_solver_32_trains_11_units29.json","Cost of next node: Cost = 1,832.1 : 1,883.39 | cr=22, dd=27, da=5, tlv=10, sm=64, rd=114.38, cd=0, um=0","Time elapsed: 9.81 seconds","/home/thomasverwaal/Robust-Rail-NL/mathematical-models/local_search_plans_discreet_120/plan_32_trains_11_units29.json"
"/home/thomasverwaal/Robust-Rail-NL/mathematical-models/scenarios_solver_types_120/scenario_solver_32_trains_11_units29.json","Cost of next node: Cost = 1,697.8 : 1,754.12 | cr=22, dd=24, da=5, tlv=11, sm=64, rd=112.50, cd=0, um=0","Time elapsed: 9.93 seconds","/home/thomasverwaal/Robust-Rail-NL/mathematical-models/local_search_plans_discreet_120/plan_32_trains_11_units29.json"
"/home/thomasverwaal/Robust-Rail-NL/mathematical-models/scenarios_solver_types_120/scenario_solver_32_trains_11_units29.json","Cost of next node: Cost = 1,545.4 : 1,606.67 | cr=22, dd=19, da=9, tlv=12, sm=64, rd=111.56, cd=0, um=0","Time elapsed: 10.23 seconds","/home/thomasverwaal/Robust-Rail-NL/mathematical-models/local_search_plans_discreet_120/plan_32_trains_11_units29.json"
"/home/thomasverwaal/Robust-Rail-NL/mathematical-models/scenarios_solver_types_120/scenario_solver_32_trains_11_units29.json","Cost of next node: Cost = 1,445.0 : 1,506.32 | cr=22, dd=17, da=9, tlv=12, sm=64, rd=111.56, cd=0, um=0","Time elapsed: 10.47 seconds","/home/thomasverwaal/Robust-Rail-NL/mathematical-models/local_search_plans_discreet_120/plan_32_trains_11_units29.json"
"/home/thomasverwaal/Robust-Rail-NL/mathematical-models/scenarios_solver_types_120/scenario_solver_32_trains_11_units29.json","Cost of next node: Cost = 1,333.3 : 1,394.60 | cr=23, dd=17, da=3, tlv=12, sm=64, rd=108.75, cd=0, um=0","Time elapsed: 10.60 seconds","/home/thomasverwaal/Robust-Rail-NL/mathematical-models/local_search_plans_discreet_120/plan_32_trains_11_units29.json"
"/home/thomasverwaal/Robust-Rail-NL/mathematical-models/scenarios_solver_types_120/scenario_solver_32_trains_11_units29.json","Cost of next node: Cost = 1,295.0 : 1,356.25 | cr=24, dd=16, da=3, tlv=12, sm=64, rd=108.75, cd=0, um=0","Time elapsed: 10.82 seconds","/home/thomasverwaal/Robust-Rail-NL/mathematical-models/local_search_plans_discreet_120/plan_32_trains_11_units29.json"
"/home/thomasverwaal/Robust-Rail-NL/mathematical-models/scenarios_solver_types_120/scenario_solver_32_trains_11_units29.json","Cost of next node: Cost = 1,245.0 : 1,306.24 | cr=24, dd=15, da=3, tlv=12, sm=64, rd=106.88, cd=0, um=0","Time elapsed: 10.98 seconds","/home/thomasverwaal/Robust-Rail-NL/mathematical-models/local_search_plans_discreet_120/plan_32_trains_11_units29.json"
"/home/thomasverwaal/Robust-Rail-NL/mathematical-models/scenarios_solver_types_120/scenario_solver_32_trains_11_units29.json","Cost of next node: Cost = 1,200.5 : 1,266.83 | cr=23, dd=14, da=3, tlv=13, sm=64, rd=101.25, cd=0, um=0","Time elapsed: 11.33 seconds","/home/thomasverwaal/Robust-Rail-NL/mathematical-models/local_search_plans_discreet_120/plan_32_trains_11_units29.json"
"/home/thomasverwaal/Robust-Rail-NL/mathematical-models/scenarios_solver_types_120/scenario_solver_32_trains_11_units29.json","Cost of next node: Cost = 1,102.7 : 1,173.97 | cr=19, dd=13, da=2, tlv=14, sm=64, rd=97.50, cd=0, um=0","Time elapsed: 11.74 seconds","/home/thomasverwaal/Robust-Rail-NL/mathematical-models/local_search_plans_discreet_120/plan_32_trains_11_units29.json"
"/home/thomasverwaal/Robust-Rail-NL/mathematical-models/scenarios_solver_types_120/scenario_solver_32_trains_11_units29.json","Cost of next node: Cost = 1,078.2 : 1,154.53 | cr=20, dd=12, da=2, tlv=15, sm=64, rd=93.75, cd=0, um=0","Time elapsed: 12.10 seconds","/home/thomasverwaal/Robust-Rail-NL/mathematical-models/local_search_plans_discreet_120/plan_32_trains_11_units29.json"
"/home/thomasverwaal/Robust-Rail-NL/mathematical-models/scenarios_solver_types_120/scenario_solver_32_trains_11_units29.json","Cost of next node: Cost = 1,048.2 : 1,124.53 | cr=17, dd=12, da=2, tlv=15, sm=64, rd=93.75, cd=0, um=0","Time elapsed: 12.28 seconds","/home/thomasverwaal/Robust-Rail-NL/mathematical-models/local_search_plans_discreet_120/plan_32_trains_11_units29.json"
"/home/thomasverwaal/Robust-Rail-NL/mathematical-models/scenarios_solver_types_120/scenario_solver_32_trains_11_units29.json","Cost of next node: Cost = 1,023.5 : 1,094.83 | cr=18, dd=12, da=1, tlv=14, sm=64, rd=93.75, cd=0, um=0","Time elapsed: 12.67 seconds","/home/thomasverwaal/Robust-Rail-NL/mathematical-models/local_search_plans_discreet_120/plan_32_trains_11_units29.json"
"/home/thomasverwaal/Robust-Rail-NL/mathematical-models/scenarios_solver_types_120/scenario_solver_32_trains_11_units29.json","Cost of next node: Cost = 684.5 : 760.78 | cr=20, dd=5, da=0, tlv=15, sm=64, rd=86.25, cd=0, um=0","Time elapsed: 12.99 seconds","/home/thomasverwaal/Robust-Rail-NL/mathematical-models/local_search_plans_discreet_120/plan_32_trains_11_units29.json"
"/home/thomasverwaal/Robust-Rail-NL/mathematical-models/scenarios_solver_types_120/scenario_solver_32_trains_11_units29.json","Cost of next node: Cost = 659.5 : 730.78 | cr=19, dd=5, da=0, tlv=14, sm=64, rd=88.12, cd=0, um=0","Time elapsed: 13.38 seconds","/home/thomasverwaal/Robust-Rail-NL/mathematical-models/local_search_plans_discreet_120/plan_32_trains_11_units29.json"
"/home/thomasverwaal/Robust-Rail-NL/mathematical-models/scenarios_solver_types_120/scenario_solver_32_trains_11_units29.json","Cost of next node: Cost = 405.0 : 481.28 | cr=18, dd=0, da=0, tlv=15, sm=64, rd=76.88, cd=0, um=0","Time elapsed: 13.75 seconds","/home/thomasverwaal/Robust-Rail-NL/mathematical-models/local_search_plans_discreet_120/plan_32_trains_11_units29.json"
"/home/thomasverwaal/Robust-Rail-NL/mathematical-models/scenarios_solver_types_120/scenario_solver_32_trains_11_units29.json","Cost of next node: Cost = 380.0 : 451.28 | cr=17, dd=0, da=0, tlv=14, sm=64, rd=76.88, cd=0, um=0","Time elapsed: 14.14 seconds","/home/thomasverwaal/Robust-Rail-NL/mathematical-models/local_search_plans_discreet_120/plan_32_trains_11_units29.json"
"/home/thomasverwaal/Robust-Rail-NL/mathematical-models/scenarios_solver_types_120/scenario_solver_32_trains_11_units29.json","Cost of next node: Cost = 360.0 : 431.30 | cr=15, dd=0, da=0, tlv=14, sm=65, rd=77.54, cd=0, um=0","Time elapsed: 20.20 seconds","/home/thomasverwaal/Robust-Rail-NL/mathematical-models/local_search_plans_discreet_120/plan_32_trains_11_units29.json"
"/home/thomasverwaal/Robust-Rail-NL/mathematical-models/scenarios_solver_types_120/scenario_solver_32_trains_11_units29.json","Cost of next node: Cost = 350.0 : 421.30 | cr=14, dd=0, da=0, tlv=14, sm=65, rd=77.54, cd=0, um=0","Time elapsed: 25.97 seconds","/home/thomasverwaal/Robust-Rail-NL/mathematical-models/local_search_plans_discreet_120/plan_32_trains_11_units29.json"
"/home/thomasverwaal/Robust-Rail-NL/mathematical-models/scenarios_solver_types_120/scenario_solver_32_trains_11_units29.json","Cost of next node: Cost = 340.0 : 411.30 | cr=13, dd=0, da=0, tlv=14, sm=65, rd=79.38, cd=0, um=0","Time elapsed: 31.67 seconds","/home/thomasverwaal/Robust-Rail-NL/mathematical-models/local_search_plans_discreet_120/plan_32_trains_11_units29.json"
"/home/thomasverwaal/Robust-Rail-NL/mathematical-models/scenarios_solver_types_120/scenario_solver_32_trains_11_units29.json","Cost of next node: Cost = 330.0 : 401.30 | cr=12, dd=0, da=0, tlv=14, sm=65, rd=81.23, cd=0, um=0","Time elapsed: 36.60 seconds","/home/thomasverwaal/Robust-Rail-NL/mathematical-models/local_search_plans_discreet_120/plan_32_trains_11_units29.json"
"/home/thomasverwaal/Robust-Rail-NL/mathematical-models/scenarios_solver_types_120/scenario_solver_32_trains_11_units29.json","Cost of next node: Cost = 320.0 : 391.30 | cr=11, dd=0, da=0, tlv=14, sm=65, rd=81.23, cd=0, um=0","Time elapsed: 40.77 seconds","/home/thomasverwaal/Robust-Rail-NL/mathematical-models/local_search_plans_discreet_120/plan_32_trains_11_units29.json"
"/home/thomasverwaal/Robust-Rail-NL/mathematical-models/scenarios_solver_types_120/scenario_solver_32_trains_11_units29.json","Cost of next node: Cost = 310.0 : 381.30 | cr=10, dd=0, da=0, tlv=14, sm=65, rd=81.23, cd=0, um=0","Time elapsed: 44.57 seconds","/home/thomasverwaal/Robust-Rail-NL/mathematical-models/local_search_plans_discreet_120/plan_32_trains_11_units29.json"
"/home/thomasverwaal/Robust-Rail-NL/mathematical-models/scenarios_solver_types_120/scenario_solver_32_trains_11_units29.json","Cost of next node: Cost = 300.0 : 371.30 | cr=9, dd=0, da=0, tlv=14, sm=65, rd=81.23, cd=0, um=0","Time elapsed: 50.19 seconds","/home/thomasverwaal/Robust-Rail-NL/mathematical-models/local_search_plans_discreet_120/plan_32_trains_11_units29.json"
"/home/thomasverwaal/Robust-Rail-NL/mathematical-models/scenarios_solver_types_120/scenario_solver_32_trains_11_units29.json","Cost of next node: Cost = 290.0 : 361.30 | cr=8, dd=0, da=0, tlv=14, sm=65, rd=81.23, cd=0, um=0","Time elapsed: 52.22 seconds","/home/thomasverwaal/Robust-Rail-NL/mathematical-models/local_search_plans_discreet_120/plan_32_trains_11_units29.json"
"/home/thomasverwaal/Robust-Rail-NL/mathematical-models/scenarios_solver_types_120/scenario_solver_32_trains_11_units29.json","Cost of next node: Cost = 280.0 : 351.30 | cr=7, dd=0, da=0, tlv=14, sm=65, rd=81.23, cd=0, um=0","Time elapsed: 53.94 seconds","/home/thomasverwaal/Robust-Rail-NL/mathematical-models/local_search_plans_discreet_120/plan_32_trains_11_units29.json"
"/home/thomasverwaal/Robust-Rail-NL/mathematical-models/scenarios_solver_types_120/scenario_solver_32_trains_11_units29.json","Cost of next node: Cost = 270.0 : 341.30 | cr=6, dd=0, da=0, tlv=14, sm=65, rd=81.23, cd=0, um=0","Time elapsed: 55.63 seconds","/home/thomasverwaal/Robust-Rail-NL/mathematical-models/local_search_plans_discreet_120/plan_32_trains_11_units29.json"
"/home/thomasverwaal/Robust-Rail-NL/mathematical-models/scenarios_solver_types_120/scenario_solver_32_trains_11_units29.json","Cost of next node: Cost = 260.0 : 331.30 | cr=5, dd=0, da=0, tlv=14, sm=65, rd=81.23, cd=0, um=0","Time elapsed: 63.25 seconds","/home/thomasverwaal/Robust-Rail-NL/mathematical-models/local_search_plans_discreet_120/plan_32_trains_11_units29.json"
"/home/thomasverwaal/Robust-Rail-NL/mathematical-models/scenarios_solver_types_120/scenario_solver_32_trains_11_units29.json","Cost of next node: Cost = 250.0 : 321.30 | cr=4, dd=0, da=0, tlv=14, sm=65, rd=81.23, cd=0, um=0","Time elapsed: 64.52 seconds","/home/thomasverwaal/Robust-Rail-NL/mathematical-models/local_search_plans_discreet_120/plan_32_trains_11_units29.json"
"/home/thomasverwaal/Robust-Rail-NL/mathematical-models/scenarios_solver_types_120/scenario_solver_32_trains_11_units29.json","Cost of next node: Cost = 240.0 : 311.34 | cr=3, dd=0, da=0, tlv=14, sm=67, rd=84.18, cd=0, um=0","Time elapsed: 76.67 seconds","/home/thomasverwaal/Robust-Rail-NL/mathematical-models/local_search_plans_discreet_120/plan_32_trains_11_units29.json"
"/home/thomasverwaal/Robust-Rail-NL/mathematical-models/scenarios_solver_types_120/scenario_solver_32_trains_11_units29.json","Cost of next node: Cost = 230.0 : 301.34 | cr=2, dd=0, da=0, tlv=14, sm=67, rd=84.18, cd=0, um=0","Time elapsed: 108.69 seconds","/home/thomasverwaal/Robust-Rail-NL/mathematical-models/local_search_plans_discreet_120/plan_32_trains_11_units29.json"
"/home/thomasverwaal/Robust-Rail-NL/mathematical-models/scenarios_solver_types_120/scenario_solver_32_trains_11_units29.json","Cost of next node: Cost = 220.0 : 291.34 | cr=1, dd=0, da=0, tlv=14, sm=67, rd=84.18, cd=0, um=0","Time elapsed: 113.78 seconds","/home/thomasverwaal/Robust-Rail-NL/mathematical-models/local_search_plans_discreet_120/plan_32_trains_11_units29.json"
"/home/thomasverwaal/Robust-Rail-NL/mathematical-models/scenarios_solver_types_120/scenario_solver_32_trains_11_units29.json","Cost of next node: Cost = 205.0 : 271.38 | cr=1, dd=0, da=0, tlv=13, sm=69, rd=83.48, cd=0, um=0","Time elapsed: 119.36 seconds","/home/thomasverwaal/Robust-Rail-NL/mathematical-models/local_search_plans_discreet_120/plan_32_trains_11_units29.json"
"/home/thomasverwaal/Robust-Rail-NL/mathematical-models/scenarios_solver_types_120/scenario_solver_32_trains_11_units29.json","NO_COST_FOUND","NO_TIME_FOUND","NO_PLAN_CREATED"
"/home/thomasverwaal/Robust-Rail-NL/mathematical-models/scenarios_solver_types_120/scenario_solver_32_trains_11_units3.json","Cost of next node: Cost = 2,847.4 : 2,848.71 | cr=50, dd=32, da=30, tlv=0, sm=64, rd=181.88, cd=0, um=0","Time elapsed: 4.82 seconds","/home/thomasverwaal/Robust-Rail-NL/mathematical-models/local_search_plans_discreet_120/plan_32_trains_11_units3.json"
"/home/thomasverwaal/Robust-Rail-NL/mathematical-models/scenarios_solver_types_120/scenario_solver_32_trains_11_units3.json","Cost of next node: Cost = 2,810.0 : 2,811.25 | cr=46, dd=32, da=30, tlv=0, sm=64, rd=184.69, cd=0, um=0","Time elapsed: 4.91 seconds","/home/thomasverwaal/Robust-Rail-NL/mathematical-models/local_search_plans_discreet_120/plan_32_trains_11_units3.json"
"/home/thomasverwaal/Robust-Rail-NL/mathematical-models/scenarios_solver_types_120/scenario_solver_32_trains_11_units3.json","Cost of next node: Cost = 2,781.5 : 2,782.80 | cr=43, dd=32, da=30, tlv=0, sm=64, rd=184.69, cd=0, um=0","Time elapsed: 4.97 seconds","/home/thomasverwaal/Robust-Rail-NL/mathematical-models/local_search_plans_discreet_120/plan_32_trains_11_units3.json"
"/home/thomasverwaal/Robust-Rail-NL/mathematical-models/scenarios_solver_types_120/scenario_solver_32_trains_11_units3.json","Cost of next node: Cost = 2,755.7 : 2,756.98 | cr=40, dd=32, da=30, tlv=0, sm=64, rd=191.25, cd=0, um=0","Time elapsed: 5.27 seconds","/home/thomasverwaal/Robust-Rail-NL/mathematical-models/local_search_plans_discreet_120/plan_32_trains_11_units3.json"
"/home/thomasverwaal/Robust-Rail-NL/mathematical-models/scenarios_solver_types_120/scenario_solver_32_trains_11_units3.json","Cost of next node: Cost = 2,712.9 : 2,714.22 | cr=40, dd=32, da=29, tlv=0, sm=64, rd=186.56, cd=0, um=0","Time elapsed: 5.42 seconds","/home/thomasverwaal/Robust-Rail-NL/mathematical-models/local_search_plans_discreet_120/plan_32_trains_11_units3.json"
"/home/thomasverwaal/Robust-Rail-NL/mathematical-models/scenarios_solver_types_120/scenario_solver_32_trains_11_units3.json","Cost of next node: Cost = 2,691.8 : 2,698.11 | cr=37, dd=32, da=29, tlv=1, sm=64, rd=184.69, cd=0, um=0","Time elapsed: 5.50 seconds","/home/thomasverwaal/Robust-Rail-NL/mathematical-models/local_search_plans_discreet_120/plan_32_trains_11_units3.json"
"/home/thomasverwaal/Robust-Rail-NL/mathematical-models/scenarios_solver_types_120/scenario_solver_32_trains_11_units3.json","Cost of next node: Cost = 2,626.2 : 2,632.45 | cr=37, dd=32, da=26, tlv=1, sm=64, rd=180.94, cd=0, um=0","Time elapsed: 5.59 seconds","/home/thomasverwaal/Robust-Rail-NL/mathematical-models/local_search_plans_discreet_120/plan_32_trains_11_units3.json"
"/home/thomasverwaal/Robust-Rail-NL/mathematical-models/scenarios_solver_types_120/scenario_solver_32_trains_11_units3.json","Cost of next node: Cost = 2,493.2 : 2,504.50 | cr=29, dd=32, da=22, tlv=2, sm=64, rd=180.94, cd=0, um=0","Time elapsed: 5.71 seconds","/home/thomasverwaal/Robust-Rail-NL/mathematical-models/local_search_plans_discreet_120/plan_32_trains_11_units3.json"
"/home/thomasverwaal/Robust-Rail-NL/mathematical-models/scenarios_solver_types_120/scenario_solver_32_trains_11_units3.json","Cost of next node: Cost = 2,452.7 : 2,468.94 | cr=30, dd=32, da=19, tlv=3, sm=64, rd=173.44, cd=0, um=0","Time elapsed: 5.78 seconds","/home/thomasverwaal/Robust-Rail-NL/mathematical-models/local_search_plans_discreet_120/plan_32_trains_11_units3.json"
"/home/thomasverwaal/Robust-Rail-NL/mathematical-models/scenarios_solver_types_120/scenario_solver_32_trains_11_units3.json","Cost of next node: Cost = 2,352.6 : 2,373.91 | cr=34, dd=32, da=12, tlv=4, sm=64, rd=166.88, cd=0, um=0","Time elapsed: 5.95 seconds","/home/thomasverwaal/Robust-Rail-NL/mathematical-models/local_search_plans_discreet_120/plan_32_trains_11_units3.json"
"/home/thomasverwaal/Robust-Rail-NL/mathematical-models/scenarios_solver_types_120/scenario_solver_32_trains_11_units3.json","Cost of next node: Cost = 2,315.4 : 2,341.67 | cr=33, dd=32, da=11, tlv=5, sm=64, rd=159.38, cd=0, um=0","Time elapsed: 6.37 seconds","/home/thomasverwaal/Robust-Rail-NL/mathematical-models/local_search_plans_discreet_120/plan_32_trains_11_units3.json"
"/home/thomasverwaal/Robust-Rail-NL/mathematical-models/scenarios_solver_types_120/scenario_solver_32_trains_11_units3.json","Cost of next node: Cost = 2,285.2 : 2,316.45 | cr=31, dd=32, da=10, tlv=6, sm=64, rd=152.81, cd=0, um=0","Time elapsed: 6.76 seconds","/home/thomasverwaal/Robust-Rail-NL/mathematical-models/local_search_plans_discreet_120/plan_32_trains_11_units3.json"
"/home/thomasverwaal/Robust-Rail-NL/mathematical-models/scenarios_solver_types_120/scenario_solver_32_trains_11_units3.json","Cost of next node: Cost = 2,264.4 : 2,300.68 | cr=29, dd=32, da=10, tlv=7, sm=64, rd=147.19, cd=0, um=0","Time elapsed: 7.04 seconds","/home/thomasverwaal/Robust-Rail-NL/mathematical-models/local_search_plans_discreet_120/plan_32_trains_11_units3.json"
"/home/thomasverwaal/Robust-Rail-NL/mathematical-models/scenarios_solver_types_120/scenario_solver_32_trains_11_units3.json","Cost of next node: Cost = 2,243.2 : 2,279.46 | cr=29, dd=32, da=9, tlv=7, sm=64, rd=145.31, cd=0, um=0","Time elapsed: 7.46 seconds","/home/thomasverwaal/Robust-Rail-NL/mathematical-models/local_search_plans_discreet_120/plan_32_trains_11_units3.json"
"/home/thomasverwaal/Robust-Rail-NL/mathematical-models/scenarios_solver_types_120/scenario_solver_32_trains_11_units3.json","Cost of next node: Cost = 2,218.6 : 2,259.86 | cr=21, dd=32, da=10, tlv=8, sm=64, rd=150.94, cd=0, um=0","Time elapsed: 7.92 seconds","/home/thomasverwaal/Robust-Rail-NL/mathematical-models/local_search_plans_discreet_120/plan_32_trains_11_units3.json"
"/home/thomasverwaal/Robust-Rail-NL/mathematical-models/scenarios_solver_types_120/scenario_solver_32_trains_11_units3.json","Cost of next node: Cost = 2,193.5 : 2,239.73 | cr=21, dd=32, da=9, tlv=9, sm=64, rd=147.19, cd=0, um=0","Time elapsed: 8.21 seconds","/home/thomasverwaal/Robust-Rail-NL/mathematical-models/local_search_plans_discreet_120/plan_32_trains_11_units3.json"
"/home/thomasverwaal/Robust-Rail-NL/mathematical-models/scenarios_solver_types_120/scenario_solver_32_trains_11_units3.json","Cost of next node: Cost = 2,161.9 : 2,208.19 | cr=20, dd=32, da=8, tlv=9, sm=64, rd=143.44, cd=0, um=0","Time elapsed: 8.84 seconds","/home/thomasverwaal/Robust-Rail-NL/mathematical-models/local_search_plans_discreet_120/plan_32_trains_11_units3.json"
"/home/thomasverwaal/Robust-Rail-NL/mathematical-models/scenarios_solver_types_120/scenario_solver_32_trains_11_units3.json","Cost of next node: Cost = 2,139.6 : 2,190.84 | cr=21, dd=32, da=6, tlv=10, sm=64, rd=135.94, cd=0, um=0","Time elapsed: 9.42 seconds","/home/thomasverwaal/Robust-Rail-NL/mathematical-models/local_search_plans_discreet_120/plan_32_trains_11_units3.json"
"/home/thomasverwaal/Robust-Rail-NL/mathematical-models/scenarios_solver_types_120/scenario_solver_32_trains_11_units3.json","Cost of next node: Cost = 2,119.4 : 2,175.71 | cr=20, dd=32, da=5, tlv=11, sm=64, rd=132.19, cd=0, um=0","Time elapsed: 10.07 seconds","/home/thomasverwaal/Robust-Rail-NL/mathematical-models/local_search_plans_discreet_120/plan_32_trains_11_units3.json"
"/home/thomasverwaal/Robust-Rail-NL/mathematical-models/scenarios_solver_types_120/scenario_solver_32_trains_11_units3.json","Cost of next node: Cost = 2,087.9 : 2,149.14 | cr=19, dd=32, da=4, tlv=12, sm=64, rd=122.81, cd=0, um=0","Time elapsed: 10.88 seconds","/home/thomasverwaal/Robust-Rail-NL/mathematical-models/local_search_plans_discreet_120/plan_32_trains_11_units3.json"
"/home/thomasverwaal/Robust-Rail-NL/mathematical-models/scenarios_solver_types_120/scenario_solver_32_trains_11_units3.json","Cost of next node: Cost = 2,057.9 : 2,119.14 | cr=16, dd=32, da=4, tlv=12, sm=64, rd=122.81, cd=0, um=0","Time elapsed: 10.98 seconds","/home/thomasverwaal/Robust-Rail-NL/mathematical-models/local_search_plans_discreet_120/plan_32_trains_11_units3.json"
"/home/thomasverwaal/Robust-Rail-NL/mathematical-models/scenarios_solver_types_120/scenario_solver_32_trains_11_units3.json","Cost of next node: Cost = 2,022.6 : 2,083.89 | cr=16, dd=32, da=3, tlv=12, sm=64, rd=117.19, cd=0, um=0","Time elapsed: 11.21 seconds","/home/thomasverwaal/Robust-Rail-NL/mathematical-models/local_search_plans_discreet_120/plan_32_trains_11_units3.json"
"/home/thomasverwaal/Robust-Rail-NL/mathematical-models/scenarios_solver_types_120/scenario_solver_32_trains_11_units3.json","Cost of next node: Cost = 1,976.8 : 2,038.12 | cr=17, dd=31, da=3, tlv=12, sm=64, rd=117.19, cd=0, um=0","Time elapsed: 11.31 seconds","/home/thomasverwaal/Robust-Rail-NL/mathematical-models/local_search_plans_discreet_120/plan_32_trains_11_units3.json"
"/home/thomasverwaal/Robust-Rail-NL/mathematical-models/scenarios_solver_types_120/scenario_solver_32_trains_11_units3.json","Cost of next node: Cost = 1,910.8 : 1,972.03 | cr=20, dd=29, da=3, tlv=12, sm=64, rd=115.31, cd=0, um=0","Time elapsed: 11.45 seconds","/home/thomasverwaal/Robust-Rail-NL/mathematical-models/local_search_plans_discreet_120/plan_32_trains_11_units3.json"
"/home/thomasverwaal/Robust-Rail-NL/mathematical-models/scenarios_solver_types_120/scenario_solver_32_trains_11_units3.json","Cost of next node: Cost = 1,830.6 : 1,891.90 | cr=22, dd=27, da=3, tlv=12, sm=64, rd=110.62, cd=0, um=0","Time elapsed: 11.54 seconds","/home/thomasverwaal/Robust-Rail-NL/mathematical-models/local_search_plans_discreet_120/plan_32_trains_11_units3.json"
"/home/thomasverwaal/Robust-Rail-NL/mathematical-models/scenarios_solver_types_120/scenario_solver_32_trains_11_units3.json","Cost of next node: Cost = 1,780.0 : 1,841.32 | cr=22, dd=26, da=3, tlv=12, sm=64, rd=110.62, cd=0, um=0","Time elapsed: 11.66 seconds","/home/thomasverwaal/Robust-Rail-NL/mathematical-models/local_search_plans_discreet_120/plan_32_trains_11_units3.json"
"/home/thomasverwaal/Robust-Rail-NL/mathematical-models/scenarios_solver_types_120/scenario_solver_32_trains_11_units3.json","Cost of next node: Cost = 1,665.4 : 1,731.68 | cr=21, dd=24, da=2, tlv=13, sm=64, rd=105.00, cd=0, um=0","Time elapsed: 11.87 seconds","/home/thomasverwaal/Robust-Rail-NL/mathematical-models/local_search_plans_discreet_120/plan_32_trains_11_units3.json"
"/home/thomasverwaal/Robust-Rail-NL/mathematical-models/scenarios_solver_types_120/scenario_solver_32_trains_11_units3.json","Cost of next node: Cost = 1,640.9 : 1,712.16 | cr=22, dd=23, da=2, tlv=14, sm=64, rd=99.38, cd=0, um=0","Time elapsed: 12.12 seconds","/home/thomasverwaal/Robust-Rail-NL/mathematical-models/local_search_plans_discreet_120/plan_32_trains_11_units3.json"
"/home/thomasverwaal/Robust-Rail-NL/mathematical-models/scenarios_solver_types_120/scenario_solver_32_trains_11_units3.json","Cost of next node: Cost = 1,606.5 : 1,682.80 | cr=22, dd=22, da=2, tlv=15, sm=64, rd=99.38, cd=0, um=0","Time elapsed: 12.48 seconds","/home/thomasverwaal/Robust-Rail-NL/mathematical-models/local_search_plans_discreet_120/plan_32_trains_11_units3.json"
"/home/thomasverwaal/Robust-Rail-NL/mathematical-models/scenarios_solver_types_120/scenario_solver_32_trains_11_units3.json","Cost of next node: Cost = 1,537.0 : 1,618.30 | cr=21, dd=21, da=1, tlv=16, sm=64, rd=95.62, cd=0, um=0","Time elapsed: 12.78 seconds","/home/thomasverwaal/Robust-Rail-NL/mathematical-models/local_search_plans_discreet_120/plan_32_trains_11_units3.json"
"/home/thomasverwaal/Robust-Rail-NL/mathematical-models/scenarios_solver_types_120/scenario_solver_32_trains_11_units3.json","Cost of next node: Cost = 1,477.3 : 1,558.55 | cr=20, dd=20, da=1, tlv=16, sm=64, rd=95.62, cd=0, um=0","Time elapsed: 12.89 seconds","/home/thomasverwaal/Robust-Rail-NL/mathematical-models/local_search_plans_discreet_120/plan_32_trains_11_units3.json"
"/home/thomasverwaal/Robust-Rail-NL/mathematical-models/scenarios_solver_types_120/scenario_solver_32_trains_11_units3.json","Cost of next node: Cost = 1,382.7 : 1,468.98 | cr=19, dd=18, da=1, tlv=17, sm=64, rd=93.75, cd=0, um=0","Time elapsed: 13.31 seconds","/home/thomasverwaal/Robust-Rail-NL/mathematical-models/local_search_plans_discreet_120/plan_32_trains_11_units3.json"
"/home/thomasverwaal/Robust-Rail-NL/mathematical-models/scenarios_solver_types_120/scenario_solver_32_trains_11_units3.json","Cost of next node: Cost = 1,336.5 : 1,427.81 | cr=18, dd=17, da=1, tlv=18, sm=64, rd=91.88, cd=0, um=0","Time elapsed: 13.51 seconds","/home/thomasverwaal/Robust-Rail-NL/mathematical-models/local_search_plans_discreet_120/plan_32_trains_11_units3.json"
"/home/thomasverwaal/Robust-Rail-NL/mathematical-models/scenarios_solver_types_120/scenario_solver_32_trains_11_units3.json","Cost of next node: Cost = 1,306.5 : 1,397.81 | cr=15, dd=17, da=1, tlv=18, sm=64, rd=91.88, cd=0, um=0","Time elapsed: 13.57 seconds","/home/thomasverwaal/Robust-Rail-NL/mathematical-models/local_search_plans_discreet_120/plan_32_trains_11_units3.json"
"/home/thomasverwaal/Robust-Rail-NL/mathematical-models/scenarios_solver_types_120/scenario_solver_32_trains_11_units3.json","Cost of next node: Cost = 1,286.5 : 1,377.81 | cr=13, dd=17, da=1, tlv=18, sm=64, rd=91.88, cd=0, um=0","Time elapsed: 13.94 seconds","/home/thomasverwaal/Robust-Rail-NL/mathematical-models/local_search_plans_discreet_120/plan_32_trains_11_units3.json"
"/home/thomasverwaal/Robust-Rail-NL/mathematical-models/scenarios_solver_types_120/scenario_solver_32_trains_11_units3.json","Cost of next node: Cost = 1,113.8 : 1,210.07 | cr=17, dd=13, da=0, tlv=19, sm=64, rd=84.38, cd=0, um=0","Time elapsed: 14.17 seconds","/home/thomasverwaal/Robust-Rail-NL/mathematical-models/local_search_plans_discreet_120/plan_32_trains_11_units3.json"
"/home/thomasverwaal/Robust-Rail-NL/mathematical-models/scenarios_solver_types_120/scenario_solver_32_trains_11_units3.json","Cost of next node: Cost = 1,074.2 : 1,170.51 | cr=18, dd=12, da=0, tlv=19, sm=64, rd=82.50, cd=0, um=0","Time elapsed: 14.37 seconds","/home/thomasverwaal/Robust-Rail-NL/mathematical-models/local_search_plans_discreet_120/plan_32_trains_11_units3.json"
"/home/thomasverwaal/Robust-Rail-NL/mathematical-models/scenarios_solver_types_120/scenario_solver_32_trains_11_units3.json","Cost of next node: Cost = 1,029.0 : 1,130.28 | cr=17, dd=11, da=0, tlv=20, sm=64, rd=82.50, cd=0, um=0","Time elapsed: 14.69 seconds","/home/thomasverwaal/Robust-Rail-NL/mathematical-models/local_search_plans_discreet_120/plan_32_trains_11_units3.json"
"/home/thomasverwaal/Robust-Rail-NL/mathematical-models/scenarios_solver_types_120/scenario_solver_32_trains_11_units3.json","Cost of next node: Cost = 1,004.0 : 1,100.28 | cr=16, dd=11, da=0, tlv=19, sm=64, rd=82.50, cd=0, um=0","Time elapsed: 15.12 seconds","/home/thomasverwaal/Robust-Rail-NL/mathematical-models/local_search_plans_discreet_120/plan_32_trains_11_units3.json"
"/home/thomasverwaal/Robust-Rail-NL/mathematical-models/scenarios_solver_types_120/scenario_solver_32_trains_11_units3.json","Cost of next node: Cost = 440.0 : 541.28 | cr=14, dd=0, da=0, tlv=20, sm=64, rd=71.25, cd=0, um=0","Time elapsed: 15.38 seconds","/home/thomasverwaal/Robust-Rail-NL/mathematical-models/local_search_plans_discreet_120/plan_32_trains_11_units3.json"
"/home/thomasverwaal/Robust-Rail-NL/mathematical-models/scenarios_solver_types_120/scenario_solver_32_trains_11_units3.json","Cost of next node: Cost = 400.0 : 501.30 | cr=10, dd=0, da=0, tlv=20, sm=65, rd=72.00, cd=0, um=0","Time elapsed: 17.55 seconds","/home/thomasverwaal/Robust-Rail-NL/mathematical-models/local_search_plans_discreet_120/plan_32_trains_11_units3.json"
"/home/thomasverwaal/Robust-Rail-NL/mathematical-models/scenarios_solver_types_120/scenario_solver_32_trains_11_units3.json","Cost of next node: Cost = 385.0 : 481.30 | cr=10, dd=0, da=0, tlv=19, sm=65, rd=73.85, cd=0, um=0","Time elapsed: 21.81 seconds","/home/thomasverwaal/Robust-Rail-NL/mathematical-models/local_search_plans_discreet_120/plan_32_trains_11_units3.json"
"/home/thomasverwaal/Robust-Rail-NL/mathematical-models/scenarios_solver_types_120/scenario_solver_32_trains_11_units3.json","Cost of next node: Cost = 370.0 : 461.30 | cr=10, dd=0, da=0, tlv=18, sm=65, rd=75.69, cd=0, um=0","Time elapsed: 26.26 seconds","/home/thomasverwaal/Robust-Rail-NL/mathematical-models/local_search_plans_discreet_120/plan_32_trains_11_units3.json"
"/home/thomasverwaal/Robust-Rail-NL/mathematical-models/scenarios_solver_types_120/scenario_solver_32_trains_11_units3.json","Cost of next node: Cost = 355.0 : 441.30 | cr=10, dd=0, da=0, tlv=17, sm=65, rd=77.54, cd=0, um=0","Time elapsed: 30.03 seconds","/home/thomasverwaal/Robust-Rail-NL/mathematical-models/local_search_plans_discreet_120/plan_32_trains_11_units3.json"
"/home/thomasverwaal/Robust-Rail-NL/mathematical-models/scenarios_solver_types_120/scenario_solver_32_trains_11_units3.json","Cost of next node: Cost = 340.0 : 421.30 | cr=10, dd=0, da=0, tlv=16, sm=65, rd=79.38, cd=0, um=0","Time elapsed: 33.90 seconds","/home/thomasverwaal/Robust-Rail-NL/mathematical-models/local_search_plans_discreet_120/plan_32_trains_11_units3.json"
"/home/thomasverwaal/Robust-Rail-NL/mathematical-models/scenarios_solver_types_120/scenario_solver_32_trains_11_units3.json","Cost of next node: Cost = 325.0 : 401.28 | cr=10, dd=0, da=0, tlv=15, sm=64, rd=80.62, cd=0, um=0","Time elapsed: 37.69 seconds","/home/thomasverwaal/Robust-Rail-NL/mathematical-models/local_search_plans_discreet_120/plan_32_trains_11_units3.json"
"/home/thomasverwaal/Robust-Rail-NL/mathematical-models/scenarios_solver_types_120/scenario_solver_32_trains_11_units3.json","Cost of next node: Cost = 315.0 : 391.28 | cr=9, dd=0, da=0, tlv=15, sm=64, rd=80.62, cd=0, um=0","Time elapsed: 40.86 seconds","/home/thomasverwaal/Robust-Rail-NL/mathematical-models/local_search_plans_discreet_120/plan_32_trains_11_units3.json"
"/home/thomasverwaal/Robust-Rail-NL/mathematical-models/scenarios_solver_types_120/scenario_solver_32_trains_11_units3.json","Cost of next node: Cost = 305.0 : 381.28 | cr=8, dd=0, da=0, tlv=15, sm=64, rd=80.62, cd=0, um=0","Time elapsed: 43.75 seconds","/home/thomasverwaal/Robust-Rail-NL/mathematical-models/local_search_plans_discreet_120/plan_32_trains_11_units3.json"
"/home/thomasverwaal/Robust-Rail-NL/mathematical-models/scenarios_solver_types_120/scenario_solver_32_trains_11_units3.json","Cost of next node: Cost = 295.0 : 371.28 | cr=7, dd=0, da=0, tlv=15, sm=64, rd=80.62, cd=0, um=0","Time elapsed: 46.41 seconds","/home/thomasverwaal/Robust-Rail-NL/mathematical-models/local_search_plans_discreet_120/plan_32_trains_11_units3.json"
"/home/thomasverwaal/Robust-Rail-NL/mathematical-models/scenarios_solver_types_120/scenario_solver_32_trains_11_units3.json","Cost of next node: Cost = 285.0 : 361.28 | cr=6, dd=0, da=0, tlv=15, sm=64, rd=80.62, cd=0, um=0","Time elapsed: 48.68 seconds","/home/thomasverwaal/Robust-Rail-NL/mathematical-models/local_search_plans_discreet_120/plan_32_trains_11_units3.json"
"/home/thomasverwaal/Robust-Rail-NL/mathematical-models/scenarios_solver_types_120/scenario_solver_32_trains_11_units3.json","Cost of next node: Cost = 270.0 : 341.28 | cr=6, dd=0, da=0, tlv=14, sm=64, rd=82.50, cd=0, um=0","Time elapsed: 50.41 seconds","/home/thomasverwaal/Robust-Rail-NL/mathematical-models/local_search_plans_discreet_120/plan_32_trains_11_units3.json"
"/home/thomasverwaal/Robust-Rail-NL/mathematical-models/scenarios_solver_types_120/scenario_solver_32_trains_11_units3.json","Cost of next node: Cost = 260.0 : 331.28 | cr=5, dd=0, da=0, tlv=14, sm=64, rd=84.38, cd=0, um=0","Time elapsed: 52.26 seconds","/home/thomasverwaal/Robust-Rail-NL/mathematical-models/local_search_plans_discreet_120/plan_32_trains_11_units3.json"
"/home/thomasverwaal/Robust-Rail-NL/mathematical-models/scenarios_solver_types_120/scenario_solver_32_trains_11_units3.json","Cost of next node: Cost = 250.0 : 321.28 | cr=4, dd=0, da=0, tlv=14, sm=64, rd=82.50, cd=0, um=0","Time elapsed: 53.85 seconds","/home/thomasverwaal/Robust-Rail-NL/mathematical-models/local_search_plans_discreet_120/plan_32_trains_11_units3.json"
"/home/thomasverwaal/Robust-Rail-NL/mathematical-models/scenarios_solver_types_120/scenario_solver_32_trains_11_units3.json","Cost of next node: Cost = 240.0 : 311.28 | cr=3, dd=0, da=0, tlv=14, sm=64, rd=82.50, cd=0, um=0","Time elapsed: 55.28 seconds","/home/thomasverwaal/Robust-Rail-NL/mathematical-models/local_search_plans_discreet_120/plan_32_trains_11_units3.json"
"/home/thomasverwaal/Robust-Rail-NL/mathematical-models/scenarios_solver_types_120/scenario_solver_32_trains_11_units3.json","Cost of next node: Cost = 225.0 : 291.32 | cr=3, dd=0, da=0, tlv=13, sm=66, rd=80.00, cd=0, um=0","Time elapsed: 208.81 seconds","/home/thomasverwaal/Robust-Rail-NL/mathematical-models/local_search_plans_discreet_120/plan_32_trains_11_units3.json"
"/home/thomasverwaal/Robust-Rail-NL/mathematical-models/scenarios_solver_types_120/scenario_solver_32_trains_11_units3.json","Cost of next node: Cost = 215.0 : 281.32 | cr=2, dd=0, da=0, tlv=13, sm=66, rd=80.00, cd=0, um=0","Time elapsed: 213.95 seconds","/home/thomasverwaal/Robust-Rail-NL/mathematical-models/local_search_plans_discreet_120/plan_32_trains_11_units3.json"
"/home/thomasverwaal/Robust-Rail-NL/mathematical-models/scenarios_solver_types_120/scenario_solver_32_trains_11_units3.json","NO_COST_FOUND","NO_TIME_FOUND","NO_PLAN_CREATED"
"/home/thomasverwaal/Robust-Rail-NL/mathematical-models/scenarios_solver_types_120/scenario_solver_32_trains_11_units30.json","Cost of next node: Cost = 2,899.5 : 2,900.75 | cr=55, dd=32, da=30, tlv=0, sm=64, rd=180.00, cd=0, um=0","Time elapsed: 4.11 seconds","/home/thomasverwaal/Robust-Rail-NL/mathematical-models/local_search_plans_discreet_120/plan_32_trains_11_units30.json"
"/home/thomasverwaal/Robust-Rail-NL/mathematical-models/scenarios_solver_types_120/scenario_solver_32_trains_11_units30.json","Cost of next node: Cost = 2,864.5 : 2,865.75 | cr=51, dd=32, da=30, tlv=0, sm=64, rd=183.75, cd=0, um=0","Time elapsed: 4.18 seconds","/home/thomasverwaal/Robust-Rail-NL/mathematical-models/local_search_plans_discreet_120/plan_32_trains_11_units30.json"
"/home/thomasverwaal/Robust-Rail-NL/mathematical-models/scenarios_solver_types_120/scenario_solver_32_trains_11_units30.json","Cost of next node: Cost = 2,820.1 : 2,821.39 | cr=47, dd=32, da=30, tlv=0, sm=64, rd=181.88, cd=0, um=0","Time elapsed: 4.24 seconds","/home/thomasverwaal/Robust-Rail-NL/mathematical-models/local_search_plans_discreet_120/plan_32_trains_11_units30.json"
"/home/thomasverwaal/Robust-Rail-NL/mathematical-models/scenarios_solver_types_120/scenario_solver_32_trains_11_units30.json","Cost of next node: Cost = 2,776.8 : 2,783.09 | cr=50, dd=32, da=27, tlv=1, sm=64, rd=178.12, cd=0, um=0","Time elapsed: 4.32 seconds","/home/thomasverwaal/Robust-Rail-NL/mathematical-models/local_search_plans_discreet_120/plan_32_trains_11_units30.json"
"/home/thomasverwaal/Robust-Rail-NL/mathematical-models/scenarios_solver_types_120/scenario_solver_32_trains_11_units30.json","Cost of next node: Cost = 2,742.4 : 2,753.69 | cr=44, dd=32, da=27, tlv=2, sm=64, rd=180.00, cd=0, um=0","Time elapsed: 4.44 seconds","/home/thomasverwaal/Robust-Rail-NL/mathematical-models/local_search_plans_discreet_120/plan_32_trains_11_units30.json"
"/home/thomasverwaal/Robust-Rail-NL/mathematical-models/scenarios_solver_types_120/scenario_solver_32_trains_11_units30.json","Cost of next node: Cost = 2,574.7 : 2,581.01 | cr=48, dd=32, da=18, tlv=1, sm=64, rd=172.50, cd=0, um=0","Time elapsed: 4.51 seconds","/home/thomasverwaal/Robust-Rail-NL/mathematical-models/local_search_plans_discreet_120/plan_32_trains_11_units30.json"
"/home/thomasverwaal/Robust-Rail-NL/mathematical-models/scenarios_solver_types_120/scenario_solver_32_trains_11_units30.json","Cost of next node: Cost = 2,531.1 : 2,542.38 | cr=45, dd=32, da=16, tlv=2, sm=64, rd=170.62, cd=0, um=0","Time elapsed: 4.62 seconds","/home/thomasverwaal/Robust-Rail-NL/mathematical-models/local_search_plans_discreet_120/plan_32_trains_11_units30.json"
"/home/thomasverwaal/Robust-Rail-NL/mathematical-models/scenarios_solver_types_120/scenario_solver_32_trains_11_units30.json","Cost of next node: Cost = 2,482.3 : 2,498.53 | cr=47, dd=32, da=12, tlv=3, sm=64, rd=162.19, cd=0, um=0","Time elapsed: 4.71 seconds","/home/thomasverwaal/Robust-Rail-NL/mathematical-models/local_search_plans_discreet_120/plan_32_trains_11_units30.json"
"/home/thomasverwaal/Robust-Rail-NL/mathematical-models/scenarios_solver_types_120/scenario_solver_32_trains_11_units30.json","Cost of next node: Cost = 2,462.0 : 2,483.26 | cr=42, dd=32, da=12, tlv=4, sm=64, rd=172.50, cd=0, um=0","Time elapsed: 4.86 seconds","/home/thomasverwaal/Robust-Rail-NL/mathematical-models/local_search_plans_discreet_120/plan_32_trains_11_units30.json"
"/home/thomasverwaal/Robust-Rail-NL/mathematical-models/scenarios_solver_types_120/scenario_solver_32_trains_11_units30.json","Cost of next node: Cost = 2,434.2 : 2,460.52 | cr=39, dd=32, da=12, tlv=5, sm=64, rd=168.75, cd=0, um=0","Time elapsed: 5.09 seconds","/home/thomasverwaal/Robust-Rail-NL/mathematical-models/local_search_plans_discreet_120/plan_32_trains_11_units30.json"
"/home/thomasverwaal/Robust-Rail-NL/mathematical-models/scenarios_solver_types_120/scenario_solver_32_trains_11_units30.json","Cost of next node: Cost = 2,405.4 : 2,426.70 | cr=38, dd=32, da=12, tlv=4, sm=64, rd=165.94, cd=0, um=0","Time elapsed: 5.38 seconds","/home/thomasverwaal/Robust-Rail-NL/mathematical-models/local_search_plans_discreet_120/plan_32_trains_11_units30.json"
"/home/thomasverwaal/Robust-Rail-NL/mathematical-models/scenarios_solver_types_120/scenario_solver_32_trains_11_units30.json","Cost of next node: Cost = 2,383.6 : 2,404.88 | cr=36, dd=32, da=12, tlv=4, sm=64, rd=164.06, cd=0, um=0","Time elapsed: 5.61 seconds","/home/thomasverwaal/Robust-Rail-NL/mathematical-models/local_search_plans_discreet_120/plan_32_trains_11_units30.json"
"/home/thomasverwaal/Robust-Rail-NL/mathematical-models/scenarios_solver_types_120/scenario_solver_32_trains_11_units30.json","Cost of next node: Cost = 2,345.8 : 2,372.06 | cr=31, dd=32, da=12, tlv=5, sm=64, rd=162.19, cd=0, um=0","Time elapsed: 5.82 seconds","/home/thomasverwaal/Robust-Rail-NL/mathematical-models/local_search_plans_discreet_120/plan_32_trains_11_units30.json"
"/home/thomasverwaal/Robust-Rail-NL/mathematical-models/scenarios_solver_types_120/scenario_solver_32_trains_11_units30.json","Cost of next node: Cost = 2,318.5 : 2,344.77 | cr=32, dd=32, da=12, tlv=5, sm=64, rd=148.12, cd=0, um=0","Time elapsed: 5.99 seconds","/home/thomasverwaal/Robust-Rail-NL/mathematical-models/local_search_plans_discreet_120/plan_32_trains_11_units30.json"
"/home/thomasverwaal/Robust-Rail-NL/mathematical-models/scenarios_solver_types_120/scenario_solver_32_trains_11_units30.json","Cost of next node: Cost = 2,296.5 : 2,322.77 | cr=30, dd=32, da=12, tlv=5, sm=64, rd=148.12, cd=0, um=0","Time elapsed: 6.05 seconds","/home/thomasverwaal/Robust-Rail-NL/mathematical-models/local_search_plans_discreet_120/plan_32_trains_11_units30.json"
"/home/thomasverwaal/Robust-Rail-NL/mathematical-models/scenarios_solver_types_120/scenario_solver_32_trains_11_units30.json","Cost of next node: Cost = 2,274.9 : 2,301.22 | cr=30, dd=32, da=11, tlv=5, sm=64, rd=144.38, cd=0, um=0","Time elapsed: 6.28 seconds","/home/thomasverwaal/Robust-Rail-NL/mathematical-models/local_search_plans_discreet_120/plan_32_trains_11_units30.json"
"/home/thomasverwaal/Robust-Rail-NL/mathematical-models/scenarios_solver_types_120/scenario_solver_32_trains_11_units30.json","Cost of next node: Cost = 2,254.6 : 2,280.90 | cr=30, dd=32, da=10, tlv=5, sm=64, rd=142.50, cd=0, um=0","Time elapsed: 6.62 seconds","/home/thomasverwaal/Robust-Rail-NL/mathematical-models/local_search_plans_discreet_120/plan_32_trains_11_units30.json"
"/home/thomasverwaal/Robust-Rail-NL/mathematical-models/scenarios_solver_types_120/scenario_solver_32_trains_11_units30.json","Cost of next node: Cost = 2,225.3 : 2,256.54 | cr=23, dd=32, da=10, tlv=6, sm=64, rd=148.12, cd=0, um=0","Time elapsed: 6.97 seconds","/home/thomasverwaal/Robust-Rail-NL/mathematical-models/local_search_plans_discreet_120/plan_32_trains_11_units30.json"
"/home/thomasverwaal/Robust-Rail-NL/mathematical-models/scenarios_solver_types_120/scenario_solver_32_trains_11_units30.json","Cost of next node: Cost = 2,200.7 : 2,231.99 | cr=21, dd=32, da=10, tlv=6, sm=64, rd=144.38, cd=0, um=0","Time elapsed: 7.05 seconds","/home/thomasverwaal/Robust-Rail-NL/mathematical-models/local_search_plans_discreet_120/plan_32_trains_11_units30.json"
"/home/thomasverwaal/Robust-Rail-NL/mathematical-models/scenarios_solver_types_120/scenario_solver_32_trains_11_units30.json","Cost of next node: Cost = 2,160.5 : 2,196.81 | cr=19, dd=32, da=9, tlv=7, sm=64, rd=138.75, cd=0, um=0","Time elapsed: 7.43 seconds","/home/thomasverwaal/Robust-Rail-NL/mathematical-models/local_search_plans_discreet_120/plan_32_trains_11_units30.json"
"/home/thomasverwaal/Robust-Rail-NL/mathematical-models/scenarios_solver_types_120/scenario_solver_32_trains_11_units30.json","Cost of next node: Cost = 2,139.3 : 2,180.57 | cr=19, dd=32, da=8, tlv=8, sm=64, rd=136.88, cd=0, um=0","Time elapsed: 7.83 seconds","/home/thomasverwaal/Robust-Rail-NL/mathematical-models/local_search_plans_discreet_120/plan_32_trains_11_units30.json"
"/home/thomasverwaal/Robust-Rail-NL/mathematical-models/scenarios_solver_types_120/scenario_solver_32_trains_11_units30.json","Cost of next node: Cost = 2,111.6 : 2,157.89 | cr=18, dd=32, da=7, tlv=9, sm=64, rd=131.25, cd=0, um=0","Time elapsed: 8.46 seconds","/home/thomasverwaal/Robust-Rail-NL/mathematical-models/local_search_plans_discreet_120/plan_32_trains_11_units30.json"
"/home/thomasverwaal/Robust-Rail-NL/mathematical-models/scenarios_solver_types_120/scenario_solver_32_trains_11_units30.json","Cost of next node: Cost = 2,063.9 : 2,115.18 | cr=19, dd=32, da=4, tlv=10, sm=64, rd=123.75, cd=0, um=0","Time elapsed: 8.65 seconds","/home/thomasverwaal/Robust-Rail-NL/mathematical-models/local_search_plans_discreet_120/plan_32_trains_11_units30.json"
"/home/thomasverwaal/Robust-Rail-NL/mathematical-models/scenarios_solver_types_120/scenario_solver_32_trains_11_units30.json","Cost of next node: Cost = 2,041.6 : 2,087.91 | cr=18, dd=32, da=4, tlv=9, sm=64, rd=127.50, cd=0, um=0","Time elapsed: 8.85 seconds","/home/thomasverwaal/Robust-Rail-NL/mathematical-models/local_search_plans_discreet_120/plan_32_trains_11_units30.json"
"/home/thomasverwaal/Robust-Rail-NL/mathematical-models/scenarios_solver_types_120/scenario_solver_32_trains_11_units30.json","Cost of next node: Cost = 2,018.4 : 2,069.69 | cr=18, dd=32, da=3, tlv=10, sm=64, rd=118.12, cd=0, um=0","Time elapsed: 9.12 seconds","/home/thomasverwaal/Robust-Rail-NL/mathematical-models/local_search_plans_discreet_120/plan_32_trains_11_units30.json"
"/home/thomasverwaal/Robust-Rail-NL/mathematical-models/scenarios_solver_types_120/scenario_solver_32_trains_11_units30.json","Cost of next node: Cost = 1,932.7 : 1,983.94 | cr=20, dd=30, da=3, tlv=10, sm=64, rd=112.50, cd=0, um=0","Time elapsed: 9.20 seconds","/home/thomasverwaal/Robust-Rail-NL/mathematical-models/local_search_plans_discreet_120/plan_32_trains_11_units30.json"
"/home/thomasverwaal/Robust-Rail-NL/mathematical-models/scenarios_solver_types_120/scenario_solver_32_trains_11_units30.json","Cost of next node: Cost = 1,882.4 : 1,933.63 | cr=20, dd=29, da=3, tlv=10, sm=64, rd=112.50, cd=0, um=0","Time elapsed: 9.31 seconds","/home/thomasverwaal/Robust-Rail-NL/mathematical-models/local_search_plans_discreet_120/plan_32_trains_11_units30.json"
"/home/thomasverwaal/Robust-Rail-NL/mathematical-models/scenarios_solver_types_120/scenario_solver_32_trains_11_units30.json","Cost of next node: Cost = 1,841.9 : 1,893.20 | cr=21, dd=28, da=3, tlv=10, sm=64, rd=112.50, cd=0, um=0","Time elapsed: 9.47 seconds","/home/thomasverwaal/Robust-Rail-NL/mathematical-models/local_search_plans_discreet_120/plan_32_trains_11_units30.json"
"/home/thomasverwaal/Robust-Rail-NL/mathematical-models/scenarios_solver_types_120/scenario_solver_32_trains_11_units30.json","Cost of next node: Cost = 1,807.0 : 1,863.27 | cr=21, dd=27, da=3, tlv=11, sm=64, rd=110.62, cd=0, um=0","Time elapsed: 9.71 seconds","/home/thomasverwaal/Robust-Rail-NL/mathematical-models/local_search_plans_discreet_120/plan_32_trains_11_units30.json"
"/home/thomasverwaal/Robust-Rail-NL/mathematical-models/scenarios_solver_types_120/scenario_solver_32_trains_11_units30.json","Cost of next node: Cost = 1,771.3 : 1,832.56 | cr=21, dd=26, da=3, tlv=12, sm=64, rd=108.75, cd=0, um=0","Time elapsed: 9.94 seconds","/home/thomasverwaal/Robust-Rail-NL/mathematical-models/local_search_plans_discreet_120/plan_32_trains_11_units30.json"
"/home/thomasverwaal/Robust-Rail-NL/mathematical-models/scenarios_solver_types_120/scenario_solver_32_trains_11_units30.json","Cost of next node: Cost = 1,746.3 : 1,802.56 | cr=20, dd=26, da=3, tlv=11, sm=64, rd=110.62, cd=0, um=0","Time elapsed: 10.24 seconds","/home/thomasverwaal/Robust-Rail-NL/mathematical-models/local_search_plans_discreet_120/plan_32_trains_11_units30.json"
"/home/thomasverwaal/Robust-Rail-NL/mathematical-models/scenarios_solver_types_120/scenario_solver_32_trains_11_units30.json","Cost of next node: Cost = 1,700.5 : 1,761.81 | cr=19, dd=25, da=3, tlv=12, sm=64, rd=108.75, cd=0, um=0","Time elapsed: 10.54 seconds","/home/thomasverwaal/Robust-Rail-NL/mathematical-models/local_search_plans_discreet_120/plan_32_trains_11_units30.json"
"/home/thomasverwaal/Robust-Rail-NL/mathematical-models/scenarios_solver_types_120/scenario_solver_32_trains_11_units30.json","Cost of next node: Cost = 1,675.7 : 1,741.95 | cr=20, dd=24, da=3, tlv=13, sm=64, rd=105.00, cd=0, um=0","Time elapsed: 10.97 seconds","/home/thomasverwaal/Robust-Rail-NL/mathematical-models/local_search_plans_discreet_120/plan_32_trains_11_units30.json"
"/home/thomasverwaal/Robust-Rail-NL/mathematical-models/scenarios_solver_types_120/scenario_solver_32_trains_11_units30.json","Cost of next node: Cost = 1,641.2 : 1,712.48 | cr=20, dd=23, da=3, tlv=14, sm=64, rd=103.12, cd=0, um=0","Time elapsed: 11.19 seconds","/home/thomasverwaal/Robust-Rail-NL/mathematical-models/local_search_plans_discreet_120/plan_32_trains_11_units30.json"
"/home/thomasverwaal/Robust-Rail-NL/mathematical-models/scenarios_solver_types_120/scenario_solver_32_trains_11_units30.json","Cost of next node: Cost = 1,590.5 : 1,661.75 | cr=20, dd=22, da=3, tlv=14, sm=64, rd=103.12, cd=0, um=0","Time elapsed: 11.25 seconds","/home/thomasverwaal/Robust-Rail-NL/mathematical-models/local_search_plans_discreet_120/plan_32_trains_11_units30.json"
"/home/thomasverwaal/Robust-Rail-NL/mathematical-models/scenarios_solver_types_120/scenario_solver_32_trains_11_units30.json","Cost of next node: Cost = 1,565.5 : 1,641.75 | cr=16, dd=22, da=3, tlv=15, sm=64, rd=103.12, cd=0, um=0","Time elapsed: 11.37 seconds","/home/thomasverwaal/Robust-Rail-NL/mathematical-models/local_search_plans_discreet_120/plan_32_trains_11_units30.json"
"/home/thomasverwaal/Robust-Rail-NL/mathematical-models/scenarios_solver_types_120/scenario_solver_32_trains_11_units30.json","Cost of next node: Cost = 1,295.3 : 1,376.61 | cr=15, dd=17, da=2, tlv=16, sm=64, rd=97.50, cd=0, um=0","Time elapsed: 11.83 seconds","/home/thomasverwaal/Robust-Rail-NL/mathematical-models/local_search_plans_discreet_120/plan_32_trains_11_units30.json"
"/home/thomasverwaal/Robust-Rail-NL/mathematical-models/scenarios_solver_types_120/scenario_solver_32_trains_11_units30.json","Cost of next node: Cost = 1,238.8 : 1,325.04 | cr=20, dd=15, da=1, tlv=17, sm=64, rd=93.75, cd=0, um=0","Time elapsed: 12.11 seconds","/home/thomasverwaal/Robust-Rail-NL/mathematical-models/local_search_plans_discreet_120/plan_32_trains_11_units30.json"
"/home/thomasverwaal/Robust-Rail-NL/mathematical-models/scenarios_solver_types_120/scenario_solver_32_trains_11_units30.json","Cost of next node: Cost = 1,179.3 : 1,265.58 | cr=19, dd=14, da=1, tlv=17, sm=64, rd=93.75, cd=0, um=0","Time elapsed: 12.26 seconds","/home/thomasverwaal/Robust-Rail-NL/mathematical-models/local_search_plans_discreet_120/plan_32_trains_11_units30.json"
"/home/thomasverwaal/Robust-Rail-NL/mathematical-models/scenarios_solver_types_120/scenario_solver_32_trains_11_units30.json","Cost of next node: Cost = 1,154.3 : 1,235.58 | cr=18, dd=14, da=1, tlv=16, sm=64, rd=93.75, cd=0, um=0","Time elapsed: 12.57 seconds","/home/thomasverwaal/Robust-Rail-NL/mathematical-models/local_search_plans_discreet_120/plan_32_trains_11_units30.json"
"/home/thomasverwaal/Robust-Rail-NL/mathematical-models/scenarios_solver_types_120/scenario_solver_32_trains_11_units30.json","Cost of next node: Cost = 1,129.9 : 1,216.20 | cr=19, dd=13, da=1, tlv=17, sm=64, rd=90.00, cd=0, um=0","Time elapsed: 12.83 seconds","/home/thomasverwaal/Robust-Rail-NL/mathematical-models/local_search_plans_discreet_120/plan_32_trains_11_units30.json"
"/home/thomasverwaal/Robust-Rail-NL/mathematical-models/scenarios_solver_types_120/scenario_solver_32_trains_11_units30.json","Cost of next node: Cost = 1,104.9 : 1,186.20 | cr=18, dd=13, da=1, tlv=16, sm=64, rd=91.88, cd=0, um=0","Time elapsed: 13.01 seconds","/home/thomasverwaal/Robust-Rail-NL/mathematical-models/local_search_plans_discreet_120/plan_32_trains_11_units30.json"
"/home/thomasverwaal/Robust-Rail-NL/mathematical-models/scenarios_solver_types_120/scenario_solver_32_trains_11_units30.json","Cost of next node: Cost = 1,079.9 : 1,156.20 | cr=17, dd=13, da=1, tlv=15, sm=64, rd=93.75, cd=0, um=0","Time elapsed: 13.42 seconds","/home/thomasverwaal/Robust-Rail-NL/mathematical-models/local_search_plans_discreet_120/plan_32_trains_11_units30.json"
"/home/thomasverwaal/Robust-Rail-NL/mathematical-models/scenarios_solver_types_120/scenario_solver_32_trains_11_units30.json","Cost of next node: Cost = 1,054.9 : 1,126.20 | cr=16, dd=13, da=1, tlv=14, sm=64, rd=95.62, cd=0, um=0","Time elapsed: 13.69 seconds","/home/thomasverwaal/Robust-Rail-NL/mathematical-models/local_search_plans_discreet_120/plan_32_trains_11_units30.json"
"/home/thomasverwaal/Robust-Rail-NL/mathematical-models/scenarios_solver_types_120/scenario_solver_32_trains_11_units30.json","Cost of next node: Cost = 685.7 : 762.00 | cr=15, dd=6, da=0, tlv=15, sm=64, rd=88.12, cd=0, um=0","Time elapsed: 13.94 seconds","/home/thomasverwaal/Robust-Rail-NL/mathematical-models/local_search_plans_discreet_120/plan_32_trains_11_units30.json"
"/home/thomasverwaal/Robust-Rail-NL/mathematical-models/scenarios_solver_types_120/scenario_solver_32_trains_11_units30.json","Cost of next node: Cost = 430.0 : 511.28 | cr=19, dd=0, da=0, tlv=16, sm=64, rd=76.88, cd=0, um=0","Time elapsed: 14.33 seconds","/home/thomasverwaal/Robust-Rail-NL/mathematical-models/local_search_plans_discreet_120/plan_32_trains_11_units30.json"
"/home/thomasverwaal/Robust-Rail-NL/mathematical-models/scenarios_solver_types_120/scenario_solver_32_trains_11_units30.json","Cost of next node: Cost = 400.0 : 481.28 | cr=16, dd=0, da=0, tlv=16, sm=64, rd=76.88, cd=0, um=0","Time elapsed: 14.52 seconds","/home/thomasverwaal/Robust-Rail-NL/mathematical-models/local_search_plans_discreet_120/plan_32_trains_11_units30.json"
"/home/thomasverwaal/Robust-Rail-NL/mathematical-models/scenarios_solver_types_120/scenario_solver_32_trains_11_units30.json","Cost of next node: Cost = 375.0 : 451.28 | cr=15, dd=0, da=0, tlv=15, sm=64, rd=76.88, cd=0, um=0","Time elapsed: 14.76 seconds","/home/thomasverwaal/Robust-Rail-NL/mathematical-models/local_search_plans_discreet_120/plan_32_trains_11_units30.json"
"/home/thomasverwaal/Robust-Rail-NL/mathematical-models/scenarios_solver_types_120/scenario_solver_32_trains_11_units30.json","Cost of next node: Cost = 350.0 : 421.28 | cr=14, dd=0, da=0, tlv=14, sm=64, rd=78.75, cd=0, um=0","Time elapsed: 15.01 seconds","/home/thomasverwaal/Robust-Rail-NL/mathematical-models/local_search_plans_discreet_120/plan_32_trains_11_units30.json"
"/home/thomasverwaal/Robust-Rail-NL/mathematical-models/scenarios_solver_types_120/scenario_solver_32_trains_11_units30.json","Cost of next node: Cost = 330.0 : 401.28 | cr=12, dd=0, da=0, tlv=14, sm=64, rd=78.75, cd=0, um=0","Time elapsed: 18.35 seconds","/home/thomasverwaal/Robust-Rail-NL/mathematical-models/local_search_plans_discreet_120/plan_32_trains_11_units30.json"
"/home/thomasverwaal/Robust-Rail-NL/mathematical-models/scenarios_solver_types_120/scenario_solver_32_trains_11_units30.json","Cost of next node: Cost = 315.0 : 381.28 | cr=12, dd=0, da=0, tlv=13, sm=64, rd=80.62, cd=0, um=0","Time elapsed: 21.03 seconds","/home/thomasverwaal/Robust-Rail-NL/mathematical-models/local_search_plans_discreet_120/plan_32_trains_11_units30.json"
"/home/thomasverwaal/Robust-Rail-NL/mathematical-models/scenarios_solver_types_120/scenario_solver_32_trains_11_units30.json","Cost of next node: Cost = 305.0 : 371.28 | cr=11, dd=0, da=0, tlv=13, sm=64, rd=80.62, cd=0, um=0","Time elapsed: 23.69 seconds","/home/thomasverwaal/Robust-Rail-NL/mathematical-models/local_search_plans_discreet_120/plan_32_trains_11_units30.json"
"/home/thomasverwaal/Robust-Rail-NL/mathematical-models/scenarios_solver_types_120/scenario_solver_32_trains_11_units30.json","Cost of next node: Cost = 295.0 : 361.28 | cr=10, dd=0, da=0, tlv=13, sm=64, rd=82.50, cd=0, um=0","Time elapsed: 26.11 seconds","/home/thomasverwaal/Robust-Rail-NL/mathematical-models/local_search_plans_discreet_120/plan_32_trains_11_units30.json"
"/home/thomasverwaal/Robust-Rail-NL/mathematical-models/scenarios_solver_types_120/scenario_solver_32_trains_11_units30.json","Cost of next node: Cost = 285.0 : 351.28 | cr=9, dd=0, da=0, tlv=13, sm=64, rd=82.50, cd=0, um=0","Time elapsed: 28.25 seconds","/home/thomasverwaal/Robust-Rail-NL/mathematical-models/local_search_plans_discreet_120/plan_32_trains_11_units30.json"
"/home/thomasverwaal/Robust-Rail-NL/mathematical-models/scenarios_solver_types_120/scenario_solver_32_trains_11_units30.json","Cost of next node: Cost = 275.0 : 341.28 | cr=8, dd=0, da=0, tlv=13, sm=64, rd=82.50, cd=0, um=0","Time elapsed: 29.90 seconds","/home/thomasverwaal/Robust-Rail-NL/mathematical-models/local_search_plans_discreet_120/plan_32_trains_11_units30.json"
"/home/thomasverwaal/Robust-Rail-NL/mathematical-models/scenarios_solver_types_120/scenario_solver_32_trains_11_units30.json","Cost of next node: Cost = 265.0 : 331.28 | cr=7, dd=0, da=0, tlv=13, sm=64, rd=82.50, cd=0, um=0","Time elapsed: 31.14 seconds","/home/thomasverwaal/Robust-Rail-NL/mathematical-models/local_search_plans_discreet_120/plan_32_trains_11_units30.json"
"/home/thomasverwaal/Robust-Rail-NL/mathematical-models/scenarios_solver_types_120/scenario_solver_32_trains_11_units30.json","Cost of next node: Cost = 255.0 : 321.28 | cr=6, dd=0, da=0, tlv=13, sm=64, rd=82.50, cd=0, um=0","Time elapsed: 32.44 seconds","/home/thomasverwaal/Robust-Rail-NL/mathematical-models/local_search_plans_discreet_120/plan_32_trains_11_units30.json"
"/home/thomasverwaal/Robust-Rail-NL/mathematical-models/scenarios_solver_types_120/scenario_solver_32_trains_11_units30.json","Cost of next node: Cost = 245.0 : 311.28 | cr=5, dd=0, da=0, tlv=13, sm=64, rd=82.50, cd=0, um=0","Time elapsed: 33.66 seconds","/home/thomasverwaal/Robust-Rail-NL/mathematical-models/local_search_plans_discreet_120/plan_32_trains_11_units30.json"
"/home/thomasverwaal/Robust-Rail-NL/mathematical-models/scenarios_solver_types_120/scenario_solver_32_trains_11_units30.json","Cost of next node: Cost = 235.0 : 301.28 | cr=4, dd=0, da=0, tlv=13, sm=64, rd=82.50, cd=0, um=0","Time elapsed: 34.63 seconds","/home/thomasverwaal/Robust-Rail-NL/mathematical-models/local_search_plans_discreet_120/plan_32_trains_11_units30.json"
"/home/thomasverwaal/Robust-Rail-NL/mathematical-models/scenarios_solver_types_120/scenario_solver_32_trains_11_units30.json","Cost of next node: Cost = 225.0 : 291.28 | cr=3, dd=0, da=0, tlv=13, sm=64, rd=82.50, cd=0, um=0","Time elapsed: 35.49 seconds","/home/thomasverwaal/Robust-Rail-NL/mathematical-models/local_search_plans_discreet_120/plan_32_trains_11_units30.json"
"/home/thomasverwaal/Robust-Rail-NL/mathematical-models/scenarios_solver_types_120/scenario_solver_32_trains_11_units30.json","Cost of next node: Cost = 215.0 : 281.28 | cr=2, dd=0, da=0, tlv=13, sm=64, rd=84.38, cd=0, um=0","Time elapsed: 36.22 seconds","/home/thomasverwaal/Robust-Rail-NL/mathematical-models/local_search_plans_discreet_120/plan_32_trains_11_units30.json"
"/home/thomasverwaal/Robust-Rail-NL/mathematical-models/scenarios_solver_types_120/scenario_solver_32_trains_11_units30.json","Cost of next node: Cost = 205.0 : 271.30 | cr=1, dd=0, da=0, tlv=13, sm=65, rd=84.92, cd=0, um=0","Time elapsed: 38.62 seconds","/home/thomasverwaal/Robust-Rail-NL/mathematical-models/local_search_plans_discreet_120/plan_32_trains_11_units30.json"
"/home/thomasverwaal/Robust-Rail-NL/mathematical-models/scenarios_solver_types_120/scenario_solver_32_trains_11_units30.json","Cost of next node: Cost = 195.0 : 261.30 | cr=0, dd=0, da=0, tlv=13, sm=65, rd=86.77, cd=0, um=0","Time elapsed: 125.09 seconds","/home/thomasverwaal/Robust-Rail-NL/mathematical-models/local_search_plans_discreet_120/plan_32_trains_11_units30.json"
"/home/thomasverwaal/Robust-Rail-NL/mathematical-models/scenarios_solver_types_120/scenario_solver_32_trains_11_units30.json","NO_COST_FOUND","NO_TIME_FOUND","NO_PLAN_CREATED"
"/home/thomasverwaal/Robust-Rail-NL/mathematical-models/scenarios_solver_types_120/scenario_solver_32_trains_11_units4.json","Cost of next node: Cost = 2,821.0 : 2,822.25 | cr=49, dd=32, da=30, tlv=0, sm=64, rd=178.12, cd=0, um=0","Time elapsed: 5.31 seconds","/home/thomasverwaal/Robust-Rail-NL/mathematical-models/local_search_plans_discreet_120/plan_32_trains_11_units4.json"
"/home/thomasverwaal/Robust-Rail-NL/mathematical-models/scenarios_solver_types_120/scenario_solver_32_trains_11_units4.json","Cost of next node: Cost = 2,790.8 : 2,792.07 | cr=46, dd=32, da=30, tlv=0, sm=64, rd=179.06, cd=0, um=0","Time elapsed: 5.40 seconds","/home/thomasverwaal/Robust-Rail-NL/mathematical-models/local_search_plans_discreet_120/plan_32_trains_11_units4.json"
"/home/thomasverwaal/Robust-Rail-NL/mathematical-models/scenarios_solver_types_120/scenario_solver_32_trains_11_units4.json","Cost of next node: Cost = 2,770.0 : 2,771.25 | cr=43, dd=32, da=30, tlv=0, sm=64, rd=183.75, cd=0, um=0","Time elapsed: 5.48 seconds","/home/thomasverwaal/Robust-Rail-NL/mathematical-models/local_search_plans_discreet_120/plan_32_trains_11_units4.json"
"/home/thomasverwaal/Robust-Rail-NL/mathematical-models/scenarios_solver_types_120/scenario_solver_32_trains_11_units4.json","Cost of next node: Cost = 2,728.1 : 2,734.38 | cr=43, dd=32, da=28, tlv=1, sm=64, rd=185.62, cd=0, um=0","Time elapsed: 5.54 seconds","/home/thomasverwaal/Robust-Rail-NL/mathematical-models/local_search_plans_discreet_120/plan_32_trains_11_units4.json"
"/home/thomasverwaal/Robust-Rail-NL/mathematical-models/scenarios_solver_types_120/scenario_solver_32_trains_11_units4.json","Cost of next node: Cost = 2,600.1 : 2,606.39 | cr=43, dd=32, da=22, tlv=1, sm=64, rd=176.25, cd=0, um=0","Time elapsed: 5.69 seconds","/home/thomasverwaal/Robust-Rail-NL/mathematical-models/local_search_plans_discreet_120/plan_32_trains_11_units4.json"
"/home/thomasverwaal/Robust-Rail-NL/mathematical-models/scenarios_solver_types_120/scenario_solver_32_trains_11_units4.json","Cost of next node: Cost = 2,560.5 : 2,571.82 | cr=39, dd=32, da=21, tlv=2, sm=64, rd=172.50, cd=0, um=0","Time elapsed: 5.82 seconds","/home/thomasverwaal/Robust-Rail-NL/mathematical-models/local_search_plans_discreet_120/plan_32_trains_11_units4.json"
"/home/thomasverwaal/Robust-Rail-NL/mathematical-models/scenarios_solver_types_120/scenario_solver_32_trains_11_units4.json","Cost of next node: Cost = 2,527.7 : 2,538.96 | cr=40, dd=32, da=19, tlv=2, sm=64, rd=170.62, cd=0, um=0","Time elapsed: 5.95 seconds","/home/thomasverwaal/Robust-Rail-NL/mathematical-models/local_search_plans_discreet_120/plan_32_trains_11_units4.json"
"/home/thomasverwaal/Robust-Rail-NL/mathematical-models/scenarios_solver_types_120/scenario_solver_32_trains_11_units4.json","Cost of next node: Cost = 2,479.0 : 2,495.28 | cr=38, dd=32, da=17, tlv=3, sm=64, rd=166.88, cd=0, um=0","Time elapsed: 6.06 seconds","/home/thomasverwaal/Robust-Rail-NL/mathematical-models/local_search_plans_discreet_120/plan_32_trains_11_units4.json"
"/home/thomasverwaal/Robust-Rail-NL/mathematical-models/scenarios_solver_types_120/scenario_solver_32_trains_11_units4.json","Cost of next node: Cost = 2,415.0 : 2,431.26 | cr=38, dd=32, da=14, tlv=3, sm=64, rd=161.25, cd=0, um=0","Time elapsed: 6.16 seconds","/home/thomasverwaal/Robust-Rail-NL/mathematical-models/local_search_plans_discreet_120/plan_32_trains_11_units4.json"
"/home/thomasverwaal/Robust-Rail-NL/mathematical-models/scenarios_solver_types_120/scenario_solver_32_trains_11_units4.json","Cost of next node: Cost = 2,392.4 : 2,408.71 | cr=36, dd=32, da=14, tlv=3, sm=64, rd=159.38, cd=0, um=0","Time elapsed: 6.37 seconds","/home/thomasverwaal/Robust-Rail-NL/mathematical-models/local_search_plans_discreet_120/plan_32_trains_11_units4.json"
"/home/thomasverwaal/Robust-Rail-NL/mathematical-models/scenarios_solver_types_120/scenario_solver_32_trains_11_units4.json","Cost of next node: Cost = 2,364.8 : 2,386.11 | cr=33, dd=32, da=14, tlv=4, sm=64, rd=155.62, cd=0, um=0","Time elapsed: 6.49 seconds","/home/thomasverwaal/Robust-Rail-NL/mathematical-models/local_search_plans_discreet_120/plan_32_trains_11_units4.json"
"/home/thomasverwaal/Robust-Rail-NL/mathematical-models/scenarios_solver_types_120/scenario_solver_32_trains_11_units4.json","Cost of next node: Cost = 2,342.7 : 2,363.93 | cr=31, dd=32, da=14, tlv=4, sm=64, rd=155.62, cd=0, um=0","Time elapsed: 6.65 seconds","/home/thomasverwaal/Robust-Rail-NL/mathematical-models/local_search_plans_discreet_120/plan_32_trains_11_units4.json"
"/home/thomasverwaal/Robust-Rail-NL/mathematical-models/scenarios_solver_types_120/scenario_solver_32_trains_11_units4.json","Cost of next node: Cost = 2,305.2 : 2,331.48 | cr=26, dd=32, da=14, tlv=5, sm=64, rd=153.75, cd=0, um=0","Time elapsed: 6.79 seconds","/home/thomasverwaal/Robust-Rail-NL/mathematical-models/local_search_plans_discreet_120/plan_32_trains_11_units4.json"
"/home/thomasverwaal/Robust-Rail-NL/mathematical-models/scenarios_solver_types_120/scenario_solver_32_trains_11_units4.json","Cost of next node: Cost = 2,281.7 : 2,308.02 | cr=26, dd=32, da=14, tlv=5, sm=64, rd=148.12, cd=0, um=0","Time elapsed: 7.02 seconds","/home/thomasverwaal/Robust-Rail-NL/mathematical-models/local_search_plans_discreet_120/plan_32_trains_11_units4.json"
"/home/thomasverwaal/Robust-Rail-NL/mathematical-models/scenarios_solver_types_120/scenario_solver_32_trains_11_units4.json","Cost of next node: Cost = 2,258.5 : 2,284.83 | cr=26, dd=32, da=13, tlv=5, sm=64, rd=144.38, cd=0, um=0","Time elapsed: 7.19 seconds","/home/thomasverwaal/Robust-Rail-NL/mathematical-models/local_search_plans_discreet_120/plan_32_trains_11_units4.json"
"/home/thomasverwaal/Robust-Rail-NL/mathematical-models/scenarios_solver_types_120/scenario_solver_32_trains_11_units4.json","Cost of next node: Cost = 2,237.8 : 2,264.10 | cr=26, dd=32, da=12, tlv=5, sm=64, rd=142.50, cd=0, um=0","Time elapsed: 7.47 seconds","/home/thomasverwaal/Robust-Rail-NL/mathematical-models/local_search_plans_discreet_120/plan_32_trains_11_units4.json"
"/home/thomasverwaal/Robust-Rail-NL/mathematical-models/scenarios_solver_types_120/scenario_solver_32_trains_11_units4.json","Cost of next node: Cost = 2,217.2 : 2,248.48 | cr=20, dd=32, da=12, tlv=6, sm=64, rd=148.12, cd=0, um=0","Time elapsed: 7.79 seconds","/home/thomasverwaal/Robust-Rail-NL/mathematical-models/local_search_plans_discreet_120/plan_32_trains_11_units4.json"
"/home/thomasverwaal/Robust-Rail-NL/mathematical-models/scenarios_solver_types_120/scenario_solver_32_trains_11_units4.json","Cost of next node: Cost = 2,196.7 : 2,232.95 | cr=19, dd=32, da=11, tlv=7, sm=64, rd=146.25, cd=0, um=0","Time elapsed: 8.20 seconds","/home/thomasverwaal/Robust-Rail-NL/mathematical-models/local_search_plans_discreet_120/plan_32_trains_11_units4.json"
"/home/thomasverwaal/Robust-Rail-NL/mathematical-models/scenarios_solver_types_120/scenario_solver_32_trains_11_units4.json","Cost of next node: Cost = 2,169.0 : 2,210.26 | cr=19, dd=32, da=10, tlv=8, sm=64, rd=138.75, cd=0, um=0","Time elapsed: 8.55 seconds","/home/thomasverwaal/Robust-Rail-NL/mathematical-models/local_search_plans_discreet_120/plan_32_trains_11_units4.json"
"/home/thomasverwaal/Robust-Rail-NL/mathematical-models/scenarios_solver_types_120/scenario_solver_32_trains_11_units4.json","Cost of next node: Cost = 2,057.1 : 2,103.40 | cr=19, dd=30, da=10, tlv=9, sm=64, rd=131.25, cd=0, um=0","Time elapsed: 9.00 seconds","/home/thomasverwaal/Robust-Rail-NL/mathematical-models/local_search_plans_discreet_120/plan_32_trains_11_units4.json"
"/home/thomasverwaal/Robust-Rail-NL/mathematical-models/scenarios_solver_types_120/scenario_solver_32_trains_11_units4.json","Cost of next node: Cost = 2,013.9 : 2,060.17 | cr=20, dd=29, da=10, tlv=9, sm=64, rd=127.50, cd=0, um=0","Time elapsed: 9.07 seconds","/home/thomasverwaal/Robust-Rail-NL/mathematical-models/local_search_plans_discreet_120/plan_32_trains_11_units4.json"
"/home/thomasverwaal/Robust-Rail-NL/mathematical-models/scenarios_solver_types_120/scenario_solver_32_trains_11_units4.json","Cost of next node: Cost = 1,972.9 : 2,019.21 | cr=21, dd=28, da=10, tlv=9, sm=64, rd=127.50, cd=0, um=0","Time elapsed: 9.18 seconds","/home/thomasverwaal/Robust-Rail-NL/mathematical-models/local_search_plans_discreet_120/plan_32_trains_11_units4.json"
"/home/thomasverwaal/Robust-Rail-NL/mathematical-models/scenarios_solver_types_120/scenario_solver_32_trains_11_units4.json","Cost of next node: Cost = 1,944.6 : 1,990.85 | cr=23, dd=27, da=10, tlv=9, sm=64, rd=127.50, cd=0, um=0","Time elapsed: 9.25 seconds","/home/thomasverwaal/Robust-Rail-NL/mathematical-models/local_search_plans_discreet_120/plan_32_trains_11_units4.json"
"/home/thomasverwaal/Robust-Rail-NL/mathematical-models/scenarios_solver_types_120/scenario_solver_32_trains_11_units4.json","Cost of next node: Cost = 1,919.2 : 1,970.49 | cr=23, dd=27, da=8, tlv=10, sm=64, rd=123.75, cd=0, um=0","Time elapsed: 9.46 seconds","/home/thomasverwaal/Robust-Rail-NL/mathematical-models/local_search_plans_discreet_120/plan_32_trains_11_units4.json"
"/home/thomasverwaal/Robust-Rail-NL/mathematical-models/scenarios_solver_types_120/scenario_solver_32_trains_11_units4.json","Cost of next node: Cost = 1,883.8 : 1,940.10 | cr=23, dd=26, da=8, tlv=11, sm=64, rd=121.88, cd=0, um=0","Time elapsed: 9.98 seconds","/home/thomasverwaal/Robust-Rail-NL/mathematical-models/local_search_plans_discreet_120/plan_32_trains_11_units4.json"
"/home/thomasverwaal/Robust-Rail-NL/mathematical-models/scenarios_solver_types_120/scenario_solver_32_trains_11_units4.json","Cost of next node: Cost = 1,810.3 : 1,871.56 | cr=25, dd=25, da=5, tlv=12, sm=64, rd=120.94, cd=0, um=0","Time elapsed: 10.48 seconds","/home/thomasverwaal/Robust-Rail-NL/mathematical-models/local_search_plans_discreet_120/plan_32_trains_11_units4.json"
"/home/thomasverwaal/Robust-Rail-NL/mathematical-models/scenarios_solver_types_120/scenario_solver_32_trains_11_units4.json","Cost of next node: Cost = 1,743.6 : 1,809.84 | cr=24, dd=24, da=4, tlv=13, sm=64, rd=117.19, cd=0, um=0","Time elapsed: 11.09 seconds","/home/thomasverwaal/Robust-Rail-NL/mathematical-models/local_search_plans_discreet_120/plan_32_trains_11_units4.json"
"/home/thomasverwaal/Robust-Rail-NL/mathematical-models/scenarios_solver_types_120/scenario_solver_32_trains_11_units4.json","Cost of next node: Cost = 1,694.1 : 1,760.37 | cr=24, dd=23, da=4, tlv=13, sm=64, rd=117.19, cd=0, um=0","Time elapsed: 11.24 seconds","/home/thomasverwaal/Robust-Rail-NL/mathematical-models/local_search_plans_discreet_120/plan_32_trains_11_units4.json"
"/home/thomasverwaal/Robust-Rail-NL/mathematical-models/scenarios_solver_types_120/scenario_solver_32_trains_11_units4.json","Cost of next node: Cost = 1,633.9 : 1,700.16 | cr=23, dd=22, da=4, tlv=13, sm=64, rd=115.31, cd=0, um=0","Time elapsed: 11.78 seconds","/home/thomasverwaal/Robust-Rail-NL/mathematical-models/local_search_plans_discreet_120/plan_32_trains_11_units4.json"
"/home/thomasverwaal/Robust-Rail-NL/mathematical-models/scenarios_solver_types_120/scenario_solver_32_trains_11_units4.json","Cost of next node: Cost = 1,611.5 : 1,677.82 | cr=21, dd=22, da=4, tlv=13, sm=64, rd=112.50, cd=0, um=0","Time elapsed: 12.51 seconds","/home/thomasverwaal/Robust-Rail-NL/mathematical-models/local_search_plans_discreet_120/plan_32_trains_11_units4.json"
"/home/thomasverwaal/Robust-Rail-NL/mathematical-models/scenarios_solver_types_120/scenario_solver_32_trains_11_units4.json","Cost of next node: Cost = 1,532.6 : 1,603.89 | cr=22, dd=20, da=4, tlv=14, sm=64, rd=109.69, cd=0, um=0","Time elapsed: 12.68 seconds","/home/thomasverwaal/Robust-Rail-NL/mathematical-models/local_search_plans_discreet_120/plan_32_trains_11_units4.json"
"/home/thomasverwaal/Robust-Rail-NL/mathematical-models/scenarios_solver_types_120/scenario_solver_32_trains_11_units4.json","Cost of next node: Cost = 1,507.6 : 1,573.89 | cr=21, dd=20, da=4, tlv=13, sm=64, rd=111.56, cd=0, um=0","Time elapsed: 13.13 seconds","/home/thomasverwaal/Robust-Rail-NL/mathematical-models/local_search_plans_discreet_120/plan_32_trains_11_units4.json"
"/home/thomasverwaal/Robust-Rail-NL/mathematical-models/scenarios_solver_types_120/scenario_solver_32_trains_11_units4.json","Cost of next node: Cost = 1,487.3 : 1,553.60 | cr=19, dd=20, da=4, tlv=13, sm=64, rd=109.69, cd=0, um=0","Time elapsed: 13.84 seconds","/home/thomasverwaal/Robust-Rail-NL/mathematical-models/local_search_plans_discreet_120/plan_32_trains_11_units4.json"
"/home/thomasverwaal/Robust-Rail-NL/mathematical-models/scenarios_solver_types_120/scenario_solver_32_trains_11_units4.json","Cost of next node: Cost = 1,448.1 : 1,514.35 | cr=20, dd=19, da=4, tlv=13, sm=64, rd=109.69, cd=0, um=0","Time elapsed: 14.02 seconds","/home/thomasverwaal/Robust-Rail-NL/mathematical-models/local_search_plans_discreet_120/plan_32_trains_11_units4.json"
"/home/thomasverwaal/Robust-Rail-NL/mathematical-models/scenarios_solver_types_120/scenario_solver_32_trains_11_units4.json","Cost of next node: Cost = 1,398.7 : 1,465.02 | cr=20, dd=18, da=4, tlv=13, sm=64, rd=107.81, cd=0, um=0","Time elapsed: 14.53 seconds","/home/thomasverwaal/Robust-Rail-NL/mathematical-models/local_search_plans_discreet_120/plan_32_trains_11_units4.json"
"/home/thomasverwaal/Robust-Rail-NL/mathematical-models/scenarios_solver_types_120/scenario_solver_32_trains_11_units4.json","Cost of next node: Cost = 1,374.2 : 1,435.50 | cr=19, dd=18, da=4, tlv=12, sm=64, rd=109.69, cd=0, um=0","Time elapsed: 14.78 seconds","/home/thomasverwaal/Robust-Rail-NL/mathematical-models/local_search_plans_discreet_120/plan_32_trains_11_units4.json"
"/home/thomasverwaal/Robust-Rail-NL/mathematical-models/scenarios_solver_types_120/scenario_solver_32_trains_11_units4.json","Cost of next node: Cost = 1,344.8 : 1,406.13 | cr=18, dd=18, da=3, tlv=12, sm=64, rd=107.81, cd=0, um=0","Time elapsed: 15.09 seconds","/home/thomasverwaal/Robust-Rail-NL/mathematical-models/local_search_plans_discreet_120/plan_32_trains_11_units4.json"
"/home/thomasverwaal/Robust-Rail-NL/mathematical-models/scenarios_solver_types_120/scenario_solver_32_trains_11_units4.json","Cost of next node: Cost = 1,138.8 : 1,205.08 | cr=18, dd=14, da=2, tlv=13, sm=64, rd=102.19, cd=0, um=0","Time elapsed: 15.28 seconds","/home/thomasverwaal/Robust-Rail-NL/mathematical-models/local_search_plans_discreet_120/plan_32_trains_11_units4.json"
"/home/thomasverwaal/Robust-Rail-NL/mathematical-models/scenarios_solver_types_120/scenario_solver_32_trains_11_units4.json","Cost of next node: Cost = 1,116.9 : 1,183.18 | cr=18, dd=14, da=1, tlv=13, sm=64, rd=100.31, cd=0, um=0","Time elapsed: 15.52 seconds","/home/thomasverwaal/Robust-Rail-NL/mathematical-models/local_search_plans_discreet_120/plan_32_trains_11_units4.json"
"/home/thomasverwaal/Robust-Rail-NL/mathematical-models/scenarios_solver_types_120/scenario_solver_32_trains_11_units4.json","Cost of next node: Cost = 1,010.1 : 1,081.36 | cr=18, dd=12, da=0, tlv=14, sm=64, rd=95.62, cd=0, um=0","Time elapsed: 15.73 seconds","/home/thomasverwaal/Robust-Rail-NL/mathematical-models/local_search_plans_discreet_120/plan_32_trains_11_units4.json"
"/home/thomasverwaal/Robust-Rail-NL/mathematical-models/scenarios_solver_types_120/scenario_solver_32_trains_11_units4.json","Cost of next node: Cost = 976.2 : 1,047.43 | cr=15, dd=12, da=0, tlv=14, sm=64, rd=92.81, cd=0, um=0","Time elapsed: 15.94 seconds","/home/thomasverwaal/Robust-Rail-NL/mathematical-models/local_search_plans_discreet_120/plan_32_trains_11_units4.json"
"/home/thomasverwaal/Robust-Rail-NL/mathematical-models/scenarios_solver_types_120/scenario_solver_32_trains_11_units4.json","Cost of next node: Cost = 935.0 : 1,011.28 | cr=15, dd=11, da=0, tlv=15, sm=64, rd=86.25, cd=0, um=0","Time elapsed: 16.16 seconds","/home/thomasverwaal/Robust-Rail-NL/mathematical-models/local_search_plans_discreet_120/plan_32_trains_11_units4.json"
"/home/thomasverwaal/Robust-Rail-NL/mathematical-models/scenarios_solver_types_120/scenario_solver_32_trains_11_units4.json","Cost of next node: Cost = 894.3 : 970.55 | cr=16, dd=10, da=0, tlv=15, sm=64, rd=86.25, cd=0, um=0","Time elapsed: 16.27 seconds","/home/thomasverwaal/Robust-Rail-NL/mathematical-models/local_search_plans_discreet_120/plan_32_trains_11_units4.json"
"/home/thomasverwaal/Robust-Rail-NL/mathematical-models/scenarios_solver_types_120/scenario_solver_32_trains_11_units4.json","Cost of next node: Cost = 451.5 : 532.78 | cr=16, dd=1, da=0, tlv=16, sm=64, rd=75.00, cd=0, um=0","Time elapsed: 16.55 seconds","/home/thomasverwaal/Robust-Rail-NL/mathematical-models/local_search_plans_discreet_120/plan_32_trains_11_units4.json"
"/home/thomasverwaal/Robust-Rail-NL/mathematical-models/scenarios_solver_types_120/scenario_solver_32_trains_11_units4.json","Cost of next node: Cost = 431.5 : 512.80 | cr=14, dd=1, da=0, tlv=16, sm=65, rd=75.69, cd=0, um=0","Time elapsed: 21.42 seconds","/home/thomasverwaal/Robust-Rail-NL/mathematical-models/local_search_plans_discreet_120/plan_32_trains_11_units4.json"
"/home/thomasverwaal/Robust-Rail-NL/mathematical-models/scenarios_solver_types_120/scenario_solver_32_trains_11_units4.json","Cost of next node: Cost = 416.5 : 492.80 | cr=14, dd=1, da=0, tlv=15, sm=65, rd=77.54, cd=0, um=0","Time elapsed: 25.74 seconds","/home/thomasverwaal/Robust-Rail-NL/mathematical-models/local_search_plans_discreet_120/plan_32_trains_11_units4.json"
"/home/thomasverwaal/Robust-Rail-NL/mathematical-models/scenarios_solver_types_120/scenario_solver_32_trains_11_units4.json","Cost of next node: Cost = 380.0 : 461.30 | cr=14, dd=0, da=0, tlv=16, sm=65, rd=75.69, cd=0, um=0","Time elapsed: 26.17 seconds","/home/thomasverwaal/Robust-Rail-NL/mathematical-models/local_search_plans_discreet_120/plan_32_trains_11_units4.json"
"/home/thomasverwaal/Robust-Rail-NL/mathematical-models/scenarios_solver_types_120/scenario_solver_32_trains_11_units4.json","Cost of next node: Cost = 370.0 : 451.30 | cr=13, dd=0, da=0, tlv=16, sm=65, rd=75.69, cd=0, um=0","Time elapsed: 30.56 seconds","/home/thomasverwaal/Robust-Rail-NL/mathematical-models/local_search_plans_discreet_120/plan_32_trains_11_units4.json"
"/home/thomasverwaal/Robust-Rail-NL/mathematical-models/scenarios_solver_types_120/scenario_solver_32_trains_11_units4.json","Cost of next node: Cost = 360.0 : 441.30 | cr=12, dd=0, da=0, tlv=16, sm=65, rd=75.69, cd=0, um=0","Time elapsed: 34.65 seconds","/home/thomasverwaal/Robust-Rail-NL/mathematical-models/local_search_plans_discreet_120/plan_32_trains_11_units4.json"
"/home/thomasverwaal/Robust-Rail-NL/mathematical-models/scenarios_solver_types_120/scenario_solver_32_trains_11_units4.json","Cost of next node: Cost = 350.0 : 431.30 | cr=11, dd=0, da=0, tlv=16, sm=65, rd=75.69, cd=0, um=0","Time elapsed: 38.30 seconds","/home/thomasverwaal/Robust-Rail-NL/mathematical-models/local_search_plans_discreet_120/plan_32_trains_11_units4.json"
"/home/thomasverwaal/Robust-Rail-NL/mathematical-models/scenarios_solver_types_120/scenario_solver_32_trains_11_units4.json","Cost of next node: Cost = 340.0 : 421.30 | cr=10, dd=0, da=0, tlv=16, sm=65, rd=75.69, cd=0, um=0","Time elapsed: 41.83 seconds","/home/thomasverwaal/Robust-Rail-NL/mathematical-models/local_search_plans_discreet_120/plan_32_trains_11_units4.json"
"/home/thomasverwaal/Robust-Rail-NL/mathematical-models/scenarios_solver_types_120/scenario_solver_32_trains_11_units4.json","Cost of next node: Cost = 330.0 : 411.30 | cr=9, dd=0, da=0, tlv=16, sm=65, rd=75.69, cd=0, um=0","Time elapsed: 45.18 seconds","/home/thomasverwaal/Robust-Rail-NL/mathematical-models/local_search_plans_discreet_120/plan_32_trains_11_units4.json"
"/home/thomasverwaal/Robust-Rail-NL/mathematical-models/scenarios_solver_types_120/scenario_solver_32_trains_11_units4.json","Cost of next node: Cost = 320.0 : 401.30 | cr=8, dd=0, da=0, tlv=16, sm=65, rd=75.69, cd=0, um=0","Time elapsed: 48.18 seconds","/home/thomasverwaal/Robust-Rail-NL/mathematical-models/local_search_plans_discreet_120/plan_32_trains_11_units4.json"
"/home/thomasverwaal/Robust-Rail-NL/mathematical-models/scenarios_solver_types_120/scenario_solver_32_trains_11_units4.json","Cost of next node: Cost = 310.0 : 391.30 | cr=7, dd=0, da=0, tlv=16, sm=65, rd=75.69, cd=0, um=0","Time elapsed: 50.49 seconds","/home/thomasverwaal/Robust-Rail-NL/mathematical-models/local_search_plans_discreet_120/plan_32_trains_11_units4.json"
"/home/thomasverwaal/Robust-Rail-NL/mathematical-models/scenarios_solver_types_120/scenario_solver_32_trains_11_units4.json","Cost of next node: Cost = 300.0 : 381.30 | cr=6, dd=0, da=0, tlv=16, sm=65, rd=75.69, cd=0, um=0","Time elapsed: 52.45 seconds","/home/thomasverwaal/Robust-Rail-NL/mathematical-models/local_search_plans_discreet_120/plan_32_trains_11_units4.json"
"/home/thomasverwaal/Robust-Rail-NL/mathematical-models/scenarios_solver_types_120/scenario_solver_32_trains_11_units4.json","Cost of next node: Cost = 295.0 : 371.30 | cr=7, dd=0, da=0, tlv=15, sm=65, rd=75.69, cd=0, um=0","Time elapsed: 54.13 seconds","/home/thomasverwaal/Robust-Rail-NL/mathematical-models/local_search_plans_discreet_120/plan_32_trains_11_units4.json"
"/home/thomasverwaal/Robust-Rail-NL/mathematical-models/scenarios_solver_types_120/scenario_solver_32_trains_11_units4.json","Cost of next node: Cost = 290.0 : 361.30 | cr=8, dd=0, da=0, tlv=14, sm=65, rd=77.54, cd=0, um=0","Time elapsed: 56.13 seconds","/home/thomasverwaal/Robust-Rail-NL/mathematical-models/local_search_plans_discreet_120/plan_32_trains_11_units4.json"
"/home/thomasverwaal/Robust-Rail-NL/mathematical-models/scenarios_solver_types_120/scenario_solver_32_trains_11_units4.json","Cost of next node: Cost = 280.0 : 351.32 | cr=7, dd=0, da=0, tlv=14, sm=66, rd=78.18, cd=0, um=0","Time elapsed: 69.24 seconds","/home/thomasverwaal/Robust-Rail-NL/mathematical-models/local_search_plans_discreet_120/plan_32_trains_11_units4.json"
"/home/thomasverwaal/Robust-Rail-NL/mathematical-models/scenarios_solver_types_120/scenario_solver_32_trains_11_units4.json","Cost of next node: Cost = 270.0 : 341.30 | cr=6, dd=0, da=0, tlv=14, sm=65, rd=79.38, cd=0, um=0","Time elapsed: 70.69 seconds","/home/thomasverwaal/Robust-Rail-NL/mathematical-models/local_search_plans_discreet_120/plan_32_trains_11_units4.json"
"/home/thomasverwaal/Robust-Rail-NL/mathematical-models/scenarios_solver_types_120/scenario_solver_32_trains_11_units4.json","Cost of next node: Cost = 260.0 : 331.32 | cr=5, dd=0, da=0, tlv=14, sm=66, rd=80.00, cd=0, um=0","Time elapsed: 82.18 seconds","/home/thomasverwaal/Robust-Rail-NL/mathematical-models/local_search_plans_discreet_120/plan_32_trains_11_units4.json"
"/home/thomasverwaal/Robust-Rail-NL/mathematical-models/scenarios_solver_types_120/scenario_solver_32_trains_11_units4.json","Cost of next node: Cost = 250.0 : 321.32 | cr=4, dd=0, da=0, tlv=14, sm=66, rd=81.82, cd=0, um=0","Time elapsed: 94.18 seconds","/home/thomasverwaal/Robust-Rail-NL/mathematical-models/local_search_plans_discreet_120/plan_32_trains_11_units4.json"
"/home/thomasverwaal/Robust-Rail-NL/mathematical-models/scenarios_solver_types_120/scenario_solver_32_trains_11_units4.json","Cost of next node: Cost = 245.0 : 311.34 | cr=5, dd=0, da=0, tlv=13, sm=67, rd=84.18, cd=0, um=0","Time elapsed: 144.63 seconds","/home/thomasverwaal/Robust-Rail-NL/mathematical-models/local_search_plans_discreet_120/plan_32_trains_11_units4.json"
"/home/thomasverwaal/Robust-Rail-NL/mathematical-models/scenarios_solver_types_120/scenario_solver_32_trains_11_units4.json","Cost of next node: Cost = 235.0 : 301.34 | cr=4, dd=0, da=0, tlv=13, sm=67, rd=82.39, cd=0, um=0","Time elapsed: 159.30 seconds","/home/thomasverwaal/Robust-Rail-NL/mathematical-models/local_search_plans_discreet_120/plan_32_trains_11_units4.json"
"/home/thomasverwaal/Robust-Rail-NL/mathematical-models/scenarios_solver_types_120/scenario_solver_32_trains_11_units4.json","Cost of next node: Cost = 225.0 : 291.36 | cr=3, dd=0, da=0, tlv=13, sm=68, rd=82.94, cd=0, um=0","Time elapsed: 167.28 seconds","/home/thomasverwaal/Robust-Rail-NL/mathematical-models/local_search_plans_discreet_120/plan_32_trains_11_units4.json"
"/home/thomasverwaal/Robust-Rail-NL/mathematical-models/scenarios_solver_types_120/scenario_solver_32_trains_11_units4.json","NO_COST_FOUND","NO_TIME_FOUND","NO_PLAN_CREATED"
