scenario,cost_line,time_line,plan_file
"/home/thomasverwaal/Robust-Rail-NL/mathematical-models/scenarios_solver_types_120/scenario_solver_33_trains_5_units14.json","Cost of next node: Cost = 2,854.8 : 2,856.10 | cr=45, dd=33, da=31, tlv=0, sm=66, rd=178.18, cd=0, um=0","Time elapsed: 5.17 seconds","/home/thomasverwaal/Robust-Rail-NL/mathematical-models/local_search_plans_discreet_120/plan_33_trains_5_units14.json"
"/home/thomasverwaal/Robust-Rail-NL/mathematical-models/scenarios_solver_types_120/scenario_solver_33_trains_5_units14.json","Cost of next node: Cost = 2,821.3 : 2,822.66 | cr=42, dd=33, da=31, tlv=0, sm=66, rd=178.18, cd=0, um=0","Time elapsed: 5.31 seconds","/home/thomasverwaal/Robust-Rail-NL/mathematical-models/local_search_plans_discreet_120/plan_33_trains_5_units14.json"
"/home/thomasverwaal/Robust-Rail-NL/mathematical-models/scenarios_solver_types_120/scenario_solver_33_trains_5_units14.json","Cost of next node: Cost = 2,793.6 : 2,799.96 | cr=42, dd=33, da=30, tlv=1, sm=66, rd=173.64, cd=0, um=0","Time elapsed: 5.44 seconds","/home/thomasverwaal/Robust-Rail-NL/mathematical-models/local_search_plans_discreet_120/plan_33_trains_5_units14.json"
"/home/thomasverwaal/Robust-Rail-NL/mathematical-models/scenarios_solver_types_120/scenario_solver_33_trains_5_units14.json","Cost of next node: Cost = 2,739.3 : 2,750.67 | cr=39, dd=33, da=28, tlv=2, sm=66, rd=172.73, cd=0, um=0","Time elapsed: 5.55 seconds","/home/thomasverwaal/Robust-Rail-NL/mathematical-models/local_search_plans_discreet_120/plan_33_trains_5_units14.json"
"/home/thomasverwaal/Robust-Rail-NL/mathematical-models/scenarios_solver_types_120/scenario_solver_33_trains_5_units14.json","Cost of next node: Cost = 2,714.6 : 2,725.90 | cr=39, dd=33, da=27, tlv=2, sm=66, rd=169.09, cd=0, um=0","Time elapsed: 5.70 seconds","/home/thomasverwaal/Robust-Rail-NL/mathematical-models/local_search_plans_discreet_120/plan_33_trains_5_units14.json"
"/home/thomasverwaal/Robust-Rail-NL/mathematical-models/scenarios_solver_types_120/scenario_solver_33_trains_5_units14.json","Cost of next node: Cost = 2,682.3 : 2,698.59 | cr=34, dd=33, da=27, tlv=3, sm=66, rd=168.18, cd=0, um=0","Time elapsed: 5.79 seconds","/home/thomasverwaal/Robust-Rail-NL/mathematical-models/local_search_plans_discreet_120/plan_33_trains_5_units14.json"
"/home/thomasverwaal/Robust-Rail-NL/mathematical-models/scenarios_solver_types_120/scenario_solver_33_trains_5_units14.json","Cost of next node: Cost = 2,584.3 : 2,605.64 | cr=33, dd=33, da=22, tlv=4, sm=66, rd=163.64, cd=0, um=0","Time elapsed: 5.99 seconds","/home/thomasverwaal/Robust-Rail-NL/mathematical-models/local_search_plans_discreet_120/plan_33_trains_5_units14.json"
"/home/thomasverwaal/Robust-Rail-NL/mathematical-models/scenarios_solver_types_120/scenario_solver_33_trains_5_units14.json","Cost of next node: Cost = 2,564.3 : 2,585.64 | cr=31, dd=33, da=22, tlv=4, sm=66, rd=163.64, cd=0, um=0","Time elapsed: 6.06 seconds","/home/thomasverwaal/Robust-Rail-NL/mathematical-models/local_search_plans_discreet_120/plan_33_trains_5_units14.json"
"/home/thomasverwaal/Robust-Rail-NL/mathematical-models/scenarios_solver_types_120/scenario_solver_33_trains_5_units14.json","Cost of next node: Cost = 2,517.7 : 2,544.00 | cr=31, dd=33, da=19, tlv=5, sm=66, rd=160.00, cd=0, um=0","Time elapsed: 6.22 seconds","/home/thomasverwaal/Robust-Rail-NL/mathematical-models/local_search_plans_discreet_120/plan_33_trains_5_units14.json"
"/home/thomasverwaal/Robust-Rail-NL/mathematical-models/scenarios_solver_types_120/scenario_solver_33_trains_5_units14.json","Cost of next node: Cost = 2,491.5 : 2,517.81 | cr=31, dd=33, da=18, tlv=5, sm=66, rd=159.09, cd=0, um=0","Time elapsed: 6.46 seconds","/home/thomasverwaal/Robust-Rail-NL/mathematical-models/local_search_plans_discreet_120/plan_33_trains_5_units14.json"
"/home/thomasverwaal/Robust-Rail-NL/mathematical-models/scenarios_solver_types_120/scenario_solver_33_trains_5_units14.json","Cost of next node: Cost = 2,453.9 : 2,480.19 | cr=36, dd=33, da=14, tlv=5, sm=66, rd=154.55, cd=0, um=0","Time elapsed: 6.66 seconds","/home/thomasverwaal/Robust-Rail-NL/mathematical-models/local_search_plans_discreet_120/plan_33_trains_5_units14.json"
"/home/thomasverwaal/Robust-Rail-NL/mathematical-models/scenarios_solver_types_120/scenario_solver_33_trains_5_units14.json","Cost of next node: Cost = 2,432.9 : 2,459.21 | cr=34, dd=33, da=14, tlv=5, sm=66, rd=152.73, cd=0, um=0","Time elapsed: 6.93 seconds","/home/thomasverwaal/Robust-Rail-NL/mathematical-models/local_search_plans_discreet_120/plan_33_trains_5_units14.json"
"/home/thomasverwaal/Robust-Rail-NL/mathematical-models/scenarios_solver_types_120/scenario_solver_33_trains_5_units14.json","Cost of next node: Cost = 2,405.5 : 2,436.83 | cr=30, dd=33, da=14, tlv=6, sm=66, rd=150.91, cd=0, um=0","Time elapsed: 7.12 seconds","/home/thomasverwaal/Robust-Rail-NL/mathematical-models/local_search_plans_discreet_120/plan_33_trains_5_units14.json"
"/home/thomasverwaal/Robust-Rail-NL/mathematical-models/scenarios_solver_types_120/scenario_solver_33_trains_5_units14.json","Cost of next node: Cost = 2,385.0 : 2,416.37 | cr=30, dd=33, da=13, tlv=6, sm=66, rd=147.27, cd=0, um=0","Time elapsed: 7.55 seconds","/home/thomasverwaal/Robust-Rail-NL/mathematical-models/local_search_plans_discreet_120/plan_33_trains_5_units14.json"
"/home/thomasverwaal/Robust-Rail-NL/mathematical-models/scenarios_solver_types_120/scenario_solver_33_trains_5_units14.json","Cost of next node: Cost = 2,364.3 : 2,395.58 | cr=30, dd=33, da=12, tlv=6, sm=66, rd=143.64, cd=0, um=0","Time elapsed: 7.80 seconds","/home/thomasverwaal/Robust-Rail-NL/mathematical-models/local_search_plans_discreet_120/plan_33_trains_5_units14.json"
"/home/thomasverwaal/Robust-Rail-NL/mathematical-models/scenarios_solver_types_120/scenario_solver_33_trains_5_units14.json","Cost of next node: Cost = 2,319.3 : 2,355.58 | cr=24, dd=33, da=12, tlv=7, sm=66, rd=143.64, cd=0, um=0","Time elapsed: 8.27 seconds","/home/thomasverwaal/Robust-Rail-NL/mathematical-models/local_search_plans_discreet_120/plan_33_trains_5_units14.json"
"/home/thomasverwaal/Robust-Rail-NL/mathematical-models/scenarios_solver_types_120/scenario_solver_33_trains_5_units14.json","Cost of next node: Cost = 2,283.3 : 2,324.65 | cr=22, dd=33, da=11, tlv=8, sm=66, rd=138.18, cd=0, um=0","Time elapsed: 8.78 seconds","/home/thomasverwaal/Robust-Rail-NL/mathematical-models/local_search_plans_discreet_120/plan_33_trains_5_units14.json"
"/home/thomasverwaal/Robust-Rail-NL/mathematical-models/scenarios_solver_types_120/scenario_solver_33_trains_5_units14.json","Cost of next node: Cost = 2,247.0 : 2,288.36 | cr=22, dd=33, da=10, tlv=8, sm=66, rd=135.45, cd=0, um=0","Time elapsed: 9.26 seconds","/home/thomasverwaal/Robust-Rail-NL/mathematical-models/local_search_plans_discreet_120/plan_33_trains_5_units14.json"
"/home/thomasverwaal/Robust-Rail-NL/mathematical-models/scenarios_solver_types_120/scenario_solver_33_trains_5_units14.json","Cost of next node: Cost = 2,156.6 : 2,202.95 | cr=25, dd=31, da=9, tlv=9, sm=66, rd=125.45, cd=0, um=0","Time elapsed: 9.72 seconds","/home/thomasverwaal/Robust-Rail-NL/mathematical-models/local_search_plans_discreet_120/plan_33_trains_5_units14.json"
"/home/thomasverwaal/Robust-Rail-NL/mathematical-models/scenarios_solver_types_120/scenario_solver_33_trains_5_units14.json","Cost of next node: Cost = 2,107.4 : 2,153.76 | cr=25, dd=30, da=9, tlv=9, sm=66, rd=125.45, cd=0, um=0","Time elapsed: 9.81 seconds","/home/thomasverwaal/Robust-Rail-NL/mathematical-models/local_search_plans_discreet_120/plan_33_trains_5_units14.json"
"/home/thomasverwaal/Robust-Rail-NL/mathematical-models/scenarios_solver_types_120/scenario_solver_33_trains_5_units14.json","Cost of next node: Cost = 2,018.3 : 2,064.61 | cr=26, dd=28, da=9, tlv=9, sm=66, rd=125.45, cd=0, um=0","Time elapsed: 9.95 seconds","/home/thomasverwaal/Robust-Rail-NL/mathematical-models/local_search_plans_discreet_120/plan_33_trains_5_units14.json"
"/home/thomasverwaal/Robust-Rail-NL/mathematical-models/scenarios_solver_types_120/scenario_solver_33_trains_5_units14.json","Cost of next node: Cost = 1,851.9 : 1,903.27 | cr=28, dd=25, da=7, tlv=10, sm=66, rd=118.18, cd=0, um=0","Time elapsed: 10.57 seconds","/home/thomasverwaal/Robust-Rail-NL/mathematical-models/local_search_plans_discreet_120/plan_33_trains_5_units14.json"
"/home/thomasverwaal/Robust-Rail-NL/mathematical-models/scenarios_solver_types_120/scenario_solver_33_trains_5_units14.json","Cost of next node: Cost = 1,831.4 : 1,882.72 | cr=31, dd=24, da=7, tlv=10, sm=66, rd=118.18, cd=0, um=0","Time elapsed: 10.71 seconds","/home/thomasverwaal/Robust-Rail-NL/mathematical-models/local_search_plans_discreet_120/plan_33_trains_5_units14.json"
"/home/thomasverwaal/Robust-Rail-NL/mathematical-models/scenarios_solver_types_120/scenario_solver_33_trains_5_units14.json","Cost of next node: Cost = 1,810.3 : 1,861.64 | cr=29, dd=24, da=7, tlv=10, sm=66, rd=118.18, cd=0, um=0","Time elapsed: 10.81 seconds","/home/thomasverwaal/Robust-Rail-NL/mathematical-models/local_search_plans_discreet_120/plan_33_trains_5_units14.json"
"/home/thomasverwaal/Robust-Rail-NL/mathematical-models/scenarios_solver_types_120/scenario_solver_33_trains_5_units14.json","Cost of next node: Cost = 1,711.7 : 1,763.04 | cr=29, dd=22, da=7, tlv=10, sm=66, rd=118.18, cd=0, um=0","Time elapsed: 11.07 seconds","/home/thomasverwaal/Robust-Rail-NL/mathematical-models/local_search_plans_discreet_120/plan_33_trains_5_units14.json"
"/home/thomasverwaal/Robust-Rail-NL/mathematical-models/scenarios_solver_types_120/scenario_solver_33_trains_5_units14.json","Cost of next node: Cost = 1,651.9 : 1,703.22 | cr=28, dd=21, da=7, tlv=10, sm=66, rd=118.18, cd=0, um=0","Time elapsed: 11.25 seconds","/home/thomasverwaal/Robust-Rail-NL/mathematical-models/local_search_plans_discreet_120/plan_33_trains_5_units14.json"
"/home/thomasverwaal/Robust-Rail-NL/mathematical-models/scenarios_solver_types_120/scenario_solver_33_trains_5_units14.json","Cost of next node: Cost = 1,628.2 : 1,684.47 | cr=28, dd=19, da=10, tlv=11, sm=66, rd=119.09, cd=0, um=0","Time elapsed: 11.67 seconds","/home/thomasverwaal/Robust-Rail-NL/mathematical-models/local_search_plans_discreet_120/plan_33_trains_5_units14.json"
"/home/thomasverwaal/Robust-Rail-NL/mathematical-models/scenarios_solver_types_120/scenario_solver_33_trains_5_units14.json","Cost of next node: Cost = 1,570.0 : 1,626.27 | cr=30, dd=19, da=6, tlv=11, sm=66, rd=116.36, cd=0, um=0","Time elapsed: 11.81 seconds","/home/thomasverwaal/Robust-Rail-NL/mathematical-models/local_search_plans_discreet_120/plan_33_trains_5_units14.json"
"/home/thomasverwaal/Robust-Rail-NL/mathematical-models/scenarios_solver_types_120/scenario_solver_33_trains_5_units14.json","Cost of next node: Cost = 1,513.2 : 1,574.54 | cr=30, dd=18, da=5, tlv=12, sm=66, rd=112.73, cd=0, um=0","Time elapsed: 12.78 seconds","/home/thomasverwaal/Robust-Rail-NL/mathematical-models/local_search_plans_discreet_120/plan_33_trains_5_units14.json"
"/home/thomasverwaal/Robust-Rail-NL/mathematical-models/scenarios_solver_types_120/scenario_solver_33_trains_5_units14.json","Cost of next node: Cost = 1,216.4 : 1,282.72 | cr=27, dd=13, da=4, tlv=13, sm=66, rd=103.64, cd=0, um=0","Time elapsed: 13.56 seconds","/home/thomasverwaal/Robust-Rail-NL/mathematical-models/local_search_plans_discreet_120/plan_33_trains_5_units14.json"
"/home/thomasverwaal/Robust-Rail-NL/mathematical-models/scenarios_solver_types_120/scenario_solver_33_trains_5_units14.json","Cost of next node: Cost = 1,156.2 : 1,222.54 | cr=26, dd=12, da=4, tlv=13, sm=66, rd=101.82, cd=0, um=0","Time elapsed: 13.82 seconds","/home/thomasverwaal/Robust-Rail-NL/mathematical-models/local_search_plans_discreet_120/plan_33_trains_5_units14.json"
"/home/thomasverwaal/Robust-Rail-NL/mathematical-models/scenarios_solver_types_120/scenario_solver_33_trains_5_units14.json","Cost of next node: Cost = 1,066.1 : 1,137.47 | cr=26, dd=10, da=4, tlv=14, sm=66, rd=98.18, cd=0, um=0","Time elapsed: 14.11 seconds","/home/thomasverwaal/Robust-Rail-NL/mathematical-models/local_search_plans_discreet_120/plan_33_trains_5_units14.json"
"/home/thomasverwaal/Robust-Rail-NL/mathematical-models/scenarios_solver_types_120/scenario_solver_33_trains_5_units14.json","Cost of next node: Cost = 1,041.1 : 1,107.47 | cr=25, dd=10, da=4, tlv=13, sm=66, rd=98.18, cd=0, um=0","Time elapsed: 14.46 seconds","/home/thomasverwaal/Robust-Rail-NL/mathematical-models/local_search_plans_discreet_120/plan_33_trains_5_units14.json"
"/home/thomasverwaal/Robust-Rail-NL/mathematical-models/scenarios_solver_types_120/scenario_solver_33_trains_5_units14.json","Cost of next node: Cost = 891.7 : 963.02 | cr=21, dd=8, da=3, tlv=14, sm=66, rd=90.91, cd=0, um=0","Time elapsed: 14.85 seconds","/home/thomasverwaal/Robust-Rail-NL/mathematical-models/local_search_plans_discreet_120/plan_33_trains_5_units14.json"
"/home/thomasverwaal/Robust-Rail-NL/mathematical-models/scenarios_solver_types_120/scenario_solver_33_trains_5_units14.json","Cost of next node: Cost = 549.8 : 626.12 | cr=18, dd=2, da=2, tlv=15, sm=66, rd=80.00, cd=0, um=0","Time elapsed: 15.18 seconds","/home/thomasverwaal/Robust-Rail-NL/mathematical-models/local_search_plans_discreet_120/plan_33_trains_5_units14.json"
"/home/thomasverwaal/Robust-Rail-NL/mathematical-models/scenarios_solver_types_120/scenario_solver_33_trains_5_units14.json","Cost of next node: Cost = 504.8 : 586.12 | cr=17, dd=1, da=2, tlv=16, sm=66, rd=78.18, cd=0, um=0","Time elapsed: 15.49 seconds","/home/thomasverwaal/Robust-Rail-NL/mathematical-models/local_search_plans_discreet_120/plan_33_trains_5_units14.json"
"/home/thomasverwaal/Robust-Rail-NL/mathematical-models/scenarios_solver_types_120/scenario_solver_33_trains_5_units14.json","Cost of next node: Cost = 479.8 : 556.12 | cr=16, dd=1, da=2, tlv=15, sm=66, rd=80.00, cd=0, um=0","Time elapsed: 15.85 seconds","/home/thomasverwaal/Robust-Rail-NL/mathematical-models/local_search_plans_discreet_120/plan_33_trains_5_units14.json"
"/home/thomasverwaal/Robust-Rail-NL/mathematical-models/scenarios_solver_types_120/scenario_solver_33_trains_5_units14.json","Cost of next node: Cost = 464.8 : 536.12 | cr=16, dd=1, da=2, tlv=14, sm=66, rd=81.82, cd=0, um=0","Time elapsed: 20.59 seconds","/home/thomasverwaal/Robust-Rail-NL/mathematical-models/local_search_plans_discreet_120/plan_33_trains_5_units14.json"
"/home/thomasverwaal/Robust-Rail-NL/mathematical-models/scenarios_solver_types_120/scenario_solver_33_trains_5_units14.json","Cost of next node: Cost = 426.8 : 503.12 | cr=16, dd=0, da=2, tlv=15, sm=66, rd=80.00, cd=0, um=0","Time elapsed: 21.06 seconds","/home/thomasverwaal/Robust-Rail-NL/mathematical-models/local_search_plans_discreet_120/plan_33_trains_5_units14.json"
"/home/thomasverwaal/Robust-Rail-NL/mathematical-models/scenarios_solver_types_120/scenario_solver_33_trains_5_units14.json","Cost of next node: Cost = 375.0 : 451.34 | cr=15, dd=0, da=0, tlv=15, sm=67, rd=77.01, cd=0, um=0","Time elapsed: 21.37 seconds","/home/thomasverwaal/Robust-Rail-NL/mathematical-models/local_search_plans_discreet_120/plan_33_trains_5_units14.json"
"/home/thomasverwaal/Robust-Rail-NL/mathematical-models/scenarios_solver_types_120/scenario_solver_33_trains_5_units14.json","Cost of next node: Cost = 365.0 : 441.34 | cr=14, dd=0, da=0, tlv=15, sm=67, rd=77.01, cd=0, um=0","Time elapsed: 26.79 seconds","/home/thomasverwaal/Robust-Rail-NL/mathematical-models/local_search_plans_discreet_120/plan_33_trains_5_units14.json"
"/home/thomasverwaal/Robust-Rail-NL/mathematical-models/scenarios_solver_types_120/scenario_solver_33_trains_5_units14.json","Cost of next node: Cost = 355.0 : 431.34 | cr=13, dd=0, da=0, tlv=15, sm=67, rd=78.81, cd=0, um=0","Time elapsed: 31.95 seconds","/home/thomasverwaal/Robust-Rail-NL/mathematical-models/local_search_plans_discreet_120/plan_33_trains_5_units14.json"
"/home/thomasverwaal/Robust-Rail-NL/mathematical-models/scenarios_solver_types_120/scenario_solver_33_trains_5_units14.json","Cost of next node: Cost = 345.0 : 421.34 | cr=12, dd=0, da=0, tlv=15, sm=67, rd=78.81, cd=0, um=0","Time elapsed: 36.62 seconds","/home/thomasverwaal/Robust-Rail-NL/mathematical-models/local_search_plans_discreet_120/plan_33_trains_5_units14.json"
"/home/thomasverwaal/Robust-Rail-NL/mathematical-models/scenarios_solver_types_120/scenario_solver_33_trains_5_units14.json","Cost of next node: Cost = 335.0 : 411.34 | cr=11, dd=0, da=0, tlv=15, sm=67, rd=80.60, cd=0, um=0","Time elapsed: 40.50 seconds","/home/thomasverwaal/Robust-Rail-NL/mathematical-models/local_search_plans_discreet_120/plan_33_trains_5_units14.json"
"/home/thomasverwaal/Robust-Rail-NL/mathematical-models/scenarios_solver_types_120/scenario_solver_33_trains_5_units14.json","Cost of next node: Cost = 325.0 : 401.34 | cr=10, dd=0, da=0, tlv=15, sm=67, rd=80.60, cd=0, um=0","Time elapsed: 43.80 seconds","/home/thomasverwaal/Robust-Rail-NL/mathematical-models/local_search_plans_discreet_120/plan_33_trains_5_units14.json"
"/home/thomasverwaal/Robust-Rail-NL/mathematical-models/scenarios_solver_types_120/scenario_solver_33_trains_5_units14.json","Cost of next node: Cost = 315.0 : 391.34 | cr=9, dd=0, da=0, tlv=15, sm=67, rd=80.60, cd=0, um=0","Time elapsed: 61.01 seconds","/home/thomasverwaal/Robust-Rail-NL/mathematical-models/local_search_plans_discreet_120/plan_33_trains_5_units14.json"
"/home/thomasverwaal/Robust-Rail-NL/mathematical-models/scenarios_solver_types_120/scenario_solver_33_trains_5_units14.json","Cost of next node: Cost = 305.0 : 381.34 | cr=8, dd=0, da=0, tlv=15, sm=67, rd=80.60, cd=0, um=0","Time elapsed: 215.22 seconds","/home/thomasverwaal/Robust-Rail-NL/mathematical-models/local_search_plans_discreet_120/plan_33_trains_5_units14.json"
"/home/thomasverwaal/Robust-Rail-NL/mathematical-models/scenarios_solver_types_120/scenario_solver_33_trains_5_units14.json","Cost of next node: Cost = 300.0 : 371.34 | cr=9, dd=0, da=0, tlv=14, sm=67, rd=84.18, cd=0, um=0","Time elapsed: 217.78 seconds","/home/thomasverwaal/Robust-Rail-NL/mathematical-models/local_search_plans_discreet_120/plan_33_trains_5_units14.json"
"/home/thomasverwaal/Robust-Rail-NL/mathematical-models/scenarios_solver_types_120/scenario_solver_33_trains_5_units14.json","Cost of next node: Cost = 285.0 : 351.36 | cr=9, dd=0, da=0, tlv=13, sm=68, rd=88.24, cd=0, um=0","Time elapsed: 307.50 seconds","/home/thomasverwaal/Robust-Rail-NL/mathematical-models/local_search_plans_discreet_120/plan_33_trains_5_units14.json"
"/home/thomasverwaal/Robust-Rail-NL/mathematical-models/scenarios_solver_types_120/scenario_solver_33_trains_5_units14.json","Cost of next node: Cost = 275.0 : 341.36 | cr=8, dd=0, da=0, tlv=13, sm=68, rd=88.24, cd=0, um=0","Time elapsed: 381.54 seconds","/home/thomasverwaal/Robust-Rail-NL/mathematical-models/local_search_plans_discreet_120/plan_33_trains_5_units14.json"
"/home/thomasverwaal/Robust-Rail-NL/mathematical-models/scenarios_solver_types_120/scenario_solver_33_trains_5_units14.json","NO_COST_FOUND","NO_TIME_FOUND","NO_PLAN_CREATED"
"/home/thomasverwaal/Robust-Rail-NL/mathematical-models/scenarios_solver_types_120/scenario_solver_33_trains_5_units15.json","Cost of next node: Cost = 2,850.7 : 2,852.05 | cr=44, dd=33, da=31, tlv=0, sm=66, rd=178.18, cd=0, um=0","Time elapsed: 4.28 seconds","/home/thomasverwaal/Robust-Rail-NL/mathematical-models/local_search_plans_discreet_120/plan_33_trains_5_units15.json"
"/home/thomasverwaal/Robust-Rail-NL/mathematical-models/scenarios_solver_types_120/scenario_solver_33_trains_5_units15.json","Cost of next node: Cost = 2,830.2 : 2,831.52 | cr=42, dd=33, da=31, tlv=0, sm=66, rd=178.18, cd=0, um=0","Time elapsed: 4.39 seconds","/home/thomasverwaal/Robust-Rail-NL/mathematical-models/local_search_plans_discreet_120/plan_33_trains_5_units15.json"
"/home/thomasverwaal/Robust-Rail-NL/mathematical-models/scenarios_solver_types_120/scenario_solver_33_trains_5_units15.json","Cost of next node: Cost = 2,795.7 : 2,802.00 | cr=43, dd=33, da=29, tlv=1, sm=66, rd=175.45, cd=0, um=0","Time elapsed: 4.51 seconds","/home/thomasverwaal/Robust-Rail-NL/mathematical-models/local_search_plans_discreet_120/plan_33_trains_5_units15.json"
"/home/thomasverwaal/Robust-Rail-NL/mathematical-models/scenarios_solver_types_120/scenario_solver_33_trains_5_units15.json","Cost of next node: Cost = 2,612.7 : 2,619.00 | cr=45, dd=33, da=19, tlv=1, sm=66, rd=169.09, cd=0, um=0","Time elapsed: 4.70 seconds","/home/thomasverwaal/Robust-Rail-NL/mathematical-models/local_search_plans_discreet_120/plan_33_trains_5_units15.json"
"/home/thomasverwaal/Robust-Rail-NL/mathematical-models/scenarios_solver_types_120/scenario_solver_33_trains_5_units15.json","Cost of next node: Cost = 2,591.4 : 2,597.77 | cr=43, dd=33, da=19, tlv=1, sm=66, rd=169.09, cd=0, um=0","Time elapsed: 4.78 seconds","/home/thomasverwaal/Robust-Rail-NL/mathematical-models/local_search_plans_discreet_120/plan_33_trains_5_units15.json"
"/home/thomasverwaal/Robust-Rail-NL/mathematical-models/scenarios_solver_types_120/scenario_solver_33_trains_5_units15.json","Cost of next node: Cost = 2,477.1 : 2,488.41 | cr=39, dd=33, da=14, tlv=2, sm=66, rd=166.36, cd=0, um=0","Time elapsed: 4.96 seconds","/home/thomasverwaal/Robust-Rail-NL/mathematical-models/local_search_plans_discreet_120/plan_33_trains_5_units15.json"
"/home/thomasverwaal/Robust-Rail-NL/mathematical-models/scenarios_solver_types_120/scenario_solver_33_trains_5_units15.json","Cost of next node: Cost = 2,450.1 : 2,466.47 | cr=36, dd=33, da=14, tlv=3, sm=66, rd=164.55, cd=0, um=0","Time elapsed: 5.34 seconds","/home/thomasverwaal/Robust-Rail-NL/mathematical-models/local_search_plans_discreet_120/plan_33_trains_5_units15.json"
"/home/thomasverwaal/Robust-Rail-NL/mathematical-models/scenarios_solver_types_120/scenario_solver_33_trains_5_units15.json","Cost of next node: Cost = 2,428.4 : 2,449.72 | cr=35, dd=33, da=14, tlv=4, sm=66, rd=157.27, cd=0, um=0","Time elapsed: 5.87 seconds","/home/thomasverwaal/Robust-Rail-NL/mathematical-models/local_search_plans_discreet_120/plan_33_trains_5_units15.json"
"/home/thomasverwaal/Robust-Rail-NL/mathematical-models/scenarios_solver_types_120/scenario_solver_33_trains_5_units15.json","Cost of next node: Cost = 2,385.2 : 2,406.55 | cr=33, dd=33, da=13, tlv=4, sm=66, rd=153.64, cd=0, um=0","Time elapsed: 6.45 seconds","/home/thomasverwaal/Robust-Rail-NL/mathematical-models/local_search_plans_discreet_120/plan_33_trains_5_units15.json"
"/home/thomasverwaal/Robust-Rail-NL/mathematical-models/scenarios_solver_types_120/scenario_solver_33_trains_5_units15.json","Cost of next node: Cost = 2,350.2 : 2,376.55 | cr=28, dd=33, da=13, tlv=5, sm=66, rd=153.64, cd=0, um=0","Time elapsed: 6.80 seconds","/home/thomasverwaal/Robust-Rail-NL/mathematical-models/local_search_plans_discreet_120/plan_33_trains_5_units15.json"
"/home/thomasverwaal/Robust-Rail-NL/mathematical-models/scenarios_solver_types_120/scenario_solver_33_trains_5_units15.json","Cost of next node: Cost = 2,327.6 : 2,353.90 | cr=24, dd=33, da=14, tlv=5, sm=66, rd=153.64, cd=0, um=0","Time elapsed: 7.19 seconds","/home/thomasverwaal/Robust-Rail-NL/mathematical-models/local_search_plans_discreet_120/plan_33_trains_5_units15.json"
"/home/thomasverwaal/Robust-Rail-NL/mathematical-models/scenarios_solver_types_120/scenario_solver_33_trains_5_units15.json","Cost of next node: Cost = 2,303.1 : 2,334.40 | cr=24, dd=33, da=12, tlv=6, sm=66, rd=150.00, cd=0, um=0","Time elapsed: 7.60 seconds","/home/thomasverwaal/Robust-Rail-NL/mathematical-models/local_search_plans_discreet_120/plan_33_trains_5_units15.json"
"/home/thomasverwaal/Robust-Rail-NL/mathematical-models/scenarios_solver_types_120/scenario_solver_33_trains_5_units15.json","Cost of next node: Cost = 2,273.3 : 2,309.63 | cr=17, dd=33, da=12, tlv=7, sm=66, rd=155.45, cd=0, um=0","Time elapsed: 8.15 seconds","/home/thomasverwaal/Robust-Rail-NL/mathematical-models/local_search_plans_discreet_120/plan_33_trains_5_units15.json"
"/home/thomasverwaal/Robust-Rail-NL/mathematical-models/scenarios_solver_types_120/scenario_solver_33_trains_5_units15.json","Cost of next node: Cost = 2,247.2 : 2,288.53 | cr=16, dd=33, da=11, tlv=8, sm=66, rd=150.00, cd=0, um=0","Time elapsed: 8.70 seconds","/home/thomasverwaal/Robust-Rail-NL/mathematical-models/local_search_plans_discreet_120/plan_33_trains_5_units15.json"
"/home/thomasverwaal/Robust-Rail-NL/mathematical-models/scenarios_solver_types_120/scenario_solver_33_trains_5_units15.json","Cost of next node: Cost = 2,226.9 : 2,268.27 | cr=14, dd=33, da=11, tlv=8, sm=66, rd=147.27, cd=0, um=0","Time elapsed: 9.44 seconds","/home/thomasverwaal/Robust-Rail-NL/mathematical-models/local_search_plans_discreet_120/plan_33_trains_5_units15.json"
"/home/thomasverwaal/Robust-Rail-NL/mathematical-models/scenarios_solver_types_120/scenario_solver_33_trains_5_units15.json","Cost of next node: Cost = 2,200.9 : 2,242.22 | cr=11, dd=33, da=11, tlv=8, sm=66, rd=149.09, cd=0, um=0","Time elapsed: 9.71 seconds","/home/thomasverwaal/Robust-Rail-NL/mathematical-models/local_search_plans_discreet_120/plan_33_trains_5_units15.json"
"/home/thomasverwaal/Robust-Rail-NL/mathematical-models/scenarios_solver_types_120/scenario_solver_33_trains_5_units15.json","Cost of next node: Cost = 2,174.7 : 2,216.02 | cr=9, dd=33, da=11, tlv=8, sm=66, rd=147.27, cd=0, um=0","Time elapsed: 9.99 seconds","/home/thomasverwaal/Robust-Rail-NL/mathematical-models/local_search_plans_discreet_120/plan_33_trains_5_units15.json"
"/home/thomasverwaal/Robust-Rail-NL/mathematical-models/scenarios_solver_types_120/scenario_solver_33_trains_5_units15.json","Cost of next node: Cost = 2,154.2 : 2,195.49 | cr=7, dd=33, da=11, tlv=8, sm=66, rd=145.45, cd=0, um=0","Time elapsed: 10.21 seconds","/home/thomasverwaal/Robust-Rail-NL/mathematical-models/local_search_plans_discreet_120/plan_33_trains_5_units15.json"
"/home/thomasverwaal/Robust-Rail-NL/mathematical-models/scenarios_solver_types_120/scenario_solver_33_trains_5_units15.json","Cost of next node: Cost = 2,131.0 : 2,172.36 | cr=7, dd=33, da=11, tlv=8, sm=66, rd=134.55, cd=0, um=0","Time elapsed: 10.46 seconds","/home/thomasverwaal/Robust-Rail-NL/mathematical-models/local_search_plans_discreet_120/plan_33_trains_5_units15.json"
"/home/thomasverwaal/Robust-Rail-NL/mathematical-models/scenarios_solver_types_120/scenario_solver_33_trains_5_units15.json","Cost of next node: Cost = 2,111.0 : 2,152.36 | cr=5, dd=33, da=11, tlv=8, sm=66, rd=134.55, cd=0, um=0","Time elapsed: 11.35 seconds","/home/thomasverwaal/Robust-Rail-NL/mathematical-models/local_search_plans_discreet_120/plan_33_trains_5_units15.json"
"/home/thomasverwaal/Robust-Rail-NL/mathematical-models/scenarios_solver_types_120/scenario_solver_33_trains_5_units15.json","Cost of next node: Cost = 2,093.3 : 2,139.63 | cr=6, dd=33, da=10, tlv=9, sm=66, rd=127.27, cd=0, um=0","Time elapsed: 12.02 seconds","/home/thomasverwaal/Robust-Rail-NL/mathematical-models/local_search_plans_discreet_120/plan_33_trains_5_units15.json"
"/home/thomasverwaal/Robust-Rail-NL/mathematical-models/scenarios_solver_types_120/scenario_solver_33_trains_5_units15.json","Cost of next node: Cost = 2,076.3 : 2,127.59 | cr=6, dd=33, da=9, tlv=10, sm=66, rd=121.82, cd=0, um=0","Time elapsed: 12.93 seconds","/home/thomasverwaal/Robust-Rail-NL/mathematical-models/local_search_plans_discreet_120/plan_33_trains_5_units15.json"
"/home/thomasverwaal/Robust-Rail-NL/mathematical-models/scenarios_solver_types_120/scenario_solver_33_trains_5_units15.json","Cost of next node: Cost = 2,007.6 : 2,063.95 | cr=9, dd=31, da=9, tlv=11, sm=66, rd=115.45, cd=0, um=0","Time elapsed: 13.01 seconds","/home/thomasverwaal/Robust-Rail-NL/mathematical-models/local_search_plans_discreet_120/plan_33_trains_5_units15.json"
"/home/thomasverwaal/Robust-Rail-NL/mathematical-models/scenarios_solver_types_120/scenario_solver_33_trains_5_units15.json","Cost of next node: Cost = 1,868.9 : 1,925.21 | cr=10, dd=28, da=9, tlv=11, sm=66, rd=115.45, cd=0, um=0","Time elapsed: 13.05 seconds","/home/thomasverwaal/Robust-Rail-NL/mathematical-models/local_search_plans_discreet_120/plan_33_trains_5_units15.json"
"/home/thomasverwaal/Robust-Rail-NL/mathematical-models/scenarios_solver_types_120/scenario_solver_33_trains_5_units15.json","Cost of next node: Cost = 1,810.1 : 1,866.44 | cr=9, dd=27, da=9, tlv=11, sm=66, rd=115.45, cd=0, um=0","Time elapsed: 13.08 seconds","/home/thomasverwaal/Robust-Rail-NL/mathematical-models/local_search_plans_discreet_120/plan_33_trains_5_units15.json"
"/home/thomasverwaal/Robust-Rail-NL/mathematical-models/scenarios_solver_types_120/scenario_solver_33_trains_5_units15.json","Cost of next node: Cost = 1,760.4 : 1,816.76 | cr=9, dd=26, da=9, tlv=11, sm=66, rd=115.45, cd=0, um=0","Time elapsed: 13.12 seconds","/home/thomasverwaal/Robust-Rail-NL/mathematical-models/local_search_plans_discreet_120/plan_33_trains_5_units15.json"
"/home/thomasverwaal/Robust-Rail-NL/mathematical-models/scenarios_solver_types_120/scenario_solver_33_trains_5_units15.json","Cost of next node: Cost = 1,720.3 : 1,776.65 | cr=10, dd=25, da=9, tlv=11, sm=66, rd=115.45, cd=0, um=0","Time elapsed: 13.24 seconds","/home/thomasverwaal/Robust-Rail-NL/mathematical-models/local_search_plans_discreet_120/plan_33_trains_5_units15.json"
"/home/thomasverwaal/Robust-Rail-NL/mathematical-models/scenarios_solver_types_120/scenario_solver_33_trains_5_units15.json","Cost of next node: Cost = 1,571.0 : 1,627.28 | cr=10, dd=22, da=9, tlv=11, sm=66, rd=115.45, cd=0, um=0","Time elapsed: 13.28 seconds","/home/thomasverwaal/Robust-Rail-NL/mathematical-models/local_search_plans_discreet_120/plan_33_trains_5_units15.json"
"/home/thomasverwaal/Robust-Rail-NL/mathematical-models/scenarios_solver_types_120/scenario_solver_33_trains_5_units15.json","Cost of next node: Cost = 1,467.8 : 1,529.09 | cr=10, dd=20, da=8, tlv=12, sm=66, rd=111.82, cd=0, um=0","Time elapsed: 13.35 seconds","/home/thomasverwaal/Robust-Rail-NL/mathematical-models/local_search_plans_discreet_120/plan_33_trains_5_units15.json"
"/home/thomasverwaal/Robust-Rail-NL/mathematical-models/scenarios_solver_types_120/scenario_solver_33_trains_5_units15.json","Cost of next node: Cost = 1,441.4 : 1,502.73 | cr=12, dd=18, da=11, tlv=12, sm=66, rd=115.45, cd=0, um=0","Time elapsed: 13.52 seconds","/home/thomasverwaal/Robust-Rail-NL/mathematical-models/local_search_plans_discreet_120/plan_33_trains_5_units15.json"
"/home/thomasverwaal/Robust-Rail-NL/mathematical-models/scenarios_solver_types_120/scenario_solver_33_trains_5_units15.json","Cost of next node: Cost = 1,375.2 : 1,441.51 | cr=14, dd=16, da=11, tlv=13, sm=66, rd=113.64, cd=0, um=0","Time elapsed: 13.66 seconds","/home/thomasverwaal/Robust-Rail-NL/mathematical-models/local_search_plans_discreet_120/plan_33_trains_5_units15.json"
"/home/thomasverwaal/Robust-Rail-NL/mathematical-models/scenarios_solver_types_120/scenario_solver_33_trains_5_units15.json","Cost of next node: Cost = 1,351.7 : 1,423.03 | cr=14, dd=16, da=9, tlv=14, sm=66, rd=113.64, cd=0, um=0","Time elapsed: 13.95 seconds","/home/thomasverwaal/Robust-Rail-NL/mathematical-models/local_search_plans_discreet_120/plan_33_trains_5_units15.json"
"/home/thomasverwaal/Robust-Rail-NL/mathematical-models/scenarios_solver_types_120/scenario_solver_33_trains_5_units15.json","Cost of next node: Cost = 1,269.2 : 1,340.48 | cr=16, dd=14, da=9, tlv=14, sm=66, rd=111.82, cd=0, um=0","Time elapsed: 13.99 seconds","/home/thomasverwaal/Robust-Rail-NL/mathematical-models/local_search_plans_discreet_120/plan_33_trains_5_units15.json"
"/home/thomasverwaal/Robust-Rail-NL/mathematical-models/scenarios_solver_types_120/scenario_solver_33_trains_5_units15.json","Cost of next node: Cost = 1,220.1 : 1,291.40 | cr=16, dd=13, da=9, tlv=14, sm=66, rd=111.82, cd=0, um=0","Time elapsed: 14.10 seconds","/home/thomasverwaal/Robust-Rail-NL/mathematical-models/local_search_plans_discreet_120/plan_33_trains_5_units15.json"
"/home/thomasverwaal/Robust-Rail-NL/mathematical-models/scenarios_solver_types_120/scenario_solver_33_trains_5_units15.json","Cost of next node: Cost = 1,057.7 : 1,124.00 | cr=17, dd=10, da=9, tlv=13, sm=66, rd=108.18, cd=0, um=0","Time elapsed: 14.14 seconds","/home/thomasverwaal/Robust-Rail-NL/mathematical-models/local_search_plans_discreet_120/plan_33_trains_5_units15.json"
"/home/thomasverwaal/Robust-Rail-NL/mathematical-models/scenarios_solver_types_120/scenario_solver_33_trains_5_units15.json","Cost of next node: Cost = 1,032.6 : 1,103.91 | cr=17, dd=10, da=7, tlv=14, sm=66, rd=103.64, cd=0, um=0","Time elapsed: 14.21 seconds","/home/thomasverwaal/Robust-Rail-NL/mathematical-models/local_search_plans_discreet_120/plan_33_trains_5_units15.json"
"/home/thomasverwaal/Robust-Rail-NL/mathematical-models/scenarios_solver_types_120/scenario_solver_33_trains_5_units15.json","Cost of next node: Cost = 966.0 : 1,042.34 | cr=16, dd=9, da=6, tlv=15, sm=66, rd=101.82, cd=0, um=0","Time elapsed: 14.43 seconds","/home/thomasverwaal/Robust-Rail-NL/mathematical-models/local_search_plans_discreet_120/plan_33_trains_5_units15.json"
"/home/thomasverwaal/Robust-Rail-NL/mathematical-models/scenarios_solver_types_120/scenario_solver_33_trains_5_units15.json","Cost of next node: Cost = 924.0 : 1,000.29 | cr=19, dd=8, da=5, tlv=15, sm=66, rd=98.18, cd=0, um=0","Time elapsed: 14.76 seconds","/home/thomasverwaal/Robust-Rail-NL/mathematical-models/local_search_plans_discreet_120/plan_33_trains_5_units15.json"
"/home/thomasverwaal/Robust-Rail-NL/mathematical-models/scenarios_solver_types_120/scenario_solver_33_trains_5_units15.json","Cost of next node: Cost = 893.9 : 970.25 | cr=21, dd=7, da=5, tlv=15, sm=66, rd=98.18, cd=0, um=0","Time elapsed: 14.83 seconds","/home/thomasverwaal/Robust-Rail-NL/mathematical-models/local_search_plans_discreet_120/plan_33_trains_5_units15.json"
"/home/thomasverwaal/Robust-Rail-NL/mathematical-models/scenarios_solver_types_120/scenario_solver_33_trains_5_units15.json","Cost of next node: Cost = 868.9 : 950.25 | cr=17, dd=7, da=5, tlv=16, sm=66, rd=100.00, cd=0, um=0","Time elapsed: 14.95 seconds","/home/thomasverwaal/Robust-Rail-NL/mathematical-models/local_search_plans_discreet_120/plan_33_trains_5_units15.json"
"/home/thomasverwaal/Robust-Rail-NL/mathematical-models/scenarios_solver_types_120/scenario_solver_33_trains_5_units15.json","Cost of next node: Cost = 766.6 : 847.92 | cr=17, dd=5, da=5, tlv=16, sm=66, rd=98.18, cd=0, um=0","Time elapsed: 15.18 seconds","/home/thomasverwaal/Robust-Rail-NL/mathematical-models/local_search_plans_discreet_120/plan_33_trains_5_units15.json"
"/home/thomasverwaal/Robust-Rail-NL/mathematical-models/scenarios_solver_types_120/scenario_solver_33_trains_5_units15.json","Cost of next node: Cost = 679.8 : 766.12 | cr=16, dd=4, da=3, tlv=17, sm=66, rd=94.55, cd=0, um=0","Time elapsed: 15.54 seconds","/home/thomasverwaal/Robust-Rail-NL/mathematical-models/local_search_plans_discreet_120/plan_33_trains_5_units15.json"
"/home/thomasverwaal/Robust-Rail-NL/mathematical-models/scenarios_solver_types_120/scenario_solver_33_trains_5_units15.json","Cost of next node: Cost = 629.8 : 716.12 | cr=16, dd=3, da=3, tlv=17, sm=66, rd=92.73, cd=0, um=0","Time elapsed: 15.76 seconds","/home/thomasverwaal/Robust-Rail-NL/mathematical-models/local_search_plans_discreet_120/plan_33_trains_5_units15.json"
"/home/thomasverwaal/Robust-Rail-NL/mathematical-models/scenarios_solver_types_120/scenario_solver_33_trains_5_units15.json","Cost of next node: Cost = 604.8 : 686.12 | cr=15, dd=3, da=3, tlv=16, sm=66, rd=92.73, cd=0, um=0","Time elapsed: 15.88 seconds","/home/thomasverwaal/Robust-Rail-NL/mathematical-models/local_search_plans_discreet_120/plan_33_trains_5_units15.json"
"/home/thomasverwaal/Robust-Rail-NL/mathematical-models/scenarios_solver_types_120/scenario_solver_33_trains_5_units15.json","Cost of next node: Cost = 589.8 : 666.12 | cr=15, dd=3, da=3, tlv=15, sm=66, rd=94.55, cd=0, um=0","Time elapsed: 18.63 seconds","/home/thomasverwaal/Robust-Rail-NL/mathematical-models/local_search_plans_discreet_120/plan_33_trains_5_units15.json"
"/home/thomasverwaal/Robust-Rail-NL/mathematical-models/scenarios_solver_types_120/scenario_solver_33_trains_5_units15.json","Cost of next node: Cost = 569.8 : 646.12 | cr=13, dd=3, da=3, tlv=15, sm=66, rd=94.55, cd=0, um=0","Time elapsed: 21.07 seconds","/home/thomasverwaal/Robust-Rail-NL/mathematical-models/local_search_plans_discreet_120/plan_33_trains_5_units15.json"
"/home/thomasverwaal/Robust-Rail-NL/mathematical-models/scenarios_solver_types_120/scenario_solver_33_trains_5_units15.json","Cost of next node: Cost = 504.8 : 586.12 | cr=12, dd=2, da=2, tlv=16, sm=66, rd=90.91, cd=0, um=0","Time elapsed: 21.21 seconds","/home/thomasverwaal/Robust-Rail-NL/mathematical-models/local_search_plans_discreet_120/plan_33_trains_5_units15.json"
"/home/thomasverwaal/Robust-Rail-NL/mathematical-models/scenarios_solver_types_120/scenario_solver_33_trains_5_units15.json","Cost of next node: Cost = 489.8 : 566.12 | cr=12, dd=2, da=2, tlv=15, sm=66, rd=92.73, cd=0, um=0","Time elapsed: 23.74 seconds","/home/thomasverwaal/Robust-Rail-NL/mathematical-models/local_search_plans_discreet_120/plan_33_trains_5_units15.json"
"/home/thomasverwaal/Robust-Rail-NL/mathematical-models/scenarios_solver_types_120/scenario_solver_33_trains_5_units15.json","Cost of next node: Cost = 474.8 : 546.12 | cr=12, dd=2, da=2, tlv=14, sm=66, rd=92.73, cd=0, um=0","Time elapsed: 26.21 seconds","/home/thomasverwaal/Robust-Rail-NL/mathematical-models/local_search_plans_discreet_120/plan_33_trains_5_units15.json"
"/home/thomasverwaal/Robust-Rail-NL/mathematical-models/scenarios_solver_types_120/scenario_solver_33_trains_5_units15.json","Cost of next node: Cost = 464.8 : 536.12 | cr=11, dd=2, da=2, tlv=14, sm=66, rd=92.73, cd=0, um=0","Time elapsed: 28.47 seconds","/home/thomasverwaal/Robust-Rail-NL/mathematical-models/local_search_plans_discreet_120/plan_33_trains_5_units15.json"
"/home/thomasverwaal/Robust-Rail-NL/mathematical-models/scenarios_solver_types_120/scenario_solver_33_trains_5_units15.json","Cost of next node: Cost = 454.8 : 526.12 | cr=10, dd=2, da=2, tlv=14, sm=66, rd=92.73, cd=0, um=0","Time elapsed: 30.49 seconds","/home/thomasverwaal/Robust-Rail-NL/mathematical-models/local_search_plans_discreet_120/plan_33_trains_5_units15.json"
"/home/thomasverwaal/Robust-Rail-NL/mathematical-models/scenarios_solver_types_120/scenario_solver_33_trains_5_units15.json","Cost of next node: Cost = 444.8 : 516.12 | cr=9, dd=2, da=2, tlv=14, sm=66, rd=90.91, cd=0, um=0","Time elapsed: 32.27 seconds","/home/thomasverwaal/Robust-Rail-NL/mathematical-models/local_search_plans_discreet_120/plan_33_trains_5_units15.json"
"/home/thomasverwaal/Robust-Rail-NL/mathematical-models/scenarios_solver_types_120/scenario_solver_33_trains_5_units15.json","Cost of next node: Cost = 325.0 : 401.34 | cr=10, dd=0, da=0, tlv=15, sm=67, rd=87.76, cd=0, um=0","Time elapsed: 39.96 seconds","/home/thomasverwaal/Robust-Rail-NL/mathematical-models/local_search_plans_discreet_120/plan_33_trains_5_units15.json"
"/home/thomasverwaal/Robust-Rail-NL/mathematical-models/scenarios_solver_types_120/scenario_solver_33_trains_5_units15.json","Cost of next node: Cost = 315.0 : 391.34 | cr=9, dd=0, da=0, tlv=15, sm=67, rd=87.76, cd=0, um=0","Time elapsed: 41.98 seconds","/home/thomasverwaal/Robust-Rail-NL/mathematical-models/local_search_plans_discreet_120/plan_33_trains_5_units15.json"
"/home/thomasverwaal/Robust-Rail-NL/mathematical-models/scenarios_solver_types_120/scenario_solver_33_trains_5_units15.json","Cost of next node: Cost = 305.0 : 381.34 | cr=8, dd=0, da=0, tlv=15, sm=67, rd=87.76, cd=0, um=0","Time elapsed: 43.67 seconds","/home/thomasverwaal/Robust-Rail-NL/mathematical-models/local_search_plans_discreet_120/plan_33_trains_5_units15.json"
"/home/thomasverwaal/Robust-Rail-NL/mathematical-models/scenarios_solver_types_120/scenario_solver_33_trains_5_units15.json","Cost of next node: Cost = 295.0 : 371.34 | cr=7, dd=0, da=0, tlv=15, sm=67, rd=87.76, cd=0, um=0","Time elapsed: 48.91 seconds","/home/thomasverwaal/Robust-Rail-NL/mathematical-models/local_search_plans_discreet_120/plan_33_trains_5_units15.json"
"/home/thomasverwaal/Robust-Rail-NL/mathematical-models/scenarios_solver_types_120/scenario_solver_33_trains_5_units15.json","Cost of next node: Cost = 285.0 : 361.34 | cr=6, dd=0, da=0, tlv=15, sm=67, rd=87.76, cd=0, um=0","Time elapsed: 50.65 seconds","/home/thomasverwaal/Robust-Rail-NL/mathematical-models/local_search_plans_discreet_120/plan_33_trains_5_units15.json"
"/home/thomasverwaal/Robust-Rail-NL/mathematical-models/scenarios_solver_types_120/scenario_solver_33_trains_5_units15.json","Cost of next node: Cost = 275.0 : 351.34 | cr=5, dd=0, da=0, tlv=15, sm=67, rd=87.76, cd=0, um=0","Time elapsed: 52.13 seconds","/home/thomasverwaal/Robust-Rail-NL/mathematical-models/local_search_plans_discreet_120/plan_33_trains_5_units15.json"
"/home/thomasverwaal/Robust-Rail-NL/mathematical-models/scenarios_solver_types_120/scenario_solver_33_trains_5_units15.json","Cost of next node: Cost = 265.0 : 341.34 | cr=4, dd=0, da=0, tlv=15, sm=67, rd=87.76, cd=0, um=0","Time elapsed: 59.14 seconds","/home/thomasverwaal/Robust-Rail-NL/mathematical-models/local_search_plans_discreet_120/plan_33_trains_5_units15.json"
"/home/thomasverwaal/Robust-Rail-NL/mathematical-models/scenarios_solver_types_120/scenario_solver_33_trains_5_units15.json","Cost of next node: Cost = 255.0 : 331.34 | cr=3, dd=0, da=0, tlv=15, sm=67, rd=87.76, cd=0, um=0","Time elapsed: 61.58 seconds","/home/thomasverwaal/Robust-Rail-NL/mathematical-models/local_search_plans_discreet_120/plan_33_trains_5_units15.json"
"/home/thomasverwaal/Robust-Rail-NL/mathematical-models/scenarios_solver_types_120/scenario_solver_33_trains_5_units15.json","Cost of next node: Cost = 245.0 : 321.34 | cr=2, dd=0, da=0, tlv=15, sm=67, rd=89.55, cd=0, um=0","Time elapsed: 77.38 seconds","/home/thomasverwaal/Robust-Rail-NL/mathematical-models/local_search_plans_discreet_120/plan_33_trains_5_units15.json"
"/home/thomasverwaal/Robust-Rail-NL/mathematical-models/scenarios_solver_types_120/scenario_solver_33_trains_5_units15.json","NO_COST_FOUND","NO_TIME_FOUND","NO_PLAN_CREATED"
"/home/thomasverwaal/Robust-Rail-NL/mathematical-models/scenarios_solver_types_120/scenario_solver_33_trains_5_units16.json","Cost of next node: Cost = 2,874.8 : 2,876.10 | cr=46, dd=33, da=31, tlv=0, sm=66, rd=180.91, cd=0, um=0","Time elapsed: 4.34 seconds","/home/thomasverwaal/Robust-Rail-NL/mathematical-models/local_search_plans_discreet_120/plan_33_trains_5_units16.json"
"/home/thomasverwaal/Robust-Rail-NL/mathematical-models/scenarios_solver_types_120/scenario_solver_33_trains_5_units16.json","Cost of next node: Cost = 2,836.2 : 2,837.54 | cr=43, dd=33, da=31, tlv=0, sm=66, rd=178.18, cd=0, um=0","Time elapsed: 4.45 seconds","/home/thomasverwaal/Robust-Rail-NL/mathematical-models/local_search_plans_discreet_120/plan_33_trains_5_units16.json"
"/home/thomasverwaal/Robust-Rail-NL/mathematical-models/scenarios_solver_types_120/scenario_solver_33_trains_5_units16.json","Cost of next node: Cost = 2,770.0 : 2,776.36 | cr=44, dd=33, da=27, tlv=1, sm=66, rd=175.45, cd=0, um=0","Time elapsed: 4.56 seconds","/home/thomasverwaal/Robust-Rail-NL/mathematical-models/local_search_plans_discreet_120/plan_33_trains_5_units16.json"
"/home/thomasverwaal/Robust-Rail-NL/mathematical-models/scenarios_solver_types_120/scenario_solver_33_trains_5_units16.json","Cost of next node: Cost = 2,723.8 : 2,730.13 | cr=46, dd=33, da=24, tlv=1, sm=66, rd=169.09, cd=0, um=0","Time elapsed: 4.72 seconds","/home/thomasverwaal/Robust-Rail-NL/mathematical-models/local_search_plans_discreet_120/plan_33_trains_5_units16.json"
"/home/thomasverwaal/Robust-Rail-NL/mathematical-models/scenarios_solver_types_120/scenario_solver_33_trains_5_units16.json","Cost of next node: Cost = 2,693.0 : 2,699.33 | cr=43, dd=33, da=24, tlv=1, sm=66, rd=169.09, cd=0, um=0","Time elapsed: 4.81 seconds","/home/thomasverwaal/Robust-Rail-NL/mathematical-models/local_search_plans_discreet_120/plan_33_trains_5_units16.json"
"/home/thomasverwaal/Robust-Rail-NL/mathematical-models/scenarios_solver_types_120/scenario_solver_33_trains_5_units16.json","Cost of next node: Cost = 2,653.9 : 2,665.22 | cr=38, dd=33, da=23, tlv=2, sm=66, rd=172.73, cd=0, um=0","Time elapsed: 5.01 seconds","/home/thomasverwaal/Robust-Rail-NL/mathematical-models/local_search_plans_discreet_120/plan_33_trains_5_units16.json"
"/home/thomasverwaal/Robust-Rail-NL/mathematical-models/scenarios_solver_types_120/scenario_solver_33_trains_5_units16.json","Cost of next node: Cost = 2,610.5 : 2,621.78 | cr=41, dd=33, da=19, tlv=2, sm=66, rd=175.45, cd=0, um=0","Time elapsed: 5.11 seconds","/home/thomasverwaal/Robust-Rail-NL/mathematical-models/local_search_plans_discreet_120/plan_33_trains_5_units16.json"
"/home/thomasverwaal/Robust-Rail-NL/mathematical-models/scenarios_solver_types_120/scenario_solver_33_trains_5_units16.json","Cost of next node: Cost = 2,577.9 : 2,589.17 | cr=42, dd=33, da=17, tlv=2, sm=66, rd=171.82, cd=0, um=0","Time elapsed: 5.24 seconds","/home/thomasverwaal/Robust-Rail-NL/mathematical-models/local_search_plans_discreet_120/plan_33_trains_5_units16.json"
"/home/thomasverwaal/Robust-Rail-NL/mathematical-models/scenarios_solver_types_120/scenario_solver_33_trains_5_units16.json","Cost of next node: Cost = 2,522.8 : 2,534.11 | cr=43, dd=33, da=14, tlv=2, sm=66, rd=164.55, cd=0, um=0","Time elapsed: 5.37 seconds","/home/thomasverwaal/Robust-Rail-NL/mathematical-models/local_search_plans_discreet_120/plan_33_trains_5_units16.json"
"/home/thomasverwaal/Robust-Rail-NL/mathematical-models/scenarios_solver_types_120/scenario_solver_33_trains_5_units16.json","Cost of next node: Cost = 2,484.8 : 2,496.14 | cr=39, dd=33, da=14, tlv=2, sm=66, rd=166.36, cd=0, um=0","Time elapsed: 5.45 seconds","/home/thomasverwaal/Robust-Rail-NL/mathematical-models/local_search_plans_discreet_120/plan_33_trains_5_units16.json"
"/home/thomasverwaal/Robust-Rail-NL/mathematical-models/scenarios_solver_types_120/scenario_solver_33_trains_5_units16.json","Cost of next node: Cost = 2,461.7 : 2,473.05 | cr=38, dd=33, da=14, tlv=2, sm=66, rd=162.73, cd=0, um=0","Time elapsed: 5.74 seconds","/home/thomasverwaal/Robust-Rail-NL/mathematical-models/local_search_plans_discreet_120/plan_33_trains_5_units16.json"
"/home/thomasverwaal/Robust-Rail-NL/mathematical-models/scenarios_solver_types_120/scenario_solver_33_trains_5_units16.json","Cost of next node: Cost = 2,440.3 : 2,456.65 | cr=37, dd=33, da=13, tlv=3, sm=66, rd=158.18, cd=0, um=0","Time elapsed: 6.15 seconds","/home/thomasverwaal/Robust-Rail-NL/mathematical-models/local_search_plans_discreet_120/plan_33_trains_5_units16.json"
"/home/thomasverwaal/Robust-Rail-NL/mathematical-models/scenarios_solver_types_120/scenario_solver_33_trains_5_units16.json","Cost of next node: Cost = 2,398.8 : 2,415.12 | cr=32, dd=33, da=13, tlv=3, sm=66, rd=163.64, cd=0, um=0","Time elapsed: 6.22 seconds","/home/thomasverwaal/Robust-Rail-NL/mathematical-models/local_search_plans_discreet_120/plan_33_trains_5_units16.json"
"/home/thomasverwaal/Robust-Rail-NL/mathematical-models/scenarios_solver_types_120/scenario_solver_33_trains_5_units16.json","Cost of next node: Cost = 2,376.5 : 2,397.81 | cr=31, dd=33, da=13, tlv=4, sm=66, rd=156.36, cd=0, um=0","Time elapsed: 6.65 seconds","/home/thomasverwaal/Robust-Rail-NL/mathematical-models/local_search_plans_discreet_120/plan_33_trains_5_units16.json"
"/home/thomasverwaal/Robust-Rail-NL/mathematical-models/scenarios_solver_types_120/scenario_solver_33_trains_5_units16.json","Cost of next node: Cost = 2,342.8 : 2,369.09 | cr=23, dd=33, da=13, tlv=5, sm=66, rd=166.36, cd=0, um=0","Time elapsed: 7.37 seconds","/home/thomasverwaal/Robust-Rail-NL/mathematical-models/local_search_plans_discreet_120/plan_33_trains_5_units16.json"
"/home/thomasverwaal/Robust-Rail-NL/mathematical-models/scenarios_solver_types_120/scenario_solver_33_trains_5_units16.json","Cost of next node: Cost = 2,320.3 : 2,341.65 | cr=22, dd=33, da=13, tlv=4, sm=66, rd=168.18, cd=0, um=0","Time elapsed: 7.48 seconds","/home/thomasverwaal/Robust-Rail-NL/mathematical-models/local_search_plans_discreet_120/plan_33_trains_5_units16.json"
"/home/thomasverwaal/Robust-Rail-NL/mathematical-models/scenarios_solver_types_120/scenario_solver_33_trains_5_units16.json","Cost of next node: Cost = 2,297.1 : 2,323.41 | cr=20, dd=33, da=12, tlv=5, sm=66, rd=170.91, cd=0, um=0","Time elapsed: 7.83 seconds","/home/thomasverwaal/Robust-Rail-NL/mathematical-models/local_search_plans_discreet_120/plan_33_trains_5_units16.json"
"/home/thomasverwaal/Robust-Rail-NL/mathematical-models/scenarios_solver_types_120/scenario_solver_33_trains_5_units16.json","Cost of next node: Cost = 2,265.7 : 2,297.06 | cr=19, dd=33, da=11, tlv=6, sm=66, rd=170.00, cd=0, um=0","Time elapsed: 8.19 seconds","/home/thomasverwaal/Robust-Rail-NL/mathematical-models/local_search_plans_discreet_120/plan_33_trains_5_units16.json"
"/home/thomasverwaal/Robust-Rail-NL/mathematical-models/scenarios_solver_types_120/scenario_solver_33_trains_5_units16.json","Cost of next node: Cost = 2,242.8 : 2,279.09 | cr=18, dd=33, da=11, tlv=7, sm=66, rd=162.73, cd=0, um=0","Time elapsed: 8.53 seconds","/home/thomasverwaal/Robust-Rail-NL/mathematical-models/local_search_plans_discreet_120/plan_33_trains_5_units16.json"
"/home/thomasverwaal/Robust-Rail-NL/mathematical-models/scenarios_solver_types_120/scenario_solver_33_trains_5_units16.json","Cost of next node: Cost = 2,190.6 : 2,231.93 | cr=18, dd=33, da=8, tlv=8, sm=66, rd=155.45, cd=0, um=0","Time elapsed: 8.84 seconds","/home/thomasverwaal/Robust-Rail-NL/mathematical-models/local_search_plans_discreet_120/plan_33_trains_5_units16.json"
"/home/thomasverwaal/Robust-Rail-NL/mathematical-models/scenarios_solver_types_120/scenario_solver_33_trains_5_units16.json","Cost of next node: Cost = 2,169.4 : 2,215.77 | cr=17, dd=33, da=7, tlv=9, sm=66, rd=151.82, cd=0, um=0","Time elapsed: 9.20 seconds","/home/thomasverwaal/Robust-Rail-NL/mathematical-models/local_search_plans_discreet_120/plan_33_trains_5_units16.json"
"/home/thomasverwaal/Robust-Rail-NL/mathematical-models/scenarios_solver_types_120/scenario_solver_33_trains_5_units16.json","Cost of next node: Cost = 2,134.3 : 2,185.57 | cr=16, dd=33, da=6, tlv=10, sm=66, rd=142.73, cd=0, um=0","Time elapsed: 9.60 seconds","/home/thomasverwaal/Robust-Rail-NL/mathematical-models/local_search_plans_discreet_120/plan_33_trains_5_units16.json"
"/home/thomasverwaal/Robust-Rail-NL/mathematical-models/scenarios_solver_types_120/scenario_solver_33_trains_5_units16.json","Cost of next node: Cost = 2,039.1 : 2,095.42 | cr=18, dd=31, da=5, tlv=11, sm=66, rd=136.36, cd=0, um=0","Time elapsed: 9.92 seconds","/home/thomasverwaal/Robust-Rail-NL/mathematical-models/local_search_plans_discreet_120/plan_33_trains_5_units16.json"
"/home/thomasverwaal/Robust-Rail-NL/mathematical-models/scenarios_solver_types_120/scenario_solver_33_trains_5_units16.json","Cost of next node: Cost = 1,989.1 : 2,045.42 | cr=13, dd=31, da=5, tlv=11, sm=66, rd=136.36, cd=0, um=0","Time elapsed: 9.99 seconds","/home/thomasverwaal/Robust-Rail-NL/mathematical-models/local_search_plans_discreet_120/plan_33_trains_5_units16.json"
"/home/thomasverwaal/Robust-Rail-NL/mathematical-models/scenarios_solver_types_120/scenario_solver_33_trains_5_units16.json","Cost of next node: Cost = 1,882.4 : 1,938.72 | cr=12, dd=29, da=5, tlv=11, sm=66, rd=136.36, cd=0, um=0","Time elapsed: 10.10 seconds","/home/thomasverwaal/Robust-Rail-NL/mathematical-models/local_search_plans_discreet_120/plan_33_trains_5_units16.json"
"/home/thomasverwaal/Robust-Rail-NL/mathematical-models/scenarios_solver_types_120/scenario_solver_33_trains_5_units16.json","Cost of next node: Cost = 1,823.7 : 1,879.97 | cr=11, dd=28, da=5, tlv=11, sm=66, rd=136.36, cd=0, um=0","Time elapsed: 10.14 seconds","/home/thomasverwaal/Robust-Rail-NL/mathematical-models/local_search_plans_discreet_120/plan_33_trains_5_units16.json"
"/home/thomasverwaal/Robust-Rail-NL/mathematical-models/scenarios_solver_types_120/scenario_solver_33_trains_5_units16.json","Cost of next node: Cost = 1,683.8 : 1,740.15 | cr=15, dd=25, da=5, tlv=11, sm=66, rd=116.36, cd=0, um=0","Time elapsed: 10.19 seconds","/home/thomasverwaal/Robust-Rail-NL/mathematical-models/local_search_plans_discreet_120/plan_33_trains_5_units16.json"
"/home/thomasverwaal/Robust-Rail-NL/mathematical-models/scenarios_solver_types_120/scenario_solver_33_trains_5_units16.json","Cost of next node: Cost = 1,633.2 : 1,689.50 | cr=15, dd=24, da=5, tlv=11, sm=66, rd=116.36, cd=0, um=0","Time elapsed: 10.25 seconds","/home/thomasverwaal/Robust-Rail-NL/mathematical-models/local_search_plans_discreet_120/plan_33_trains_5_units16.json"
"/home/thomasverwaal/Robust-Rail-NL/mathematical-models/scenarios_solver_types_120/scenario_solver_33_trains_5_units16.json","Cost of next node: Cost = 1,403.6 : 1,459.92 | cr=17, dd=19, da=5, tlv=11, sm=66, rd=113.64, cd=0, um=0","Time elapsed: 10.30 seconds","/home/thomasverwaal/Robust-Rail-NL/mathematical-models/local_search_plans_discreet_120/plan_33_trains_5_units16.json"
"/home/thomasverwaal/Robust-Rail-NL/mathematical-models/scenarios_solver_types_120/scenario_solver_33_trains_5_units16.json","Cost of next node: Cost = 1,294.6 : 1,350.92 | cr=16, dd=17, da=5, tlv=11, sm=66, rd=112.73, cd=0, um=0","Time elapsed: 10.46 seconds","/home/thomasverwaal/Robust-Rail-NL/mathematical-models/local_search_plans_discreet_120/plan_33_trains_5_units16.json"
"/home/thomasverwaal/Robust-Rail-NL/mathematical-models/scenarios_solver_types_120/scenario_solver_33_trains_5_units16.json","Cost of next node: Cost = 1,250.3 : 1,311.60 | cr=15, dd=16, da=5, tlv=12, sm=66, rd=109.09, cd=0, um=0","Time elapsed: 10.62 seconds","/home/thomasverwaal/Robust-Rail-NL/mathematical-models/local_search_plans_discreet_120/plan_33_trains_5_units16.json"
"/home/thomasverwaal/Robust-Rail-NL/mathematical-models/scenarios_solver_types_120/scenario_solver_33_trains_5_units16.json","Cost of next node: Cost = 1,225.4 : 1,291.74 | cr=15, dd=16, da=3, tlv=13, sm=66, rd=105.45, cd=0, um=0","Time elapsed: 10.69 seconds","/home/thomasverwaal/Robust-Rail-NL/mathematical-models/local_search_plans_discreet_120/plan_33_trains_5_units16.json"
"/home/thomasverwaal/Robust-Rail-NL/mathematical-models/scenarios_solver_types_120/scenario_solver_33_trains_5_units16.json","Cost of next node: Cost = 1,191.1 : 1,262.43 | cr=15, dd=15, da=3, tlv=14, sm=66, rd=100.00, cd=0, um=0","Time elapsed: 10.94 seconds","/home/thomasverwaal/Robust-Rail-NL/mathematical-models/local_search_plans_discreet_120/plan_33_trains_5_units16.json"
"/home/thomasverwaal/Robust-Rail-NL/mathematical-models/scenarios_solver_types_120/scenario_solver_33_trains_5_units16.json","Cost of next node: Cost = 1,156.7 : 1,233.02 | cr=15, dd=14, da=3, tlv=15, sm=66, rd=98.18, cd=0, um=0","Time elapsed: 11.19 seconds","/home/thomasverwaal/Robust-Rail-NL/mathematical-models/local_search_plans_discreet_120/plan_33_trains_5_units16.json"
"/home/thomasverwaal/Robust-Rail-NL/mathematical-models/scenarios_solver_types_120/scenario_solver_33_trains_5_units16.json","Cost of next node: Cost = 1,111.1 : 1,192.46 | cr=21, dd=12, da=2, tlv=16, sm=66, rd=94.55, cd=0, um=0","Time elapsed: 11.53 seconds","/home/thomasverwaal/Robust-Rail-NL/mathematical-models/local_search_plans_discreet_120/plan_33_trains_5_units16.json"
"/home/thomasverwaal/Robust-Rail-NL/mathematical-models/scenarios_solver_types_120/scenario_solver_33_trains_5_units16.json","Cost of next node: Cost = 1,086.1 : 1,162.46 | cr=20, dd=12, da=2, tlv=15, sm=66, rd=94.55, cd=0, um=0","Time elapsed: 11.65 seconds","/home/thomasverwaal/Robust-Rail-NL/mathematical-models/local_search_plans_discreet_120/plan_33_trains_5_units16.json"
"/home/thomasverwaal/Robust-Rail-NL/mathematical-models/scenarios_solver_types_120/scenario_solver_33_trains_5_units16.json","Cost of next node: Cost = 854.2 : 935.49 | cr=18, dd=8, da=1, tlv=16, sm=66, rd=87.27, cd=0, um=0","Time elapsed: 12.02 seconds","/home/thomasverwaal/Robust-Rail-NL/mathematical-models/local_search_plans_discreet_120/plan_33_trains_5_units16.json"
"/home/thomasverwaal/Robust-Rail-NL/mathematical-models/scenarios_solver_types_120/scenario_solver_33_trains_5_units16.json","Cost of next node: Cost = 476.5 : 562.82 | cr=17, dd=1, da=0, tlv=17, sm=66, rd=76.36, cd=0, um=0","Time elapsed: 12.32 seconds","/home/thomasverwaal/Robust-Rail-NL/mathematical-models/local_search_plans_discreet_120/plan_33_trains_5_units16.json"
"/home/thomasverwaal/Robust-Rail-NL/mathematical-models/scenarios_solver_types_120/scenario_solver_33_trains_5_units16.json","Cost of next node: Cost = 451.5 : 532.82 | cr=16, dd=1, da=0, tlv=16, sm=66, rd=76.36, cd=0, um=0","Time elapsed: 12.65 seconds","/home/thomasverwaal/Robust-Rail-NL/mathematical-models/local_search_plans_discreet_120/plan_33_trains_5_units16.json"
"/home/thomasverwaal/Robust-Rail-NL/mathematical-models/scenarios_solver_types_120/scenario_solver_33_trains_5_units16.json","Cost of next node: Cost = 426.5 : 502.82 | cr=15, dd=1, da=0, tlv=15, sm=66, rd=78.18, cd=0, um=0","Time elapsed: 12.93 seconds","/home/thomasverwaal/Robust-Rail-NL/mathematical-models/local_search_plans_discreet_120/plan_33_trains_5_units16.json"
"/home/thomasverwaal/Robust-Rail-NL/mathematical-models/scenarios_solver_types_120/scenario_solver_33_trains_5_units16.json","Cost of next node: Cost = 400.0 : 481.32 | cr=16, dd=0, da=0, tlv=16, sm=66, rd=76.36, cd=0, um=0","Time elapsed: 13.21 seconds","/home/thomasverwaal/Robust-Rail-NL/mathematical-models/local_search_plans_discreet_120/plan_33_trains_5_units16.json"
"/home/thomasverwaal/Robust-Rail-NL/mathematical-models/scenarios_solver_types_120/scenario_solver_33_trains_5_units16.json","Cost of next node: Cost = 375.0 : 451.32 | cr=15, dd=0, da=0, tlv=15, sm=66, rd=78.18, cd=0, um=0","Time elapsed: 13.35 seconds","/home/thomasverwaal/Robust-Rail-NL/mathematical-models/local_search_plans_discreet_120/plan_33_trains_5_units16.json"
"/home/thomasverwaal/Robust-Rail-NL/mathematical-models/scenarios_solver_types_120/scenario_solver_33_trains_5_units16.json","Cost of next node: Cost = 355.0 : 431.32 | cr=13, dd=0, da=0, tlv=15, sm=66, rd=78.18, cd=0, um=0","Time elapsed: 16.20 seconds","/home/thomasverwaal/Robust-Rail-NL/mathematical-models/local_search_plans_discreet_120/plan_33_trains_5_units16.json"
"/home/thomasverwaal/Robust-Rail-NL/mathematical-models/scenarios_solver_types_120/scenario_solver_33_trains_5_units16.json","Cost of next node: Cost = 345.0 : 421.32 | cr=12, dd=0, da=0, tlv=15, sm=66, rd=78.18, cd=0, um=0","Time elapsed: 18.75 seconds","/home/thomasverwaal/Robust-Rail-NL/mathematical-models/local_search_plans_discreet_120/plan_33_trains_5_units16.json"
"/home/thomasverwaal/Robust-Rail-NL/mathematical-models/scenarios_solver_types_120/scenario_solver_33_trains_5_units16.json","Cost of next node: Cost = 335.0 : 411.32 | cr=11, dd=0, da=0, tlv=15, sm=66, rd=78.18, cd=0, um=0","Time elapsed: 21.30 seconds","/home/thomasverwaal/Robust-Rail-NL/mathematical-models/local_search_plans_discreet_120/plan_33_trains_5_units16.json"
"/home/thomasverwaal/Robust-Rail-NL/mathematical-models/scenarios_solver_types_120/scenario_solver_33_trains_5_units16.json","Cost of next node: Cost = 325.0 : 401.32 | cr=10, dd=0, da=0, tlv=15, sm=66, rd=78.18, cd=0, um=0","Time elapsed: 23.33 seconds","/home/thomasverwaal/Robust-Rail-NL/mathematical-models/local_search_plans_discreet_120/plan_33_trains_5_units16.json"
"/home/thomasverwaal/Robust-Rail-NL/mathematical-models/scenarios_solver_types_120/scenario_solver_33_trains_5_units16.json","Cost of next node: Cost = 315.0 : 391.32 | cr=9, dd=0, da=0, tlv=15, sm=66, rd=78.18, cd=0, um=0","Time elapsed: 25.17 seconds","/home/thomasverwaal/Robust-Rail-NL/mathematical-models/local_search_plans_discreet_120/plan_33_trains_5_units16.json"
"/home/thomasverwaal/Robust-Rail-NL/mathematical-models/scenarios_solver_types_120/scenario_solver_33_trains_5_units16.json","Cost of next node: Cost = 305.0 : 381.32 | cr=8, dd=0, da=0, tlv=15, sm=66, rd=78.18, cd=0, um=0","Time elapsed: 26.99 seconds","/home/thomasverwaal/Robust-Rail-NL/mathematical-models/local_search_plans_discreet_120/plan_33_trains_5_units16.json"
"/home/thomasverwaal/Robust-Rail-NL/mathematical-models/scenarios_solver_types_120/scenario_solver_33_trains_5_units16.json","Cost of next node: Cost = 285.0 : 361.32 | cr=6, dd=0, da=0, tlv=15, sm=66, rd=78.18, cd=0, um=0","Time elapsed: 32.34 seconds","/home/thomasverwaal/Robust-Rail-NL/mathematical-models/local_search_plans_discreet_120/plan_33_trains_5_units16.json"
"/home/thomasverwaal/Robust-Rail-NL/mathematical-models/scenarios_solver_types_120/scenario_solver_33_trains_5_units16.json","Cost of next node: Cost = 275.0 : 351.32 | cr=5, dd=0, da=0, tlv=15, sm=66, rd=78.18, cd=0, um=0","Time elapsed: 45.01 seconds","/home/thomasverwaal/Robust-Rail-NL/mathematical-models/local_search_plans_discreet_120/plan_33_trains_5_units16.json"
"/home/thomasverwaal/Robust-Rail-NL/mathematical-models/scenarios_solver_types_120/scenario_solver_33_trains_5_units16.json","Cost of next node: Cost = 265.0 : 341.32 | cr=4, dd=0, da=0, tlv=15, sm=66, rd=78.18, cd=0, um=0","Time elapsed: 49.57 seconds","/home/thomasverwaal/Robust-Rail-NL/mathematical-models/local_search_plans_discreet_120/plan_33_trains_5_units16.json"
"/home/thomasverwaal/Robust-Rail-NL/mathematical-models/scenarios_solver_types_120/scenario_solver_33_trains_5_units16.json","Cost of next node: Cost = 255.0 : 331.32 | cr=3, dd=0, da=0, tlv=15, sm=66, rd=80.00, cd=0, um=0","Time elapsed: 73.02 seconds","/home/thomasverwaal/Robust-Rail-NL/mathematical-models/local_search_plans_discreet_120/plan_33_trains_5_units16.json"
"/home/thomasverwaal/Robust-Rail-NL/mathematical-models/scenarios_solver_types_120/scenario_solver_33_trains_5_units16.json","Cost of next node: Cost = 245.0 : 321.32 | cr=2, dd=0, da=0, tlv=15, sm=66, rd=80.00, cd=0, um=0","Time elapsed: 74.33 seconds","/home/thomasverwaal/Robust-Rail-NL/mathematical-models/local_search_plans_discreet_120/plan_33_trains_5_units16.json"
"/home/thomasverwaal/Robust-Rail-NL/mathematical-models/scenarios_solver_types_120/scenario_solver_33_trains_5_units16.json","NO_COST_FOUND","NO_TIME_FOUND","NO_PLAN_CREATED"
"/home/thomasverwaal/Robust-Rail-NL/mathematical-models/scenarios_solver_types_120/scenario_solver_33_trains_5_units17.json","Cost of next node: Cost = 2,864.0 : 2,865.32 | cr=46, dd=33, da=31, tlv=0, sm=66, rd=179.09, cd=0, um=0","Time elapsed: 4.36 seconds","/home/thomasverwaal/Robust-Rail-NL/mathematical-models/local_search_plans_discreet_120/plan_33_trains_5_units17.json"
"/home/thomasverwaal/Robust-Rail-NL/mathematical-models/scenarios_solver_types_120/scenario_solver_33_trains_5_units17.json","Cost of next node: Cost = 2,831.1 : 2,832.41 | cr=43, dd=33, da=31, tlv=0, sm=66, rd=179.09, cd=0, um=0","Time elapsed: 4.45 seconds","/home/thomasverwaal/Robust-Rail-NL/mathematical-models/local_search_plans_discreet_120/plan_33_trains_5_units17.json"
"/home/thomasverwaal/Robust-Rail-NL/mathematical-models/scenarios_solver_types_120/scenario_solver_33_trains_5_units17.json","Cost of next node: Cost = 2,803.3 : 2,809.63 | cr=43, dd=33, da=30, tlv=1, sm=66, rd=174.55, cd=0, um=0","Time elapsed: 4.58 seconds","/home/thomasverwaal/Robust-Rail-NL/mathematical-models/local_search_plans_discreet_120/plan_33_trains_5_units17.json"
"/home/thomasverwaal/Robust-Rail-NL/mathematical-models/scenarios_solver_types_120/scenario_solver_33_trains_5_units17.json","Cost of next node: Cost = 2,748.8 : 2,760.07 | cr=40, dd=33, da=28, tlv=2, sm=66, rd=173.64, cd=0, um=0","Time elapsed: 4.72 seconds","/home/thomasverwaal/Robust-Rail-NL/mathematical-models/local_search_plans_discreet_120/plan_33_trains_5_units17.json"
"/home/thomasverwaal/Robust-Rail-NL/mathematical-models/scenarios_solver_types_120/scenario_solver_33_trains_5_units17.json","Cost of next node: Cost = 2,587.8 : 2,599.12 | cr=40, dd=33, da=20, tlv=2, sm=66, rd=170.00, cd=0, um=0","Time elapsed: 4.83 seconds","/home/thomasverwaal/Robust-Rail-NL/mathematical-models/local_search_plans_discreet_120/plan_33_trains_5_units17.json"
"/home/thomasverwaal/Robust-Rail-NL/mathematical-models/scenarios_solver_types_120/scenario_solver_33_trains_5_units17.json","Cost of next node: Cost = 2,547.4 : 2,563.68 | cr=39, dd=33, da=18, tlv=3, sm=66, rd=165.45, cd=0, um=0","Time elapsed: 5.00 seconds","/home/thomasverwaal/Robust-Rail-NL/mathematical-models/local_search_plans_discreet_120/plan_33_trains_5_units17.json"
"/home/thomasverwaal/Robust-Rail-NL/mathematical-models/scenarios_solver_types_120/scenario_solver_33_trains_5_units17.json","Cost of next node: Cost = 2,505.5 : 2,526.87 | cr=37, dd=33, da=16, tlv=4, sm=66, rd=165.45, cd=0, um=0","Time elapsed: 5.18 seconds","/home/thomasverwaal/Robust-Rail-NL/mathematical-models/local_search_plans_discreet_120/plan_33_trains_5_units17.json"
"/home/thomasverwaal/Robust-Rail-NL/mathematical-models/scenarios_solver_types_120/scenario_solver_33_trains_5_units17.json","Cost of next node: Cost = 2,483.7 : 2,509.98 | cr=36, dd=33, da=15, tlv=5, sm=66, rd=160.00, cd=0, um=0","Time elapsed: 5.33 seconds","/home/thomasverwaal/Robust-Rail-NL/mathematical-models/local_search_plans_discreet_120/plan_33_trains_5_units17.json"
"/home/thomasverwaal/Robust-Rail-NL/mathematical-models/scenarios_solver_types_120/scenario_solver_33_trains_5_units17.json","Cost of next node: Cost = 2,457.9 : 2,484.27 | cr=36, dd=33, da=15, tlv=5, sm=66, rd=152.73, cd=0, um=0","Time elapsed: 5.81 seconds","/home/thomasverwaal/Robust-Rail-NL/mathematical-models/local_search_plans_discreet_120/plan_33_trains_5_units17.json"
"/home/thomasverwaal/Robust-Rail-NL/mathematical-models/scenarios_solver_types_120/scenario_solver_33_trains_5_units17.json","Cost of next node: Cost = 2,434.7 : 2,466.04 | cr=34, dd=33, da=14, tlv=6, sm=66, rd=152.73, cd=0, um=0","Time elapsed: 6.28 seconds","/home/thomasverwaal/Robust-Rail-NL/mathematical-models/local_search_plans_discreet_120/plan_33_trains_5_units17.json"
"/home/thomasverwaal/Robust-Rail-NL/mathematical-models/scenarios_solver_types_120/scenario_solver_33_trains_5_units17.json","Cost of next node: Cost = 2,411.3 : 2,442.66 | cr=31, dd=33, da=14, tlv=6, sm=66, rd=157.27, cd=0, um=0","Time elapsed: 6.36 seconds","/home/thomasverwaal/Robust-Rail-NL/mathematical-models/local_search_plans_discreet_120/plan_33_trains_5_units17.json"
"/home/thomasverwaal/Robust-Rail-NL/mathematical-models/scenarios_solver_types_120/scenario_solver_33_trains_5_units17.json","Cost of next node: Cost = 2,390.5 : 2,426.85 | cr=25, dd=33, da=14, tlv=7, sm=66, rd=162.73, cd=0, um=0","Time elapsed: 7.06 seconds","/home/thomasverwaal/Robust-Rail-NL/mathematical-models/local_search_plans_discreet_120/plan_33_trains_5_units17.json"
"/home/thomasverwaal/Robust-Rail-NL/mathematical-models/scenarios_solver_types_120/scenario_solver_33_trains_5_units17.json","Cost of next node: Cost = 2,369.8 : 2,401.08 | cr=24, dd=33, da=14, tlv=6, sm=66, rd=166.36, cd=0, um=0","Time elapsed: 7.20 seconds","/home/thomasverwaal/Robust-Rail-NL/mathematical-models/local_search_plans_discreet_120/plan_33_trains_5_units17.json"
"/home/thomasverwaal/Robust-Rail-NL/mathematical-models/scenarios_solver_types_120/scenario_solver_33_trains_5_units17.json","Cost of next node: Cost = 2,349.5 : 2,385.82 | cr=22, dd=33, da=13, tlv=7, sm=66, rd=167.27, cd=0, um=0","Time elapsed: 7.67 seconds","/home/thomasverwaal/Robust-Rail-NL/mathematical-models/local_search_plans_discreet_120/plan_33_trains_5_units17.json"
"/home/thomasverwaal/Robust-Rail-NL/mathematical-models/scenarios_solver_types_120/scenario_solver_33_trains_5_units17.json","Cost of next node: Cost = 2,324.5 : 2,360.86 | cr=21, dd=33, da=13, tlv=7, sm=66, rd=162.73, cd=0, um=0","Time elapsed: 7.98 seconds","/home/thomasverwaal/Robust-Rail-NL/mathematical-models/local_search_plans_discreet_120/plan_33_trains_5_units17.json"
"/home/thomasverwaal/Robust-Rail-NL/mathematical-models/scenarios_solver_types_120/scenario_solver_33_trains_5_units17.json","Cost of next node: Cost = 2,296.3 : 2,332.62 | cr=21, dd=33, da=12, tlv=7, sm=66, rd=159.09, cd=0, um=0","Time elapsed: 8.50 seconds","/home/thomasverwaal/Robust-Rail-NL/mathematical-models/local_search_plans_discreet_120/plan_33_trains_5_units17.json"
"/home/thomasverwaal/Robust-Rail-NL/mathematical-models/scenarios_solver_types_120/scenario_solver_33_trains_5_units17.json","Cost of next node: Cost = 2,264.2 : 2,305.49 | cr=18, dd=33, da=12, tlv=8, sm=66, rd=154.55, cd=0, um=0","Time elapsed: 9.42 seconds","/home/thomasverwaal/Robust-Rail-NL/mathematical-models/local_search_plans_discreet_120/plan_33_trains_5_units17.json"
"/home/thomasverwaal/Robust-Rail-NL/mathematical-models/scenarios_solver_types_120/scenario_solver_33_trains_5_units17.json","Cost of next node: Cost = 2,244.0 : 2,290.30 | cr=18, dd=33, da=11, tlv=9, sm=66, rd=147.27, cd=0, um=0","Time elapsed: 9.85 seconds","/home/thomasverwaal/Robust-Rail-NL/mathematical-models/local_search_plans_discreet_120/plan_33_trains_5_units17.json"
"/home/thomasverwaal/Robust-Rail-NL/mathematical-models/scenarios_solver_types_120/scenario_solver_33_trains_5_units17.json","Cost of next node: Cost = 2,174.0 : 2,225.30 | cr=23, dd=31, da=11, tlv=10, sm=66, rd=130.00, cd=0, um=0","Time elapsed: 10.37 seconds","/home/thomasverwaal/Robust-Rail-NL/mathematical-models/local_search_plans_discreet_120/plan_33_trains_5_units17.json"
"/home/thomasverwaal/Robust-Rail-NL/mathematical-models/scenarios_solver_types_120/scenario_solver_33_trains_5_units17.json","Cost of next node: Cost = 2,112.0 : 2,163.35 | cr=22, dd=30, da=11, tlv=10, sm=66, rd=128.18, cd=0, um=0","Time elapsed: 10.43 seconds","/home/thomasverwaal/Robust-Rail-NL/mathematical-models/local_search_plans_discreet_120/plan_33_trains_5_units17.json"
"/home/thomasverwaal/Robust-Rail-NL/mathematical-models/scenarios_solver_types_120/scenario_solver_33_trains_5_units17.json","Cost of next node: Cost = 2,062.4 : 2,113.70 | cr=22, dd=29, da=11, tlv=10, sm=66, rd=128.18, cd=0, um=0","Time elapsed: 10.51 seconds","/home/thomasverwaal/Robust-Rail-NL/mathematical-models/local_search_plans_discreet_120/plan_33_trains_5_units17.json"
"/home/thomasverwaal/Robust-Rail-NL/mathematical-models/scenarios_solver_types_120/scenario_solver_33_trains_5_units17.json","Cost of next node: Cost = 1,914.9 : 1,966.25 | cr=22, dd=26, da=11, tlv=10, sm=66, rd=128.18, cd=0, um=0","Time elapsed: 10.58 seconds","/home/thomasverwaal/Robust-Rail-NL/mathematical-models/local_search_plans_discreet_120/plan_33_trains_5_units17.json"
"/home/thomasverwaal/Robust-Rail-NL/mathematical-models/scenarios_solver_types_120/scenario_solver_33_trains_5_units17.json","Cost of next node: Cost = 1,865.5 : 1,916.78 | cr=22, dd=25, da=11, tlv=10, sm=66, rd=128.18, cd=0, um=0","Time elapsed: 10.70 seconds","/home/thomasverwaal/Robust-Rail-NL/mathematical-models/local_search_plans_discreet_120/plan_33_trains_5_units17.json"
"/home/thomasverwaal/Robust-Rail-NL/mathematical-models/scenarios_solver_types_120/scenario_solver_33_trains_5_units17.json","Cost of next node: Cost = 1,806.1 : 1,857.41 | cr=21, dd=24, da=11, tlv=10, sm=66, rd=128.18, cd=0, um=0","Time elapsed: 10.78 seconds","/home/thomasverwaal/Robust-Rail-NL/mathematical-models/local_search_plans_discreet_120/plan_33_trains_5_units17.json"
"/home/thomasverwaal/Robust-Rail-NL/mathematical-models/scenarios_solver_types_120/scenario_solver_33_trains_5_units17.json","Cost of next node: Cost = 1,756.9 : 1,808.17 | cr=21, dd=23, da=11, tlv=10, sm=66, rd=128.18, cd=0, um=0","Time elapsed: 10.85 seconds","/home/thomasverwaal/Robust-Rail-NL/mathematical-models/local_search_plans_discreet_120/plan_33_trains_5_units17.json"
"/home/thomasverwaal/Robust-Rail-NL/mathematical-models/scenarios_solver_types_120/scenario_solver_33_trains_5_units17.json","Cost of next node: Cost = 1,606.8 : 1,658.09 | cr=21, dd=20, da=11, tlv=10, sm=66, rd=123.64, cd=0, um=0","Time elapsed: 10.92 seconds","/home/thomasverwaal/Robust-Rail-NL/mathematical-models/local_search_plans_discreet_120/plan_33_trains_5_units17.json"
"/home/thomasverwaal/Robust-Rail-NL/mathematical-models/scenarios_solver_types_120/scenario_solver_33_trains_5_units17.json","Cost of next node: Cost = 1,458.9 : 1,510.25 | cr=20, dd=18, da=9, tlv=10, sm=66, rd=118.18, cd=0, um=0","Time elapsed: 11.15 seconds","/home/thomasverwaal/Robust-Rail-NL/mathematical-models/local_search_plans_discreet_120/plan_33_trains_5_units17.json"
"/home/thomasverwaal/Robust-Rail-NL/mathematical-models/scenarios_solver_types_120/scenario_solver_33_trains_5_units17.json","Cost of next node: Cost = 1,339.8 : 1,396.09 | cr=20, dd=17, da=5, tlv=11, sm=66, rd=110.91, cd=0, um=0","Time elapsed: 11.66 seconds","/home/thomasverwaal/Robust-Rail-NL/mathematical-models/local_search_plans_discreet_120/plan_33_trains_5_units17.json"
"/home/thomasverwaal/Robust-Rail-NL/mathematical-models/scenarios_solver_types_120/scenario_solver_33_trains_5_units17.json","Cost of next node: Cost = 1,205.3 : 1,261.61 | cr=19, dd=15, da=4, tlv=11, sm=66, rd=107.27, cd=0, um=0","Time elapsed: 11.97 seconds","/home/thomasverwaal/Robust-Rail-NL/mathematical-models/local_search_plans_discreet_120/plan_33_trains_5_units17.json"
"/home/thomasverwaal/Robust-Rail-NL/mathematical-models/scenarios_solver_types_120/scenario_solver_33_trains_5_units17.json","Cost of next node: Cost = 1,161.1 : 1,222.40 | cr=18, dd=14, da=4, tlv=12, sm=66, rd=103.64, cd=0, um=0","Time elapsed: 12.10 seconds","/home/thomasverwaal/Robust-Rail-NL/mathematical-models/local_search_plans_discreet_120/plan_33_trains_5_units17.json"
"/home/thomasverwaal/Robust-Rail-NL/mathematical-models/scenarios_solver_types_120/scenario_solver_33_trains_5_units17.json","Cost of next node: Cost = 1,136.1 : 1,202.40 | cr=14, dd=14, da=4, tlv=13, sm=66, rd=103.64, cd=0, um=0","Time elapsed: 12.29 seconds","/home/thomasverwaal/Robust-Rail-NL/mathematical-models/local_search_plans_discreet_120/plan_33_trains_5_units17.json"
"/home/thomasverwaal/Robust-Rail-NL/mathematical-models/scenarios_solver_types_120/scenario_solver_33_trains_5_units17.json","Cost of next node: Cost = 1,115.8 : 1,182.10 | cr=14, dd=14, da=3, tlv=13, sm=66, rd=100.00, cd=0, um=0","Time elapsed: 12.53 seconds","/home/thomasverwaal/Robust-Rail-NL/mathematical-models/local_search_plans_discreet_120/plan_33_trains_5_units17.json"
"/home/thomasverwaal/Robust-Rail-NL/mathematical-models/scenarios_solver_types_120/scenario_solver_33_trains_5_units17.json","Cost of next node: Cost = 1,088.3 : 1,159.60 | cr=12, dd=14, da=2, tlv=14, sm=66, rd=96.36, cd=0, um=0","Time elapsed: 12.76 seconds","/home/thomasverwaal/Robust-Rail-NL/mathematical-models/local_search_plans_discreet_120/plan_33_trains_5_units17.json"
"/home/thomasverwaal/Robust-Rail-NL/mathematical-models/scenarios_solver_types_120/scenario_solver_33_trains_5_units17.json","Cost of next node: Cost = 1,045.7 : 1,117.01 | cr=13, dd=13, da=2, tlv=14, sm=66, rd=96.36, cd=0, um=0","Time elapsed: 12.91 seconds","/home/thomasverwaal/Robust-Rail-NL/mathematical-models/local_search_plans_discreet_120/plan_33_trains_5_units17.json"
"/home/thomasverwaal/Robust-Rail-NL/mathematical-models/scenarios_solver_types_120/scenario_solver_33_trains_5_units17.json","Cost of next node: Cost = 961.5 : 1,037.77 | cr=13, dd=11, da=2, tlv=15, sm=66, rd=94.55, cd=0, um=0","Time elapsed: 13.01 seconds","/home/thomasverwaal/Robust-Rail-NL/mathematical-models/local_search_plans_discreet_120/plan_33_trains_5_units17.json"
"/home/thomasverwaal/Robust-Rail-NL/mathematical-models/scenarios_solver_types_120/scenario_solver_33_trains_5_units17.json","Cost of next node: Cost = 911.5 : 992.81 | cr=11, dd=10, da=2, tlv=16, sm=66, rd=93.64, cd=0, um=0","Time elapsed: 13.27 seconds","/home/thomasverwaal/Robust-Rail-NL/mathematical-models/local_search_plans_discreet_120/plan_33_trains_5_units17.json"
"/home/thomasverwaal/Robust-Rail-NL/mathematical-models/scenarios_solver_types_120/scenario_solver_33_trains_5_units17.json","Cost of next node: Cost = 721.1 : 802.42 | cr=10, dd=7, da=1, tlv=16, sm=66, rd=87.27, cd=0, um=0","Time elapsed: 13.54 seconds","/home/thomasverwaal/Robust-Rail-NL/mathematical-models/local_search_plans_discreet_120/plan_33_trains_5_units17.json"
"/home/thomasverwaal/Robust-Rail-NL/mathematical-models/scenarios_solver_types_120/scenario_solver_33_trains_5_units17.json","Cost of next node: Cost = 395.6 : 481.92 | cr=9, dd=1, da=0, tlv=17, sm=66, rd=76.36, cd=0, um=0","Time elapsed: 13.76 seconds","/home/thomasverwaal/Robust-Rail-NL/mathematical-models/local_search_plans_discreet_120/plan_33_trains_5_units17.json"
"/home/thomasverwaal/Robust-Rail-NL/mathematical-models/scenarios_solver_types_120/scenario_solver_33_trains_5_units17.json","Cost of next node: Cost = 350.0 : 441.32 | cr=8, dd=0, da=0, tlv=18, sm=66, rd=74.55, cd=0, um=0","Time elapsed: 13.99 seconds","/home/thomasverwaal/Robust-Rail-NL/mathematical-models/local_search_plans_discreet_120/plan_33_trains_5_units17.json"
"/home/thomasverwaal/Robust-Rail-NL/mathematical-models/scenarios_solver_types_120/scenario_solver_33_trains_5_units17.json","Cost of next node: Cost = 335.0 : 421.32 | cr=8, dd=0, da=0, tlv=17, sm=66, rd=76.36, cd=0, um=0","Time elapsed: 16.74 seconds","/home/thomasverwaal/Robust-Rail-NL/mathematical-models/local_search_plans_discreet_120/plan_33_trains_5_units17.json"
"/home/thomasverwaal/Robust-Rail-NL/mathematical-models/scenarios_solver_types_120/scenario_solver_33_trains_5_units17.json","Cost of next node: Cost = 320.0 : 401.32 | cr=8, dd=0, da=0, tlv=16, sm=66, rd=78.18, cd=0, um=0","Time elapsed: 19.37 seconds","/home/thomasverwaal/Robust-Rail-NL/mathematical-models/local_search_plans_discreet_120/plan_33_trains_5_units17.json"
"/home/thomasverwaal/Robust-Rail-NL/mathematical-models/scenarios_solver_types_120/scenario_solver_33_trains_5_units17.json","Cost of next node: Cost = 305.0 : 381.32 | cr=8, dd=0, da=0, tlv=15, sm=66, rd=80.00, cd=0, um=0","Time elapsed: 21.66 seconds","/home/thomasverwaal/Robust-Rail-NL/mathematical-models/local_search_plans_discreet_120/plan_33_trains_5_units17.json"
"/home/thomasverwaal/Robust-Rail-NL/mathematical-models/scenarios_solver_types_120/scenario_solver_33_trains_5_units17.json","Cost of next node: Cost = 295.0 : 371.32 | cr=7, dd=0, da=0, tlv=15, sm=66, rd=80.00, cd=0, um=0","Time elapsed: 23.61 seconds","/home/thomasverwaal/Robust-Rail-NL/mathematical-models/local_search_plans_discreet_120/plan_33_trains_5_units17.json"
"/home/thomasverwaal/Robust-Rail-NL/mathematical-models/scenarios_solver_types_120/scenario_solver_33_trains_5_units17.json","Cost of next node: Cost = 285.0 : 361.32 | cr=6, dd=0, da=0, tlv=15, sm=66, rd=80.00, cd=0, um=0","Time elapsed: 25.36 seconds","/home/thomasverwaal/Robust-Rail-NL/mathematical-models/local_search_plans_discreet_120/plan_33_trains_5_units17.json"
"/home/thomasverwaal/Robust-Rail-NL/mathematical-models/scenarios_solver_types_120/scenario_solver_33_trains_5_units17.json","Cost of next node: Cost = 275.0 : 351.32 | cr=5, dd=0, da=0, tlv=15, sm=66, rd=80.00, cd=0, um=0","Time elapsed: 27.20 seconds","/home/thomasverwaal/Robust-Rail-NL/mathematical-models/local_search_plans_discreet_120/plan_33_trains_5_units17.json"
"/home/thomasverwaal/Robust-Rail-NL/mathematical-models/scenarios_solver_types_120/scenario_solver_33_trains_5_units17.json","Cost of next node: Cost = 265.0 : 341.34 | cr=4, dd=0, da=0, tlv=15, sm=67, rd=80.60, cd=0, um=0","Time elapsed: 28.67 seconds","/home/thomasverwaal/Robust-Rail-NL/mathematical-models/local_search_plans_discreet_120/plan_33_trains_5_units17.json"
"/home/thomasverwaal/Robust-Rail-NL/mathematical-models/scenarios_solver_types_120/scenario_solver_33_trains_5_units17.json","Cost of next node: Cost = 255.0 : 331.34 | cr=3, dd=0, da=0, tlv=15, sm=67, rd=80.60, cd=0, um=0","Time elapsed: 30.07 seconds","/home/thomasverwaal/Robust-Rail-NL/mathematical-models/local_search_plans_discreet_120/plan_33_trains_5_units17.json"
"/home/thomasverwaal/Robust-Rail-NL/mathematical-models/scenarios_solver_types_120/scenario_solver_33_trains_5_units17.json","Cost of next node: Cost = 245.0 : 321.36 | cr=2, dd=0, da=0, tlv=15, sm=68, rd=82.94, cd=0, um=0","Time elapsed: 61.20 seconds","/home/thomasverwaal/Robust-Rail-NL/mathematical-models/local_search_plans_discreet_120/plan_33_trains_5_units17.json"
"/home/thomasverwaal/Robust-Rail-NL/mathematical-models/scenarios_solver_types_120/scenario_solver_33_trains_5_units17.json","Cost of next node: Cost = 230.0 : 301.38 | cr=2, dd=0, da=0, tlv=14, sm=69, rd=83.48, cd=0, um=0","Time elapsed: 71.79 seconds","/home/thomasverwaal/Robust-Rail-NL/mathematical-models/local_search_plans_discreet_120/plan_33_trains_5_units17.json"
"/home/thomasverwaal/Robust-Rail-NL/mathematical-models/scenarios_solver_types_120/scenario_solver_33_trains_5_units17.json","NO_COST_FOUND","NO_TIME_FOUND","NO_PLAN_CREATED"
"/home/thomasverwaal/Robust-Rail-NL/mathematical-models/scenarios_solver_types_120/scenario_solver_33_trains_5_units18.json","Cost of next node: Cost = 2,813.9 : 2,815.26 | cr=42, dd=33, da=31, tlv=0, sm=66, rd=178.18, cd=0, um=0","Time elapsed: 5.18 seconds","/home/thomasverwaal/Robust-Rail-NL/mathematical-models/local_search_plans_discreet_120/plan_33_trains_5_units18.json"
"/home/thomasverwaal/Robust-Rail-NL/mathematical-models/scenarios_solver_types_120/scenario_solver_33_trains_5_units18.json","Cost of next node: Cost = 2,791.8 : 2,793.14 | cr=40, dd=33, da=31, tlv=0, sm=66, rd=178.18, cd=0, um=0","Time elapsed: 5.29 seconds","/home/thomasverwaal/Robust-Rail-NL/mathematical-models/local_search_plans_discreet_120/plan_33_trains_5_units18.json"
"/home/thomasverwaal/Robust-Rail-NL/mathematical-models/scenarios_solver_types_120/scenario_solver_33_trains_5_units18.json","Cost of next node: Cost = 2,757.4 : 2,763.70 | cr=41, dd=33, da=29, tlv=1, sm=66, rd=175.45, cd=0, um=0","Time elapsed: 5.41 seconds","/home/thomasverwaal/Robust-Rail-NL/mathematical-models/local_search_plans_discreet_120/plan_33_trains_5_units18.json"
"/home/thomasverwaal/Robust-Rail-NL/mathematical-models/scenarios_solver_types_120/scenario_solver_33_trains_5_units18.json","Cost of next node: Cost = 2,727.4 : 2,733.70 | cr=38, dd=33, da=29, tlv=1, sm=66, rd=175.45, cd=0, um=0","Time elapsed: 5.52 seconds","/home/thomasverwaal/Robust-Rail-NL/mathematical-models/local_search_plans_discreet_120/plan_33_trains_5_units18.json"
"/home/thomasverwaal/Robust-Rail-NL/mathematical-models/scenarios_solver_types_120/scenario_solver_33_trains_5_units18.json","Cost of next node: Cost = 2,514.2 : 2,520.53 | cr=39, dd=33, da=18, tlv=1, sm=66, rd=169.09, cd=0, um=0","Time elapsed: 5.65 seconds","/home/thomasverwaal/Robust-Rail-NL/mathematical-models/local_search_plans_discreet_120/plan_33_trains_5_units18.json"
"/home/thomasverwaal/Robust-Rail-NL/mathematical-models/scenarios_solver_types_120/scenario_solver_33_trains_5_units18.json","Cost of next node: Cost = 2,464.3 : 2,475.63 | cr=36, dd=33, da=16, tlv=2, sm=66, rd=166.36, cd=0, um=0","Time elapsed: 5.76 seconds","/home/thomasverwaal/Robust-Rail-NL/mathematical-models/local_search_plans_discreet_120/plan_33_trains_5_units18.json"
"/home/thomasverwaal/Robust-Rail-NL/mathematical-models/scenarios_solver_types_120/scenario_solver_33_trains_5_units18.json","Cost of next node: Cost = 2,397.2 : 2,413.51 | cr=34, dd=33, da=13, tlv=3, sm=66, rd=161.82, cd=0, um=0","Time elapsed: 5.90 seconds","/home/thomasverwaal/Robust-Rail-NL/mathematical-models/local_search_plans_discreet_120/plan_33_trains_5_units18.json"
"/home/thomasverwaal/Robust-Rail-NL/mathematical-models/scenarios_solver_types_120/scenario_solver_33_trains_5_units18.json","Cost of next node: Cost = 2,374.0 : 2,390.32 | cr=33, dd=33, da=13, tlv=3, sm=66, rd=158.18, cd=0, um=0","Time elapsed: 6.27 seconds","/home/thomasverwaal/Robust-Rail-NL/mathematical-models/local_search_plans_discreet_120/plan_33_trains_5_units18.json"
"/home/thomasverwaal/Robust-Rail-NL/mathematical-models/scenarios_solver_types_120/scenario_solver_33_trains_5_units18.json","Cost of next node: Cost = 2,334.4 : 2,355.74 | cr=28, dd=33, da=13, tlv=4, sm=66, rd=156.36, cd=0, um=0","Time elapsed: 6.70 seconds","/home/thomasverwaal/Robust-Rail-NL/mathematical-models/local_search_plans_discreet_120/plan_33_trains_5_units18.json"
"/home/thomasverwaal/Robust-Rail-NL/mathematical-models/scenarios_solver_types_120/scenario_solver_33_trains_5_units18.json","Cost of next node: Cost = 2,304.4 : 2,325.74 | cr=25, dd=33, da=13, tlv=4, sm=66, rd=156.36, cd=0, um=0","Time elapsed: 6.80 seconds","/home/thomasverwaal/Robust-Rail-NL/mathematical-models/local_search_plans_discreet_120/plan_33_trains_5_units18.json"
"/home/thomasverwaal/Robust-Rail-NL/mathematical-models/scenarios_solver_types_120/scenario_solver_33_trains_5_units18.json","Cost of next node: Cost = 2,259.4 : 2,285.74 | cr=19, dd=33, da=13, tlv=5, sm=66, rd=156.36, cd=0, um=0","Time elapsed: 7.46 seconds","/home/thomasverwaal/Robust-Rail-NL/mathematical-models/local_search_plans_discreet_120/plan_33_trains_5_units18.json"
"/home/thomasverwaal/Robust-Rail-NL/mathematical-models/scenarios_solver_types_120/scenario_solver_33_trains_5_units18.json","Cost of next node: Cost = 2,235.9 : 2,267.20 | cr=18, dd=33, da=13, tlv=6, sm=66, rd=149.09, cd=0, um=0","Time elapsed: 8.32 seconds","/home/thomasverwaal/Robust-Rail-NL/mathematical-models/local_search_plans_discreet_120/plan_33_trains_5_units18.json"
"/home/thomasverwaal/Robust-Rail-NL/mathematical-models/scenarios_solver_types_120/scenario_solver_33_trains_5_units18.json","Cost of next node: Cost = 2,205.4 : 2,241.69 | cr=18, dd=33, da=11, tlv=7, sm=66, rd=143.64, cd=0, um=0","Time elapsed: 8.55 seconds","/home/thomasverwaal/Robust-Rail-NL/mathematical-models/local_search_plans_discreet_120/plan_33_trains_5_units18.json"
"/home/thomasverwaal/Robust-Rail-NL/mathematical-models/scenarios_solver_types_120/scenario_solver_33_trains_5_units18.json","Cost of next node: Cost = 2,177.9 : 2,219.17 | cr=17, dd=33, da=10, tlv=8, sm=66, rd=141.82, cd=0, um=0","Time elapsed: 8.82 seconds","/home/thomasverwaal/Robust-Rail-NL/mathematical-models/local_search_plans_discreet_120/plan_33_trains_5_units18.json"
"/home/thomasverwaal/Robust-Rail-NL/mathematical-models/scenarios_solver_types_120/scenario_solver_33_trains_5_units18.json","Cost of next node: Cost = 2,139.3 : 2,185.65 | cr=17, dd=30, da=15, tlv=9, sm=66, rd=140.91, cd=0, um=0","Time elapsed: 8.90 seconds","/home/thomasverwaal/Robust-Rail-NL/mathematical-models/local_search_plans_discreet_120/plan_33_trains_5_units18.json"
"/home/thomasverwaal/Robust-Rail-NL/mathematical-models/scenarios_solver_types_120/scenario_solver_33_trains_5_units18.json","Cost of next node: Cost = 2,000.4 : 2,046.71 | cr=18, dd=27, da=15, tlv=9, sm=66, rd=140.91, cd=0, um=0","Time elapsed: 8.99 seconds","/home/thomasverwaal/Robust-Rail-NL/mathematical-models/local_search_plans_discreet_120/plan_33_trains_5_units18.json"
"/home/thomasverwaal/Robust-Rail-NL/mathematical-models/scenarios_solver_types_120/scenario_solver_33_trains_5_units18.json","Cost of next node: Cost = 1,901.8 : 1,948.17 | cr=18, dd=25, da=15, tlv=9, sm=66, rd=140.91, cd=0, um=0","Time elapsed: 9.07 seconds","/home/thomasverwaal/Robust-Rail-NL/mathematical-models/local_search_plans_discreet_120/plan_33_trains_5_units18.json"
"/home/thomasverwaal/Robust-Rail-NL/mathematical-models/scenarios_solver_types_120/scenario_solver_33_trains_5_units18.json","Cost of next node: Cost = 1,804.4 : 1,850.75 | cr=18, dd=23, da=15, tlv=9, sm=66, rd=140.91, cd=0, um=0","Time elapsed: 9.16 seconds","/home/thomasverwaal/Robust-Rail-NL/mathematical-models/local_search_plans_discreet_120/plan_33_trains_5_units18.json"
"/home/thomasverwaal/Robust-Rail-NL/mathematical-models/scenarios_solver_types_120/scenario_solver_33_trains_5_units18.json","Cost of next node: Cost = 1,745.6 : 1,791.88 | cr=17, dd=22, da=15, tlv=9, sm=66, rd=140.91, cd=0, um=0","Time elapsed: 9.30 seconds","/home/thomasverwaal/Robust-Rail-NL/mathematical-models/local_search_plans_discreet_120/plan_33_trains_5_units18.json"
"/home/thomasverwaal/Robust-Rail-NL/mathematical-models/scenarios_solver_types_120/scenario_solver_33_trains_5_units18.json","Cost of next node: Cost = 1,681.4 : 1,732.70 | cr=17, dd=22, da=11, tlv=10, sm=66, rd=140.00, cd=0, um=0","Time elapsed: 9.38 seconds","/home/thomasverwaal/Robust-Rail-NL/mathematical-models/local_search_plans_discreet_120/plan_33_trains_5_units18.json"
"/home/thomasverwaal/Robust-Rail-NL/mathematical-models/scenarios_solver_types_120/scenario_solver_33_trains_5_units18.json","Cost of next node: Cost = 1,637.7 : 1,683.99 | cr=18, dd=22, da=9, tlv=9, sm=66, rd=136.36, cd=0, um=0","Time elapsed: 9.47 seconds","/home/thomasverwaal/Robust-Rail-NL/mathematical-models/local_search_plans_discreet_120/plan_33_trains_5_units18.json"
"/home/thomasverwaal/Robust-Rail-NL/mathematical-models/scenarios_solver_types_120/scenario_solver_33_trains_5_units18.json","Cost of next node: Cost = 1,613.2 : 1,659.50 | cr=18, dd=22, da=8, tlv=9, sm=66, rd=132.73, cd=0, um=0","Time elapsed: 9.70 seconds","/home/thomasverwaal/Robust-Rail-NL/mathematical-models/local_search_plans_discreet_120/plan_33_trains_5_units18.json"
"/home/thomasverwaal/Robust-Rail-NL/mathematical-models/scenarios_solver_types_120/scenario_solver_33_trains_5_units18.json","Cost of next node: Cost = 1,448.1 : 1,499.40 | cr=24, dd=18, da=6, tlv=10, sm=66, rd=125.45, cd=0, um=0","Time elapsed: 9.93 seconds","/home/thomasverwaal/Robust-Rail-NL/mathematical-models/local_search_plans_discreet_120/plan_33_trains_5_units18.json"
"/home/thomasverwaal/Robust-Rail-NL/mathematical-models/scenarios_solver_types_120/scenario_solver_33_trains_5_units18.json","Cost of next node: Cost = 1,324.2 : 1,380.57 | cr=22, dd=16, da=5, tlv=11, sm=66, rd=121.82, cd=0, um=0","Time elapsed: 10.24 seconds","/home/thomasverwaal/Robust-Rail-NL/mathematical-models/local_search_plans_discreet_120/plan_33_trains_5_units18.json"
"/home/thomasverwaal/Robust-Rail-NL/mathematical-models/scenarios_solver_types_120/scenario_solver_33_trains_5_units18.json","Cost of next node: Cost = 1,206.3 : 1,267.64 | cr=22, dd=14, da=4, tlv=12, sm=66, rd=112.73, cd=0, um=0","Time elapsed: 10.64 seconds","/home/thomasverwaal/Robust-Rail-NL/mathematical-models/local_search_plans_discreet_120/plan_33_trains_5_units18.json"
"/home/thomasverwaal/Robust-Rail-NL/mathematical-models/scenarios_solver_types_120/scenario_solver_33_trains_5_units18.json","Cost of next node: Cost = 1,176.3 : 1,237.64 | cr=19, dd=14, da=4, tlv=12, sm=66, rd=112.73, cd=0, um=0","Time elapsed: 10.72 seconds","/home/thomasverwaal/Robust-Rail-NL/mathematical-models/local_search_plans_discreet_120/plan_33_trains_5_units18.json"
"/home/thomasverwaal/Robust-Rail-NL/mathematical-models/scenarios_solver_types_120/scenario_solver_33_trains_5_units18.json","Cost of next node: Cost = 1,114.1 : 1,180.39 | cr=21, dd=12, da=4, tlv=13, sm=66, rd=115.45, cd=0, um=0","Time elapsed: 11.04 seconds","/home/thomasverwaal/Robust-Rail-NL/mathematical-models/local_search_plans_discreet_120/plan_33_trains_5_units18.json"
"/home/thomasverwaal/Robust-Rail-NL/mathematical-models/scenarios_solver_types_120/scenario_solver_33_trains_5_units18.json","Cost of next node: Cost = 1,067.5 : 1,133.83 | cr=22, dd=11, da=4, tlv=13, sm=66, rd=109.09, cd=0, um=0","Time elapsed: 11.14 seconds","/home/thomasverwaal/Robust-Rail-NL/mathematical-models/local_search_plans_discreet_120/plan_33_trains_5_units18.json"
"/home/thomasverwaal/Robust-Rail-NL/mathematical-models/scenarios_solver_types_120/scenario_solver_33_trains_5_units18.json","Cost of next node: Cost = 826.0 : 897.30 | cr=19, dd=7, da=3, tlv=14, sm=66, rd=101.82, cd=0, um=0","Time elapsed: 11.50 seconds","/home/thomasverwaal/Robust-Rail-NL/mathematical-models/local_search_plans_discreet_120/plan_33_trains_5_units18.json"
"/home/thomasverwaal/Robust-Rail-NL/mathematical-models/scenarios_solver_types_120/scenario_solver_33_trains_5_units18.json","Cost of next node: Cost = 662.8 : 739.12 | cr=19, dd=4, da=2, tlv=15, sm=66, rd=90.91, cd=0, um=0","Time elapsed: 11.80 seconds","/home/thomasverwaal/Robust-Rail-NL/mathematical-models/local_search_plans_discreet_120/plan_33_trains_5_units18.json"
"/home/thomasverwaal/Robust-Rail-NL/mathematical-models/scenarios_solver_types_120/scenario_solver_33_trains_5_units18.json","Cost of next node: Cost = 633.4 : 709.72 | cr=16, dd=4, da=2, tlv=15, sm=66, rd=90.91, cd=0, um=0","Time elapsed: 11.89 seconds","/home/thomasverwaal/Robust-Rail-NL/mathematical-models/local_search_plans_discreet_120/plan_33_trains_5_units18.json"
"/home/thomasverwaal/Robust-Rail-NL/mathematical-models/scenarios_solver_types_120/scenario_solver_33_trains_5_units18.json","Cost of next node: Cost = 608.4 : 679.72 | cr=15, dd=4, da=2, tlv=14, sm=66, rd=90.91, cd=0, um=0","Time elapsed: 12.24 seconds","/home/thomasverwaal/Robust-Rail-NL/mathematical-models/local_search_plans_discreet_120/plan_33_trains_5_units18.json"
"/home/thomasverwaal/Robust-Rail-NL/mathematical-models/scenarios_solver_types_120/scenario_solver_33_trains_5_units18.json","Cost of next node: Cost = 568.0 : 644.32 | cr=14, dd=4, da=0, tlv=15, sm=66, rd=85.45, cd=0, um=0","Time elapsed: 12.53 seconds","/home/thomasverwaal/Robust-Rail-NL/mathematical-models/local_search_plans_discreet_120/plan_33_trains_5_units18.json"
"/home/thomasverwaal/Robust-Rail-NL/mathematical-models/scenarios_solver_types_120/scenario_solver_33_trains_5_units18.json","Cost of next node: Cost = 518.0 : 594.32 | cr=14, dd=3, da=0, tlv=15, sm=66, rd=85.45, cd=0, um=0","Time elapsed: 12.63 seconds","/home/thomasverwaal/Robust-Rail-NL/mathematical-models/local_search_plans_discreet_120/plan_33_trains_5_units18.json"
"/home/thomasverwaal/Robust-Rail-NL/mathematical-models/scenarios_solver_types_120/scenario_solver_33_trains_5_units18.json","Cost of next node: Cost = 473.0 : 554.32 | cr=13, dd=2, da=0, tlv=16, sm=66, rd=83.64, cd=0, um=0","Time elapsed: 12.98 seconds","/home/thomasverwaal/Robust-Rail-NL/mathematical-models/local_search_plans_discreet_120/plan_33_trains_5_units18.json"
"/home/thomasverwaal/Robust-Rail-NL/mathematical-models/scenarios_solver_types_120/scenario_solver_33_trains_5_units18.json","Cost of next node: Cost = 448.0 : 524.32 | cr=12, dd=2, da=0, tlv=15, sm=66, rd=85.45, cd=0, um=0","Time elapsed: 13.16 seconds","/home/thomasverwaal/Robust-Rail-NL/mathematical-models/local_search_plans_discreet_120/plan_33_trains_5_units18.json"
"/home/thomasverwaal/Robust-Rail-NL/mathematical-models/scenarios_solver_types_120/scenario_solver_33_trains_5_units18.json","Cost of next node: Cost = 433.0 : 504.32 | cr=12, dd=2, da=0, tlv=14, sm=66, rd=85.45, cd=0, um=0","Time elapsed: 16.48 seconds","/home/thomasverwaal/Robust-Rail-NL/mathematical-models/local_search_plans_discreet_120/plan_33_trains_5_units18.json"
"/home/thomasverwaal/Robust-Rail-NL/mathematical-models/scenarios_solver_types_120/scenario_solver_33_trains_5_units18.json","Cost of next node: Cost = 423.0 : 494.32 | cr=11, dd=2, da=0, tlv=14, sm=66, rd=85.45, cd=0, um=0","Time elapsed: 19.27 seconds","/home/thomasverwaal/Robust-Rail-NL/mathematical-models/local_search_plans_discreet_120/plan_33_trains_5_units18.json"
"/home/thomasverwaal/Robust-Rail-NL/mathematical-models/scenarios_solver_types_120/scenario_solver_33_trains_5_units18.json","Cost of next node: Cost = 345.0 : 421.32 | cr=12, dd=0, da=0, tlv=15, sm=66, rd=80.00, cd=0, um=0","Time elapsed: 19.64 seconds","/home/thomasverwaal/Robust-Rail-NL/mathematical-models/local_search_plans_discreet_120/plan_33_trains_5_units18.json"
"/home/thomasverwaal/Robust-Rail-NL/mathematical-models/scenarios_solver_types_120/scenario_solver_33_trains_5_units18.json","Cost of next node: Cost = 335.0 : 411.32 | cr=11, dd=0, da=0, tlv=15, sm=66, rd=81.82, cd=0, um=0","Time elapsed: 22.94 seconds","/home/thomasverwaal/Robust-Rail-NL/mathematical-models/local_search_plans_discreet_120/plan_33_trains_5_units18.json"
"/home/thomasverwaal/Robust-Rail-NL/mathematical-models/scenarios_solver_types_120/scenario_solver_33_trains_5_units18.json","Cost of next node: Cost = 325.0 : 401.32 | cr=10, dd=0, da=0, tlv=15, sm=66, rd=80.00, cd=0, um=0","Time elapsed: 25.66 seconds","/home/thomasverwaal/Robust-Rail-NL/mathematical-models/local_search_plans_discreet_120/plan_33_trains_5_units18.json"
"/home/thomasverwaal/Robust-Rail-NL/mathematical-models/scenarios_solver_types_120/scenario_solver_33_trains_5_units18.json","Cost of next node: Cost = 315.0 : 391.32 | cr=9, dd=0, da=0, tlv=15, sm=66, rd=80.00, cd=0, um=0","Time elapsed: 28.52 seconds","/home/thomasverwaal/Robust-Rail-NL/mathematical-models/local_search_plans_discreet_120/plan_33_trains_5_units18.json"
"/home/thomasverwaal/Robust-Rail-NL/mathematical-models/scenarios_solver_types_120/scenario_solver_33_trains_5_units18.json","Cost of next node: Cost = 305.0 : 381.32 | cr=8, dd=0, da=0, tlv=15, sm=66, rd=80.00, cd=0, um=0","Time elapsed: 30.71 seconds","/home/thomasverwaal/Robust-Rail-NL/mathematical-models/local_search_plans_discreet_120/plan_33_trains_5_units18.json"
"/home/thomasverwaal/Robust-Rail-NL/mathematical-models/scenarios_solver_types_120/scenario_solver_33_trains_5_units18.json","Cost of next node: Cost = 295.0 : 371.32 | cr=7, dd=0, da=0, tlv=15, sm=66, rd=80.00, cd=0, um=0","Time elapsed: 32.89 seconds","/home/thomasverwaal/Robust-Rail-NL/mathematical-models/local_search_plans_discreet_120/plan_33_trains_5_units18.json"
"/home/thomasverwaal/Robust-Rail-NL/mathematical-models/scenarios_solver_types_120/scenario_solver_33_trains_5_units18.json","Cost of next node: Cost = 285.0 : 361.32 | cr=6, dd=0, da=0, tlv=15, sm=66, rd=80.00, cd=0, um=0","Time elapsed: 36.49 seconds","/home/thomasverwaal/Robust-Rail-NL/mathematical-models/local_search_plans_discreet_120/plan_33_trains_5_units18.json"
"/home/thomasverwaal/Robust-Rail-NL/mathematical-models/scenarios_solver_types_120/scenario_solver_33_trains_5_units18.json","Cost of next node: Cost = 280.0 : 351.34 | cr=7, dd=0, da=0, tlv=14, sm=67, rd=85.97, cd=0, um=0","Time elapsed: 70.10 seconds","/home/thomasverwaal/Robust-Rail-NL/mathematical-models/local_search_plans_discreet_120/plan_33_trains_5_units18.json"
"/home/thomasverwaal/Robust-Rail-NL/mathematical-models/scenarios_solver_types_120/scenario_solver_33_trains_5_units18.json","Cost of next node: Cost = 270.0 : 341.34 | cr=6, dd=0, da=0, tlv=14, sm=67, rd=84.18, cd=0, um=0","Time elapsed: 135.63 seconds","/home/thomasverwaal/Robust-Rail-NL/mathematical-models/local_search_plans_discreet_120/plan_33_trains_5_units18.json"
"/home/thomasverwaal/Robust-Rail-NL/mathematical-models/scenarios_solver_types_120/scenario_solver_33_trains_5_units18.json","Cost of next node: Cost = 265.0 : 341.36 | cr=4, dd=0, da=0, tlv=15, sm=68, rd=86.47, cd=0, um=0","Time elapsed: 144.07 seconds","/home/thomasverwaal/Robust-Rail-NL/mathematical-models/local_search_plans_discreet_120/plan_33_trains_5_units18.json"
"/home/thomasverwaal/Robust-Rail-NL/mathematical-models/scenarios_solver_types_120/scenario_solver_33_trains_5_units18.json","Cost of next node: Cost = 250.0 : 321.36 | cr=4, dd=0, da=0, tlv=14, sm=68, rd=86.47, cd=0, um=0","Time elapsed: 145.31 seconds","/home/thomasverwaal/Robust-Rail-NL/mathematical-models/local_search_plans_discreet_120/plan_33_trains_5_units18.json"
"/home/thomasverwaal/Robust-Rail-NL/mathematical-models/scenarios_solver_types_120/scenario_solver_33_trains_5_units18.json","Cost of next node: Cost = 240.0 : 311.36 | cr=3, dd=0, da=0, tlv=14, sm=68, rd=86.47, cd=0, um=0","Time elapsed: 194.81 seconds","/home/thomasverwaal/Robust-Rail-NL/mathematical-models/local_search_plans_discreet_120/plan_33_trains_5_units18.json"
"/home/thomasverwaal/Robust-Rail-NL/mathematical-models/scenarios_solver_types_120/scenario_solver_33_trains_5_units18.json","NO_COST_FOUND","NO_TIME_FOUND","NO_PLAN_CREATED"
