scenario,cost_line,time_line,plan_file
"/home/thomasverwaal/Robust-Rail-NL/mathematical-models/scenarios_solver_types_120/scenario_solver_33_trains_33_units14.json","Cost of next node: Cost = 3,006.9 : 3,013.25 | cr=56, dd=33, da=29, tlv=1, sm=66, rd=181.82, cd=0, um=0","Time elapsed: 1.79 seconds","/home/thomasverwaal/Robust-Rail-NL/mathematical-models/local_search_plans_discreet_120/plan_33_trains_33_units14.json"
"/home/thomasverwaal/Robust-Rail-NL/mathematical-models/scenarios_solver_types_120/scenario_solver_33_trains_33_units14.json","Cost of next node: Cost = 2,956.3 : 2,962.63 | cr=51, dd=33, da=29, tlv=1, sm=66, rd=182.73, cd=0, um=0","Time elapsed: 1.88 seconds","/home/thomasverwaal/Robust-Rail-NL/mathematical-models/local_search_plans_discreet_120/plan_33_trains_33_units14.json"
"/home/thomasverwaal/Robust-Rail-NL/mathematical-models/scenarios_solver_types_120/scenario_solver_33_trains_33_units14.json","Cost of next node: Cost = 2,915.4 : 2,926.76 | cr=46, dd=33, da=28, tlv=2, sm=66, rd=184.55, cd=0, um=0","Time elapsed: 2.03 seconds","/home/thomasverwaal/Robust-Rail-NL/mathematical-models/local_search_plans_discreet_120/plan_33_trains_33_units14.json"
"/home/thomasverwaal/Robust-Rail-NL/mathematical-models/scenarios_solver_types_120/scenario_solver_33_trains_33_units14.json","Cost of next node: Cost = 2,894.9 : 2,911.20 | cr=44, dd=33, da=27, tlv=3, sm=66, rd=180.91, cd=0, um=0","Time elapsed: 2.15 seconds","/home/thomasverwaal/Robust-Rail-NL/mathematical-models/local_search_plans_discreet_120/plan_33_trains_33_units14.json"
"/home/thomasverwaal/Robust-Rail-NL/mathematical-models/scenarios_solver_types_120/scenario_solver_33_trains_33_units14.json","Cost of next node: Cost = 2,858.3 : 2,874.65 | cr=52, dd=33, da=24, tlv=3, sm=66, rd=168.18, cd=0, um=0","Time elapsed: 2.22 seconds","/home/thomasverwaal/Robust-Rail-NL/mathematical-models/local_search_plans_discreet_120/plan_33_trains_33_units14.json"
"/home/thomasverwaal/Robust-Rail-NL/mathematical-models/scenarios_solver_types_120/scenario_solver_33_trains_33_units14.json","Cost of next node: Cost = 2,819.1 : 2,840.37 | cr=44, dd=33, da=24, tlv=4, sm=66, rd=174.55, cd=0, um=0","Time elapsed: 2.34 seconds","/home/thomasverwaal/Robust-Rail-NL/mathematical-models/local_search_plans_discreet_120/plan_33_trains_33_units14.json"
"/home/thomasverwaal/Robust-Rail-NL/mathematical-models/scenarios_solver_types_120/scenario_solver_33_trains_33_units14.json","Cost of next node: Cost = 2,795.4 : 2,821.76 | cr=44, dd=33, da=24, tlv=5, sm=66, rd=164.55, cd=0, um=0","Time elapsed: 2.43 seconds","/home/thomasverwaal/Robust-Rail-NL/mathematical-models/local_search_plans_discreet_120/plan_33_trains_33_units14.json"
"/home/thomasverwaal/Robust-Rail-NL/mathematical-models/scenarios_solver_types_120/scenario_solver_33_trains_33_units14.json","Cost of next node: Cost = 2,742.5 : 2,773.80 | cr=42, dd=33, da=22, tlv=6, sm=66, rd=160.91, cd=0, um=0","Time elapsed: 2.59 seconds","/home/thomasverwaal/Robust-Rail-NL/mathematical-models/local_search_plans_discreet_120/plan_33_trains_33_units14.json"
"/home/thomasverwaal/Robust-Rail-NL/mathematical-models/scenarios_solver_types_120/scenario_solver_33_trains_33_units14.json","Cost of next node: Cost = 2,672.8 : 2,704.16 | cr=45, dd=33, da=18, tlv=6, sm=66, rd=157.27, cd=0, um=0","Time elapsed: 2.68 seconds","/home/thomasverwaal/Robust-Rail-NL/mathematical-models/local_search_plans_discreet_120/plan_33_trains_33_units14.json"
"/home/thomasverwaal/Robust-Rail-NL/mathematical-models/scenarios_solver_types_120/scenario_solver_33_trains_33_units14.json","Cost of next node: Cost = 2,643.2 : 2,679.53 | cr=47, dd=33, da=15, tlv=7, sm=66, rd=150.00, cd=0, um=0","Time elapsed: 2.78 seconds","/home/thomasverwaal/Robust-Rail-NL/mathematical-models/local_search_plans_discreet_120/plan_33_trains_33_units14.json"
"/home/thomasverwaal/Robust-Rail-NL/mathematical-models/scenarios_solver_types_120/scenario_solver_33_trains_33_units14.json","Cost of next node: Cost = 2,597.5 : 2,638.86 | cr=45, dd=33, da=14, tlv=8, sm=66, rd=140.00, cd=0, um=0","Time elapsed: 2.92 seconds","/home/thomasverwaal/Robust-Rail-NL/mathematical-models/local_search_plans_discreet_120/plan_33_trains_33_units14.json"
"/home/thomasverwaal/Robust-Rail-NL/mathematical-models/scenarios_solver_types_120/scenario_solver_33_trains_33_units14.json","Cost of next node: Cost = 2,554.8 : 2,601.12 | cr=40, dd=33, da=14, tlv=9, sm=66, rd=138.18, cd=0, um=0","Time elapsed: 2.99 seconds","/home/thomasverwaal/Robust-Rail-NL/mathematical-models/local_search_plans_discreet_120/plan_33_trains_33_units14.json"
"/home/thomasverwaal/Robust-Rail-NL/mathematical-models/scenarios_solver_types_120/scenario_solver_33_trains_33_units14.json","Cost of next node: Cost = 2,527.5 : 2,578.79 | cr=38, dd=33, da=13, tlv=10, sm=66, rd=134.55, cd=0, um=0","Time elapsed: 3.13 seconds","/home/thomasverwaal/Robust-Rail-NL/mathematical-models/local_search_plans_discreet_120/plan_33_trains_33_units14.json"
"/home/thomasverwaal/Robust-Rail-NL/mathematical-models/scenarios_solver_types_120/scenario_solver_33_trains_33_units14.json","Cost of next node: Cost = 2,506.3 : 2,557.66 | cr=38, dd=33, da=12, tlv=10, sm=66, rd=132.73, cd=0, um=0","Time elapsed: 3.26 seconds","/home/thomasverwaal/Robust-Rail-NL/mathematical-models/local_search_plans_discreet_120/plan_33_trains_33_units14.json"
"/home/thomasverwaal/Robust-Rail-NL/mathematical-models/scenarios_solver_types_120/scenario_solver_33_trains_33_units14.json","Cost of next node: Cost = 2,477.1 : 2,533.41 | cr=33, dd=33, da=12, tlv=11, sm=66, rd=132.73, cd=0, um=0","Time elapsed: 3.63 seconds","/home/thomasverwaal/Robust-Rail-NL/mathematical-models/local_search_plans_discreet_120/plan_33_trains_33_units14.json"
"/home/thomasverwaal/Robust-Rail-NL/mathematical-models/scenarios_solver_types_120/scenario_solver_33_trains_33_units14.json","Cost of next node: Cost = 2,442.1 : 2,503.41 | cr=28, dd=33, da=12, tlv=12, sm=66, rd=132.73, cd=0, um=0","Time elapsed: 4.01 seconds","/home/thomasverwaal/Robust-Rail-NL/mathematical-models/local_search_plans_discreet_120/plan_33_trains_33_units14.json"
"/home/thomasverwaal/Robust-Rail-NL/mathematical-models/scenarios_solver_types_120/scenario_solver_33_trains_33_units14.json","Cost of next node: Cost = 2,387.4 : 2,448.77 | cr=27, dd=33, da=10, tlv=12, sm=66, rd=129.09, cd=0, um=0","Time elapsed: 4.44 seconds","/home/thomasverwaal/Robust-Rail-NL/mathematical-models/local_search_plans_discreet_120/plan_33_trains_33_units14.json"
"/home/thomasverwaal/Robust-Rail-NL/mathematical-models/scenarios_solver_types_120/scenario_solver_33_trains_33_units14.json","Cost of next node: Cost = 2,364.5 : 2,430.87 | cr=26, dd=33, da=9, tlv=13, sm=66, rd=125.45, cd=0, um=0","Time elapsed: 4.92 seconds","/home/thomasverwaal/Robust-Rail-NL/mathematical-models/local_search_plans_discreet_120/plan_33_trains_33_units14.json"
"/home/thomasverwaal/Robust-Rail-NL/mathematical-models/scenarios_solver_types_120/scenario_solver_33_trains_33_units14.json","Cost of next node: Cost = 2,340.0 : 2,411.30 | cr=26, dd=33, da=8, tlv=14, sm=66, rd=118.18, cd=0, um=0","Time elapsed: 5.41 seconds","/home/thomasverwaal/Robust-Rail-NL/mathematical-models/local_search_plans_discreet_120/plan_33_trains_33_units14.json"
"/home/thomasverwaal/Robust-Rail-NL/mathematical-models/scenarios_solver_types_120/scenario_solver_33_trains_33_units14.json","Cost of next node: Cost = 2,318.4 : 2,389.75 | cr=27, dd=33, da=7, tlv=14, sm=66, rd=112.73, cd=0, um=0","Time elapsed: 6.04 seconds","/home/thomasverwaal/Robust-Rail-NL/mathematical-models/local_search_plans_discreet_120/plan_33_trains_33_units14.json"
"/home/thomasverwaal/Robust-Rail-NL/mathematical-models/scenarios_solver_types_120/scenario_solver_33_trains_33_units14.json","Cost of next node: Cost = 2,212.2 : 2,288.57 | cr=28, dd=31, da=6, tlv=15, sm=66, rd=107.27, cd=0, um=0","Time elapsed: 6.57 seconds","/home/thomasverwaal/Robust-Rail-NL/mathematical-models/local_search_plans_discreet_120/plan_33_trains_33_units14.json"
"/home/thomasverwaal/Robust-Rail-NL/mathematical-models/scenarios_solver_types_120/scenario_solver_33_trains_33_units14.json","Cost of next node: Cost = 2,187.2 : 2,258.57 | cr=27, dd=31, da=6, tlv=14, sm=66, rd=107.27, cd=0, um=0","Time elapsed: 6.73 seconds","/home/thomasverwaal/Robust-Rail-NL/mathematical-models/local_search_plans_discreet_120/plan_33_trains_33_units14.json"
"/home/thomasverwaal/Robust-Rail-NL/mathematical-models/scenarios_solver_types_120/scenario_solver_33_trains_33_units14.json","Cost of next node: Cost = 2,150.3 : 2,226.60 | cr=27, dd=30, da=6, tlv=15, sm=66, rd=105.45, cd=0, um=0","Time elapsed: 6.94 seconds","/home/thomasverwaal/Robust-Rail-NL/mathematical-models/local_search_plans_discreet_120/plan_33_trains_33_units14.json"
"/home/thomasverwaal/Robust-Rail-NL/mathematical-models/scenarios_solver_types_120/scenario_solver_33_trains_33_units14.json","Cost of next node: Cost = 2,103.7 : 2,185.00 | cr=26, dd=29, da=6, tlv=16, sm=66, rd=103.64, cd=0, um=0","Time elapsed: 7.30 seconds","/home/thomasverwaal/Robust-Rail-NL/mathematical-models/local_search_plans_discreet_120/plan_33_trains_33_units14.json"
"/home/thomasverwaal/Robust-Rail-NL/mathematical-models/scenarios_solver_types_120/scenario_solver_33_trains_33_units14.json","Cost of next node: Cost = 2,054.2 : 2,135.56 | cr=26, dd=28, da=6, tlv=16, sm=66, rd=101.82, cd=0, um=0","Time elapsed: 7.57 seconds","/home/thomasverwaal/Robust-Rail-NL/mathematical-models/local_search_plans_discreet_120/plan_33_trains_33_units14.json"
"/home/thomasverwaal/Robust-Rail-NL/mathematical-models/scenarios_solver_types_120/scenario_solver_33_trains_33_units14.json","Cost of next node: Cost = 1,911.7 : 1,998.01 | cr=27, dd=25, da=5, tlv=17, sm=66, rd=98.18, cd=0, um=0","Time elapsed: 7.90 seconds","/home/thomasverwaal/Robust-Rail-NL/mathematical-models/local_search_plans_discreet_120/plan_33_trains_33_units14.json"
"/home/thomasverwaal/Robust-Rail-NL/mathematical-models/scenarios_solver_types_120/scenario_solver_33_trains_33_units14.json","Cost of next node: Cost = 1,675.4 : 1,766.74 | cr=25, dd=21, da=4, tlv=18, sm=66, rd=89.09, cd=0, um=0","Time elapsed: 8.30 seconds","/home/thomasverwaal/Robust-Rail-NL/mathematical-models/local_search_plans_discreet_120/plan_33_trains_33_units14.json"
"/home/thomasverwaal/Robust-Rail-NL/mathematical-models/scenarios_solver_types_120/scenario_solver_33_trains_33_units14.json","Cost of next node: Cost = 1,332.8 : 1,429.17 | cr=22, dd=15, da=3, tlv=19, sm=66, rd=81.82, cd=0, um=0","Time elapsed: 8.66 seconds","/home/thomasverwaal/Robust-Rail-NL/mathematical-models/local_search_plans_discreet_120/plan_33_trains_33_units14.json"
"/home/thomasverwaal/Robust-Rail-NL/mathematical-models/scenarios_solver_types_120/scenario_solver_33_trains_33_units14.json","Cost of next node: Cost = 1,307.8 : 1,399.17 | cr=21, dd=15, da=3, tlv=18, sm=66, rd=83.64, cd=0, um=0","Time elapsed: 9.16 seconds","/home/thomasverwaal/Robust-Rail-NL/mathematical-models/local_search_plans_discreet_120/plan_33_trains_33_units14.json"
"/home/thomasverwaal/Robust-Rail-NL/mathematical-models/scenarios_solver_types_120/scenario_solver_33_trains_33_units14.json","Cost of next node: Cost = 669.7 : 765.97 | cr=19, dd=3, da=2, tlv=19, sm=66, rd=72.73, cd=0, um=0","Time elapsed: 9.50 seconds","/home/thomasverwaal/Robust-Rail-NL/mathematical-models/local_search_plans_discreet_120/plan_33_trains_33_units14.json"
"/home/thomasverwaal/Robust-Rail-NL/mathematical-models/scenarios_solver_types_120/scenario_solver_33_trains_33_units14.json","Cost of next node: Cost = 520.6 : 621.92 | cr=17, dd=1, da=0, tlv=20, sm=66, rd=67.27, cd=0, um=0","Time elapsed: 10.01 seconds","/home/thomasverwaal/Robust-Rail-NL/mathematical-models/local_search_plans_discreet_120/plan_33_trains_33_units14.json"
"/home/thomasverwaal/Robust-Rail-NL/mathematical-models/scenarios_solver_types_120/scenario_solver_33_trains_33_units14.json","Cost of next node: Cost = 485.0 : 591.32 | cr=17, dd=0, da=0, tlv=21, sm=66, rd=65.45, cd=0, um=0","Time elapsed: 10.47 seconds","/home/thomasverwaal/Robust-Rail-NL/mathematical-models/local_search_plans_discreet_120/plan_33_trains_33_units14.json"
"/home/thomasverwaal/Robust-Rail-NL/mathematical-models/scenarios_solver_types_120/scenario_solver_33_trains_33_units14.json","Cost of next node: Cost = 470.0 : 571.32 | cr=17, dd=0, da=0, tlv=20, sm=66, rd=67.27, cd=0, um=0","Time elapsed: 20.79 seconds","/home/thomasverwaal/Robust-Rail-NL/mathematical-models/local_search_plans_discreet_120/plan_33_trains_33_units14.json"
"/home/thomasverwaal/Robust-Rail-NL/mathematical-models/scenarios_solver_types_120/scenario_solver_33_trains_33_units14.json","Cost of next node: Cost = 455.0 : 551.32 | cr=17, dd=0, da=0, tlv=19, sm=66, rd=69.09, cd=0, um=0","Time elapsed: 31.09 seconds","/home/thomasverwaal/Robust-Rail-NL/mathematical-models/local_search_plans_discreet_120/plan_33_trains_33_units14.json"
"/home/thomasverwaal/Robust-Rail-NL/mathematical-models/scenarios_solver_types_120/scenario_solver_33_trains_33_units14.json","Cost of next node: Cost = 440.0 : 531.32 | cr=17, dd=0, da=0, tlv=18, sm=66, rd=70.91, cd=0, um=0","Time elapsed: 41.29 seconds","/home/thomasverwaal/Robust-Rail-NL/mathematical-models/local_search_plans_discreet_120/plan_33_trains_33_units14.json"
"/home/thomasverwaal/Robust-Rail-NL/mathematical-models/scenarios_solver_types_120/scenario_solver_33_trains_33_units14.json","Cost of next node: Cost = 425.0 : 511.32 | cr=17, dd=0, da=0, tlv=17, sm=66, rd=72.73, cd=0, um=0","Time elapsed: 50.68 seconds","/home/thomasverwaal/Robust-Rail-NL/mathematical-models/local_search_plans_discreet_120/plan_33_trains_33_units14.json"
"/home/thomasverwaal/Robust-Rail-NL/mathematical-models/scenarios_solver_types_120/scenario_solver_33_trains_33_units14.json","Cost of next node: Cost = 410.0 : 491.32 | cr=17, dd=0, da=0, tlv=16, sm=66, rd=74.55, cd=0, um=0","Time elapsed: 58.91 seconds","/home/thomasverwaal/Robust-Rail-NL/mathematical-models/local_search_plans_discreet_120/plan_33_trains_33_units14.json"
"/home/thomasverwaal/Robust-Rail-NL/mathematical-models/scenarios_solver_types_120/scenario_solver_33_trains_33_units14.json","Cost of next node: Cost = 395.0 : 471.32 | cr=17, dd=0, da=0, tlv=15, sm=66, rd=76.36, cd=0, um=0","Time elapsed: 66.11 seconds","/home/thomasverwaal/Robust-Rail-NL/mathematical-models/local_search_plans_discreet_120/plan_33_trains_33_units14.json"
"/home/thomasverwaal/Robust-Rail-NL/mathematical-models/scenarios_solver_types_120/scenario_solver_33_trains_33_units14.json","Cost of next node: Cost = 385.0 : 461.32 | cr=16, dd=0, da=0, tlv=15, sm=66, rd=76.36, cd=0, um=0","Time elapsed: 72.73 seconds","/home/thomasverwaal/Robust-Rail-NL/mathematical-models/local_search_plans_discreet_120/plan_33_trains_33_units14.json"
"/home/thomasverwaal/Robust-Rail-NL/mathematical-models/scenarios_solver_types_120/scenario_solver_33_trains_33_units14.json","Cost of next node: Cost = 375.0 : 451.32 | cr=15, dd=0, da=0, tlv=15, sm=66, rd=76.36, cd=0, um=0","Time elapsed: 78.49 seconds","/home/thomasverwaal/Robust-Rail-NL/mathematical-models/local_search_plans_discreet_120/plan_33_trains_33_units14.json"
"/home/thomasverwaal/Robust-Rail-NL/mathematical-models/scenarios_solver_types_120/scenario_solver_33_trains_33_units14.json","Cost of next node: Cost = 365.0 : 441.32 | cr=14, dd=0, da=0, tlv=15, sm=66, rd=76.36, cd=0, um=0","Time elapsed: 83.39 seconds","/home/thomasverwaal/Robust-Rail-NL/mathematical-models/local_search_plans_discreet_120/plan_33_trains_33_units14.json"
"/home/thomasverwaal/Robust-Rail-NL/mathematical-models/scenarios_solver_types_120/scenario_solver_33_trains_33_units14.json","Cost of next node: Cost = 355.0 : 431.32 | cr=13, dd=0, da=0, tlv=15, sm=66, rd=76.36, cd=0, um=0","Time elapsed: 87.78 seconds","/home/thomasverwaal/Robust-Rail-NL/mathematical-models/local_search_plans_discreet_120/plan_33_trains_33_units14.json"
"/home/thomasverwaal/Robust-Rail-NL/mathematical-models/scenarios_solver_types_120/scenario_solver_33_trains_33_units14.json","Cost of next node: Cost = 345.0 : 421.32 | cr=12, dd=0, da=0, tlv=15, sm=66, rd=76.36, cd=0, um=0","Time elapsed: 91.39 seconds","/home/thomasverwaal/Robust-Rail-NL/mathematical-models/local_search_plans_discreet_120/plan_33_trains_33_units14.json"
"/home/thomasverwaal/Robust-Rail-NL/mathematical-models/scenarios_solver_types_120/scenario_solver_33_trains_33_units14.json","Cost of next node: Cost = 335.0 : 411.32 | cr=11, dd=0, da=0, tlv=15, sm=66, rd=78.18, cd=0, um=0","Time elapsed: 94.44 seconds","/home/thomasverwaal/Robust-Rail-NL/mathematical-models/local_search_plans_discreet_120/plan_33_trains_33_units14.json"
"/home/thomasverwaal/Robust-Rail-NL/mathematical-models/scenarios_solver_types_120/scenario_solver_33_trains_33_units14.json","Cost of next node: Cost = 325.0 : 401.32 | cr=10, dd=0, da=0, tlv=15, sm=66, rd=78.18, cd=0, um=0","Time elapsed: 97.27 seconds","/home/thomasverwaal/Robust-Rail-NL/mathematical-models/local_search_plans_discreet_120/plan_33_trains_33_units14.json"
"/home/thomasverwaal/Robust-Rail-NL/mathematical-models/scenarios_solver_types_120/scenario_solver_33_trains_33_units14.json","Cost of next node: Cost = 315.0 : 391.32 | cr=9, dd=0, da=0, tlv=15, sm=66, rd=78.18, cd=0, um=0","Time elapsed: 99.55 seconds","/home/thomasverwaal/Robust-Rail-NL/mathematical-models/local_search_plans_discreet_120/plan_33_trains_33_units14.json"
"/home/thomasverwaal/Robust-Rail-NL/mathematical-models/scenarios_solver_types_120/scenario_solver_33_trains_33_units14.json","Cost of next node: Cost = 305.0 : 381.32 | cr=8, dd=0, da=0, tlv=15, sm=66, rd=78.18, cd=0, um=0","Time elapsed: 101.34 seconds","/home/thomasverwaal/Robust-Rail-NL/mathematical-models/local_search_plans_discreet_120/plan_33_trains_33_units14.json"
"/home/thomasverwaal/Robust-Rail-NL/mathematical-models/scenarios_solver_types_120/scenario_solver_33_trains_33_units14.json","Cost of next node: Cost = 295.0 : 371.32 | cr=7, dd=0, da=0, tlv=15, sm=66, rd=78.18, cd=0, um=0","Time elapsed: 102.78 seconds","/home/thomasverwaal/Robust-Rail-NL/mathematical-models/local_search_plans_discreet_120/plan_33_trains_33_units14.json"
"/home/thomasverwaal/Robust-Rail-NL/mathematical-models/scenarios_solver_types_120/scenario_solver_33_trains_33_units14.json","Cost of next node: Cost = 285.0 : 361.32 | cr=6, dd=0, da=0, tlv=15, sm=66, rd=78.18, cd=0, um=0","Time elapsed: 104.01 seconds","/home/thomasverwaal/Robust-Rail-NL/mathematical-models/local_search_plans_discreet_120/plan_33_trains_33_units14.json"
"/home/thomasverwaal/Robust-Rail-NL/mathematical-models/scenarios_solver_types_120/scenario_solver_33_trains_33_units14.json","Cost of next node: Cost = 275.0 : 351.32 | cr=5, dd=0, da=0, tlv=15, sm=66, rd=78.18, cd=0, um=0","Time elapsed: 114.51 seconds","/home/thomasverwaal/Robust-Rail-NL/mathematical-models/local_search_plans_discreet_120/plan_33_trains_33_units14.json"
"/home/thomasverwaal/Robust-Rail-NL/mathematical-models/scenarios_solver_types_120/scenario_solver_33_trains_33_units14.json","Cost of next node: Cost = 265.0 : 341.34 | cr=4, dd=0, da=0, tlv=15, sm=67, rd=78.81, cd=0, um=0","Time elapsed: 115.59 seconds","/home/thomasverwaal/Robust-Rail-NL/mathematical-models/local_search_plans_discreet_120/plan_33_trains_33_units14.json"
"/home/thomasverwaal/Robust-Rail-NL/mathematical-models/scenarios_solver_types_120/scenario_solver_33_trains_33_units14.json","NO_COST_FOUND","NO_TIME_FOUND","NO_PLAN_CREATED"
"/home/thomasverwaal/Robust-Rail-NL/mathematical-models/scenarios_solver_types_120/scenario_solver_33_trains_33_units15.json","Cost of next node: Cost = 2,931.5 : 2,937.82 | cr=50, dd=33, da=29, tlv=1, sm=66, rd=190.91, cd=0, um=0","Time elapsed: 1.94 seconds","/home/thomasverwaal/Robust-Rail-NL/mathematical-models/local_search_plans_discreet_120/plan_33_trains_33_units15.json"
"/home/thomasverwaal/Robust-Rail-NL/mathematical-models/scenarios_solver_types_120/scenario_solver_33_trains_33_units15.json","Cost of next node: Cost = 2,861.1 : 2,872.43 | cr=46, dd=33, da=27, tlv=2, sm=66, rd=189.09, cd=0, um=0","Time elapsed: 2.12 seconds","/home/thomasverwaal/Robust-Rail-NL/mathematical-models/local_search_plans_discreet_120/plan_33_trains_33_units15.json"
"/home/thomasverwaal/Robust-Rail-NL/mathematical-models/scenarios_solver_types_120/scenario_solver_33_trains_33_units15.json","Cost of next node: Cost = 2,805.2 : 2,821.52 | cr=46, dd=33, da=24, tlv=3, sm=66, rd=185.45, cd=0, um=0","Time elapsed: 2.23 seconds","/home/thomasverwaal/Robust-Rail-NL/mathematical-models/local_search_plans_discreet_120/plan_33_trains_33_units15.json"
"/home/thomasverwaal/Robust-Rail-NL/mathematical-models/scenarios_solver_types_120/scenario_solver_33_trains_33_units15.json","Cost of next node: Cost = 2,783.8 : 2,800.16 | cr=46, dd=33, da=24, tlv=3, sm=66, rd=177.27, cd=0, um=0","Time elapsed: 2.43 seconds","/home/thomasverwaal/Robust-Rail-NL/mathematical-models/local_search_plans_discreet_120/plan_33_trains_33_units15.json"
"/home/thomasverwaal/Robust-Rail-NL/mathematical-models/scenarios_solver_types_120/scenario_solver_33_trains_33_units15.json","Cost of next node: Cost = 2,710.8 : 2,727.13 | cr=51, dd=33, da=19, tlv=3, sm=66, rd=170.00, cd=0, um=0","Time elapsed: 2.59 seconds","/home/thomasverwaal/Robust-Rail-NL/mathematical-models/local_search_plans_discreet_120/plan_33_trains_33_units15.json"
"/home/thomasverwaal/Robust-Rail-NL/mathematical-models/scenarios_solver_types_120/scenario_solver_33_trains_33_units15.json","Cost of next node: Cost = 2,681.2 : 2,702.53 | cr=54, dd=33, da=16, tlv=4, sm=66, rd=163.64, cd=0, um=0","Time elapsed: 2.78 seconds","/home/thomasverwaal/Robust-Rail-NL/mathematical-models/local_search_plans_discreet_120/plan_33_trains_33_units15.json"
"/home/thomasverwaal/Robust-Rail-NL/mathematical-models/scenarios_solver_types_120/scenario_solver_33_trains_33_units15.json","Cost of next node: Cost = 2,614.8 : 2,641.14 | cr=52, dd=33, da=13, tlv=5, sm=66, rd=160.00, cd=0, um=0","Time elapsed: 2.97 seconds","/home/thomasverwaal/Robust-Rail-NL/mathematical-models/local_search_plans_discreet_120/plan_33_trains_33_units15.json"
"/home/thomasverwaal/Robust-Rail-NL/mathematical-models/scenarios_solver_types_120/scenario_solver_33_trains_33_units15.json","Cost of next node: Cost = 2,580.8 : 2,612.09 | cr=45, dd=33, da=13, tlv=6, sm=66, rd=166.36, cd=0, um=0","Time elapsed: 3.06 seconds","/home/thomasverwaal/Robust-Rail-NL/mathematical-models/local_search_plans_discreet_120/plan_33_trains_33_units15.json"
"/home/thomasverwaal/Robust-Rail-NL/mathematical-models/scenarios_solver_types_120/scenario_solver_33_trains_33_units15.json","Cost of next node: Cost = 2,558.7 : 2,595.06 | cr=46, dd=33, da=12, tlv=7, sm=66, rd=151.82, cd=0, um=0","Time elapsed: 3.23 seconds","/home/thomasverwaal/Robust-Rail-NL/mathematical-models/local_search_plans_discreet_120/plan_33_trains_33_units15.json"
"/home/thomasverwaal/Robust-Rail-NL/mathematical-models/scenarios_solver_types_120/scenario_solver_33_trains_33_units15.json","Cost of next node: Cost = 2,515.7 : 2,557.03 | cr=38, dd=33, da=12, tlv=8, sm=66, rd=158.18, cd=0, um=0","Time elapsed: 3.31 seconds","/home/thomasverwaal/Robust-Rail-NL/mathematical-models/local_search_plans_discreet_120/plan_33_trains_33_units15.json"
"/home/thomasverwaal/Robust-Rail-NL/mathematical-models/scenarios_solver_types_120/scenario_solver_33_trains_33_units15.json","Cost of next node: Cost = 2,472.7 : 2,518.99 | cr=33, dd=33, da=12, tlv=9, sm=66, rd=156.36, cd=0, um=0","Time elapsed: 3.49 seconds","/home/thomasverwaal/Robust-Rail-NL/mathematical-models/local_search_plans_discreet_120/plan_33_trains_33_units15.json"
"/home/thomasverwaal/Robust-Rail-NL/mathematical-models/scenarios_solver_types_120/scenario_solver_33_trains_33_units15.json","Cost of next node: Cost = 2,427.6 : 2,473.94 | cr=31, dd=33, da=11, tlv=9, sm=66, rd=150.00, cd=0, um=0","Time elapsed: 3.69 seconds","/home/thomasverwaal/Robust-Rail-NL/mathematical-models/local_search_plans_discreet_120/plan_33_trains_33_units15.json"
"/home/thomasverwaal/Robust-Rail-NL/mathematical-models/scenarios_solver_types_120/scenario_solver_33_trains_33_units15.json","Cost of next node: Cost = 2,402.6 : 2,443.94 | cr=30, dd=33, da=11, tlv=8, sm=66, rd=150.00, cd=0, um=0","Time elapsed: 3.90 seconds","/home/thomasverwaal/Robust-Rail-NL/mathematical-models/local_search_plans_discreet_120/plan_33_trains_33_units15.json"
"/home/thomasverwaal/Robust-Rail-NL/mathematical-models/scenarios_solver_types_120/scenario_solver_33_trains_33_units15.json","Cost of next node: Cost = 2,363.8 : 2,410.13 | cr=24, dd=33, da=11, tlv=9, sm=66, rd=150.00, cd=0, um=0","Time elapsed: 4.30 seconds","/home/thomasverwaal/Robust-Rail-NL/mathematical-models/local_search_plans_discreet_120/plan_33_trains_33_units15.json"
"/home/thomasverwaal/Robust-Rail-NL/mathematical-models/scenarios_solver_types_120/scenario_solver_33_trains_33_units15.json","Cost of next node: Cost = 2,331.2 : 2,382.51 | cr=19, dd=33, da=11, tlv=10, sm=66, rd=153.64, cd=0, um=0","Time elapsed: 4.76 seconds","/home/thomasverwaal/Robust-Rail-NL/mathematical-models/local_search_plans_discreet_120/plan_33_trains_33_units15.json"
"/home/thomasverwaal/Robust-Rail-NL/mathematical-models/scenarios_solver_types_120/scenario_solver_33_trains_33_units15.json","Cost of next node: Cost = 2,307.5 : 2,358.81 | cr=20, dd=33, da=9, tlv=10, sm=66, rd=154.55, cd=0, um=0","Time elapsed: 5.16 seconds","/home/thomasverwaal/Robust-Rail-NL/mathematical-models/local_search_plans_discreet_120/plan_33_trains_33_units15.json"
"/home/thomasverwaal/Robust-Rail-NL/mathematical-models/scenarios_solver_types_120/scenario_solver_33_trains_33_units15.json","Cost of next node: Cost = 2,281.9 : 2,338.20 | cr=20, dd=33, da=8, tlv=11, sm=66, rd=147.27, cd=0, um=0","Time elapsed: 5.55 seconds","/home/thomasverwaal/Robust-Rail-NL/mathematical-models/local_search_plans_discreet_120/plan_33_trains_33_units15.json"
"/home/thomasverwaal/Robust-Rail-NL/mathematical-models/scenarios_solver_types_120/scenario_solver_33_trains_33_units15.json","Cost of next node: Cost = 2,254.4 : 2,315.73 | cr=19, dd=33, da=8, tlv=12, sm=66, rd=136.36, cd=0, um=0","Time elapsed: 6.14 seconds","/home/thomasverwaal/Robust-Rail-NL/mathematical-models/local_search_plans_discreet_120/plan_33_trains_33_units15.json"
"/home/thomasverwaal/Robust-Rail-NL/mathematical-models/scenarios_solver_types_120/scenario_solver_33_trains_33_units15.json","Cost of next node: Cost = 2,226.8 : 2,293.14 | cr=18, dd=33, da=7, tlv=13, sm=66, rd=130.91, cd=0, um=0","Time elapsed: 6.70 seconds","/home/thomasverwaal/Robust-Rail-NL/mathematical-models/local_search_plans_discreet_120/plan_33_trains_33_units15.json"
"/home/thomasverwaal/Robust-Rail-NL/mathematical-models/scenarios_solver_types_120/scenario_solver_33_trains_33_units15.json","Cost of next node: Cost = 2,205.0 : 2,276.32 | cr=17, dd=33, da=5, tlv=14, sm=66, rd=129.09, cd=0, um=0","Time elapsed: 7.08 seconds","/home/thomasverwaal/Robust-Rail-NL/mathematical-models/local_search_plans_discreet_120/plan_33_trains_33_units15.json"
"/home/thomasverwaal/Robust-Rail-NL/mathematical-models/scenarios_solver_types_120/scenario_solver_33_trains_33_units15.json","Cost of next node: Cost = 2,150.9 : 2,227.20 | cr=15, dd=33, da=4, tlv=15, sm=66, rd=120.00, cd=0, um=0","Time elapsed: 7.44 seconds","/home/thomasverwaal/Robust-Rail-NL/mathematical-models/local_search_plans_discreet_120/plan_33_trains_33_units15.json"
"/home/thomasverwaal/Robust-Rail-NL/mathematical-models/scenarios_solver_types_120/scenario_solver_33_trains_33_units15.json","Cost of next node: Cost = 1,814.1 : 1,895.38 | cr=15, dd=27, da=3, tlv=16, sm=66, rd=107.27, cd=0, um=0","Time elapsed: 7.65 seconds","/home/thomasverwaal/Robust-Rail-NL/mathematical-models/local_search_plans_discreet_120/plan_33_trains_33_units15.json"
"/home/thomasverwaal/Robust-Rail-NL/mathematical-models/scenarios_solver_types_120/scenario_solver_33_trains_33_units15.json","Cost of next node: Cost = 1,442.2 : 1,523.47 | cr=18, dd=19, da=3, tlv=16, sm=66, rd=98.18, cd=0, um=0","Time elapsed: 7.85 seconds","/home/thomasverwaal/Robust-Rail-NL/mathematical-models/local_search_plans_discreet_120/plan_33_trains_33_units15.json"
"/home/thomasverwaal/Robust-Rail-NL/mathematical-models/scenarios_solver_types_120/scenario_solver_33_trains_33_units15.json","Cost of next node: Cost = 1,102.9 : 1,189.21 | cr=18, dd=10, da=8, tlv=17, sm=66, rd=96.36, cd=0, um=0","Time elapsed: 8.01 seconds","/home/thomasverwaal/Robust-Rail-NL/mathematical-models/local_search_plans_discreet_120/plan_33_trains_33_units15.json"
"/home/thomasverwaal/Robust-Rail-NL/mathematical-models/scenarios_solver_types_120/scenario_solver_33_trains_33_units15.json","Cost of next node: Cost = 1,068.0 : 1,159.32 | cr=18, dd=9, da=8, tlv=18, sm=66, rd=92.73, cd=0, um=0","Time elapsed: 8.26 seconds","/home/thomasverwaal/Robust-Rail-NL/mathematical-models/local_search_plans_discreet_120/plan_33_trains_33_units15.json"
"/home/thomasverwaal/Robust-Rail-NL/mathematical-models/scenarios_solver_types_120/scenario_solver_33_trains_33_units15.json","Cost of next node: Cost = 1,038.1 : 1,129.45 | cr=20, dd=8, da=8, tlv=18, sm=66, rd=90.91, cd=0, um=0","Time elapsed: 8.50 seconds","/home/thomasverwaal/Robust-Rail-NL/mathematical-models/local_search_plans_discreet_120/plan_33_trains_33_units15.json"
"/home/thomasverwaal/Robust-Rail-NL/mathematical-models/scenarios_solver_types_120/scenario_solver_33_trains_33_units15.json","Cost of next node: Cost = 1,017.4 : 1,108.68 | cr=20, dd=10, da=2, tlv=18, sm=66, rd=89.09, cd=0, um=0","Time elapsed: 8.79 seconds","/home/thomasverwaal/Robust-Rail-NL/mathematical-models/local_search_plans_discreet_120/plan_33_trains_33_units15.json"
"/home/thomasverwaal/Robust-Rail-NL/mathematical-models/scenarios_solver_types_120/scenario_solver_33_trains_33_units15.json","Cost of next node: Cost = 981.3 : 1,077.62 | cr=20, dd=9, da=2, tlv=19, sm=66, rd=90.00, cd=0, um=0","Time elapsed: 8.94 seconds","/home/thomasverwaal/Robust-Rail-NL/mathematical-models/local_search_plans_discreet_120/plan_33_trains_33_units15.json"
"/home/thomasverwaal/Robust-Rail-NL/mathematical-models/scenarios_solver_types_120/scenario_solver_33_trains_33_units15.json","Cost of next node: Cost = 935.8 : 1,037.12 | cr=19, dd=8, da=2, tlv=20, sm=66, rd=87.27, cd=0, um=0","Time elapsed: 9.14 seconds","/home/thomasverwaal/Robust-Rail-NL/mathematical-models/local_search_plans_discreet_120/plan_33_trains_33_units15.json"
"/home/thomasverwaal/Robust-Rail-NL/mathematical-models/scenarios_solver_types_120/scenario_solver_33_trains_33_units15.json","Cost of next node: Cost = 876.0 : 977.34 | cr=19, dd=6, da=4, tlv=20, sm=66, rd=90.91, cd=0, um=0","Time elapsed: 9.59 seconds","/home/thomasverwaal/Robust-Rail-NL/mathematical-models/local_search_plans_discreet_120/plan_33_trains_33_units15.json"
"/home/thomasverwaal/Robust-Rail-NL/mathematical-models/scenarios_solver_types_120/scenario_solver_33_trains_33_units15.json","Cost of next node: Cost = 810.7 : 906.98 | cr=19, dd=5, da=4, tlv=19, sm=66, rd=89.09, cd=0, um=0","Time elapsed: 9.78 seconds","/home/thomasverwaal/Robust-Rail-NL/mathematical-models/local_search_plans_discreet_120/plan_33_trains_33_units15.json"
"/home/thomasverwaal/Robust-Rail-NL/mathematical-models/scenarios_solver_types_120/scenario_solver_33_trains_33_units15.json","Cost of next node: Cost = 785.7 : 876.98 | cr=18, dd=5, da=4, tlv=18, sm=66, rd=87.27, cd=0, um=0","Time elapsed: 10.00 seconds","/home/thomasverwaal/Robust-Rail-NL/mathematical-models/local_search_plans_discreet_120/plan_33_trains_33_units15.json"
"/home/thomasverwaal/Robust-Rail-NL/mathematical-models/scenarios_solver_types_120/scenario_solver_33_trains_33_units15.json","Cost of next node: Cost = 725.3 : 816.64 | cr=18, dd=3, da=6, tlv=18, sm=66, rd=85.45, cd=0, um=0","Time elapsed: 10.34 seconds","/home/thomasverwaal/Robust-Rail-NL/mathematical-models/local_search_plans_discreet_120/plan_33_trains_33_units15.json"
"/home/thomasverwaal/Robust-Rail-NL/mathematical-models/scenarios_solver_types_120/scenario_solver_33_trains_33_units15.json","Cost of next node: Cost = 690.2 : 776.48 | cr=20, dd=3, da=4, tlv=17, sm=66, rd=83.64, cd=0, um=0","Time elapsed: 10.63 seconds","/home/thomasverwaal/Robust-Rail-NL/mathematical-models/local_search_plans_discreet_120/plan_33_trains_33_units15.json"
"/home/thomasverwaal/Robust-Rail-NL/mathematical-models/scenarios_solver_types_120/scenario_solver_33_trains_33_units15.json","Cost of next node: Cost = 645.2 : 736.48 | cr=19, dd=2, da=4, tlv=18, sm=66, rd=80.00, cd=0, um=0","Time elapsed: 10.88 seconds","/home/thomasverwaal/Robust-Rail-NL/mathematical-models/local_search_plans_discreet_120/plan_33_trains_33_units15.json"
"/home/thomasverwaal/Robust-Rail-NL/mathematical-models/scenarios_solver_types_120/scenario_solver_33_trains_33_units15.json","Cost of next node: Cost = 506.8 : 603.12 | cr=18, dd=0, da=2, tlv=19, sm=66, rd=74.55, cd=0, um=0","Time elapsed: 11.29 seconds","/home/thomasverwaal/Robust-Rail-NL/mathematical-models/local_search_plans_discreet_120/plan_33_trains_33_units15.json"
"/home/thomasverwaal/Robust-Rail-NL/mathematical-models/scenarios_solver_types_120/scenario_solver_33_trains_33_units15.json","Cost of next node: Cost = 486.8 : 583.12 | cr=16, dd=0, da=2, tlv=19, sm=66, rd=72.73, cd=0, um=0","Time elapsed: 18.81 seconds","/home/thomasverwaal/Robust-Rail-NL/mathematical-models/local_search_plans_discreet_120/plan_33_trains_33_units15.json"
"/home/thomasverwaal/Robust-Rail-NL/mathematical-models/scenarios_solver_types_120/scenario_solver_33_trains_33_units15.json","Cost of next node: Cost = 461.8 : 553.12 | cr=15, dd=0, da=2, tlv=18, sm=66, rd=74.55, cd=0, um=0","Time elapsed: 19.02 seconds","/home/thomasverwaal/Robust-Rail-NL/mathematical-models/local_search_plans_discreet_120/plan_33_trains_33_units15.json"
"/home/thomasverwaal/Robust-Rail-NL/mathematical-models/scenarios_solver_types_120/scenario_solver_33_trains_33_units15.json","Cost of next node: Cost = 446.8 : 533.12 | cr=15, dd=0, da=2, tlv=17, sm=66, rd=76.36, cd=0, um=0","Time elapsed: 25.69 seconds","/home/thomasverwaal/Robust-Rail-NL/mathematical-models/local_search_plans_discreet_120/plan_33_trains_33_units15.json"
"/home/thomasverwaal/Robust-Rail-NL/mathematical-models/scenarios_solver_types_120/scenario_solver_33_trains_33_units15.json","Cost of next node: Cost = 431.8 : 513.14 | cr=15, dd=0, da=2, tlv=16, sm=67, rd=77.01, cd=0, um=0","Time elapsed: 31.62 seconds","/home/thomasverwaal/Robust-Rail-NL/mathematical-models/local_search_plans_discreet_120/plan_33_trains_33_units15.json"
"/home/thomasverwaal/Robust-Rail-NL/mathematical-models/scenarios_solver_types_120/scenario_solver_33_trains_33_units15.json","Cost of next node: Cost = 416.8 : 493.14 | cr=15, dd=0, da=2, tlv=15, sm=67, rd=78.81, cd=0, um=0","Time elapsed: 37.88 seconds","/home/thomasverwaal/Robust-Rail-NL/mathematical-models/local_search_plans_discreet_120/plan_33_trains_33_units15.json"
"/home/thomasverwaal/Robust-Rail-NL/mathematical-models/scenarios_solver_types_120/scenario_solver_33_trains_33_units15.json","Cost of next node: Cost = 406.8 : 483.14 | cr=14, dd=0, da=2, tlv=15, sm=67, rd=78.81, cd=0, um=0","Time elapsed: 43.43 seconds","/home/thomasverwaal/Robust-Rail-NL/mathematical-models/local_search_plans_discreet_120/plan_33_trains_33_units15.json"
"/home/thomasverwaal/Robust-Rail-NL/mathematical-models/scenarios_solver_types_120/scenario_solver_33_trains_33_units15.json","Cost of next node: Cost = 396.8 : 473.14 | cr=13, dd=0, da=2, tlv=15, sm=67, rd=78.81, cd=0, um=0","Time elapsed: 48.28 seconds","/home/thomasverwaal/Robust-Rail-NL/mathematical-models/local_search_plans_discreet_120/plan_33_trains_33_units15.json"
"/home/thomasverwaal/Robust-Rail-NL/mathematical-models/scenarios_solver_types_120/scenario_solver_33_trains_33_units15.json","Cost of next node: Cost = 365.0 : 441.34 | cr=14, dd=0, da=0, tlv=15, sm=67, rd=75.22, cd=0, um=0","Time elapsed: 48.56 seconds","/home/thomasverwaal/Robust-Rail-NL/mathematical-models/local_search_plans_discreet_120/plan_33_trains_33_units15.json"
"/home/thomasverwaal/Robust-Rail-NL/mathematical-models/scenarios_solver_types_120/scenario_solver_33_trains_33_units15.json","Cost of next node: Cost = 355.0 : 431.34 | cr=13, dd=0, da=0, tlv=15, sm=67, rd=77.01, cd=0, um=0","Time elapsed: 53.56 seconds","/home/thomasverwaal/Robust-Rail-NL/mathematical-models/local_search_plans_discreet_120/plan_33_trains_33_units15.json"
"/home/thomasverwaal/Robust-Rail-NL/mathematical-models/scenarios_solver_types_120/scenario_solver_33_trains_33_units15.json","Cost of next node: Cost = 345.0 : 421.34 | cr=12, dd=0, da=0, tlv=15, sm=67, rd=78.81, cd=0, um=0","Time elapsed: 57.78 seconds","/home/thomasverwaal/Robust-Rail-NL/mathematical-models/local_search_plans_discreet_120/plan_33_trains_33_units15.json"
"/home/thomasverwaal/Robust-Rail-NL/mathematical-models/scenarios_solver_types_120/scenario_solver_33_trains_33_units15.json","Cost of next node: Cost = 335.0 : 411.34 | cr=11, dd=0, da=0, tlv=15, sm=67, rd=78.81, cd=0, um=0","Time elapsed: 61.47 seconds","/home/thomasverwaal/Robust-Rail-NL/mathematical-models/local_search_plans_discreet_120/plan_33_trains_33_units15.json"
"/home/thomasverwaal/Robust-Rail-NL/mathematical-models/scenarios_solver_types_120/scenario_solver_33_trains_33_units15.json","Cost of next node: Cost = 325.0 : 401.34 | cr=10, dd=0, da=0, tlv=15, sm=67, rd=78.81, cd=0, um=0","Time elapsed: 64.77 seconds","/home/thomasverwaal/Robust-Rail-NL/mathematical-models/local_search_plans_discreet_120/plan_33_trains_33_units15.json"
"/home/thomasverwaal/Robust-Rail-NL/mathematical-models/scenarios_solver_types_120/scenario_solver_33_trains_33_units15.json","Cost of next node: Cost = 315.0 : 391.34 | cr=9, dd=0, da=0, tlv=15, sm=67, rd=80.60, cd=0, um=0","Time elapsed: 67.60 seconds","/home/thomasverwaal/Robust-Rail-NL/mathematical-models/local_search_plans_discreet_120/plan_33_trains_33_units15.json"
"/home/thomasverwaal/Robust-Rail-NL/mathematical-models/scenarios_solver_types_120/scenario_solver_33_trains_33_units15.json","Cost of next node: Cost = 300.0 : 371.34 | cr=9, dd=0, da=0, tlv=14, sm=67, rd=82.39, cd=0, um=0","Time elapsed: 70.27 seconds","/home/thomasverwaal/Robust-Rail-NL/mathematical-models/local_search_plans_discreet_120/plan_33_trains_33_units15.json"
"/home/thomasverwaal/Robust-Rail-NL/mathematical-models/scenarios_solver_types_120/scenario_solver_33_trains_33_units15.json","Cost of next node: Cost = 290.0 : 361.34 | cr=8, dd=0, da=0, tlv=14, sm=67, rd=82.39, cd=0, um=0","Time elapsed: 72.99 seconds","/home/thomasverwaal/Robust-Rail-NL/mathematical-models/local_search_plans_discreet_120/plan_33_trains_33_units15.json"
"/home/thomasverwaal/Robust-Rail-NL/mathematical-models/scenarios_solver_types_120/scenario_solver_33_trains_33_units15.json","Cost of next node: Cost = 280.0 : 351.34 | cr=7, dd=0, da=0, tlv=14, sm=67, rd=82.39, cd=0, um=0","Time elapsed: 75.33 seconds","/home/thomasverwaal/Robust-Rail-NL/mathematical-models/local_search_plans_discreet_120/plan_33_trains_33_units15.json"
"/home/thomasverwaal/Robust-Rail-NL/mathematical-models/scenarios_solver_types_120/scenario_solver_33_trains_33_units15.json","Cost of next node: Cost = 270.0 : 341.34 | cr=6, dd=0, da=0, tlv=14, sm=67, rd=82.39, cd=0, um=0","Time elapsed: 77.06 seconds","/home/thomasverwaal/Robust-Rail-NL/mathematical-models/local_search_plans_discreet_120/plan_33_trains_33_units15.json"
"/home/thomasverwaal/Robust-Rail-NL/mathematical-models/scenarios_solver_types_120/scenario_solver_33_trains_33_units15.json","Cost of next node: Cost = 260.0 : 331.34 | cr=5, dd=0, da=0, tlv=14, sm=67, rd=82.39, cd=0, um=0","Time elapsed: 78.55 seconds","/home/thomasverwaal/Robust-Rail-NL/mathematical-models/local_search_plans_discreet_120/plan_33_trains_33_units15.json"
"/home/thomasverwaal/Robust-Rail-NL/mathematical-models/scenarios_solver_types_120/scenario_solver_33_trains_33_units15.json","Cost of next node: Cost = 250.0 : 321.34 | cr=4, dd=0, da=0, tlv=14, sm=67, rd=82.39, cd=0, um=0","Time elapsed: 92.06 seconds","/home/thomasverwaal/Robust-Rail-NL/mathematical-models/local_search_plans_discreet_120/plan_33_trains_33_units15.json"
"/home/thomasverwaal/Robust-Rail-NL/mathematical-models/scenarios_solver_types_120/scenario_solver_33_trains_33_units15.json","Cost of next node: Cost = 245.0 : 321.36 | cr=2, dd=0, da=0, tlv=15, sm=68, rd=81.18, cd=0, um=0","Time elapsed: 138.88 seconds","/home/thomasverwaal/Robust-Rail-NL/mathematical-models/local_search_plans_discreet_120/plan_33_trains_33_units15.json"
"/home/thomasverwaal/Robust-Rail-NL/mathematical-models/scenarios_solver_types_120/scenario_solver_33_trains_33_units15.json","Cost of next node: Cost = 230.0 : 301.36 | cr=2, dd=0, da=0, tlv=14, sm=68, rd=82.94, cd=0, um=0","Time elapsed: 140.15 seconds","/home/thomasverwaal/Robust-Rail-NL/mathematical-models/local_search_plans_discreet_120/plan_33_trains_33_units15.json"
"/home/thomasverwaal/Robust-Rail-NL/mathematical-models/scenarios_solver_types_120/scenario_solver_33_trains_33_units15.json","Cost of next node: Cost = 225.0 : 291.40 | cr=3, dd=0, da=0, tlv=13, sm=70, rd=84.00, cd=0, um=0","Time elapsed: 152.55 seconds","/home/thomasverwaal/Robust-Rail-NL/mathematical-models/local_search_plans_discreet_120/plan_33_trains_33_units15.json"
"/home/thomasverwaal/Robust-Rail-NL/mathematical-models/scenarios_solver_types_120/scenario_solver_33_trains_33_units15.json","NO_COST_FOUND","NO_TIME_FOUND","NO_PLAN_CREATED"
"/home/thomasverwaal/Robust-Rail-NL/mathematical-models/scenarios_solver_types_120/scenario_solver_33_trains_33_units16.json","Cost of next node: Cost = 2,930.5 : 2,936.77 | cr=50, dd=33, da=29, tlv=1, sm=66, rd=181.82, cd=0, um=0","Time elapsed: 2.02 seconds","/home/thomasverwaal/Robust-Rail-NL/mathematical-models/local_search_plans_discreet_120/plan_33_trains_33_units16.json"
"/home/thomasverwaal/Robust-Rail-NL/mathematical-models/scenarios_solver_types_120/scenario_solver_33_trains_33_units16.json","Cost of next node: Cost = 2,901.9 : 2,908.20 | cr=49, dd=33, da=29, tlv=1, sm=66, rd=178.18, cd=0, um=0","Time elapsed: 2.08 seconds","/home/thomasverwaal/Robust-Rail-NL/mathematical-models/local_search_plans_discreet_120/plan_33_trains_33_units16.json"
"/home/thomasverwaal/Robust-Rail-NL/mathematical-models/scenarios_solver_types_120/scenario_solver_33_trains_33_units16.json","Cost of next node: Cost = 2,879.2 : 2,890.55 | cr=47, dd=33, da=29, tlv=2, sm=66, rd=174.55, cd=0, um=0","Time elapsed: 2.17 seconds","/home/thomasverwaal/Robust-Rail-NL/mathematical-models/local_search_plans_discreet_120/plan_33_trains_33_units16.json"
"/home/thomasverwaal/Robust-Rail-NL/mathematical-models/scenarios_solver_types_120/scenario_solver_33_trains_33_units16.json","Cost of next node: Cost = 2,838.3 : 2,854.59 | cr=42, dd=33, da=28, tlv=3, sm=66, rd=176.36, cd=0, um=0","Time elapsed: 2.27 seconds","/home/thomasverwaal/Robust-Rail-NL/mathematical-models/local_search_plans_discreet_120/plan_33_trains_33_units16.json"
"/home/thomasverwaal/Robust-Rail-NL/mathematical-models/scenarios_solver_types_120/scenario_solver_33_trains_33_units16.json","Cost of next node: Cost = 2,727.8 : 2,749.09 | cr=37, dd=33, da=25, tlv=4, sm=66, rd=172.73, cd=0, um=0","Time elapsed: 2.40 seconds","/home/thomasverwaal/Robust-Rail-NL/mathematical-models/local_search_plans_discreet_120/plan_33_trains_33_units16.json"
"/home/thomasverwaal/Robust-Rail-NL/mathematical-models/scenarios_solver_types_120/scenario_solver_33_trains_33_units16.json","Cost of next node: Cost = 2,703.7 : 2,730.05 | cr=37, dd=33, da=23, tlv=5, sm=66, rd=170.91, cd=0, um=0","Time elapsed: 2.50 seconds","/home/thomasverwaal/Robust-Rail-NL/mathematical-models/local_search_plans_discreet_120/plan_33_trains_33_units16.json"
"/home/thomasverwaal/Robust-Rail-NL/mathematical-models/scenarios_solver_types_120/scenario_solver_33_trains_33_units16.json","Cost of next node: Cost = 2,596.3 : 2,627.65 | cr=38, dd=33, da=18, tlv=6, sm=66, rd=161.82, cd=0, um=0","Time elapsed: 2.62 seconds","/home/thomasverwaal/Robust-Rail-NL/mathematical-models/local_search_plans_discreet_120/plan_33_trains_33_units16.json"
"/home/thomasverwaal/Robust-Rail-NL/mathematical-models/scenarios_solver_types_120/scenario_solver_33_trains_33_units16.json","Cost of next node: Cost = 2,514.8 : 2,546.12 | cr=38, dd=33, da=14, tlv=6, sm=66, rd=158.18, cd=0, um=0","Time elapsed: 2.74 seconds","/home/thomasverwaal/Robust-Rail-NL/mathematical-models/local_search_plans_discreet_120/plan_33_trains_33_units16.json"
"/home/thomasverwaal/Robust-Rail-NL/mathematical-models/scenarios_solver_types_120/scenario_solver_33_trains_33_units16.json","Cost of next node: Cost = 2,488.7 : 2,514.98 | cr=37, dd=33, da=14, tlv=5, sm=66, rd=156.36, cd=0, um=0","Time elapsed: 2.88 seconds","/home/thomasverwaal/Robust-Rail-NL/mathematical-models/local_search_plans_discreet_120/plan_33_trains_33_units16.json"
"/home/thomasverwaal/Robust-Rail-NL/mathematical-models/scenarios_solver_types_120/scenario_solver_33_trains_33_units16.json","Cost of next node: Cost = 2,464.1 : 2,495.40 | cr=36, dd=33, da=13, tlv=6, sm=66, rd=148.18, cd=0, um=0","Time elapsed: 3.00 seconds","/home/thomasverwaal/Robust-Rail-NL/mathematical-models/local_search_plans_discreet_120/plan_33_trains_33_units16.json"
"/home/thomasverwaal/Robust-Rail-NL/mathematical-models/scenarios_solver_types_120/scenario_solver_33_trains_33_units16.json","Cost of next node: Cost = 2,439.6 : 2,475.93 | cr=33, dd=33, da=13, tlv=7, sm=66, rd=144.55, cd=0, um=0","Time elapsed: 3.35 seconds","/home/thomasverwaal/Robust-Rail-NL/mathematical-models/local_search_plans_discreet_120/plan_33_trains_33_units16.json"
"/home/thomasverwaal/Robust-Rail-NL/mathematical-models/scenarios_solver_types_120/scenario_solver_33_trains_33_units16.json","Cost of next node: Cost = 2,409.6 : 2,450.90 | cr=28, dd=33, da=13, tlv=8, sm=66, rd=144.55, cd=0, um=0","Time elapsed: 3.82 seconds","/home/thomasverwaal/Robust-Rail-NL/mathematical-models/local_search_plans_discreet_120/plan_33_trains_33_units16.json"
"/home/thomasverwaal/Robust-Rail-NL/mathematical-models/scenarios_solver_types_120/scenario_solver_33_trains_33_units16.json","Cost of next node: Cost = 2,383.0 : 2,429.29 | cr=23, dd=33, da=13, tlv=9, sm=66, rd=146.36, cd=0, um=0","Time elapsed: 4.21 seconds","/home/thomasverwaal/Robust-Rail-NL/mathematical-models/local_search_plans_discreet_120/plan_33_trains_33_units16.json"
"/home/thomasverwaal/Robust-Rail-NL/mathematical-models/scenarios_solver_types_120/scenario_solver_33_trains_33_units16.json","Cost of next node: Cost = 2,334.4 : 2,380.72 | cr=21, dd=33, da=12, tlv=9, sm=66, rd=142.73, cd=0, um=0","Time elapsed: 4.79 seconds","/home/thomasverwaal/Robust-Rail-NL/mathematical-models/local_search_plans_discreet_120/plan_33_trains_33_units16.json"
"/home/thomasverwaal/Robust-Rail-NL/mathematical-models/scenarios_solver_types_120/scenario_solver_33_trains_33_units16.json","Cost of next node: Cost = 2,312.2 : 2,363.52 | cr=20, dd=33, da=11, tlv=10, sm=66, rd=140.91, cd=0, um=0","Time elapsed: 5.10 seconds","/home/thomasverwaal/Robust-Rail-NL/mathematical-models/local_search_plans_discreet_120/plan_33_trains_33_units16.json"
"/home/thomasverwaal/Robust-Rail-NL/mathematical-models/scenarios_solver_types_120/scenario_solver_33_trains_33_units16.json","Cost of next node: Cost = 2,291.6 : 2,347.96 | cr=19, dd=33, da=10, tlv=11, sm=66, rd=137.27, cd=0, um=0","Time elapsed: 5.37 seconds","/home/thomasverwaal/Robust-Rail-NL/mathematical-models/local_search_plans_discreet_120/plan_33_trains_33_units16.json"
"/home/thomasverwaal/Robust-Rail-NL/mathematical-models/scenarios_solver_types_120/scenario_solver_33_trains_33_units16.json","Cost of next node: Cost = 2,263.6 : 2,324.89 | cr=19, dd=33, da=9, tlv=12, sm=66, rd=128.18, cd=0, um=0","Time elapsed: 5.69 seconds","/home/thomasverwaal/Robust-Rail-NL/mathematical-models/local_search_plans_discreet_120/plan_33_trains_33_units16.json"
"/home/thomasverwaal/Robust-Rail-NL/mathematical-models/scenarios_solver_types_120/scenario_solver_33_trains_33_units16.json","Cost of next node: Cost = 2,226.3 : 2,292.63 | cr=19, dd=33, da=7, tlv=13, sm=66, rd=122.73, cd=0, um=0","Time elapsed: 6.07 seconds","/home/thomasverwaal/Robust-Rail-NL/mathematical-models/local_search_plans_discreet_120/plan_33_trains_33_units16.json"
"/home/thomasverwaal/Robust-Rail-NL/mathematical-models/scenarios_solver_types_120/scenario_solver_33_trains_33_units16.json","Cost of next node: Cost = 2,124.5 : 2,195.82 | cr=19, dd=31, da=7, tlv=14, sm=66, rd=116.36, cd=0, um=0","Time elapsed: 6.27 seconds","/home/thomasverwaal/Robust-Rail-NL/mathematical-models/local_search_plans_discreet_120/plan_33_trains_33_units16.json"
"/home/thomasverwaal/Robust-Rail-NL/mathematical-models/scenarios_solver_types_120/scenario_solver_33_trains_33_units16.json","Cost of next node: Cost = 2,082.7 : 2,159.07 | cr=19, dd=30, da=7, tlv=15, sm=66, rd=110.91, cd=0, um=0","Time elapsed: 6.63 seconds","/home/thomasverwaal/Robust-Rail-NL/mathematical-models/local_search_plans_discreet_120/plan_33_trains_33_units16.json"
"/home/thomasverwaal/Robust-Rail-NL/mathematical-models/scenarios_solver_types_120/scenario_solver_33_trains_33_units16.json","Cost of next node: Cost = 2,057.7 : 2,129.07 | cr=18, dd=30, da=7, tlv=14, sm=66, rd=110.91, cd=0, um=0","Time elapsed: 6.83 seconds","/home/thomasverwaal/Robust-Rail-NL/mathematical-models/local_search_plans_discreet_120/plan_33_trains_33_units16.json"
"/home/thomasverwaal/Robust-Rail-NL/mathematical-models/scenarios_solver_types_120/scenario_solver_33_trains_33_units16.json","Cost of next node: Cost = 2,022.4 : 2,098.76 | cr=18, dd=29, da=7, tlv=15, sm=66, rd=109.09, cd=0, um=0","Time elapsed: 7.14 seconds","/home/thomasverwaal/Robust-Rail-NL/mathematical-models/local_search_plans_discreet_120/plan_33_trains_33_units16.json"
"/home/thomasverwaal/Robust-Rail-NL/mathematical-models/scenarios_solver_types_120/scenario_solver_33_trains_33_units16.json","Cost of next node: Cost = 1,969.3 : 2,050.61 | cr=18, dd=28, da=6, tlv=16, sm=66, rd=105.45, cd=0, um=0","Time elapsed: 7.34 seconds","/home/thomasverwaal/Robust-Rail-NL/mathematical-models/local_search_plans_discreet_120/plan_33_trains_33_units16.json"
"/home/thomasverwaal/Robust-Rail-NL/mathematical-models/scenarios_solver_types_120/scenario_solver_33_trains_33_units16.json","Cost of next node: Cost = 1,869.2 : 1,950.50 | cr=18, dd=26, da=6, tlv=16, sm=66, rd=103.64, cd=0, um=0","Time elapsed: 7.67 seconds","/home/thomasverwaal/Robust-Rail-NL/mathematical-models/local_search_plans_discreet_120/plan_33_trains_33_units16.json"
"/home/thomasverwaal/Robust-Rail-NL/mathematical-models/scenarios_solver_types_120/scenario_solver_33_trains_33_units16.json","Cost of next node: Cost = 1,625.9 : 1,712.27 | cr=20, dd=21, da=5, tlv=17, sm=66, rd=100.91, cd=0, um=0","Time elapsed: 7.93 seconds","/home/thomasverwaal/Robust-Rail-NL/mathematical-models/local_search_plans_discreet_120/plan_33_trains_33_units16.json"
"/home/thomasverwaal/Robust-Rail-NL/mathematical-models/scenarios_solver_types_120/scenario_solver_33_trains_33_units16.json","Cost of next node: Cost = 1,534.7 : 1,621.03 | cr=21, dd=19, da=5, tlv=17, sm=66, rd=94.55, cd=0, um=0","Time elapsed: 8.10 seconds","/home/thomasverwaal/Robust-Rail-NL/mathematical-models/local_search_plans_discreet_120/plan_33_trains_33_units16.json"
"/home/thomasverwaal/Robust-Rail-NL/mathematical-models/scenarios_solver_types_120/scenario_solver_33_trains_33_units16.json","Cost of next node: Cost = 1,500.1 : 1,591.42 | cr=21, dd=18, da=5, tlv=18, sm=66, rd=90.91, cd=0, um=0","Time elapsed: 8.38 seconds","/home/thomasverwaal/Robust-Rail-NL/mathematical-models/local_search_plans_discreet_120/plan_33_trains_33_units16.json"
"/home/thomasverwaal/Robust-Rail-NL/mathematical-models/scenarios_solver_types_120/scenario_solver_33_trains_33_units16.json","Cost of next node: Cost = 1,159.7 : 1,256.05 | cr=18, dd=12, da=4, tlv=19, sm=66, rd=83.64, cd=0, um=0","Time elapsed: 8.62 seconds","/home/thomasverwaal/Robust-Rail-NL/mathematical-models/local_search_plans_discreet_120/plan_33_trains_33_units16.json"
"/home/thomasverwaal/Robust-Rail-NL/mathematical-models/scenarios_solver_types_120/scenario_solver_33_trains_33_units16.json","Cost of next node: Cost = 1,134.7 : 1,226.05 | cr=17, dd=12, da=4, tlv=18, sm=66, rd=85.45, cd=0, um=0","Time elapsed: 8.83 seconds","/home/thomasverwaal/Robust-Rail-NL/mathematical-models/local_search_plans_discreet_120/plan_33_trains_33_units16.json"
"/home/thomasverwaal/Robust-Rail-NL/mathematical-models/scenarios_solver_types_120/scenario_solver_33_trains_33_units16.json","Cost of next node: Cost = 608.6 : 704.92 | cr=16, dd=2, da=3, tlv=19, sm=66, rd=74.55, cd=0, um=0","Time elapsed: 9.29 seconds","/home/thomasverwaal/Robust-Rail-NL/mathematical-models/local_search_plans_discreet_120/plan_33_trains_33_units16.json"
"/home/thomasverwaal/Robust-Rail-NL/mathematical-models/scenarios_solver_types_120/scenario_solver_33_trains_33_units16.json","Cost of next node: Cost = 511.5 : 612.82 | cr=14, dd=1, da=1, tlv=20, sm=66, rd=69.09, cd=0, um=0","Time elapsed: 9.57 seconds","/home/thomasverwaal/Robust-Rail-NL/mathematical-models/local_search_plans_discreet_120/plan_33_trains_33_units16.json"
"/home/thomasverwaal/Robust-Rail-NL/mathematical-models/scenarios_solver_types_120/scenario_solver_33_trains_33_units16.json","Cost of next node: Cost = 490.6 : 591.92 | cr=14, dd=1, da=0, tlv=20, sm=66, rd=67.27, cd=0, um=0","Time elapsed: 9.79 seconds","/home/thomasverwaal/Robust-Rail-NL/mathematical-models/local_search_plans_discreet_120/plan_33_trains_33_units16.json"
"/home/thomasverwaal/Robust-Rail-NL/mathematical-models/scenarios_solver_types_120/scenario_solver_33_trains_33_units16.json","Cost of next node: Cost = 465.0 : 571.32 | cr=15, dd=0, da=0, tlv=21, sm=66, rd=65.45, cd=0, um=0","Time elapsed: 10.16 seconds","/home/thomasverwaal/Robust-Rail-NL/mathematical-models/local_search_plans_discreet_120/plan_33_trains_33_units16.json"
"/home/thomasverwaal/Robust-Rail-NL/mathematical-models/scenarios_solver_types_120/scenario_solver_33_trains_33_units16.json","Cost of next node: Cost = 440.0 : 541.32 | cr=14, dd=0, da=0, tlv=20, sm=66, rd=67.27, cd=0, um=0","Time elapsed: 10.37 seconds","/home/thomasverwaal/Robust-Rail-NL/mathematical-models/local_search_plans_discreet_120/plan_33_trains_33_units16.json"
"/home/thomasverwaal/Robust-Rail-NL/mathematical-models/scenarios_solver_types_120/scenario_solver_33_trains_33_units16.json","Cost of next node: Cost = 420.0 : 521.34 | cr=12, dd=0, da=0, tlv=20, sm=67, rd=68.06, cd=0, um=0","Time elapsed: 16.66 seconds","/home/thomasverwaal/Robust-Rail-NL/mathematical-models/local_search_plans_discreet_120/plan_33_trains_33_units16.json"
"/home/thomasverwaal/Robust-Rail-NL/mathematical-models/scenarios_solver_types_120/scenario_solver_33_trains_33_units16.json","Cost of next node: Cost = 405.0 : 501.34 | cr=12, dd=0, da=0, tlv=19, sm=67, rd=69.85, cd=0, um=0","Time elapsed: 22.09 seconds","/home/thomasverwaal/Robust-Rail-NL/mathematical-models/local_search_plans_discreet_120/plan_33_trains_33_units16.json"
"/home/thomasverwaal/Robust-Rail-NL/mathematical-models/scenarios_solver_types_120/scenario_solver_33_trains_33_units16.json","Cost of next node: Cost = 390.0 : 481.34 | cr=12, dd=0, da=0, tlv=18, sm=67, rd=71.64, cd=0, um=0","Time elapsed: 28.04 seconds","/home/thomasverwaal/Robust-Rail-NL/mathematical-models/local_search_plans_discreet_120/plan_33_trains_33_units16.json"
"/home/thomasverwaal/Robust-Rail-NL/mathematical-models/scenarios_solver_types_120/scenario_solver_33_trains_33_units16.json","Cost of next node: Cost = 375.0 : 461.34 | cr=12, dd=0, da=0, tlv=17, sm=67, rd=73.43, cd=0, um=0","Time elapsed: 33.61 seconds","/home/thomasverwaal/Robust-Rail-NL/mathematical-models/local_search_plans_discreet_120/plan_33_trains_33_units16.json"
"/home/thomasverwaal/Robust-Rail-NL/mathematical-models/scenarios_solver_types_120/scenario_solver_33_trains_33_units16.json","Cost of next node: Cost = 360.0 : 441.36 | cr=12, dd=0, da=0, tlv=16, sm=68, rd=74.12, cd=0, um=0","Time elapsed: 38.66 seconds","/home/thomasverwaal/Robust-Rail-NL/mathematical-models/local_search_plans_discreet_120/plan_33_trains_33_units16.json"
"/home/thomasverwaal/Robust-Rail-NL/mathematical-models/scenarios_solver_types_120/scenario_solver_33_trains_33_units16.json","Cost of next node: Cost = 350.0 : 431.36 | cr=11, dd=0, da=0, tlv=16, sm=68, rd=74.12, cd=0, um=0","Time elapsed: 43.76 seconds","/home/thomasverwaal/Robust-Rail-NL/mathematical-models/local_search_plans_discreet_120/plan_33_trains_33_units16.json"
"/home/thomasverwaal/Robust-Rail-NL/mathematical-models/scenarios_solver_types_120/scenario_solver_33_trains_33_units16.json","Cost of next node: Cost = 340.0 : 421.36 | cr=10, dd=0, da=0, tlv=16, sm=68, rd=74.12, cd=0, um=0","Time elapsed: 47.97 seconds","/home/thomasverwaal/Robust-Rail-NL/mathematical-models/local_search_plans_discreet_120/plan_33_trains_33_units16.json"
"/home/thomasverwaal/Robust-Rail-NL/mathematical-models/scenarios_solver_types_120/scenario_solver_33_trains_33_units16.json","Cost of next node: Cost = 330.0 : 411.36 | cr=9, dd=0, da=0, tlv=16, sm=68, rd=74.12, cd=0, um=0","Time elapsed: 51.77 seconds","/home/thomasverwaal/Robust-Rail-NL/mathematical-models/local_search_plans_discreet_120/plan_33_trains_33_units16.json"
"/home/thomasverwaal/Robust-Rail-NL/mathematical-models/scenarios_solver_types_120/scenario_solver_33_trains_33_units16.json","Cost of next node: Cost = 315.0 : 391.36 | cr=9, dd=0, da=0, tlv=15, sm=68, rd=75.88, cd=0, um=0","Time elapsed: 54.98 seconds","/home/thomasverwaal/Robust-Rail-NL/mathematical-models/local_search_plans_discreet_120/plan_33_trains_33_units16.json"
"/home/thomasverwaal/Robust-Rail-NL/mathematical-models/scenarios_solver_types_120/scenario_solver_33_trains_33_units16.json","Cost of next node: Cost = 305.0 : 381.36 | cr=8, dd=0, da=0, tlv=15, sm=68, rd=75.88, cd=0, um=0","Time elapsed: 58.13 seconds","/home/thomasverwaal/Robust-Rail-NL/mathematical-models/local_search_plans_discreet_120/plan_33_trains_33_units16.json"
"/home/thomasverwaal/Robust-Rail-NL/mathematical-models/scenarios_solver_types_120/scenario_solver_33_trains_33_units16.json","Cost of next node: Cost = 295.0 : 371.36 | cr=7, dd=0, da=0, tlv=15, sm=68, rd=75.88, cd=0, um=0","Time elapsed: 60.65 seconds","/home/thomasverwaal/Robust-Rail-NL/mathematical-models/local_search_plans_discreet_120/plan_33_trains_33_units16.json"
"/home/thomasverwaal/Robust-Rail-NL/mathematical-models/scenarios_solver_types_120/scenario_solver_33_trains_33_units16.json","Cost of next node: Cost = 285.0 : 361.36 | cr=6, dd=0, da=0, tlv=15, sm=68, rd=75.88, cd=0, um=0","Time elapsed: 62.98 seconds","/home/thomasverwaal/Robust-Rail-NL/mathematical-models/local_search_plans_discreet_120/plan_33_trains_33_units16.json"
"/home/thomasverwaal/Robust-Rail-NL/mathematical-models/scenarios_solver_types_120/scenario_solver_33_trains_33_units16.json","Cost of next node: Cost = 275.0 : 351.36 | cr=5, dd=0, da=0, tlv=15, sm=68, rd=75.88, cd=0, um=0","Time elapsed: 64.74 seconds","/home/thomasverwaal/Robust-Rail-NL/mathematical-models/local_search_plans_discreet_120/plan_33_trains_33_units16.json"
"/home/thomasverwaal/Robust-Rail-NL/mathematical-models/scenarios_solver_types_120/scenario_solver_33_trains_33_units16.json","Cost of next node: Cost = 265.0 : 341.36 | cr=4, dd=0, da=0, tlv=15, sm=68, rd=75.88, cd=0, um=0","Time elapsed: 66.30 seconds","/home/thomasverwaal/Robust-Rail-NL/mathematical-models/local_search_plans_discreet_120/plan_33_trains_33_units16.json"
"/home/thomasverwaal/Robust-Rail-NL/mathematical-models/scenarios_solver_types_120/scenario_solver_33_trains_33_units16.json","Cost of next node: Cost = 255.0 : 331.36 | cr=3, dd=0, da=0, tlv=15, sm=68, rd=75.88, cd=0, um=0","Time elapsed: 67.51 seconds","/home/thomasverwaal/Robust-Rail-NL/mathematical-models/local_search_plans_discreet_120/plan_33_trains_33_units16.json"
"/home/thomasverwaal/Robust-Rail-NL/mathematical-models/scenarios_solver_types_120/scenario_solver_33_trains_33_units16.json","Cost of next node: Cost = 245.0 : 321.36 | cr=2, dd=0, da=0, tlv=15, sm=68, rd=75.88, cd=0, um=0","Time elapsed: 68.53 seconds","/home/thomasverwaal/Robust-Rail-NL/mathematical-models/local_search_plans_discreet_120/plan_33_trains_33_units16.json"
"/home/thomasverwaal/Robust-Rail-NL/mathematical-models/scenarios_solver_types_120/scenario_solver_33_trains_33_units16.json","Cost of next node: Cost = 235.0 : 311.36 | cr=1, dd=0, da=0, tlv=15, sm=68, rd=77.65, cd=0, um=0","Time elapsed: 145.21 seconds","/home/thomasverwaal/Robust-Rail-NL/mathematical-models/local_search_plans_discreet_120/plan_33_trains_33_units16.json"
"/home/thomasverwaal/Robust-Rail-NL/mathematical-models/scenarios_solver_types_120/scenario_solver_33_trains_33_units16.json","NO_COST_FOUND","NO_TIME_FOUND","NO_PLAN_CREATED"
"/home/thomasverwaal/Robust-Rail-NL/mathematical-models/scenarios_solver_types_120/scenario_solver_33_trains_33_units17.json","Cost of next node: Cost = 2,961.4 : 2,967.69 | cr=53, dd=33, da=29, tlv=1, sm=66, rd=180.91, cd=0, um=0","Time elapsed: 2.36 seconds","/home/thomasverwaal/Robust-Rail-NL/mathematical-models/local_search_plans_discreet_120/plan_33_trains_33_units17.json"
"/home/thomasverwaal/Robust-Rail-NL/mathematical-models/scenarios_solver_types_120/scenario_solver_33_trains_33_units17.json","Cost of next node: Cost = 2,938.7 : 2,950.04 | cr=51, dd=33, da=29, tlv=2, sm=66, rd=177.27, cd=0, um=0","Time elapsed: 2.50 seconds","/home/thomasverwaal/Robust-Rail-NL/mathematical-models/local_search_plans_discreet_120/plan_33_trains_33_units17.json"
"/home/thomasverwaal/Robust-Rail-NL/mathematical-models/scenarios_solver_types_120/scenario_solver_33_trains_33_units17.json","Cost of next node: Cost = 2,909.9 : 2,926.19 | cr=47, dd=33, da=28, tlv=3, sm=66, rd=180.00, cd=0, um=0","Time elapsed: 2.61 seconds","/home/thomasverwaal/Robust-Rail-NL/mathematical-models/local_search_plans_discreet_120/plan_33_trains_33_units17.json"
"/home/thomasverwaal/Robust-Rail-NL/mathematical-models/scenarios_solver_types_120/scenario_solver_33_trains_33_units17.json","Cost of next node: Cost = 2,883.6 : 2,904.88 | cr=45, dd=33, da=27, tlv=4, sm=66, rd=176.36, cd=0, um=0","Time elapsed: 2.76 seconds","/home/thomasverwaal/Robust-Rail-NL/mathematical-models/local_search_plans_discreet_120/plan_33_trains_33_units17.json"
"/home/thomasverwaal/Robust-Rail-NL/mathematical-models/scenarios_solver_types_120/scenario_solver_33_trains_33_units17.json","Cost of next node: Cost = 2,763.3 : 2,789.61 | cr=39, dd=33, da=24, tlv=5, sm=66, rd=170.91, cd=0, um=0","Time elapsed: 2.88 seconds","/home/thomasverwaal/Robust-Rail-NL/mathematical-models/local_search_plans_discreet_120/plan_33_trains_33_units17.json"
"/home/thomasverwaal/Robust-Rail-NL/mathematical-models/scenarios_solver_types_120/scenario_solver_33_trains_33_units17.json","Cost of next node: Cost = 2,735.5 : 2,766.85 | cr=42, dd=33, da=23, tlv=6, sm=66, rd=158.18, cd=0, um=0","Time elapsed: 3.10 seconds","/home/thomasverwaal/Robust-Rail-NL/mathematical-models/local_search_plans_discreet_120/plan_33_trains_33_units17.json"
"/home/thomasverwaal/Robust-Rail-NL/mathematical-models/scenarios_solver_types_120/scenario_solver_33_trains_33_units17.json","Cost of next node: Cost = 2,683.0 : 2,719.31 | cr=44, dd=33, da=18, tlv=7, sm=66, rd=158.18, cd=0, um=0","Time elapsed: 3.34 seconds","/home/thomasverwaal/Robust-Rail-NL/mathematical-models/local_search_plans_discreet_120/plan_33_trains_33_units17.json"
"/home/thomasverwaal/Robust-Rail-NL/mathematical-models/scenarios_solver_types_120/scenario_solver_33_trains_33_units17.json","Cost of next node: Cost = 2,586.1 : 2,622.38 | cr=44, dd=33, da=13, tlv=7, sm=66, rd=154.55, cd=0, um=0","Time elapsed: 3.49 seconds","/home/thomasverwaal/Robust-Rail-NL/mathematical-models/local_search_plans_discreet_120/plan_33_trains_33_units17.json"
"/home/thomasverwaal/Robust-Rail-NL/mathematical-models/scenarios_solver_types_120/scenario_solver_33_trains_33_units17.json","Cost of next node: Cost = 2,550.1 : 2,586.43 | cr=44, dd=33, da=12, tlv=7, sm=66, rd=148.18, cd=0, um=0","Time elapsed: 3.73 seconds","/home/thomasverwaal/Robust-Rail-NL/mathematical-models/local_search_plans_discreet_120/plan_33_trains_33_units17.json"
"/home/thomasverwaal/Robust-Rail-NL/mathematical-models/scenarios_solver_types_120/scenario_solver_33_trains_33_units17.json","Cost of next node: Cost = 2,529.5 : 2,570.79 | cr=41, dd=33, da=12, tlv=8, sm=66, rd=144.55, cd=0, um=0","Time elapsed: 4.00 seconds","/home/thomasverwaal/Robust-Rail-NL/mathematical-models/local_search_plans_discreet_120/plan_33_trains_33_units17.json"
"/home/thomasverwaal/Robust-Rail-NL/mathematical-models/scenarios_solver_types_120/scenario_solver_33_trains_33_units17.json","Cost of next node: Cost = 2,496.1 : 2,542.39 | cr=37, dd=33, da=12, tlv=9, sm=66, rd=140.91, cd=0, um=0","Time elapsed: 4.35 seconds","/home/thomasverwaal/Robust-Rail-NL/mathematical-models/local_search_plans_discreet_120/plan_33_trains_33_units17.json"
"/home/thomasverwaal/Robust-Rail-NL/mathematical-models/scenarios_solver_types_120/scenario_solver_33_trains_33_units17.json","Cost of next node: Cost = 2,467.1 : 2,518.40 | cr=32, dd=33, da=12, tlv=10, sm=66, rd=140.91, cd=0, um=0","Time elapsed: 4.86 seconds","/home/thomasverwaal/Robust-Rail-NL/mathematical-models/local_search_plans_discreet_120/plan_33_trains_33_units17.json"
"/home/thomasverwaal/Robust-Rail-NL/mathematical-models/scenarios_solver_types_120/scenario_solver_33_trains_33_units17.json","Cost of next node: Cost = 2,444.6 : 2,500.97 | cr=27, dd=33, da=12, tlv=11, sm=66, rd=147.27, cd=0, um=0","Time elapsed: 5.05 seconds","/home/thomasverwaal/Robust-Rail-NL/mathematical-models/local_search_plans_discreet_120/plan_33_trains_33_units17.json"
"/home/thomasverwaal/Robust-Rail-NL/mathematical-models/scenarios_solver_types_120/scenario_solver_33_trains_33_units17.json","Cost of next node: Cost = 2,396.5 : 2,452.87 | cr=25, dd=33, da=11, tlv=11, sm=66, rd=143.64, cd=0, um=0","Time elapsed: 5.24 seconds","/home/thomasverwaal/Robust-Rail-NL/mathematical-models/local_search_plans_discreet_120/plan_33_trains_33_units17.json"
"/home/thomasverwaal/Robust-Rail-NL/mathematical-models/scenarios_solver_types_120/scenario_solver_33_trains_33_units17.json","Cost of next node: Cost = 2,373.5 : 2,424.87 | cr=26, dd=33, da=11, tlv=10, sm=66, rd=137.27, cd=0, um=0","Time elapsed: 5.42 seconds","/home/thomasverwaal/Robust-Rail-NL/mathematical-models/local_search_plans_discreet_120/plan_33_trains_33_units17.json"
"/home/thomasverwaal/Robust-Rail-NL/mathematical-models/scenarios_solver_types_120/scenario_solver_33_trains_33_units17.json","Cost of next node: Cost = 2,350.3 : 2,401.57 | cr=23, dd=33, da=11, tlv=10, sm=66, rd=140.91, cd=0, um=0","Time elapsed: 5.54 seconds","/home/thomasverwaal/Robust-Rail-NL/mathematical-models/local_search_plans_discreet_120/plan_33_trains_33_units17.json"
"/home/thomasverwaal/Robust-Rail-NL/mathematical-models/scenarios_solver_types_120/scenario_solver_33_trains_33_units17.json","Cost of next node: Cost = 2,330.0 : 2,386.31 | cr=22, dd=33, da=10, tlv=11, sm=66, rd=142.73, cd=0, um=0","Time elapsed: 5.71 seconds","/home/thomasverwaal/Robust-Rail-NL/mathematical-models/local_search_plans_discreet_120/plan_33_trains_33_units17.json"
"/home/thomasverwaal/Robust-Rail-NL/mathematical-models/scenarios_solver_types_120/scenario_solver_33_trains_33_units17.json","Cost of next node: Cost = 2,302.5 : 2,363.87 | cr=20, dd=33, da=9, tlv=12, sm=66, rd=140.91, cd=0, um=0","Time elapsed: 5.88 seconds","/home/thomasverwaal/Robust-Rail-NL/mathematical-models/local_search_plans_discreet_120/plan_33_trains_33_units17.json"
"/home/thomasverwaal/Robust-Rail-NL/mathematical-models/scenarios_solver_types_120/scenario_solver_33_trains_33_units17.json","Cost of next node: Cost = 2,275.7 : 2,342.03 | cr=20, dd=33, da=8, tlv=13, sm=66, rd=131.82, cd=0, um=0","Time elapsed: 6.12 seconds","/home/thomasverwaal/Robust-Rail-NL/mathematical-models/local_search_plans_discreet_120/plan_33_trains_33_units17.json"
"/home/thomasverwaal/Robust-Rail-NL/mathematical-models/scenarios_solver_types_120/scenario_solver_33_trains_33_units17.json","Cost of next node: Cost = 2,252.3 : 2,323.67 | cr=21, dd=33, da=6, tlv=14, sm=66, rd=126.36, cd=0, um=0","Time elapsed: 6.39 seconds","/home/thomasverwaal/Robust-Rail-NL/mathematical-models/local_search_plans_discreet_120/plan_33_trains_33_units17.json"
"/home/thomasverwaal/Robust-Rail-NL/mathematical-models/scenarios_solver_types_120/scenario_solver_33_trains_33_units17.json","Cost of next node: Cost = 2,189.5 : 2,265.86 | cr=18, dd=33, da=5, tlv=15, sm=66, rd=117.27, cd=0, um=0","Time elapsed: 6.61 seconds","/home/thomasverwaal/Robust-Rail-NL/mathematical-models/local_search_plans_discreet_120/plan_33_trains_33_units17.json"
"/home/thomasverwaal/Robust-Rail-NL/mathematical-models/scenarios_solver_types_120/scenario_solver_33_trains_33_units17.json","Cost of next node: Cost = 2,161.9 : 2,238.26 | cr=18, dd=31, da=9, tlv=15, sm=66, rd=116.36, cd=0, um=0","Time elapsed: 6.79 seconds","/home/thomasverwaal/Robust-Rail-NL/mathematical-models/local_search_plans_discreet_120/plan_33_trains_33_units17.json"
"/home/thomasverwaal/Robust-Rail-NL/mathematical-models/scenarios_solver_types_120/scenario_solver_33_trains_33_units17.json","Cost of next node: Cost = 2,093.1 : 2,169.46 | cr=19, dd=31, da=5, tlv=15, sm=66, rd=111.82, cd=0, um=0","Time elapsed: 7.04 seconds","/home/thomasverwaal/Robust-Rail-NL/mathematical-models/local_search_plans_discreet_120/plan_33_trains_33_units17.json"
"/home/thomasverwaal/Robust-Rail-NL/mathematical-models/scenarios_solver_types_120/scenario_solver_33_trains_33_units17.json","Cost of next node: Cost = 2,041.9 : 2,118.23 | cr=19, dd=30, da=5, tlv=15, sm=66, rd=110.00, cd=0, um=0","Time elapsed: 7.30 seconds","/home/thomasverwaal/Robust-Rail-NL/mathematical-models/local_search_plans_discreet_120/plan_33_trains_33_units17.json"
"/home/thomasverwaal/Robust-Rail-NL/mathematical-models/scenarios_solver_types_120/scenario_solver_33_trains_33_units17.json","Cost of next node: Cost = 2,016.3 : 2,097.62 | cr=20, dd=29, da=5, tlv=16, sm=66, rd=108.18, cd=0, um=0","Time elapsed: 7.50 seconds","/home/thomasverwaal/Robust-Rail-NL/mathematical-models/local_search_plans_discreet_120/plan_33_trains_33_units17.json"
"/home/thomasverwaal/Robust-Rail-NL/mathematical-models/scenarios_solver_types_120/scenario_solver_33_trains_33_units17.json","Cost of next node: Cost = 1,937.7 : 2,024.01 | cr=21, dd=27, da=5, tlv=17, sm=66, rd=101.82, cd=0, um=0","Time elapsed: 7.65 seconds","/home/thomasverwaal/Robust-Rail-NL/mathematical-models/local_search_plans_discreet_120/plan_33_trains_33_units17.json"
"/home/thomasverwaal/Robust-Rail-NL/mathematical-models/scenarios_solver_types_120/scenario_solver_33_trains_33_units17.json","Cost of next node: Cost = 1,857.1 : 1,943.43 | cr=23, dd=25, da=5, tlv=17, sm=66, rd=100.00, cd=0, um=0","Time elapsed: 7.86 seconds","/home/thomasverwaal/Robust-Rail-NL/mathematical-models/local_search_plans_discreet_120/plan_33_trains_33_units17.json"
"/home/thomasverwaal/Robust-Rail-NL/mathematical-models/scenarios_solver_types_120/scenario_solver_33_trains_33_units17.json","Cost of next node: Cost = 1,832.1 : 1,913.43 | cr=22, dd=25, da=5, tlv=16, sm=66, rd=100.00, cd=0, um=0","Time elapsed: 7.99 seconds","/home/thomasverwaal/Robust-Rail-NL/mathematical-models/local_search_plans_discreet_120/plan_33_trains_33_units17.json"
"/home/thomasverwaal/Robust-Rail-NL/mathematical-models/scenarios_solver_types_120/scenario_solver_33_trains_33_units17.json","Cost of next node: Cost = 1,791.3 : 1,872.63 | cr=21, dd=24, da=6, tlv=16, sm=66, rd=100.00, cd=0, um=0","Time elapsed: 8.20 seconds","/home/thomasverwaal/Robust-Rail-NL/mathematical-models/local_search_plans_discreet_120/plan_33_trains_33_units17.json"
"/home/thomasverwaal/Robust-Rail-NL/mathematical-models/scenarios_solver_types_120/scenario_solver_33_trains_33_units17.json","Cost of next node: Cost = 1,538.4 : 1,624.70 | cr=19, dd=19, da=6, tlv=17, sm=66, rd=94.55, cd=0, um=0","Time elapsed: 8.40 seconds","/home/thomasverwaal/Robust-Rail-NL/mathematical-models/local_search_plans_discreet_120/plan_33_trains_33_units17.json"
"/home/thomasverwaal/Robust-Rail-NL/mathematical-models/scenarios_solver_types_120/scenario_solver_33_trains_33_units17.json","Cost of next node: Cost = 1,504.3 : 1,595.60 | cr=19, dd=18, da=6, tlv=18, sm=66, rd=92.73, cd=0, um=0","Time elapsed: 8.61 seconds","/home/thomasverwaal/Robust-Rail-NL/mathematical-models/local_search_plans_discreet_120/plan_33_trains_33_units17.json"
"/home/thomasverwaal/Robust-Rail-NL/mathematical-models/scenarios_solver_types_120/scenario_solver_33_trains_33_units17.json","Cost of next node: Cost = 1,213.3 : 1,309.62 | cr=21, dd=12, da=5, tlv=19, sm=66, rd=85.45, cd=0, um=0","Time elapsed: 8.80 seconds","/home/thomasverwaal/Robust-Rail-NL/mathematical-models/local_search_plans_discreet_120/plan_33_trains_33_units17.json"
"/home/thomasverwaal/Robust-Rail-NL/mathematical-models/scenarios_solver_types_120/scenario_solver_33_trains_33_units17.json","Cost of next node: Cost = 675.2 : 776.48 | cr=19, dd=2, da=4, tlv=20, sm=66, rd=74.55, cd=0, um=0","Time elapsed: 9.13 seconds","/home/thomasverwaal/Robust-Rail-NL/mathematical-models/local_search_plans_discreet_120/plan_33_trains_33_units17.json"
"/home/thomasverwaal/Robust-Rail-NL/mathematical-models/scenarios_solver_types_120/scenario_solver_33_trains_33_units17.json","Cost of next node: Cost = 640.2 : 736.57 | cr=19, dd=2, da=3, tlv=19, sm=66, rd=74.55, cd=0, um=0","Time elapsed: 9.27 seconds","/home/thomasverwaal/Robust-Rail-NL/mathematical-models/local_search_plans_discreet_120/plan_33_trains_33_units17.json"
"/home/thomasverwaal/Robust-Rail-NL/mathematical-models/scenarios_solver_types_120/scenario_solver_33_trains_33_units17.json","Cost of next node: Cost = 619.8 : 716.12 | cr=19, dd=2, da=2, tlv=19, sm=66, rd=72.73, cd=0, um=0","Time elapsed: 9.46 seconds","/home/thomasverwaal/Robust-Rail-NL/mathematical-models/local_search_plans_discreet_120/plan_33_trains_33_units17.json"
"/home/thomasverwaal/Robust-Rail-NL/mathematical-models/scenarios_solver_types_120/scenario_solver_33_trains_33_units17.json","Cost of next node: Cost = 470.0 : 571.32 | cr=17, dd=0, da=0, tlv=20, sm=66, rd=67.27, cd=0, um=0","Time elapsed: 9.90 seconds","/home/thomasverwaal/Robust-Rail-NL/mathematical-models/local_search_plans_discreet_120/plan_33_trains_33_units17.json"
"/home/thomasverwaal/Robust-Rail-NL/mathematical-models/scenarios_solver_types_120/scenario_solver_33_trains_33_units17.json","Cost of next node: Cost = 445.0 : 551.34 | cr=13, dd=0, da=0, tlv=21, sm=67, rd=68.06, cd=0, um=0","Time elapsed: 12.12 seconds","/home/thomasverwaal/Robust-Rail-NL/mathematical-models/local_search_plans_discreet_120/plan_33_trains_33_units17.json"
"/home/thomasverwaal/Robust-Rail-NL/mathematical-models/scenarios_solver_types_120/scenario_solver_33_trains_33_units17.json","Cost of next node: Cost = 430.0 : 531.34 | cr=13, dd=0, da=0, tlv=20, sm=67, rd=69.85, cd=0, um=0","Time elapsed: 16.34 seconds","/home/thomasverwaal/Robust-Rail-NL/mathematical-models/local_search_plans_discreet_120/plan_33_trains_33_units17.json"
"/home/thomasverwaal/Robust-Rail-NL/mathematical-models/scenarios_solver_types_120/scenario_solver_33_trains_33_units17.json","Cost of next node: Cost = 415.0 : 511.34 | cr=13, dd=0, da=0, tlv=19, sm=67, rd=71.64, cd=0, um=0","Time elapsed: 20.67 seconds","/home/thomasverwaal/Robust-Rail-NL/mathematical-models/local_search_plans_discreet_120/plan_33_trains_33_units17.json"
"/home/thomasverwaal/Robust-Rail-NL/mathematical-models/scenarios_solver_types_120/scenario_solver_33_trains_33_units17.json","Cost of next node: Cost = 400.0 : 491.34 | cr=13, dd=0, da=0, tlv=18, sm=67, rd=73.43, cd=0, um=0","Time elapsed: 24.28 seconds","/home/thomasverwaal/Robust-Rail-NL/mathematical-models/local_search_plans_discreet_120/plan_33_trains_33_units17.json"
"/home/thomasverwaal/Robust-Rail-NL/mathematical-models/scenarios_solver_types_120/scenario_solver_33_trains_33_units17.json","Cost of next node: Cost = 385.0 : 471.34 | cr=13, dd=0, da=0, tlv=17, sm=67, rd=75.22, cd=0, um=0","Time elapsed: 27.88 seconds","/home/thomasverwaal/Robust-Rail-NL/mathematical-models/local_search_plans_discreet_120/plan_33_trains_33_units17.json"
"/home/thomasverwaal/Robust-Rail-NL/mathematical-models/scenarios_solver_types_120/scenario_solver_33_trains_33_units17.json","Cost of next node: Cost = 370.0 : 451.34 | cr=13, dd=0, da=0, tlv=16, sm=67, rd=77.01, cd=0, um=0","Time elapsed: 30.94 seconds","/home/thomasverwaal/Robust-Rail-NL/mathematical-models/local_search_plans_discreet_120/plan_33_trains_33_units17.json"
"/home/thomasverwaal/Robust-Rail-NL/mathematical-models/scenarios_solver_types_120/scenario_solver_33_trains_33_units17.json","Cost of next node: Cost = 360.0 : 441.34 | cr=12, dd=0, da=0, tlv=16, sm=67, rd=77.01, cd=0, um=0","Time elapsed: 33.95 seconds","/home/thomasverwaal/Robust-Rail-NL/mathematical-models/local_search_plans_discreet_120/plan_33_trains_33_units17.json"
"/home/thomasverwaal/Robust-Rail-NL/mathematical-models/scenarios_solver_types_120/scenario_solver_33_trains_33_units17.json","Cost of next node: Cost = 350.0 : 431.34 | cr=11, dd=0, da=0, tlv=16, sm=67, rd=77.01, cd=0, um=0","Time elapsed: 36.53 seconds","/home/thomasverwaal/Robust-Rail-NL/mathematical-models/local_search_plans_discreet_120/plan_33_trains_33_units17.json"
"/home/thomasverwaal/Robust-Rail-NL/mathematical-models/scenarios_solver_types_120/scenario_solver_33_trains_33_units17.json","Cost of next node: Cost = 340.0 : 421.34 | cr=10, dd=0, da=0, tlv=16, sm=67, rd=77.01, cd=0, um=0","Time elapsed: 38.91 seconds","/home/thomasverwaal/Robust-Rail-NL/mathematical-models/local_search_plans_discreet_120/plan_33_trains_33_units17.json"
"/home/thomasverwaal/Robust-Rail-NL/mathematical-models/scenarios_solver_types_120/scenario_solver_33_trains_33_units17.json","Cost of next node: Cost = 330.0 : 411.34 | cr=9, dd=0, da=0, tlv=16, sm=67, rd=77.01, cd=0, um=0","Time elapsed: 40.98 seconds","/home/thomasverwaal/Robust-Rail-NL/mathematical-models/local_search_plans_discreet_120/plan_33_trains_33_units17.json"
"/home/thomasverwaal/Robust-Rail-NL/mathematical-models/scenarios_solver_types_120/scenario_solver_33_trains_33_units17.json","Cost of next node: Cost = 320.0 : 401.34 | cr=8, dd=0, da=0, tlv=16, sm=67, rd=77.01, cd=0, um=0","Time elapsed: 42.88 seconds","/home/thomasverwaal/Robust-Rail-NL/mathematical-models/local_search_plans_discreet_120/plan_33_trains_33_units17.json"
"/home/thomasverwaal/Robust-Rail-NL/mathematical-models/scenarios_solver_types_120/scenario_solver_33_trains_33_units17.json","Cost of next node: Cost = 310.0 : 391.34 | cr=7, dd=0, da=0, tlv=16, sm=67, rd=77.01, cd=0, um=0","Time elapsed: 44.37 seconds","/home/thomasverwaal/Robust-Rail-NL/mathematical-models/local_search_plans_discreet_120/plan_33_trains_33_units17.json"
"/home/thomasverwaal/Robust-Rail-NL/mathematical-models/scenarios_solver_types_120/scenario_solver_33_trains_33_units17.json","Cost of next node: Cost = 300.0 : 381.34 | cr=6, dd=0, da=0, tlv=16, sm=67, rd=78.81, cd=0, um=0","Time elapsed: 45.94 seconds","/home/thomasverwaal/Robust-Rail-NL/mathematical-models/local_search_plans_discreet_120/plan_33_trains_33_units17.json"
"/home/thomasverwaal/Robust-Rail-NL/mathematical-models/scenarios_solver_types_120/scenario_solver_33_trains_33_units17.json","Cost of next node: Cost = 290.0 : 371.34 | cr=5, dd=0, da=0, tlv=16, sm=67, rd=77.01, cd=0, um=0","Time elapsed: 47.33 seconds","/home/thomasverwaal/Robust-Rail-NL/mathematical-models/local_search_plans_discreet_120/plan_33_trains_33_units17.json"
"/home/thomasverwaal/Robust-Rail-NL/mathematical-models/scenarios_solver_types_120/scenario_solver_33_trains_33_units17.json","Cost of next node: Cost = 285.0 : 361.34 | cr=6, dd=0, da=0, tlv=15, sm=67, rd=77.01, cd=0, um=0","Time elapsed: 48.66 seconds","/home/thomasverwaal/Robust-Rail-NL/mathematical-models/local_search_plans_discreet_120/plan_33_trains_33_units17.json"
"/home/thomasverwaal/Robust-Rail-NL/mathematical-models/scenarios_solver_types_120/scenario_solver_33_trains_33_units17.json","NO_COST_FOUND","NO_TIME_FOUND","NO_PLAN_CREATED"
"/home/thomasverwaal/Robust-Rail-NL/mathematical-models/scenarios_solver_types_120/scenario_solver_33_trains_33_units18.json","Cost of next node: Cost = 2,953.7 : 2,960.01 | cr=51, dd=33, da=29, tlv=1, sm=66, rd=190.00, cd=0, um=0","Time elapsed: 2.23 seconds","/home/thomasverwaal/Robust-Rail-NL/mathematical-models/local_search_plans_discreet_120/plan_33_trains_33_units18.json"
"/home/thomasverwaal/Robust-Rail-NL/mathematical-models/scenarios_solver_types_120/scenario_solver_33_trains_33_units18.json","Cost of next node: Cost = 2,930.4 : 2,936.70 | cr=50, dd=33, da=29, tlv=1, sm=66, rd=188.18, cd=0, um=0","Time elapsed: 2.31 seconds","/home/thomasverwaal/Robust-Rail-NL/mathematical-models/local_search_plans_discreet_120/plan_33_trains_33_units18.json"
"/home/thomasverwaal/Robust-Rail-NL/mathematical-models/scenarios_solver_types_120/scenario_solver_33_trains_33_units18.json","Cost of next node: Cost = 2,907.7 : 2,919.05 | cr=48, dd=33, da=29, tlv=2, sm=66, rd=184.55, cd=0, um=0","Time elapsed: 2.45 seconds","/home/thomasverwaal/Robust-Rail-NL/mathematical-models/local_search_plans_discreet_120/plan_33_trains_33_units18.json"
"/home/thomasverwaal/Robust-Rail-NL/mathematical-models/scenarios_solver_types_120/scenario_solver_33_trains_33_units18.json","Cost of next node: Cost = 2,878.4 : 2,894.69 | cr=43, dd=33, da=28, tlv=3, sm=66, rd=190.91, cd=0, um=0","Time elapsed: 2.55 seconds","/home/thomasverwaal/Robust-Rail-NL/mathematical-models/local_search_plans_discreet_120/plan_33_trains_33_units18.json"
"/home/thomasverwaal/Robust-Rail-NL/mathematical-models/scenarios_solver_types_120/scenario_solver_33_trains_33_units18.json","Cost of next node: Cost = 2,851.1 : 2,872.41 | cr=41, dd=33, da=27, tlv=4, sm=66, rd=189.09, cd=0, um=0","Time elapsed: 2.67 seconds","/home/thomasverwaal/Robust-Rail-NL/mathematical-models/local_search_plans_discreet_120/plan_33_trains_33_units18.json"
"/home/thomasverwaal/Robust-Rail-NL/mathematical-models/scenarios_solver_types_120/scenario_solver_33_trains_33_units18.json","Cost of next node: Cost = 2,757.8 : 2,784.16 | cr=38, dd=33, da=24, tlv=5, sm=66, rd=182.73, cd=0, um=0","Time elapsed: 2.72 seconds","/home/thomasverwaal/Robust-Rail-NL/mathematical-models/local_search_plans_discreet_120/plan_33_trains_33_units18.json"
"/home/thomasverwaal/Robust-Rail-NL/mathematical-models/scenarios_solver_types_120/scenario_solver_33_trains_33_units18.json","Cost of next node: Cost = 2,737.3 : 2,763.65 | cr=39, dd=33, da=24, tlv=5, sm=66, rd=179.09, cd=0, um=0","Time elapsed: 2.89 seconds","/home/thomasverwaal/Robust-Rail-NL/mathematical-models/local_search_plans_discreet_120/plan_33_trains_33_units18.json"
"/home/thomasverwaal/Robust-Rail-NL/mathematical-models/scenarios_solver_types_120/scenario_solver_33_trains_33_units18.json","Cost of next node: Cost = 2,690.3 : 2,716.64 | cr=42, dd=33, da=21, tlv=5, sm=66, rd=171.82, cd=0, um=0","Time elapsed: 3.02 seconds","/home/thomasverwaal/Robust-Rail-NL/mathematical-models/local_search_plans_discreet_120/plan_33_trains_33_units18.json"
"/home/thomasverwaal/Robust-Rail-NL/mathematical-models/scenarios_solver_types_120/scenario_solver_33_trains_33_units18.json","Cost of next node: Cost = 2,653.0 : 2,684.28 | cr=43, dd=33, da=18, tlv=6, sm=66, rd=168.18, cd=0, um=0","Time elapsed: 3.15 seconds","/home/thomasverwaal/Robust-Rail-NL/mathematical-models/local_search_plans_discreet_120/plan_33_trains_33_units18.json"
"/home/thomasverwaal/Robust-Rail-NL/mathematical-models/scenarios_solver_types_120/scenario_solver_33_trains_33_units18.json","Cost of next node: Cost = 2,618.5 : 2,654.82 | cr=44, dd=33, da=15, tlv=7, sm=66, rd=164.55, cd=0, um=0","Time elapsed: 3.21 seconds","/home/thomasverwaal/Robust-Rail-NL/mathematical-models/local_search_plans_discreet_120/plan_33_trains_33_units18.json"
"/home/thomasverwaal/Robust-Rail-NL/mathematical-models/scenarios_solver_types_120/scenario_solver_33_trains_33_units18.json","Cost of next node: Cost = 2,583.4 : 2,624.71 | cr=43, dd=33, da=14, tlv=8, sm=66, rd=154.55, cd=0, um=0","Time elapsed: 3.33 seconds","/home/thomasverwaal/Robust-Rail-NL/mathematical-models/local_search_plans_discreet_120/plan_33_trains_33_units18.json"
"/home/thomasverwaal/Robust-Rail-NL/mathematical-models/scenarios_solver_types_120/scenario_solver_33_trains_33_units18.json","Cost of next node: Cost = 2,519.8 : 2,566.14 | cr=42, dd=33, da=11, tlv=9, sm=66, rd=145.45, cd=0, um=0","Time elapsed: 3.47 seconds","/home/thomasverwaal/Robust-Rail-NL/mathematical-models/local_search_plans_discreet_120/plan_33_trains_33_units18.json"
"/home/thomasverwaal/Robust-Rail-NL/mathematical-models/scenarios_solver_types_120/scenario_solver_33_trains_33_units18.json","Cost of next node: Cost = 2,496.5 : 2,542.79 | cr=40, dd=33, da=11, tlv=9, sm=66, rd=141.82, cd=0, um=0","Time elapsed: 3.64 seconds","/home/thomasverwaal/Robust-Rail-NL/mathematical-models/local_search_plans_discreet_120/plan_33_trains_33_units18.json"
"/home/thomasverwaal/Robust-Rail-NL/mathematical-models/scenarios_solver_types_120/scenario_solver_33_trains_33_units18.json","Cost of next node: Cost = 2,456.8 : 2,508.10 | cr=34, dd=33, da=11, tlv=10, sm=66, rd=141.82, cd=0, um=0","Time elapsed: 4.17 seconds","/home/thomasverwaal/Robust-Rail-NL/mathematical-models/local_search_plans_discreet_120/plan_33_trains_33_units18.json"
"/home/thomasverwaal/Robust-Rail-NL/mathematical-models/scenarios_solver_types_120/scenario_solver_33_trains_33_units18.json","Cost of next node: Cost = 2,432.9 : 2,479.24 | cr=33, dd=33, da=11, tlv=9, sm=66, rd=143.64, cd=0, um=0","Time elapsed: 4.55 seconds","/home/thomasverwaal/Robust-Rail-NL/mathematical-models/local_search_plans_discreet_120/plan_33_trains_33_units18.json"
"/home/thomasverwaal/Robust-Rail-NL/mathematical-models/scenarios_solver_types_120/scenario_solver_33_trains_33_units18.json","Cost of next node: Cost = 2,382.7 : 2,434.02 | cr=32, dd=33, da=9, tlv=10, sm=66, rd=138.18, cd=0, um=0","Time elapsed: 5.10 seconds","/home/thomasverwaal/Robust-Rail-NL/mathematical-models/local_search_plans_discreet_120/plan_33_trains_33_units18.json"
"/home/thomasverwaal/Robust-Rail-NL/mathematical-models/scenarios_solver_types_120/scenario_solver_33_trains_33_units18.json","Cost of next node: Cost = 2,360.7 : 2,411.99 | cr=30, dd=33, da=9, tlv=10, sm=66, rd=136.36, cd=0, um=0","Time elapsed: 5.35 seconds","/home/thomasverwaal/Robust-Rail-NL/mathematical-models/local_search_plans_discreet_120/plan_33_trains_33_units18.json"
"/home/thomasverwaal/Robust-Rail-NL/mathematical-models/scenarios_solver_types_120/scenario_solver_33_trains_33_units18.json","Cost of next node: Cost = 2,328.6 : 2,384.89 | cr=28, dd=33, da=8, tlv=11, sm=66, rd=132.73, cd=0, um=0","Time elapsed: 5.64 seconds","/home/thomasverwaal/Robust-Rail-NL/mathematical-models/local_search_plans_discreet_120/plan_33_trains_33_units18.json"
"/home/thomasverwaal/Robust-Rail-NL/mathematical-models/scenarios_solver_types_120/scenario_solver_33_trains_33_units18.json","Cost of next node: Cost = 2,287.0 : 2,343.35 | cr=27, dd=33, da=7, tlv=11, sm=66, rd=125.45, cd=0, um=0","Time elapsed: 5.97 seconds","/home/thomasverwaal/Robust-Rail-NL/mathematical-models/local_search_plans_discreet_120/plan_33_trains_33_units18.json"
"/home/thomasverwaal/Robust-Rail-NL/mathematical-models/scenarios_solver_types_120/scenario_solver_33_trains_33_units18.json","Cost of next node: Cost = 2,258.7 : 2,320.02 | cr=26, dd=33, da=6, tlv=12, sm=66, rd=120.00, cd=0, um=0","Time elapsed: 6.29 seconds","/home/thomasverwaal/Robust-Rail-NL/mathematical-models/local_search_plans_discreet_120/plan_33_trains_33_units18.json"
"/home/thomasverwaal/Robust-Rail-NL/mathematical-models/scenarios_solver_types_120/scenario_solver_33_trains_33_units18.json","Cost of next node: Cost = 2,219.5 : 2,285.84 | cr=24, dd=33, da=5, tlv=13, sm=66, rd=114.55, cd=0, um=0","Time elapsed: 6.66 seconds","/home/thomasverwaal/Robust-Rail-NL/mathematical-models/local_search_plans_discreet_120/plan_33_trains_33_units18.json"
"/home/thomasverwaal/Robust-Rail-NL/mathematical-models/scenarios_solver_types_120/scenario_solver_33_trains_33_units18.json","Cost of next node: Cost = 2,178.9 : 2,245.23 | cr=25, dd=32, da=5, tlv=13, sm=66, rd=112.73, cd=0, um=0","Time elapsed: 6.94 seconds","/home/thomasverwaal/Robust-Rail-NL/mathematical-models/local_search_plans_discreet_120/plan_33_trains_33_units18.json"
"/home/thomasverwaal/Robust-Rail-NL/mathematical-models/scenarios_solver_types_120/scenario_solver_33_trains_33_units18.json","Cost of next node: Cost = 2,140.0 : 2,211.32 | cr=25, dd=31, da=5, tlv=14, sm=66, rd=107.27, cd=0, um=0","Time elapsed: 7.28 seconds","/home/thomasverwaal/Robust-Rail-NL/mathematical-models/local_search_plans_discreet_120/plan_33_trains_33_units18.json"
"/home/thomasverwaal/Robust-Rail-NL/mathematical-models/scenarios_solver_types_120/scenario_solver_33_trains_33_units18.json","Cost of next node: Cost = 1,445.0 : 1,521.34 | cr=22, dd=18, da=4, tlv=15, sm=66, rd=98.18, cd=0, um=0","Time elapsed: 7.75 seconds","/home/thomasverwaal/Robust-Rail-NL/mathematical-models/local_search_plans_discreet_120/plan_33_trains_33_units18.json"
"/home/thomasverwaal/Robust-Rail-NL/mathematical-models/scenarios_solver_types_120/scenario_solver_33_trains_33_units18.json","Cost of next node: Cost = 1,355.6 : 1,431.90 | cr=23, dd=16, da=4, tlv=15, sm=66, rd=96.36, cd=0, um=0","Time elapsed: 8.02 seconds","/home/thomasverwaal/Robust-Rail-NL/mathematical-models/local_search_plans_discreet_120/plan_33_trains_33_units18.json"
"/home/thomasverwaal/Robust-Rail-NL/mathematical-models/scenarios_solver_types_120/scenario_solver_33_trains_33_units18.json","Cost of next node: Cost = 1,271.3 : 1,352.60 | cr=23, dd=14, da=4, tlv=16, sm=66, rd=94.55, cd=0, um=0","Time elapsed: 8.24 seconds","/home/thomasverwaal/Robust-Rail-NL/mathematical-models/local_search_plans_discreet_120/plan_33_trains_33_units18.json"
"/home/thomasverwaal/Robust-Rail-NL/mathematical-models/scenarios_solver_types_120/scenario_solver_33_trains_33_units18.json","Cost of next node: Cost = 1,031.6 : 1,117.88 | cr=20, dd=10, da=3, tlv=17, sm=66, rd=87.27, cd=0, um=0","Time elapsed: 8.54 seconds","/home/thomasverwaal/Robust-Rail-NL/mathematical-models/local_search_plans_discreet_120/plan_33_trains_33_units18.json"
"/home/thomasverwaal/Robust-Rail-NL/mathematical-models/scenarios_solver_types_120/scenario_solver_33_trains_33_units18.json","Cost of next node: Cost = 704.7 : 796.00 | cr=19, dd=4, da=2, tlv=18, sm=66, rd=76.36, cd=0, um=0","Time elapsed: 8.98 seconds","/home/thomasverwaal/Robust-Rail-NL/mathematical-models/local_search_plans_discreet_120/plan_33_trains_33_units18.json"
"/home/thomasverwaal/Robust-Rail-NL/mathematical-models/scenarios_solver_types_120/scenario_solver_33_trains_33_units18.json","Cost of next node: Cost = 659.4 : 755.67 | cr=18, dd=3, da=2, tlv=19, sm=66, rd=74.55, cd=0, um=0","Time elapsed: 9.30 seconds","/home/thomasverwaal/Robust-Rail-NL/mathematical-models/local_search_plans_discreet_120/plan_33_trains_33_units18.json"
"/home/thomasverwaal/Robust-Rail-NL/mathematical-models/scenarios_solver_types_120/scenario_solver_33_trains_33_units18.json","Cost of next node: Cost = 644.4 : 735.67 | cr=18, dd=3, da=2, tlv=18, sm=66, rd=74.55, cd=0, um=0","Time elapsed: 16.45 seconds","/home/thomasverwaal/Robust-Rail-NL/mathematical-models/local_search_plans_discreet_120/plan_33_trains_33_units18.json"
"/home/thomasverwaal/Robust-Rail-NL/mathematical-models/scenarios_solver_types_120/scenario_solver_33_trains_33_units18.json","Cost of next node: Cost = 629.4 : 715.67 | cr=18, dd=3, da=2, tlv=17, sm=66, rd=76.36, cd=0, um=0","Time elapsed: 22.90 seconds","/home/thomasverwaal/Robust-Rail-NL/mathematical-models/local_search_plans_discreet_120/plan_33_trains_33_units18.json"
"/home/thomasverwaal/Robust-Rail-NL/mathematical-models/scenarios_solver_types_120/scenario_solver_33_trains_33_units18.json","Cost of next node: Cost = 614.4 : 695.67 | cr=18, dd=3, da=2, tlv=16, sm=66, rd=78.18, cd=0, um=0","Time elapsed: 29.13 seconds","/home/thomasverwaal/Robust-Rail-NL/mathematical-models/local_search_plans_discreet_120/plan_33_trains_33_units18.json"
"/home/thomasverwaal/Robust-Rail-NL/mathematical-models/scenarios_solver_types_120/scenario_solver_33_trains_33_units18.json","Cost of next node: Cost = 599.4 : 675.67 | cr=18, dd=3, da=2, tlv=15, sm=66, rd=80.00, cd=0, um=0","Time elapsed: 34.56 seconds","/home/thomasverwaal/Robust-Rail-NL/mathematical-models/local_search_plans_discreet_120/plan_33_trains_33_units18.json"
"/home/thomasverwaal/Robust-Rail-NL/mathematical-models/scenarios_solver_types_120/scenario_solver_33_trains_33_units18.json","Cost of next node: Cost = 589.4 : 665.67 | cr=17, dd=3, da=2, tlv=15, sm=66, rd=80.00, cd=0, um=0","Time elapsed: 39.54 seconds","/home/thomasverwaal/Robust-Rail-NL/mathematical-models/local_search_plans_discreet_120/plan_33_trains_33_units18.json"
"/home/thomasverwaal/Robust-Rail-NL/mathematical-models/scenarios_solver_types_120/scenario_solver_33_trains_33_units18.json","Cost of next node: Cost = 579.4 : 655.67 | cr=16, dd=3, da=2, tlv=15, sm=66, rd=80.00, cd=0, um=0","Time elapsed: 43.70 seconds","/home/thomasverwaal/Robust-Rail-NL/mathematical-models/local_search_plans_discreet_120/plan_33_trains_33_units18.json"
"/home/thomasverwaal/Robust-Rail-NL/mathematical-models/scenarios_solver_types_120/scenario_solver_33_trains_33_units18.json","Cost of next node: Cost = 569.4 : 645.67 | cr=15, dd=3, da=2, tlv=15, sm=66, rd=80.00, cd=0, um=0","Time elapsed: 47.23 seconds","/home/thomasverwaal/Robust-Rail-NL/mathematical-models/local_search_plans_discreet_120/plan_33_trains_33_units18.json"
"/home/thomasverwaal/Robust-Rail-NL/mathematical-models/scenarios_solver_types_120/scenario_solver_33_trains_33_units18.json","Cost of next node: Cost = 559.4 : 635.67 | cr=14, dd=3, da=2, tlv=15, sm=66, rd=80.00, cd=0, um=0","Time elapsed: 50.22 seconds","/home/thomasverwaal/Robust-Rail-NL/mathematical-models/local_search_plans_discreet_120/plan_33_trains_33_units18.json"
"/home/thomasverwaal/Robust-Rail-NL/mathematical-models/scenarios_solver_types_120/scenario_solver_33_trains_33_units18.json","Cost of next node: Cost = 549.4 : 625.67 | cr=13, dd=3, da=2, tlv=15, sm=66, rd=80.00, cd=0, um=0","Time elapsed: 52.78 seconds","/home/thomasverwaal/Robust-Rail-NL/mathematical-models/local_search_plans_discreet_120/plan_33_trains_33_units18.json"
"/home/thomasverwaal/Robust-Rail-NL/mathematical-models/scenarios_solver_types_120/scenario_solver_33_trains_33_units18.json","Cost of next node: Cost = 539.4 : 615.67 | cr=12, dd=3, da=2, tlv=15, sm=66, rd=80.00, cd=0, um=0","Time elapsed: 55.05 seconds","/home/thomasverwaal/Robust-Rail-NL/mathematical-models/local_search_plans_discreet_120/plan_33_trains_33_units18.json"
"/home/thomasverwaal/Robust-Rail-NL/mathematical-models/scenarios_solver_types_120/scenario_solver_33_trains_33_units18.json","Cost of next node: Cost = 529.4 : 605.69 | cr=11, dd=3, da=2, tlv=15, sm=67, rd=80.60, cd=0, um=0","Time elapsed: 57.32 seconds","/home/thomasverwaal/Robust-Rail-NL/mathematical-models/local_search_plans_discreet_120/plan_33_trains_33_units18.json"
"/home/thomasverwaal/Robust-Rail-NL/mathematical-models/scenarios_solver_types_120/scenario_solver_33_trains_33_units18.json","Cost of next node: Cost = 519.4 : 595.69 | cr=10, dd=3, da=2, tlv=15, sm=67, rd=80.60, cd=0, um=0","Time elapsed: 59.40 seconds","/home/thomasverwaal/Robust-Rail-NL/mathematical-models/local_search_plans_discreet_120/plan_33_trains_33_units18.json"
"/home/thomasverwaal/Robust-Rail-NL/mathematical-models/scenarios_solver_types_120/scenario_solver_33_trains_33_units18.json","Cost of next node: Cost = 514.4 : 585.69 | cr=11, dd=3, da=2, tlv=14, sm=67, rd=82.39, cd=0, um=0","Time elapsed: 61.29 seconds","/home/thomasverwaal/Robust-Rail-NL/mathematical-models/local_search_plans_discreet_120/plan_33_trains_33_units18.json"
"/home/thomasverwaal/Robust-Rail-NL/mathematical-models/scenarios_solver_types_120/scenario_solver_33_trains_33_units18.json","Cost of next node: Cost = 427.4 : 503.74 | cr=11, dd=1, da=2, tlv=15, sm=67, rd=80.60, cd=0, um=0","Time elapsed: 68.66 seconds","/home/thomasverwaal/Robust-Rail-NL/mathematical-models/local_search_plans_discreet_120/plan_33_trains_33_units18.json"
"/home/thomasverwaal/Robust-Rail-NL/mathematical-models/scenarios_solver_types_120/scenario_solver_33_trains_33_units18.json","Cost of next node: Cost = 402.4 : 473.74 | cr=12, dd=1, da=1, tlv=14, sm=67, rd=82.39, cd=0, um=0","Time elapsed: 68.79 seconds","/home/thomasverwaal/Robust-Rail-NL/mathematical-models/local_search_plans_discreet_120/plan_33_trains_33_units18.json"
"/home/thomasverwaal/Robust-Rail-NL/mathematical-models/scenarios_solver_types_120/scenario_solver_33_trains_33_units18.json","Cost of next node: Cost = 371.5 : 442.84 | cr=11, dd=1, da=0, tlv=14, sm=67, rd=80.60, cd=0, um=0","Time elapsed: 68.84 seconds","/home/thomasverwaal/Robust-Rail-NL/mathematical-models/local_search_plans_discreet_120/plan_33_trains_33_units18.json"
"/home/thomasverwaal/Robust-Rail-NL/mathematical-models/scenarios_solver_types_120/scenario_solver_33_trains_33_units18.json","Cost of next node: Cost = 341.5 : 412.84 | cr=8, dd=1, da=0, tlv=14, sm=67, rd=78.81, cd=0, um=0","Time elapsed: 69.19 seconds","/home/thomasverwaal/Robust-Rail-NL/mathematical-models/local_search_plans_discreet_120/plan_33_trains_33_units18.json"
"/home/thomasverwaal/Robust-Rail-NL/mathematical-models/scenarios_solver_types_120/scenario_solver_33_trains_33_units18.json","Cost of next node: Cost = 331.5 : 402.84 | cr=7, dd=1, da=0, tlv=14, sm=67, rd=78.81, cd=0, um=0","Time elapsed: 70.81 seconds","/home/thomasverwaal/Robust-Rail-NL/mathematical-models/local_search_plans_discreet_120/plan_33_trains_33_units18.json"
"/home/thomasverwaal/Robust-Rail-NL/mathematical-models/scenarios_solver_types_120/scenario_solver_33_trains_33_units18.json","Cost of next node: Cost = 326.5 : 392.86 | cr=8, dd=1, da=0, tlv=13, sm=68, rd=81.18, cd=0, um=0","Time elapsed: 71.94 seconds","/home/thomasverwaal/Robust-Rail-NL/mathematical-models/local_search_plans_discreet_120/plan_33_trains_33_units18.json"
"/home/thomasverwaal/Robust-Rail-NL/mathematical-models/scenarios_solver_types_120/scenario_solver_33_trains_33_units18.json","Cost of next node: Cost = 321.5 : 392.86 | cr=6, dd=1, da=0, tlv=14, sm=68, rd=79.41, cd=0, um=0","Time elapsed: 73.36 seconds","/home/thomasverwaal/Robust-Rail-NL/mathematical-models/local_search_plans_discreet_120/plan_33_trains_33_units18.json"
"/home/thomasverwaal/Robust-Rail-NL/mathematical-models/scenarios_solver_types_120/scenario_solver_33_trains_33_units18.json","Cost of next node: Cost = 306.5 : 372.88 | cr=6, dd=1, da=0, tlv=13, sm=69, rd=80.00, cd=0, um=0","Time elapsed: 74.74 seconds","/home/thomasverwaal/Robust-Rail-NL/mathematical-models/local_search_plans_discreet_120/plan_33_trains_33_units18.json"
"/home/thomasverwaal/Robust-Rail-NL/mathematical-models/scenarios_solver_types_120/scenario_solver_33_trains_33_units18.json","Cost of next node: Cost = 296.5 : 362.88 | cr=5, dd=1, da=0, tlv=13, sm=69, rd=80.00, cd=0, um=0","Time elapsed: 83.64 seconds","/home/thomasverwaal/Robust-Rail-NL/mathematical-models/local_search_plans_discreet_120/plan_33_trains_33_units18.json"
"/home/thomasverwaal/Robust-Rail-NL/mathematical-models/scenarios_solver_types_120/scenario_solver_33_trains_33_units18.json","Cost of next node: Cost = 280.0 : 351.38 | cr=7, dd=0, da=0, tlv=14, sm=69, rd=80.00, cd=0, um=0","Time elapsed: 88.15 seconds","/home/thomasverwaal/Robust-Rail-NL/mathematical-models/local_search_plans_discreet_120/plan_33_trains_33_units18.json"
"/home/thomasverwaal/Robust-Rail-NL/mathematical-models/scenarios_solver_types_120/scenario_solver_33_trains_33_units18.json","Cost of next node: Cost = 270.0 : 341.38 | cr=6, dd=0, da=0, tlv=14, sm=69, rd=78.26, cd=0, um=0","Time elapsed: 90.00 seconds","/home/thomasverwaal/Robust-Rail-NL/mathematical-models/local_search_plans_discreet_120/plan_33_trains_33_units18.json"
"/home/thomasverwaal/Robust-Rail-NL/mathematical-models/scenarios_solver_types_120/scenario_solver_33_trains_33_units18.json","Cost of next node: Cost = 260.0 : 331.40 | cr=5, dd=0, da=0, tlv=14, sm=70, rd=77.14, cd=0, um=0","Time elapsed: 182.22 seconds","/home/thomasverwaal/Robust-Rail-NL/mathematical-models/local_search_plans_discreet_120/plan_33_trains_33_units18.json"
"/home/thomasverwaal/Robust-Rail-NL/mathematical-models/scenarios_solver_types_120/scenario_solver_33_trains_33_units18.json","NO_COST_FOUND","NO_TIME_FOUND","NO_PLAN_CREATED"
