scenario,cost_line,time_line,plan_file
"/home/thomasverwaal/Robust-Rail-NL/mathematical-models/scenarios_solver_types_120/scenario_solver_33_trains_1_units28.json","Cost of next node: Cost = 2,819.5 : 2,820.83 | cr=41, dd=33, da=31, tlv=0, sm=66, rd=178.18, cd=0, um=0","Time elapsed: 4.46 seconds","/home/thomasverwaal/Robust-Rail-NL/mathematical-models/local_search_plans_discreet_120/plan_33_trains_1_units28.json"
"/home/thomasverwaal/Robust-Rail-NL/mathematical-models/scenarios_solver_types_120/scenario_solver_33_trains_1_units28.json","Cost of next node: Cost = 2,792.2 : 2,793.51 | cr=39, dd=33, da=31, tlv=0, sm=66, rd=176.36, cd=0, um=0","Time elapsed: 4.60 seconds","/home/thomasverwaal/Robust-Rail-NL/mathematical-models/local_search_plans_discreet_120/plan_33_trains_1_units28.json"
"/home/thomasverwaal/Robust-Rail-NL/mathematical-models/scenarios_solver_types_120/scenario_solver_33_trains_1_units28.json","Cost of next node: Cost = 2,771.7 : 2,773.07 | cr=37, dd=33, da=31, tlv=0, sm=66, rd=176.36, cd=0, um=0","Time elapsed: 4.89 seconds","/home/thomasverwaal/Robust-Rail-NL/mathematical-models/local_search_plans_discreet_120/plan_33_trains_1_units28.json"
"/home/thomasverwaal/Robust-Rail-NL/mathematical-models/scenarios_solver_types_120/scenario_solver_33_trains_1_units28.json","Cost of next node: Cost = 2,751.0 : 2,752.36 | cr=35, dd=33, da=31, tlv=0, sm=66, rd=176.36, cd=0, um=0","Time elapsed: 5.23 seconds","/home/thomasverwaal/Robust-Rail-NL/mathematical-models/local_search_plans_discreet_120/plan_33_trains_1_units28.json"
"/home/thomasverwaal/Robust-Rail-NL/mathematical-models/scenarios_solver_types_120/scenario_solver_33_trains_1_units28.json","Cost of next node: Cost = 2,718.4 : 2,719.71 | cr=36, dd=33, da=30, tlv=0, sm=66, rd=171.82, cd=0, um=0","Time elapsed: 5.57 seconds","/home/thomasverwaal/Robust-Rail-NL/mathematical-models/local_search_plans_discreet_120/plan_33_trains_1_units28.json"
"/home/thomasverwaal/Robust-Rail-NL/mathematical-models/scenarios_solver_types_120/scenario_solver_33_trains_1_units28.json","Cost of next node: Cost = 2,684.7 : 2,686.06 | cr=37, dd=33, da=29, tlv=0, sm=66, rd=165.45, cd=0, um=0","Time elapsed: 5.93 seconds","/home/thomasverwaal/Robust-Rail-NL/mathematical-models/local_search_plans_discreet_120/plan_33_trains_1_units28.json"
"/home/thomasverwaal/Robust-Rail-NL/mathematical-models/scenarios_solver_types_120/scenario_solver_33_trains_1_units28.json","Cost of next node: Cost = 2,604.9 : 2,611.23 | cr=34, dd=33, da=26, tlv=1, sm=66, rd=162.73, cd=0, um=0","Time elapsed: 6.24 seconds","/home/thomasverwaal/Robust-Rail-NL/mathematical-models/local_search_plans_discreet_120/plan_33_trains_1_units28.json"
"/home/thomasverwaal/Robust-Rail-NL/mathematical-models/scenarios_solver_types_120/scenario_solver_33_trains_1_units28.json","Cost of next node: Cost = 2,584.7 : 2,591.05 | cr=32, dd=33, da=26, tlv=1, sm=66, rd=162.73, cd=0, um=0","Time elapsed: 6.30 seconds","/home/thomasverwaal/Robust-Rail-NL/mathematical-models/local_search_plans_discreet_120/plan_33_trains_1_units28.json"
"/home/thomasverwaal/Robust-Rail-NL/mathematical-models/scenarios_solver_types_120/scenario_solver_33_trains_1_units28.json","Cost of next node: Cost = 2,479.8 : 2,491.12 | cr=31, dd=33, da=20, tlv=2, sm=66, rd=166.36, cd=0, um=0","Time elapsed: 6.62 seconds","/home/thomasverwaal/Robust-Rail-NL/mathematical-models/local_search_plans_discreet_120/plan_33_trains_1_units28.json"
"/home/thomasverwaal/Robust-Rail-NL/mathematical-models/scenarios_solver_types_120/scenario_solver_33_trains_1_units28.json","Cost of next node: Cost = 2,453.5 : 2,469.79 | cr=31, dd=33, da=18, tlv=3, sm=66, rd=164.55, cd=0, um=0","Time elapsed: 6.90 seconds","/home/thomasverwaal/Robust-Rail-NL/mathematical-models/local_search_plans_discreet_120/plan_33_trains_1_units28.json"
"/home/thomasverwaal/Robust-Rail-NL/mathematical-models/scenarios_solver_types_120/scenario_solver_33_trains_1_units28.json","Cost of next node: Cost = 2,425.6 : 2,446.89 | cr=33, dd=33, da=15, tlv=4, sm=66, rd=159.09, cd=0, um=0","Time elapsed: 7.13 seconds","/home/thomasverwaal/Robust-Rail-NL/mathematical-models/local_search_plans_discreet_120/plan_33_trains_1_units28.json"
"/home/thomasverwaal/Robust-Rail-NL/mathematical-models/scenarios_solver_types_120/scenario_solver_33_trains_1_units28.json","Cost of next node: Cost = 2,398.0 : 2,424.30 | cr=31, dd=33, da=14, tlv=5, sm=66, rd=155.45, cd=0, um=0","Time elapsed: 7.71 seconds","/home/thomasverwaal/Robust-Rail-NL/mathematical-models/local_search_plans_discreet_120/plan_33_trains_1_units28.json"
"/home/thomasverwaal/Robust-Rail-NL/mathematical-models/scenarios_solver_types_120/scenario_solver_33_trains_1_units28.json","Cost of next node: Cost = 2,363.0 : 2,394.30 | cr=26, dd=33, da=14, tlv=6, sm=66, rd=155.45, cd=0, um=0","Time elapsed: 8.60 seconds","/home/thomasverwaal/Robust-Rail-NL/mathematical-models/local_search_plans_discreet_120/plan_33_trains_1_units28.json"
"/home/thomasverwaal/Robust-Rail-NL/mathematical-models/scenarios_solver_types_120/scenario_solver_33_trains_1_units28.json","Cost of next node: Cost = 2,333.0 : 2,364.30 | cr=23, dd=33, da=14, tlv=6, sm=66, rd=155.45, cd=0, um=0","Time elapsed: 8.69 seconds","/home/thomasverwaal/Robust-Rail-NL/mathematical-models/local_search_plans_discreet_120/plan_33_trains_1_units28.json"
"/home/thomasverwaal/Robust-Rail-NL/mathematical-models/scenarios_solver_types_120/scenario_solver_33_trains_1_units28.json","Cost of next node: Cost = 2,291.3 : 2,327.60 | cr=19, dd=33, da=14, tlv=7, sm=66, rd=147.27, cd=0, um=0","Time elapsed: 9.11 seconds","/home/thomasverwaal/Robust-Rail-NL/mathematical-models/local_search_plans_discreet_120/plan_33_trains_1_units28.json"
"/home/thomasverwaal/Robust-Rail-NL/mathematical-models/scenarios_solver_types_120/scenario_solver_33_trains_1_units28.json","Cost of next node: Cost = 2,269.1 : 2,300.38 | cr=19, dd=33, da=14, tlv=6, sm=66, rd=144.55, cd=0, um=0","Time elapsed: 9.47 seconds","/home/thomasverwaal/Robust-Rail-NL/mathematical-models/local_search_plans_discreet_120/plan_33_trains_1_units28.json"
"/home/thomasverwaal/Robust-Rail-NL/mathematical-models/scenarios_solver_types_120/scenario_solver_33_trains_1_units28.json","Cost of next node: Cost = 2,223.7 : 2,254.97 | cr=16, dd=33, da=14, tlv=6, sm=66, rd=138.18, cd=0, um=0","Time elapsed: 9.89 seconds","/home/thomasverwaal/Robust-Rail-NL/mathematical-models/local_search_plans_discreet_120/plan_33_trains_1_units28.json"
"/home/thomasverwaal/Robust-Rail-NL/mathematical-models/scenarios_solver_types_120/scenario_solver_33_trains_1_units28.json","Cost of next node: Cost = 2,046.1 : 2,082.46 | cr=24, dd=28, da=14, tlv=7, sm=66, rd=130.91, cd=0, um=0","Time elapsed: 10.09 seconds","/home/thomasverwaal/Robust-Rail-NL/mathematical-models/local_search_plans_discreet_120/plan_33_trains_1_units28.json"
"/home/thomasverwaal/Robust-Rail-NL/mathematical-models/scenarios_solver_types_120/scenario_solver_33_trains_1_units28.json","Cost of next node: Cost = 1,995.4 : 2,031.73 | cr=24, dd=27, da=14, tlv=7, sm=66, rd=130.00, cd=0, um=0","Time elapsed: 10.16 seconds","/home/thomasverwaal/Robust-Rail-NL/mathematical-models/local_search_plans_discreet_120/plan_33_trains_1_units28.json"
"/home/thomasverwaal/Robust-Rail-NL/mathematical-models/scenarios_solver_types_120/scenario_solver_33_trains_1_units28.json","Cost of next node: Cost = 1,965.2 : 2,001.51 | cr=26, dd=26, da=14, tlv=7, sm=66, rd=130.00, cd=0, um=0","Time elapsed: 10.26 seconds","/home/thomasverwaal/Robust-Rail-NL/mathematical-models/local_search_plans_discreet_120/plan_33_trains_1_units28.json"
"/home/thomasverwaal/Robust-Rail-NL/mathematical-models/scenarios_solver_types_120/scenario_solver_33_trains_1_units28.json","Cost of next node: Cost = 1,915.2 : 1,951.50 | cr=26, dd=25, da=14, tlv=7, sm=66, rd=130.00, cd=0, um=0","Time elapsed: 10.36 seconds","/home/thomasverwaal/Robust-Rail-NL/mathematical-models/local_search_plans_discreet_120/plan_33_trains_1_units28.json"
"/home/thomasverwaal/Robust-Rail-NL/mathematical-models/scenarios_solver_types_120/scenario_solver_33_trains_1_units28.json","Cost of next node: Cost = 1,816.1 : 1,852.47 | cr=26, dd=23, da=14, tlv=7, sm=66, rd=130.00, cd=0, um=0","Time elapsed: 10.55 seconds","/home/thomasverwaal/Robust-Rail-NL/mathematical-models/local_search_plans_discreet_120/plan_33_trains_1_units28.json"
"/home/thomasverwaal/Robust-Rail-NL/mathematical-models/scenarios_solver_types_120/scenario_solver_33_trains_1_units28.json","Cost of next node: Cost = 1,775.7 : 1,811.97 | cr=27, dd=22, da=14, tlv=7, sm=66, rd=128.18, cd=0, um=0","Time elapsed: 10.66 seconds","/home/thomasverwaal/Robust-Rail-NL/mathematical-models/local_search_plans_discreet_120/plan_33_trains_1_units28.json"
"/home/thomasverwaal/Robust-Rail-NL/mathematical-models/scenarios_solver_types_120/scenario_solver_33_trains_1_units28.json","Cost of next node: Cost = 1,736.3 : 1,772.66 | cr=28, dd=21, da=14, tlv=7, sm=66, rd=128.18, cd=0, um=0","Time elapsed: 10.78 seconds","/home/thomasverwaal/Robust-Rail-NL/mathematical-models/local_search_plans_discreet_120/plan_33_trains_1_units28.json"
"/home/thomasverwaal/Robust-Rail-NL/mathematical-models/scenarios_solver_types_120/scenario_solver_33_trains_1_units28.json","Cost of next node: Cost = 1,687.7 : 1,723.98 | cr=28, dd=20, da=14, tlv=7, sm=66, rd=128.18, cd=0, um=0","Time elapsed: 10.86 seconds","/home/thomasverwaal/Robust-Rail-NL/mathematical-models/local_search_plans_discreet_120/plan_33_trains_1_units28.json"
"/home/thomasverwaal/Robust-Rail-NL/mathematical-models/scenarios_solver_types_120/scenario_solver_33_trains_1_units28.json","Cost of next node: Cost = 1,594.8 : 1,631.15 | cr=29, dd=18, da=14, tlv=7, sm=66, rd=127.27, cd=0, um=0","Time elapsed: 11.06 seconds","/home/thomasverwaal/Robust-Rail-NL/mathematical-models/local_search_plans_discreet_120/plan_33_trains_1_units28.json"
"/home/thomasverwaal/Robust-Rail-NL/mathematical-models/scenarios_solver_types_120/scenario_solver_33_trains_1_units28.json","Cost of next node: Cost = 1,507.3 : 1,548.59 | cr=28, dd=17, da=12, tlv=8, sm=66, rd=123.64, cd=0, um=0","Time elapsed: 11.18 seconds","/home/thomasverwaal/Robust-Rail-NL/mathematical-models/local_search_plans_discreet_120/plan_33_trains_1_units28.json"
"/home/thomasverwaal/Robust-Rail-NL/mathematical-models/scenarios_solver_types_120/scenario_solver_33_trains_1_units28.json","Cost of next node: Cost = 1,446.1 : 1,487.40 | cr=27, dd=16, da=12, tlv=8, sm=66, rd=123.64, cd=0, um=0","Time elapsed: 11.29 seconds","/home/thomasverwaal/Robust-Rail-NL/mathematical-models/local_search_plans_discreet_120/plan_33_trains_1_units28.json"
"/home/thomasverwaal/Robust-Rail-NL/mathematical-models/scenarios_solver_types_120/scenario_solver_33_trains_1_units28.json","Cost of next node: Cost = 1,396.4 : 1,437.75 | cr=27, dd=15, da=12, tlv=8, sm=66, rd=123.64, cd=0, um=0","Time elapsed: 11.39 seconds","/home/thomasverwaal/Robust-Rail-NL/mathematical-models/local_search_plans_discreet_120/plan_33_trains_1_units28.json"
"/home/thomasverwaal/Robust-Rail-NL/mathematical-models/scenarios_solver_types_120/scenario_solver_33_trains_1_units28.json","Cost of next node: Cost = 1,371.4 : 1,407.75 | cr=26, dd=15, da=12, tlv=7, sm=66, rd=121.82, cd=0, um=0","Time elapsed: 11.70 seconds","/home/thomasverwaal/Robust-Rail-NL/mathematical-models/local_search_plans_discreet_120/plan_33_trains_1_units28.json"
"/home/thomasverwaal/Robust-Rail-NL/mathematical-models/scenarios_solver_types_120/scenario_solver_33_trains_1_units28.json","Cost of next node: Cost = 1,346.7 : 1,387.97 | cr=24, dd=15, da=11, tlv=8, sm=66, rd=120.00, cd=0, um=0","Time elapsed: 12.04 seconds","/home/thomasverwaal/Robust-Rail-NL/mathematical-models/local_search_plans_discreet_120/plan_33_trains_1_units28.json"
"/home/thomasverwaal/Robust-Rail-NL/mathematical-models/scenarios_solver_types_120/scenario_solver_33_trains_1_units28.json","Cost of next node: Cost = 1,288.0 : 1,334.36 | cr=26, dd=14, da=9, tlv=9, sm=66, rd=116.36, cd=0, um=0","Time elapsed: 12.40 seconds","/home/thomasverwaal/Robust-Rail-NL/mathematical-models/local_search_plans_discreet_120/plan_33_trains_1_units28.json"
"/home/thomasverwaal/Robust-Rail-NL/mathematical-models/scenarios_solver_types_120/scenario_solver_33_trains_1_units28.json","Cost of next node: Cost = 1,256.8 : 1,303.13 | cr=28, dd=13, da=9, tlv=9, sm=66, rd=116.36, cd=0, um=0","Time elapsed: 12.48 seconds","/home/thomasverwaal/Robust-Rail-NL/mathematical-models/local_search_plans_discreet_120/plan_33_trains_1_units28.json"
"/home/thomasverwaal/Robust-Rail-NL/mathematical-models/scenarios_solver_types_120/scenario_solver_33_trains_1_units28.json","Cost of next node: Cost = 1,072.9 : 1,124.27 | cr=25, dd=10, da=8, tlv=10, sm=66, rd=114.55, cd=0, um=0","Time elapsed: 12.70 seconds","/home/thomasverwaal/Robust-Rail-NL/mathematical-models/local_search_plans_discreet_120/plan_33_trains_1_units28.json"
"/home/thomasverwaal/Robust-Rail-NL/mathematical-models/scenarios_solver_types_120/scenario_solver_33_trains_1_units28.json","Cost of next node: Cost = 1,022.9 : 1,074.27 | cr=20, dd=10, da=8, tlv=10, sm=66, rd=112.73, cd=0, um=0","Time elapsed: 12.86 seconds","/home/thomasverwaal/Robust-Rail-NL/mathematical-models/local_search_plans_discreet_120/plan_33_trains_1_units28.json"
"/home/thomasverwaal/Robust-Rail-NL/mathematical-models/scenarios_solver_types_120/scenario_solver_33_trains_1_units28.json","Cost of next node: Cost = 997.1 : 1,053.42 | cr=21, dd=9, da=8, tlv=11, sm=66, rd=110.91, cd=0, um=0","Time elapsed: 13.08 seconds","/home/thomasverwaal/Robust-Rail-NL/mathematical-models/local_search_plans_discreet_120/plan_33_trains_1_units28.json"
"/home/thomasverwaal/Robust-Rail-NL/mathematical-models/scenarios_solver_types_120/scenario_solver_33_trains_1_units28.json","Cost of next node: Cost = 946.4 : 1,002.72 | cr=21, dd=8, da=8, tlv=11, sm=66, rd=110.91, cd=0, um=0","Time elapsed: 13.30 seconds","/home/thomasverwaal/Robust-Rail-NL/mathematical-models/local_search_plans_discreet_120/plan_33_trains_1_units28.json"
"/home/thomasverwaal/Robust-Rail-NL/mathematical-models/scenarios_solver_types_120/scenario_solver_33_trains_1_units28.json","Cost of next node: Cost = 910.6 : 971.97 | cr=21, dd=9, da=3, tlv=12, sm=66, rd=109.09, cd=0, um=0","Time elapsed: 13.54 seconds","/home/thomasverwaal/Robust-Rail-NL/mathematical-models/local_search_plans_discreet_120/plan_33_trains_1_units28.json"
"/home/thomasverwaal/Robust-Rail-NL/mathematical-models/scenarios_solver_types_120/scenario_solver_33_trains_1_units28.json","Cost of next node: Cost = 839.8 : 901.07 | cr=24, dd=7, da=3, tlv=12, sm=66, rd=105.45, cd=0, um=0","Time elapsed: 13.63 seconds","/home/thomasverwaal/Robust-Rail-NL/mathematical-models/local_search_plans_discreet_120/plan_33_trains_1_units28.json"
"/home/thomasverwaal/Robust-Rail-NL/mathematical-models/scenarios_solver_types_120/scenario_solver_33_trains_1_units28.json","Cost of next node: Cost = 814.8 : 871.07 | cr=23, dd=7, da=3, tlv=11, sm=66, rd=107.27, cd=0, um=0","Time elapsed: 13.91 seconds","/home/thomasverwaal/Robust-Rail-NL/mathematical-models/local_search_plans_discreet_120/plan_33_trains_1_units28.json"
"/home/thomasverwaal/Robust-Rail-NL/mathematical-models/scenarios_solver_types_120/scenario_solver_33_trains_1_units28.json","Cost of next node: Cost = 765.4 : 821.71 | cr=23, dd=6, da=3, tlv=11, sm=66, rd=107.27, cd=0, um=0","Time elapsed: 14.02 seconds","/home/thomasverwaal/Robust-Rail-NL/mathematical-models/local_search_plans_discreet_120/plan_33_trains_1_units28.json"
"/home/thomasverwaal/Robust-Rail-NL/mathematical-models/scenarios_solver_types_120/scenario_solver_33_trains_1_units28.json","Cost of next node: Cost = 721.4 : 782.72 | cr=24, dd=5, da=2, tlv=12, sm=66, rd=103.64, cd=0, um=0","Time elapsed: 14.43 seconds","/home/thomasverwaal/Robust-Rail-NL/mathematical-models/local_search_plans_discreet_120/plan_33_trains_1_units28.json"
"/home/thomasverwaal/Robust-Rail-NL/mathematical-models/scenarios_solver_types_120/scenario_solver_33_trains_1_units28.json","Cost of next node: Cost = 677.6 : 743.92 | cr=23, dd=4, da=2, tlv=13, sm=66, rd=100.00, cd=0, um=0","Time elapsed: 14.73 seconds","/home/thomasverwaal/Robust-Rail-NL/mathematical-models/local_search_plans_discreet_120/plan_33_trains_1_units28.json"
"/home/thomasverwaal/Robust-Rail-NL/mathematical-models/scenarios_solver_types_120/scenario_solver_33_trains_1_units28.json","Cost of next node: Cost = 563.9 : 635.22 | cr=23, dd=2, da=1, tlv=14, sm=66, rd=92.73, cd=0, um=0","Time elapsed: 15.02 seconds","/home/thomasverwaal/Robust-Rail-NL/mathematical-models/local_search_plans_discreet_120/plan_33_trains_1_units28.json"
"/home/thomasverwaal/Robust-Rail-NL/mathematical-models/scenarios_solver_types_120/scenario_solver_33_trains_1_units28.json","Cost of next node: Cost = 537.4 : 613.72 | cr=24, dd=1, da=1, tlv=15, sm=66, rd=90.91, cd=0, um=0","Time elapsed: 15.38 seconds","/home/thomasverwaal/Robust-Rail-NL/mathematical-models/local_search_plans_discreet_120/plan_33_trains_1_units28.json"
"/home/thomasverwaal/Robust-Rail-NL/mathematical-models/scenarios_solver_types_120/scenario_solver_33_trains_1_units28.json","Cost of next node: Cost = 512.4 : 583.72 | cr=23, dd=1, da=1, tlv=14, sm=66, rd=89.09, cd=0, um=0","Time elapsed: 15.67 seconds","/home/thomasverwaal/Robust-Rail-NL/mathematical-models/local_search_plans_discreet_120/plan_33_trains_1_units28.json"
"/home/thomasverwaal/Robust-Rail-NL/mathematical-models/scenarios_solver_types_120/scenario_solver_33_trains_1_units28.json","Cost of next node: Cost = 470.9 : 542.24 | cr=24, dd=0, da=1, tlv=14, sm=67, rd=87.76, cd=0, um=0","Time elapsed: 16.98 seconds","/home/thomasverwaal/Robust-Rail-NL/mathematical-models/local_search_plans_discreet_120/plan_33_trains_1_units28.json"
"/home/thomasverwaal/Robust-Rail-NL/mathematical-models/scenarios_solver_types_120/scenario_solver_33_trains_1_units28.json","Cost of next node: Cost = 445.0 : 521.34 | cr=22, dd=0, da=0, tlv=15, sm=67, rd=84.18, cd=0, um=0","Time elapsed: 17.31 seconds","/home/thomasverwaal/Robust-Rail-NL/mathematical-models/local_search_plans_discreet_120/plan_33_trains_1_units28.json"
"/home/thomasverwaal/Robust-Rail-NL/mathematical-models/scenarios_solver_types_120/scenario_solver_33_trains_1_units28.json","Cost of next node: Cost = 425.0 : 501.34 | cr=20, dd=0, da=0, tlv=15, sm=67, rd=84.18, cd=0, um=0","Time elapsed: 20.96 seconds","/home/thomasverwaal/Robust-Rail-NL/mathematical-models/local_search_plans_discreet_120/plan_33_trains_1_units28.json"
"/home/thomasverwaal/Robust-Rail-NL/mathematical-models/scenarios_solver_types_120/scenario_solver_33_trains_1_units28.json","Cost of next node: Cost = 405.0 : 481.34 | cr=18, dd=0, da=0, tlv=15, sm=67, rd=84.18, cd=0, um=0","Time elapsed: 24.11 seconds","/home/thomasverwaal/Robust-Rail-NL/mathematical-models/local_search_plans_discreet_120/plan_33_trains_1_units28.json"
"/home/thomasverwaal/Robust-Rail-NL/mathematical-models/scenarios_solver_types_120/scenario_solver_33_trains_1_units28.json","Cost of next node: Cost = 385.0 : 461.34 | cr=16, dd=0, da=0, tlv=15, sm=67, rd=84.18, cd=0, um=0","Time elapsed: 26.66 seconds","/home/thomasverwaal/Robust-Rail-NL/mathematical-models/local_search_plans_discreet_120/plan_33_trains_1_units28.json"
"/home/thomasverwaal/Robust-Rail-NL/mathematical-models/scenarios_solver_types_120/scenario_solver_33_trains_1_units28.json","Cost of next node: Cost = 365.0 : 441.34 | cr=14, dd=0, da=0, tlv=15, sm=67, rd=84.18, cd=0, um=0","Time elapsed: 29.11 seconds","/home/thomasverwaal/Robust-Rail-NL/mathematical-models/local_search_plans_discreet_120/plan_33_trains_1_units28.json"
"/home/thomasverwaal/Robust-Rail-NL/mathematical-models/scenarios_solver_types_120/scenario_solver_33_trains_1_units28.json","Cost of next node: Cost = 345.0 : 421.34 | cr=12, dd=0, da=0, tlv=15, sm=67, rd=84.18, cd=0, um=0","Time elapsed: 31.40 seconds","/home/thomasverwaal/Robust-Rail-NL/mathematical-models/local_search_plans_discreet_120/plan_33_trains_1_units28.json"
"/home/thomasverwaal/Robust-Rail-NL/mathematical-models/scenarios_solver_types_120/scenario_solver_33_trains_1_units28.json","Cost of next node: Cost = 325.0 : 401.36 | cr=10, dd=0, da=0, tlv=15, sm=68, rd=81.18, cd=0, um=0","Time elapsed: 33.60 seconds","/home/thomasverwaal/Robust-Rail-NL/mathematical-models/local_search_plans_discreet_120/plan_33_trains_1_units28.json"
"/home/thomasverwaal/Robust-Rail-NL/mathematical-models/scenarios_solver_types_120/scenario_solver_33_trains_1_units28.json","Cost of next node: Cost = 315.0 : 391.36 | cr=9, dd=0, da=0, tlv=15, sm=68, rd=82.94, cd=0, um=0","Time elapsed: 36.24 seconds","/home/thomasverwaal/Robust-Rail-NL/mathematical-models/local_search_plans_discreet_120/plan_33_trains_1_units28.json"
"/home/thomasverwaal/Robust-Rail-NL/mathematical-models/scenarios_solver_types_120/scenario_solver_33_trains_1_units28.json","Cost of next node: Cost = 305.0 : 381.36 | cr=8, dd=0, da=0, tlv=15, sm=68, rd=84.71, cd=0, um=0","Time elapsed: 38.76 seconds","/home/thomasverwaal/Robust-Rail-NL/mathematical-models/local_search_plans_discreet_120/plan_33_trains_1_units28.json"
"/home/thomasverwaal/Robust-Rail-NL/mathematical-models/scenarios_solver_types_120/scenario_solver_33_trains_1_units28.json","Cost of next node: Cost = 295.0 : 371.36 | cr=7, dd=0, da=0, tlv=15, sm=68, rd=84.71, cd=0, um=0","Time elapsed: 41.18 seconds","/home/thomasverwaal/Robust-Rail-NL/mathematical-models/local_search_plans_discreet_120/plan_33_trains_1_units28.json"
"/home/thomasverwaal/Robust-Rail-NL/mathematical-models/scenarios_solver_types_120/scenario_solver_33_trains_1_units28.json","Cost of next node: Cost = 285.0 : 361.36 | cr=6, dd=0, da=0, tlv=15, sm=68, rd=82.94, cd=0, um=0","Time elapsed: 43.45 seconds","/home/thomasverwaal/Robust-Rail-NL/mathematical-models/local_search_plans_discreet_120/plan_33_trains_1_units28.json"
"/home/thomasverwaal/Robust-Rail-NL/mathematical-models/scenarios_solver_types_120/scenario_solver_33_trains_1_units28.json","Cost of next node: Cost = 275.0 : 351.36 | cr=5, dd=0, da=0, tlv=15, sm=68, rd=82.94, cd=0, um=0","Time elapsed: 46.17 seconds","/home/thomasverwaal/Robust-Rail-NL/mathematical-models/local_search_plans_discreet_120/plan_33_trains_1_units28.json"
"/home/thomasverwaal/Robust-Rail-NL/mathematical-models/scenarios_solver_types_120/scenario_solver_33_trains_1_units28.json","Cost of next node: Cost = 265.0 : 341.36 | cr=4, dd=0, da=0, tlv=15, sm=68, rd=82.94, cd=0, um=0","Time elapsed: 48.16 seconds","/home/thomasverwaal/Robust-Rail-NL/mathematical-models/local_search_plans_discreet_120/plan_33_trains_1_units28.json"
"/home/thomasverwaal/Robust-Rail-NL/mathematical-models/scenarios_solver_types_120/scenario_solver_33_trains_1_units28.json","Cost of next node: Cost = 255.0 : 331.34 | cr=3, dd=0, da=0, tlv=15, sm=67, rd=82.39, cd=0, um=0","Time elapsed: 219.70 seconds","/home/thomasverwaal/Robust-Rail-NL/mathematical-models/local_search_plans_discreet_120/plan_33_trains_1_units28.json"
"/home/thomasverwaal/Robust-Rail-NL/mathematical-models/scenarios_solver_types_120/scenario_solver_33_trains_1_units28.json","NO_COST_FOUND","NO_TIME_FOUND","NO_PLAN_CREATED"
"/home/thomasverwaal/Robust-Rail-NL/mathematical-models/scenarios_solver_types_120/scenario_solver_33_trains_1_units29.json","Cost of next node: Cost = 2,808.1 : 2,809.44 | cr=41, dd=33, da=31, tlv=0, sm=66, rd=178.18, cd=0, um=0","Time elapsed: 4.45 seconds","/home/thomasverwaal/Robust-Rail-NL/mathematical-models/local_search_plans_discreet_120/plan_33_trains_1_units29.json"
"/home/thomasverwaal/Robust-Rail-NL/mathematical-models/scenarios_solver_types_120/scenario_solver_33_trains_1_units29.json","Cost of next node: Cost = 2,780.8 : 2,782.12 | cr=39, dd=33, da=31, tlv=0, sm=66, rd=176.36, cd=0, um=0","Time elapsed: 4.58 seconds","/home/thomasverwaal/Robust-Rail-NL/mathematical-models/local_search_plans_discreet_120/plan_33_trains_1_units29.json"
"/home/thomasverwaal/Robust-Rail-NL/mathematical-models/scenarios_solver_types_120/scenario_solver_33_trains_1_units29.json","Cost of next node: Cost = 2,760.4 : 2,761.68 | cr=37, dd=33, da=31, tlv=0, sm=66, rd=176.36, cd=0, um=0","Time elapsed: 4.89 seconds","/home/thomasverwaal/Robust-Rail-NL/mathematical-models/local_search_plans_discreet_120/plan_33_trains_1_units29.json"
"/home/thomasverwaal/Robust-Rail-NL/mathematical-models/scenarios_solver_types_120/scenario_solver_33_trains_1_units29.json","Cost of next node: Cost = 2,739.7 : 2,740.97 | cr=35, dd=33, da=31, tlv=0, sm=66, rd=176.36, cd=0, um=0","Time elapsed: 5.25 seconds","/home/thomasverwaal/Robust-Rail-NL/mathematical-models/local_search_plans_discreet_120/plan_33_trains_1_units29.json"
"/home/thomasverwaal/Robust-Rail-NL/mathematical-models/scenarios_solver_types_120/scenario_solver_33_trains_1_units29.json","Cost of next node: Cost = 2,712.4 : 2,718.70 | cr=36, dd=33, da=29, tlv=1, sm=66, rd=173.64, cd=0, um=0","Time elapsed: 5.55 seconds","/home/thomasverwaal/Robust-Rail-NL/mathematical-models/local_search_plans_discreet_120/plan_33_trains_1_units29.json"
"/home/thomasverwaal/Robust-Rail-NL/mathematical-models/scenarios_solver_types_120/scenario_solver_33_trains_1_units29.json","Cost of next node: Cost = 2,509.6 : 2,515.92 | cr=38, dd=33, da=18, tlv=1, sm=66, rd=167.27, cd=0, um=0","Time elapsed: 5.89 seconds","/home/thomasverwaal/Robust-Rail-NL/mathematical-models/local_search_plans_discreet_120/plan_33_trains_1_units29.json"
"/home/thomasverwaal/Robust-Rail-NL/mathematical-models/scenarios_solver_types_120/scenario_solver_33_trains_1_units29.json","Cost of next node: Cost = 2,479.4 : 2,485.75 | cr=35, dd=33, da=18, tlv=1, sm=66, rd=167.27, cd=0, um=0","Time elapsed: 5.96 seconds","/home/thomasverwaal/Robust-Rail-NL/mathematical-models/local_search_plans_discreet_120/plan_33_trains_1_units29.json"
"/home/thomasverwaal/Robust-Rail-NL/mathematical-models/scenarios_solver_types_120/scenario_solver_33_trains_1_units29.json","Cost of next node: Cost = 2,450.0 : 2,461.32 | cr=32, dd=33, da=17, tlv=2, sm=66, rd=167.27, cd=0, um=0","Time elapsed: 6.26 seconds","/home/thomasverwaal/Robust-Rail-NL/mathematical-models/local_search_plans_discreet_120/plan_33_trains_1_units29.json"
"/home/thomasverwaal/Robust-Rail-NL/mathematical-models/scenarios_solver_types_120/scenario_solver_33_trains_1_units29.json","Cost of next node: Cost = 2,414.4 : 2,430.74 | cr=35, dd=33, da=13, tlv=3, sm=66, rd=160.91, cd=0, um=0","Time elapsed: 6.60 seconds","/home/thomasverwaal/Robust-Rail-NL/mathematical-models/local_search_plans_discreet_120/plan_33_trains_1_units29.json"
"/home/thomasverwaal/Robust-Rail-NL/mathematical-models/scenarios_solver_types_120/scenario_solver_33_trains_1_units29.json","Cost of next node: Cost = 2,391.2 : 2,407.55 | cr=34, dd=33, da=13, tlv=3, sm=66, rd=157.27, cd=0, um=0","Time elapsed: 7.12 seconds","/home/thomasverwaal/Robust-Rail-NL/mathematical-models/local_search_plans_discreet_120/plan_33_trains_1_units29.json"
"/home/thomasverwaal/Robust-Rail-NL/mathematical-models/scenarios_solver_types_120/scenario_solver_33_trains_1_units29.json","Cost of next node: Cost = 2,369.3 : 2,385.59 | cr=34, dd=33, da=12, tlv=3, sm=66, rd=153.64, cd=0, um=0","Time elapsed: 7.70 seconds","/home/thomasverwaal/Robust-Rail-NL/mathematical-models/local_search_plans_discreet_120/plan_33_trains_1_units29.json"
"/home/thomasverwaal/Robust-Rail-NL/mathematical-models/scenarios_solver_types_120/scenario_solver_33_trains_1_units29.json","Cost of next node: Cost = 2,324.3 : 2,345.59 | cr=28, dd=33, da=12, tlv=4, sm=66, rd=153.64, cd=0, um=0","Time elapsed: 8.50 seconds","/home/thomasverwaal/Robust-Rail-NL/mathematical-models/local_search_plans_discreet_120/plan_33_trains_1_units29.json"
"/home/thomasverwaal/Robust-Rail-NL/mathematical-models/scenarios_solver_types_120/scenario_solver_33_trains_1_units29.json","Cost of next node: Cost = 2,303.5 : 2,324.79 | cr=26, dd=33, da=12, tlv=4, sm=66, rd=153.64, cd=0, um=0","Time elapsed: 8.60 seconds","/home/thomasverwaal/Robust-Rail-NL/mathematical-models/local_search_plans_discreet_120/plan_33_trains_1_units29.json"
"/home/thomasverwaal/Robust-Rail-NL/mathematical-models/scenarios_solver_types_120/scenario_solver_33_trains_1_units29.json","Cost of next node: Cost = 2,267.8 : 2,294.13 | cr=23, dd=33, da=12, tlv=5, sm=66, rd=144.55, cd=0, um=0","Time elapsed: 8.97 seconds","/home/thomasverwaal/Robust-Rail-NL/mathematical-models/local_search_plans_discreet_120/plan_33_trains_1_units29.json"
"/home/thomasverwaal/Robust-Rail-NL/mathematical-models/scenarios_solver_types_120/scenario_solver_33_trains_1_units29.json","Cost of next node: Cost = 2,245.5 : 2,271.83 | cr=21, dd=33, da=12, tlv=5, sm=66, rd=144.55, cd=0, um=0","Time elapsed: 9.05 seconds","/home/thomasverwaal/Robust-Rail-NL/mathematical-models/local_search_plans_discreet_120/plan_33_trains_1_units29.json"
"/home/thomasverwaal/Robust-Rail-NL/mathematical-models/scenarios_solver_types_120/scenario_solver_33_trains_1_units29.json","Cost of next node: Cost = 2,221.4 : 2,252.76 | cr=18, dd=33, da=12, tlv=6, sm=66, rd=143.64, cd=0, um=0","Time elapsed: 9.41 seconds","/home/thomasverwaal/Robust-Rail-NL/mathematical-models/local_search_plans_discreet_120/plan_33_trains_1_units29.json"
"/home/thomasverwaal/Robust-Rail-NL/mathematical-models/scenarios_solver_types_120/scenario_solver_33_trains_1_units29.json","Cost of next node: Cost = 2,067.5 : 2,098.82 | cr=25, dd=29, da=12, tlv=6, sm=66, rd=136.36, cd=0, um=0","Time elapsed: 9.61 seconds","/home/thomasverwaal/Robust-Rail-NL/mathematical-models/local_search_plans_discreet_120/plan_33_trains_1_units29.json"
"/home/thomasverwaal/Robust-Rail-NL/mathematical-models/scenarios_solver_types_120/scenario_solver_33_trains_1_units29.json","Cost of next node: Cost = 2,016.6 : 2,047.88 | cr=25, dd=28, da=12, tlv=6, sm=66, rd=136.36, cd=0, um=0","Time elapsed: 9.70 seconds","/home/thomasverwaal/Robust-Rail-NL/mathematical-models/local_search_plans_discreet_120/plan_33_trains_1_units29.json"
"/home/thomasverwaal/Robust-Rail-NL/mathematical-models/scenarios_solver_types_120/scenario_solver_33_trains_1_units29.json","Cost of next node: Cost = 1,984.4 : 2,015.69 | cr=27, dd=27, da=12, tlv=6, sm=66, rd=131.82, cd=0, um=0","Time elapsed: 9.81 seconds","/home/thomasverwaal/Robust-Rail-NL/mathematical-models/local_search_plans_discreet_120/plan_33_trains_1_units29.json"
"/home/thomasverwaal/Robust-Rail-NL/mathematical-models/scenarios_solver_types_120/scenario_solver_33_trains_1_units29.json","Cost of next node: Cost = 1,934.5 : 1,965.79 | cr=27, dd=26, da=12, tlv=6, sm=66, rd=131.82, cd=0, um=0","Time elapsed: 9.91 seconds","/home/thomasverwaal/Robust-Rail-NL/mathematical-models/local_search_plans_discreet_120/plan_33_trains_1_units29.json"
"/home/thomasverwaal/Robust-Rail-NL/mathematical-models/scenarios_solver_types_120/scenario_solver_33_trains_1_units29.json","Cost of next node: Cost = 1,878.0 : 1,909.35 | cr=26, dd=25, da=12, tlv=6, sm=66, rd=133.64, cd=0, um=0","Time elapsed: 10.09 seconds","/home/thomasverwaal/Robust-Rail-NL/mathematical-models/local_search_plans_discreet_120/plan_33_trains_1_units29.json"
"/home/thomasverwaal/Robust-Rail-NL/mathematical-models/scenarios_solver_types_120/scenario_solver_33_trains_1_units29.json","Cost of next node: Cost = 1,837.8 : 1,869.12 | cr=27, dd=24, da=12, tlv=6, sm=66, rd=133.64, cd=0, um=0","Time elapsed: 10.19 seconds","/home/thomasverwaal/Robust-Rail-NL/mathematical-models/local_search_plans_discreet_120/plan_33_trains_1_units29.json"
"/home/thomasverwaal/Robust-Rail-NL/mathematical-models/scenarios_solver_types_120/scenario_solver_33_trains_1_units29.json","Cost of next node: Cost = 1,777.5 : 1,808.87 | cr=26, dd=23, da=12, tlv=6, sm=66, rd=131.82, cd=0, um=0","Time elapsed: 10.32 seconds","/home/thomasverwaal/Robust-Rail-NL/mathematical-models/local_search_plans_discreet_120/plan_33_trains_1_units29.json"
"/home/thomasverwaal/Robust-Rail-NL/mathematical-models/scenarios_solver_types_120/scenario_solver_33_trains_1_units29.json","Cost of next node: Cost = 1,750.3 : 1,786.62 | cr=24, dd=23, da=11, tlv=7, sm=66, rd=128.18, cd=0, um=0","Time elapsed: 10.55 seconds","/home/thomasverwaal/Robust-Rail-NL/mathematical-models/local_search_plans_discreet_120/plan_33_trains_1_units29.json"
"/home/thomasverwaal/Robust-Rail-NL/mathematical-models/scenarios_solver_types_120/scenario_solver_33_trains_1_units29.json","Cost of next node: Cost = 1,653.4 : 1,694.73 | cr=25, dd=21, da=10, tlv=8, sm=66, rd=126.36, cd=0, um=0","Time elapsed: 10.93 seconds","/home/thomasverwaal/Robust-Rail-NL/mathematical-models/local_search_plans_discreet_120/plan_33_trains_1_units29.json"
"/home/thomasverwaal/Robust-Rail-NL/mathematical-models/scenarios_solver_types_120/scenario_solver_33_trains_1_units29.json","Cost of next node: Cost = 1,610.7 : 1,652.04 | cr=26, dd=20, da=10, tlv=8, sm=66, rd=124.55, cd=0, um=0","Time elapsed: 11.04 seconds","/home/thomasverwaal/Robust-Rail-NL/mathematical-models/local_search_plans_discreet_120/plan_33_trains_1_units29.json"
"/home/thomasverwaal/Robust-Rail-NL/mathematical-models/scenarios_solver_types_120/scenario_solver_33_trains_1_units29.json","Cost of next node: Cost = 1,528.8 : 1,570.12 | cr=25, dd=19, da=9, tlv=8, sm=66, rd=122.73, cd=0, um=0","Time elapsed: 11.32 seconds","/home/thomasverwaal/Robust-Rail-NL/mathematical-models/local_search_plans_discreet_120/plan_33_trains_1_units29.json"
"/home/thomasverwaal/Robust-Rail-NL/mathematical-models/scenarios_solver_types_120/scenario_solver_33_trains_1_units29.json","Cost of next node: Cost = 1,456.2 : 1,502.51 | cr=24, dd=18, da=8, tlv=9, sm=66, rd=117.27, cd=0, um=0","Time elapsed: 11.70 seconds","/home/thomasverwaal/Robust-Rail-NL/mathematical-models/local_search_plans_discreet_120/plan_33_trains_1_units29.json"
"/home/thomasverwaal/Robust-Rail-NL/mathematical-models/scenarios_solver_types_120/scenario_solver_33_trains_1_units29.json","Cost of next node: Cost = 1,418.7 : 1,465.05 | cr=25, dd=17, da=8, tlv=9, sm=66, rd=117.27, cd=0, um=0","Time elapsed: 11.76 seconds","/home/thomasverwaal/Robust-Rail-NL/mathematical-models/local_search_plans_discreet_120/plan_33_trains_1_units29.json"
"/home/thomasverwaal/Robust-Rail-NL/mathematical-models/scenarios_solver_types_120/scenario_solver_33_trains_1_units29.json","Cost of next node: Cost = 1,353.3 : 1,399.60 | cr=28, dd=15, da=8, tlv=9, sm=66, rd=117.27, cd=0, um=0","Time elapsed: 11.84 seconds","/home/thomasverwaal/Robust-Rail-NL/mathematical-models/local_search_plans_discreet_120/plan_33_trains_1_units29.json"
"/home/thomasverwaal/Robust-Rail-NL/mathematical-models/scenarios_solver_types_120/scenario_solver_33_trains_1_units29.json","Cost of next node: Cost = 1,103.9 : 1,155.18 | cr=25, dd=12, da=4, tlv=10, sm=66, rd=111.82, cd=0, um=0","Time elapsed: 12.25 seconds","/home/thomasverwaal/Robust-Rail-NL/mathematical-models/local_search_plans_discreet_120/plan_33_trains_1_units29.json"
"/home/thomasverwaal/Robust-Rail-NL/mathematical-models/scenarios_solver_types_120/scenario_solver_33_trains_1_units29.json","Cost of next node: Cost = 1,007.8 : 1,064.12 | cr=21, dd=11, da=3, tlv=11, sm=66, rd=108.18, cd=0, um=0","Time elapsed: 12.50 seconds","/home/thomasverwaal/Robust-Rail-NL/mathematical-models/local_search_plans_discreet_120/plan_33_trains_1_units29.json"
"/home/thomasverwaal/Robust-Rail-NL/mathematical-models/scenarios_solver_types_120/scenario_solver_33_trains_1_units29.json","Cost of next node: Cost = 941.9 : 1,003.19 | cr=20, dd=10, da=2, tlv=12, sm=66, rd=104.55, cd=0, um=0","Time elapsed: 12.86 seconds","/home/thomasverwaal/Robust-Rail-NL/mathematical-models/local_search_plans_discreet_120/plan_33_trains_1_units29.json"
"/home/thomasverwaal/Robust-Rail-NL/mathematical-models/scenarios_solver_types_120/scenario_solver_33_trains_1_units29.json","Cost of next node: Cost = 843.7 : 910.05 | cr=19, dd=8, da=2, tlv=13, sm=66, rd=100.91, cd=0, um=0","Time elapsed: 13.18 seconds","/home/thomasverwaal/Robust-Rail-NL/mathematical-models/local_search_plans_discreet_120/plan_33_trains_1_units29.json"
"/home/thomasverwaal/Robust-Rail-NL/mathematical-models/scenarios_solver_types_120/scenario_solver_33_trains_1_units29.json","Cost of next node: Cost = 779.5 : 845.80 | cr=18, dd=7, da=2, tlv=13, sm=66, rd=99.09, cd=0, um=0","Time elapsed: 13.28 seconds","/home/thomasverwaal/Robust-Rail-NL/mathematical-models/local_search_plans_discreet_120/plan_33_trains_1_units29.json"
"/home/thomasverwaal/Robust-Rail-NL/mathematical-models/scenarios_solver_types_120/scenario_solver_33_trains_1_units29.json","Cost of next node: Cost = 750.4 : 816.70 | cr=17, dd=7, da=1, tlv=13, sm=66, rd=97.27, cd=0, um=0","Time elapsed: 13.62 seconds","/home/thomasverwaal/Robust-Rail-NL/mathematical-models/local_search_plans_discreet_120/plan_33_trains_1_units29.json"
"/home/thomasverwaal/Robust-Rail-NL/mathematical-models/scenarios_solver_types_120/scenario_solver_33_trains_1_units29.json","Cost of next node: Cost = 617.8 : 689.12 | cr=20, dd=4, da=0, tlv=14, sm=66, rd=90.91, cd=0, um=0","Time elapsed: 14.01 seconds","/home/thomasverwaal/Robust-Rail-NL/mathematical-models/local_search_plans_discreet_120/plan_33_trains_1_units29.json"
"/home/thomasverwaal/Robust-Rail-NL/mathematical-models/scenarios_solver_types_120/scenario_solver_33_trains_1_units29.json","Cost of next node: Cost = 431.5 : 502.82 | cr=17, dd=1, da=0, tlv=14, sm=66, rd=86.36, cd=0, um=0","Time elapsed: 14.10 seconds","/home/thomasverwaal/Robust-Rail-NL/mathematical-models/local_search_plans_discreet_120/plan_33_trains_1_units29.json"
"/home/thomasverwaal/Robust-Rail-NL/mathematical-models/scenarios_solver_types_120/scenario_solver_33_trains_1_units29.json","Cost of next node: Cost = 395.0 : 471.32 | cr=17, dd=0, da=0, tlv=15, sm=66, rd=84.55, cd=0, um=0","Time elapsed: 14.42 seconds","/home/thomasverwaal/Robust-Rail-NL/mathematical-models/local_search_plans_discreet_120/plan_33_trains_1_units29.json"
"/home/thomasverwaal/Robust-Rail-NL/mathematical-models/scenarios_solver_types_120/scenario_solver_33_trains_1_units29.json","Cost of next node: Cost = 370.0 : 441.32 | cr=16, dd=0, da=0, tlv=14, sm=66, rd=86.36, cd=0, um=0","Time elapsed: 14.62 seconds","/home/thomasverwaal/Robust-Rail-NL/mathematical-models/local_search_plans_discreet_120/plan_33_trains_1_units29.json"
"/home/thomasverwaal/Robust-Rail-NL/mathematical-models/scenarios_solver_types_120/scenario_solver_33_trains_1_units29.json","Cost of next node: Cost = 350.0 : 421.32 | cr=14, dd=0, da=0, tlv=14, sm=66, rd=86.36, cd=0, um=0","Time elapsed: 18.21 seconds","/home/thomasverwaal/Robust-Rail-NL/mathematical-models/local_search_plans_discreet_120/plan_33_trains_1_units29.json"
"/home/thomasverwaal/Robust-Rail-NL/mathematical-models/scenarios_solver_types_120/scenario_solver_33_trains_1_units29.json","Cost of next node: Cost = 340.0 : 411.32 | cr=13, dd=0, da=0, tlv=14, sm=66, rd=86.36, cd=0, um=0","Time elapsed: 21.18 seconds","/home/thomasverwaal/Robust-Rail-NL/mathematical-models/local_search_plans_discreet_120/plan_33_trains_1_units29.json"
"/home/thomasverwaal/Robust-Rail-NL/mathematical-models/scenarios_solver_types_120/scenario_solver_33_trains_1_units29.json","Cost of next node: Cost = 330.0 : 401.32 | cr=12, dd=0, da=0, tlv=14, sm=66, rd=86.36, cd=0, um=0","Time elapsed: 23.98 seconds","/home/thomasverwaal/Robust-Rail-NL/mathematical-models/local_search_plans_discreet_120/plan_33_trains_1_units29.json"
"/home/thomasverwaal/Robust-Rail-NL/mathematical-models/scenarios_solver_types_120/scenario_solver_33_trains_1_units29.json","Cost of next node: Cost = 320.0 : 391.32 | cr=11, dd=0, da=0, tlv=14, sm=66, rd=86.36, cd=0, um=0","Time elapsed: 26.52 seconds","/home/thomasverwaal/Robust-Rail-NL/mathematical-models/local_search_plans_discreet_120/plan_33_trains_1_units29.json"
"/home/thomasverwaal/Robust-Rail-NL/mathematical-models/scenarios_solver_types_120/scenario_solver_33_trains_1_units29.json","Cost of next node: Cost = 315.0 : 391.32 | cr=9, dd=0, da=0, tlv=15, sm=66, rd=86.36, cd=0, um=0","Time elapsed: 28.46 seconds","/home/thomasverwaal/Robust-Rail-NL/mathematical-models/local_search_plans_discreet_120/plan_33_trains_1_units29.json"
"/home/thomasverwaal/Robust-Rail-NL/mathematical-models/scenarios_solver_types_120/scenario_solver_33_trains_1_units29.json","Cost of next node: Cost = 300.0 : 371.32 | cr=9, dd=0, da=0, tlv=14, sm=66, rd=84.55, cd=0, um=0","Time elapsed: 30.50 seconds","/home/thomasverwaal/Robust-Rail-NL/mathematical-models/local_search_plans_discreet_120/plan_33_trains_1_units29.json"
"/home/thomasverwaal/Robust-Rail-NL/mathematical-models/scenarios_solver_types_120/scenario_solver_33_trains_1_units29.json","Cost of next node: Cost = 290.0 : 361.34 | cr=8, dd=0, da=0, tlv=14, sm=67, rd=83.28, cd=0, um=0","Time elapsed: 36.73 seconds","/home/thomasverwaal/Robust-Rail-NL/mathematical-models/local_search_plans_discreet_120/plan_33_trains_1_units29.json"
"/home/thomasverwaal/Robust-Rail-NL/mathematical-models/scenarios_solver_types_120/scenario_solver_33_trains_1_units29.json","Cost of next node: Cost = 280.0 : 351.34 | cr=7, dd=0, da=0, tlv=14, sm=67, rd=83.28, cd=0, um=0","Time elapsed: 38.41 seconds","/home/thomasverwaal/Robust-Rail-NL/mathematical-models/local_search_plans_discreet_120/plan_33_trains_1_units29.json"
"/home/thomasverwaal/Robust-Rail-NL/mathematical-models/scenarios_solver_types_120/scenario_solver_33_trains_1_units29.json","Cost of next node: Cost = 270.0 : 341.34 | cr=6, dd=0, da=0, tlv=14, sm=67, rd=83.28, cd=0, um=0","Time elapsed: 39.81 seconds","/home/thomasverwaal/Robust-Rail-NL/mathematical-models/local_search_plans_discreet_120/plan_33_trains_1_units29.json"
"/home/thomasverwaal/Robust-Rail-NL/mathematical-models/scenarios_solver_types_120/scenario_solver_33_trains_1_units29.json","Cost of next node: Cost = 250.0 : 321.36 | cr=4, dd=0, da=0, tlv=14, sm=68, rd=83.82, cd=0, um=0","Time elapsed: 50.14 seconds","/home/thomasverwaal/Robust-Rail-NL/mathematical-models/local_search_plans_discreet_120/plan_33_trains_1_units29.json"
"/home/thomasverwaal/Robust-Rail-NL/mathematical-models/scenarios_solver_types_120/scenario_solver_33_trains_1_units29.json","Cost of next node: Cost = 235.0 : 301.38 | cr=4, dd=0, da=0, tlv=13, sm=69, rd=84.35, cd=0, um=0","Time elapsed: 176.84 seconds","/home/thomasverwaal/Robust-Rail-NL/mathematical-models/local_search_plans_discreet_120/plan_33_trains_1_units29.json"
"/home/thomasverwaal/Robust-Rail-NL/mathematical-models/scenarios_solver_types_120/scenario_solver_33_trains_1_units29.json","Cost of next node: Cost = 230.0 : 291.40 | cr=5, dd=0, da=0, tlv=12, sm=70, rd=86.57, cd=0, um=0","Time elapsed: 190.72 seconds","/home/thomasverwaal/Robust-Rail-NL/mathematical-models/local_search_plans_discreet_120/plan_33_trains_1_units29.json"
"/home/thomasverwaal/Robust-Rail-NL/mathematical-models/scenarios_solver_types_120/scenario_solver_33_trains_1_units29.json","Cost of next node: Cost = 220.0 : 281.40 | cr=4, dd=0, da=0, tlv=12, sm=70, rd=84.00, cd=0, um=0","Time elapsed: 207.59 seconds","/home/thomasverwaal/Robust-Rail-NL/mathematical-models/local_search_plans_discreet_120/plan_33_trains_1_units29.json"
"/home/thomasverwaal/Robust-Rail-NL/mathematical-models/scenarios_solver_types_120/scenario_solver_33_trains_1_units29.json","NO_COST_FOUND","NO_TIME_FOUND","NO_PLAN_CREATED"
"/home/thomasverwaal/Robust-Rail-NL/mathematical-models/scenarios_solver_types_120/scenario_solver_33_trains_1_units3.json","Cost of next node: Cost = 2,810.9 : 2,812.26 | cr=41, dd=33, da=31, tlv=0, sm=66, rd=178.18, cd=0, um=0","Time elapsed: 4.50 seconds","/home/thomasverwaal/Robust-Rail-NL/mathematical-models/local_search_plans_discreet_120/plan_33_trains_1_units3.json"
"/home/thomasverwaal/Robust-Rail-NL/mathematical-models/scenarios_solver_types_120/scenario_solver_33_trains_1_units3.json","Cost of next node: Cost = 2,783.6 : 2,784.93 | cr=39, dd=33, da=31, tlv=0, sm=66, rd=176.36, cd=0, um=0","Time elapsed: 4.65 seconds","/home/thomasverwaal/Robust-Rail-NL/mathematical-models/local_search_plans_discreet_120/plan_33_trains_1_units3.json"
"/home/thomasverwaal/Robust-Rail-NL/mathematical-models/scenarios_solver_types_120/scenario_solver_33_trains_1_units3.json","Cost of next node: Cost = 2,763.2 : 2,764.49 | cr=37, dd=33, da=31, tlv=0, sm=66, rd=176.36, cd=0, um=0","Time elapsed: 4.97 seconds","/home/thomasverwaal/Robust-Rail-NL/mathematical-models/local_search_plans_discreet_120/plan_33_trains_1_units3.json"
"/home/thomasverwaal/Robust-Rail-NL/mathematical-models/scenarios_solver_types_120/scenario_solver_33_trains_1_units3.json","Cost of next node: Cost = 2,742.5 : 2,743.78 | cr=35, dd=33, da=31, tlv=0, sm=66, rd=176.36, cd=0, um=0","Time elapsed: 5.32 seconds","/home/thomasverwaal/Robust-Rail-NL/mathematical-models/local_search_plans_discreet_120/plan_33_trains_1_units3.json"
"/home/thomasverwaal/Robust-Rail-NL/mathematical-models/scenarios_solver_types_120/scenario_solver_33_trains_1_units3.json","Cost of next node: Cost = 2,637.9 : 2,644.19 | cr=36, dd=33, da=25, tlv=1, sm=66, rd=173.64, cd=0, um=0","Time elapsed: 6.87 seconds","/home/thomasverwaal/Robust-Rail-NL/mathematical-models/local_search_plans_discreet_120/plan_33_trains_1_units3.json"
"/home/thomasverwaal/Robust-Rail-NL/mathematical-models/scenarios_solver_types_120/scenario_solver_33_trains_1_units3.json","Cost of next node: Cost = 2,610.1 : 2,616.40 | cr=38, dd=33, da=23, tlv=1, sm=66, rd=167.27, cd=0, um=0","Time elapsed: 7.28 seconds","/home/thomasverwaal/Robust-Rail-NL/mathematical-models/local_search_plans_discreet_120/plan_33_trains_1_units3.json"
"/home/thomasverwaal/Robust-Rail-NL/mathematical-models/scenarios_solver_types_120/scenario_solver_33_trains_1_units3.json","Cost of next node: Cost = 2,579.9 : 2,586.22 | cr=35, dd=33, da=23, tlv=1, sm=66, rd=167.27, cd=0, um=0","Time elapsed: 7.37 seconds","/home/thomasverwaal/Robust-Rail-NL/mathematical-models/local_search_plans_discreet_120/plan_33_trains_1_units3.json"
"/home/thomasverwaal/Robust-Rail-NL/mathematical-models/scenarios_solver_types_120/scenario_solver_33_trains_1_units3.json","Cost of next node: Cost = 2,548.4 : 2,559.71 | cr=34, dd=33, da=21, tlv=2, sm=66, rd=164.55, cd=0, um=0","Time elapsed: 7.74 seconds","/home/thomasverwaal/Robust-Rail-NL/mathematical-models/local_search_plans_discreet_120/plan_33_trains_1_units3.json"
"/home/thomasverwaal/Robust-Rail-NL/mathematical-models/scenarios_solver_types_120/scenario_solver_33_trains_1_units3.json","Cost of next node: Cost = 2,453.7 : 2,469.98 | cr=35, dd=33, da=15, tlv=3, sm=66, rd=160.00, cd=0, um=0","Time elapsed: 8.11 seconds","/home/thomasverwaal/Robust-Rail-NL/mathematical-models/local_search_plans_discreet_120/plan_33_trains_1_units3.json"
"/home/thomasverwaal/Robust-Rail-NL/mathematical-models/scenarios_solver_types_120/scenario_solver_33_trains_1_units3.json","Cost of next node: Cost = 2,409.6 : 2,430.92 | cr=35, dd=33, da=12, tlv=4, sm=66, rd=156.36, cd=0, um=0","Time elapsed: 8.55 seconds","/home/thomasverwaal/Robust-Rail-NL/mathematical-models/local_search_plans_discreet_120/plan_33_trains_1_units3.json"
"/home/thomasverwaal/Robust-Rail-NL/mathematical-models/scenarios_solver_types_120/scenario_solver_33_trains_1_units3.json","Cost of next node: Cost = 2,386.3 : 2,407.62 | cr=34, dd=33, da=12, tlv=4, sm=66, rd=152.73, cd=0, um=0","Time elapsed: 9.02 seconds","/home/thomasverwaal/Robust-Rail-NL/mathematical-models/local_search_plans_discreet_120/plan_33_trains_1_units3.json"
"/home/thomasverwaal/Robust-Rail-NL/mathematical-models/scenarios_solver_types_120/scenario_solver_33_trains_1_units3.json","Cost of next node: Cost = 2,365.1 : 2,386.44 | cr=34, dd=33, da=11, tlv=4, sm=66, rd=149.09, cd=0, um=0","Time elapsed: 9.22 seconds","/home/thomasverwaal/Robust-Rail-NL/mathematical-models/local_search_plans_discreet_120/plan_33_trains_1_units3.json"
"/home/thomasverwaal/Robust-Rail-NL/mathematical-models/scenarios_solver_types_120/scenario_solver_33_trains_1_units3.json","Cost of next node: Cost = 2,343.8 : 2,365.12 | cr=32, dd=33, da=11, tlv=4, sm=66, rd=149.09, cd=0, um=0","Time elapsed: 9.28 seconds","/home/thomasverwaal/Robust-Rail-NL/mathematical-models/local_search_plans_discreet_120/plan_33_trains_1_units3.json"
"/home/thomasverwaal/Robust-Rail-NL/mathematical-models/scenarios_solver_types_120/scenario_solver_33_trains_1_units3.json","Cost of next node: Cost = 2,322.2 : 2,348.56 | cr=27, dd=33, da=11, tlv=5, sm=66, rd=152.73, cd=0, um=0","Time elapsed: 9.44 seconds","/home/thomasverwaal/Robust-Rail-NL/mathematical-models/local_search_plans_discreet_120/plan_33_trains_1_units3.json"
"/home/thomasverwaal/Robust-Rail-NL/mathematical-models/scenarios_solver_types_120/scenario_solver_33_trains_1_units3.json","Cost of next node: Cost = 2,297.2 : 2,328.56 | cr=23, dd=33, da=11, tlv=6, sm=66, rd=152.73, cd=0, um=0","Time elapsed: 9.80 seconds","/home/thomasverwaal/Robust-Rail-NL/mathematical-models/local_search_plans_discreet_120/plan_33_trains_1_units3.json"
"/home/thomasverwaal/Robust-Rail-NL/mathematical-models/scenarios_solver_types_120/scenario_solver_33_trains_1_units3.json","Cost of next node: Cost = 2,267.2 : 2,298.56 | cr=20, dd=33, da=11, tlv=6, sm=66, rd=152.73, cd=0, um=0","Time elapsed: 10.05 seconds","/home/thomasverwaal/Robust-Rail-NL/mathematical-models/local_search_plans_discreet_120/plan_33_trains_1_units3.json"
"/home/thomasverwaal/Robust-Rail-NL/mathematical-models/scenarios_solver_types_120/scenario_solver_33_trains_1_units3.json","Cost of next node: Cost = 2,245.7 : 2,277.06 | cr=18, dd=33, da=11, tlv=6, sm=66, rd=150.91, cd=0, um=0","Time elapsed: 10.40 seconds","/home/thomasverwaal/Robust-Rail-NL/mathematical-models/local_search_plans_discreet_120/plan_33_trains_1_units3.json"
"/home/thomasverwaal/Robust-Rail-NL/mathematical-models/scenarios_solver_types_120/scenario_solver_33_trains_1_units3.json","Cost of next node: Cost = 2,206.1 : 2,242.44 | cr=15, dd=33, da=11, tlv=7, sm=66, rd=140.91, cd=0, um=0","Time elapsed: 10.67 seconds","/home/thomasverwaal/Robust-Rail-NL/mathematical-models/local_search_plans_discreet_120/plan_33_trains_1_units3.json"
"/home/thomasverwaal/Robust-Rail-NL/mathematical-models/scenarios_solver_types_120/scenario_solver_33_trains_1_units3.json","Cost of next node: Cost = 2,185.8 : 2,227.07 | cr=13, dd=33, da=11, tlv=8, sm=66, rd=134.55, cd=0, um=0","Time elapsed: 11.05 seconds","/home/thomasverwaal/Robust-Rail-NL/mathematical-models/local_search_plans_discreet_120/plan_33_trains_1_units3.json"
"/home/thomasverwaal/Robust-Rail-NL/mathematical-models/scenarios_solver_types_120/scenario_solver_33_trains_1_units3.json","Cost of next node: Cost = 2,150.0 : 2,191.37 | cr=11, dd=33, da=11, tlv=8, sm=66, rd=128.18, cd=0, um=0","Time elapsed: 11.44 seconds","/home/thomasverwaal/Robust-Rail-NL/mathematical-models/local_search_plans_discreet_120/plan_33_trains_1_units3.json"
"/home/thomasverwaal/Robust-Rail-NL/mathematical-models/scenarios_solver_types_120/scenario_solver_33_trains_1_units3.json","Cost of next node: Cost = 1,972.5 : 2,018.79 | cr=19, dd=28, da=11, tlv=9, sm=66, rd=120.91, cd=0, um=0","Time elapsed: 11.70 seconds","/home/thomasverwaal/Robust-Rail-NL/mathematical-models/local_search_plans_discreet_120/plan_33_trains_1_units3.json"
"/home/thomasverwaal/Robust-Rail-NL/mathematical-models/scenarios_solver_types_120/scenario_solver_33_trains_1_units3.json","Cost of next node: Cost = 1,922.6 : 1,968.96 | cr=19, dd=27, da=11, tlv=9, sm=66, rd=120.91, cd=0, um=0","Time elapsed: 12.10 seconds","/home/thomasverwaal/Robust-Rail-NL/mathematical-models/local_search_plans_discreet_120/plan_33_trains_1_units3.json"
"/home/thomasverwaal/Robust-Rail-NL/mathematical-models/scenarios_solver_types_120/scenario_solver_33_trains_1_units3.json","Cost of next node: Cost = 1,872.7 : 1,919.04 | cr=19, dd=26, da=11, tlv=9, sm=66, rd=120.91, cd=0, um=0","Time elapsed: 12.15 seconds","/home/thomasverwaal/Robust-Rail-NL/mathematical-models/local_search_plans_discreet_120/plan_33_trains_1_units3.json"
"/home/thomasverwaal/Robust-Rail-NL/mathematical-models/scenarios_solver_types_120/scenario_solver_33_trains_1_units3.json","Cost of next node: Cost = 1,777.3 : 1,823.66 | cr=19, dd=24, da=11, tlv=9, sm=66, rd=125.45, cd=0, um=0","Time elapsed: 12.22 seconds","/home/thomasverwaal/Robust-Rail-NL/mathematical-models/local_search_plans_discreet_120/plan_33_trains_1_units3.json"
"/home/thomasverwaal/Robust-Rail-NL/mathematical-models/scenarios_solver_types_120/scenario_solver_33_trains_1_units3.json","Cost of next node: Cost = 1,689.0 : 1,735.30 | cr=20, dd=22, da=11, tlv=9, sm=66, rd=125.45, cd=0, um=0","Time elapsed: 12.39 seconds","/home/thomasverwaal/Robust-Rail-NL/mathematical-models/local_search_plans_discreet_120/plan_33_trains_1_units3.json"
"/home/thomasverwaal/Robust-Rail-NL/mathematical-models/scenarios_solver_types_120/scenario_solver_33_trains_1_units3.json","Cost of next node: Cost = 1,657.3 : 1,703.64 | cr=22, dd=21, da=11, tlv=9, sm=66, rd=123.64, cd=0, um=0","Time elapsed: 12.51 seconds","/home/thomasverwaal/Robust-Rail-NL/mathematical-models/local_search_plans_discreet_120/plan_33_trains_1_units3.json"
"/home/thomasverwaal/Robust-Rail-NL/mathematical-models/scenarios_solver_types_120/scenario_solver_33_trains_1_units3.json","Cost of next node: Cost = 1,632.1 : 1,678.41 | cr=19, dd=21, da=11, tlv=9, sm=66, rd=130.00, cd=0, um=0","Time elapsed: 12.55 seconds","/home/thomasverwaal/Robust-Rail-NL/mathematical-models/local_search_plans_discreet_120/plan_33_trains_1_units3.json"
"/home/thomasverwaal/Robust-Rail-NL/mathematical-models/scenarios_solver_types_120/scenario_solver_33_trains_1_units3.json","Cost of next node: Cost = 1,598.2 : 1,644.54 | cr=21, dd=20, da=11, tlv=9, sm=66, rd=123.64, cd=0, um=0","Time elapsed: 12.73 seconds","/home/thomasverwaal/Robust-Rail-NL/mathematical-models/local_search_plans_discreet_120/plan_33_trains_1_units3.json"
"/home/thomasverwaal/Robust-Rail-NL/mathematical-models/scenarios_solver_types_120/scenario_solver_33_trains_1_units3.json","Cost of next node: Cost = 1,536.7 : 1,582.97 | cr=20, dd=19, da=11, tlv=9, sm=66, rd=123.64, cd=0, um=0","Time elapsed: 12.80 seconds","/home/thomasverwaal/Robust-Rail-NL/mathematical-models/local_search_plans_discreet_120/plan_33_trains_1_units3.json"
"/home/thomasverwaal/Robust-Rail-NL/mathematical-models/scenarios_solver_types_120/scenario_solver_33_trains_1_units3.json","Cost of next node: Cost = 1,486.7 : 1,528.07 | cr=20, dd=18, da=12, tlv=8, sm=66, rd=121.82, cd=0, um=0","Time elapsed: 12.90 seconds","/home/thomasverwaal/Robust-Rail-NL/mathematical-models/local_search_plans_discreet_120/plan_33_trains_1_units3.json"
"/home/thomasverwaal/Robust-Rail-NL/mathematical-models/scenarios_solver_types_120/scenario_solver_33_trains_1_units3.json","Cost of next node: Cost = 1,452.5 : 1,498.85 | cr=20, dd=17, da=12, tlv=9, sm=66, rd=118.18, cd=0, um=0","Time elapsed: 13.09 seconds","/home/thomasverwaal/Robust-Rail-NL/mathematical-models/local_search_plans_discreet_120/plan_33_trains_1_units3.json"
"/home/thomasverwaal/Robust-Rail-NL/mathematical-models/scenarios_solver_types_120/scenario_solver_33_trains_1_units3.json","Cost of next node: Cost = 1,430.4 : 1,476.75 | cr=20, dd=17, da=11, tlv=9, sm=66, rd=114.55, cd=0, um=0","Time elapsed: 13.34 seconds","/home/thomasverwaal/Robust-Rail-NL/mathematical-models/local_search_plans_discreet_120/plan_33_trains_1_units3.json"
"/home/thomasverwaal/Robust-Rail-NL/mathematical-models/scenarios_solver_types_120/scenario_solver_33_trains_1_units3.json","Cost of next node: Cost = 1,370.3 : 1,416.63 | cr=19, dd=16, da=11, tlv=9, sm=66, rd=114.55, cd=0, um=0","Time elapsed: 13.43 seconds","/home/thomasverwaal/Robust-Rail-NL/mathematical-models/local_search_plans_discreet_120/plan_33_trains_1_units3.json"
"/home/thomasverwaal/Robust-Rail-NL/mathematical-models/scenarios_solver_types_120/scenario_solver_33_trains_1_units3.json","Cost of next node: Cost = 1,341.3 : 1,387.61 | cr=21, dd=15, da=11, tlv=9, sm=66, rd=114.55, cd=0, um=0","Time elapsed: 13.48 seconds","/home/thomasverwaal/Robust-Rail-NL/mathematical-models/local_search_plans_discreet_120/plan_33_trains_1_units3.json"
"/home/thomasverwaal/Robust-Rail-NL/mathematical-models/scenarios_solver_types_120/scenario_solver_33_trains_1_units3.json","Cost of next node: Cost = 1,267.2 : 1,313.52 | cr=24, dd=13, da=11, tlv=9, sm=66, rd=114.55, cd=0, um=0","Time elapsed: 13.72 seconds","/home/thomasverwaal/Robust-Rail-NL/mathematical-models/local_search_plans_discreet_120/plan_33_trains_1_units3.json"
"/home/thomasverwaal/Robust-Rail-NL/mathematical-models/scenarios_solver_types_120/scenario_solver_33_trains_1_units3.json","Cost of next node: Cost = 1,195.5 : 1,241.85 | cr=24, dd=12, da=10, tlv=9, sm=66, rd=112.73, cd=0, um=0","Time elapsed: 14.07 seconds","/home/thomasverwaal/Robust-Rail-NL/mathematical-models/local_search_plans_discreet_120/plan_33_trains_1_units3.json"
"/home/thomasverwaal/Robust-Rail-NL/mathematical-models/scenarios_solver_types_120/scenario_solver_33_trains_1_units3.json","Cost of next node: Cost = 1,143.2 : 1,189.57 | cr=24, dd=11, da=10, tlv=9, sm=66, rd=110.91, cd=0, um=0","Time elapsed: 14.33 seconds","/home/thomasverwaal/Robust-Rail-NL/mathematical-models/local_search_plans_discreet_120/plan_33_trains_1_units3.json"
"/home/thomasverwaal/Robust-Rail-NL/mathematical-models/scenarios_solver_types_120/scenario_solver_33_trains_1_units3.json","Cost of next node: Cost = 982.9 : 1,034.22 | cr=27, dd=9, da=5, tlv=10, sm=66, rd=105.45, cd=0, um=0","Time elapsed: 14.73 seconds","/home/thomasverwaal/Robust-Rail-NL/mathematical-models/local_search_plans_discreet_120/plan_33_trains_1_units3.json"
"/home/thomasverwaal/Robust-Rail-NL/mathematical-models/scenarios_solver_types_120/scenario_solver_33_trains_1_units3.json","Cost of next node: Cost = 952.9 : 1,004.22 | cr=24, dd=9, da=5, tlv=10, sm=66, rd=105.45, cd=0, um=0","Time elapsed: 14.97 seconds","/home/thomasverwaal/Robust-Rail-NL/mathematical-models/local_search_plans_discreet_120/plan_33_trains_1_units3.json"
"/home/thomasverwaal/Robust-Rail-NL/mathematical-models/scenarios_solver_types_120/scenario_solver_33_trains_1_units3.json","Cost of next node: Cost = 878.9 : 935.20 | cr=22, dd=8, da=4, tlv=11, sm=66, rd=101.82, cd=0, um=0","Time elapsed: 15.40 seconds","/home/thomasverwaal/Robust-Rail-NL/mathematical-models/local_search_plans_discreet_120/plan_33_trains_1_units3.json"
"/home/thomasverwaal/Robust-Rail-NL/mathematical-models/scenarios_solver_types_120/scenario_solver_33_trains_1_units3.json","Cost of next node: Cost = 825.1 : 886.47 | cr=22, dd=7, da=3, tlv=12, sm=66, rd=98.18, cd=0, um=0","Time elapsed: 15.67 seconds","/home/thomasverwaal/Robust-Rail-NL/mathematical-models/local_search_plans_discreet_120/plan_33_trains_1_units3.json"
"/home/thomasverwaal/Robust-Rail-NL/mathematical-models/scenarios_solver_types_120/scenario_solver_33_trains_1_units3.json","Cost of next node: Cost = 608.5 : 674.77 | cr=22, dd=3, da=2, tlv=13, sm=66, rd=87.27, cd=0, um=0","Time elapsed: 16.00 seconds","/home/thomasverwaal/Robust-Rail-NL/mathematical-models/local_search_plans_discreet_120/plan_33_trains_1_units3.json"
"/home/thomasverwaal/Robust-Rail-NL/mathematical-models/scenarios_solver_types_120/scenario_solver_33_trains_1_units3.json","Cost of next node: Cost = 578.5 : 644.77 | cr=19, dd=3, da=2, tlv=13, sm=66, rd=87.27, cd=0, um=0","Time elapsed: 16.12 seconds","/home/thomasverwaal/Robust-Rail-NL/mathematical-models/local_search_plans_discreet_120/plan_33_trains_1_units3.json"
"/home/thomasverwaal/Robust-Rail-NL/mathematical-models/scenarios_solver_types_120/scenario_solver_33_trains_1_units3.json","Cost of next node: Cost = 543.2 : 614.52 | cr=19, dd=2, da=2, tlv=14, sm=66, rd=85.45, cd=0, um=0","Time elapsed: 16.60 seconds","/home/thomasverwaal/Robust-Rail-NL/mathematical-models/local_search_plans_discreet_120/plan_33_trains_1_units3.json"
"/home/thomasverwaal/Robust-Rail-NL/mathematical-models/scenarios_solver_types_120/scenario_solver_33_trains_1_units3.json","Cost of next node: Cost = 492.7 : 564.02 | cr=19, dd=1, da=2, tlv=14, sm=66, rd=85.45, cd=0, um=0","Time elapsed: 16.80 seconds","/home/thomasverwaal/Robust-Rail-NL/mathematical-models/local_search_plans_discreet_120/plan_33_trains_1_units3.json"
"/home/thomasverwaal/Robust-Rail-NL/mathematical-models/scenarios_solver_types_120/scenario_solver_33_trains_1_units3.json","Cost of next node: Cost = 467.7 : 534.02 | cr=18, dd=1, da=2, tlv=13, sm=66, rd=87.27, cd=0, um=0","Time elapsed: 17.16 seconds","/home/thomasverwaal/Robust-Rail-NL/mathematical-models/local_search_plans_discreet_120/plan_33_trains_1_units3.json"
"/home/thomasverwaal/Robust-Rail-NL/mathematical-models/scenarios_solver_types_120/scenario_solver_33_trains_1_units3.json","Cost of next node: Cost = 447.7 : 514.02 | cr=16, dd=1, da=2, tlv=13, sm=66, rd=87.27, cd=0, um=0","Time elapsed: 21.74 seconds","/home/thomasverwaal/Robust-Rail-NL/mathematical-models/local_search_plans_discreet_120/plan_33_trains_1_units3.json"
"/home/thomasverwaal/Robust-Rail-NL/mathematical-models/scenarios_solver_types_120/scenario_solver_33_trains_1_units3.json","Cost of next node: Cost = 437.7 : 504.02 | cr=15, dd=1, da=2, tlv=13, sm=66, rd=87.27, cd=0, um=0","Time elapsed: 25.44 seconds","/home/thomasverwaal/Robust-Rail-NL/mathematical-models/local_search_plans_discreet_120/plan_33_trains_1_units3.json"
"/home/thomasverwaal/Robust-Rail-NL/mathematical-models/scenarios_solver_types_120/scenario_solver_33_trains_1_units3.json","Cost of next node: Cost = 427.7 : 494.02 | cr=14, dd=1, da=2, tlv=13, sm=66, rd=87.27, cd=0, um=0","Time elapsed: 29.32 seconds","/home/thomasverwaal/Robust-Rail-NL/mathematical-models/local_search_plans_discreet_120/plan_33_trains_1_units3.json"
"/home/thomasverwaal/Robust-Rail-NL/mathematical-models/scenarios_solver_types_120/scenario_solver_33_trains_1_units3.json","Cost of next node: Cost = 417.7 : 484.02 | cr=13, dd=1, da=2, tlv=13, sm=66, rd=89.09, cd=0, um=0","Time elapsed: 33.43 seconds","/home/thomasverwaal/Robust-Rail-NL/mathematical-models/local_search_plans_discreet_120/plan_33_trains_1_units3.json"
"/home/thomasverwaal/Robust-Rail-NL/mathematical-models/scenarios_solver_types_120/scenario_solver_33_trains_1_units3.json","Cost of next node: Cost = 407.7 : 474.02 | cr=12, dd=1, da=2, tlv=13, sm=66, rd=89.09, cd=0, um=0","Time elapsed: 36.77 seconds","/home/thomasverwaal/Robust-Rail-NL/mathematical-models/local_search_plans_discreet_120/plan_33_trains_1_units3.json"
"/home/thomasverwaal/Robust-Rail-NL/mathematical-models/scenarios_solver_types_120/scenario_solver_33_trains_1_units3.json","Cost of next node: Cost = 397.7 : 464.02 | cr=11, dd=1, da=2, tlv=13, sm=66, rd=89.09, cd=0, um=0","Time elapsed: 39.92 seconds","/home/thomasverwaal/Robust-Rail-NL/mathematical-models/local_search_plans_discreet_120/plan_33_trains_1_units3.json"
"/home/thomasverwaal/Robust-Rail-NL/mathematical-models/scenarios_solver_types_120/scenario_solver_33_trains_1_units3.json","Cost of next node: Cost = 387.7 : 454.02 | cr=10, dd=1, da=2, tlv=13, sm=66, rd=87.27, cd=0, um=0","Time elapsed: 42.53 seconds","/home/thomasverwaal/Robust-Rail-NL/mathematical-models/local_search_plans_discreet_120/plan_33_trains_1_units3.json"
"/home/thomasverwaal/Robust-Rail-NL/mathematical-models/scenarios_solver_types_120/scenario_solver_33_trains_1_units3.json","Cost of next node: Cost = 330.9 : 402.22 | cr=10, dd=0, da=1, tlv=14, sm=66, rd=83.64, cd=0, um=0","Time elapsed: 42.80 seconds","/home/thomasverwaal/Robust-Rail-NL/mathematical-models/local_search_plans_discreet_120/plan_33_trains_1_units3.json"
"/home/thomasverwaal/Robust-Rail-NL/mathematical-models/scenarios_solver_types_120/scenario_solver_33_trains_1_units3.json","Cost of next node: Cost = 320.9 : 392.22 | cr=9, dd=0, da=1, tlv=14, sm=66, rd=83.64, cd=0, um=0","Time elapsed: 45.77 seconds","/home/thomasverwaal/Robust-Rail-NL/mathematical-models/local_search_plans_discreet_120/plan_33_trains_1_units3.json"
"/home/thomasverwaal/Robust-Rail-NL/mathematical-models/scenarios_solver_types_120/scenario_solver_33_trains_1_units3.json","Cost of next node: Cost = 310.9 : 382.22 | cr=8, dd=0, da=1, tlv=14, sm=66, rd=83.64, cd=0, um=0","Time elapsed: 48.18 seconds","/home/thomasverwaal/Robust-Rail-NL/mathematical-models/local_search_plans_discreet_120/plan_33_trains_1_units3.json"
"/home/thomasverwaal/Robust-Rail-NL/mathematical-models/scenarios_solver_types_120/scenario_solver_33_trains_1_units3.json","Cost of next node: Cost = 300.9 : 372.22 | cr=7, dd=0, da=1, tlv=14, sm=66, rd=83.64, cd=0, um=0","Time elapsed: 50.23 seconds","/home/thomasverwaal/Robust-Rail-NL/mathematical-models/local_search_plans_discreet_120/plan_33_trains_1_units3.json"
"/home/thomasverwaal/Robust-Rail-NL/mathematical-models/scenarios_solver_types_120/scenario_solver_33_trains_1_units3.json","Cost of next node: Cost = 290.9 : 362.22 | cr=6, dd=0, da=1, tlv=14, sm=66, rd=83.64, cd=0, um=0","Time elapsed: 51.96 seconds","/home/thomasverwaal/Robust-Rail-NL/mathematical-models/local_search_plans_discreet_120/plan_33_trains_1_units3.json"
"/home/thomasverwaal/Robust-Rail-NL/mathematical-models/scenarios_solver_types_120/scenario_solver_33_trains_1_units3.json","Cost of next node: Cost = 280.9 : 352.22 | cr=5, dd=0, da=1, tlv=14, sm=66, rd=83.64, cd=0, um=0","Time elapsed: 53.62 seconds","/home/thomasverwaal/Robust-Rail-NL/mathematical-models/local_search_plans_discreet_120/plan_33_trains_1_units3.json"
"/home/thomasverwaal/Robust-Rail-NL/mathematical-models/scenarios_solver_types_120/scenario_solver_33_trains_1_units3.json","Cost of next node: Cost = 275.0 : 351.32 | cr=5, dd=0, da=0, tlv=15, sm=66, rd=81.82, cd=0, um=0","Time elapsed: 54.82 seconds","/home/thomasverwaal/Robust-Rail-NL/mathematical-models/local_search_plans_discreet_120/plan_33_trains_1_units3.json"
"/home/thomasverwaal/Robust-Rail-NL/mathematical-models/scenarios_solver_types_120/scenario_solver_33_trains_1_units3.json","Cost of next node: Cost = 255.0 : 331.32 | cr=3, dd=0, da=0, tlv=15, sm=66, rd=81.82, cd=0, um=0","Time elapsed: 160.96 seconds","/home/thomasverwaal/Robust-Rail-NL/mathematical-models/local_search_plans_discreet_120/plan_33_trains_1_units3.json"
"/home/thomasverwaal/Robust-Rail-NL/mathematical-models/scenarios_solver_types_120/scenario_solver_33_trains_1_units3.json","Cost of next node: Cost = 250.0 : 321.34 | cr=4, dd=0, da=0, tlv=14, sm=67, rd=80.60, cd=0, um=0","Time elapsed: 166.63 seconds","/home/thomasverwaal/Robust-Rail-NL/mathematical-models/local_search_plans_discreet_120/plan_33_trains_1_units3.json"
"/home/thomasverwaal/Robust-Rail-NL/mathematical-models/scenarios_solver_types_120/scenario_solver_33_trains_1_units3.json","Cost of next node: Cost = 235.0 : 301.36 | cr=4, dd=0, da=0, tlv=13, sm=68, rd=81.18, cd=0, um=0","Time elapsed: 167.94 seconds","/home/thomasverwaal/Robust-Rail-NL/mathematical-models/local_search_plans_discreet_120/plan_33_trains_1_units3.json"
"/home/thomasverwaal/Robust-Rail-NL/mathematical-models/scenarios_solver_types_120/scenario_solver_33_trains_1_units3.json","Cost of next node: Cost = 225.0 : 291.36 | cr=3, dd=0, da=0, tlv=13, sm=68, rd=81.18, cd=0, um=0","Time elapsed: 169.25 seconds","/home/thomasverwaal/Robust-Rail-NL/mathematical-models/local_search_plans_discreet_120/plan_33_trains_1_units3.json"
"/home/thomasverwaal/Robust-Rail-NL/mathematical-models/scenarios_solver_types_120/scenario_solver_33_trains_1_units3.json","Cost of next node: Cost = 220.0 : 281.36 | cr=4, dd=0, da=0, tlv=12, sm=68, rd=84.71, cd=0, um=0","Time elapsed: 198.89 seconds","/home/thomasverwaal/Robust-Rail-NL/mathematical-models/local_search_plans_discreet_120/plan_33_trains_1_units3.json"
"/home/thomasverwaal/Robust-Rail-NL/mathematical-models/scenarios_solver_types_120/scenario_solver_33_trains_1_units3.json","NO_COST_FOUND","NO_TIME_FOUND","NO_PLAN_CREATED"
"/home/thomasverwaal/Robust-Rail-NL/mathematical-models/scenarios_solver_types_120/scenario_solver_33_trains_1_units30.json","Cost of next node: Cost = 2,808.9 : 2,810.27 | cr=41, dd=33, da=31, tlv=0, sm=66, rd=178.18, cd=0, um=0","Time elapsed: 4.48 seconds","/home/thomasverwaal/Robust-Rail-NL/mathematical-models/local_search_plans_discreet_120/plan_33_trains_1_units30.json"
"/home/thomasverwaal/Robust-Rail-NL/mathematical-models/scenarios_solver_types_120/scenario_solver_33_trains_1_units30.json","Cost of next node: Cost = 2,781.6 : 2,782.95 | cr=39, dd=33, da=31, tlv=0, sm=66, rd=176.36, cd=0, um=0","Time elapsed: 4.62 seconds","/home/thomasverwaal/Robust-Rail-NL/mathematical-models/local_search_plans_discreet_120/plan_33_trains_1_units30.json"
"/home/thomasverwaal/Robust-Rail-NL/mathematical-models/scenarios_solver_types_120/scenario_solver_33_trains_1_units30.json","Cost of next node: Cost = 2,761.2 : 2,762.51 | cr=37, dd=33, da=31, tlv=0, sm=66, rd=176.36, cd=0, um=0","Time elapsed: 4.91 seconds","/home/thomasverwaal/Robust-Rail-NL/mathematical-models/local_search_plans_discreet_120/plan_33_trains_1_units30.json"
"/home/thomasverwaal/Robust-Rail-NL/mathematical-models/scenarios_solver_types_120/scenario_solver_33_trains_1_units30.json","Cost of next node: Cost = 2,740.5 : 2,741.80 | cr=35, dd=33, da=31, tlv=0, sm=66, rd=176.36, cd=0, um=0","Time elapsed: 5.25 seconds","/home/thomasverwaal/Robust-Rail-NL/mathematical-models/local_search_plans_discreet_120/plan_33_trains_1_units30.json"
"/home/thomasverwaal/Robust-Rail-NL/mathematical-models/scenarios_solver_types_120/scenario_solver_33_trains_1_units30.json","Cost of next node: Cost = 2,717.1 : 2,718.47 | cr=36, dd=33, da=30, tlv=0, sm=66, rd=171.82, cd=0, um=0","Time elapsed: 5.63 seconds","/home/thomasverwaal/Robust-Rail-NL/mathematical-models/local_search_plans_discreet_120/plan_33_trains_1_units30.json"
"/home/thomasverwaal/Robust-Rail-NL/mathematical-models/scenarios_solver_types_120/scenario_solver_33_trains_1_units30.json","Cost of next node: Cost = 2,683.5 : 2,684.83 | cr=37, dd=33, da=29, tlv=0, sm=66, rd=165.45, cd=0, um=0","Time elapsed: 6.00 seconds","/home/thomasverwaal/Robust-Rail-NL/mathematical-models/local_search_plans_discreet_120/plan_33_trains_1_units30.json"
"/home/thomasverwaal/Robust-Rail-NL/mathematical-models/scenarios_solver_types_120/scenario_solver_33_trains_1_units30.json","Cost of next node: Cost = 2,603.7 : 2,610.04 | cr=34, dd=33, da=26, tlv=1, sm=66, rd=162.73, cd=0, um=0","Time elapsed: 6.31 seconds","/home/thomasverwaal/Robust-Rail-NL/mathematical-models/local_search_plans_discreet_120/plan_33_trains_1_units30.json"
"/home/thomasverwaal/Robust-Rail-NL/mathematical-models/scenarios_solver_types_120/scenario_solver_33_trains_1_units30.json","Cost of next node: Cost = 2,583.5 : 2,589.87 | cr=32, dd=33, da=26, tlv=1, sm=66, rd=162.73, cd=0, um=0","Time elapsed: 6.36 seconds","/home/thomasverwaal/Robust-Rail-NL/mathematical-models/local_search_plans_discreet_120/plan_33_trains_1_units30.json"
"/home/thomasverwaal/Robust-Rail-NL/mathematical-models/scenarios_solver_types_120/scenario_solver_33_trains_1_units30.json","Cost of next node: Cost = 2,546.4 : 2,557.74 | cr=28, dd=33, da=24, tlv=2, sm=66, rd=172.73, cd=0, um=0","Time elapsed: 6.66 seconds","/home/thomasverwaal/Robust-Rail-NL/mathematical-models/local_search_plans_discreet_120/plan_33_trains_1_units30.json"
"/home/thomasverwaal/Robust-Rail-NL/mathematical-models/scenarios_solver_types_120/scenario_solver_33_trains_1_units30.json","Cost of next node: Cost = 2,520.3 : 2,536.61 | cr=28, dd=33, da=22, tlv=3, sm=66, rd=170.91, cd=0, um=0","Time elapsed: 6.94 seconds","/home/thomasverwaal/Robust-Rail-NL/mathematical-models/local_search_plans_discreet_120/plan_33_trains_1_units30.json"
"/home/thomasverwaal/Robust-Rail-NL/mathematical-models/scenarios_solver_types_120/scenario_solver_33_trains_1_units30.json","Cost of next node: Cost = 2,472.3 : 2,488.60 | cr=30, dd=33, da=19, tlv=3, sm=66, rd=163.64, cd=0, um=0","Time elapsed: 7.19 seconds","/home/thomasverwaal/Robust-Rail-NL/mathematical-models/local_search_plans_discreet_120/plan_33_trains_1_units30.json"
"/home/thomasverwaal/Robust-Rail-NL/mathematical-models/scenarios_solver_types_120/scenario_solver_33_trains_1_units30.json","Cost of next node: Cost = 2,450.8 : 2,472.10 | cr=33, dd=33, da=16, tlv=4, sm=66, rd=164.55, cd=0, um=0","Time elapsed: 7.54 seconds","/home/thomasverwaal/Robust-Rail-NL/mathematical-models/local_search_plans_discreet_120/plan_33_trains_1_units30.json"
"/home/thomasverwaal/Robust-Rail-NL/mathematical-models/scenarios_solver_types_120/scenario_solver_33_trains_1_units30.json","Cost of next node: Cost = 2,429.2 : 2,450.57 | cr=33, dd=33, da=15, tlv=4, sm=66, rd=162.73, cd=0, um=0","Time elapsed: 7.81 seconds","/home/thomasverwaal/Robust-Rail-NL/mathematical-models/local_search_plans_discreet_120/plan_33_trains_1_units30.json"
"/home/thomasverwaal/Robust-Rail-NL/mathematical-models/scenarios_solver_types_120/scenario_solver_33_trains_1_units30.json","Cost of next node: Cost = 2,406.7 : 2,428.02 | cr=33, dd=33, da=14, tlv=4, sm=66, rd=159.09, cd=0, um=0","Time elapsed: 8.37 seconds","/home/thomasverwaal/Robust-Rail-NL/mathematical-models/local_search_plans_discreet_120/plan_33_trains_1_units30.json"
"/home/thomasverwaal/Robust-Rail-NL/mathematical-models/scenarios_solver_types_120/scenario_solver_33_trains_1_units30.json","Cost of next node: Cost = 2,382.5 : 2,403.78 | cr=31, dd=33, da=14, tlv=4, sm=66, rd=158.18, cd=0, um=0","Time elapsed: 8.47 seconds","/home/thomasverwaal/Robust-Rail-NL/mathematical-models/local_search_plans_discreet_120/plan_33_trains_1_units30.json"
"/home/thomasverwaal/Robust-Rail-NL/mathematical-models/scenarios_solver_types_120/scenario_solver_33_trains_1_units30.json","Cost of next node: Cost = 2,347.5 : 2,373.78 | cr=26, dd=33, da=14, tlv=5, sm=66, rd=158.18, cd=0, um=0","Time elapsed: 9.19 seconds","/home/thomasverwaal/Robust-Rail-NL/mathematical-models/local_search_plans_discreet_120/plan_33_trains_1_units30.json"
"/home/thomasverwaal/Robust-Rail-NL/mathematical-models/scenarios_solver_types_120/scenario_solver_33_trains_1_units30.json","Cost of next node: Cost = 2,317.5 : 2,343.78 | cr=23, dd=33, da=14, tlv=5, sm=66, rd=158.18, cd=0, um=0","Time elapsed: 9.36 seconds","/home/thomasverwaal/Robust-Rail-NL/mathematical-models/local_search_plans_discreet_120/plan_33_trains_1_units30.json"
"/home/thomasverwaal/Robust-Rail-NL/mathematical-models/scenarios_solver_types_120/scenario_solver_33_trains_1_units30.json","Cost of next node: Cost = 2,275.8 : 2,307.09 | cr=19, dd=33, da=14, tlv=6, sm=66, rd=150.00, cd=0, um=0","Time elapsed: 10.33 seconds","/home/thomasverwaal/Robust-Rail-NL/mathematical-models/local_search_plans_discreet_120/plan_33_trains_1_units30.json"
"/home/thomasverwaal/Robust-Rail-NL/mathematical-models/scenarios_solver_types_120/scenario_solver_33_trains_1_units30.json","Cost of next node: Cost = 2,253.5 : 2,279.85 | cr=20, dd=33, da=14, tlv=5, sm=66, rd=143.64, cd=0, um=0","Time elapsed: 11.43 seconds","/home/thomasverwaal/Robust-Rail-NL/mathematical-models/local_search_plans_discreet_120/plan_33_trains_1_units30.json"
"/home/thomasverwaal/Robust-Rail-NL/mathematical-models/scenarios_solver_types_120/scenario_solver_33_trains_1_units30.json","Cost of next node: Cost = 2,198.5 : 2,224.80 | cr=27, dd=31, da=14, tlv=5, sm=66, rd=136.36, cd=0, um=0","Time elapsed: 11.73 seconds","/home/thomasverwaal/Robust-Rail-NL/mathematical-models/local_search_plans_discreet_120/plan_33_trains_1_units30.json"
"/home/thomasverwaal/Robust-Rail-NL/mathematical-models/scenarios_solver_types_120/scenario_solver_33_trains_1_units30.json","Cost of next node: Cost = 2,148.4 : 2,174.76 | cr=27, dd=30, da=14, tlv=5, sm=66, rd=136.36, cd=0, um=0","Time elapsed: 11.86 seconds","/home/thomasverwaal/Robust-Rail-NL/mathematical-models/local_search_plans_discreet_120/plan_33_trains_1_units30.json"
"/home/thomasverwaal/Robust-Rail-NL/mathematical-models/scenarios_solver_types_120/scenario_solver_33_trains_1_units30.json","Cost of next node: Cost = 2,049.4 : 2,075.71 | cr=27, dd=28, da=14, tlv=5, sm=66, rd=136.36, cd=0, um=0","Time elapsed: 11.98 seconds","/home/thomasverwaal/Robust-Rail-NL/mathematical-models/local_search_plans_discreet_120/plan_33_trains_1_units30.json"
"/home/thomasverwaal/Robust-Rail-NL/mathematical-models/scenarios_solver_types_120/scenario_solver_33_trains_1_units30.json","Cost of next node: Cost = 1,999.8 : 2,026.14 | cr=27, dd=27, da=14, tlv=5, sm=66, rd=136.36, cd=0, um=0","Time elapsed: 12.10 seconds","/home/thomasverwaal/Robust-Rail-NL/mathematical-models/local_search_plans_discreet_120/plan_33_trains_1_units30.json"
"/home/thomasverwaal/Robust-Rail-NL/mathematical-models/scenarios_solver_types_120/scenario_solver_33_trains_1_units30.json","Cost of next node: Cost = 1,960.0 : 1,986.37 | cr=28, dd=26, da=14, tlv=5, sm=66, rd=136.36, cd=0, um=0","Time elapsed: 12.30 seconds","/home/thomasverwaal/Robust-Rail-NL/mathematical-models/local_search_plans_discreet_120/plan_33_trains_1_units30.json"
"/home/thomasverwaal/Robust-Rail-NL/mathematical-models/scenarios_solver_types_120/scenario_solver_33_trains_1_units30.json","Cost of next node: Cost = 1,900.4 : 1,926.73 | cr=27, dd=25, da=14, tlv=5, sm=66, rd=136.36, cd=0, um=0","Time elapsed: 12.40 seconds","/home/thomasverwaal/Robust-Rail-NL/mathematical-models/local_search_plans_discreet_120/plan_33_trains_1_units30.json"
"/home/thomasverwaal/Robust-Rail-NL/mathematical-models/scenarios_solver_types_120/scenario_solver_33_trains_1_units30.json","Cost of next node: Cost = 1,860.4 : 1,886.76 | cr=28, dd=24, da=14, tlv=5, sm=66, rd=136.36, cd=0, um=0","Time elapsed: 12.61 seconds","/home/thomasverwaal/Robust-Rail-NL/mathematical-models/local_search_plans_discreet_120/plan_33_trains_1_units30.json"
"/home/thomasverwaal/Robust-Rail-NL/mathematical-models/scenarios_solver_types_120/scenario_solver_33_trains_1_units30.json","Cost of next node: Cost = 1,799.0 : 1,825.30 | cr=27, dd=23, da=14, tlv=5, sm=66, rd=136.36, cd=0, um=0","Time elapsed: 12.73 seconds","/home/thomasverwaal/Robust-Rail-NL/mathematical-models/local_search_plans_discreet_120/plan_33_trains_1_units30.json"
"/home/thomasverwaal/Robust-Rail-NL/mathematical-models/scenarios_solver_types_120/scenario_solver_33_trains_1_units30.json","Cost of next node: Cost = 1,772.4 : 1,803.68 | cr=28, dd=22, da=14, tlv=6, sm=66, rd=136.36, cd=0, um=0","Time elapsed: 12.84 seconds","/home/thomasverwaal/Robust-Rail-NL/mathematical-models/local_search_plans_discreet_120/plan_33_trains_1_units30.json"
"/home/thomasverwaal/Robust-Rail-NL/mathematical-models/scenarios_solver_types_120/scenario_solver_33_trains_1_units30.json","Cost of next node: Cost = 1,722.0 : 1,753.36 | cr=28, dd=21, da=14, tlv=6, sm=66, rd=136.36, cd=0, um=0","Time elapsed: 12.94 seconds","/home/thomasverwaal/Robust-Rail-NL/mathematical-models/local_search_plans_discreet_120/plan_33_trains_1_units30.json"
"/home/thomasverwaal/Robust-Rail-NL/mathematical-models/scenarios_solver_types_120/scenario_solver_33_trains_1_units30.json","Cost of next node: Cost = 1,539.3 : 1,575.61 | cr=27, dd=18, da=12, tlv=7, sm=66, rd=130.91, cd=0, um=0","Time elapsed: 13.13 seconds","/home/thomasverwaal/Robust-Rail-NL/mathematical-models/local_search_plans_discreet_120/plan_33_trains_1_units30.json"
"/home/thomasverwaal/Robust-Rail-NL/mathematical-models/scenarios_solver_types_120/scenario_solver_33_trains_1_units30.json","Cost of next node: Cost = 1,500.1 : 1,536.47 | cr=28, dd=17, da=12, tlv=7, sm=66, rd=130.91, cd=0, um=0","Time elapsed: 13.21 seconds","/home/thomasverwaal/Robust-Rail-NL/mathematical-models/local_search_plans_discreet_120/plan_33_trains_1_units30.json"
"/home/thomasverwaal/Robust-Rail-NL/mathematical-models/scenarios_solver_types_120/scenario_solver_33_trains_1_units30.json","Cost of next node: Cost = 1,446.4 : 1,487.77 | cr=28, dd=16, da=11, tlv=8, sm=66, rd=127.27, cd=0, um=0","Time elapsed: 13.69 seconds","/home/thomasverwaal/Robust-Rail-NL/mathematical-models/local_search_plans_discreet_120/plan_33_trains_1_units30.json"
"/home/thomasverwaal/Robust-Rail-NL/mathematical-models/scenarios_solver_types_120/scenario_solver_33_trains_1_units30.json","Cost of next node: Cost = 1,379.0 : 1,425.29 | cr=29, dd=15, da=9, tlv=9, sm=66, rd=123.64, cd=0, um=0","Time elapsed: 14.08 seconds","/home/thomasverwaal/Robust-Rail-NL/mathematical-models/local_search_plans_discreet_120/plan_33_trains_1_units30.json"
"/home/thomasverwaal/Robust-Rail-NL/mathematical-models/scenarios_solver_types_120/scenario_solver_33_trains_1_units30.json","Cost of next node: Cost = 1,318.2 : 1,364.54 | cr=28, dd=14, da=9, tlv=9, sm=66, rd=123.64, cd=0, um=0","Time elapsed: 14.18 seconds","/home/thomasverwaal/Robust-Rail-NL/mathematical-models/local_search_plans_discreet_120/plan_33_trains_1_units30.json"
"/home/thomasverwaal/Robust-Rail-NL/mathematical-models/scenarios_solver_types_120/scenario_solver_33_trains_1_units30.json","Cost of next node: Cost = 1,278.5 : 1,329.84 | cr=27, dd=15, da=4, tlv=10, sm=66, rd=122.73, cd=0, um=0","Time elapsed: 14.43 seconds","/home/thomasverwaal/Robust-Rail-NL/mathematical-models/local_search_plans_discreet_120/plan_33_trains_1_units30.json"
"/home/thomasverwaal/Robust-Rail-NL/mathematical-models/scenarios_solver_types_120/scenario_solver_33_trains_1_units30.json","Cost of next node: Cost = 1,230.3 : 1,286.61 | cr=28, dd=12, da=8, tlv=11, sm=66, rd=123.64, cd=0, um=0","Time elapsed: 14.51 seconds","/home/thomasverwaal/Robust-Rail-NL/mathematical-models/local_search_plans_discreet_120/plan_33_trains_1_units30.json"
"/home/thomasverwaal/Robust-Rail-NL/mathematical-models/scenarios_solver_types_120/scenario_solver_33_trains_1_units30.json","Cost of next node: Cost = 1,205.3 : 1,266.61 | cr=24, dd=12, da=8, tlv=12, sm=66, rd=121.82, cd=0, um=0","Time elapsed: 14.76 seconds","/home/thomasverwaal/Robust-Rail-NL/mathematical-models/local_search_plans_discreet_120/plan_33_trains_1_units30.json"
"/home/thomasverwaal/Robust-Rail-NL/mathematical-models/scenarios_solver_types_120/scenario_solver_33_trains_1_units30.json","Cost of next node: Cost = 1,180.3 : 1,236.61 | cr=23, dd=12, da=8, tlv=11, sm=66, rd=121.82, cd=0, um=0","Time elapsed: 14.93 seconds","/home/thomasverwaal/Robust-Rail-NL/mathematical-models/local_search_plans_discreet_120/plan_33_trains_1_units30.json"
"/home/thomasverwaal/Robust-Rail-NL/mathematical-models/scenarios_solver_types_120/scenario_solver_33_trains_1_units30.json","Cost of next node: Cost = 1,143.8 : 1,205.15 | cr=25, dd=11, da=7, tlv=12, sm=66, rd=118.18, cd=0, um=0","Time elapsed: 15.19 seconds","/home/thomasverwaal/Robust-Rail-NL/mathematical-models/local_search_plans_discreet_120/plan_33_trains_1_units30.json"
"/home/thomasverwaal/Robust-Rail-NL/mathematical-models/scenarios_solver_types_120/scenario_solver_33_trains_1_units30.json","Cost of next node: Cost = 1,103.8 : 1,165.15 | cr=21, dd=11, da=7, tlv=12, sm=66, rd=118.18, cd=0, um=0","Time elapsed: 15.31 seconds","/home/thomasverwaal/Robust-Rail-NL/mathematical-models/local_search_plans_discreet_120/plan_33_trains_1_units30.json"
"/home/thomasverwaal/Robust-Rail-NL/mathematical-models/scenarios_solver_types_120/scenario_solver_33_trains_1_units30.json","Cost of next node: Cost = 1,070.0 : 1,131.28 | cr=21, dd=10, da=8, tlv=12, sm=66, rd=117.27, cd=0, um=0","Time elapsed: 15.66 seconds","/home/thomasverwaal/Robust-Rail-NL/mathematical-models/local_search_plans_discreet_120/plan_33_trains_1_units30.json"
"/home/thomasverwaal/Robust-Rail-NL/mathematical-models/scenarios_solver_types_120/scenario_solver_33_trains_1_units30.json","Cost of next node: Cost = 1,035.0 : 1,091.28 | cr=19, dd=10, da=8, tlv=11, sm=66, rd=117.27, cd=0, um=0","Time elapsed: 15.96 seconds","/home/thomasverwaal/Robust-Rail-NL/mathematical-models/local_search_plans_discreet_120/plan_33_trains_1_units30.json"
"/home/thomasverwaal/Robust-Rail-NL/mathematical-models/scenarios_solver_types_120/scenario_solver_33_trains_1_units30.json","Cost of next node: Cost = 951.7 : 1,013.03 | cr=21, dd=8, da=7, tlv=12, sm=66, rd=113.64, cd=0, um=0","Time elapsed: 16.23 seconds","/home/thomasverwaal/Robust-Rail-NL/mathematical-models/local_search_plans_discreet_120/plan_33_trains_1_units30.json"
"/home/thomasverwaal/Robust-Rail-NL/mathematical-models/scenarios_solver_types_120/scenario_solver_33_trains_1_units30.json","Cost of next node: Cost = 899.5 : 960.82 | cr=21, dd=7, da=7, tlv=12, sm=66, rd=112.73, cd=0, um=0","Time elapsed: 16.51 seconds","/home/thomasverwaal/Robust-Rail-NL/mathematical-models/local_search_plans_discreet_120/plan_33_trains_1_units30.json"
"/home/thomasverwaal/Robust-Rail-NL/mathematical-models/scenarios_solver_types_120/scenario_solver_33_trains_1_units30.json","Cost of next node: Cost = 879.4 : 940.70 | cr=22, dd=8, da=3, tlv=12, sm=66, rd=111.82, cd=0, um=0","Time elapsed: 16.64 seconds","/home/thomasverwaal/Robust-Rail-NL/mathematical-models/local_search_plans_discreet_120/plan_33_trains_1_units30.json"
"/home/thomasverwaal/Robust-Rail-NL/mathematical-models/scenarios_solver_types_120/scenario_solver_33_trains_1_units30.json","Cost of next node: Cost = 849.4 : 910.70 | cr=19, dd=8, da=3, tlv=12, sm=66, rd=111.82, cd=0, um=0","Time elapsed: 16.69 seconds","/home/thomasverwaal/Robust-Rail-NL/mathematical-models/local_search_plans_discreet_120/plan_33_trains_1_units30.json"
"/home/thomasverwaal/Robust-Rail-NL/mathematical-models/scenarios_solver_types_120/scenario_solver_33_trains_1_units30.json","Cost of next node: Cost = 813.3 : 879.62 | cr=19, dd=7, da=3, tlv=13, sm=66, rd=106.36, cd=0, um=0","Time elapsed: 16.99 seconds","/home/thomasverwaal/Robust-Rail-NL/mathematical-models/local_search_plans_discreet_120/plan_33_trains_1_units30.json"
"/home/thomasverwaal/Robust-Rail-NL/mathematical-models/scenarios_solver_types_120/scenario_solver_33_trains_1_units30.json","Cost of next node: Cost = 767.2 : 838.52 | cr=25, dd=5, da=2, tlv=14, sm=66, rd=99.09, cd=0, um=0","Time elapsed: 17.30 seconds","/home/thomasverwaal/Robust-Rail-NL/mathematical-models/local_search_plans_discreet_120/plan_33_trains_1_units30.json"
"/home/thomasverwaal/Robust-Rail-NL/mathematical-models/scenarios_solver_types_120/scenario_solver_33_trains_1_units30.json","Cost of next node: Cost = 707.2 : 778.52 | cr=19, dd=5, da=2, tlv=14, sm=66, rd=99.09, cd=0, um=0","Time elapsed: 17.49 seconds","/home/thomasverwaal/Robust-Rail-NL/mathematical-models/local_search_plans_discreet_120/plan_33_trains_1_units30.json"
"/home/thomasverwaal/Robust-Rail-NL/mathematical-models/scenarios_solver_types_120/scenario_solver_33_trains_1_units30.json","Cost of next node: Cost = 651.3 : 727.62 | cr=25, dd=3, da=1, tlv=15, sm=66, rd=88.18, cd=0, um=0","Time elapsed: 18.05 seconds","/home/thomasverwaal/Robust-Rail-NL/mathematical-models/local_search_plans_discreet_120/plan_33_trains_1_units30.json"
"/home/thomasverwaal/Robust-Rail-NL/mathematical-models/scenarios_solver_types_120/scenario_solver_33_trains_1_units30.json","Cost of next node: Cost = 599.8 : 676.12 | cr=25, dd=2, da=1, tlv=15, sm=66, rd=88.18, cd=0, um=0","Time elapsed: 18.18 seconds","/home/thomasverwaal/Robust-Rail-NL/mathematical-models/local_search_plans_discreet_120/plan_33_trains_1_units30.json"
"/home/thomasverwaal/Robust-Rail-NL/mathematical-models/scenarios_solver_types_120/scenario_solver_33_trains_1_units30.json","Cost of next node: Cost = 559.8 : 636.12 | cr=21, dd=2, da=1, tlv=15, sm=66, rd=88.18, cd=0, um=0","Time elapsed: 18.34 seconds","/home/thomasverwaal/Robust-Rail-NL/mathematical-models/local_search_plans_discreet_120/plan_33_trains_1_units30.json"
"/home/thomasverwaal/Robust-Rail-NL/mathematical-models/scenarios_solver_types_120/scenario_solver_33_trains_1_units30.json","Cost of next node: Cost = 524.8 : 606.12 | cr=21, dd=1, da=1, tlv=16, sm=66, rd=86.36, cd=0, um=0","Time elapsed: 18.85 seconds","/home/thomasverwaal/Robust-Rail-NL/mathematical-models/local_search_plans_discreet_120/plan_33_trains_1_units30.json"
"/home/thomasverwaal/Robust-Rail-NL/mathematical-models/scenarios_solver_types_120/scenario_solver_33_trains_1_units30.json","Cost of next node: Cost = 499.8 : 576.12 | cr=20, dd=1, da=1, tlv=15, sm=66, rd=88.18, cd=0, um=0","Time elapsed: 19.10 seconds","/home/thomasverwaal/Robust-Rail-NL/mathematical-models/local_search_plans_discreet_120/plan_33_trains_1_units30.json"
"/home/thomasverwaal/Robust-Rail-NL/mathematical-models/scenarios_solver_types_120/scenario_solver_33_trains_1_units30.json","Cost of next node: Cost = 479.8 : 556.12 | cr=18, dd=1, da=1, tlv=15, sm=66, rd=88.18, cd=0, um=0","Time elapsed: 24.32 seconds","/home/thomasverwaal/Robust-Rail-NL/mathematical-models/local_search_plans_discreet_120/plan_33_trains_1_units30.json"
"/home/thomasverwaal/Robust-Rail-NL/mathematical-models/scenarios_solver_types_120/scenario_solver_33_trains_1_units30.json","Cost of next node: Cost = 459.8 : 536.12 | cr=16, dd=1, da=1, tlv=15, sm=66, rd=88.18, cd=0, um=0","Time elapsed: 28.60 seconds","/home/thomasverwaal/Robust-Rail-NL/mathematical-models/local_search_plans_discreet_120/plan_33_trains_1_units30.json"
"/home/thomasverwaal/Robust-Rail-NL/mathematical-models/scenarios_solver_types_120/scenario_solver_33_trains_1_units30.json","Cost of next node: Cost = 444.8 : 516.12 | cr=16, dd=1, da=1, tlv=14, sm=66, rd=90.00, cd=0, um=0","Time elapsed: 33.02 seconds","/home/thomasverwaal/Robust-Rail-NL/mathematical-models/local_search_plans_discreet_120/plan_33_trains_1_units30.json"
"/home/thomasverwaal/Robust-Rail-NL/mathematical-models/scenarios_solver_types_120/scenario_solver_33_trains_1_units30.json","Cost of next node: Cost = 391.8 : 463.12 | cr=16, dd=0, da=1, tlv=14, sm=66, rd=87.27, cd=0, um=0","Time elapsed: 33.34 seconds","/home/thomasverwaal/Robust-Rail-NL/mathematical-models/local_search_plans_discreet_120/plan_33_trains_1_units30.json"
"/home/thomasverwaal/Robust-Rail-NL/mathematical-models/scenarios_solver_types_120/scenario_solver_33_trains_1_units30.json","Cost of next node: Cost = 371.8 : 443.12 | cr=14, dd=0, da=1, tlv=14, sm=66, rd=83.64, cd=0, um=0","Time elapsed: 37.35 seconds","/home/thomasverwaal/Robust-Rail-NL/mathematical-models/local_search_plans_discreet_120/plan_33_trains_1_units30.json"
"/home/thomasverwaal/Robust-Rail-NL/mathematical-models/scenarios_solver_types_120/scenario_solver_33_trains_1_units30.json","Cost of next node: Cost = 361.8 : 433.12 | cr=13, dd=0, da=1, tlv=14, sm=66, rd=83.64, cd=0, um=0","Time elapsed: 41.88 seconds","/home/thomasverwaal/Robust-Rail-NL/mathematical-models/local_search_plans_discreet_120/plan_33_trains_1_units30.json"
"/home/thomasverwaal/Robust-Rail-NL/mathematical-models/scenarios_solver_types_120/scenario_solver_33_trains_1_units30.json","Cost of next node: Cost = 351.8 : 423.12 | cr=12, dd=0, da=1, tlv=14, sm=66, rd=81.82, cd=0, um=0","Time elapsed: 45.94 seconds","/home/thomasverwaal/Robust-Rail-NL/mathematical-models/local_search_plans_discreet_120/plan_33_trains_1_units30.json"
"/home/thomasverwaal/Robust-Rail-NL/mathematical-models/scenarios_solver_types_120/scenario_solver_33_trains_1_units30.json","Cost of next node: Cost = 335.0 : 411.32 | cr=11, dd=0, da=0, tlv=15, sm=66, rd=76.36, cd=0, um=0","Time elapsed: 50.27 seconds","/home/thomasverwaal/Robust-Rail-NL/mathematical-models/local_search_plans_discreet_120/plan_33_trains_1_units30.json"
"/home/thomasverwaal/Robust-Rail-NL/mathematical-models/scenarios_solver_types_120/scenario_solver_33_trains_1_units30.json","Cost of next node: Cost = 325.0 : 401.32 | cr=10, dd=0, da=0, tlv=15, sm=66, rd=76.36, cd=0, um=0","Time elapsed: 54.74 seconds","/home/thomasverwaal/Robust-Rail-NL/mathematical-models/local_search_plans_discreet_120/plan_33_trains_1_units30.json"
"/home/thomasverwaal/Robust-Rail-NL/mathematical-models/scenarios_solver_types_120/scenario_solver_33_trains_1_units30.json","Cost of next node: Cost = 305.0 : 381.32 | cr=8, dd=0, da=0, tlv=15, sm=66, rd=76.36, cd=0, um=0","Time elapsed: 62.63 seconds","/home/thomasverwaal/Robust-Rail-NL/mathematical-models/local_search_plans_discreet_120/plan_33_trains_1_units30.json"
"/home/thomasverwaal/Robust-Rail-NL/mathematical-models/scenarios_solver_types_120/scenario_solver_33_trains_1_units30.json","Cost of next node: Cost = 295.0 : 371.32 | cr=7, dd=0, da=0, tlv=15, sm=66, rd=78.18, cd=0, um=0","Time elapsed: 66.41 seconds","/home/thomasverwaal/Robust-Rail-NL/mathematical-models/local_search_plans_discreet_120/plan_33_trains_1_units30.json"
"/home/thomasverwaal/Robust-Rail-NL/mathematical-models/scenarios_solver_types_120/scenario_solver_33_trains_1_units30.json","Cost of next node: Cost = 285.0 : 361.32 | cr=6, dd=0, da=0, tlv=15, sm=66, rd=78.18, cd=0, um=0","Time elapsed: 69.92 seconds","/home/thomasverwaal/Robust-Rail-NL/mathematical-models/local_search_plans_discreet_120/plan_33_trains_1_units30.json"
"/home/thomasverwaal/Robust-Rail-NL/mathematical-models/scenarios_solver_types_120/scenario_solver_33_trains_1_units30.json","Cost of next node: Cost = 275.0 : 351.32 | cr=5, dd=0, da=0, tlv=15, sm=66, rd=80.00, cd=0, um=0","Time elapsed: 133.64 seconds","/home/thomasverwaal/Robust-Rail-NL/mathematical-models/local_search_plans_discreet_120/plan_33_trains_1_units30.json"
"/home/thomasverwaal/Robust-Rail-NL/mathematical-models/scenarios_solver_types_120/scenario_solver_33_trains_1_units30.json","Cost of next node: Cost = 265.0 : 341.32 | cr=4, dd=0, da=0, tlv=15, sm=66, rd=81.82, cd=0, um=0","Time elapsed: 199.71 seconds","/home/thomasverwaal/Robust-Rail-NL/mathematical-models/local_search_plans_discreet_120/plan_33_trains_1_units30.json"
"/home/thomasverwaal/Robust-Rail-NL/mathematical-models/scenarios_solver_types_120/scenario_solver_33_trains_1_units30.json","NO_COST_FOUND","NO_TIME_FOUND","NO_PLAN_CREATED"
"/home/thomasverwaal/Robust-Rail-NL/mathematical-models/scenarios_solver_types_120/scenario_solver_33_trains_1_units4.json","Cost of next node: Cost = 2,824.6 : 2,825.90 | cr=41, dd=33, da=31, tlv=0, sm=66, rd=178.18, cd=0, um=0","Time elapsed: 4.49 seconds","/home/thomasverwaal/Robust-Rail-NL/mathematical-models/local_search_plans_discreet_120/plan_33_trains_1_units4.json"
"/home/thomasverwaal/Robust-Rail-NL/mathematical-models/scenarios_solver_types_120/scenario_solver_33_trains_1_units4.json","Cost of next node: Cost = 2,797.3 : 2,798.58 | cr=39, dd=33, da=31, tlv=0, sm=66, rd=176.36, cd=0, um=0","Time elapsed: 4.63 seconds","/home/thomasverwaal/Robust-Rail-NL/mathematical-models/local_search_plans_discreet_120/plan_33_trains_1_units4.json"
"/home/thomasverwaal/Robust-Rail-NL/mathematical-models/scenarios_solver_types_120/scenario_solver_33_trains_1_units4.json","Cost of next node: Cost = 2,776.8 : 2,778.14 | cr=37, dd=33, da=31, tlv=0, sm=66, rd=176.36, cd=0, um=0","Time elapsed: 4.96 seconds","/home/thomasverwaal/Robust-Rail-NL/mathematical-models/local_search_plans_discreet_120/plan_33_trains_1_units4.json"
"/home/thomasverwaal/Robust-Rail-NL/mathematical-models/scenarios_solver_types_120/scenario_solver_33_trains_1_units4.json","Cost of next node: Cost = 2,756.1 : 2,757.43 | cr=35, dd=33, da=31, tlv=0, sm=66, rd=176.36, cd=0, um=0","Time elapsed: 5.30 seconds","/home/thomasverwaal/Robust-Rail-NL/mathematical-models/local_search_plans_discreet_120/plan_33_trains_1_units4.json"
"/home/thomasverwaal/Robust-Rail-NL/mathematical-models/scenarios_solver_types_120/scenario_solver_33_trains_1_units4.json","Cost of next node: Cost = 2,723.4 : 2,724.74 | cr=36, dd=33, da=30, tlv=0, sm=66, rd=171.82, cd=0, um=0","Time elapsed: 5.64 seconds","/home/thomasverwaal/Robust-Rail-NL/mathematical-models/local_search_plans_discreet_120/plan_33_trains_1_units4.json"
"/home/thomasverwaal/Robust-Rail-NL/mathematical-models/scenarios_solver_types_120/scenario_solver_33_trains_1_units4.json","Cost of next node: Cost = 2,670.2 : 2,671.47 | cr=37, dd=33, da=28, tlv=0, sm=66, rd=165.45, cd=0, um=0","Time elapsed: 6.01 seconds","/home/thomasverwaal/Robust-Rail-NL/mathematical-models/local_search_plans_discreet_120/plan_33_trains_1_units4.json"
"/home/thomasverwaal/Robust-Rail-NL/mathematical-models/scenarios_solver_types_120/scenario_solver_33_trains_1_units4.json","Cost of next node: Cost = 2,443.9 : 2,450.22 | cr=34, dd=33, da=17, tlv=1, sm=66, rd=162.73, cd=0, um=0","Time elapsed: 6.32 seconds","/home/thomasverwaal/Robust-Rail-NL/mathematical-models/local_search_plans_discreet_120/plan_33_trains_1_units4.json"
"/home/thomasverwaal/Robust-Rail-NL/mathematical-models/scenarios_solver_types_120/scenario_solver_33_trains_1_units4.json","Cost of next node: Cost = 2,423.7 : 2,430.04 | cr=32, dd=33, da=17, tlv=1, sm=66, rd=162.73, cd=0, um=0","Time elapsed: 6.41 seconds","/home/thomasverwaal/Robust-Rail-NL/mathematical-models/local_search_plans_discreet_120/plan_33_trains_1_units4.json"
"/home/thomasverwaal/Robust-Rail-NL/mathematical-models/scenarios_solver_types_120/scenario_solver_33_trains_1_units4.json","Cost of next node: Cost = 2,398.3 : 2,409.60 | cr=32, dd=33, da=15, tlv=2, sm=66, rd=160.91, cd=0, um=0","Time elapsed: 6.78 seconds","/home/thomasverwaal/Robust-Rail-NL/mathematical-models/local_search_plans_discreet_120/plan_33_trains_1_units4.json"
"/home/thomasverwaal/Robust-Rail-NL/mathematical-models/scenarios_solver_types_120/scenario_solver_33_trains_1_units4.json","Cost of next node: Cost = 2,372.1 : 2,388.38 | cr=32, dd=33, da=13, tlv=3, sm=66, rd=156.36, cd=0, um=0","Time elapsed: 7.12 seconds","/home/thomasverwaal/Robust-Rail-NL/mathematical-models/local_search_plans_discreet_120/plan_33_trains_1_units4.json"
"/home/thomasverwaal/Robust-Rail-NL/mathematical-models/scenarios_solver_types_120/scenario_solver_33_trains_1_units4.json","Cost of next node: Cost = 2,351.7 : 2,373.07 | cr=32, dd=33, da=12, tlv=4, sm=66, rd=149.09, cd=0, um=0","Time elapsed: 7.72 seconds","/home/thomasverwaal/Robust-Rail-NL/mathematical-models/local_search_plans_discreet_120/plan_33_trains_1_units4.json"
"/home/thomasverwaal/Robust-Rail-NL/mathematical-models/scenarios_solver_types_120/scenario_solver_33_trains_1_units4.json","Cost of next node: Cost = 2,326.7 : 2,353.07 | cr=28, dd=33, da=12, tlv=5, sm=66, rd=149.09, cd=0, um=0","Time elapsed: 8.51 seconds","/home/thomasverwaal/Robust-Rail-NL/mathematical-models/local_search_plans_discreet_120/plan_33_trains_1_units4.json"
"/home/thomasverwaal/Robust-Rail-NL/mathematical-models/scenarios_solver_types_120/scenario_solver_33_trains_1_units4.json","Cost of next node: Cost = 2,296.7 : 2,323.07 | cr=25, dd=33, da=12, tlv=5, sm=66, rd=149.09, cd=0, um=0","Time elapsed: 8.57 seconds","/home/thomasverwaal/Robust-Rail-NL/mathematical-models/local_search_plans_discreet_120/plan_33_trains_1_units4.json"
"/home/thomasverwaal/Robust-Rail-NL/mathematical-models/scenarios_solver_types_120/scenario_solver_33_trains_1_units4.json","Cost of next node: Cost = 2,270.4 : 2,301.70 | cr=23, dd=33, da=11, tlv=6, sm=66, rd=145.45, cd=0, um=0","Time elapsed: 8.85 seconds","/home/thomasverwaal/Robust-Rail-NL/mathematical-models/local_search_plans_discreet_120/plan_33_trains_1_units4.json"
"/home/thomasverwaal/Robust-Rail-NL/mathematical-models/scenarios_solver_types_120/scenario_solver_33_trains_1_units4.json","Cost of next node: Cost = 2,248.8 : 2,285.15 | cr=18, dd=33, da=11, tlv=7, sm=66, rd=149.09, cd=0, um=0","Time elapsed: 9.00 seconds","/home/thomasverwaal/Robust-Rail-NL/mathematical-models/local_search_plans_discreet_120/plan_33_trains_1_units4.json"
"/home/thomasverwaal/Robust-Rail-NL/mathematical-models/scenarios_solver_types_120/scenario_solver_33_trains_1_units4.json","Cost of next node: Cost = 2,209.2 : 2,250.53 | cr=15, dd=33, da=11, tlv=8, sm=66, rd=139.09, cd=0, um=0","Time elapsed: 9.36 seconds","/home/thomasverwaal/Robust-Rail-NL/mathematical-models/local_search_plans_discreet_120/plan_33_trains_1_units4.json"
"/home/thomasverwaal/Robust-Rail-NL/mathematical-models/scenarios_solver_types_120/scenario_solver_33_trains_1_units4.json","Cost of next node: Cost = 2,123.0 : 2,164.36 | cr=20, dd=31, da=11, tlv=8, sm=66, rd=129.09, cd=0, um=0","Time elapsed: 9.68 seconds","/home/thomasverwaal/Robust-Rail-NL/mathematical-models/local_search_plans_discreet_120/plan_33_trains_1_units4.json"
"/home/thomasverwaal/Robust-Rail-NL/mathematical-models/scenarios_solver_types_120/scenario_solver_33_trains_1_units4.json","Cost of next node: Cost = 2,024.1 : 2,065.47 | cr=20, dd=29, da=11, tlv=8, sm=66, rd=129.09, cd=0, um=0","Time elapsed: 9.81 seconds","/home/thomasverwaal/Robust-Rail-NL/mathematical-models/local_search_plans_discreet_120/plan_33_trains_1_units4.json"
"/home/thomasverwaal/Robust-Rail-NL/mathematical-models/scenarios_solver_types_120/scenario_solver_33_trains_1_units4.json","Cost of next node: Cost = 1,985.9 : 2,032.18 | cr=19, dd=29, da=9, tlv=9, sm=66, rd=123.64, cd=0, um=0","Time elapsed: 10.05 seconds","/home/thomasverwaal/Robust-Rail-NL/mathematical-models/local_search_plans_discreet_120/plan_33_trains_1_units4.json"
"/home/thomasverwaal/Robust-Rail-NL/mathematical-models/scenarios_solver_types_120/scenario_solver_33_trains_1_units4.json","Cost of next node: Cost = 1,913.9 : 1,965.19 | cr=23, dd=27, da=8, tlv=10, sm=66, rd=118.18, cd=0, um=0","Time elapsed: 10.45 seconds","/home/thomasverwaal/Robust-Rail-NL/mathematical-models/local_search_plans_discreet_120/plan_33_trains_1_units4.json"
"/home/thomasverwaal/Robust-Rail-NL/mathematical-models/scenarios_solver_types_120/scenario_solver_33_trains_1_units4.json","Cost of next node: Cost = 1,878.4 : 1,929.68 | cr=24, dd=26, da=8, tlv=10, sm=66, rd=118.18, cd=0, um=0","Time elapsed: 10.53 seconds","/home/thomasverwaal/Robust-Rail-NL/mathematical-models/local_search_plans_discreet_120/plan_33_trains_1_units4.json"
"/home/thomasverwaal/Robust-Rail-NL/mathematical-models/scenarios_solver_types_120/scenario_solver_33_trains_1_units4.json","Cost of next node: Cost = 1,850.5 : 1,901.85 | cr=26, dd=25, da=8, tlv=10, sm=66, rd=118.18, cd=0, um=0","Time elapsed: 10.67 seconds","/home/thomasverwaal/Robust-Rail-NL/mathematical-models/local_search_plans_discreet_120/plan_33_trains_1_units4.json"
"/home/thomasverwaal/Robust-Rail-NL/mathematical-models/scenarios_solver_types_120/scenario_solver_33_trains_1_units4.json","Cost of next node: Cost = 1,829.6 : 1,880.93 | cr=24, dd=25, da=8, tlv=10, sm=66, rd=118.18, cd=0, um=0","Time elapsed: 10.79 seconds","/home/thomasverwaal/Robust-Rail-NL/mathematical-models/local_search_plans_discreet_120/plan_33_trains_1_units4.json"
"/home/thomasverwaal/Robust-Rail-NL/mathematical-models/scenarios_solver_types_120/scenario_solver_33_trains_1_units4.json","Cost of next node: Cost = 1,791.7 : 1,843.05 | cr=25, dd=24, da=8, tlv=10, sm=66, rd=118.18, cd=0, um=0","Time elapsed: 11.01 seconds","/home/thomasverwaal/Robust-Rail-NL/mathematical-models/local_search_plans_discreet_120/plan_33_trains_1_units4.json"
"/home/thomasverwaal/Robust-Rail-NL/mathematical-models/scenarios_solver_types_120/scenario_solver_33_trains_1_units4.json","Cost of next node: Cost = 1,740.5 : 1,791.87 | cr=25, dd=23, da=8, tlv=10, sm=66, rd=118.18, cd=0, um=0","Time elapsed: 11.13 seconds","/home/thomasverwaal/Robust-Rail-NL/mathematical-models/local_search_plans_discreet_120/plan_33_trains_1_units4.json"
"/home/thomasverwaal/Robust-Rail-NL/mathematical-models/scenarios_solver_types_120/scenario_solver_33_trains_1_units4.json","Cost of next node: Cost = 1,700.8 : 1,752.08 | cr=26, dd=22, da=8, tlv=10, sm=66, rd=118.18, cd=0, um=0","Time elapsed: 11.27 seconds","/home/thomasverwaal/Robust-Rail-NL/mathematical-models/local_search_plans_discreet_120/plan_33_trains_1_units4.json"
"/home/thomasverwaal/Robust-Rail-NL/mathematical-models/scenarios_solver_types_120/scenario_solver_33_trains_1_units4.json","Cost of next node: Cost = 1,675.8 : 1,732.08 | cr=22, dd=22, da=8, tlv=11, sm=66, rd=116.36, cd=0, um=0","Time elapsed: 11.49 seconds","/home/thomasverwaal/Robust-Rail-NL/mathematical-models/local_search_plans_discreet_120/plan_33_trains_1_units4.json"
"/home/thomasverwaal/Robust-Rail-NL/mathematical-models/scenarios_solver_types_120/scenario_solver_33_trains_1_units4.json","Cost of next node: Cost = 1,644.6 : 1,705.96 | cr=24, dd=22, da=5, tlv=12, sm=66, rd=114.55, cd=0, um=0","Time elapsed: 11.93 seconds","/home/thomasverwaal/Robust-Rail-NL/mathematical-models/local_search_plans_discreet_120/plan_33_trains_1_units4.json"
"/home/thomasverwaal/Robust-Rail-NL/mathematical-models/scenarios_solver_types_120/scenario_solver_33_trains_1_units4.json","Cost of next node: Cost = 1,568.0 : 1,634.32 | cr=22, dd=21, da=4, tlv=13, sm=66, rd=110.91, cd=0, um=0","Time elapsed: 12.24 seconds","/home/thomasverwaal/Robust-Rail-NL/mathematical-models/local_search_plans_discreet_120/plan_33_trains_1_units4.json"
"/home/thomasverwaal/Robust-Rail-NL/mathematical-models/scenarios_solver_types_120/scenario_solver_33_trains_1_units4.json","Cost of next node: Cost = 1,518.2 : 1,584.50 | cr=22, dd=20, da=4, tlv=13, sm=66, rd=112.73, cd=0, um=0","Time elapsed: 12.36 seconds","/home/thomasverwaal/Robust-Rail-NL/mathematical-models/local_search_plans_discreet_120/plan_33_trains_1_units4.json"
"/home/thomasverwaal/Robust-Rail-NL/mathematical-models/scenarios_solver_types_120/scenario_solver_33_trains_1_units4.json","Cost of next node: Cost = 1,468.6 : 1,534.90 | cr=22, dd=19, da=4, tlv=13, sm=66, rd=112.73, cd=0, um=0","Time elapsed: 12.44 seconds","/home/thomasverwaal/Robust-Rail-NL/mathematical-models/local_search_plans_discreet_120/plan_33_trains_1_units4.json"
"/home/thomasverwaal/Robust-Rail-NL/mathematical-models/scenarios_solver_types_120/scenario_solver_33_trains_1_units4.json","Cost of next node: Cost = 1,408.7 : 1,475.03 | cr=21, dd=18, da=4, tlv=13, sm=66, rd=112.73, cd=0, um=0","Time elapsed: 12.60 seconds","/home/thomasverwaal/Robust-Rail-NL/mathematical-models/local_search_plans_discreet_120/plan_33_trains_1_units4.json"
"/home/thomasverwaal/Robust-Rail-NL/mathematical-models/scenarios_solver_types_120/scenario_solver_33_trains_1_units4.json","Cost of next node: Cost = 1,379.3 : 1,445.57 | cr=23, dd=17, da=4, tlv=13, sm=66, rd=110.91, cd=0, um=0","Time elapsed: 12.71 seconds","/home/thomasverwaal/Robust-Rail-NL/mathematical-models/local_search_plans_discreet_120/plan_33_trains_1_units4.json"
"/home/thomasverwaal/Robust-Rail-NL/mathematical-models/scenarios_solver_types_120/scenario_solver_33_trains_1_units4.json","Cost of next node: Cost = 1,101.5 : 1,172.85 | cr=21, dd=12, da=3, tlv=14, sm=66, rd=105.45, cd=0, um=0","Time elapsed: 13.03 seconds","/home/thomasverwaal/Robust-Rail-NL/mathematical-models/local_search_plans_discreet_120/plan_33_trains_1_units4.json"
"/home/thomasverwaal/Robust-Rail-NL/mathematical-models/scenarios_solver_types_120/scenario_solver_33_trains_1_units4.json","Cost of next node: Cost = 925.0 : 1,001.36 | cr=19, dd=9, da=2, tlv=15, sm=66, rd=101.82, cd=0, um=0","Time elapsed: 13.45 seconds","/home/thomasverwaal/Robust-Rail-NL/mathematical-models/local_search_plans_discreet_120/plan_33_trains_1_units4.json"
"/home/thomasverwaal/Robust-Rail-NL/mathematical-models/scenarios_solver_types_120/scenario_solver_33_trains_1_units4.json","Cost of next node: Cost = 900.0 : 971.36 | cr=18, dd=9, da=2, tlv=14, sm=66, rd=101.82, cd=0, um=0","Time elapsed: 13.61 seconds","/home/thomasverwaal/Robust-Rail-NL/mathematical-models/local_search_plans_discreet_120/plan_33_trains_1_units4.json"
"/home/thomasverwaal/Robust-Rail-NL/mathematical-models/scenarios_solver_types_120/scenario_solver_33_trains_1_units4.json","Cost of next node: Cost = 875.0 : 941.36 | cr=17, dd=9, da=2, tlv=13, sm=66, rd=101.82, cd=0, um=0","Time elapsed: 13.88 seconds","/home/thomasverwaal/Robust-Rail-NL/mathematical-models/local_search_plans_discreet_120/plan_33_trains_1_units4.json"
"/home/thomasverwaal/Robust-Rail-NL/mathematical-models/scenarios_solver_types_120/scenario_solver_33_trains_1_units4.json","Cost of next node: Cost = 854.7 : 921.06 | cr=15, dd=9, da=2, tlv=13, sm=66, rd=100.91, cd=0, um=0","Time elapsed: 14.18 seconds","/home/thomasverwaal/Robust-Rail-NL/mathematical-models/local_search_plans_discreet_120/plan_33_trains_1_units4.json"
"/home/thomasverwaal/Robust-Rail-NL/mathematical-models/scenarios_solver_types_120/scenario_solver_33_trains_1_units4.json","Cost of next node: Cost = 807.9 : 869.19 | cr=17, dd=8, da=2, tlv=12, sm=66, rd=101.82, cd=0, um=0","Time elapsed: 14.30 seconds","/home/thomasverwaal/Robust-Rail-NL/mathematical-models/local_search_plans_discreet_120/plan_33_trains_1_units4.json"
"/home/thomasverwaal/Robust-Rail-NL/mathematical-models/scenarios_solver_types_120/scenario_solver_33_trains_1_units4.json","Cost of next node: Cost = 579.7 : 645.97 | cr=19, dd=3, da=2, tlv=13, sm=66, rd=90.91, cd=0, um=0","Time elapsed: 14.78 seconds","/home/thomasverwaal/Robust-Rail-NL/mathematical-models/local_search_plans_discreet_120/plan_33_trains_1_units4.json"
"/home/thomasverwaal/Robust-Rail-NL/mathematical-models/scenarios_solver_types_120/scenario_solver_33_trains_1_units4.json","Cost of next node: Cost = 539.7 : 605.97 | cr=15, dd=3, da=2, tlv=13, sm=66, rd=90.91, cd=0, um=0","Time elapsed: 14.85 seconds","/home/thomasverwaal/Robust-Rail-NL/mathematical-models/local_search_plans_discreet_120/plan_33_trains_1_units4.json"
"/home/thomasverwaal/Robust-Rail-NL/mathematical-models/scenarios_solver_types_120/scenario_solver_33_trains_1_units4.json","Cost of next node: Cost = 514.2 : 585.52 | cr=16, dd=2, da=2, tlv=14, sm=66, rd=89.09, cd=0, um=0","Time elapsed: 15.29 seconds","/home/thomasverwaal/Robust-Rail-NL/mathematical-models/local_search_plans_discreet_120/plan_33_trains_1_units4.json"
"/home/thomasverwaal/Robust-Rail-NL/mathematical-models/scenarios_solver_types_120/scenario_solver_33_trains_1_units4.json","Cost of next node: Cost = 489.2 : 555.52 | cr=15, dd=2, da=2, tlv=13, sm=66, rd=90.91, cd=0, um=0","Time elapsed: 15.45 seconds","/home/thomasverwaal/Robust-Rail-NL/mathematical-models/local_search_plans_discreet_120/plan_33_trains_1_units4.json"
"/home/thomasverwaal/Robust-Rail-NL/mathematical-models/scenarios_solver_types_120/scenario_solver_33_trains_1_units4.json","Cost of next node: Cost = 469.2 : 535.52 | cr=13, dd=2, da=2, tlv=13, sm=66, rd=90.91, cd=0, um=0","Time elapsed: 18.05 seconds","/home/thomasverwaal/Robust-Rail-NL/mathematical-models/local_search_plans_discreet_120/plan_33_trains_1_units4.json"
"/home/thomasverwaal/Robust-Rail-NL/mathematical-models/scenarios_solver_types_120/scenario_solver_33_trains_1_units4.json","Cost of next node: Cost = 449.2 : 515.52 | cr=11, dd=2, da=2, tlv=13, sm=66, rd=90.91, cd=0, um=0","Time elapsed: 20.27 seconds","/home/thomasverwaal/Robust-Rail-NL/mathematical-models/local_search_plans_discreet_120/plan_33_trains_1_units4.json"
"/home/thomasverwaal/Robust-Rail-NL/mathematical-models/scenarios_solver_types_120/scenario_solver_33_trains_1_units4.json","Cost of next node: Cost = 439.2 : 505.52 | cr=10, dd=2, da=2, tlv=13, sm=66, rd=90.91, cd=0, um=0","Time elapsed: 22.14 seconds","/home/thomasverwaal/Robust-Rail-NL/mathematical-models/local_search_plans_discreet_120/plan_33_trains_1_units4.json"
"/home/thomasverwaal/Robust-Rail-NL/mathematical-models/scenarios_solver_types_120/scenario_solver_33_trains_1_units4.json","Cost of next node: Cost = 429.2 : 495.52 | cr=9, dd=2, da=2, tlv=13, sm=66, rd=89.09, cd=0, um=0","Time elapsed: 23.90 seconds","/home/thomasverwaal/Robust-Rail-NL/mathematical-models/local_search_plans_discreet_120/plan_33_trains_1_units4.json"
"/home/thomasverwaal/Robust-Rail-NL/mathematical-models/scenarios_solver_types_120/scenario_solver_33_trains_1_units4.json","Cost of next node: Cost = 419.2 : 485.52 | cr=8, dd=2, da=2, tlv=13, sm=66, rd=89.09, cd=0, um=0","Time elapsed: 25.89 seconds","/home/thomasverwaal/Robust-Rail-NL/mathematical-models/local_search_plans_discreet_120/plan_33_trains_1_units4.json"
"/home/thomasverwaal/Robust-Rail-NL/mathematical-models/scenarios_solver_types_120/scenario_solver_33_trains_1_units4.json","Cost of next node: Cost = 414.2 : 485.52 | cr=6, dd=2, da=2, tlv=14, sm=66, rd=89.09, cd=0, um=0","Time elapsed: 27.55 seconds","/home/thomasverwaal/Robust-Rail-NL/mathematical-models/local_search_plans_discreet_120/plan_33_trains_1_units4.json"
"/home/thomasverwaal/Robust-Rail-NL/mathematical-models/scenarios_solver_types_120/scenario_solver_33_trains_1_units4.json","Cost of next node: Cost = 399.2 : 465.52 | cr=6, dd=2, da=2, tlv=13, sm=66, rd=89.09, cd=0, um=0","Time elapsed: 29.36 seconds","/home/thomasverwaal/Robust-Rail-NL/mathematical-models/local_search_plans_discreet_120/plan_33_trains_1_units4.json"
"/home/thomasverwaal/Robust-Rail-NL/mathematical-models/scenarios_solver_types_120/scenario_solver_33_trains_1_units4.json","Cost of next node: Cost = 363.1 : 434.42 | cr=6, dd=1, da=2, tlv=14, sm=66, rd=87.27, cd=0, um=0","Time elapsed: 35.62 seconds","/home/thomasverwaal/Robust-Rail-NL/mathematical-models/local_search_plans_discreet_120/plan_33_trains_1_units4.json"
"/home/thomasverwaal/Robust-Rail-NL/mathematical-models/scenarios_solver_types_120/scenario_solver_33_trains_1_units4.json","Cost of next node: Cost = 332.3 : 403.62 | cr=5, dd=1, da=1, tlv=14, sm=66, rd=83.64, cd=0, um=0","Time elapsed: 35.74 seconds","/home/thomasverwaal/Robust-Rail-NL/mathematical-models/local_search_plans_discreet_120/plan_33_trains_1_units4.json"
"/home/thomasverwaal/Robust-Rail-NL/mathematical-models/scenarios_solver_types_120/scenario_solver_33_trains_1_units4.json","Cost of next node: Cost = 260.0 : 331.32 | cr=5, dd=0, da=0, tlv=14, sm=66, rd=83.64, cd=0, um=0","Time elapsed: 36.23 seconds","/home/thomasverwaal/Robust-Rail-NL/mathematical-models/local_search_plans_discreet_120/plan_33_trains_1_units4.json"
"/home/thomasverwaal/Robust-Rail-NL/mathematical-models/scenarios_solver_types_120/scenario_solver_33_trains_1_units4.json","Cost of next node: Cost = 250.0 : 321.32 | cr=4, dd=0, da=0, tlv=14, sm=66, rd=83.64, cd=0, um=0","Time elapsed: 38.21 seconds","/home/thomasverwaal/Robust-Rail-NL/mathematical-models/local_search_plans_discreet_120/plan_33_trains_1_units4.json"
"/home/thomasverwaal/Robust-Rail-NL/mathematical-models/scenarios_solver_types_120/scenario_solver_33_trains_1_units4.json","Cost of next node: Cost = 245.9 : 312.26 | cr=3, dd=0, da=1, tlv=13, sm=68, rd=87.35, cd=0, um=0","Time elapsed: 58.37 seconds","/home/thomasverwaal/Robust-Rail-NL/mathematical-models/local_search_plans_discreet_120/plan_33_trains_1_units4.json"
"/home/thomasverwaal/Robust-Rail-NL/mathematical-models/scenarios_solver_types_120/scenario_solver_33_trains_1_units4.json","Cost of next node: Cost = 225.0 : 291.36 | cr=3, dd=0, da=0, tlv=13, sm=68, rd=85.59, cd=0, um=0","Time elapsed: 58.53 seconds","/home/thomasverwaal/Robust-Rail-NL/mathematical-models/local_search_plans_discreet_120/plan_33_trains_1_units4.json"
"/home/thomasverwaal/Robust-Rail-NL/mathematical-models/scenarios_solver_types_120/scenario_solver_33_trains_1_units4.json","Cost of next node: Cost = 215.0 : 281.36 | cr=2, dd=0, da=0, tlv=13, sm=68, rd=85.59, cd=0, um=0","Time elapsed: 126.73 seconds","/home/thomasverwaal/Robust-Rail-NL/mathematical-models/local_search_plans_discreet_120/plan_33_trains_1_units4.json"
"/home/thomasverwaal/Robust-Rail-NL/mathematical-models/scenarios_solver_types_120/scenario_solver_33_trains_1_units4.json","NO_COST_FOUND","NO_TIME_FOUND","NO_PLAN_CREATED"
