scenario,cost_line,time_line,plan_file
"/home/thomasverwaal/Robust-Rail-NL/mathematical-models/scenarios_solver_types_120/scenario_solver_32_trains_1_units19.json","Cost of next node: Cost = 2,739.7 : 2,740.99 | cr=41, dd=32, da=30, tlv=0, sm=64, rd=180.00, cd=0, um=0","Time elapsed: 5.25 seconds","/home/thomasverwaal/Robust-Rail-NL/mathematical-models/local_search_plans_discreet_120/plan_32_trains_1_units19.json"
"/home/thomasverwaal/Robust-Rail-NL/mathematical-models/scenarios_solver_types_120/scenario_solver_32_trains_1_units19.json","Cost of next node: Cost = 2,712.3 : 2,713.62 | cr=39, dd=32, da=30, tlv=0, sm=64, rd=178.12, cd=0, um=0","Time elapsed: 5.49 seconds","/home/thomasverwaal/Robust-Rail-NL/mathematical-models/local_search_plans_discreet_120/plan_32_trains_1_units19.json"
"/home/thomasverwaal/Robust-Rail-NL/mathematical-models/scenarios_solver_types_120/scenario_solver_32_trains_1_units19.json","Cost of next node: Cost = 2,691.9 : 2,693.17 | cr=37, dd=32, da=30, tlv=0, sm=64, rd=178.12, cd=0, um=0","Time elapsed: 5.84 seconds","/home/thomasverwaal/Robust-Rail-NL/mathematical-models/local_search_plans_discreet_120/plan_32_trains_1_units19.json"
"/home/thomasverwaal/Robust-Rail-NL/mathematical-models/scenarios_solver_types_120/scenario_solver_32_trains_1_units19.json","Cost of next node: Cost = 2,671.2 : 2,672.44 | cr=35, dd=32, da=30, tlv=0, sm=64, rd=178.12, cd=0, um=0","Time elapsed: 6.24 seconds","/home/thomasverwaal/Robust-Rail-NL/mathematical-models/local_search_plans_discreet_120/plan_32_trains_1_units19.json"
"/home/thomasverwaal/Robust-Rail-NL/mathematical-models/scenarios_solver_types_120/scenario_solver_32_trains_1_units19.json","Cost of next node: Cost = 2,585.5 : 2,591.79 | cr=36, dd=32, da=25, tlv=1, sm=64, rd=175.31, cd=0, um=0","Time elapsed: 6.54 seconds","/home/thomasverwaal/Robust-Rail-NL/mathematical-models/local_search_plans_discreet_120/plan_32_trains_1_units19.json"
"/home/thomasverwaal/Robust-Rail-NL/mathematical-models/scenarios_solver_types_120/scenario_solver_32_trains_1_units19.json","Cost of next node: Cost = 2,557.7 : 2,558.98 | cr=35, dd=32, da=25, tlv=0, sm=64, rd=173.44, cd=0, um=0","Time elapsed: 6.96 seconds","/home/thomasverwaal/Robust-Rail-NL/mathematical-models/local_search_plans_discreet_120/plan_32_trains_1_units19.json"
"/home/thomasverwaal/Robust-Rail-NL/mathematical-models/scenarios_solver_types_120/scenario_solver_32_trains_1_units19.json","Cost of next node: Cost = 2,442.6 : 2,443.85 | cr=36, dd=32, da=19, tlv=0, sm=64, rd=166.88, cd=0, um=0","Time elapsed: 7.27 seconds","/home/thomasverwaal/Robust-Rail-NL/mathematical-models/local_search_plans_discreet_120/plan_32_trains_1_units19.json"
"/home/thomasverwaal/Robust-Rail-NL/mathematical-models/scenarios_solver_types_120/scenario_solver_32_trains_1_units19.json","Cost of next node: Cost = 2,391.6 : 2,397.86 | cr=33, dd=32, da=17, tlv=1, sm=64, rd=164.06, cd=0, um=0","Time elapsed: 7.53 seconds","/home/thomasverwaal/Robust-Rail-NL/mathematical-models/local_search_plans_discreet_120/plan_32_trains_1_units19.json"
"/home/thomasverwaal/Robust-Rail-NL/mathematical-models/scenarios_solver_types_120/scenario_solver_32_trains_1_units19.json","Cost of next node: Cost = 2,371.3 : 2,377.59 | cr=31, dd=32, da=17, tlv=1, sm=64, rd=164.06, cd=0, um=0","Time elapsed: 7.57 seconds","/home/thomasverwaal/Robust-Rail-NL/mathematical-models/local_search_plans_discreet_120/plan_32_trains_1_units19.json"
"/home/thomasverwaal/Robust-Rail-NL/mathematical-models/scenarios_solver_types_120/scenario_solver_32_trains_1_units19.json","Cost of next node: Cost = 2,346.2 : 2,357.49 | cr=33, dd=32, da=14, tlv=2, sm=64, rd=161.25, cd=0, um=0","Time elapsed: 7.91 seconds","/home/thomasverwaal/Robust-Rail-NL/mathematical-models/local_search_plans_discreet_120/plan_32_trains_1_units19.json"
"/home/thomasverwaal/Robust-Rail-NL/mathematical-models/scenarios_solver_types_120/scenario_solver_32_trains_1_units19.json","Cost of next node: Cost = 2,302.0 : 2,318.24 | cr=33, dd=32, da=11, tlv=3, sm=64, rd=157.50, cd=0, um=0","Time elapsed: 8.16 seconds","/home/thomasverwaal/Robust-Rail-NL/mathematical-models/local_search_plans_discreet_120/plan_32_trains_1_units19.json"
"/home/thomasverwaal/Robust-Rail-NL/mathematical-models/scenarios_solver_types_120/scenario_solver_32_trains_1_units19.json","Cost of next node: Cost = 2,281.7 : 2,297.95 | cr=32, dd=32, da=11, tlv=3, sm=64, rd=155.62, cd=0, um=0","Time elapsed: 8.57 seconds","/home/thomasverwaal/Robust-Rail-NL/mathematical-models/local_search_plans_discreet_120/plan_32_trains_1_units19.json"
"/home/thomasverwaal/Robust-Rail-NL/mathematical-models/scenarios_solver_types_120/scenario_solver_32_trains_1_units19.json","Cost of next node: Cost = 2,254.9 : 2,276.22 | cr=28, dd=32, da=11, tlv=4, sm=64, rd=155.62, cd=0, um=0","Time elapsed: 9.07 seconds","/home/thomasverwaal/Robust-Rail-NL/mathematical-models/local_search_plans_discreet_120/plan_32_trains_1_units19.json"
"/home/thomasverwaal/Robust-Rail-NL/mathematical-models/scenarios_solver_types_120/scenario_solver_32_trains_1_units19.json","Cost of next node: Cost = 2,221.1 : 2,247.40 | cr=23, dd=32, da=11, tlv=5, sm=64, rd=157.50, cd=0, um=0","Time elapsed: 9.75 seconds","/home/thomasverwaal/Robust-Rail-NL/mathematical-models/local_search_plans_discreet_120/plan_32_trains_1_units19.json"
"/home/thomasverwaal/Robust-Rail-NL/mathematical-models/scenarios_solver_types_120/scenario_solver_32_trains_1_units19.json","Cost of next node: Cost = 2,200.3 : 2,231.55 | cr=21, dd=32, da=11, tlv=6, sm=64, rd=150.00, cd=0, um=0","Time elapsed: 10.88 seconds","/home/thomasverwaal/Robust-Rail-NL/mathematical-models/local_search_plans_discreet_120/plan_32_trains_1_units19.json"
"/home/thomasverwaal/Robust-Rail-NL/mathematical-models/scenarios_solver_types_120/scenario_solver_32_trains_1_units19.json","Cost of next node: Cost = 2,178.2 : 2,209.45 | cr=17, dd=32, da=11, tlv=6, sm=64, rd=160.31, cd=0, um=0","Time elapsed: 11.31 seconds","/home/thomasverwaal/Robust-Rail-NL/mathematical-models/local_search_plans_discreet_120/plan_32_trains_1_units19.json"
"/home/thomasverwaal/Robust-Rail-NL/mathematical-models/scenarios_solver_types_120/scenario_solver_32_trains_1_units19.json","Cost of next node: Cost = 2,146.5 : 2,177.76 | cr=15, dd=32, da=11, tlv=6, sm=64, rd=154.69, cd=0, um=0","Time elapsed: 11.67 seconds","/home/thomasverwaal/Robust-Rail-NL/mathematical-models/local_search_plans_discreet_120/plan_32_trains_1_units19.json"
"/home/thomasverwaal/Robust-Rail-NL/mathematical-models/scenarios_solver_types_120/scenario_solver_32_trains_1_units19.json","Cost of next node: Cost = 2,129.8 : 2,161.12 | cr=16, dd=32, da=11, tlv=6, sm=64, rd=138.75, cd=0, um=0","Time elapsed: 13.22 seconds","/home/thomasverwaal/Robust-Rail-NL/mathematical-models/local_search_plans_discreet_120/plan_32_trains_1_units19.json"
"/home/thomasverwaal/Robust-Rail-NL/mathematical-models/scenarios_solver_types_120/scenario_solver_32_trains_1_units19.json","Cost of next node: Cost = 2,099.5 : 2,135.76 | cr=24, dd=30, da=11, tlv=7, sm=64, rd=131.25, cd=0, um=0","Time elapsed: 13.47 seconds","/home/thomasverwaal/Robust-Rail-NL/mathematical-models/local_search_plans_discreet_120/plan_32_trains_1_units19.json"
"/home/thomasverwaal/Robust-Rail-NL/mathematical-models/scenarios_solver_types_120/scenario_solver_32_trains_1_units19.json","Cost of next node: Cost = 2,048.9 : 2,085.23 | cr=24, dd=29, da=11, tlv=7, sm=64, rd=131.25, cd=0, um=0","Time elapsed: 13.62 seconds","/home/thomasverwaal/Robust-Rail-NL/mathematical-models/local_search_plans_discreet_120/plan_32_trains_1_units19.json"
"/home/thomasverwaal/Robust-Rail-NL/mathematical-models/scenarios_solver_types_120/scenario_solver_32_trains_1_units19.json","Cost of next node: Cost = 1,963.6 : 1,999.89 | cr=26, dd=27, da=11, tlv=7, sm=64, rd=126.56, cd=0, um=0","Time elapsed: 13.74 seconds","/home/thomasverwaal/Robust-Rail-NL/mathematical-models/local_search_plans_discreet_120/plan_32_trains_1_units19.json"
"/home/thomasverwaal/Robust-Rail-NL/mathematical-models/scenarios_solver_types_120/scenario_solver_32_trains_1_units19.json","Cost of next node: Cost = 1,892.0 : 1,928.31 | cr=24, dd=26, da=11, tlv=7, sm=64, rd=124.69, cd=0, um=0","Time elapsed: 13.86 seconds","/home/thomasverwaal/Robust-Rail-NL/mathematical-models/local_search_plans_discreet_120/plan_32_trains_1_units19.json"
"/home/thomasverwaal/Robust-Rail-NL/mathematical-models/scenarios_solver_types_120/scenario_solver_32_trains_1_units19.json","Cost of next node: Cost = 1,743.4 : 1,779.66 | cr=24, dd=23, da=11, tlv=7, sm=64, rd=124.69, cd=0, um=0","Time elapsed: 14.10 seconds","/home/thomasverwaal/Robust-Rail-NL/mathematical-models/local_search_plans_discreet_120/plan_32_trains_1_units19.json"
"/home/thomasverwaal/Robust-Rail-NL/mathematical-models/scenarios_solver_types_120/scenario_solver_32_trains_1_units19.json","Cost of next node: Cost = 1,694.0 : 1,730.27 | cr=24, dd=22, da=11, tlv=7, sm=64, rd=124.69, cd=0, um=0","Time elapsed: 14.26 seconds","/home/thomasverwaal/Robust-Rail-NL/mathematical-models/local_search_plans_discreet_120/plan_32_trains_1_units19.json"
"/home/thomasverwaal/Robust-Rail-NL/mathematical-models/scenarios_solver_types_120/scenario_solver_32_trains_1_units19.json","Cost of next node: Cost = 1,654.2 : 1,690.53 | cr=25, dd=21, da=11, tlv=7, sm=64, rd=124.69, cd=0, um=0","Time elapsed: 14.36 seconds","/home/thomasverwaal/Robust-Rail-NL/mathematical-models/local_search_plans_discreet_120/plan_32_trains_1_units19.json"
"/home/thomasverwaal/Robust-Rail-NL/mathematical-models/scenarios_solver_types_120/scenario_solver_32_trains_1_units19.json","Cost of next node: Cost = 1,627.7 : 1,663.94 | cr=22, dd=21, da=11, tlv=7, sm=64, rd=129.38, cd=0, um=0","Time elapsed: 14.41 seconds","/home/thomasverwaal/Robust-Rail-NL/mathematical-models/local_search_plans_discreet_120/plan_32_trains_1_units19.json"
"/home/thomasverwaal/Robust-Rail-NL/mathematical-models/scenarios_solver_types_120/scenario_solver_32_trains_1_units19.json","Cost of next node: Cost = 1,587.5 : 1,623.82 | cr=23, dd=20, da=11, tlv=7, sm=64, rd=129.38, cd=0, um=0","Time elapsed: 14.48 seconds","/home/thomasverwaal/Robust-Rail-NL/mathematical-models/local_search_plans_discreet_120/plan_32_trains_1_units19.json"
"/home/thomasverwaal/Robust-Rail-NL/mathematical-models/scenarios_solver_types_120/scenario_solver_32_trains_1_units19.json","Cost of next node: Cost = 1,558.7 : 1,589.98 | cr=25, dd=19, da=12, tlv=6, sm=64, rd=125.62, cd=0, um=0","Time elapsed: 14.56 seconds","/home/thomasverwaal/Robust-Rail-NL/mathematical-models/local_search_plans_discreet_120/plan_32_trains_1_units19.json"
"/home/thomasverwaal/Robust-Rail-NL/mathematical-models/scenarios_solver_types_120/scenario_solver_32_trains_1_units19.json","Cost of next node: Cost = 1,532.3 : 1,568.58 | cr=23, dd=19, da=11, tlv=7, sm=64, rd=121.88, cd=0, um=0","Time elapsed: 14.93 seconds","/home/thomasverwaal/Robust-Rail-NL/mathematical-models/local_search_plans_discreet_120/plan_32_trains_1_units19.json"
"/home/thomasverwaal/Robust-Rail-NL/mathematical-models/scenarios_solver_types_120/scenario_solver_32_trains_1_units19.json","Cost of next node: Cost = 1,471.8 : 1,508.06 | cr=22, dd=18, da=11, tlv=7, sm=64, rd=121.88, cd=0, um=0","Time elapsed: 15.02 seconds","/home/thomasverwaal/Robust-Rail-NL/mathematical-models/local_search_plans_discreet_120/plan_32_trains_1_units19.json"
"/home/thomasverwaal/Robust-Rail-NL/mathematical-models/scenarios_solver_types_120/scenario_solver_32_trains_1_units19.json","Cost of next node: Cost = 1,378.3 : 1,414.56 | cr=23, dd=16, da=11, tlv=7, sm=64, rd=120.00, cd=0, um=0","Time elapsed: 15.10 seconds","/home/thomasverwaal/Robust-Rail-NL/mathematical-models/local_search_plans_discreet_120/plan_32_trains_1_units19.json"
"/home/thomasverwaal/Robust-Rail-NL/mathematical-models/scenarios_solver_types_120/scenario_solver_32_trains_1_units19.json","Cost of next node: Cost = 1,346.0 : 1,382.23 | cr=22, dd=16, da=10, tlv=7, sm=64, rd=118.12, cd=0, um=0","Time elapsed: 15.34 seconds","/home/thomasverwaal/Robust-Rail-NL/mathematical-models/local_search_plans_discreet_120/plan_32_trains_1_units19.json"
"/home/thomasverwaal/Robust-Rail-NL/mathematical-models/scenarios_solver_types_120/scenario_solver_32_trains_1_units19.json","Cost of next node: Cost = 1,265.6 : 1,306.90 | cr=25, dd=14, da=9, tlv=8, sm=64, rd=112.50, cd=0, um=0","Time elapsed: 15.58 seconds","/home/thomasverwaal/Robust-Rail-NL/mathematical-models/local_search_plans_discreet_120/plan_32_trains_1_units19.json"
"/home/thomasverwaal/Robust-Rail-NL/mathematical-models/scenarios_solver_types_120/scenario_solver_32_trains_1_units19.json","Cost of next node: Cost = 1,064.6 : 1,110.91 | cr=23, dd=11, da=7, tlv=9, sm=64, rd=106.88, cd=0, um=0","Time elapsed: 15.91 seconds","/home/thomasverwaal/Robust-Rail-NL/mathematical-models/local_search_plans_discreet_120/plan_32_trains_1_units19.json"
"/home/thomasverwaal/Robust-Rail-NL/mathematical-models/scenarios_solver_types_120/scenario_solver_32_trains_1_units19.json","Cost of next node: Cost = 1,042.7 : 1,089.02 | cr=26, dd=10, da=7, tlv=9, sm=64, rd=106.88, cd=0, um=0","Time elapsed: 15.97 seconds","/home/thomasverwaal/Robust-Rail-NL/mathematical-models/local_search_plans_discreet_120/plan_32_trains_1_units19.json"
"/home/thomasverwaal/Robust-Rail-NL/mathematical-models/scenarios_solver_types_120/scenario_solver_32_trains_1_units19.json","Cost of next node: Cost = 1,015.0 : 1,061.26 | cr=28, dd=9, da=7, tlv=9, sm=64, rd=106.88, cd=0, um=0","Time elapsed: 16.04 seconds","/home/thomasverwaal/Robust-Rail-NL/mathematical-models/local_search_plans_discreet_120/plan_32_trains_1_units19.json"
"/home/thomasverwaal/Robust-Rail-NL/mathematical-models/scenarios_solver_types_120/scenario_solver_32_trains_1_units19.json","Cost of next node: Cost = 990.0 : 1,041.26 | cr=24, dd=9, da=7, tlv=10, sm=64, rd=108.75, cd=0, um=0","Time elapsed: 16.24 seconds","/home/thomasverwaal/Robust-Rail-NL/mathematical-models/local_search_plans_discreet_120/plan_32_trains_1_units19.json"
"/home/thomasverwaal/Robust-Rail-NL/mathematical-models/scenarios_solver_types_120/scenario_solver_32_trains_1_units19.json","Cost of next node: Cost = 955.0 : 1,001.26 | cr=22, dd=9, da=7, tlv=9, sm=64, rd=108.75, cd=0, um=0","Time elapsed: 16.41 seconds","/home/thomasverwaal/Robust-Rail-NL/mathematical-models/local_search_plans_discreet_120/plan_32_trains_1_units19.json"
"/home/thomasverwaal/Robust-Rail-NL/mathematical-models/scenarios_solver_types_120/scenario_solver_32_trains_1_units19.json","Cost of next node: Cost = 696.5 : 747.78 | cr=19, dd=5, da=5, tlv=10, sm=64, rd=105.00, cd=0, um=0","Time elapsed: 16.65 seconds","/home/thomasverwaal/Robust-Rail-NL/mathematical-models/local_search_plans_discreet_120/plan_32_trains_1_units19.json"
"/home/thomasverwaal/Robust-Rail-NL/mathematical-models/scenarios_solver_types_120/scenario_solver_32_trains_1_units19.json","Cost of next node: Cost = 448.3 : 504.58 | cr=17, dd=1, da=3, tlv=11, sm=64, rd=99.38, cd=0, um=0","Time elapsed: 17.01 seconds","/home/thomasverwaal/Robust-Rail-NL/mathematical-models/local_search_plans_discreet_120/plan_32_trains_1_units19.json"
"/home/thomasverwaal/Robust-Rail-NL/mathematical-models/scenarios_solver_types_120/scenario_solver_32_trains_1_units19.json","Cost of next node: Cost = 401.8 : 463.08 | cr=18, dd=0, da=2, tlv=12, sm=64, rd=95.62, cd=0, um=0","Time elapsed: 17.26 seconds","/home/thomasverwaal/Robust-Rail-NL/mathematical-models/local_search_plans_discreet_120/plan_32_trains_1_units19.json"
"/home/thomasverwaal/Robust-Rail-NL/mathematical-models/scenarios_solver_types_120/scenario_solver_32_trains_1_units19.json","Cost of next node: Cost = 381.8 : 443.08 | cr=16, dd=0, da=2, tlv=12, sm=64, rd=95.62, cd=0, um=0","Time elapsed: 19.54 seconds","/home/thomasverwaal/Robust-Rail-NL/mathematical-models/local_search_plans_discreet_120/plan_32_trains_1_units19.json"
"/home/thomasverwaal/Robust-Rail-NL/mathematical-models/scenarios_solver_types_120/scenario_solver_32_trains_1_units19.json","Cost of next node: Cost = 361.8 : 423.08 | cr=14, dd=0, da=2, tlv=12, sm=64, rd=93.75, cd=0, um=0","Time elapsed: 21.49 seconds","/home/thomasverwaal/Robust-Rail-NL/mathematical-models/local_search_plans_discreet_120/plan_32_trains_1_units19.json"
"/home/thomasverwaal/Robust-Rail-NL/mathematical-models/scenarios_solver_types_120/scenario_solver_32_trains_1_units19.json","Cost of next node: Cost = 341.8 : 403.08 | cr=12, dd=0, da=2, tlv=12, sm=64, rd=91.88, cd=0, um=0","Time elapsed: 23.41 seconds","/home/thomasverwaal/Robust-Rail-NL/mathematical-models/local_search_plans_discreet_120/plan_32_trains_1_units19.json"
"/home/thomasverwaal/Robust-Rail-NL/mathematical-models/scenarios_solver_types_120/scenario_solver_32_trains_1_units19.json","Cost of next node: Cost = 321.8 : 383.08 | cr=10, dd=0, da=2, tlv=12, sm=64, rd=90.00, cd=0, um=0","Time elapsed: 25.16 seconds","/home/thomasverwaal/Robust-Rail-NL/mathematical-models/local_search_plans_discreet_120/plan_32_trains_1_units19.json"
"/home/thomasverwaal/Robust-Rail-NL/mathematical-models/scenarios_solver_types_120/scenario_solver_32_trains_1_units19.json","Cost of next node: Cost = 311.8 : 373.08 | cr=9, dd=0, da=2, tlv=12, sm=64, rd=90.00, cd=0, um=0","Time elapsed: 26.73 seconds","/home/thomasverwaal/Robust-Rail-NL/mathematical-models/local_search_plans_discreet_120/plan_32_trains_1_units19.json"
"/home/thomasverwaal/Robust-Rail-NL/mathematical-models/scenarios_solver_types_120/scenario_solver_32_trains_1_units19.json","Cost of next node: Cost = 301.8 : 363.08 | cr=8, dd=0, da=2, tlv=12, sm=64, rd=90.00, cd=0, um=0","Time elapsed: 28.17 seconds","/home/thomasverwaal/Robust-Rail-NL/mathematical-models/local_search_plans_discreet_120/plan_32_trains_1_units19.json"
"/home/thomasverwaal/Robust-Rail-NL/mathematical-models/scenarios_solver_types_120/scenario_solver_32_trains_1_units19.json","Cost of next node: Cost = 285.9 : 352.18 | cr=7, dd=0, da=1, tlv=13, sm=64, rd=86.25, cd=0, um=0","Time elapsed: 29.76 seconds","/home/thomasverwaal/Robust-Rail-NL/mathematical-models/local_search_plans_discreet_120/plan_32_trains_1_units19.json"
"/home/thomasverwaal/Robust-Rail-NL/mathematical-models/scenarios_solver_types_120/scenario_solver_32_trains_1_units19.json","Cost of next node: Cost = 265.0 : 331.28 | cr=7, dd=0, da=0, tlv=13, sm=64, rd=84.38, cd=0, um=0","Time elapsed: 29.96 seconds","/home/thomasverwaal/Robust-Rail-NL/mathematical-models/local_search_plans_discreet_120/plan_32_trains_1_units19.json"
"/home/thomasverwaal/Robust-Rail-NL/mathematical-models/scenarios_solver_types_120/scenario_solver_32_trains_1_units19.json","Cost of next node: Cost = 255.0 : 321.28 | cr=6, dd=0, da=0, tlv=13, sm=64, rd=84.38, cd=0, um=0","Time elapsed: 31.70 seconds","/home/thomasverwaal/Robust-Rail-NL/mathematical-models/local_search_plans_discreet_120/plan_32_trains_1_units19.json"
"/home/thomasverwaal/Robust-Rail-NL/mathematical-models/scenarios_solver_types_120/scenario_solver_32_trains_1_units19.json","Cost of next node: Cost = 245.0 : 311.28 | cr=5, dd=0, da=0, tlv=13, sm=64, rd=86.25, cd=0, um=0","Time elapsed: 33.25 seconds","/home/thomasverwaal/Robust-Rail-NL/mathematical-models/local_search_plans_discreet_120/plan_32_trains_1_units19.json"
"/home/thomasverwaal/Robust-Rail-NL/mathematical-models/scenarios_solver_types_120/scenario_solver_32_trains_1_units19.json","Cost of next node: Cost = 235.0 : 301.28 | cr=4, dd=0, da=0, tlv=13, sm=64, rd=86.25, cd=0, um=0","Time elapsed: 34.74 seconds","/home/thomasverwaal/Robust-Rail-NL/mathematical-models/local_search_plans_discreet_120/plan_32_trains_1_units19.json"
"/home/thomasverwaal/Robust-Rail-NL/mathematical-models/scenarios_solver_types_120/scenario_solver_32_trains_1_units19.json","Cost of next node: Cost = 225.0 : 291.28 | cr=3, dd=0, da=0, tlv=13, sm=64, rd=86.25, cd=0, um=0","Time elapsed: 35.79 seconds","/home/thomasverwaal/Robust-Rail-NL/mathematical-models/local_search_plans_discreet_120/plan_32_trains_1_units19.json"
"/home/thomasverwaal/Robust-Rail-NL/mathematical-models/scenarios_solver_types_120/scenario_solver_32_trains_1_units19.json","Cost of next node: Cost = 215.0 : 281.30 | cr=2, dd=0, da=0, tlv=13, sm=65, rd=86.77, cd=0, um=0","Time elapsed: 91.28 seconds","/home/thomasverwaal/Robust-Rail-NL/mathematical-models/local_search_plans_discreet_120/plan_32_trains_1_units19.json"
"/home/thomasverwaal/Robust-Rail-NL/mathematical-models/scenarios_solver_types_120/scenario_solver_32_trains_1_units19.json","Cost of next node: Cost = 210.0 : 271.32 | cr=3, dd=0, da=0, tlv=12, sm=66, rd=90.91, cd=0, um=0","Time elapsed: 170.60 seconds","/home/thomasverwaal/Robust-Rail-NL/mathematical-models/local_search_plans_discreet_120/plan_32_trains_1_units19.json"
"/home/thomasverwaal/Robust-Rail-NL/mathematical-models/scenarios_solver_types_120/scenario_solver_32_trains_1_units19.json","NO_COST_FOUND","NO_TIME_FOUND","NO_PLAN_CREATED"
"/home/thomasverwaal/Robust-Rail-NL/mathematical-models/scenarios_solver_types_120/scenario_solver_32_trains_1_units2.json","Cost of next node: Cost = 2,738.8 : 2,740.13 | cr=41, dd=32, da=30, tlv=0, sm=64, rd=180.00, cd=0, um=0","Time elapsed: 4.43 seconds","/home/thomasverwaal/Robust-Rail-NL/mathematical-models/local_search_plans_discreet_120/plan_32_trains_1_units2.json"
"/home/thomasverwaal/Robust-Rail-NL/mathematical-models/scenarios_solver_types_120/scenario_solver_32_trains_1_units2.json","Cost of next node: Cost = 2,711.5 : 2,712.76 | cr=39, dd=32, da=30, tlv=0, sm=64, rd=178.12, cd=0, um=0","Time elapsed: 4.64 seconds","/home/thomasverwaal/Robust-Rail-NL/mathematical-models/local_search_plans_discreet_120/plan_32_trains_1_units2.json"
"/home/thomasverwaal/Robust-Rail-NL/mathematical-models/scenarios_solver_types_120/scenario_solver_32_trains_1_units2.json","Cost of next node: Cost = 2,691.0 : 2,692.31 | cr=37, dd=32, da=30, tlv=0, sm=64, rd=178.12, cd=0, um=0","Time elapsed: 4.96 seconds","/home/thomasverwaal/Robust-Rail-NL/mathematical-models/local_search_plans_discreet_120/plan_32_trains_1_units2.json"
"/home/thomasverwaal/Robust-Rail-NL/mathematical-models/scenarios_solver_types_120/scenario_solver_32_trains_1_units2.json","Cost of next node: Cost = 2,670.3 : 2,671.58 | cr=35, dd=32, da=30, tlv=0, sm=64, rd=178.12, cd=0, um=0","Time elapsed: 5.28 seconds","/home/thomasverwaal/Robust-Rail-NL/mathematical-models/local_search_plans_discreet_120/plan_32_trains_1_units2.json"
"/home/thomasverwaal/Robust-Rail-NL/mathematical-models/scenarios_solver_types_120/scenario_solver_32_trains_1_units2.json","Cost of next node: Cost = 2,623.6 : 2,629.83 | cr=36, dd=32, da=27, tlv=1, sm=64, rd=175.31, cd=0, um=0","Time elapsed: 5.57 seconds","/home/thomasverwaal/Robust-Rail-NL/mathematical-models/local_search_plans_discreet_120/plan_32_trains_1_units2.json"
"/home/thomasverwaal/Robust-Rail-NL/mathematical-models/scenarios_solver_types_120/scenario_solver_32_trains_1_units2.json","Cost of next node: Cost = 2,595.7 : 2,597.01 | cr=35, dd=32, da=27, tlv=0, sm=64, rd=173.44, cd=0, um=0","Time elapsed: 5.88 seconds","/home/thomasverwaal/Robust-Rail-NL/mathematical-models/local_search_plans_discreet_120/plan_32_trains_1_units2.json"
"/home/thomasverwaal/Robust-Rail-NL/mathematical-models/scenarios_solver_types_120/scenario_solver_32_trains_1_units2.json","Cost of next node: Cost = 2,440.1 : 2,441.41 | cr=36, dd=32, da=19, tlv=0, sm=64, rd=166.88, cd=0, um=0","Time elapsed: 6.18 seconds","/home/thomasverwaal/Robust-Rail-NL/mathematical-models/local_search_plans_discreet_120/plan_32_trains_1_units2.json"
"/home/thomasverwaal/Robust-Rail-NL/mathematical-models/scenarios_solver_types_120/scenario_solver_32_trains_1_units2.json","Cost of next node: Cost = 2,409.7 : 2,416.00 | cr=33, dd=32, da=18, tlv=1, sm=64, rd=164.06, cd=0, um=0","Time elapsed: 6.42 seconds","/home/thomasverwaal/Robust-Rail-NL/mathematical-models/local_search_plans_discreet_120/plan_32_trains_1_units2.json"
"/home/thomasverwaal/Robust-Rail-NL/mathematical-models/scenarios_solver_types_120/scenario_solver_32_trains_1_units2.json","Cost of next node: Cost = 2,389.4 : 2,395.73 | cr=31, dd=32, da=18, tlv=1, sm=64, rd=164.06, cd=0, um=0","Time elapsed: 6.48 seconds","/home/thomasverwaal/Robust-Rail-NL/mathematical-models/local_search_plans_discreet_120/plan_32_trains_1_units2.json"
"/home/thomasverwaal/Robust-Rail-NL/mathematical-models/scenarios_solver_types_120/scenario_solver_32_trains_1_units2.json","Cost of next node: Cost = 2,364.1 : 2,375.36 | cr=33, dd=32, da=15, tlv=2, sm=64, rd=161.25, cd=0, um=0","Time elapsed: 6.74 seconds","/home/thomasverwaal/Robust-Rail-NL/mathematical-models/local_search_plans_discreet_120/plan_32_trains_1_units2.json"
"/home/thomasverwaal/Robust-Rail-NL/mathematical-models/scenarios_solver_types_120/scenario_solver_32_trains_1_units2.json","Cost of next node: Cost = 2,319.3 : 2,335.55 | cr=33, dd=32, da=12, tlv=3, sm=64, rd=157.50, cd=0, um=0","Time elapsed: 7.03 seconds","/home/thomasverwaal/Robust-Rail-NL/mathematical-models/local_search_plans_discreet_120/plan_32_trains_1_units2.json"
"/home/thomasverwaal/Robust-Rail-NL/mathematical-models/scenarios_solver_types_120/scenario_solver_32_trains_1_units2.json","Cost of next node: Cost = 2,299.1 : 2,315.35 | cr=32, dd=32, da=12, tlv=3, sm=64, rd=155.62, cd=0, um=0","Time elapsed: 7.45 seconds","/home/thomasverwaal/Robust-Rail-NL/mathematical-models/local_search_plans_discreet_120/plan_32_trains_1_units2.json"
"/home/thomasverwaal/Robust-Rail-NL/mathematical-models/scenarios_solver_types_120/scenario_solver_32_trains_1_units2.json","Cost of next node: Cost = 2,277.1 : 2,293.40 | cr=32, dd=32, da=11, tlv=3, sm=64, rd=151.88, cd=0, um=0","Time elapsed: 7.98 seconds","/home/thomasverwaal/Robust-Rail-NL/mathematical-models/local_search_plans_discreet_120/plan_32_trains_1_units2.json"
"/home/thomasverwaal/Robust-Rail-NL/mathematical-models/scenarios_solver_types_120/scenario_solver_32_trains_1_units2.json","Cost of next node: Cost = 2,252.1 : 2,273.40 | cr=28, dd=32, da=11, tlv=4, sm=64, rd=151.88, cd=0, um=0","Time elapsed: 8.79 seconds","/home/thomasverwaal/Robust-Rail-NL/mathematical-models/local_search_plans_discreet_120/plan_32_trains_1_units2.json"
"/home/thomasverwaal/Robust-Rail-NL/mathematical-models/scenarios_solver_types_120/scenario_solver_32_trains_1_units2.json","Cost of next node: Cost = 2,227.3 : 2,253.58 | cr=26, dd=32, da=11, tlv=5, sm=64, rd=142.50, cd=0, um=0","Time elapsed: 9.86 seconds","/home/thomasverwaal/Robust-Rail-NL/mathematical-models/local_search_plans_discreet_120/plan_32_trains_1_units2.json"
"/home/thomasverwaal/Robust-Rail-NL/mathematical-models/scenarios_solver_types_120/scenario_solver_32_trains_1_units2.json","Cost of next node: Cost = 2,205.8 : 2,232.04 | cr=24, dd=32, da=11, tlv=5, sm=64, rd=142.50, cd=0, um=0","Time elapsed: 10.11 seconds","/home/thomasverwaal/Robust-Rail-NL/mathematical-models/local_search_plans_discreet_120/plan_32_trains_1_units2.json"
"/home/thomasverwaal/Robust-Rail-NL/mathematical-models/scenarios_solver_types_120/scenario_solver_32_trains_1_units2.json","Cost of next node: Cost = 2,179.3 : 2,210.63 | cr=22, dd=32, da=10, tlv=6, sm=64, rd=138.75, cd=0, um=0","Time elapsed: 10.69 seconds","/home/thomasverwaal/Robust-Rail-NL/mathematical-models/local_search_plans_discreet_120/plan_32_trains_1_units2.json"
"/home/thomasverwaal/Robust-Rail-NL/mathematical-models/scenarios_solver_types_120/scenario_solver_32_trains_1_units2.json","Cost of next node: Cost = 2,153.1 : 2,189.34 | cr=19, dd=32, da=10, tlv=7, sm=64, rd=133.12, cd=0, um=0","Time elapsed: 11.70 seconds","/home/thomasverwaal/Robust-Rail-NL/mathematical-models/local_search_plans_discreet_120/plan_32_trains_1_units2.json"
"/home/thomasverwaal/Robust-Rail-NL/mathematical-models/scenarios_solver_types_120/scenario_solver_32_trains_1_units2.json","Cost of next node: Cost = 2,096.9 : 2,133.20 | cr=26, dd=30, da=10, tlv=7, sm=64, rd=125.62, cd=0, um=0","Time elapsed: 12.37 seconds","/home/thomasverwaal/Robust-Rail-NL/mathematical-models/local_search_plans_discreet_120/plan_32_trains_1_units2.json"
"/home/thomasverwaal/Robust-Rail-NL/mathematical-models/scenarios_solver_types_120/scenario_solver_32_trains_1_units2.json","Cost of next node: Cost = 2,006.9 : 2,043.15 | cr=27, dd=28, da=10, tlv=7, sm=64, rd=125.62, cd=0, um=0","Time elapsed: 12.45 seconds","/home/thomasverwaal/Robust-Rail-NL/mathematical-models/local_search_plans_discreet_120/plan_32_trains_1_units2.json"
"/home/thomasverwaal/Robust-Rail-NL/mathematical-models/scenarios_solver_types_120/scenario_solver_32_trains_1_units2.json","Cost of next node: Cost = 1,957.1 : 1,993.39 | cr=27, dd=27, da=10, tlv=7, sm=64, rd=125.62, cd=0, um=0","Time elapsed: 12.62 seconds","/home/thomasverwaal/Robust-Rail-NL/mathematical-models/local_search_plans_discreet_120/plan_32_trains_1_units2.json"
"/home/thomasverwaal/Robust-Rail-NL/mathematical-models/scenarios_solver_types_120/scenario_solver_32_trains_1_units2.json","Cost of next node: Cost = 1,907.4 : 1,943.65 | cr=27, dd=26, da=10, tlv=7, sm=64, rd=125.62, cd=0, um=0","Time elapsed: 12.77 seconds","/home/thomasverwaal/Robust-Rail-NL/mathematical-models/local_search_plans_discreet_120/plan_32_trains_1_units2.json"
"/home/thomasverwaal/Robust-Rail-NL/mathematical-models/scenarios_solver_types_120/scenario_solver_32_trains_1_units2.json","Cost of next node: Cost = 1,867.3 : 1,903.58 | cr=28, dd=25, da=10, tlv=7, sm=64, rd=125.62, cd=0, um=0","Time elapsed: 12.86 seconds","/home/thomasverwaal/Robust-Rail-NL/mathematical-models/local_search_plans_discreet_120/plan_32_trains_1_units2.json"
"/home/thomasverwaal/Robust-Rail-NL/mathematical-models/scenarios_solver_types_120/scenario_solver_32_trains_1_units2.json","Cost of next node: Cost = 1,827.7 : 1,863.99 | cr=29, dd=24, da=10, tlv=7, sm=64, rd=125.62, cd=0, um=0","Time elapsed: 13.08 seconds","/home/thomasverwaal/Robust-Rail-NL/mathematical-models/local_search_plans_discreet_120/plan_32_trains_1_units2.json"
"/home/thomasverwaal/Robust-Rail-NL/mathematical-models/scenarios_solver_types_120/scenario_solver_32_trains_1_units2.json","Cost of next node: Cost = 1,776.8 : 1,818.09 | cr=30, dd=23, da=9, tlv=8, sm=64, rd=121.88, cd=0, um=0","Time elapsed: 13.36 seconds","/home/thomasverwaal/Robust-Rail-NL/mathematical-models/local_search_plans_discreet_120/plan_32_trains_1_units2.json"
"/home/thomasverwaal/Robust-Rail-NL/mathematical-models/scenarios_solver_types_120/scenario_solver_32_trains_1_units2.json","Cost of next node: Cost = 1,716.3 : 1,757.62 | cr=29, dd=22, da=9, tlv=8, sm=64, rd=121.88, cd=0, um=0","Time elapsed: 13.47 seconds","/home/thomasverwaal/Robust-Rail-NL/mathematical-models/local_search_plans_discreet_120/plan_32_trains_1_units2.json"
"/home/thomasverwaal/Robust-Rail-NL/mathematical-models/scenarios_solver_types_120/scenario_solver_32_trains_1_units2.json","Cost of next node: Cost = 1,655.8 : 1,697.11 | cr=28, dd=21, da=9, tlv=8, sm=64, rd=121.88, cd=0, um=0","Time elapsed: 13.57 seconds","/home/thomasverwaal/Robust-Rail-NL/mathematical-models/local_search_plans_discreet_120/plan_32_trains_1_units2.json"
"/home/thomasverwaal/Robust-Rail-NL/mathematical-models/scenarios_solver_types_120/scenario_solver_32_trains_1_units2.json","Cost of next node: Cost = 1,595.0 : 1,636.27 | cr=27, dd=20, da=9, tlv=8, sm=64, rd=121.88, cd=0, um=0","Time elapsed: 13.79 seconds","/home/thomasverwaal/Robust-Rail-NL/mathematical-models/local_search_plans_discreet_120/plan_32_trains_1_units2.json"
"/home/thomasverwaal/Robust-Rail-NL/mathematical-models/scenarios_solver_types_120/scenario_solver_32_trains_1_units2.json","Cost of next node: Cost = 1,523.1 : 1,564.38 | cr=27, dd=19, da=8, tlv=8, sm=64, rd=120.00, cd=0, um=0","Time elapsed: 14.07 seconds","/home/thomasverwaal/Robust-Rail-NL/mathematical-models/local_search_plans_discreet_120/plan_32_trains_1_units2.json"
"/home/thomasverwaal/Robust-Rail-NL/mathematical-models/scenarios_solver_types_120/scenario_solver_32_trains_1_units2.json","Cost of next node: Cost = 1,406.0 : 1,452.27 | cr=26, dd=17, da=7, tlv=9, sm=64, rd=120.94, cd=0, um=0","Time elapsed: 14.32 seconds","/home/thomasverwaal/Robust-Rail-NL/mathematical-models/local_search_plans_discreet_120/plan_32_trains_1_units2.json"
"/home/thomasverwaal/Robust-Rail-NL/mathematical-models/scenarios_solver_types_120/scenario_solver_32_trains_1_units2.json","Cost of next node: Cost = 1,227.3 : 1,278.61 | cr=25, dd=15, da=3, tlv=10, sm=64, rd=117.19, cd=0, um=0","Time elapsed: 14.75 seconds","/home/thomasverwaal/Robust-Rail-NL/mathematical-models/local_search_plans_discreet_120/plan_32_trains_1_units2.json"
"/home/thomasverwaal/Robust-Rail-NL/mathematical-models/scenarios_solver_types_120/scenario_solver_32_trains_1_units2.json","Cost of next node: Cost = 1,196.1 : 1,247.38 | cr=27, dd=14, da=3, tlv=10, sm=64, rd=117.19, cd=0, um=0","Time elapsed: 14.82 seconds","/home/thomasverwaal/Robust-Rail-NL/mathematical-models/local_search_plans_discreet_120/plan_32_trains_1_units2.json"
"/home/thomasverwaal/Robust-Rail-NL/mathematical-models/scenarios_solver_types_120/scenario_solver_32_trains_1_units2.json","Cost of next node: Cost = 1,084.9 : 1,136.21 | cr=26, dd=12, da=3, tlv=10, sm=64, rd=112.50, cd=0, um=0","Time elapsed: 15.10 seconds","/home/thomasverwaal/Robust-Rail-NL/mathematical-models/local_search_plans_discreet_120/plan_32_trains_1_units2.json"
"/home/thomasverwaal/Robust-Rail-NL/mathematical-models/scenarios_solver_types_120/scenario_solver_32_trains_1_units2.json","Cost of next node: Cost = 1,059.9 : 1,116.21 | cr=22, dd=12, da=3, tlv=11, sm=64, rd=110.62, cd=0, um=0","Time elapsed: 15.33 seconds","/home/thomasverwaal/Robust-Rail-NL/mathematical-models/local_search_plans_discreet_120/plan_32_trains_1_units2.json"
"/home/thomasverwaal/Robust-Rail-NL/mathematical-models/scenarios_solver_types_120/scenario_solver_32_trains_1_units2.json","Cost of next node: Cost = 986.0 : 1,047.28 | cr=20, dd=11, da=2, tlv=12, sm=64, rd=106.88, cd=0, um=0","Time elapsed: 15.68 seconds","/home/thomasverwaal/Robust-Rail-NL/mathematical-models/local_search_plans_discreet_120/plan_32_trains_1_units2.json"
"/home/thomasverwaal/Robust-Rail-NL/mathematical-models/scenarios_solver_types_120/scenario_solver_32_trains_1_units2.json","Cost of next node: Cost = 880.6 : 946.88 | cr=20, dd=9, da=1, tlv=13, sm=64, rd=105.00, cd=0, um=0","Time elapsed: 15.95 seconds","/home/thomasverwaal/Robust-Rail-NL/mathematical-models/local_search_plans_discreet_120/plan_32_trains_1_units2.json"
"/home/thomasverwaal/Robust-Rail-NL/mathematical-models/scenarios_solver_types_120/scenario_solver_32_trains_1_units2.json","Cost of next node: Cost = 770.5 : 841.78 | cr=20, dd=7, da=0, tlv=14, sm=64, rd=104.06, cd=0, um=0","Time elapsed: 16.29 seconds","/home/thomasverwaal/Robust-Rail-NL/mathematical-models/local_search_plans_discreet_120/plan_32_trains_1_units2.json"
"/home/thomasverwaal/Robust-Rail-NL/mathematical-models/scenarios_solver_types_120/scenario_solver_32_trains_1_units2.json","Cost of next node: Cost = 729.9 : 801.14 | cr=21, dd=6, da=0, tlv=14, sm=64, rd=99.38, cd=0, um=0","Time elapsed: 16.41 seconds","/home/thomasverwaal/Robust-Rail-NL/mathematical-models/local_search_plans_discreet_120/plan_32_trains_1_units2.json"
"/home/thomasverwaal/Robust-Rail-NL/mathematical-models/scenarios_solver_types_120/scenario_solver_32_trains_1_units2.json","Cost of next node: Cost = 709.5 : 785.78 | cr=23, dd=5, da=0, tlv=15, sm=64, rd=94.69, cd=0, um=0","Time elapsed: 16.86 seconds","/home/thomasverwaal/Robust-Rail-NL/mathematical-models/local_search_plans_discreet_120/plan_32_trains_1_units2.json"
"/home/thomasverwaal/Robust-Rail-NL/mathematical-models/scenarios_solver_types_120/scenario_solver_32_trains_1_units2.json","Cost of next node: Cost = 567.0 : 643.28 | cr=24, dd=2, da=0, tlv=15, sm=64, rd=90.00, cd=0, um=0","Time elapsed: 17.20 seconds","/home/thomasverwaal/Robust-Rail-NL/mathematical-models/local_search_plans_discreet_120/plan_32_trains_1_units2.json"
"/home/thomasverwaal/Robust-Rail-NL/mathematical-models/scenarios_solver_types_120/scenario_solver_32_trains_1_units2.json","Cost of next node: Cost = 531.5 : 612.80 | cr=24, dd=1, da=0, tlv=16, sm=65, rd=88.62, cd=0, um=0","Time elapsed: 19.35 seconds","/home/thomasverwaal/Robust-Rail-NL/mathematical-models/local_search_plans_discreet_120/plan_32_trains_1_units2.json"
"/home/thomasverwaal/Robust-Rail-NL/mathematical-models/scenarios_solver_types_120/scenario_solver_32_trains_1_units2.json","Cost of next node: Cost = 470.0 : 546.30 | cr=23, dd=0, da=0, tlv=16, sm=65, rd=88.62, cd=0, um=0","Time elapsed: 19.66 seconds","/home/thomasverwaal/Robust-Rail-NL/mathematical-models/local_search_plans_discreet_120/plan_32_trains_1_units2.json"
"/home/thomasverwaal/Robust-Rail-NL/mathematical-models/scenarios_solver_types_120/scenario_solver_32_trains_1_units2.json","Cost of next node: Cost = 450.0 : 526.30 | cr=21, dd=0, da=0, tlv=16, sm=65, rd=90.46, cd=0, um=0","Time elapsed: 23.12 seconds","/home/thomasverwaal/Robust-Rail-NL/mathematical-models/local_search_plans_discreet_120/plan_32_trains_1_units2.json"
"/home/thomasverwaal/Robust-Rail-NL/mathematical-models/scenarios_solver_types_120/scenario_solver_32_trains_1_units2.json","Cost of next node: Cost = 415.0 : 486.30 | cr=19, dd=0, da=0, tlv=15, sm=65, rd=90.46, cd=0, um=0","Time elapsed: 23.43 seconds","/home/thomasverwaal/Robust-Rail-NL/mathematical-models/local_search_plans_discreet_120/plan_32_trains_1_units2.json"
"/home/thomasverwaal/Robust-Rail-NL/mathematical-models/scenarios_solver_types_120/scenario_solver_32_trains_1_units2.json","Cost of next node: Cost = 395.0 : 466.30 | cr=17, dd=0, da=0, tlv=15, sm=65, rd=90.46, cd=0, um=0","Time elapsed: 26.62 seconds","/home/thomasverwaal/Robust-Rail-NL/mathematical-models/local_search_plans_discreet_120/plan_32_trains_1_units2.json"
"/home/thomasverwaal/Robust-Rail-NL/mathematical-models/scenarios_solver_types_120/scenario_solver_32_trains_1_units2.json","Cost of next node: Cost = 375.0 : 446.30 | cr=15, dd=0, da=0, tlv=15, sm=65, rd=92.31, cd=0, um=0","Time elapsed: 29.50 seconds","/home/thomasverwaal/Robust-Rail-NL/mathematical-models/local_search_plans_discreet_120/plan_32_trains_1_units2.json"
"/home/thomasverwaal/Robust-Rail-NL/mathematical-models/scenarios_solver_types_120/scenario_solver_32_trains_1_units2.json","Cost of next node: Cost = 365.0 : 436.30 | cr=14, dd=0, da=0, tlv=15, sm=65, rd=92.31, cd=0, um=0","Time elapsed: 32.51 seconds","/home/thomasverwaal/Robust-Rail-NL/mathematical-models/local_search_plans_discreet_120/plan_32_trains_1_units2.json"
"/home/thomasverwaal/Robust-Rail-NL/mathematical-models/scenarios_solver_types_120/scenario_solver_32_trains_1_units2.json","Cost of next node: Cost = 345.0 : 416.30 | cr=12, dd=0, da=0, tlv=15, sm=65, rd=90.46, cd=0, um=0","Time elapsed: 35.24 seconds","/home/thomasverwaal/Robust-Rail-NL/mathematical-models/local_search_plans_discreet_120/plan_32_trains_1_units2.json"
"/home/thomasverwaal/Robust-Rail-NL/mathematical-models/scenarios_solver_types_120/scenario_solver_32_trains_1_units2.json","Cost of next node: Cost = 335.0 : 406.30 | cr=11, dd=0, da=0, tlv=15, sm=65, rd=90.46, cd=0, um=0","Time elapsed: 38.01 seconds","/home/thomasverwaal/Robust-Rail-NL/mathematical-models/local_search_plans_discreet_120/plan_32_trains_1_units2.json"
"/home/thomasverwaal/Robust-Rail-NL/mathematical-models/scenarios_solver_types_120/scenario_solver_32_trains_1_units2.json","Cost of next node: Cost = 325.0 : 396.30 | cr=10, dd=0, da=0, tlv=15, sm=65, rd=92.31, cd=0, um=0","Time elapsed: 40.48 seconds","/home/thomasverwaal/Robust-Rail-NL/mathematical-models/local_search_plans_discreet_120/plan_32_trains_1_units2.json"
"/home/thomasverwaal/Robust-Rail-NL/mathematical-models/scenarios_solver_types_120/scenario_solver_32_trains_1_units2.json","Cost of next node: Cost = 315.0 : 386.30 | cr=9, dd=0, da=0, tlv=15, sm=65, rd=92.31, cd=0, um=0","Time elapsed: 42.91 seconds","/home/thomasverwaal/Robust-Rail-NL/mathematical-models/local_search_plans_discreet_120/plan_32_trains_1_units2.json"
"/home/thomasverwaal/Robust-Rail-NL/mathematical-models/scenarios_solver_types_120/scenario_solver_32_trains_1_units2.json","Cost of next node: Cost = 305.0 : 376.30 | cr=8, dd=0, da=0, tlv=15, sm=65, rd=90.46, cd=0, um=0","Time elapsed: 45.58 seconds","/home/thomasverwaal/Robust-Rail-NL/mathematical-models/local_search_plans_discreet_120/plan_32_trains_1_units2.json"
"/home/thomasverwaal/Robust-Rail-NL/mathematical-models/scenarios_solver_types_120/scenario_solver_32_trains_1_units2.json","Cost of next node: Cost = 295.0 : 366.30 | cr=7, dd=0, da=0, tlv=15, sm=65, rd=88.62, cd=0, um=0","Time elapsed: 47.79 seconds","/home/thomasverwaal/Robust-Rail-NL/mathematical-models/local_search_plans_discreet_120/plan_32_trains_1_units2.json"
"/home/thomasverwaal/Robust-Rail-NL/mathematical-models/scenarios_solver_types_120/scenario_solver_32_trains_1_units2.json","Cost of next node: Cost = 275.0 : 351.30 | cr=5, dd=0, da=0, tlv=15, sm=65, rd=86.77, cd=0, um=0","Time elapsed: 49.81 seconds","/home/thomasverwaal/Robust-Rail-NL/mathematical-models/local_search_plans_discreet_120/plan_32_trains_1_units2.json"
"/home/thomasverwaal/Robust-Rail-NL/mathematical-models/scenarios_solver_types_120/scenario_solver_32_trains_1_units2.json","Cost of next node: Cost = 265.0 : 341.30 | cr=4, dd=0, da=0, tlv=15, sm=65, rd=86.77, cd=0, um=0","Time elapsed: 51.64 seconds","/home/thomasverwaal/Robust-Rail-NL/mathematical-models/local_search_plans_discreet_120/plan_32_trains_1_units2.json"
"/home/thomasverwaal/Robust-Rail-NL/mathematical-models/scenarios_solver_types_120/scenario_solver_32_trains_1_units2.json","Cost of next node: Cost = 230.0 : 301.30 | cr=2, dd=0, da=0, tlv=14, sm=65, rd=84.92, cd=0, um=0","Time elapsed: 51.93 seconds","/home/thomasverwaal/Robust-Rail-NL/mathematical-models/local_search_plans_discreet_120/plan_32_trains_1_units2.json"
"/home/thomasverwaal/Robust-Rail-NL/mathematical-models/scenarios_solver_types_120/scenario_solver_32_trains_1_units2.json","Cost of next node: Cost = 220.0 : 291.30 | cr=1, dd=0, da=0, tlv=14, sm=65, rd=84.92, cd=0, um=0","Time elapsed: 53.51 seconds","/home/thomasverwaal/Robust-Rail-NL/mathematical-models/local_search_plans_discreet_120/plan_32_trains_1_units2.json"
"/home/thomasverwaal/Robust-Rail-NL/mathematical-models/scenarios_solver_types_120/scenario_solver_32_trains_1_units2.json","Cost of next node: Cost = 210.0 : 281.30 | cr=0, dd=0, da=0, tlv=14, sm=65, rd=83.08, cd=0, um=0","Time elapsed: 54.63 seconds","/home/thomasverwaal/Robust-Rail-NL/mathematical-models/local_search_plans_discreet_120/plan_32_trains_1_units2.json"
"/home/thomasverwaal/Robust-Rail-NL/mathematical-models/scenarios_solver_types_120/scenario_solver_32_trains_1_units2.json","Cost of next node: Cost = 195.0 : 261.32 | cr=0, dd=0, da=0, tlv=13, sm=66, rd=85.45, cd=0, um=0","Time elapsed: 79.82 seconds","/home/thomasverwaal/Robust-Rail-NL/mathematical-models/local_search_plans_discreet_120/plan_32_trains_1_units2.json"
"/home/thomasverwaal/Robust-Rail-NL/mathematical-models/scenarios_solver_types_120/scenario_solver_32_trains_1_units2.json","Cost of next node: Cost = 190.0 : 251.32 | cr=1, dd=0, da=0, tlv=12, sm=66, rd=89.09, cd=0, um=0","Time elapsed: 158.08 seconds","/home/thomasverwaal/Robust-Rail-NL/mathematical-models/local_search_plans_discreet_120/plan_32_trains_1_units2.json"
"/home/thomasverwaal/Robust-Rail-NL/mathematical-models/scenarios_solver_types_120/scenario_solver_32_trains_1_units2.json","Cost of next node: Cost = 180.0 : 241.32 | cr=0, dd=0, da=0, tlv=12, sm=66, rd=89.09, cd=0, um=0","Time elapsed: 159.48 seconds","/home/thomasverwaal/Robust-Rail-NL/mathematical-models/local_search_plans_discreet_120/plan_32_trains_1_units2.json"
"/home/thomasverwaal/Robust-Rail-NL/mathematical-models/scenarios_solver_types_120/scenario_solver_32_trains_1_units2.json","NO_COST_FOUND","NO_TIME_FOUND","NO_PLAN_CREATED"
"/home/thomasverwaal/Robust-Rail-NL/mathematical-models/scenarios_solver_types_120/scenario_solver_32_trains_1_units20.json","Cost of next node: Cost = 2,739.1 : 2,740.42 | cr=41, dd=32, da=30, tlv=0, sm=64, rd=180.00, cd=0, um=0","Time elapsed: 4.36 seconds","/home/thomasverwaal/Robust-Rail-NL/mathematical-models/local_search_plans_discreet_120/plan_32_trains_1_units20.json"
"/home/thomasverwaal/Robust-Rail-NL/mathematical-models/scenarios_solver_types_120/scenario_solver_32_trains_1_units20.json","Cost of next node: Cost = 2,711.8 : 2,713.06 | cr=39, dd=32, da=30, tlv=0, sm=64, rd=178.12, cd=0, um=0","Time elapsed: 4.49 seconds","/home/thomasverwaal/Robust-Rail-NL/mathematical-models/local_search_plans_discreet_120/plan_32_trains_1_units20.json"
"/home/thomasverwaal/Robust-Rail-NL/mathematical-models/scenarios_solver_types_120/scenario_solver_32_trains_1_units20.json","Cost of next node: Cost = 2,691.3 : 2,692.61 | cr=37, dd=32, da=30, tlv=0, sm=64, rd=178.12, cd=0, um=0","Time elapsed: 4.78 seconds","/home/thomasverwaal/Robust-Rail-NL/mathematical-models/local_search_plans_discreet_120/plan_32_trains_1_units20.json"
"/home/thomasverwaal/Robust-Rail-NL/mathematical-models/scenarios_solver_types_120/scenario_solver_32_trains_1_units20.json","Cost of next node: Cost = 2,670.6 : 2,671.88 | cr=35, dd=32, da=30, tlv=0, sm=64, rd=178.12, cd=0, um=0","Time elapsed: 5.10 seconds","/home/thomasverwaal/Robust-Rail-NL/mathematical-models/local_search_plans_discreet_120/plan_32_trains_1_units20.json"
"/home/thomasverwaal/Robust-Rail-NL/mathematical-models/scenarios_solver_types_120/scenario_solver_32_trains_1_units20.json","Cost of next node: Cost = 2,636.1 : 2,642.38 | cr=36, dd=32, da=28, tlv=1, sm=64, rd=175.31, cd=0, um=0","Time elapsed: 5.39 seconds","/home/thomasverwaal/Robust-Rail-NL/mathematical-models/local_search_plans_discreet_120/plan_32_trains_1_units20.json"
"/home/thomasverwaal/Robust-Rail-NL/mathematical-models/scenarios_solver_types_120/scenario_solver_32_trains_1_units20.json","Cost of next node: Cost = 2,608.3 : 2,609.56 | cr=35, dd=32, da=28, tlv=0, sm=64, rd=173.44, cd=0, um=0","Time elapsed: 5.68 seconds","/home/thomasverwaal/Robust-Rail-NL/mathematical-models/local_search_plans_discreet_120/plan_32_trains_1_units20.json"
"/home/thomasverwaal/Robust-Rail-NL/mathematical-models/scenarios_solver_types_120/scenario_solver_32_trains_1_units20.json","Cost of next node: Cost = 2,394.4 : 2,395.71 | cr=36, dd=32, da=17, tlv=0, sm=64, rd=166.88, cd=0, um=0","Time elapsed: 5.95 seconds","/home/thomasverwaal/Robust-Rail-NL/mathematical-models/local_search_plans_discreet_120/plan_32_trains_1_units20.json"
"/home/thomasverwaal/Robust-Rail-NL/mathematical-models/scenarios_solver_types_120/scenario_solver_32_trains_1_units20.json","Cost of next node: Cost = 2,325.6 : 2,331.90 | cr=33, dd=32, da=14, tlv=1, sm=64, rd=164.06, cd=0, um=0","Time elapsed: 6.20 seconds","/home/thomasverwaal/Robust-Rail-NL/mathematical-models/local_search_plans_discreet_120/plan_32_trains_1_units20.json"
"/home/thomasverwaal/Robust-Rail-NL/mathematical-models/scenarios_solver_types_120/scenario_solver_32_trains_1_units20.json","Cost of next node: Cost = 2,305.3 : 2,311.62 | cr=31, dd=32, da=14, tlv=1, sm=64, rd=164.06, cd=0, um=0","Time elapsed: 6.25 seconds","/home/thomasverwaal/Robust-Rail-NL/mathematical-models/local_search_plans_discreet_120/plan_32_trains_1_units20.json"
"/home/thomasverwaal/Robust-Rail-NL/mathematical-models/scenarios_solver_types_120/scenario_solver_32_trains_1_units20.json","Cost of next node: Cost = 2,280.3 : 2,291.59 | cr=33, dd=32, da=11, tlv=2, sm=64, rd=159.38, cd=0, um=0","Time elapsed: 6.54 seconds","/home/thomasverwaal/Robust-Rail-NL/mathematical-models/local_search_plans_discreet_120/plan_32_trains_1_units20.json"
"/home/thomasverwaal/Robust-Rail-NL/mathematical-models/scenarios_solver_types_120/scenario_solver_32_trains_1_units20.json","Cost of next node: Cost = 2,260.0 : 2,271.30 | cr=32, dd=32, da=11, tlv=2, sm=64, rd=157.50, cd=0, um=0","Time elapsed: 7.00 seconds","/home/thomasverwaal/Robust-Rail-NL/mathematical-models/local_search_plans_discreet_120/plan_32_trains_1_units20.json"
"/home/thomasverwaal/Robust-Rail-NL/mathematical-models/scenarios_solver_types_120/scenario_solver_32_trains_1_units20.json","Cost of next node: Cost = 2,231.6 : 2,247.85 | cr=28, dd=32, da=11, tlv=3, sm=64, rd=155.62, cd=0, um=0","Time elapsed: 7.54 seconds","/home/thomasverwaal/Robust-Rail-NL/mathematical-models/local_search_plans_discreet_120/plan_32_trains_1_units20.json"
"/home/thomasverwaal/Robust-Rail-NL/mathematical-models/scenarios_solver_types_120/scenario_solver_32_trains_1_units20.json","Cost of next node: Cost = 2,196.6 : 2,217.85 | cr=23, dd=32, da=11, tlv=4, sm=64, rd=155.62, cd=0, um=0","Time elapsed: 8.29 seconds","/home/thomasverwaal/Robust-Rail-NL/mathematical-models/local_search_plans_discreet_120/plan_32_trains_1_units20.json"
"/home/thomasverwaal/Robust-Rail-NL/mathematical-models/scenarios_solver_types_120/scenario_solver_32_trains_1_units20.json","Cost of next node: Cost = 2,161.7 : 2,188.03 | cr=20, dd=32, da=11, tlv=5, sm=64, rd=146.25, cd=0, um=0","Time elapsed: 9.29 seconds","/home/thomasverwaal/Robust-Rail-NL/mathematical-models/local_search_plans_discreet_120/plan_32_trains_1_units20.json"
"/home/thomasverwaal/Robust-Rail-NL/mathematical-models/scenarios_solver_types_120/scenario_solver_32_trains_1_units20.json","Cost of next node: Cost = 2,133.2 : 2,159.50 | cr=16, dd=32, da=11, tlv=5, sm=64, rd=151.88, cd=0, um=0","Time elapsed: 9.73 seconds","/home/thomasverwaal/Robust-Rail-NL/mathematical-models/local_search_plans_discreet_120/plan_32_trains_1_units20.json"
"/home/thomasverwaal/Robust-Rail-NL/mathematical-models/scenarios_solver_types_120/scenario_solver_32_trains_1_units20.json","Cost of next node: Cost = 2,103.7 : 2,129.95 | cr=15, dd=32, da=11, tlv=5, sm=64, rd=141.56, cd=0, um=0","Time elapsed: 10.10 seconds","/home/thomasverwaal/Robust-Rail-NL/mathematical-models/local_search_plans_discreet_120/plan_32_trains_1_units20.json"
"/home/thomasverwaal/Robust-Rail-NL/mathematical-models/scenarios_solver_types_120/scenario_solver_32_trains_1_units20.json","Cost of next node: Cost = 2,081.5 : 2,112.75 | cr=14, dd=32, da=10, tlv=6, sm=64, rd=141.56, cd=0, um=0","Time elapsed: 10.38 seconds","/home/thomasverwaal/Robust-Rail-NL/mathematical-models/local_search_plans_discreet_120/plan_32_trains_1_units20.json"
"/home/thomasverwaal/Robust-Rail-NL/mathematical-models/scenarios_solver_types_120/scenario_solver_32_trains_1_units20.json","Cost of next node: Cost = 1,989.4 : 2,020.66 | cr=17, dd=30, da=10, tlv=6, sm=64, rd=127.50, cd=0, um=0","Time elapsed: 10.50 seconds","/home/thomasverwaal/Robust-Rail-NL/mathematical-models/local_search_plans_discreet_120/plan_32_trains_1_units20.json"
"/home/thomasverwaal/Robust-Rail-NL/mathematical-models/scenarios_solver_types_120/scenario_solver_32_trains_1_units20.json","Cost of next node: Cost = 1,938.6 : 1,969.91 | cr=17, dd=29, da=10, tlv=6, sm=64, rd=127.50, cd=0, um=0","Time elapsed: 10.61 seconds","/home/thomasverwaal/Robust-Rail-NL/mathematical-models/local_search_plans_discreet_120/plan_32_trains_1_units20.json"
"/home/thomasverwaal/Robust-Rail-NL/mathematical-models/scenarios_solver_types_120/scenario_solver_32_trains_1_units20.json","Cost of next node: Cost = 1,739.9 : 1,771.17 | cr=17, dd=25, da=10, tlv=6, sm=64, rd=127.50, cd=0, um=0","Time elapsed: 10.78 seconds","/home/thomasverwaal/Robust-Rail-NL/mathematical-models/local_search_plans_discreet_120/plan_32_trains_1_units20.json"
"/home/thomasverwaal/Robust-Rail-NL/mathematical-models/scenarios_solver_types_120/scenario_solver_32_trains_1_units20.json","Cost of next node: Cost = 1,690.4 : 1,721.73 | cr=17, dd=24, da=10, tlv=6, sm=64, rd=127.50, cd=0, um=0","Time elapsed: 10.91 seconds","/home/thomasverwaal/Robust-Rail-NL/mathematical-models/local_search_plans_discreet_120/plan_32_trains_1_units20.json"
"/home/thomasverwaal/Robust-Rail-NL/mathematical-models/scenarios_solver_types_120/scenario_solver_32_trains_1_units20.json","Cost of next node: Cost = 1,591.7 : 1,622.99 | cr=17, dd=22, da=10, tlv=6, sm=64, rd=127.50, cd=0, um=0","Time elapsed: 11.03 seconds","/home/thomasverwaal/Robust-Rail-NL/mathematical-models/local_search_plans_discreet_120/plan_32_trains_1_units20.json"
"/home/thomasverwaal/Robust-Rail-NL/mathematical-models/scenarios_solver_types_120/scenario_solver_32_trains_1_units20.json","Cost of next node: Cost = 1,560.1 : 1,591.39 | cr=19, dd=21, da=10, tlv=6, sm=64, rd=125.62, cd=0, um=0","Time elapsed: 11.14 seconds","/home/thomasverwaal/Robust-Rail-NL/mathematical-models/local_search_plans_discreet_120/plan_32_trains_1_units20.json"
"/home/thomasverwaal/Robust-Rail-NL/mathematical-models/scenarios_solver_types_120/scenario_solver_32_trains_1_units20.json","Cost of next node: Cost = 1,520.9 : 1,552.21 | cr=20, dd=20, da=10, tlv=6, sm=64, rd=125.62, cd=0, um=0","Time elapsed: 11.26 seconds","/home/thomasverwaal/Robust-Rail-NL/mathematical-models/local_search_plans_discreet_120/plan_32_trains_1_units20.json"
"/home/thomasverwaal/Robust-Rail-NL/mathematical-models/scenarios_solver_types_120/scenario_solver_32_trains_1_units20.json","Cost of next node: Cost = 1,460.9 : 1,492.21 | cr=19, dd=19, da=10, tlv=6, sm=64, rd=125.62, cd=0, um=0","Time elapsed: 11.36 seconds","/home/thomasverwaal/Robust-Rail-NL/mathematical-models/local_search_plans_discreet_120/plan_32_trains_1_units20.json"
"/home/thomasverwaal/Robust-Rail-NL/mathematical-models/scenarios_solver_types_120/scenario_solver_32_trains_1_units20.json","Cost of next node: Cost = 1,400.3 : 1,431.58 | cr=18, dd=18, da=10, tlv=6, sm=64, rd=125.62, cd=0, um=0","Time elapsed: 11.45 seconds","/home/thomasverwaal/Robust-Rail-NL/mathematical-models/local_search_plans_discreet_120/plan_32_trains_1_units20.json"
"/home/thomasverwaal/Robust-Rail-NL/mathematical-models/scenarios_solver_types_120/scenario_solver_32_trains_1_units20.json","Cost of next node: Cost = 1,366.1 : 1,402.38 | cr=18, dd=17, da=10, tlv=7, sm=64, rd=123.75, cd=0, um=0","Time elapsed: 11.70 seconds","/home/thomasverwaal/Robust-Rail-NL/mathematical-models/local_search_plans_discreet_120/plan_32_trains_1_units20.json"
"/home/thomasverwaal/Robust-Rail-NL/mathematical-models/scenarios_solver_types_120/scenario_solver_32_trains_1_units20.json","Cost of next node: Cost = 1,336.1 : 1,372.38 | cr=15, dd=17, da=10, tlv=7, sm=64, rd=123.75, cd=0, um=0","Time elapsed: 11.83 seconds","/home/thomasverwaal/Robust-Rail-NL/mathematical-models/local_search_plans_discreet_120/plan_32_trains_1_units20.json"
"/home/thomasverwaal/Robust-Rail-NL/mathematical-models/scenarios_solver_types_120/scenario_solver_32_trains_1_units20.json","Cost of next node: Cost = 1,246.8 : 1,283.07 | cr=15, dd=15, da=11, tlv=7, sm=64, rd=123.75, cd=0, um=0","Time elapsed: 12.09 seconds","/home/thomasverwaal/Robust-Rail-NL/mathematical-models/local_search_plans_discreet_120/plan_32_trains_1_units20.json"
"/home/thomasverwaal/Robust-Rail-NL/mathematical-models/scenarios_solver_types_120/scenario_solver_32_trains_1_units20.json","Cost of next node: Cost = 1,213.0 : 1,254.32 | cr=17, dd=14, da=10, tlv=8, sm=64, rd=118.12, cd=0, um=0","Time elapsed: 12.38 seconds","/home/thomasverwaal/Robust-Rail-NL/mathematical-models/local_search_plans_discreet_120/plan_32_trains_1_units20.json"
"/home/thomasverwaal/Robust-Rail-NL/mathematical-models/scenarios_solver_types_120/scenario_solver_32_trains_1_units20.json","Cost of next node: Cost = 1,189.7 : 1,231.00 | cr=17, dd=14, da=9, tlv=8, sm=64, rd=116.25, cd=0, um=0","Time elapsed: 12.77 seconds","/home/thomasverwaal/Robust-Rail-NL/mathematical-models/local_search_plans_discreet_120/plan_32_trains_1_units20.json"
"/home/thomasverwaal/Robust-Rail-NL/mathematical-models/scenarios_solver_types_120/scenario_solver_32_trains_1_units20.json","Cost of next node: Cost = 1,163.0 : 1,209.24 | cr=20, dd=13, da=8, tlv=9, sm=64, rd=115.31, cd=0, um=0","Time elapsed: 12.98 seconds","/home/thomasverwaal/Robust-Rail-NL/mathematical-models/local_search_plans_discreet_120/plan_32_trains_1_units20.json"
"/home/thomasverwaal/Robust-Rail-NL/mathematical-models/scenarios_solver_types_120/scenario_solver_32_trains_1_units20.json","Cost of next node: Cost = 1,133.0 : 1,179.32 | cr=18, dd=12, da=10, tlv=9, sm=64, rd=117.19, cd=0, um=0","Time elapsed: 13.09 seconds","/home/thomasverwaal/Robust-Rail-NL/mathematical-models/local_search_plans_discreet_120/plan_32_trains_1_units20.json"
"/home/thomasverwaal/Robust-Rail-NL/mathematical-models/scenarios_solver_types_120/scenario_solver_32_trains_1_units20.json","Cost of next node: Cost = 1,103.2 : 1,149.47 | cr=17, dd=12, da=9, tlv=9, sm=64, rd=115.31, cd=0, um=0","Time elapsed: 13.36 seconds","/home/thomasverwaal/Robust-Rail-NL/mathematical-models/local_search_plans_discreet_120/plan_32_trains_1_units20.json"
"/home/thomasverwaal/Robust-Rail-NL/mathematical-models/scenarios_solver_types_120/scenario_solver_32_trains_1_units20.json","Cost of next node: Cost = 1,073.4 : 1,119.65 | cr=16, dd=12, da=8, tlv=9, sm=64, rd=113.44, cd=0, um=0","Time elapsed: 13.60 seconds","/home/thomasverwaal/Robust-Rail-NL/mathematical-models/local_search_plans_discreet_120/plan_32_trains_1_units20.json"
"/home/thomasverwaal/Robust-Rail-NL/mathematical-models/scenarios_solver_types_120/scenario_solver_32_trains_1_units20.json","Cost of next node: Cost = 960.5 : 1,011.80 | cr=16, dd=11, da=4, tlv=10, sm=64, rd=110.62, cd=0, um=0","Time elapsed: 13.79 seconds","/home/thomasverwaal/Robust-Rail-NL/mathematical-models/local_search_plans_discreet_120/plan_32_trains_1_units20.json"
"/home/thomasverwaal/Robust-Rail-NL/mathematical-models/scenarios_solver_types_120/scenario_solver_32_trains_1_units20.json","Cost of next node: Cost = 914.1 : 970.34 | cr=17, dd=10, da=3, tlv=11, sm=64, rd=106.88, cd=0, um=0","Time elapsed: 14.04 seconds","/home/thomasverwaal/Robust-Rail-NL/mathematical-models/local_search_plans_discreet_120/plan_32_trains_1_units20.json"
"/home/thomasverwaal/Robust-Rail-NL/mathematical-models/scenarios_solver_types_120/scenario_solver_32_trains_1_units20.json","Cost of next node: Cost = 790.7 : 852.01 | cr=15, dd=8, da=2, tlv=12, sm=64, rd=103.12, cd=0, um=0","Time elapsed: 14.45 seconds","/home/thomasverwaal/Robust-Rail-NL/mathematical-models/local_search_plans_discreet_120/plan_32_trains_1_units20.json"
"/home/thomasverwaal/Robust-Rail-NL/mathematical-models/scenarios_solver_types_120/scenario_solver_32_trains_1_units20.json","Cost of next node: Cost = 646.9 : 713.18 | cr=15, dd=5, da=1, tlv=13, sm=64, rd=102.19, cd=0, um=0","Time elapsed: 14.75 seconds","/home/thomasverwaal/Robust-Rail-NL/mathematical-models/local_search_plans_discreet_120/plan_32_trains_1_units20.json"
"/home/thomasverwaal/Robust-Rail-NL/mathematical-models/scenarios_solver_types_120/scenario_solver_32_trains_1_units20.json","Cost of next node: Cost = 563.7 : 629.98 | cr=14, dd=4, da=1, tlv=13, sm=64, rd=89.06, cd=0, um=0","Time elapsed: 14.84 seconds","/home/thomasverwaal/Robust-Rail-NL/mathematical-models/local_search_plans_discreet_120/plan_32_trains_1_units20.json"
"/home/thomasverwaal/Robust-Rail-NL/mathematical-models/scenarios_solver_types_120/scenario_solver_32_trains_1_units20.json","Cost of next node: Cost = 407.4 : 473.68 | cr=14, dd=1, da=1, tlv=13, sm=64, rd=84.38, cd=0, um=0","Time elapsed: 15.05 seconds","/home/thomasverwaal/Robust-Rail-NL/mathematical-models/local_search_plans_discreet_120/plan_32_trains_1_units20.json"
"/home/thomasverwaal/Robust-Rail-NL/mathematical-models/scenarios_solver_types_120/scenario_solver_32_trains_1_units20.json","Cost of next node: Cost = 387.4 : 453.68 | cr=12, dd=1, da=1, tlv=13, sm=64, rd=86.25, cd=0, um=0","Time elapsed: 18.05 seconds","/home/thomasverwaal/Robust-Rail-NL/mathematical-models/local_search_plans_discreet_120/plan_32_trains_1_units20.json"
"/home/thomasverwaal/Robust-Rail-NL/mathematical-models/scenarios_solver_types_120/scenario_solver_32_trains_1_units20.json","Cost of next node: Cost = 377.4 : 443.68 | cr=11, dd=1, da=1, tlv=13, sm=64, rd=86.25, cd=0, um=0","Time elapsed: 20.55 seconds","/home/thomasverwaal/Robust-Rail-NL/mathematical-models/local_search_plans_discreet_120/plan_32_trains_1_units20.json"
"/home/thomasverwaal/Robust-Rail-NL/mathematical-models/scenarios_solver_types_120/scenario_solver_32_trains_1_units20.json","Cost of next node: Cost = 347.4 : 413.68 | cr=8, dd=1, da=1, tlv=13, sm=64, rd=86.25, cd=0, um=0","Time elapsed: 20.67 seconds","/home/thomasverwaal/Robust-Rail-NL/mathematical-models/local_search_plans_discreet_120/plan_32_trains_1_units20.json"
"/home/thomasverwaal/Robust-Rail-NL/mathematical-models/scenarios_solver_types_120/scenario_solver_32_trains_1_units20.json","Cost of next node: Cost = 337.4 : 403.68 | cr=7, dd=1, da=1, tlv=13, sm=64, rd=86.25, cd=0, um=0","Time elapsed: 22.87 seconds","/home/thomasverwaal/Robust-Rail-NL/mathematical-models/local_search_plans_discreet_120/plan_32_trains_1_units20.json"
"/home/thomasverwaal/Robust-Rail-NL/mathematical-models/scenarios_solver_types_120/scenario_solver_32_trains_1_units20.json","Cost of next node: Cost = 290.0 : 361.28 | cr=8, dd=0, da=0, tlv=14, sm=64, rd=82.50, cd=0, um=0","Time elapsed: 23.02 seconds","/home/thomasverwaal/Robust-Rail-NL/mathematical-models/local_search_plans_discreet_120/plan_32_trains_1_units20.json"
"/home/thomasverwaal/Robust-Rail-NL/mathematical-models/scenarios_solver_types_120/scenario_solver_32_trains_1_units20.json","Cost of next node: Cost = 280.0 : 351.28 | cr=7, dd=0, da=0, tlv=14, sm=64, rd=84.38, cd=0, um=0","Time elapsed: 25.91 seconds","/home/thomasverwaal/Robust-Rail-NL/mathematical-models/local_search_plans_discreet_120/plan_32_trains_1_units20.json"
"/home/thomasverwaal/Robust-Rail-NL/mathematical-models/scenarios_solver_types_120/scenario_solver_32_trains_1_units20.json","Cost of next node: Cost = 270.0 : 341.28 | cr=6, dd=0, da=0, tlv=14, sm=64, rd=84.38, cd=0, um=0","Time elapsed: 28.24 seconds","/home/thomasverwaal/Robust-Rail-NL/mathematical-models/local_search_plans_discreet_120/plan_32_trains_1_units20.json"
"/home/thomasverwaal/Robust-Rail-NL/mathematical-models/scenarios_solver_types_120/scenario_solver_32_trains_1_units20.json","Cost of next node: Cost = 260.0 : 331.28 | cr=5, dd=0, da=0, tlv=14, sm=64, rd=84.38, cd=0, um=0","Time elapsed: 40.29 seconds","/home/thomasverwaal/Robust-Rail-NL/mathematical-models/local_search_plans_discreet_120/plan_32_trains_1_units20.json"
"/home/thomasverwaal/Robust-Rail-NL/mathematical-models/scenarios_solver_types_120/scenario_solver_32_trains_1_units20.json","Cost of next node: Cost = 250.0 : 321.30 | cr=4, dd=0, da=0, tlv=14, sm=65, rd=84.92, cd=0, um=0","Time elapsed: 44.55 seconds","/home/thomasverwaal/Robust-Rail-NL/mathematical-models/local_search_plans_discreet_120/plan_32_trains_1_units20.json"
"/home/thomasverwaal/Robust-Rail-NL/mathematical-models/scenarios_solver_types_120/scenario_solver_32_trains_1_units20.json","Cost of next node: Cost = 245.0 : 311.30 | cr=5, dd=0, da=0, tlv=13, sm=65, rd=84.92, cd=0, um=0","Time elapsed: 93.68 seconds","/home/thomasverwaal/Robust-Rail-NL/mathematical-models/local_search_plans_discreet_120/plan_32_trains_1_units20.json"
"/home/thomasverwaal/Robust-Rail-NL/mathematical-models/scenarios_solver_types_120/scenario_solver_32_trains_1_units20.json","Cost of next node: Cost = 235.0 : 301.30 | cr=4, dd=0, da=0, tlv=13, sm=65, rd=84.92, cd=0, um=0","Time elapsed: 179.92 seconds","/home/thomasverwaal/Robust-Rail-NL/mathematical-models/local_search_plans_discreet_120/plan_32_trains_1_units20.json"
"/home/thomasverwaal/Robust-Rail-NL/mathematical-models/scenarios_solver_types_120/scenario_solver_32_trains_1_units20.json","Cost of next node: Cost = 225.0 : 291.32 | cr=3, dd=0, da=0, tlv=13, sm=66, rd=85.45, cd=0, um=0","Time elapsed: 275.25 seconds","/home/thomasverwaal/Robust-Rail-NL/mathematical-models/local_search_plans_discreet_120/plan_32_trains_1_units20.json"
"/home/thomasverwaal/Robust-Rail-NL/mathematical-models/scenarios_solver_types_120/scenario_solver_32_trains_1_units20.json","NO_COST_FOUND","NO_TIME_FOUND","NO_PLAN_CREATED"
"/home/thomasverwaal/Robust-Rail-NL/mathematical-models/scenarios_solver_types_120/scenario_solver_32_trains_1_units21.json","Cost of next node: Cost = 2,742.8 : 2,744.09 | cr=41, dd=32, da=30, tlv=0, sm=64, rd=180.00, cd=0, um=0","Time elapsed: 5.29 seconds","/home/thomasverwaal/Robust-Rail-NL/mathematical-models/local_search_plans_discreet_120/plan_32_trains_1_units21.json"
"/home/thomasverwaal/Robust-Rail-NL/mathematical-models/scenarios_solver_types_120/scenario_solver_32_trains_1_units21.json","Cost of next node: Cost = 2,715.4 : 2,716.73 | cr=39, dd=32, da=30, tlv=0, sm=64, rd=178.12, cd=0, um=0","Time elapsed: 5.45 seconds","/home/thomasverwaal/Robust-Rail-NL/mathematical-models/local_search_plans_discreet_120/plan_32_trains_1_units21.json"
"/home/thomasverwaal/Robust-Rail-NL/mathematical-models/scenarios_solver_types_120/scenario_solver_32_trains_1_units21.json","Cost of next node: Cost = 2,695.0 : 2,696.27 | cr=37, dd=32, da=30, tlv=0, sm=64, rd=178.12, cd=0, um=0","Time elapsed: 5.74 seconds","/home/thomasverwaal/Robust-Rail-NL/mathematical-models/local_search_plans_discreet_120/plan_32_trains_1_units21.json"
"/home/thomasverwaal/Robust-Rail-NL/mathematical-models/scenarios_solver_types_120/scenario_solver_32_trains_1_units21.json","Cost of next node: Cost = 2,674.3 : 2,675.55 | cr=35, dd=32, da=30, tlv=0, sm=64, rd=178.12, cd=0, um=0","Time elapsed: 6.06 seconds","/home/thomasverwaal/Robust-Rail-NL/mathematical-models/local_search_plans_discreet_120/plan_32_trains_1_units21.json"
"/home/thomasverwaal/Robust-Rail-NL/mathematical-models/scenarios_solver_types_120/scenario_solver_32_trains_1_units21.json","Cost of next node: Cost = 2,620.2 : 2,626.44 | cr=36, dd=32, da=27, tlv=1, sm=64, rd=175.31, cd=0, um=0","Time elapsed: 6.37 seconds","/home/thomasverwaal/Robust-Rail-NL/mathematical-models/local_search_plans_discreet_120/plan_32_trains_1_units21.json"
"/home/thomasverwaal/Robust-Rail-NL/mathematical-models/scenarios_solver_types_120/scenario_solver_32_trains_1_units21.json","Cost of next node: Cost = 2,550.3 : 2,556.59 | cr=42, dd=32, da=20, tlv=1, sm=64, rd=176.25, cd=0, um=0","Time elapsed: 6.65 seconds","/home/thomasverwaal/Robust-Rail-NL/mathematical-models/local_search_plans_discreet_120/plan_32_trains_1_units21.json"
"/home/thomasverwaal/Robust-Rail-NL/mathematical-models/scenarios_solver_types_120/scenario_solver_32_trains_1_units21.json","Cost of next node: Cost = 2,528.5 : 2,534.77 | cr=40, dd=32, da=20, tlv=1, sm=64, rd=176.25, cd=0, um=0","Time elapsed: 6.72 seconds","/home/thomasverwaal/Robust-Rail-NL/mathematical-models/local_search_plans_discreet_120/plan_32_trains_1_units21.json"
"/home/thomasverwaal/Robust-Rail-NL/mathematical-models/scenarios_solver_types_120/scenario_solver_32_trains_1_units21.json","Cost of next node: Cost = 2,502.3 : 2,508.60 | cr=40, dd=32, da=19, tlv=1, sm=64, rd=172.50, cd=0, um=0","Time elapsed: 6.98 seconds","/home/thomasverwaal/Robust-Rail-NL/mathematical-models/local_search_plans_discreet_120/plan_32_trains_1_units21.json"
"/home/thomasverwaal/Robust-Rail-NL/mathematical-models/scenarios_solver_types_120/scenario_solver_32_trains_1_units21.json","Cost of next node: Cost = 2,402.8 : 2,414.08 | cr=36, dd=32, da=15, tlv=2, sm=64, rd=169.69, cd=0, um=0","Time elapsed: 7.20 seconds","/home/thomasverwaal/Robust-Rail-NL/mathematical-models/local_search_plans_discreet_120/plan_32_trains_1_units21.json"
"/home/thomasverwaal/Robust-Rail-NL/mathematical-models/scenarios_solver_types_120/scenario_solver_32_trains_1_units21.json","Cost of next node: Cost = 2,382.5 : 2,393.81 | cr=34, dd=32, da=15, tlv=2, sm=64, rd=169.69, cd=0, um=0","Time elapsed: 7.25 seconds","/home/thomasverwaal/Robust-Rail-NL/mathematical-models/local_search_plans_discreet_120/plan_32_trains_1_units21.json"
"/home/thomasverwaal/Robust-Rail-NL/mathematical-models/scenarios_solver_types_120/scenario_solver_32_trains_1_units21.json","Cost of next node: Cost = 2,349.0 : 2,360.24 | cr=33, dd=32, da=14, tlv=2, sm=64, rd=165.94, cd=0, um=0","Time elapsed: 7.59 seconds","/home/thomasverwaal/Robust-Rail-NL/mathematical-models/local_search_plans_discreet_120/plan_32_trains_1_units21.json"
"/home/thomasverwaal/Robust-Rail-NL/mathematical-models/scenarios_solver_types_120/scenario_solver_32_trains_1_units21.json","Cost of next node: Cost = 2,328.5 : 2,339.73 | cr=32, dd=32, da=14, tlv=2, sm=64, rd=164.06, cd=0, um=0","Time elapsed: 8.04 seconds","/home/thomasverwaal/Robust-Rail-NL/mathematical-models/local_search_plans_discreet_120/plan_32_trains_1_units21.json"
"/home/thomasverwaal/Robust-Rail-NL/mathematical-models/scenarios_solver_types_120/scenario_solver_32_trains_1_units21.json","Cost of next node: Cost = 2,306.0 : 2,317.25 | cr=32, dd=32, da=13, tlv=2, sm=64, rd=160.31, cd=0, um=0","Time elapsed: 8.60 seconds","/home/thomasverwaal/Robust-Rail-NL/mathematical-models/local_search_plans_discreet_120/plan_32_trains_1_units21.json"
"/home/thomasverwaal/Robust-Rail-NL/mathematical-models/scenarios_solver_types_120/scenario_solver_32_trains_1_units21.json","Cost of next node: Cost = 2,281.0 : 2,297.25 | cr=28, dd=32, da=13, tlv=3, sm=64, rd=160.31, cd=0, um=0","Time elapsed: 8.93 seconds","/home/thomasverwaal/Robust-Rail-NL/mathematical-models/local_search_plans_discreet_120/plan_32_trains_1_units21.json"
"/home/thomasverwaal/Robust-Rail-NL/mathematical-models/scenarios_solver_types_120/scenario_solver_32_trains_1_units21.json","Cost of next node: Cost = 2,253.6 : 2,274.88 | cr=24, dd=32, da=13, tlv=4, sm=64, rd=159.38, cd=0, um=0","Time elapsed: 9.58 seconds","/home/thomasverwaal/Robust-Rail-NL/mathematical-models/local_search_plans_discreet_120/plan_32_trains_1_units21.json"
"/home/thomasverwaal/Robust-Rail-NL/mathematical-models/scenarios_solver_types_120/scenario_solver_32_trains_1_units21.json","Cost of next node: Cost = 2,229.2 : 2,255.49 | cr=22, dd=32, da=13, tlv=5, sm=64, rd=150.00, cd=0, um=0","Time elapsed: 10.53 seconds","/home/thomasverwaal/Robust-Rail-NL/mathematical-models/local_search_plans_discreet_120/plan_32_trains_1_units21.json"
"/home/thomasverwaal/Robust-Rail-NL/mathematical-models/scenarios_solver_types_120/scenario_solver_32_trains_1_units21.json","Cost of next node: Cost = 2,199.7 : 2,225.97 | cr=19, dd=32, da=13, tlv=5, sm=64, rd=157.50, cd=0, um=0","Time elapsed: 11.38 seconds","/home/thomasverwaal/Robust-Rail-NL/mathematical-models/local_search_plans_discreet_120/plan_32_trains_1_units21.json"
"/home/thomasverwaal/Robust-Rail-NL/mathematical-models/scenarios_solver_types_120/scenario_solver_32_trains_1_units21.json","Cost of next node: Cost = 2,179.4 : 2,210.71 | cr=19, dd=32, da=12, tlv=6, sm=64, rd=156.56, cd=0, um=0","Time elapsed: 11.62 seconds","/home/thomasverwaal/Robust-Rail-NL/mathematical-models/local_search_plans_discreet_120/plan_32_trains_1_units21.json"
"/home/thomasverwaal/Robust-Rail-NL/mathematical-models/scenarios_solver_types_120/scenario_solver_32_trains_1_units21.json","Cost of next node: Cost = 2,148.2 : 2,184.44 | cr=18, dd=32, da=11, tlv=7, sm=64, rd=155.62, cd=0, um=0","Time elapsed: 11.97 seconds","/home/thomasverwaal/Robust-Rail-NL/mathematical-models/local_search_plans_discreet_120/plan_32_trains_1_units21.json"
"/home/thomasverwaal/Robust-Rail-NL/mathematical-models/scenarios_solver_types_120/scenario_solver_32_trains_1_units21.json","Cost of next node: Cost = 2,095.8 : 2,132.08 | cr=20, dd=31, da=11, tlv=7, sm=64, rd=129.38, cd=0, um=0","Time elapsed: 12.13 seconds","/home/thomasverwaal/Robust-Rail-NL/mathematical-models/local_search_plans_discreet_120/plan_32_trains_1_units21.json"
"/home/thomasverwaal/Robust-Rail-NL/mathematical-models/scenarios_solver_types_120/scenario_solver_32_trains_1_units21.json","Cost of next node: Cost = 2,044.6 : 2,080.92 | cr=20, dd=30, da=11, tlv=7, sm=64, rd=129.38, cd=0, um=0","Time elapsed: 12.29 seconds","/home/thomasverwaal/Robust-Rail-NL/mathematical-models/local_search_plans_discreet_120/plan_32_trains_1_units21.json"
"/home/thomasverwaal/Robust-Rail-NL/mathematical-models/scenarios_solver_types_120/scenario_solver_32_trains_1_units21.json","Cost of next node: Cost = 1,992.8 : 2,029.08 | cr=20, dd=29, da=11, tlv=7, sm=64, rd=129.38, cd=0, um=0","Time elapsed: 12.48 seconds","/home/thomasverwaal/Robust-Rail-NL/mathematical-models/local_search_plans_discreet_120/plan_32_trains_1_units21.json"
"/home/thomasverwaal/Robust-Rail-NL/mathematical-models/scenarios_solver_types_120/scenario_solver_32_trains_1_units21.json","Cost of next node: Cost = 1,795.7 : 1,837.02 | cr=17, dd=25, da=12, tlv=8, sm=64, rd=125.62, cd=0, um=0","Time elapsed: 12.65 seconds","/home/thomasverwaal/Robust-Rail-NL/mathematical-models/local_search_plans_discreet_120/plan_32_trains_1_units21.json"
"/home/thomasverwaal/Robust-Rail-NL/mathematical-models/scenarios_solver_types_120/scenario_solver_32_trains_1_units21.json","Cost of next node: Cost = 1,745.3 : 1,786.57 | cr=17, dd=24, da=12, tlv=8, sm=64, rd=125.62, cd=0, um=0","Time elapsed: 12.77 seconds","/home/thomasverwaal/Robust-Rail-NL/mathematical-models/local_search_plans_discreet_120/plan_32_trains_1_units21.json"
"/home/thomasverwaal/Robust-Rail-NL/mathematical-models/scenarios_solver_types_120/scenario_solver_32_trains_1_units21.json","Cost of next node: Cost = 1,695.3 : 1,736.58 | cr=17, dd=23, da=12, tlv=8, sm=64, rd=125.62, cd=0, um=0","Time elapsed: 12.92 seconds","/home/thomasverwaal/Robust-Rail-NL/mathematical-models/local_search_plans_discreet_120/plan_32_trains_1_units21.json"
"/home/thomasverwaal/Robust-Rail-NL/mathematical-models/scenarios_solver_types_120/scenario_solver_32_trains_1_units21.json","Cost of next node: Cost = 1,655.4 : 1,696.72 | cr=18, dd=22, da=12, tlv=8, sm=64, rd=125.62, cd=0, um=0","Time elapsed: 13.04 seconds","/home/thomasverwaal/Robust-Rail-NL/mathematical-models/local_search_plans_discreet_120/plan_32_trains_1_units21.json"
"/home/thomasverwaal/Robust-Rail-NL/mathematical-models/scenarios_solver_types_120/scenario_solver_32_trains_1_units21.json","Cost of next node: Cost = 1,495.8 : 1,537.08 | cr=17, dd=19, da=12, tlv=8, sm=64, rd=125.62, cd=0, um=0","Time elapsed: 13.24 seconds","/home/thomasverwaal/Robust-Rail-NL/mathematical-models/local_search_plans_discreet_120/plan_32_trains_1_units21.json"
"/home/thomasverwaal/Robust-Rail-NL/mathematical-models/scenarios_solver_types_120/scenario_solver_32_trains_1_units21.json","Cost of next node: Cost = 1,440.5 : 1,486.75 | cr=17, dd=18, da=11, tlv=9, sm=64, rd=121.88, cd=0, um=0","Time elapsed: 13.63 seconds","/home/thomasverwaal/Robust-Rail-NL/mathematical-models/local_search_plans_discreet_120/plan_32_trains_1_units21.json"
"/home/thomasverwaal/Robust-Rail-NL/mathematical-models/scenarios_solver_types_120/scenario_solver_32_trains_1_units21.json","Cost of next node: Cost = 1,391.0 : 1,437.28 | cr=17, dd=17, da=11, tlv=9, sm=64, rd=121.88, cd=0, um=0","Time elapsed: 13.78 seconds","/home/thomasverwaal/Robust-Rail-NL/mathematical-models/local_search_plans_discreet_120/plan_32_trains_1_units21.json"
"/home/thomasverwaal/Robust-Rail-NL/mathematical-models/scenarios_solver_types_120/scenario_solver_32_trains_1_units21.json","Cost of next node: Cost = 1,341.6 : 1,387.87 | cr=17, dd=16, da=11, tlv=9, sm=64, rd=121.88, cd=0, um=0","Time elapsed: 13.86 seconds","/home/thomasverwaal/Robust-Rail-NL/mathematical-models/local_search_plans_discreet_120/plan_32_trains_1_units21.json"
"/home/thomasverwaal/Robust-Rail-NL/mathematical-models/scenarios_solver_types_120/scenario_solver_32_trains_1_units21.json","Cost of next node: Cost = 1,306.2 : 1,357.47 | cr=18, dd=16, da=8, tlv=10, sm=64, rd=118.12, cd=0, um=0","Time elapsed: 14.06 seconds","/home/thomasverwaal/Robust-Rail-NL/mathematical-models/local_search_plans_discreet_120/plan_32_trains_1_units21.json"
"/home/thomasverwaal/Robust-Rail-NL/mathematical-models/scenarios_solver_types_120/scenario_solver_32_trains_1_units21.json","Cost of next node: Cost = 1,280.9 : 1,337.19 | cr=19, dd=15, da=8, tlv=11, sm=64, rd=112.50, cd=0, um=0","Time elapsed: 14.47 seconds","/home/thomasverwaal/Robust-Rail-NL/mathematical-models/local_search_plans_discreet_120/plan_32_trains_1_units21.json"
"/home/thomasverwaal/Robust-Rail-NL/mathematical-models/scenarios_solver_types_120/scenario_solver_32_trains_1_units21.json","Cost of next node: Cost = 1,116.9 : 1,178.16 | cr=19, dd=13, da=4, tlv=12, sm=64, rd=106.88, cd=0, um=0","Time elapsed: 14.79 seconds","/home/thomasverwaal/Robust-Rail-NL/mathematical-models/local_search_plans_discreet_120/plan_32_trains_1_units21.json"
"/home/thomasverwaal/Robust-Rail-NL/mathematical-models/scenarios_solver_types_120/scenario_solver_32_trains_1_units21.json","Cost of next node: Cost = 1,062.9 : 1,129.21 | cr=19, dd=12, da=3, tlv=13, sm=64, rd=103.12, cd=0, um=0","Time elapsed: 15.23 seconds","/home/thomasverwaal/Robust-Rail-NL/mathematical-models/local_search_plans_discreet_120/plan_32_trains_1_units21.json"
"/home/thomasverwaal/Robust-Rail-NL/mathematical-models/scenarios_solver_types_120/scenario_solver_32_trains_1_units21.json","Cost of next node: Cost = 1,037.9 : 1,099.21 | cr=18, dd=12, da=3, tlv=12, sm=64, rd=105.00, cd=0, um=0","Time elapsed: 15.57 seconds","/home/thomasverwaal/Robust-Rail-NL/mathematical-models/local_search_plans_discreet_120/plan_32_trains_1_units21.json"
"/home/thomasverwaal/Robust-Rail-NL/mathematical-models/scenarios_solver_types_120/scenario_solver_32_trains_1_units21.json","Cost of next node: Cost = 991.4 : 1,057.68 | cr=19, dd=11, da=2, tlv=13, sm=64, rd=101.25, cd=0, um=0","Time elapsed: 15.91 seconds","/home/thomasverwaal/Robust-Rail-NL/mathematical-models/local_search_plans_discreet_120/plan_32_trains_1_units21.json"
"/home/thomasverwaal/Robust-Rail-NL/mathematical-models/scenarios_solver_types_120/scenario_solver_32_trains_1_units21.json","Cost of next node: Cost = 966.4 : 1,027.68 | cr=18, dd=11, da=2, tlv=12, sm=64, rd=101.25, cd=0, um=0","Time elapsed: 16.27 seconds","/home/thomasverwaal/Robust-Rail-NL/mathematical-models/local_search_plans_discreet_120/plan_32_trains_1_units21.json"
"/home/thomasverwaal/Robust-Rail-NL/mathematical-models/scenarios_solver_types_120/scenario_solver_32_trains_1_units21.json","Cost of next node: Cost = 868.5 : 934.78 | cr=19, dd=9, da=1, tlv=13, sm=64, rd=100.31, cd=0, um=0","Time elapsed: 16.66 seconds","/home/thomasverwaal/Robust-Rail-NL/mathematical-models/local_search_plans_discreet_120/plan_32_trains_1_units21.json"
"/home/thomasverwaal/Robust-Rail-NL/mathematical-models/scenarios_solver_types_120/scenario_solver_32_trains_1_units21.json","Cost of next node: Cost = 838.5 : 904.78 | cr=16, dd=9, da=1, tlv=13, sm=64, rd=100.31, cd=0, um=0","Time elapsed: 16.80 seconds","/home/thomasverwaal/Robust-Rail-NL/mathematical-models/local_search_plans_discreet_120/plan_32_trains_1_units21.json"
"/home/thomasverwaal/Robust-Rail-NL/mathematical-models/scenarios_solver_types_120/scenario_solver_32_trains_1_units21.json","Cost of next node: Cost = 725.6 : 791.93 | cr=15, dd=7, da=1, tlv=13, sm=64, rd=95.62, cd=0, um=0","Time elapsed: 17.16 seconds","/home/thomasverwaal/Robust-Rail-NL/mathematical-models/local_search_plans_discreet_120/plan_32_trains_1_units21.json"
"/home/thomasverwaal/Robust-Rail-NL/mathematical-models/scenarios_solver_types_120/scenario_solver_32_trains_1_units21.json","Cost of next node: Cost = 573.6 : 644.93 | cr=18, dd=3, da=1, tlv=14, sm=64, rd=90.94, cd=0, um=0","Time elapsed: 17.69 seconds","/home/thomasverwaal/Robust-Rail-NL/mathematical-models/local_search_plans_discreet_120/plan_32_trains_1_units21.json"
"/home/thomasverwaal/Robust-Rail-NL/mathematical-models/scenarios_solver_types_120/scenario_solver_32_trains_1_units21.json","Cost of next node: Cost = 543.6 : 614.93 | cr=15, dd=3, da=1, tlv=14, sm=64, rd=90.94, cd=0, um=0","Time elapsed: 17.85 seconds","/home/thomasverwaal/Robust-Rail-NL/mathematical-models/local_search_plans_discreet_120/plan_32_trains_1_units21.json"
"/home/thomasverwaal/Robust-Rail-NL/mathematical-models/scenarios_solver_types_120/scenario_solver_32_trains_1_units21.json","Cost of next node: Cost = 494.7 : 566.01 | cr=14, dd=0, da=7, tlv=14, sm=64, rd=90.94, cd=0, um=0","Time elapsed: 18.07 seconds","/home/thomasverwaal/Robust-Rail-NL/mathematical-models/local_search_plans_discreet_120/plan_32_trains_1_units21.json"
"/home/thomasverwaal/Robust-Rail-NL/mathematical-models/scenarios_solver_types_120/scenario_solver_32_trains_1_units21.json","Cost of next node: Cost = 469.7 : 536.01 | cr=13, dd=0, da=7, tlv=13, sm=64, rd=90.94, cd=0, um=0","Time elapsed: 18.58 seconds","/home/thomasverwaal/Robust-Rail-NL/mathematical-models/local_search_plans_discreet_120/plan_32_trains_1_units21.json"
"/home/thomasverwaal/Robust-Rail-NL/mathematical-models/scenarios_solver_types_120/scenario_solver_32_trains_1_units21.json","Cost of next node: Cost = 440.4 : 506.68 | cr=14, dd=0, da=5, tlv=13, sm=64, rd=89.06, cd=0, um=0","Time elapsed: 18.76 seconds","/home/thomasverwaal/Robust-Rail-NL/mathematical-models/local_search_plans_discreet_120/plan_32_trains_1_units21.json"
"/home/thomasverwaal/Robust-Rail-NL/mathematical-models/scenarios_solver_types_120/scenario_solver_32_trains_1_units21.json","Cost of next node: Cost = 420.4 : 486.68 | cr=12, dd=0, da=5, tlv=13, sm=64, rd=89.06, cd=0, um=0","Time elapsed: 22.82 seconds","/home/thomasverwaal/Robust-Rail-NL/mathematical-models/local_search_plans_discreet_120/plan_32_trains_1_units21.json"
"/home/thomasverwaal/Robust-Rail-NL/mathematical-models/scenarios_solver_types_120/scenario_solver_32_trains_1_units21.json","Cost of next node: Cost = 406.1 : 477.40 | cr=11, dd=0, da=4, tlv=14, sm=64, rd=85.31, cd=0, um=0","Time elapsed: 25.93 seconds","/home/thomasverwaal/Robust-Rail-NL/mathematical-models/local_search_plans_discreet_120/plan_32_trains_1_units21.json"
"/home/thomasverwaal/Robust-Rail-NL/mathematical-models/scenarios_solver_types_120/scenario_solver_32_trains_1_units21.json","Cost of next node: Cost = 396.1 : 467.40 | cr=10, dd=0, da=4, tlv=14, sm=64, rd=85.31, cd=0, um=0","Time elapsed: 29.74 seconds","/home/thomasverwaal/Robust-Rail-NL/mathematical-models/local_search_plans_discreet_120/plan_32_trains_1_units21.json"
"/home/thomasverwaal/Robust-Rail-NL/mathematical-models/scenarios_solver_types_120/scenario_solver_32_trains_1_units21.json","Cost of next node: Cost = 386.1 : 457.40 | cr=9, dd=0, da=4, tlv=14, sm=64, rd=85.31, cd=0, um=0","Time elapsed: 33.34 seconds","/home/thomasverwaal/Robust-Rail-NL/mathematical-models/local_search_plans_discreet_120/plan_32_trains_1_units21.json"
"/home/thomasverwaal/Robust-Rail-NL/mathematical-models/scenarios_solver_types_120/scenario_solver_32_trains_1_units21.json","Cost of next node: Cost = 376.1 : 447.40 | cr=8, dd=0, da=4, tlv=14, sm=64, rd=85.31, cd=0, um=0","Time elapsed: 36.87 seconds","/home/thomasverwaal/Robust-Rail-NL/mathematical-models/local_search_plans_discreet_120/plan_32_trains_1_units21.json"
"/home/thomasverwaal/Robust-Rail-NL/mathematical-models/scenarios_solver_types_120/scenario_solver_32_trains_1_units21.json","Cost of next node: Cost = 366.1 : 437.40 | cr=7, dd=0, da=4, tlv=14, sm=64, rd=83.44, cd=0, um=0","Time elapsed: 39.97 seconds","/home/thomasverwaal/Robust-Rail-NL/mathematical-models/local_search_plans_discreet_120/plan_32_trains_1_units21.json"
"/home/thomasverwaal/Robust-Rail-NL/mathematical-models/scenarios_solver_types_120/scenario_solver_32_trains_1_units21.json","Cost of next node: Cost = 280.0 : 351.28 | cr=7, dd=0, da=0, tlv=14, sm=64, rd=78.75, cd=0, um=0","Time elapsed: 40.12 seconds","/home/thomasverwaal/Robust-Rail-NL/mathematical-models/local_search_plans_discreet_120/plan_32_trains_1_units21.json"
"/home/thomasverwaal/Robust-Rail-NL/mathematical-models/scenarios_solver_types_120/scenario_solver_32_trains_1_units21.json","Cost of next node: Cost = 270.0 : 341.32 | cr=6, dd=0, da=0, tlv=14, sm=66, rd=80.00, cd=0, um=0","Time elapsed: 42.90 seconds","/home/thomasverwaal/Robust-Rail-NL/mathematical-models/local_search_plans_discreet_120/plan_32_trains_1_units21.json"
"/home/thomasverwaal/Robust-Rail-NL/mathematical-models/scenarios_solver_types_120/scenario_solver_32_trains_1_units21.json","Cost of next node: Cost = 255.0 : 321.32 | cr=6, dd=0, da=0, tlv=13, sm=66, rd=81.82, cd=0, um=0","Time elapsed: 45.43 seconds","/home/thomasverwaal/Robust-Rail-NL/mathematical-models/local_search_plans_discreet_120/plan_32_trains_1_units21.json"
"/home/thomasverwaal/Robust-Rail-NL/mathematical-models/scenarios_solver_types_120/scenario_solver_32_trains_1_units21.json","Cost of next node: Cost = 245.0 : 311.32 | cr=5, dd=0, da=0, tlv=13, sm=66, rd=81.82, cd=0, um=0","Time elapsed: 48.24 seconds","/home/thomasverwaal/Robust-Rail-NL/mathematical-models/local_search_plans_discreet_120/plan_32_trains_1_units21.json"
"/home/thomasverwaal/Robust-Rail-NL/mathematical-models/scenarios_solver_types_120/scenario_solver_32_trains_1_units21.json","Cost of next node: Cost = 230.0 : 291.34 | cr=5, dd=0, da=0, tlv=12, sm=67, rd=87.76, cd=0, um=0","Time elapsed: 76.34 seconds","/home/thomasverwaal/Robust-Rail-NL/mathematical-models/local_search_plans_discreet_120/plan_32_trains_1_units21.json"
"/home/thomasverwaal/Robust-Rail-NL/mathematical-models/scenarios_solver_types_120/scenario_solver_32_trains_1_units21.json","Cost of next node: Cost = 220.0 : 281.34 | cr=4, dd=0, da=0, tlv=12, sm=67, rd=87.76, cd=0, um=0","Time elapsed: 78.14 seconds","/home/thomasverwaal/Robust-Rail-NL/mathematical-models/local_search_plans_discreet_120/plan_32_trains_1_units21.json"
"/home/thomasverwaal/Robust-Rail-NL/mathematical-models/scenarios_solver_types_120/scenario_solver_32_trains_1_units21.json","Cost of next node: Cost = 210.0 : 271.34 | cr=3, dd=0, da=0, tlv=12, sm=67, rd=87.76, cd=0, um=0","Time elapsed: 83.37 seconds","/home/thomasverwaal/Robust-Rail-NL/mathematical-models/local_search_plans_discreet_120/plan_32_trains_1_units21.json"
"/home/thomasverwaal/Robust-Rail-NL/mathematical-models/scenarios_solver_types_120/scenario_solver_32_trains_1_units21.json","Cost of next node: Cost = 200.0 : 261.34 | cr=2, dd=0, da=0, tlv=12, sm=67, rd=85.97, cd=0, um=0","Time elapsed: 97.36 seconds","/home/thomasverwaal/Robust-Rail-NL/mathematical-models/local_search_plans_discreet_120/plan_32_trains_1_units21.json"
"/home/thomasverwaal/Robust-Rail-NL/mathematical-models/scenarios_solver_types_120/scenario_solver_32_trains_1_units21.json","Cost of next node: Cost = 190.0 : 251.34 | cr=1, dd=0, da=0, tlv=12, sm=67, rd=85.97, cd=0, um=0","Time elapsed: 187.01 seconds","/home/thomasverwaal/Robust-Rail-NL/mathematical-models/local_search_plans_discreet_120/plan_32_trains_1_units21.json"
"/home/thomasverwaal/Robust-Rail-NL/mathematical-models/scenarios_solver_types_120/scenario_solver_32_trains_1_units21.json","NO_COST_FOUND","NO_TIME_FOUND","NO_PLAN_CREATED"
"/home/thomasverwaal/Robust-Rail-NL/mathematical-models/scenarios_solver_types_120/scenario_solver_32_trains_1_units22.json","Cost of next node: Cost = 2,746.0 : 2,747.28 | cr=41, dd=32, da=30, tlv=0, sm=64, rd=180.00, cd=0, um=0","Time elapsed: 4.39 seconds","/home/thomasverwaal/Robust-Rail-NL/mathematical-models/local_search_plans_discreet_120/plan_32_trains_1_units22.json"
"/home/thomasverwaal/Robust-Rail-NL/mathematical-models/scenarios_solver_types_120/scenario_solver_32_trains_1_units22.json","Cost of next node: Cost = 2,718.6 : 2,719.91 | cr=39, dd=32, da=30, tlv=0, sm=64, rd=178.12, cd=0, um=0","Time elapsed: 4.53 seconds","/home/thomasverwaal/Robust-Rail-NL/mathematical-models/local_search_plans_discreet_120/plan_32_trains_1_units22.json"
"/home/thomasverwaal/Robust-Rail-NL/mathematical-models/scenarios_solver_types_120/scenario_solver_32_trains_1_units22.json","Cost of next node: Cost = 2,698.2 : 2,699.46 | cr=37, dd=32, da=30, tlv=0, sm=64, rd=178.12, cd=0, um=0","Time elapsed: 4.80 seconds","/home/thomasverwaal/Robust-Rail-NL/mathematical-models/local_search_plans_discreet_120/plan_32_trains_1_units22.json"
"/home/thomasverwaal/Robust-Rail-NL/mathematical-models/scenarios_solver_types_120/scenario_solver_32_trains_1_units22.json","Cost of next node: Cost = 2,677.5 : 2,678.73 | cr=35, dd=32, da=30, tlv=0, sm=64, rd=178.12, cd=0, um=0","Time elapsed: 5.09 seconds","/home/thomasverwaal/Robust-Rail-NL/mathematical-models/local_search_plans_discreet_120/plan_32_trains_1_units22.json"
"/home/thomasverwaal/Robust-Rail-NL/mathematical-models/scenarios_solver_types_120/scenario_solver_32_trains_1_units22.json","Cost of next node: Cost = 2,644.1 : 2,645.39 | cr=35, dd=32, da=29, tlv=0, sm=64, rd=173.44, cd=0, um=0","Time elapsed: 5.44 seconds","/home/thomasverwaal/Robust-Rail-NL/mathematical-models/local_search_plans_discreet_120/plan_32_trains_1_units22.json"
"/home/thomasverwaal/Robust-Rail-NL/mathematical-models/scenarios_solver_types_120/scenario_solver_32_trains_1_units22.json","Cost of next node: Cost = 2,612.3 : 2,613.56 | cr=32, dd=32, da=29, tlv=0, sm=64, rd=174.38, cd=0, um=0","Time elapsed: 5.73 seconds","/home/thomasverwaal/Robust-Rail-NL/mathematical-models/local_search_plans_discreet_120/plan_32_trains_1_units22.json"
"/home/thomasverwaal/Robust-Rail-NL/mathematical-models/scenarios_solver_types_120/scenario_solver_32_trains_1_units22.json","Cost of next node: Cost = 2,563.1 : 2,564.35 | cr=32, dd=32, da=27, tlv=0, sm=64, rd=170.62, cd=0, um=0","Time elapsed: 6.02 seconds","/home/thomasverwaal/Robust-Rail-NL/mathematical-models/local_search_plans_discreet_120/plan_32_trains_1_units22.json"
"/home/thomasverwaal/Robust-Rail-NL/mathematical-models/scenarios_solver_types_120/scenario_solver_32_trains_1_units22.json","Cost of next node: Cost = 2,529.9 : 2,536.14 | cr=27, dd=32, da=27, tlv=1, sm=64, rd=169.69, cd=0, um=0","Time elapsed: 6.33 seconds","/home/thomasverwaal/Robust-Rail-NL/mathematical-models/local_search_plans_discreet_120/plan_32_trains_1_units22.json"
"/home/thomasverwaal/Robust-Rail-NL/mathematical-models/scenarios_solver_types_120/scenario_solver_32_trains_1_units22.json","Cost of next node: Cost = 2,429.0 : 2,440.25 | cr=28, dd=32, da=21, tlv=2, sm=64, rd=165.00, cd=0, um=0","Time elapsed: 6.64 seconds","/home/thomasverwaal/Robust-Rail-NL/mathematical-models/local_search_plans_discreet_120/plan_32_trains_1_units22.json"
"/home/thomasverwaal/Robust-Rail-NL/mathematical-models/scenarios_solver_types_120/scenario_solver_32_trains_1_units22.json","Cost of next node: Cost = 2,382.8 : 2,399.10 | cr=28, dd=32, da=18, tlv=3, sm=64, rd=161.25, cd=0, um=0","Time elapsed: 6.93 seconds","/home/thomasverwaal/Robust-Rail-NL/mathematical-models/local_search_plans_discreet_120/plan_32_trains_1_units22.json"
"/home/thomasverwaal/Robust-Rail-NL/mathematical-models/scenarios_solver_types_120/scenario_solver_32_trains_1_units22.json","Cost of next node: Cost = 2,361.9 : 2,383.19 | cr=32, dd=32, da=14, tlv=4, sm=64, rd=162.19, cd=0, um=0","Time elapsed: 7.23 seconds","/home/thomasverwaal/Robust-Rail-NL/mathematical-models/local_search_plans_discreet_120/plan_32_trains_1_units22.json"
"/home/thomasverwaal/Robust-Rail-NL/mathematical-models/scenarios_solver_types_120/scenario_solver_32_trains_1_units22.json","Cost of next node: Cost = 2,340.7 : 2,361.97 | cr=32, dd=32, da=13, tlv=4, sm=64, rd=160.31, cd=0, um=0","Time elapsed: 7.49 seconds","/home/thomasverwaal/Robust-Rail-NL/mathematical-models/local_search_plans_discreet_120/plan_32_trains_1_units22.json"
"/home/thomasverwaal/Robust-Rail-NL/mathematical-models/scenarios_solver_types_120/scenario_solver_32_trains_1_units22.json","Cost of next node: Cost = 2,318.7 : 2,339.97 | cr=30, dd=32, da=13, tlv=4, sm=64, rd=158.44, cd=0, um=0","Time elapsed: 7.86 seconds","/home/thomasverwaal/Robust-Rail-NL/mathematical-models/local_search_plans_discreet_120/plan_32_trains_1_units22.json"
"/home/thomasverwaal/Robust-Rail-NL/mathematical-models/scenarios_solver_types_120/scenario_solver_32_trains_1_units22.json","Cost of next node: Cost = 2,291.9 : 2,313.21 | cr=29, dd=32, da=13, tlv=4, sm=64, rd=151.88, cd=0, um=0","Time elapsed: 8.41 seconds","/home/thomasverwaal/Robust-Rail-NL/mathematical-models/local_search_plans_discreet_120/plan_32_trains_1_units22.json"
"/home/thomasverwaal/Robust-Rail-NL/mathematical-models/scenarios_solver_types_120/scenario_solver_32_trains_1_units22.json","Cost of next node: Cost = 2,266.9 : 2,293.21 | cr=25, dd=32, da=13, tlv=5, sm=64, rd=151.88, cd=0, um=0","Time elapsed: 9.10 seconds","/home/thomasverwaal/Robust-Rail-NL/mathematical-models/local_search_plans_discreet_120/plan_32_trains_1_units22.json"
"/home/thomasverwaal/Robust-Rail-NL/mathematical-models/scenarios_solver_types_120/scenario_solver_32_trains_1_units22.json","Cost of next node: Cost = 2,235.3 : 2,261.58 | cr=22, dd=32, da=13, tlv=5, sm=64, rd=151.88, cd=0, um=0","Time elapsed: 9.18 seconds","/home/thomasverwaal/Robust-Rail-NL/mathematical-models/local_search_plans_discreet_120/plan_32_trains_1_units22.json"
"/home/thomasverwaal/Robust-Rail-NL/mathematical-models/scenarios_solver_types_120/scenario_solver_32_trains_1_units22.json","Cost of next node: Cost = 2,200.9 : 2,232.19 | cr=19, dd=32, da=13, tlv=6, sm=64, rd=142.50, cd=0, um=0","Time elapsed: 10.27 seconds","/home/thomasverwaal/Robust-Rail-NL/mathematical-models/local_search_plans_discreet_120/plan_32_trains_1_units22.json"
"/home/thomasverwaal/Robust-Rail-NL/mathematical-models/scenarios_solver_types_120/scenario_solver_32_trains_1_units22.json","Cost of next node: Cost = 2,178.6 : 2,209.85 | cr=17, dd=32, da=13, tlv=6, sm=64, rd=141.56, cd=0, um=0","Time elapsed: 11.19 seconds","/home/thomasverwaal/Robust-Rail-NL/mathematical-models/local_search_plans_discreet_120/plan_32_trains_1_units22.json"
"/home/thomasverwaal/Robust-Rail-NL/mathematical-models/scenarios_solver_types_120/scenario_solver_32_trains_1_units22.json","Cost of next node: Cost = 2,137.0 : 2,168.24 | cr=14, dd=32, da=13, tlv=6, sm=64, rd=135.94, cd=0, um=0","Time elapsed: 12.20 seconds","/home/thomasverwaal/Robust-Rail-NL/mathematical-models/local_search_plans_discreet_120/plan_32_trains_1_units22.json"
"/home/thomasverwaal/Robust-Rail-NL/mathematical-models/scenarios_solver_types_120/scenario_solver_32_trains_1_units22.json","Cost of next node: Cost = 2,012.5 : 2,048.75 | cr=22, dd=28, da=13, tlv=7, sm=64, rd=128.44, cd=0, um=0","Time elapsed: 12.57 seconds","/home/thomasverwaal/Robust-Rail-NL/mathematical-models/local_search_plans_discreet_120/plan_32_trains_1_units22.json"
"/home/thomasverwaal/Robust-Rail-NL/mathematical-models/scenarios_solver_types_120/scenario_solver_32_trains_1_units22.json","Cost of next node: Cost = 1,718.8 : 1,755.04 | cr=23, dd=22, da=13, tlv=7, sm=64, rd=123.75, cd=0, um=0","Time elapsed: 12.67 seconds","/home/thomasverwaal/Robust-Rail-NL/mathematical-models/local_search_plans_discreet_120/plan_32_trains_1_units22.json"
"/home/thomasverwaal/Robust-Rail-NL/mathematical-models/scenarios_solver_types_120/scenario_solver_32_trains_1_units22.json","Cost of next node: Cost = 1,678.7 : 1,714.95 | cr=24, dd=21, da=13, tlv=7, sm=64, rd=123.75, cd=0, um=0","Time elapsed: 12.80 seconds","/home/thomasverwaal/Robust-Rail-NL/mathematical-models/local_search_plans_discreet_120/plan_32_trains_1_units22.json"
"/home/thomasverwaal/Robust-Rail-NL/mathematical-models/scenarios_solver_types_120/scenario_solver_32_trains_1_units22.json","Cost of next node: Cost = 1,638.3 : 1,674.57 | cr=25, dd=20, da=13, tlv=7, sm=64, rd=121.88, cd=0, um=0","Time elapsed: 12.98 seconds","/home/thomasverwaal/Robust-Rail-NL/mathematical-models/local_search_plans_discreet_120/plan_32_trains_1_units22.json"
"/home/thomasverwaal/Robust-Rail-NL/mathematical-models/scenarios_solver_types_120/scenario_solver_32_trains_1_units22.json","Cost of next node: Cost = 1,598.9 : 1,635.20 | cr=26, dd=19, da=13, tlv=7, sm=64, rd=121.88, cd=0, um=0","Time elapsed: 13.10 seconds","/home/thomasverwaal/Robust-Rail-NL/mathematical-models/local_search_plans_discreet_120/plan_32_trains_1_units22.json"
"/home/thomasverwaal/Robust-Rail-NL/mathematical-models/scenarios_solver_types_120/scenario_solver_32_trains_1_units22.json","Cost of next node: Cost = 1,559.5 : 1,595.73 | cr=27, dd=18, da=13, tlv=7, sm=64, rd=121.88, cd=0, um=0","Time elapsed: 13.22 seconds","/home/thomasverwaal/Robust-Rail-NL/mathematical-models/local_search_plans_discreet_120/plan_32_trains_1_units22.json"
"/home/thomasverwaal/Robust-Rail-NL/mathematical-models/scenarios_solver_types_120/scenario_solver_32_trains_1_units22.json","Cost of next node: Cost = 1,498.4 : 1,534.66 | cr=26, dd=17, da=13, tlv=7, sm=64, rd=121.88, cd=0, um=0","Time elapsed: 13.45 seconds","/home/thomasverwaal/Robust-Rail-NL/mathematical-models/local_search_plans_discreet_120/plan_32_trains_1_units22.json"
"/home/thomasverwaal/Robust-Rail-NL/mathematical-models/scenarios_solver_types_120/scenario_solver_32_trains_1_units22.json","Cost of next node: Cost = 1,448.9 : 1,485.23 | cr=26, dd=16, da=13, tlv=7, sm=64, rd=121.88, cd=0, um=0","Time elapsed: 13.53 seconds","/home/thomasverwaal/Robust-Rail-NL/mathematical-models/local_search_plans_discreet_120/plan_32_trains_1_units22.json"
"/home/thomasverwaal/Robust-Rail-NL/mathematical-models/scenarios_solver_types_120/scenario_solver_32_trains_1_units22.json","Cost of next node: Cost = 1,365.5 : 1,406.76 | cr=24, dd=14, da=14, tlv=8, sm=64, rd=118.12, cd=0, um=0","Time elapsed: 13.70 seconds","/home/thomasverwaal/Robust-Rail-NL/mathematical-models/local_search_plans_discreet_120/plan_32_trains_1_units22.json"
"/home/thomasverwaal/Robust-Rail-NL/mathematical-models/scenarios_solver_types_120/scenario_solver_32_trains_1_units22.json","Cost of next node: Cost = 1,316.3 : 1,357.63 | cr=25, dd=14, da=11, tlv=8, sm=64, rd=118.12, cd=0, um=0","Time elapsed: 13.80 seconds","/home/thomasverwaal/Robust-Rail-NL/mathematical-models/local_search_plans_discreet_120/plan_32_trains_1_units22.json"
"/home/thomasverwaal/Robust-Rail-NL/mathematical-models/scenarios_solver_types_120/scenario_solver_32_trains_1_units22.json","Cost of next node: Cost = 1,291.3 : 1,327.63 | cr=24, dd=14, da=11, tlv=7, sm=64, rd=118.12, cd=0, um=0","Time elapsed: 14.04 seconds","/home/thomasverwaal/Robust-Rail-NL/mathematical-models/local_search_plans_discreet_120/plan_32_trains_1_units22.json"
"/home/thomasverwaal/Robust-Rail-NL/mathematical-models/scenarios_solver_types_120/scenario_solver_32_trains_1_units22.json","Cost of next node: Cost = 1,267.0 : 1,308.24 | cr=22, dd=14, da=10, tlv=8, sm=64, rd=116.25, cd=0, um=0","Time elapsed: 14.26 seconds","/home/thomasverwaal/Robust-Rail-NL/mathematical-models/local_search_plans_discreet_120/plan_32_trains_1_units22.json"
"/home/thomasverwaal/Robust-Rail-NL/mathematical-models/scenarios_solver_types_120/scenario_solver_32_trains_1_units22.json","Cost of next node: Cost = 1,242.4 : 1,288.68 | cr=20, dd=14, da=9, tlv=9, sm=64, rd=114.38, cd=0, um=0","Time elapsed: 14.52 seconds","/home/thomasverwaal/Robust-Rail-NL/mathematical-models/local_search_plans_discreet_120/plan_32_trains_1_units22.json"
"/home/thomasverwaal/Robust-Rail-NL/mathematical-models/scenarios_solver_types_120/scenario_solver_32_trains_1_units22.json","Cost of next node: Cost = 1,187.2 : 1,238.47 | cr=21, dd=13, da=8, tlv=10, sm=64, rd=108.75, cd=0, um=0","Time elapsed: 14.79 seconds","/home/thomasverwaal/Robust-Rail-NL/mathematical-models/local_search_plans_discreet_120/plan_32_trains_1_units22.json"
"/home/thomasverwaal/Robust-Rail-NL/mathematical-models/scenarios_solver_types_120/scenario_solver_32_trains_1_units22.json","Cost of next node: Cost = 1,116.7 : 1,167.99 | cr=19, dd=12, da=8, tlv=10, sm=64, rd=106.88, cd=0, um=0","Time elapsed: 15.10 seconds","/home/thomasverwaal/Robust-Rail-NL/mathematical-models/local_search_plans_discreet_120/plan_32_trains_1_units22.json"
"/home/thomasverwaal/Robust-Rail-NL/mathematical-models/scenarios_solver_types_120/scenario_solver_32_trains_1_units22.json","Cost of next node: Cost = 1,091.9 : 1,148.21 | cr=19, dd=12, da=6, tlv=11, sm=64, rd=107.81, cd=0, um=0","Time elapsed: 15.30 seconds","/home/thomasverwaal/Robust-Rail-NL/mathematical-models/local_search_plans_discreet_120/plan_32_trains_1_units22.json"
"/home/thomasverwaal/Robust-Rail-NL/mathematical-models/scenarios_solver_types_120/scenario_solver_32_trains_1_units22.json","Cost of next node: Cost = 1,010.0 : 1,066.33 | cr=19, dd=12, da=2, tlv=11, sm=64, rd=105.94, cd=0, um=0","Time elapsed: 15.54 seconds","/home/thomasverwaal/Robust-Rail-NL/mathematical-models/local_search_plans_discreet_120/plan_32_trains_1_units22.json"
"/home/thomasverwaal/Robust-Rail-NL/mathematical-models/scenarios_solver_types_120/scenario_solver_32_trains_1_units22.json","Cost of next node: Cost = 988.2 : 1,044.48 | cr=22, dd=11, da=2, tlv=11, sm=64, rd=104.06, cd=0, um=0","Time elapsed: 15.59 seconds","/home/thomasverwaal/Robust-Rail-NL/mathematical-models/local_search_plans_discreet_120/plan_32_trains_1_units22.json"
"/home/thomasverwaal/Robust-Rail-NL/mathematical-models/scenarios_solver_types_120/scenario_solver_32_trains_1_units22.json","Cost of next node: Cost = 958.2 : 1,014.48 | cr=19, dd=11, da=2, tlv=11, sm=64, rd=105.94, cd=0, um=0","Time elapsed: 15.87 seconds","/home/thomasverwaal/Robust-Rail-NL/mathematical-models/local_search_plans_discreet_120/plan_32_trains_1_units22.json"
"/home/thomasverwaal/Robust-Rail-NL/mathematical-models/scenarios_solver_types_120/scenario_solver_32_trains_1_units22.json","Cost of next node: Cost = 927.7 : 983.98 | cr=16, dd=11, da=2, tlv=11, sm=64, rd=107.81, cd=0, um=0","Time elapsed: 16.20 seconds","/home/thomasverwaal/Robust-Rail-NL/mathematical-models/local_search_plans_discreet_120/plan_32_trains_1_units22.json"
"/home/thomasverwaal/Robust-Rail-NL/mathematical-models/scenarios_solver_types_120/scenario_solver_32_trains_1_units22.json","Cost of next node: Cost = 893.2 : 954.45 | cr=18, dd=10, da=1, tlv=12, sm=64, rd=104.06, cd=0, um=0","Time elapsed: 16.44 seconds","/home/thomasverwaal/Robust-Rail-NL/mathematical-models/local_search_plans_discreet_120/plan_32_trains_1_units22.json"
"/home/thomasverwaal/Robust-Rail-NL/mathematical-models/scenarios_solver_types_120/scenario_solver_32_trains_1_units22.json","Cost of next node: Cost = 864.4 : 925.68 | cr=20, dd=9, da=1, tlv=12, sm=64, rd=104.06, cd=0, um=0","Time elapsed: 16.52 seconds","/home/thomasverwaal/Robust-Rail-NL/mathematical-models/local_search_plans_discreet_120/plan_32_trains_1_units22.json"
"/home/thomasverwaal/Robust-Rail-NL/mathematical-models/scenarios_solver_types_120/scenario_solver_32_trains_1_units22.json","Cost of next node: Cost = 788.3 : 854.61 | cr=18, dd=8, da=0, tlv=13, sm=64, rd=100.31, cd=0, um=0","Time elapsed: 16.92 seconds","/home/thomasverwaal/Robust-Rail-NL/mathematical-models/local_search_plans_discreet_120/plan_32_trains_1_units22.json"
"/home/thomasverwaal/Robust-Rail-NL/mathematical-models/scenarios_solver_types_120/scenario_solver_32_trains_1_units22.json","Cost of next node: Cost = 697.0 : 763.28 | cr=19, dd=6, da=0, tlv=13, sm=64, rd=95.62, cd=0, um=0","Time elapsed: 17.02 seconds","/home/thomasverwaal/Robust-Rail-NL/mathematical-models/local_search_plans_discreet_120/plan_32_trains_1_units22.json"
"/home/thomasverwaal/Robust-Rail-NL/mathematical-models/scenarios_solver_types_120/scenario_solver_32_trains_1_units22.json","Cost of next node: Cost = 589.0 : 660.28 | cr=22, dd=3, da=0, tlv=14, sm=64, rd=89.06, cd=0, um=0","Time elapsed: 17.37 seconds","/home/thomasverwaal/Robust-Rail-NL/mathematical-models/local_search_plans_discreet_120/plan_32_trains_1_units22.json"
"/home/thomasverwaal/Robust-Rail-NL/mathematical-models/scenarios_solver_types_120/scenario_solver_32_trains_1_units22.json","Cost of next node: Cost = 559.0 : 630.28 | cr=19, dd=3, da=0, tlv=14, sm=64, rd=89.06, cd=0, um=0","Time elapsed: 17.50 seconds","/home/thomasverwaal/Robust-Rail-NL/mathematical-models/local_search_plans_discreet_120/plan_32_trains_1_units22.json"
"/home/thomasverwaal/Robust-Rail-NL/mathematical-models/scenarios_solver_types_120/scenario_solver_32_trains_1_units22.json","Cost of next node: Cost = 505.1 : 576.42 | cr=17, dd=0, da=6, tlv=14, sm=64, rd=90.94, cd=0, um=0","Time elapsed: 17.86 seconds","/home/thomasverwaal/Robust-Rail-NL/mathematical-models/local_search_plans_discreet_120/plan_32_trains_1_units22.json"
"/home/thomasverwaal/Robust-Rail-NL/mathematical-models/scenarios_solver_types_120/scenario_solver_32_trains_1_units22.json","Cost of next node: Cost = 370.0 : 441.28 | cr=16, dd=0, da=0, tlv=14, sm=64, rd=88.12, cd=0, um=0","Time elapsed: 18.01 seconds","/home/thomasverwaal/Robust-Rail-NL/mathematical-models/local_search_plans_discreet_120/plan_32_trains_1_units22.json"
"/home/thomasverwaal/Robust-Rail-NL/mathematical-models/scenarios_solver_types_120/scenario_solver_32_trains_1_units22.json","Cost of next node: Cost = 340.0 : 411.28 | cr=13, dd=0, da=0, tlv=14, sm=64, rd=88.12, cd=0, um=0","Time elapsed: 18.14 seconds","/home/thomasverwaal/Robust-Rail-NL/mathematical-models/local_search_plans_discreet_120/plan_32_trains_1_units22.json"
"/home/thomasverwaal/Robust-Rail-NL/mathematical-models/scenarios_solver_types_120/scenario_solver_32_trains_1_units22.json","Cost of next node: Cost = 325.0 : 391.30 | cr=13, dd=0, da=0, tlv=13, sm=65, rd=88.62, cd=0, um=0","Time elapsed: 20.40 seconds","/home/thomasverwaal/Robust-Rail-NL/mathematical-models/local_search_plans_discreet_120/plan_32_trains_1_units22.json"
"/home/thomasverwaal/Robust-Rail-NL/mathematical-models/scenarios_solver_types_120/scenario_solver_32_trains_1_units22.json","Cost of next node: Cost = 315.0 : 381.30 | cr=12, dd=0, da=0, tlv=13, sm=65, rd=88.62, cd=0, um=0","Time elapsed: 22.77 seconds","/home/thomasverwaal/Robust-Rail-NL/mathematical-models/local_search_plans_discreet_120/plan_32_trains_1_units22.json"
"/home/thomasverwaal/Robust-Rail-NL/mathematical-models/scenarios_solver_types_120/scenario_solver_32_trains_1_units22.json","Cost of next node: Cost = 305.0 : 371.30 | cr=11, dd=0, da=0, tlv=13, sm=65, rd=88.62, cd=0, um=0","Time elapsed: 24.88 seconds","/home/thomasverwaal/Robust-Rail-NL/mathematical-models/local_search_plans_discreet_120/plan_32_trains_1_units22.json"
"/home/thomasverwaal/Robust-Rail-NL/mathematical-models/scenarios_solver_types_120/scenario_solver_32_trains_1_units22.json","Cost of next node: Cost = 285.0 : 351.30 | cr=9, dd=0, da=0, tlv=13, sm=65, rd=86.77, cd=0, um=0","Time elapsed: 26.46 seconds","/home/thomasverwaal/Robust-Rail-NL/mathematical-models/local_search_plans_discreet_120/plan_32_trains_1_units22.json"
"/home/thomasverwaal/Robust-Rail-NL/mathematical-models/scenarios_solver_types_120/scenario_solver_32_trains_1_units22.json","Cost of next node: Cost = 275.0 : 341.30 | cr=8, dd=0, da=0, tlv=13, sm=65, rd=86.77, cd=0, um=0","Time elapsed: 27.78 seconds","/home/thomasverwaal/Robust-Rail-NL/mathematical-models/local_search_plans_discreet_120/plan_32_trains_1_units22.json"
"/home/thomasverwaal/Robust-Rail-NL/mathematical-models/scenarios_solver_types_120/scenario_solver_32_trains_1_units22.json","Cost of next node: Cost = 265.0 : 331.30 | cr=7, dd=0, da=0, tlv=13, sm=65, rd=84.92, cd=0, um=0","Time elapsed: 29.28 seconds","/home/thomasverwaal/Robust-Rail-NL/mathematical-models/local_search_plans_discreet_120/plan_32_trains_1_units22.json"
"/home/thomasverwaal/Robust-Rail-NL/mathematical-models/scenarios_solver_types_120/scenario_solver_32_trains_1_units22.json","Cost of next node: Cost = 255.0 : 321.30 | cr=6, dd=0, da=0, tlv=13, sm=65, rd=84.92, cd=0, um=0","Time elapsed: 30.47 seconds","/home/thomasverwaal/Robust-Rail-NL/mathematical-models/local_search_plans_discreet_120/plan_32_trains_1_units22.json"
"/home/thomasverwaal/Robust-Rail-NL/mathematical-models/scenarios_solver_types_120/scenario_solver_32_trains_1_units22.json","Cost of next node: Cost = 245.0 : 311.30 | cr=5, dd=0, da=0, tlv=13, sm=65, rd=84.92, cd=0, um=0","Time elapsed: 31.77 seconds","/home/thomasverwaal/Robust-Rail-NL/mathematical-models/local_search_plans_discreet_120/plan_32_trains_1_units22.json"
"/home/thomasverwaal/Robust-Rail-NL/mathematical-models/scenarios_solver_types_120/scenario_solver_32_trains_1_units22.json","Cost of next node: Cost = 235.0 : 301.30 | cr=4, dd=0, da=0, tlv=13, sm=65, rd=86.77, cd=0, um=0","Time elapsed: 34.00 seconds","/home/thomasverwaal/Robust-Rail-NL/mathematical-models/local_search_plans_discreet_120/plan_32_trains_1_units22.json"
"/home/thomasverwaal/Robust-Rail-NL/mathematical-models/scenarios_solver_types_120/scenario_solver_32_trains_1_units22.json","Cost of next node: Cost = 225.0 : 291.30 | cr=3, dd=0, da=0, tlv=13, sm=65, rd=86.77, cd=0, um=0","Time elapsed: 35.12 seconds","/home/thomasverwaal/Robust-Rail-NL/mathematical-models/local_search_plans_discreet_120/plan_32_trains_1_units22.json"
"/home/thomasverwaal/Robust-Rail-NL/mathematical-models/scenarios_solver_types_120/scenario_solver_32_trains_1_units22.json","Cost of next node: Cost = 215.0 : 281.30 | cr=2, dd=0, da=0, tlv=13, sm=65, rd=86.77, cd=0, um=0","Time elapsed: 36.09 seconds","/home/thomasverwaal/Robust-Rail-NL/mathematical-models/local_search_plans_discreet_120/plan_32_trains_1_units22.json"
"/home/thomasverwaal/Robust-Rail-NL/mathematical-models/scenarios_solver_types_120/scenario_solver_32_trains_1_units22.json","Cost of next node: Cost = 205.0 : 271.30 | cr=1, dd=0, da=0, tlv=13, sm=65, rd=86.77, cd=0, um=0","Time elapsed: 36.90 seconds","/home/thomasverwaal/Robust-Rail-NL/mathematical-models/local_search_plans_discreet_120/plan_32_trains_1_units22.json"
"/home/thomasverwaal/Robust-Rail-NL/mathematical-models/scenarios_solver_types_120/scenario_solver_32_trains_1_units22.json","Cost of next node: Cost = 195.0 : 261.32 | cr=0, dd=0, da=0, tlv=13, sm=66, rd=87.27, cd=0, um=0","Time elapsed: 103.94 seconds","/home/thomasverwaal/Robust-Rail-NL/mathematical-models/local_search_plans_discreet_120/plan_32_trains_1_units22.json"
"/home/thomasverwaal/Robust-Rail-NL/mathematical-models/scenarios_solver_types_120/scenario_solver_32_trains_1_units22.json","NO_COST_FOUND","NO_TIME_FOUND","NO_PLAN_CREATED"
