scenario,cost_line,time_line,plan_file
"/home/thomasverwaal/Robust-Rail-NL/mathematical-models/scenarios_solver_types_120/scenario_solver_33_trains_1_units5.json","Cost of next node: Cost = 2,814.2 : 2,815.50 | cr=41, dd=33, da=31, tlv=0, sm=66, rd=178.18, cd=0, um=0","Time elapsed: 4.48 seconds","/home/thomasverwaal/Robust-Rail-NL/mathematical-models/local_search_plans_discreet_120/plan_33_trains_1_units5.json"
"/home/thomasverwaal/Robust-Rail-NL/mathematical-models/scenarios_solver_types_120/scenario_solver_33_trains_1_units5.json","Cost of next node: Cost = 2,786.9 : 2,788.18 | cr=39, dd=33, da=31, tlv=0, sm=66, rd=176.36, cd=0, um=0","Time elapsed: 4.61 seconds","/home/thomasverwaal/Robust-Rail-NL/mathematical-models/local_search_plans_discreet_120/plan_33_trains_1_units5.json"
"/home/thomasverwaal/Robust-Rail-NL/mathematical-models/scenarios_solver_types_120/scenario_solver_33_trains_1_units5.json","Cost of next node: Cost = 2,766.4 : 2,767.74 | cr=37, dd=33, da=31, tlv=0, sm=66, rd=176.36, cd=0, um=0","Time elapsed: 4.89 seconds","/home/thomasverwaal/Robust-Rail-NL/mathematical-models/local_search_plans_discreet_120/plan_33_trains_1_units5.json"
"/home/thomasverwaal/Robust-Rail-NL/mathematical-models/scenarios_solver_types_120/scenario_solver_33_trains_1_units5.json","Cost of next node: Cost = 2,745.7 : 2,747.03 | cr=35, dd=33, da=31, tlv=0, sm=66, rd=176.36, cd=0, um=0","Time elapsed: 5.22 seconds","/home/thomasverwaal/Robust-Rail-NL/mathematical-models/local_search_plans_discreet_120/plan_33_trains_1_units5.json"
"/home/thomasverwaal/Robust-Rail-NL/mathematical-models/scenarios_solver_types_120/scenario_solver_33_trains_1_units5.json","Cost of next node: Cost = 2,713.0 : 2,714.28 | cr=36, dd=33, da=30, tlv=0, sm=66, rd=171.82, cd=0, um=0","Time elapsed: 5.55 seconds","/home/thomasverwaal/Robust-Rail-NL/mathematical-models/local_search_plans_discreet_120/plan_33_trains_1_units5.json"
"/home/thomasverwaal/Robust-Rail-NL/mathematical-models/scenarios_solver_types_120/scenario_solver_33_trains_1_units5.json","Cost of next node: Cost = 2,658.0 : 2,664.34 | cr=33, dd=33, da=28, tlv=1, sm=66, rd=170.91, cd=0, um=0","Time elapsed: 5.87 seconds","/home/thomasverwaal/Robust-Rail-NL/mathematical-models/local_search_plans_discreet_120/plan_33_trains_1_units5.json"
"/home/thomasverwaal/Robust-Rail-NL/mathematical-models/scenarios_solver_types_120/scenario_solver_33_trains_1_units5.json","Cost of next node: Cost = 2,573.6 : 2,579.87 | cr=33, dd=33, da=24, tlv=1, sm=66, rd=167.27, cd=0, um=0","Time elapsed: 6.13 seconds","/home/thomasverwaal/Robust-Rail-NL/mathematical-models/local_search_plans_discreet_120/plan_33_trains_1_units5.json"
"/home/thomasverwaal/Robust-Rail-NL/mathematical-models/scenarios_solver_types_120/scenario_solver_33_trains_1_units5.json","Cost of next node: Cost = 2,547.0 : 2,558.33 | cr=29, dd=33, da=24, tlv=2, sm=66, rd=165.45, cd=0, um=0","Time elapsed: 6.42 seconds","/home/thomasverwaal/Robust-Rail-NL/mathematical-models/local_search_plans_discreet_120/plan_33_trains_1_units5.json"
"/home/thomasverwaal/Robust-Rail-NL/mathematical-models/scenarios_solver_types_120/scenario_solver_33_trains_1_units5.json","Cost of next node: Cost = 2,518.6 : 2,534.87 | cr=29, dd=33, da=22, tlv=3, sm=66, rd=161.82, cd=0, um=0","Time elapsed: 6.71 seconds","/home/thomasverwaal/Robust-Rail-NL/mathematical-models/local_search_plans_discreet_120/plan_33_trains_1_units5.json"
"/home/thomasverwaal/Robust-Rail-NL/mathematical-models/scenarios_solver_types_120/scenario_solver_33_trains_1_units5.json","Cost of next node: Cost = 2,480.6 : 2,501.95 | cr=30, dd=33, da=19, tlv=4, sm=66, rd=156.36, cd=0, um=0","Time elapsed: 7.01 seconds","/home/thomasverwaal/Robust-Rail-NL/mathematical-models/local_search_plans_discreet_120/plan_33_trains_1_units5.json"
"/home/thomasverwaal/Robust-Rail-NL/mathematical-models/scenarios_solver_types_120/scenario_solver_33_trains_1_units5.json","Cost of next node: Cost = 2,456.5 : 2,482.81 | cr=34, dd=33, da=15, tlv=5, sm=66, rd=155.45, cd=0, um=0","Time elapsed: 7.40 seconds","/home/thomasverwaal/Robust-Rail-NL/mathematical-models/local_search_plans_discreet_120/plan_33_trains_1_units5.json"
"/home/thomasverwaal/Robust-Rail-NL/mathematical-models/scenarios_solver_types_120/scenario_solver_33_trains_1_units5.json","Cost of next node: Cost = 2,429.1 : 2,460.38 | cr=32, dd=33, da=14, tlv=6, sm=66, rd=151.82, cd=0, um=0","Time elapsed: 8.16 seconds","/home/thomasverwaal/Robust-Rail-NL/mathematical-models/local_search_plans_discreet_120/plan_33_trains_1_units5.json"
"/home/thomasverwaal/Robust-Rail-NL/mathematical-models/scenarios_solver_types_120/scenario_solver_33_trains_1_units5.json","Cost of next node: Cost = 2,398.8 : 2,430.14 | cr=31, dd=33, da=13, tlv=6, sm=66, rd=150.00, cd=0, um=0","Time elapsed: 8.89 seconds","/home/thomasverwaal/Robust-Rail-NL/mathematical-models/local_search_plans_discreet_120/plan_33_trains_1_units5.json"
"/home/thomasverwaal/Robust-Rail-NL/mathematical-models/scenarios_solver_types_120/scenario_solver_33_trains_1_units5.json","Cost of next node: Cost = 2,373.8 : 2,410.14 | cr=27, dd=33, da=13, tlv=7, sm=66, rd=150.00, cd=0, um=0","Time elapsed: 9.75 seconds","/home/thomasverwaal/Robust-Rail-NL/mathematical-models/local_search_plans_discreet_120/plan_33_trains_1_units5.json"
"/home/thomasverwaal/Robust-Rail-NL/mathematical-models/scenarios_solver_types_120/scenario_solver_33_trains_1_units5.json","Cost of next node: Cost = 2,343.8 : 2,380.14 | cr=24, dd=33, da=13, tlv=7, sm=66, rd=150.00, cd=0, um=0","Time elapsed: 9.85 seconds","/home/thomasverwaal/Robust-Rail-NL/mathematical-models/local_search_plans_discreet_120/plan_33_trains_1_units5.json"
"/home/thomasverwaal/Robust-Rail-NL/mathematical-models/scenarios_solver_types_120/scenario_solver_33_trains_1_units5.json","Cost of next node: Cost = 2,304.8 : 2,346.16 | cr=21, dd=33, da=13, tlv=8, sm=66, rd=140.00, cd=0, um=0","Time elapsed: 10.58 seconds","/home/thomasverwaal/Robust-Rail-NL/mathematical-models/local_search_plans_discreet_120/plan_33_trains_1_units5.json"
"/home/thomasverwaal/Robust-Rail-NL/mathematical-models/scenarios_solver_types_120/scenario_solver_33_trains_1_units5.json","Cost of next node: Cost = 2,271.6 : 2,312.93 | cr=26, dd=32, da=13, tlv=8, sm=66, rd=130.91, cd=0, um=0","Time elapsed: 10.89 seconds","/home/thomasverwaal/Robust-Rail-NL/mathematical-models/local_search_plans_discreet_120/plan_33_trains_1_units5.json"
"/home/thomasverwaal/Robust-Rail-NL/mathematical-models/scenarios_solver_types_120/scenario_solver_33_trains_1_units5.json","Cost of next node: Cost = 2,211.2 : 2,252.49 | cr=25, dd=31, da=13, tlv=8, sm=66, rd=130.91, cd=0, um=0","Time elapsed: 11.01 seconds","/home/thomasverwaal/Robust-Rail-NL/mathematical-models/local_search_plans_discreet_120/plan_33_trains_1_units5.json"
"/home/thomasverwaal/Robust-Rail-NL/mathematical-models/scenarios_solver_types_120/scenario_solver_33_trains_1_units5.json","Cost of next node: Cost = 2,161.5 : 2,202.80 | cr=25, dd=30, da=13, tlv=8, sm=66, rd=130.91, cd=0, um=0","Time elapsed: 11.15 seconds","/home/thomasverwaal/Robust-Rail-NL/mathematical-models/local_search_plans_discreet_120/plan_33_trains_1_units5.json"
"/home/thomasverwaal/Robust-Rail-NL/mathematical-models/scenarios_solver_types_120/scenario_solver_33_trains_1_units5.json","Cost of next node: Cost = 2,120.2 : 2,161.54 | cr=26, dd=29, da=13, tlv=8, sm=66, rd=130.91, cd=0, um=0","Time elapsed: 11.25 seconds","/home/thomasverwaal/Robust-Rail-NL/mathematical-models/local_search_plans_discreet_120/plan_33_trains_1_units5.json"
"/home/thomasverwaal/Robust-Rail-NL/mathematical-models/scenarios_solver_types_120/scenario_solver_33_trains_1_units5.json","Cost of next node: Cost = 2,070.8 : 2,112.15 | cr=26, dd=28, da=13, tlv=8, sm=66, rd=130.91, cd=0, um=0","Time elapsed: 11.36 seconds","/home/thomasverwaal/Robust-Rail-NL/mathematical-models/local_search_plans_discreet_120/plan_33_trains_1_units5.json"
"/home/thomasverwaal/Robust-Rail-NL/mathematical-models/scenarios_solver_types_120/scenario_solver_33_trains_1_units5.json","Cost of next node: Cost = 2,019.9 : 2,061.19 | cr=26, dd=27, da=13, tlv=8, sm=66, rd=130.91, cd=0, um=0","Time elapsed: 11.45 seconds","/home/thomasverwaal/Robust-Rail-NL/mathematical-models/local_search_plans_discreet_120/plan_33_trains_1_units5.json"
"/home/thomasverwaal/Robust-Rail-NL/mathematical-models/scenarios_solver_types_120/scenario_solver_33_trains_1_units5.json","Cost of next node: Cost = 1,876.7 : 1,918.03 | cr=32, dd=23, da=13, tlv=8, sm=66, rd=129.09, cd=0, um=0","Time elapsed: 11.62 seconds","/home/thomasverwaal/Robust-Rail-NL/mathematical-models/local_search_plans_discreet_120/plan_33_trains_1_units5.json"
"/home/thomasverwaal/Robust-Rail-NL/mathematical-models/scenarios_solver_types_120/scenario_solver_33_trains_1_units5.json","Cost of next node: Cost = 1,827.0 : 1,868.34 | cr=32, dd=22, da=13, tlv=8, sm=66, rd=129.09, cd=0, um=0","Time elapsed: 11.70 seconds","/home/thomasverwaal/Robust-Rail-NL/mathematical-models/local_search_plans_discreet_120/plan_33_trains_1_units5.json"
"/home/thomasverwaal/Robust-Rail-NL/mathematical-models/scenarios_solver_types_120/scenario_solver_33_trains_1_units5.json","Cost of next node: Cost = 1,787.6 : 1,828.96 | cr=33, dd=21, da=13, tlv=8, sm=66, rd=129.09, cd=0, um=0","Time elapsed: 11.84 seconds","/home/thomasverwaal/Robust-Rail-NL/mathematical-models/local_search_plans_discreet_120/plan_33_trains_1_units5.json"
"/home/thomasverwaal/Robust-Rail-NL/mathematical-models/scenarios_solver_types_120/scenario_solver_33_trains_1_units5.json","Cost of next node: Cost = 1,762.6 : 1,798.96 | cr=32, dd=21, da=13, tlv=7, sm=66, rd=129.09, cd=0, um=0","Time elapsed: 11.93 seconds","/home/thomasverwaal/Robust-Rail-NL/mathematical-models/local_search_plans_discreet_120/plan_33_trains_1_units5.json"
"/home/thomasverwaal/Robust-Rail-NL/mathematical-models/scenarios_solver_types_120/scenario_solver_33_trains_1_units5.json","Cost of next node: Cost = 1,737.6 : 1,778.96 | cr=28, dd=21, da=13, tlv=8, sm=66, rd=129.09, cd=0, um=0","Time elapsed: 12.12 seconds","/home/thomasverwaal/Robust-Rail-NL/mathematical-models/local_search_plans_discreet_120/plan_33_trains_1_units5.json"
"/home/thomasverwaal/Robust-Rail-NL/mathematical-models/scenarios_solver_types_120/scenario_solver_33_trains_1_units5.json","Cost of next node: Cost = 1,647.1 : 1,688.43 | cr=28, dd=20, da=11, tlv=8, sm=66, rd=123.64, cd=0, um=0","Time elapsed: 12.23 seconds","/home/thomasverwaal/Robust-Rail-NL/mathematical-models/local_search_plans_discreet_120/plan_33_trains_1_units5.json"
"/home/thomasverwaal/Robust-Rail-NL/mathematical-models/scenarios_solver_types_120/scenario_solver_33_trains_1_units5.json","Cost of next node: Cost = 1,597.2 : 1,638.47 | cr=28, dd=19, da=11, tlv=8, sm=66, rd=123.64, cd=0, um=0","Time elapsed: 12.40 seconds","/home/thomasverwaal/Robust-Rail-NL/mathematical-models/local_search_plans_discreet_120/plan_33_trains_1_units5.json"
"/home/thomasverwaal/Robust-Rail-NL/mathematical-models/scenarios_solver_types_120/scenario_solver_33_trains_1_units5.json","Cost of next node: Cost = 1,558.8 : 1,605.13 | cr=28, dd=18, da=11, tlv=9, sm=66, rd=121.82, cd=0, um=0","Time elapsed: 12.67 seconds","/home/thomasverwaal/Robust-Rail-NL/mathematical-models/local_search_plans_discreet_120/plan_33_trains_1_units5.json"
"/home/thomasverwaal/Robust-Rail-NL/mathematical-models/scenarios_solver_types_120/scenario_solver_33_trains_1_units5.json","Cost of next node: Cost = 1,472.1 : 1,523.43 | cr=27, dd=17, da=9, tlv=10, sm=66, rd=118.18, cd=0, um=0","Time elapsed: 12.92 seconds","/home/thomasverwaal/Robust-Rail-NL/mathematical-models/local_search_plans_discreet_120/plan_33_trains_1_units5.json"
"/home/thomasverwaal/Robust-Rail-NL/mathematical-models/scenarios_solver_types_120/scenario_solver_33_trains_1_units5.json","Cost of next node: Cost = 1,446.8 : 1,503.16 | cr=29, dd=17, da=6, tlv=11, sm=66, rd=110.91, cd=0, um=0","Time elapsed: 13.27 seconds","/home/thomasverwaal/Robust-Rail-NL/mathematical-models/local_search_plans_discreet_120/plan_33_trains_1_units5.json"
"/home/thomasverwaal/Robust-Rail-NL/mathematical-models/scenarios_solver_types_120/scenario_solver_33_trains_1_units5.json","Cost of next node: Cost = 1,372.1 : 1,433.37 | cr=25, dd=16, da=6, tlv=12, sm=66, rd=109.09, cd=0, um=0","Time elapsed: 13.55 seconds","/home/thomasverwaal/Robust-Rail-NL/mathematical-models/local_search_plans_discreet_120/plan_33_trains_1_units5.json"
"/home/thomasverwaal/Robust-Rail-NL/mathematical-models/scenarios_solver_types_120/scenario_solver_33_trains_1_units5.json","Cost of next node: Cost = 1,312.9 : 1,374.18 | cr=24, dd=15, da=6, tlv=12, sm=66, rd=105.45, cd=0, um=0","Time elapsed: 13.83 seconds","/home/thomasverwaal/Robust-Rail-NL/mathematical-models/local_search_plans_discreet_120/plan_33_trains_1_units5.json"
"/home/thomasverwaal/Robust-Rail-NL/mathematical-models/scenarios_solver_types_120/scenario_solver_33_trains_1_units5.json","Cost of next node: Cost = 1,276.7 : 1,343.00 | cr=21, dd=15, da=5, tlv=13, sm=66, rd=104.55, cd=0, um=0","Time elapsed: 14.20 seconds","/home/thomasverwaal/Robust-Rail-NL/mathematical-models/local_search_plans_discreet_120/plan_33_trains_1_units5.json"
"/home/thomasverwaal/Robust-Rail-NL/mathematical-models/scenarios_solver_types_120/scenario_solver_33_trains_1_units5.json","Cost of next node: Cost = 1,253.0 : 1,319.35 | cr=22, dd=14, da=6, tlv=13, sm=66, rd=103.64, cd=0, um=0","Time elapsed: 14.40 seconds","/home/thomasverwaal/Robust-Rail-NL/mathematical-models/local_search_plans_discreet_120/plan_33_trains_1_units5.json"
"/home/thomasverwaal/Robust-Rail-NL/mathematical-models/scenarios_solver_types_120/scenario_solver_33_trains_1_units5.json","Cost of next node: Cost = 1,204.6 : 1,270.95 | cr=22, dd=13, da=6, tlv=13, sm=66, rd=103.64, cd=0, um=0","Time elapsed: 14.57 seconds","/home/thomasverwaal/Robust-Rail-NL/mathematical-models/local_search_plans_discreet_120/plan_33_trains_1_units5.json"
"/home/thomasverwaal/Robust-Rail-NL/mathematical-models/scenarios_solver_types_120/scenario_solver_33_trains_1_units5.json","Cost of next node: Cost = 1,138.8 : 1,210.13 | cr=21, dd=12, da=5, tlv=14, sm=66, rd=100.00, cd=0, um=0","Time elapsed: 15.02 seconds","/home/thomasverwaal/Robust-Rail-NL/mathematical-models/local_search_plans_discreet_120/plan_33_trains_1_units5.json"
"/home/thomasverwaal/Robust-Rail-NL/mathematical-models/scenarios_solver_types_120/scenario_solver_33_trains_1_units5.json","Cost of next node: Cost = 977.8 : 1,054.16 | cr=21, dd=9, da=4, tlv=15, sm=66, rd=92.73, cd=0, um=0","Time elapsed: 15.39 seconds","/home/thomasverwaal/Robust-Rail-NL/mathematical-models/local_search_plans_discreet_120/plan_33_trains_1_units5.json"
"/home/thomasverwaal/Robust-Rail-NL/mathematical-models/scenarios_solver_types_120/scenario_solver_33_trains_1_units5.json","Cost of next node: Cost = 954.1 : 1,030.46 | cr=18, dd=9, da=4, tlv=15, sm=66, rd=99.09, cd=0, um=0","Time elapsed: 15.53 seconds","/home/thomasverwaal/Robust-Rail-NL/mathematical-models/local_search_plans_discreet_120/plan_33_trains_1_units5.json"
"/home/thomasverwaal/Robust-Rail-NL/mathematical-models/scenarios_solver_types_120/scenario_solver_33_trains_1_units5.json","Cost of next node: Cost = 896.9 : 973.23 | cr=18, dd=8, da=4, tlv=15, sm=66, rd=92.73, cd=0, um=0","Time elapsed: 16.02 seconds","/home/thomasverwaal/Robust-Rail-NL/mathematical-models/local_search_plans_discreet_120/plan_33_trains_1_units5.json"
"/home/thomasverwaal/Robust-Rail-NL/mathematical-models/scenarios_solver_types_120/scenario_solver_33_trains_1_units5.json","Cost of next node: Cost = 871.9 : 943.23 | cr=17, dd=8, da=4, tlv=14, sm=66, rd=92.73, cd=0, um=0","Time elapsed: 16.37 seconds","/home/thomasverwaal/Robust-Rail-NL/mathematical-models/local_search_plans_discreet_120/plan_33_trains_1_units5.json"
"/home/thomasverwaal/Robust-Rail-NL/mathematical-models/scenarios_solver_types_120/scenario_solver_33_trains_1_units5.json","Cost of next node: Cost = 787.1 : 863.41 | cr=19, dd=6, da=3, tlv=15, sm=66, rd=88.18, cd=0, um=0","Time elapsed: 16.68 seconds","/home/thomasverwaal/Robust-Rail-NL/mathematical-models/local_search_plans_discreet_120/plan_33_trains_1_units5.json"
"/home/thomasverwaal/Robust-Rail-NL/mathematical-models/scenarios_solver_types_120/scenario_solver_33_trains_1_units5.json","Cost of next node: Cost = 659.8 : 736.12 | cr=17, dd=4, da=3, tlv=15, sm=66, rd=81.82, cd=0, um=0","Time elapsed: 16.89 seconds","/home/thomasverwaal/Robust-Rail-NL/mathematical-models/local_search_plans_discreet_120/plan_33_trains_1_units5.json"
"/home/thomasverwaal/Robust-Rail-NL/mathematical-models/scenarios_solver_types_120/scenario_solver_33_trains_1_units5.json","Cost of next node: Cost = 634.8 : 706.12 | cr=16, dd=4, da=3, tlv=14, sm=66, rd=83.64, cd=0, um=0","Time elapsed: 17.25 seconds","/home/thomasverwaal/Robust-Rail-NL/mathematical-models/local_search_plans_discreet_120/plan_33_trains_1_units5.json"
"/home/thomasverwaal/Robust-Rail-NL/mathematical-models/scenarios_solver_types_120/scenario_solver_33_trains_1_units5.json","Cost of next node: Cost = 599.8 : 676.12 | cr=16, dd=3, da=3, tlv=15, sm=66, rd=81.82, cd=0, um=0","Time elapsed: 17.82 seconds","/home/thomasverwaal/Robust-Rail-NL/mathematical-models/local_search_plans_discreet_120/plan_33_trains_1_units5.json"
"/home/thomasverwaal/Robust-Rail-NL/mathematical-models/scenarios_solver_types_120/scenario_solver_33_trains_1_units5.json","Cost of next node: Cost = 524.8 : 606.12 | cr=16, dd=2, da=1, tlv=16, sm=66, rd=78.18, cd=0, um=0","Time elapsed: 18.17 seconds","/home/thomasverwaal/Robust-Rail-NL/mathematical-models/local_search_plans_discreet_120/plan_33_trains_1_units5.json"
"/home/thomasverwaal/Robust-Rail-NL/mathematical-models/scenarios_solver_types_120/scenario_solver_33_trains_1_units5.json","Cost of next node: Cost = 509.8 : 586.12 | cr=16, dd=2, da=1, tlv=15, sm=66, rd=80.00, cd=0, um=0","Time elapsed: 24.42 seconds","/home/thomasverwaal/Robust-Rail-NL/mathematical-models/local_search_plans_discreet_120/plan_33_trains_1_units5.json"
"/home/thomasverwaal/Robust-Rail-NL/mathematical-models/scenarios_solver_types_120/scenario_solver_33_trains_1_units5.json","Cost of next node: Cost = 499.8 : 576.12 | cr=15, dd=2, da=1, tlv=15, sm=66, rd=80.00, cd=0, um=0","Time elapsed: 29.65 seconds","/home/thomasverwaal/Robust-Rail-NL/mathematical-models/local_search_plans_discreet_120/plan_33_trains_1_units5.json"
"/home/thomasverwaal/Robust-Rail-NL/mathematical-models/scenarios_solver_types_120/scenario_solver_33_trains_1_units5.json","Cost of next node: Cost = 489.8 : 566.12 | cr=14, dd=2, da=1, tlv=15, sm=66, rd=80.00, cd=0, um=0","Time elapsed: 34.99 seconds","/home/thomasverwaal/Robust-Rail-NL/mathematical-models/local_search_plans_discreet_120/plan_33_trains_1_units5.json"
"/home/thomasverwaal/Robust-Rail-NL/mathematical-models/scenarios_solver_types_120/scenario_solver_33_trains_1_units5.json","Cost of next node: Cost = 479.8 : 556.12 | cr=13, dd=2, da=1, tlv=15, sm=66, rd=80.00, cd=0, um=0","Time elapsed: 39.92 seconds","/home/thomasverwaal/Robust-Rail-NL/mathematical-models/local_search_plans_discreet_120/plan_33_trains_1_units5.json"
"/home/thomasverwaal/Robust-Rail-NL/mathematical-models/scenarios_solver_types_120/scenario_solver_33_trains_1_units5.json","Cost of next node: Cost = 469.8 : 546.12 | cr=12, dd=2, da=1, tlv=15, sm=66, rd=80.00, cd=0, um=0","Time elapsed: 44.11 seconds","/home/thomasverwaal/Robust-Rail-NL/mathematical-models/local_search_plans_discreet_120/plan_33_trains_1_units5.json"
"/home/thomasverwaal/Robust-Rail-NL/mathematical-models/scenarios_solver_types_120/scenario_solver_33_trains_1_units5.json","Cost of next node: Cost = 459.8 : 536.12 | cr=11, dd=2, da=1, tlv=15, sm=66, rd=80.00, cd=0, um=0","Time elapsed: 47.94 seconds","/home/thomasverwaal/Robust-Rail-NL/mathematical-models/local_search_plans_discreet_120/plan_33_trains_1_units5.json"
"/home/thomasverwaal/Robust-Rail-NL/mathematical-models/scenarios_solver_types_120/scenario_solver_33_trains_1_units5.json","Cost of next node: Cost = 439.8 : 516.12 | cr=9, dd=2, da=1, tlv=15, sm=66, rd=81.82, cd=0, um=0","Time elapsed: 51.16 seconds","/home/thomasverwaal/Robust-Rail-NL/mathematical-models/local_search_plans_discreet_120/plan_33_trains_1_units5.json"
"/home/thomasverwaal/Robust-Rail-NL/mathematical-models/scenarios_solver_types_120/scenario_solver_33_trains_1_units5.json","Cost of next node: Cost = 429.8 : 506.12 | cr=8, dd=2, da=1, tlv=15, sm=66, rd=81.82, cd=0, um=0","Time elapsed: 54.09 seconds","/home/thomasverwaal/Robust-Rail-NL/mathematical-models/local_search_plans_discreet_120/plan_33_trains_1_units5.json"
"/home/thomasverwaal/Robust-Rail-NL/mathematical-models/scenarios_solver_types_120/scenario_solver_33_trains_1_units5.json","Cost of next node: Cost = 419.8 : 496.12 | cr=7, dd=2, da=1, tlv=15, sm=66, rd=81.82, cd=0, um=0","Time elapsed: 56.47 seconds","/home/thomasverwaal/Robust-Rail-NL/mathematical-models/local_search_plans_discreet_120/plan_33_trains_1_units5.json"
"/home/thomasverwaal/Robust-Rail-NL/mathematical-models/scenarios_solver_types_120/scenario_solver_33_trains_1_units5.json","Cost of next node: Cost = 404.8 : 476.12 | cr=7, dd=2, da=1, tlv=14, sm=66, rd=83.64, cd=0, um=0","Time elapsed: 58.53 seconds","/home/thomasverwaal/Robust-Rail-NL/mathematical-models/local_search_plans_discreet_120/plan_33_trains_1_units5.json"
"/home/thomasverwaal/Robust-Rail-NL/mathematical-models/scenarios_solver_types_120/scenario_solver_33_trains_1_units5.json","Cost of next node: Cost = 364.8 : 436.12 | cr=8, dd=1, da=1, tlv=14, sm=66, rd=83.64, cd=0, um=0","Time elapsed: 58.83 seconds","/home/thomasverwaal/Robust-Rail-NL/mathematical-models/local_search_plans_discreet_120/plan_33_trains_1_units5.json"
"/home/thomasverwaal/Robust-Rail-NL/mathematical-models/scenarios_solver_types_120/scenario_solver_33_trains_1_units5.json","Cost of next node: Cost = 344.8 : 416.12 | cr=6, dd=1, da=1, tlv=14, sm=66, rd=83.64, cd=0, um=0","Time elapsed: 61.25 seconds","/home/thomasverwaal/Robust-Rail-NL/mathematical-models/local_search_plans_discreet_120/plan_33_trains_1_units5.json"
"/home/thomasverwaal/Robust-Rail-NL/mathematical-models/scenarios_solver_types_120/scenario_solver_33_trains_1_units5.json","Cost of next node: Cost = 334.8 : 406.12 | cr=5, dd=1, da=1, tlv=14, sm=66, rd=83.64, cd=0, um=0","Time elapsed: 63.21 seconds","/home/thomasverwaal/Robust-Rail-NL/mathematical-models/local_search_plans_discreet_120/plan_33_trains_1_units5.json"
"/home/thomasverwaal/Robust-Rail-NL/mathematical-models/scenarios_solver_types_120/scenario_solver_33_trains_1_units5.json","Cost of next node: Cost = 324.8 : 396.12 | cr=4, dd=1, da=1, tlv=14, sm=66, rd=83.64, cd=0, um=0","Time elapsed: 65.01 seconds","/home/thomasverwaal/Robust-Rail-NL/mathematical-models/local_search_plans_discreet_120/plan_33_trains_1_units5.json"
"/home/thomasverwaal/Robust-Rail-NL/mathematical-models/scenarios_solver_types_120/scenario_solver_33_trains_1_units5.json","Cost of next node: Cost = 314.8 : 386.12 | cr=3, dd=1, da=1, tlv=14, sm=66, rd=83.64, cd=0, um=0","Time elapsed: 66.50 seconds","/home/thomasverwaal/Robust-Rail-NL/mathematical-models/local_search_plans_discreet_120/plan_33_trains_1_units5.json"
"/home/thomasverwaal/Robust-Rail-NL/mathematical-models/scenarios_solver_types_120/scenario_solver_33_trains_1_units5.json","Cost of next node: Cost = 300.0 : 381.32 | cr=6, dd=0, da=0, tlv=16, sm=66, rd=78.18, cd=0, um=0","Time elapsed: 76.78 seconds","/home/thomasverwaal/Robust-Rail-NL/mathematical-models/local_search_plans_discreet_120/plan_33_trains_1_units5.json"
"/home/thomasverwaal/Robust-Rail-NL/mathematical-models/scenarios_solver_types_120/scenario_solver_33_trains_1_units5.json","Cost of next node: Cost = 270.0 : 351.32 | cr=3, dd=0, da=0, tlv=16, sm=66, rd=78.18, cd=0, um=0","Time elapsed: 76.84 seconds","/home/thomasverwaal/Robust-Rail-NL/mathematical-models/local_search_plans_discreet_120/plan_33_trains_1_units5.json"
"/home/thomasverwaal/Robust-Rail-NL/mathematical-models/scenarios_solver_types_120/scenario_solver_33_trains_1_units5.json","Cost of next node: Cost = 255.0 : 331.32 | cr=3, dd=0, da=0, tlv=15, sm=66, rd=80.00, cd=0, um=0","Time elapsed: 78.42 seconds","/home/thomasverwaal/Robust-Rail-NL/mathematical-models/local_search_plans_discreet_120/plan_33_trains_1_units5.json"
"/home/thomasverwaal/Robust-Rail-NL/mathematical-models/scenarios_solver_types_120/scenario_solver_33_trains_1_units5.json","Cost of next node: Cost = 245.0 : 321.32 | cr=2, dd=0, da=0, tlv=15, sm=66, rd=80.00, cd=0, um=0","Time elapsed: 80.17 seconds","/home/thomasverwaal/Robust-Rail-NL/mathematical-models/local_search_plans_discreet_120/plan_33_trains_1_units5.json"
"/home/thomasverwaal/Robust-Rail-NL/mathematical-models/scenarios_solver_types_120/scenario_solver_33_trains_1_units5.json","Cost of next node: Cost = 240.9 : 312.22 | cr=1, dd=0, da=1, tlv=14, sm=66, rd=87.27, cd=0, um=0","Time elapsed: 148.27 seconds","/home/thomasverwaal/Robust-Rail-NL/mathematical-models/local_search_plans_discreet_120/plan_33_trains_1_units5.json"
"/home/thomasverwaal/Robust-Rail-NL/mathematical-models/scenarios_solver_types_120/scenario_solver_33_trains_1_units5.json","Cost of next node: Cost = 235.0 : 311.32 | cr=1, dd=0, da=0, tlv=15, sm=66, rd=83.64, cd=0, um=0","Time elapsed: 164.20 seconds","/home/thomasverwaal/Robust-Rail-NL/mathematical-models/local_search_plans_discreet_120/plan_33_trains_1_units5.json"
"/home/thomasverwaal/Robust-Rail-NL/mathematical-models/scenarios_solver_types_120/scenario_solver_33_trains_1_units5.json","Cost of next node: Cost = 230.0 : 301.36 | cr=2, dd=0, da=0, tlv=14, sm=68, rd=87.35, cd=0, um=0","Time elapsed: 193.74 seconds","/home/thomasverwaal/Robust-Rail-NL/mathematical-models/local_search_plans_discreet_120/plan_33_trains_1_units5.json"
"/home/thomasverwaal/Robust-Rail-NL/mathematical-models/scenarios_solver_types_120/scenario_solver_33_trains_1_units5.json","NO_COST_FOUND","NO_TIME_FOUND","NO_PLAN_CREATED"
"/home/thomasverwaal/Robust-Rail-NL/mathematical-models/scenarios_solver_types_120/scenario_solver_33_trains_1_units6.json","Cost of next node: Cost = 2,826.2 : 2,827.55 | cr=41, dd=33, da=31, tlv=0, sm=66, rd=178.18, cd=0, um=0","Time elapsed: 4.38 seconds","/home/thomasverwaal/Robust-Rail-NL/mathematical-models/local_search_plans_discreet_120/plan_33_trains_1_units6.json"
"/home/thomasverwaal/Robust-Rail-NL/mathematical-models/scenarios_solver_types_120/scenario_solver_33_trains_1_units6.json","Cost of next node: Cost = 2,798.9 : 2,800.23 | cr=39, dd=33, da=31, tlv=0, sm=66, rd=176.36, cd=0, um=0","Time elapsed: 4.59 seconds","/home/thomasverwaal/Robust-Rail-NL/mathematical-models/local_search_plans_discreet_120/plan_33_trains_1_units6.json"
"/home/thomasverwaal/Robust-Rail-NL/mathematical-models/scenarios_solver_types_120/scenario_solver_33_trains_1_units6.json","Cost of next node: Cost = 2,778.5 : 2,779.79 | cr=37, dd=33, da=31, tlv=0, sm=66, rd=176.36, cd=0, um=0","Time elapsed: 4.88 seconds","/home/thomasverwaal/Robust-Rail-NL/mathematical-models/local_search_plans_discreet_120/plan_33_trains_1_units6.json"
"/home/thomasverwaal/Robust-Rail-NL/mathematical-models/scenarios_solver_types_120/scenario_solver_33_trains_1_units6.json","Cost of next node: Cost = 2,757.8 : 2,759.08 | cr=35, dd=33, da=31, tlv=0, sm=66, rd=176.36, cd=0, um=0","Time elapsed: 5.19 seconds","/home/thomasverwaal/Robust-Rail-NL/mathematical-models/local_search_plans_discreet_120/plan_33_trains_1_units6.json"
"/home/thomasverwaal/Robust-Rail-NL/mathematical-models/scenarios_solver_types_120/scenario_solver_33_trains_1_units6.json","Cost of next node: Cost = 2,725.1 : 2,726.42 | cr=36, dd=33, da=30, tlv=0, sm=66, rd=171.82, cd=0, um=0","Time elapsed: 5.54 seconds","/home/thomasverwaal/Robust-Rail-NL/mathematical-models/local_search_plans_discreet_120/plan_33_trains_1_units6.json"
"/home/thomasverwaal/Robust-Rail-NL/mathematical-models/scenarios_solver_types_120/scenario_solver_33_trains_1_units6.json","Cost of next node: Cost = 2,671.9 : 2,673.21 | cr=37, dd=33, da=28, tlv=0, sm=66, rd=165.45, cd=0, um=0","Time elapsed: 5.90 seconds","/home/thomasverwaal/Robust-Rail-NL/mathematical-models/local_search_plans_discreet_120/plan_33_trains_1_units6.json"
"/home/thomasverwaal/Robust-Rail-NL/mathematical-models/scenarios_solver_types_120/scenario_solver_33_trains_1_units6.json","Cost of next node: Cost = 2,446.2 : 2,452.48 | cr=34, dd=33, da=17, tlv=1, sm=66, rd=162.73, cd=0, um=0","Time elapsed: 6.19 seconds","/home/thomasverwaal/Robust-Rail-NL/mathematical-models/local_search_plans_discreet_120/plan_33_trains_1_units6.json"
"/home/thomasverwaal/Robust-Rail-NL/mathematical-models/scenarios_solver_types_120/scenario_solver_33_trains_1_units6.json","Cost of next node: Cost = 2,426.0 : 2,432.30 | cr=32, dd=33, da=17, tlv=1, sm=66, rd=162.73, cd=0, um=0","Time elapsed: 6.25 seconds","/home/thomasverwaal/Robust-Rail-NL/mathematical-models/local_search_plans_discreet_120/plan_33_trains_1_units6.json"
"/home/thomasverwaal/Robust-Rail-NL/mathematical-models/scenarios_solver_types_120/scenario_solver_33_trains_1_units6.json","Cost of next node: Cost = 2,400.7 : 2,412.04 | cr=32, dd=33, da=15, tlv=2, sm=66, rd=160.91, cd=0, um=0","Time elapsed: 6.59 seconds","/home/thomasverwaal/Robust-Rail-NL/mathematical-models/local_search_plans_discreet_120/plan_33_trains_1_units6.json"
"/home/thomasverwaal/Robust-Rail-NL/mathematical-models/scenarios_solver_types_120/scenario_solver_33_trains_1_units6.json","Cost of next node: Cost = 2,374.7 : 2,391.05 | cr=32, dd=33, da=13, tlv=3, sm=66, rd=156.36, cd=0, um=0","Time elapsed: 6.89 seconds","/home/thomasverwaal/Robust-Rail-NL/mathematical-models/local_search_plans_discreet_120/plan_33_trains_1_units6.json"
"/home/thomasverwaal/Robust-Rail-NL/mathematical-models/scenarios_solver_types_120/scenario_solver_33_trains_1_units6.json","Cost of next node: Cost = 2,354.5 : 2,375.87 | cr=32, dd=33, da=12, tlv=4, sm=66, rd=149.09, cd=0, um=0","Time elapsed: 7.49 seconds","/home/thomasverwaal/Robust-Rail-NL/mathematical-models/local_search_plans_discreet_120/plan_33_trains_1_units6.json"
"/home/thomasverwaal/Robust-Rail-NL/mathematical-models/scenarios_solver_types_120/scenario_solver_33_trains_1_units6.json","Cost of next node: Cost = 2,329.5 : 2,355.87 | cr=28, dd=33, da=12, tlv=5, sm=66, rd=149.09, cd=0, um=0","Time elapsed: 8.37 seconds","/home/thomasverwaal/Robust-Rail-NL/mathematical-models/local_search_plans_discreet_120/plan_33_trains_1_units6.json"
"/home/thomasverwaal/Robust-Rail-NL/mathematical-models/scenarios_solver_types_120/scenario_solver_33_trains_1_units6.json","Cost of next node: Cost = 2,299.5 : 2,325.87 | cr=25, dd=33, da=12, tlv=5, sm=66, rd=149.09, cd=0, um=0","Time elapsed: 8.44 seconds","/home/thomasverwaal/Robust-Rail-NL/mathematical-models/local_search_plans_discreet_120/plan_33_trains_1_units6.json"
"/home/thomasverwaal/Robust-Rail-NL/mathematical-models/scenarios_solver_types_120/scenario_solver_33_trains_1_units6.json","Cost of next node: Cost = 2,273.3 : 2,304.67 | cr=23, dd=33, da=11, tlv=6, sm=66, rd=145.45, cd=0, um=0","Time elapsed: 8.73 seconds","/home/thomasverwaal/Robust-Rail-NL/mathematical-models/local_search_plans_discreet_120/plan_33_trains_1_units6.json"
"/home/thomasverwaal/Robust-Rail-NL/mathematical-models/scenarios_solver_types_120/scenario_solver_33_trains_1_units6.json","Cost of next node: Cost = 2,251.8 : 2,288.12 | cr=18, dd=33, da=11, tlv=7, sm=66, rd=149.09, cd=0, um=0","Time elapsed: 8.89 seconds","/home/thomasverwaal/Robust-Rail-NL/mathematical-models/local_search_plans_discreet_120/plan_33_trains_1_units6.json"
"/home/thomasverwaal/Robust-Rail-NL/mathematical-models/scenarios_solver_types_120/scenario_solver_33_trains_1_units6.json","Cost of next node: Cost = 2,212.2 : 2,253.50 | cr=15, dd=33, da=11, tlv=8, sm=66, rd=139.09, cd=0, um=0","Time elapsed: 9.24 seconds","/home/thomasverwaal/Robust-Rail-NL/mathematical-models/local_search_plans_discreet_120/plan_33_trains_1_units6.json"
"/home/thomasverwaal/Robust-Rail-NL/mathematical-models/scenarios_solver_types_120/scenario_solver_33_trains_1_units6.json","Cost of next node: Cost = 2,076.1 : 2,117.38 | cr=20, dd=30, da=11, tlv=8, sm=66, rd=129.09, cd=0, um=0","Time elapsed: 9.50 seconds","/home/thomasverwaal/Robust-Rail-NL/mathematical-models/local_search_plans_discreet_120/plan_33_trains_1_units6.json"
"/home/thomasverwaal/Robust-Rail-NL/mathematical-models/scenarios_solver_types_120/scenario_solver_33_trains_1_units6.json","Cost of next node: Cost = 2,016.8 : 2,058.07 | cr=19, dd=29, da=11, tlv=8, sm=66, rd=129.09, cd=0, um=0","Time elapsed: 9.61 seconds","/home/thomasverwaal/Robust-Rail-NL/mathematical-models/local_search_plans_discreet_120/plan_33_trains_1_units6.json"
"/home/thomasverwaal/Robust-Rail-NL/mathematical-models/scenarios_solver_types_120/scenario_solver_33_trains_1_units6.json","Cost of next node: Cost = 1,966.3 : 2,007.67 | cr=19, dd=28, da=11, tlv=8, sm=66, rd=129.09, cd=0, um=0","Time elapsed: 9.80 seconds","/home/thomasverwaal/Robust-Rail-NL/mathematical-models/local_search_plans_discreet_120/plan_33_trains_1_units6.json"
"/home/thomasverwaal/Robust-Rail-NL/mathematical-models/scenarios_solver_types_120/scenario_solver_33_trains_1_units6.json","Cost of next node: Cost = 1,917.0 : 1,958.31 | cr=19, dd=27, da=11, tlv=8, sm=66, rd=129.09, cd=0, um=0","Time elapsed: 9.94 seconds","/home/thomasverwaal/Robust-Rail-NL/mathematical-models/local_search_plans_discreet_120/plan_33_trains_1_units6.json"
"/home/thomasverwaal/Robust-Rail-NL/mathematical-models/scenarios_solver_types_120/scenario_solver_33_trains_1_units6.json","Cost of next node: Cost = 1,877.8 : 1,919.10 | cr=20, dd=26, da=11, tlv=8, sm=66, rd=129.09, cd=0, um=0","Time elapsed: 10.07 seconds","/home/thomasverwaal/Robust-Rail-NL/mathematical-models/local_search_plans_discreet_120/plan_33_trains_1_units6.json"
"/home/thomasverwaal/Robust-Rail-NL/mathematical-models/scenarios_solver_types_120/scenario_solver_33_trains_1_units6.json","Cost of next node: Cost = 1,852.8 : 1,899.10 | cr=16, dd=26, da=11, tlv=9, sm=66, rd=129.09, cd=0, um=0","Time elapsed: 10.25 seconds","/home/thomasverwaal/Robust-Rail-NL/mathematical-models/local_search_plans_discreet_120/plan_33_trains_1_units6.json"
"/home/thomasverwaal/Robust-Rail-NL/mathematical-models/scenarios_solver_types_120/scenario_solver_33_trains_1_units6.json","Cost of next node: Cost = 1,831.7 : 1,873.06 | cr=21, dd=25, da=11, tlv=8, sm=66, rd=125.45, cd=0, um=0","Time elapsed: 10.45 seconds","/home/thomasverwaal/Robust-Rail-NL/mathematical-models/local_search_plans_discreet_120/plan_33_trains_1_units6.json"
"/home/thomasverwaal/Robust-Rail-NL/mathematical-models/scenarios_solver_types_120/scenario_solver_33_trains_1_units6.json","Cost of next node: Cost = 1,781.6 : 1,822.97 | cr=21, dd=24, da=11, tlv=8, sm=66, rd=125.45, cd=0, um=0","Time elapsed: 10.55 seconds","/home/thomasverwaal/Robust-Rail-NL/mathematical-models/local_search_plans_discreet_120/plan_33_trains_1_units6.json"
"/home/thomasverwaal/Robust-Rail-NL/mathematical-models/scenarios_solver_types_120/scenario_solver_33_trains_1_units6.json","Cost of next node: Cost = 1,682.0 : 1,723.28 | cr=21, dd=22, da=11, tlv=8, sm=66, rd=125.45, cd=0, um=0","Time elapsed: 10.69 seconds","/home/thomasverwaal/Robust-Rail-NL/mathematical-models/local_search_plans_discreet_120/plan_33_trains_1_units6.json"
"/home/thomasverwaal/Robust-Rail-NL/mathematical-models/scenarios_solver_types_120/scenario_solver_33_trains_1_units6.json","Cost of next node: Cost = 1,583.6 : 1,624.94 | cr=21, dd=20, da=11, tlv=8, sm=66, rd=125.45, cd=0, um=0","Time elapsed: 10.79 seconds","/home/thomasverwaal/Robust-Rail-NL/mathematical-models/local_search_plans_discreet_120/plan_33_trains_1_units6.json"
"/home/thomasverwaal/Robust-Rail-NL/mathematical-models/scenarios_solver_types_120/scenario_solver_33_trains_1_units6.json","Cost of next node: Cost = 1,516.8 : 1,563.12 | cr=22, dd=19, da=9, tlv=9, sm=66, rd=121.82, cd=0, um=0","Time elapsed: 11.07 seconds","/home/thomasverwaal/Robust-Rail-NL/mathematical-models/local_search_plans_discreet_120/plan_33_trains_1_units6.json"
"/home/thomasverwaal/Robust-Rail-NL/mathematical-models/scenarios_solver_types_120/scenario_solver_33_trains_1_units6.json","Cost of next node: Cost = 1,484.6 : 1,535.93 | cr=25, dd=18, da=8, tlv=10, sm=66, rd=116.36, cd=0, um=0","Time elapsed: 11.34 seconds","/home/thomasverwaal/Robust-Rail-NL/mathematical-models/local_search_plans_discreet_120/plan_33_trains_1_units6.json"
"/home/thomasverwaal/Robust-Rail-NL/mathematical-models/scenarios_solver_types_120/scenario_solver_33_trains_1_units6.json","Cost of next node: Cost = 1,285.4 : 1,341.68 | cr=25, dd=15, da=5, tlv=11, sm=66, rd=110.91, cd=0, um=0","Time elapsed: 11.87 seconds","/home/thomasverwaal/Robust-Rail-NL/mathematical-models/local_search_plans_discreet_120/plan_33_trains_1_units6.json"
"/home/thomasverwaal/Robust-Rail-NL/mathematical-models/scenarios_solver_types_120/scenario_solver_33_trains_1_units6.json","Cost of next node: Cost = 1,256.1 : 1,312.42 | cr=27, dd=14, da=5, tlv=11, sm=66, rd=110.91, cd=0, um=0","Time elapsed: 11.96 seconds","/home/thomasverwaal/Robust-Rail-NL/mathematical-models/local_search_plans_discreet_120/plan_33_trains_1_units6.json"
"/home/thomasverwaal/Robust-Rail-NL/mathematical-models/scenarios_solver_types_120/scenario_solver_33_trains_1_units6.json","Cost of next node: Cost = 1,206.7 : 1,263.05 | cr=27, dd=13, da=5, tlv=11, sm=66, rd=110.91, cd=0, um=0","Time elapsed: 12.04 seconds","/home/thomasverwaal/Robust-Rail-NL/mathematical-models/local_search_plans_discreet_120/plan_33_trains_1_units6.json"
"/home/thomasverwaal/Robust-Rail-NL/mathematical-models/scenarios_solver_types_120/scenario_solver_33_trains_1_units6.json","Cost of next node: Cost = 1,186.7 : 1,243.05 | cr=25, dd=13, da=5, tlv=11, sm=66, rd=110.91, cd=0, um=0","Time elapsed: 12.23 seconds","/home/thomasverwaal/Robust-Rail-NL/mathematical-models/local_search_plans_discreet_120/plan_33_trains_1_units6.json"
"/home/thomasverwaal/Robust-Rail-NL/mathematical-models/scenarios_solver_types_120/scenario_solver_33_trains_1_units6.json","Cost of next node: Cost = 1,152.6 : 1,213.95 | cr=22, dd=13, da=4, tlv=12, sm=66, rd=107.27, cd=0, um=0","Time elapsed: 12.57 seconds","/home/thomasverwaal/Robust-Rail-NL/mathematical-models/local_search_plans_discreet_120/plan_33_trains_1_units6.json"
"/home/thomasverwaal/Robust-Rail-NL/mathematical-models/scenarios_solver_types_120/scenario_solver_33_trains_1_units6.json","Cost of next node: Cost = 995.3 : 1,061.63 | cr=20, dd=10, da=4, tlv=13, sm=66, rd=103.64, cd=0, um=0","Time elapsed: 12.81 seconds","/home/thomasverwaal/Robust-Rail-NL/mathematical-models/local_search_plans_discreet_120/plan_33_trains_1_units6.json"
"/home/thomasverwaal/Robust-Rail-NL/mathematical-models/scenarios_solver_types_120/scenario_solver_33_trains_1_units6.json","Cost of next node: Cost = 871.0 : 942.35 | cr=19, dd=8, da=3, tlv=14, sm=66, rd=96.36, cd=0, um=0","Time elapsed: 13.08 seconds","/home/thomasverwaal/Robust-Rail-NL/mathematical-models/local_search_plans_discreet_120/plan_33_trains_1_units6.json"
"/home/thomasverwaal/Robust-Rail-NL/mathematical-models/scenarios_solver_types_120/scenario_solver_33_trains_1_units6.json","Cost of next node: Cost = 841.0 : 912.35 | cr=16, dd=8, da=3, tlv=14, sm=66, rd=96.36, cd=0, um=0","Time elapsed: 13.12 seconds","/home/thomasverwaal/Robust-Rail-NL/mathematical-models/local_search_plans_discreet_120/plan_33_trains_1_units6.json"
"/home/thomasverwaal/Robust-Rail-NL/mathematical-models/scenarios_solver_types_120/scenario_solver_33_trains_1_units6.json","Cost of next node: Cost = 699.3 : 775.62 | cr=17, dd=5, da=2, tlv=15, sm=66, rd=91.82, cd=0, um=0","Time elapsed: 13.54 seconds","/home/thomasverwaal/Robust-Rail-NL/mathematical-models/local_search_plans_discreet_120/plan_33_trains_1_units6.json"
"/home/thomasverwaal/Robust-Rail-NL/mathematical-models/scenarios_solver_types_120/scenario_solver_33_trains_1_units6.json","Cost of next node: Cost = 559.8 : 636.12 | cr=14, dd=3, da=2, tlv=15, sm=66, rd=85.45, cd=0, um=0","Time elapsed: 13.59 seconds","/home/thomasverwaal/Robust-Rail-NL/mathematical-models/local_search_plans_discreet_120/plan_33_trains_1_units6.json"
"/home/thomasverwaal/Robust-Rail-NL/mathematical-models/scenarios_solver_types_120/scenario_solver_33_trains_1_units6.json","Cost of next node: Cost = 524.8 : 606.12 | cr=14, dd=2, da=2, tlv=16, sm=66, rd=83.64, cd=0, um=0","Time elapsed: 13.90 seconds","/home/thomasverwaal/Robust-Rail-NL/mathematical-models/local_search_plans_discreet_120/plan_33_trains_1_units6.json"
"/home/thomasverwaal/Robust-Rail-NL/mathematical-models/scenarios_solver_types_120/scenario_solver_33_trains_1_units6.json","Cost of next node: Cost = 499.8 : 576.12 | cr=13, dd=2, da=2, tlv=15, sm=66, rd=85.45, cd=0, um=0","Time elapsed: 14.33 seconds","/home/thomasverwaal/Robust-Rail-NL/mathematical-models/local_search_plans_discreet_120/plan_33_trains_1_units6.json"
"/home/thomasverwaal/Robust-Rail-NL/mathematical-models/scenarios_solver_types_120/scenario_solver_33_trains_1_units6.json","Cost of next node: Cost = 380.0 : 461.32 | cr=14, dd=0, da=0, tlv=16, sm=66, rd=80.00, cd=0, um=0","Time elapsed: 14.58 seconds","/home/thomasverwaal/Robust-Rail-NL/mathematical-models/local_search_plans_discreet_120/plan_33_trains_1_units6.json"
"/home/thomasverwaal/Robust-Rail-NL/mathematical-models/scenarios_solver_types_120/scenario_solver_33_trains_1_units6.json","Cost of next node: Cost = 360.0 : 441.32 | cr=12, dd=0, da=0, tlv=16, sm=66, rd=80.00, cd=0, um=0","Time elapsed: 17.16 seconds","/home/thomasverwaal/Robust-Rail-NL/mathematical-models/local_search_plans_discreet_120/plan_33_trains_1_units6.json"
"/home/thomasverwaal/Robust-Rail-NL/mathematical-models/scenarios_solver_types_120/scenario_solver_33_trains_1_units6.json","Cost of next node: Cost = 345.0 : 421.32 | cr=12, dd=0, da=0, tlv=15, sm=66, rd=81.82, cd=0, um=0","Time elapsed: 19.48 seconds","/home/thomasverwaal/Robust-Rail-NL/mathematical-models/local_search_plans_discreet_120/plan_33_trains_1_units6.json"
"/home/thomasverwaal/Robust-Rail-NL/mathematical-models/scenarios_solver_types_120/scenario_solver_33_trains_1_units6.json","Cost of next node: Cost = 335.0 : 411.32 | cr=11, dd=0, da=0, tlv=15, sm=66, rd=81.82, cd=0, um=0","Time elapsed: 21.86 seconds","/home/thomasverwaal/Robust-Rail-NL/mathematical-models/local_search_plans_discreet_120/plan_33_trains_1_units6.json"
"/home/thomasverwaal/Robust-Rail-NL/mathematical-models/scenarios_solver_types_120/scenario_solver_33_trains_1_units6.json","Cost of next node: Cost = 325.0 : 401.32 | cr=10, dd=0, da=0, tlv=15, sm=66, rd=81.82, cd=0, um=0","Time elapsed: 23.73 seconds","/home/thomasverwaal/Robust-Rail-NL/mathematical-models/local_search_plans_discreet_120/plan_33_trains_1_units6.json"
"/home/thomasverwaal/Robust-Rail-NL/mathematical-models/scenarios_solver_types_120/scenario_solver_33_trains_1_units6.json","Cost of next node: Cost = 315.0 : 391.32 | cr=9, dd=0, da=0, tlv=15, sm=66, rd=81.82, cd=0, um=0","Time elapsed: 25.49 seconds","/home/thomasverwaal/Robust-Rail-NL/mathematical-models/local_search_plans_discreet_120/plan_33_trains_1_units6.json"
"/home/thomasverwaal/Robust-Rail-NL/mathematical-models/scenarios_solver_types_120/scenario_solver_33_trains_1_units6.json","Cost of next node: Cost = 305.0 : 381.32 | cr=8, dd=0, da=0, tlv=15, sm=66, rd=83.64, cd=0, um=0","Time elapsed: 27.15 seconds","/home/thomasverwaal/Robust-Rail-NL/mathematical-models/local_search_plans_discreet_120/plan_33_trains_1_units6.json"
"/home/thomasverwaal/Robust-Rail-NL/mathematical-models/scenarios_solver_types_120/scenario_solver_33_trains_1_units6.json","Cost of next node: Cost = 295.0 : 371.32 | cr=7, dd=0, da=0, tlv=15, sm=66, rd=83.64, cd=0, um=0","Time elapsed: 28.67 seconds","/home/thomasverwaal/Robust-Rail-NL/mathematical-models/local_search_plans_discreet_120/plan_33_trains_1_units6.json"
"/home/thomasverwaal/Robust-Rail-NL/mathematical-models/scenarios_solver_types_120/scenario_solver_33_trains_1_units6.json","Cost of next node: Cost = 285.0 : 361.32 | cr=6, dd=0, da=0, tlv=15, sm=66, rd=85.45, cd=0, um=0","Time elapsed: 30.24 seconds","/home/thomasverwaal/Robust-Rail-NL/mathematical-models/local_search_plans_discreet_120/plan_33_trains_1_units6.json"
"/home/thomasverwaal/Robust-Rail-NL/mathematical-models/scenarios_solver_types_120/scenario_solver_33_trains_1_units6.json","Cost of next node: Cost = 275.0 : 351.32 | cr=5, dd=0, da=0, tlv=15, sm=66, rd=83.64, cd=0, um=0","Time elapsed: 31.67 seconds","/home/thomasverwaal/Robust-Rail-NL/mathematical-models/local_search_plans_discreet_120/plan_33_trains_1_units6.json"
"/home/thomasverwaal/Robust-Rail-NL/mathematical-models/scenarios_solver_types_120/scenario_solver_33_trains_1_units6.json","Cost of next node: Cost = 265.0 : 341.32 | cr=4, dd=0, da=0, tlv=15, sm=66, rd=83.64, cd=0, um=0","Time elapsed: 36.83 seconds","/home/thomasverwaal/Robust-Rail-NL/mathematical-models/local_search_plans_discreet_120/plan_33_trains_1_units6.json"
"/home/thomasverwaal/Robust-Rail-NL/mathematical-models/scenarios_solver_types_120/scenario_solver_33_trains_1_units6.json","Cost of next node: Cost = 260.0 : 331.32 | cr=5, dd=0, da=0, tlv=14, sm=66, rd=87.27, cd=0, um=0","Time elapsed: 211.07 seconds","/home/thomasverwaal/Robust-Rail-NL/mathematical-models/local_search_plans_discreet_120/plan_33_trains_1_units6.json"
"/home/thomasverwaal/Robust-Rail-NL/mathematical-models/scenarios_solver_types_120/scenario_solver_33_trains_1_units6.json","Cost of next node: Cost = 250.0 : 321.32 | cr=4, dd=0, da=0, tlv=14, sm=66, rd=87.27, cd=0, um=0","Time elapsed: 212.56 seconds","/home/thomasverwaal/Robust-Rail-NL/mathematical-models/local_search_plans_discreet_120/plan_33_trains_1_units6.json"
"/home/thomasverwaal/Robust-Rail-NL/mathematical-models/scenarios_solver_types_120/scenario_solver_33_trains_1_units6.json","NO_COST_FOUND","NO_TIME_FOUND","NO_PLAN_CREATED"
"/home/thomasverwaal/Robust-Rail-NL/mathematical-models/scenarios_solver_types_120/scenario_solver_33_trains_1_units7.json","Cost of next node: Cost = 2,816.4 : 2,817.71 | cr=41, dd=33, da=31, tlv=0, sm=66, rd=178.18, cd=0, um=0","Time elapsed: 4.34 seconds","/home/thomasverwaal/Robust-Rail-NL/mathematical-models/local_search_plans_discreet_120/plan_33_trains_1_units7.json"
"/home/thomasverwaal/Robust-Rail-NL/mathematical-models/scenarios_solver_types_120/scenario_solver_33_trains_1_units7.json","Cost of next node: Cost = 2,789.1 : 2,790.39 | cr=39, dd=33, da=31, tlv=0, sm=66, rd=176.36, cd=0, um=0","Time elapsed: 4.47 seconds","/home/thomasverwaal/Robust-Rail-NL/mathematical-models/local_search_plans_discreet_120/plan_33_trains_1_units7.json"
"/home/thomasverwaal/Robust-Rail-NL/mathematical-models/scenarios_solver_types_120/scenario_solver_33_trains_1_units7.json","Cost of next node: Cost = 2,768.6 : 2,769.95 | cr=37, dd=33, da=31, tlv=0, sm=66, rd=176.36, cd=0, um=0","Time elapsed: 4.75 seconds","/home/thomasverwaal/Robust-Rail-NL/mathematical-models/local_search_plans_discreet_120/plan_33_trains_1_units7.json"
"/home/thomasverwaal/Robust-Rail-NL/mathematical-models/scenarios_solver_types_120/scenario_solver_33_trains_1_units7.json","Cost of next node: Cost = 2,747.9 : 2,749.24 | cr=35, dd=33, da=31, tlv=0, sm=66, rd=176.36, cd=0, um=0","Time elapsed: 5.06 seconds","/home/thomasverwaal/Robust-Rail-NL/mathematical-models/local_search_plans_discreet_120/plan_33_trains_1_units7.json"
"/home/thomasverwaal/Robust-Rail-NL/mathematical-models/scenarios_solver_types_120/scenario_solver_33_trains_1_units7.json","Cost of next node: Cost = 2,713.5 : 2,719.83 | cr=36, dd=33, da=29, tlv=1, sm=66, rd=173.64, cd=0, um=0","Time elapsed: 5.35 seconds","/home/thomasverwaal/Robust-Rail-NL/mathematical-models/local_search_plans_discreet_120/plan_33_trains_1_units7.json"
"/home/thomasverwaal/Robust-Rail-NL/mathematical-models/scenarios_solver_types_120/scenario_solver_33_trains_1_units7.json","Cost of next node: Cost = 2,645.7 : 2,652.06 | cr=38, dd=33, da=25, tlv=1, sm=66, rd=167.27, cd=0, um=0","Time elapsed: 5.67 seconds","/home/thomasverwaal/Robust-Rail-NL/mathematical-models/local_search_plans_discreet_120/plan_33_trains_1_units7.json"
"/home/thomasverwaal/Robust-Rail-NL/mathematical-models/scenarios_solver_types_120/scenario_solver_33_trains_1_units7.json","Cost of next node: Cost = 2,615.6 : 2,621.89 | cr=35, dd=33, da=25, tlv=1, sm=66, rd=167.27, cd=0, um=0","Time elapsed: 5.73 seconds","/home/thomasverwaal/Robust-Rail-NL/mathematical-models/local_search_plans_discreet_120/plan_33_trains_1_units7.json"
"/home/thomasverwaal/Robust-Rail-NL/mathematical-models/scenarios_solver_types_120/scenario_solver_33_trains_1_units7.json","Cost of next node: Cost = 2,490.9 : 2,502.27 | cr=33, dd=33, da=18, tlv=2, sm=66, rd=170.91, cd=0, um=0","Time elapsed: 6.04 seconds","/home/thomasverwaal/Robust-Rail-NL/mathematical-models/local_search_plans_discreet_120/plan_33_trains_1_units7.json"
"/home/thomasverwaal/Robust-Rail-NL/mathematical-models/scenarios_solver_types_120/scenario_solver_33_trains_1_units7.json","Cost of next node: Cost = 2,468.3 : 2,479.62 | cr=31, dd=33, da=18, tlv=2, sm=66, rd=170.00, cd=0, um=0","Time elapsed: 6.12 seconds","/home/thomasverwaal/Robust-Rail-NL/mathematical-models/local_search_plans_discreet_120/plan_33_trains_1_units7.json"
"/home/thomasverwaal/Robust-Rail-NL/mathematical-models/scenarios_solver_types_120/scenario_solver_33_trains_1_units7.json","Cost of next node: Cost = 2,442.5 : 2,458.82 | cr=31, dd=33, da=16, tlv=3, sm=66, rd=168.18, cd=0, um=0","Time elapsed: 6.44 seconds","/home/thomasverwaal/Robust-Rail-NL/mathematical-models/local_search_plans_discreet_120/plan_33_trains_1_units7.json"
"/home/thomasverwaal/Robust-Rail-NL/mathematical-models/scenarios_solver_types_120/scenario_solver_33_trains_1_units7.json","Cost of next node: Cost = 2,410.8 : 2,427.08 | cr=34, dd=33, da=13, tlv=3, sm=66, rd=162.73, cd=0, um=0","Time elapsed: 6.69 seconds","/home/thomasverwaal/Robust-Rail-NL/mathematical-models/local_search_plans_discreet_120/plan_33_trains_1_units7.json"
"/home/thomasverwaal/Robust-Rail-NL/mathematical-models/scenarios_solver_types_120/scenario_solver_33_trains_1_units7.json","Cost of next node: Cost = 2,387.6 : 2,403.89 | cr=33, dd=33, da=13, tlv=3, sm=66, rd=159.09, cd=0, um=0","Time elapsed: 7.09 seconds","/home/thomasverwaal/Robust-Rail-NL/mathematical-models/local_search_plans_discreet_120/plan_33_trains_1_units7.json"
"/home/thomasverwaal/Robust-Rail-NL/mathematical-models/scenarios_solver_types_120/scenario_solver_33_trains_1_units7.json","Cost of next node: Cost = 2,318.0 : 2,339.36 | cr=27, dd=33, da=12, tlv=4, sm=66, rd=156.36, cd=0, um=0","Time elapsed: 7.58 seconds","/home/thomasverwaal/Robust-Rail-NL/mathematical-models/local_search_plans_discreet_120/plan_33_trains_1_units7.json"
"/home/thomasverwaal/Robust-Rail-NL/mathematical-models/scenarios_solver_types_120/scenario_solver_33_trains_1_units7.json","Cost of next node: Cost = 2,284.8 : 2,311.09 | cr=21, dd=33, da=12, tlv=5, sm=66, rd=162.73, cd=0, um=0","Time elapsed: 8.35 seconds","/home/thomasverwaal/Robust-Rail-NL/mathematical-models/local_search_plans_discreet_120/plan_33_trains_1_units7.json"
"/home/thomasverwaal/Robust-Rail-NL/mathematical-models/scenarios_solver_types_120/scenario_solver_33_trains_1_units7.json","Cost of next node: Cost = 2,261.4 : 2,287.77 | cr=20, dd=33, da=12, tlv=5, sm=66, rd=156.36, cd=0, um=0","Time elapsed: 8.41 seconds","/home/thomasverwaal/Robust-Rail-NL/mathematical-models/local_search_plans_discreet_120/plan_33_trains_1_units7.json"
"/home/thomasverwaal/Robust-Rail-NL/mathematical-models/scenarios_solver_types_120/scenario_solver_33_trains_1_units7.json","Cost of next node: Cost = 2,239.9 : 2,266.18 | cr=18, dd=33, da=12, tlv=5, sm=66, rd=153.64, cd=0, um=0","Time elapsed: 8.79 seconds","/home/thomasverwaal/Robust-Rail-NL/mathematical-models/local_search_plans_discreet_120/plan_33_trains_1_units7.json"
"/home/thomasverwaal/Robust-Rail-NL/mathematical-models/scenarios_solver_types_120/scenario_solver_33_trains_1_units7.json","Cost of next node: Cost = 2,206.5 : 2,237.84 | cr=15, dd=33, da=12, tlv=6, sm=66, rd=148.18, cd=0, um=0","Time elapsed: 9.15 seconds","/home/thomasverwaal/Robust-Rail-NL/mathematical-models/local_search_plans_discreet_120/plan_33_trains_1_units7.json"
"/home/thomasverwaal/Robust-Rail-NL/mathematical-models/scenarios_solver_types_120/scenario_solver_33_trains_1_units7.json","Cost of next node: Cost = 2,174.1 : 2,205.44 | cr=13, dd=33, da=12, tlv=6, sm=66, rd=142.73, cd=0, um=0","Time elapsed: 9.44 seconds","/home/thomasverwaal/Robust-Rail-NL/mathematical-models/local_search_plans_discreet_120/plan_33_trains_1_units7.json"
"/home/thomasverwaal/Robust-Rail-NL/mathematical-models/scenarios_solver_types_120/scenario_solver_33_trains_1_units7.json","Cost of next node: Cost = 2,150.7 : 2,181.99 | cr=16, dd=33, da=11, tlv=6, sm=66, rd=132.73, cd=0, um=0","Time elapsed: 9.72 seconds","/home/thomasverwaal/Robust-Rail-NL/mathematical-models/local_search_plans_discreet_120/plan_33_trains_1_units7.json"
"/home/thomasverwaal/Robust-Rail-NL/mathematical-models/scenarios_solver_types_120/scenario_solver_33_trains_1_units7.json","Cost of next node: Cost = 1,952.2 : 1,983.52 | cr=16, dd=29, da=11, tlv=6, sm=66, rd=132.73, cd=0, um=0","Time elapsed: 9.88 seconds","/home/thomasverwaal/Robust-Rail-NL/mathematical-models/local_search_plans_discreet_120/plan_33_trains_1_units7.json"
"/home/thomasverwaal/Robust-Rail-NL/mathematical-models/scenarios_solver_types_120/scenario_solver_33_trains_1_units7.json","Cost of next node: Cost = 1,911.9 : 1,943.25 | cr=17, dd=28, da=11, tlv=6, sm=66, rd=132.73, cd=0, um=0","Time elapsed: 9.96 seconds","/home/thomasverwaal/Robust-Rail-NL/mathematical-models/local_search_plans_discreet_120/plan_33_trains_1_units7.json"
"/home/thomasverwaal/Robust-Rail-NL/mathematical-models/scenarios_solver_types_120/scenario_solver_33_trains_1_units7.json","Cost of next node: Cost = 1,851.0 : 1,882.31 | cr=16, dd=27, da=11, tlv=6, sm=66, rd=131.82, cd=0, um=0","Time elapsed: 10.11 seconds","/home/thomasverwaal/Robust-Rail-NL/mathematical-models/local_search_plans_discreet_120/plan_33_trains_1_units7.json"
"/home/thomasverwaal/Robust-Rail-NL/mathematical-models/scenarios_solver_types_120/scenario_solver_33_trains_1_units7.json","Cost of next node: Cost = 1,801.2 : 1,832.52 | cr=16, dd=26, da=11, tlv=6, sm=66, rd=131.82, cd=0, um=0","Time elapsed: 10.22 seconds","/home/thomasverwaal/Robust-Rail-NL/mathematical-models/local_search_plans_discreet_120/plan_33_trains_1_units7.json"
"/home/thomasverwaal/Robust-Rail-NL/mathematical-models/scenarios_solver_types_120/scenario_solver_33_trains_1_units7.json","Cost of next node: Cost = 1,750.6 : 1,781.94 | cr=16, dd=25, da=11, tlv=6, sm=66, rd=131.82, cd=0, um=0","Time elapsed: 10.29 seconds","/home/thomasverwaal/Robust-Rail-NL/mathematical-models/local_search_plans_discreet_120/plan_33_trains_1_units7.json"
"/home/thomasverwaal/Robust-Rail-NL/mathematical-models/scenarios_solver_types_120/scenario_solver_33_trains_1_units7.json","Cost of next node: Cost = 1,711.0 : 1,742.28 | cr=17, dd=24, da=11, tlv=6, sm=66, rd=131.82, cd=0, um=0","Time elapsed: 10.49 seconds","/home/thomasverwaal/Robust-Rail-NL/mathematical-models/local_search_plans_discreet_120/plan_33_trains_1_units7.json"
"/home/thomasverwaal/Robust-Rail-NL/mathematical-models/scenarios_solver_types_120/scenario_solver_33_trains_1_units7.json","Cost of next node: Cost = 1,671.4 : 1,707.73 | cr=22, dd=22, da=11, tlv=7, sm=66, rd=126.36, cd=0, um=0","Time elapsed: 10.75 seconds","/home/thomasverwaal/Robust-Rail-NL/mathematical-models/local_search_plans_discreet_120/plan_33_trains_1_units7.json"
"/home/thomasverwaal/Robust-Rail-NL/mathematical-models/scenarios_solver_types_120/scenario_solver_33_trains_1_units7.json","Cost of next node: Cost = 1,646.7 : 1,678.03 | cr=21, dd=22, da=11, tlv=6, sm=66, rd=128.18, cd=0, um=0","Time elapsed: 10.92 seconds","/home/thomasverwaal/Robust-Rail-NL/mathematical-models/local_search_plans_discreet_120/plan_33_trains_1_units7.json"
"/home/thomasverwaal/Robust-Rail-NL/mathematical-models/scenarios_solver_types_120/scenario_solver_33_trains_1_units7.json","Cost of next node: Cost = 1,610.9 : 1,647.24 | cr=21, dd=21, da=11, tlv=7, sm=66, rd=126.36, cd=0, um=0","Time elapsed: 11.12 seconds","/home/thomasverwaal/Robust-Rail-NL/mathematical-models/local_search_plans_discreet_120/plan_33_trains_1_units7.json"
"/home/thomasverwaal/Robust-Rail-NL/mathematical-models/scenarios_solver_types_120/scenario_solver_33_trains_1_units7.json","Cost of next node: Cost = 1,549.2 : 1,585.54 | cr=20, dd=20, da=11, tlv=7, sm=66, rd=126.36, cd=0, um=0","Time elapsed: 11.21 seconds","/home/thomasverwaal/Robust-Rail-NL/mathematical-models/local_search_plans_discreet_120/plan_33_trains_1_units7.json"
"/home/thomasverwaal/Robust-Rail-NL/mathematical-models/scenarios_solver_types_120/scenario_solver_33_trains_1_units7.json","Cost of next node: Cost = 1,507.7 : 1,543.97 | cr=21, dd=19, da=11, tlv=7, sm=66, rd=126.36, cd=0, um=0","Time elapsed: 11.26 seconds","/home/thomasverwaal/Robust-Rail-NL/mathematical-models/local_search_plans_discreet_120/plan_33_trains_1_units7.json"
"/home/thomasverwaal/Robust-Rail-NL/mathematical-models/scenarios_solver_types_120/scenario_solver_33_trains_1_units7.json","Cost of next node: Cost = 1,437.2 : 1,473.55 | cr=21, dd=18, da=10, tlv=7, sm=66, rd=121.82, cd=0, um=0","Time elapsed: 11.37 seconds","/home/thomasverwaal/Robust-Rail-NL/mathematical-models/local_search_plans_discreet_120/plan_33_trains_1_units7.json"
"/home/thomasverwaal/Robust-Rail-NL/mathematical-models/scenarios_solver_types_120/scenario_solver_33_trains_1_units7.json","Cost of next node: Cost = 1,342.9 : 1,384.25 | cr=22, dd=16, da=9, tlv=8, sm=66, rd=118.18, cd=0, um=0","Time elapsed: 11.72 seconds","/home/thomasverwaal/Robust-Rail-NL/mathematical-models/local_search_plans_discreet_120/plan_33_trains_1_units7.json"
"/home/thomasverwaal/Robust-Rail-NL/mathematical-models/scenarios_solver_types_120/scenario_solver_33_trains_1_units7.json","Cost of next node: Cost = 1,305.0 : 1,351.29 | cr=22, dd=15, da=9, tlv=9, sm=66, rd=116.36, cd=0, um=0","Time elapsed: 11.95 seconds","/home/thomasverwaal/Robust-Rail-NL/mathematical-models/local_search_plans_discreet_120/plan_33_trains_1_units7.json"
"/home/thomasverwaal/Robust-Rail-NL/mathematical-models/scenarios_solver_types_120/scenario_solver_33_trains_1_units7.json","Cost of next node: Cost = 1,043.4 : 1,094.72 | cr=19, dd=11, da=7, tlv=10, sm=66, rd=110.91, cd=0, um=0","Time elapsed: 12.20 seconds","/home/thomasverwaal/Robust-Rail-NL/mathematical-models/local_search_plans_discreet_120/plan_33_trains_1_units7.json"
"/home/thomasverwaal/Robust-Rail-NL/mathematical-models/scenarios_solver_types_120/scenario_solver_33_trains_1_units7.json","Cost of next node: Cost = 957.2 : 1,013.47 | cr=20, dd=10, da=4, tlv=11, sm=66, rd=107.27, cd=0, um=0","Time elapsed: 12.45 seconds","/home/thomasverwaal/Robust-Rail-NL/mathematical-models/local_search_plans_discreet_120/plan_33_trains_1_units7.json"
"/home/thomasverwaal/Robust-Rail-NL/mathematical-models/scenarios_solver_types_120/scenario_solver_33_trains_1_units7.json","Cost of next node: Cost = 917.8 : 974.10 | cr=21, dd=9, da=4, tlv=11, sm=66, rd=107.27, cd=0, um=0","Time elapsed: 12.52 seconds","/home/thomasverwaal/Robust-Rail-NL/mathematical-models/local_search_plans_discreet_120/plan_33_trains_1_units7.json"
"/home/thomasverwaal/Robust-Rail-NL/mathematical-models/scenarios_solver_types_120/scenario_solver_33_trains_1_units7.json","Cost of next node: Cost = 892.8 : 954.10 | cr=17, dd=9, da=4, tlv=12, sm=66, rd=107.27, cd=0, um=0","Time elapsed: 12.77 seconds","/home/thomasverwaal/Robust-Rail-NL/mathematical-models/local_search_plans_discreet_120/plan_33_trains_1_units7.json"
"/home/thomasverwaal/Robust-Rail-NL/mathematical-models/scenarios_solver_types_120/scenario_solver_33_trains_1_units7.json","Cost of next node: Cost = 853.0 : 914.37 | cr=15, dd=9, da=3, tlv=12, sm=66, rd=103.64, cd=0, um=0","Time elapsed: 13.04 seconds","/home/thomasverwaal/Robust-Rail-NL/mathematical-models/local_search_plans_discreet_120/plan_33_trains_1_units7.json"
"/home/thomasverwaal/Robust-Rail-NL/mathematical-models/scenarios_solver_types_120/scenario_solver_33_trains_1_units7.json","Cost of next node: Cost = 799.3 : 865.59 | cr=15, dd=8, da=2, tlv=13, sm=66, rd=100.00, cd=0, um=0","Time elapsed: 13.37 seconds","/home/thomasverwaal/Robust-Rail-NL/mathematical-models/local_search_plans_discreet_120/plan_33_trains_1_units7.json"
"/home/thomasverwaal/Robust-Rail-NL/mathematical-models/scenarios_solver_types_120/scenario_solver_33_trains_1_units7.json","Cost of next node: Cost = 492.9 : 564.22 | cr=16, dd=2, da=1, tlv=14, sm=66, rd=89.09, cd=0, um=0","Time elapsed: 13.63 seconds","/home/thomasverwaal/Robust-Rail-NL/mathematical-models/local_search_plans_discreet_120/plan_33_trains_1_units7.json"
"/home/thomasverwaal/Robust-Rail-NL/mathematical-models/scenarios_solver_types_120/scenario_solver_33_trains_1_units7.json","Cost of next node: Cost = 452.9 : 524.22 | cr=12, dd=2, da=1, tlv=14, sm=66, rd=89.09, cd=0, um=0","Time elapsed: 13.74 seconds","/home/thomasverwaal/Robust-Rail-NL/mathematical-models/local_search_plans_discreet_120/plan_33_trains_1_units7.json"
"/home/thomasverwaal/Robust-Rail-NL/mathematical-models/scenarios_solver_types_120/scenario_solver_33_trains_1_units7.json","Cost of next node: Cost = 417.4 : 493.72 | cr=12, dd=1, da=1, tlv=15, sm=66, rd=87.27, cd=0, um=0","Time elapsed: 14.00 seconds","/home/thomasverwaal/Robust-Rail-NL/mathematical-models/local_search_plans_discreet_120/plan_33_trains_1_units7.json"
"/home/thomasverwaal/Robust-Rail-NL/mathematical-models/scenarios_solver_types_120/scenario_solver_33_trains_1_units7.json","Cost of next node: Cost = 392.4 : 463.72 | cr=11, dd=1, da=1, tlv=14, sm=66, rd=87.27, cd=0, um=0","Time elapsed: 14.19 seconds","/home/thomasverwaal/Robust-Rail-NL/mathematical-models/local_search_plans_discreet_120/plan_33_trains_1_units7.json"
"/home/thomasverwaal/Robust-Rail-NL/mathematical-models/scenarios_solver_types_120/scenario_solver_33_trains_1_units7.json","Cost of next node: Cost = 372.4 : 443.72 | cr=9, dd=1, da=1, tlv=14, sm=66, rd=85.45, cd=0, um=0","Time elapsed: 17.63 seconds","/home/thomasverwaal/Robust-Rail-NL/mathematical-models/local_search_plans_discreet_120/plan_33_trains_1_units7.json"
"/home/thomasverwaal/Robust-Rail-NL/mathematical-models/scenarios_solver_types_120/scenario_solver_33_trains_1_units7.json","Cost of next node: Cost = 362.4 : 433.72 | cr=8, dd=1, da=1, tlv=14, sm=66, rd=85.45, cd=0, um=0","Time elapsed: 20.79 seconds","/home/thomasverwaal/Robust-Rail-NL/mathematical-models/local_search_plans_discreet_120/plan_33_trains_1_units7.json"
"/home/thomasverwaal/Robust-Rail-NL/mathematical-models/scenarios_solver_types_120/scenario_solver_33_trains_1_units7.json","Cost of next node: Cost = 352.4 : 423.72 | cr=7, dd=1, da=1, tlv=14, sm=66, rd=85.45, cd=0, um=0","Time elapsed: 23.42 seconds","/home/thomasverwaal/Robust-Rail-NL/mathematical-models/local_search_plans_discreet_120/plan_33_trains_1_units7.json"
"/home/thomasverwaal/Robust-Rail-NL/mathematical-models/scenarios_solver_types_120/scenario_solver_33_trains_1_units7.json","Cost of next node: Cost = 347.4 : 413.72 | cr=8, dd=1, da=1, tlv=13, sm=66, rd=87.27, cd=0, um=0","Time elapsed: 25.78 seconds","/home/thomasverwaal/Robust-Rail-NL/mathematical-models/local_search_plans_discreet_120/plan_33_trains_1_units7.json"
"/home/thomasverwaal/Robust-Rail-NL/mathematical-models/scenarios_solver_types_120/scenario_solver_33_trains_1_units7.json","Cost of next node: Cost = 305.0 : 376.34 | cr=8, dd=0, da=0, tlv=15, sm=67, rd=87.76, cd=0, um=0","Time elapsed: 30.13 seconds","/home/thomasverwaal/Robust-Rail-NL/mathematical-models/local_search_plans_discreet_120/plan_33_trains_1_units7.json"
"/home/thomasverwaal/Robust-Rail-NL/mathematical-models/scenarios_solver_types_120/scenario_solver_33_trains_1_units7.json","Cost of next node: Cost = 290.0 : 361.32 | cr=8, dd=0, da=0, tlv=14, sm=66, rd=85.45, cd=0, um=0","Time elapsed: 32.14 seconds","/home/thomasverwaal/Robust-Rail-NL/mathematical-models/local_search_plans_discreet_120/plan_33_trains_1_units7.json"
"/home/thomasverwaal/Robust-Rail-NL/mathematical-models/scenarios_solver_types_120/scenario_solver_33_trains_1_units7.json","Cost of next node: Cost = 280.0 : 351.32 | cr=7, dd=0, da=0, tlv=14, sm=66, rd=83.64, cd=0, um=0","Time elapsed: 34.24 seconds","/home/thomasverwaal/Robust-Rail-NL/mathematical-models/local_search_plans_discreet_120/plan_33_trains_1_units7.json"
"/home/thomasverwaal/Robust-Rail-NL/mathematical-models/scenarios_solver_types_120/scenario_solver_33_trains_1_units7.json","Cost of next node: Cost = 270.0 : 341.32 | cr=6, dd=0, da=0, tlv=14, sm=66, rd=83.64, cd=0, um=0","Time elapsed: 36.59 seconds","/home/thomasverwaal/Robust-Rail-NL/mathematical-models/local_search_plans_discreet_120/plan_33_trains_1_units7.json"
"/home/thomasverwaal/Robust-Rail-NL/mathematical-models/scenarios_solver_types_120/scenario_solver_33_trains_1_units7.json","Cost of next node: Cost = 260.0 : 331.32 | cr=5, dd=0, da=0, tlv=14, sm=66, rd=83.64, cd=0, um=0","Time elapsed: 47.45 seconds","/home/thomasverwaal/Robust-Rail-NL/mathematical-models/local_search_plans_discreet_120/plan_33_trains_1_units7.json"
"/home/thomasverwaal/Robust-Rail-NL/mathematical-models/scenarios_solver_types_120/scenario_solver_33_trains_1_units7.json","Cost of next node: Cost = 250.0 : 321.32 | cr=4, dd=0, da=0, tlv=14, sm=66, rd=80.00, cd=0, um=0","Time elapsed: 67.20 seconds","/home/thomasverwaal/Robust-Rail-NL/mathematical-models/local_search_plans_discreet_120/plan_33_trains_1_units7.json"
"/home/thomasverwaal/Robust-Rail-NL/mathematical-models/scenarios_solver_types_120/scenario_solver_33_trains_1_units7.json","Cost of next node: Cost = 240.0 : 311.32 | cr=3, dd=0, da=0, tlv=14, sm=66, rd=80.00, cd=0, um=0","Time elapsed: 69.98 seconds","/home/thomasverwaal/Robust-Rail-NL/mathematical-models/local_search_plans_discreet_120/plan_33_trains_1_units7.json"
"/home/thomasverwaal/Robust-Rail-NL/mathematical-models/scenarios_solver_types_120/scenario_solver_33_trains_1_units7.json","Cost of next node: Cost = 230.0 : 301.32 | cr=2, dd=0, da=0, tlv=14, sm=66, rd=80.00, cd=0, um=0","Time elapsed: 72.40 seconds","/home/thomasverwaal/Robust-Rail-NL/mathematical-models/local_search_plans_discreet_120/plan_33_trains_1_units7.json"
"/home/thomasverwaal/Robust-Rail-NL/mathematical-models/scenarios_solver_types_120/scenario_solver_33_trains_1_units7.json","Cost of next node: Cost = 220.0 : 291.32 | cr=1, dd=0, da=0, tlv=14, sm=66, rd=80.00, cd=0, um=0","Time elapsed: 119.68 seconds","/home/thomasverwaal/Robust-Rail-NL/mathematical-models/local_search_plans_discreet_120/plan_33_trains_1_units7.json"
"/home/thomasverwaal/Robust-Rail-NL/mathematical-models/scenarios_solver_types_120/scenario_solver_33_trains_1_units7.json","NO_COST_FOUND","NO_TIME_FOUND","NO_PLAN_CREATED"
"/home/thomasverwaal/Robust-Rail-NL/mathematical-models/scenarios_solver_types_120/scenario_solver_33_trains_1_units8.json","Cost of next node: Cost = 2,811.7 : 2,812.98 | cr=41, dd=33, da=31, tlv=0, sm=66, rd=178.18, cd=0, um=0","Time elapsed: 4.38 seconds","/home/thomasverwaal/Robust-Rail-NL/mathematical-models/local_search_plans_discreet_120/plan_33_trains_1_units8.json"
"/home/thomasverwaal/Robust-Rail-NL/mathematical-models/scenarios_solver_types_120/scenario_solver_33_trains_1_units8.json","Cost of next node: Cost = 2,784.3 : 2,785.66 | cr=39, dd=33, da=31, tlv=0, sm=66, rd=176.36, cd=0, um=0","Time elapsed: 4.51 seconds","/home/thomasverwaal/Robust-Rail-NL/mathematical-models/local_search_plans_discreet_120/plan_33_trains_1_units8.json"
"/home/thomasverwaal/Robust-Rail-NL/mathematical-models/scenarios_solver_types_120/scenario_solver_33_trains_1_units8.json","Cost of next node: Cost = 2,763.9 : 2,765.21 | cr=37, dd=33, da=31, tlv=0, sm=66, rd=176.36, cd=0, um=0","Time elapsed: 4.80 seconds","/home/thomasverwaal/Robust-Rail-NL/mathematical-models/local_search_plans_discreet_120/plan_33_trains_1_units8.json"
"/home/thomasverwaal/Robust-Rail-NL/mathematical-models/scenarios_solver_types_120/scenario_solver_33_trains_1_units8.json","Cost of next node: Cost = 2,743.2 : 2,744.51 | cr=35, dd=33, da=31, tlv=0, sm=66, rd=176.36, cd=0, um=0","Time elapsed: 5.12 seconds","/home/thomasverwaal/Robust-Rail-NL/mathematical-models/local_search_plans_discreet_120/plan_33_trains_1_units8.json"
"/home/thomasverwaal/Robust-Rail-NL/mathematical-models/scenarios_solver_types_120/scenario_solver_33_trains_1_units8.json","Cost of next node: Cost = 2,710.4 : 2,711.71 | cr=36, dd=33, da=30, tlv=0, sm=66, rd=171.82, cd=0, um=0","Time elapsed: 5.45 seconds","/home/thomasverwaal/Robust-Rail-NL/mathematical-models/local_search_plans_discreet_120/plan_33_trains_1_units8.json"
"/home/thomasverwaal/Robust-Rail-NL/mathematical-models/scenarios_solver_types_120/scenario_solver_33_trains_1_units8.json","Cost of next node: Cost = 2,655.3 : 2,661.67 | cr=33, dd=33, da=28, tlv=1, sm=66, rd=170.91, cd=0, um=0","Time elapsed: 5.76 seconds","/home/thomasverwaal/Robust-Rail-NL/mathematical-models/local_search_plans_discreet_120/plan_33_trains_1_units8.json"
"/home/thomasverwaal/Robust-Rail-NL/mathematical-models/scenarios_solver_types_120/scenario_solver_33_trains_1_units8.json","Cost of next node: Cost = 2,473.9 : 2,480.20 | cr=33, dd=33, da=19, tlv=1, sm=66, rd=167.27, cd=0, um=0","Time elapsed: 6.01 seconds","/home/thomasverwaal/Robust-Rail-NL/mathematical-models/local_search_plans_discreet_120/plan_33_trains_1_units8.json"
"/home/thomasverwaal/Robust-Rail-NL/mathematical-models/scenarios_solver_types_120/scenario_solver_33_trains_1_units8.json","Cost of next node: Cost = 2,444.9 : 2,456.20 | cr=33, dd=33, da=17, tlv=2, sm=66, rd=162.73, cd=0, um=0","Time elapsed: 6.34 seconds","/home/thomasverwaal/Robust-Rail-NL/mathematical-models/local_search_plans_discreet_120/plan_33_trains_1_units8.json"
"/home/thomasverwaal/Robust-Rail-NL/mathematical-models/scenarios_solver_types_120/scenario_solver_33_trains_1_units8.json","Cost of next node: Cost = 2,399.4 : 2,415.71 | cr=33, dd=33, da=14, tlv=3, sm=66, rd=159.09, cd=0, um=0","Time elapsed: 6.71 seconds","/home/thomasverwaal/Robust-Rail-NL/mathematical-models/local_search_plans_discreet_120/plan_33_trains_1_units8.json"
"/home/thomasverwaal/Robust-Rail-NL/mathematical-models/scenarios_solver_types_120/scenario_solver_33_trains_1_units8.json","Cost of next node: Cost = 2,365.7 : 2,382.02 | cr=33, dd=33, da=13, tlv=3, sm=66, rd=153.64, cd=0, um=0","Time elapsed: 7.37 seconds","/home/thomasverwaal/Robust-Rail-NL/mathematical-models/local_search_plans_discreet_120/plan_33_trains_1_units8.json"
"/home/thomasverwaal/Robust-Rail-NL/mathematical-models/scenarios_solver_types_120/scenario_solver_33_trains_1_units8.json","Cost of next node: Cost = 2,340.7 : 2,362.02 | cr=29, dd=33, da=13, tlv=4, sm=66, rd=153.64, cd=0, um=0","Time elapsed: 8.36 seconds","/home/thomasverwaal/Robust-Rail-NL/mathematical-models/local_search_plans_discreet_120/plan_33_trains_1_units8.json"
"/home/thomasverwaal/Robust-Rail-NL/mathematical-models/scenarios_solver_types_120/scenario_solver_33_trains_1_units8.json","Cost of next node: Cost = 2,310.7 : 2,332.02 | cr=26, dd=33, da=13, tlv=4, sm=66, rd=153.64, cd=0, um=0","Time elapsed: 8.43 seconds","/home/thomasverwaal/Robust-Rail-NL/mathematical-models/local_search_plans_discreet_120/plan_33_trains_1_units8.json"
"/home/thomasverwaal/Robust-Rail-NL/mathematical-models/scenarios_solver_types_120/scenario_solver_33_trains_1_units8.json","Cost of next node: Cost = 2,288.8 : 2,315.15 | cr=25, dd=33, da=12, tlv=5, sm=66, rd=147.27, cd=0, um=0","Time elapsed: 8.66 seconds","/home/thomasverwaal/Robust-Rail-NL/mathematical-models/local_search_plans_discreet_120/plan_33_trains_1_units8.json"
"/home/thomasverwaal/Robust-Rail-NL/mathematical-models/scenarios_solver_types_120/scenario_solver_33_trains_1_units8.json","Cost of next node: Cost = 2,263.2 : 2,294.48 | cr=23, dd=33, da=12, tlv=6, sm=66, rd=138.18, cd=0, um=0","Time elapsed: 9.01 seconds","/home/thomasverwaal/Robust-Rail-NL/mathematical-models/local_search_plans_discreet_120/plan_33_trains_1_units8.json"
"/home/thomasverwaal/Robust-Rail-NL/mathematical-models/scenarios_solver_types_120/scenario_solver_33_trains_1_units8.json","Cost of next node: Cost = 2,209.6 : 2,240.90 | cr=30, dd=31, da=12, tlv=6, sm=66, rd=130.91, cd=0, um=0","Time elapsed: 9.27 seconds","/home/thomasverwaal/Robust-Rail-NL/mathematical-models/local_search_plans_discreet_120/plan_33_trains_1_units8.json"
"/home/thomasverwaal/Robust-Rail-NL/mathematical-models/scenarios_solver_types_120/scenario_solver_33_trains_1_units8.json","Cost of next node: Cost = 2,169.3 : 2,200.59 | cr=31, dd=30, da=12, tlv=6, sm=66, rd=130.91, cd=0, um=0","Time elapsed: 9.38 seconds","/home/thomasverwaal/Robust-Rail-NL/mathematical-models/local_search_plans_discreet_120/plan_33_trains_1_units8.json"
"/home/thomasverwaal/Robust-Rail-NL/mathematical-models/scenarios_solver_types_120/scenario_solver_33_trains_1_units8.json","Cost of next node: Cost = 2,011.5 : 2,042.85 | cr=30, dd=27, da=12, tlv=6, sm=66, rd=130.91, cd=0, um=0","Time elapsed: 9.50 seconds","/home/thomasverwaal/Robust-Rail-NL/mathematical-models/local_search_plans_discreet_120/plan_33_trains_1_units8.json"
"/home/thomasverwaal/Robust-Rail-NL/mathematical-models/scenarios_solver_types_120/scenario_solver_33_trains_1_units8.json","Cost of next node: Cost = 1,962.2 : 1,993.57 | cr=30, dd=26, da=12, tlv=6, sm=66, rd=130.91, cd=0, um=0","Time elapsed: 9.69 seconds","/home/thomasverwaal/Robust-Rail-NL/mathematical-models/local_search_plans_discreet_120/plan_33_trains_1_units8.json"
"/home/thomasverwaal/Robust-Rail-NL/mathematical-models/scenarios_solver_types_120/scenario_solver_33_trains_1_units8.json","Cost of next node: Cost = 1,913.0 : 1,944.34 | cr=30, dd=25, da=12, tlv=6, sm=66, rd=130.91, cd=0, um=0","Time elapsed: 9.80 seconds","/home/thomasverwaal/Robust-Rail-NL/mathematical-models/local_search_plans_discreet_120/plan_33_trains_1_units8.json"
"/home/thomasverwaal/Robust-Rail-NL/mathematical-models/scenarios_solver_types_120/scenario_solver_33_trains_1_units8.json","Cost of next node: Cost = 1,863.9 : 1,895.18 | cr=30, dd=24, da=12, tlv=6, sm=66, rd=130.91, cd=0, um=0","Time elapsed: 9.94 seconds","/home/thomasverwaal/Robust-Rail-NL/mathematical-models/local_search_plans_discreet_120/plan_33_trains_1_units8.json"
"/home/thomasverwaal/Robust-Rail-NL/mathematical-models/scenarios_solver_types_120/scenario_solver_33_trains_1_units8.json","Cost of next node: Cost = 1,813.4 : 1,844.71 | cr=30, dd=23, da=12, tlv=6, sm=66, rd=130.91, cd=0, um=0","Time elapsed: 10.13 seconds","/home/thomasverwaal/Robust-Rail-NL/mathematical-models/local_search_plans_discreet_120/plan_33_trains_1_units8.json"
"/home/thomasverwaal/Robust-Rail-NL/mathematical-models/scenarios_solver_types_120/scenario_solver_33_trains_1_units8.json","Cost of next node: Cost = 1,766.4 : 1,797.72 | cr=30, dd=22, da=12, tlv=6, sm=66, rd=132.73, cd=0, um=0","Time elapsed: 10.24 seconds","/home/thomasverwaal/Robust-Rail-NL/mathematical-models/local_search_plans_discreet_120/plan_33_trains_1_units8.json"
"/home/thomasverwaal/Robust-Rail-NL/mathematical-models/scenarios_solver_types_120/scenario_solver_33_trains_1_units8.json","Cost of next node: Cost = 1,722.7 : 1,754.05 | cr=31, dd=21, da=12, tlv=6, sm=66, rd=130.91, cd=0, um=0","Time elapsed: 10.35 seconds","/home/thomasverwaal/Robust-Rail-NL/mathematical-models/local_search_plans_discreet_120/plan_33_trains_1_units8.json"
"/home/thomasverwaal/Robust-Rail-NL/mathematical-models/scenarios_solver_types_120/scenario_solver_33_trains_1_units8.json","Cost of next node: Cost = 1,649.3 : 1,685.64 | cr=29, dd=20, da=11, tlv=7, sm=66, rd=127.27, cd=0, um=0","Time elapsed: 10.65 seconds","/home/thomasverwaal/Robust-Rail-NL/mathematical-models/local_search_plans_discreet_120/plan_33_trains_1_units8.json"
"/home/thomasverwaal/Robust-Rail-NL/mathematical-models/scenarios_solver_types_120/scenario_solver_33_trains_1_units8.json","Cost of next node: Cost = 1,623.5 : 1,664.79 | cr=25, dd=20, da=11, tlv=8, sm=66, rd=125.45, cd=0, um=0","Time elapsed: 10.83 seconds","/home/thomasverwaal/Robust-Rail-NL/mathematical-models/local_search_plans_discreet_120/plan_33_trains_1_units8.json"
"/home/thomasverwaal/Robust-Rail-NL/mathematical-models/scenarios_solver_types_120/scenario_solver_33_trains_1_units8.json","Cost of next node: Cost = 1,523.7 : 1,569.99 | cr=26, dd=18, da=10, tlv=9, sm=66, rd=121.82, cd=0, um=0","Time elapsed: 11.19 seconds","/home/thomasverwaal/Robust-Rail-NL/mathematical-models/local_search_plans_discreet_120/plan_33_trains_1_units8.json"
"/home/thomasverwaal/Robust-Rail-NL/mathematical-models/scenarios_solver_types_120/scenario_solver_33_trains_1_units8.json","Cost of next node: Cost = 1,463.2 : 1,509.52 | cr=25, dd=17, da=10, tlv=9, sm=66, rd=121.82, cd=0, um=0","Time elapsed: 11.31 seconds","/home/thomasverwaal/Robust-Rail-NL/mathematical-models/local_search_plans_discreet_120/plan_33_trains_1_units8.json"
"/home/thomasverwaal/Robust-Rail-NL/mathematical-models/scenarios_solver_types_120/scenario_solver_33_trains_1_units8.json","Cost of next node: Cost = 1,401.9 : 1,453.27 | cr=24, dd=16, da=9, tlv=10, sm=66, rd=120.00, cd=0, um=0","Time elapsed: 11.67 seconds","/home/thomasverwaal/Robust-Rail-NL/mathematical-models/local_search_plans_discreet_120/plan_33_trains_1_units8.json"
"/home/thomasverwaal/Robust-Rail-NL/mathematical-models/scenarios_solver_types_120/scenario_solver_33_trains_1_units8.json","Cost of next node: Cost = 1,361.6 : 1,407.89 | cr=27, dd=15, da=9, tlv=9, sm=66, rd=120.00, cd=0, um=0","Time elapsed: 11.77 seconds","/home/thomasverwaal/Robust-Rail-NL/mathematical-models/local_search_plans_discreet_120/plan_33_trains_1_units8.json"
"/home/thomasverwaal/Robust-Rail-NL/mathematical-models/scenarios_solver_types_120/scenario_solver_33_trains_1_units8.json","Cost of next node: Cost = 1,213.2 : 1,264.52 | cr=26, dd=14, da=4, tlv=10, sm=66, rd=114.55, cd=0, um=0","Time elapsed: 12.13 seconds","/home/thomasverwaal/Robust-Rail-NL/mathematical-models/local_search_plans_discreet_120/plan_33_trains_1_units8.json"
"/home/thomasverwaal/Robust-Rail-NL/mathematical-models/scenarios_solver_types_120/scenario_solver_33_trains_1_units8.json","Cost of next node: Cost = 1,140.2 : 1,196.48 | cr=24, dd=13, da=3, tlv=11, sm=66, rd=110.91, cd=0, um=0","Time elapsed: 12.39 seconds","/home/thomasverwaal/Robust-Rail-NL/mathematical-models/local_search_plans_discreet_120/plan_33_trains_1_units8.json"
"/home/thomasverwaal/Robust-Rail-NL/mathematical-models/scenarios_solver_types_120/scenario_solver_33_trains_1_units8.json","Cost of next node: Cost = 1,014.9 : 1,076.17 | cr=23, dd=11, da=2, tlv=12, sm=66, rd=103.64, cd=0, um=0","Time elapsed: 12.68 seconds","/home/thomasverwaal/Robust-Rail-NL/mathematical-models/local_search_plans_discreet_120/plan_33_trains_1_units8.json"
"/home/thomasverwaal/Robust-Rail-NL/mathematical-models/scenarios_solver_types_120/scenario_solver_33_trains_1_units8.json","Cost of next node: Cost = 990.1 : 1,051.42 | cr=20, dd=11, da=2, tlv=12, sm=66, rd=110.00, cd=0, um=0","Time elapsed: 12.74 seconds","/home/thomasverwaal/Robust-Rail-NL/mathematical-models/local_search_plans_discreet_120/plan_33_trains_1_units8.json"
"/home/thomasverwaal/Robust-Rail-NL/mathematical-models/scenarios_solver_types_120/scenario_solver_33_trains_1_units8.json","Cost of next node: Cost = 740.5 : 806.79 | cr=21, dd=6, da=1, tlv=13, sm=66, rd=99.09, cd=0, um=0","Time elapsed: 13.18 seconds","/home/thomasverwaal/Robust-Rail-NL/mathematical-models/local_search_plans_discreet_120/plan_33_trains_1_units8.json"
"/home/thomasverwaal/Robust-Rail-NL/mathematical-models/scenarios_solver_types_120/scenario_solver_33_trains_1_units8.json","Cost of next node: Cost = 710.5 : 776.79 | cr=18, dd=6, da=1, tlv=13, sm=66, rd=99.09, cd=0, um=0","Time elapsed: 13.26 seconds","/home/thomasverwaal/Robust-Rail-NL/mathematical-models/local_search_plans_discreet_120/plan_33_trains_1_units8.json"
"/home/thomasverwaal/Robust-Rail-NL/mathematical-models/scenarios_solver_types_120/scenario_solver_33_trains_1_units8.json","Cost of next node: Cost = 677.9 : 744.22 | cr=20, dd=5, da=1, tlv=13, sm=66, rd=99.09, cd=0, um=0","Time elapsed: 13.46 seconds","/home/thomasverwaal/Robust-Rail-NL/mathematical-models/local_search_plans_discreet_120/plan_33_trains_1_units8.json"
"/home/thomasverwaal/Robust-Rail-NL/mathematical-models/scenarios_solver_types_120/scenario_solver_33_trains_1_units8.json","Cost of next node: Cost = 639.5 : 705.82 | cr=22, dd=4, da=1, tlv=13, sm=66, rd=94.55, cd=0, um=0","Time elapsed: 13.73 seconds","/home/thomasverwaal/Robust-Rail-NL/mathematical-models/local_search_plans_discreet_120/plan_33_trains_1_units8.json"
"/home/thomasverwaal/Robust-Rail-NL/mathematical-models/scenarios_solver_types_120/scenario_solver_33_trains_1_units8.json","Cost of next node: Cost = 502.4 : 573.72 | cr=22, dd=1, da=1, tlv=14, sm=66, rd=92.73, cd=0, um=0","Time elapsed: 13.96 seconds","/home/thomasverwaal/Robust-Rail-NL/mathematical-models/local_search_plans_discreet_120/plan_33_trains_1_units8.json"
"/home/thomasverwaal/Robust-Rail-NL/mathematical-models/scenarios_solver_types_120/scenario_solver_33_trains_1_units8.json","Cost of next node: Cost = 476.5 : 552.82 | cr=20, dd=1, da=0, tlv=15, sm=66, rd=89.09, cd=0, um=0","Time elapsed: 14.27 seconds","/home/thomasverwaal/Robust-Rail-NL/mathematical-models/local_search_plans_discreet_120/plan_33_trains_1_units8.json"
"/home/thomasverwaal/Robust-Rail-NL/mathematical-models/scenarios_solver_types_120/scenario_solver_33_trains_1_units8.json","Cost of next node: Cost = 450.0 : 531.32 | cr=21, dd=0, da=0, tlv=16, sm=66, rd=87.27, cd=0, um=0","Time elapsed: 14.69 seconds","/home/thomasverwaal/Robust-Rail-NL/mathematical-models/local_search_plans_discreet_120/plan_33_trains_1_units8.json"
"/home/thomasverwaal/Robust-Rail-NL/mathematical-models/scenarios_solver_types_120/scenario_solver_33_trains_1_units8.json","Cost of next node: Cost = 425.0 : 501.32 | cr=20, dd=0, da=0, tlv=15, sm=66, rd=87.27, cd=0, um=0","Time elapsed: 14.90 seconds","/home/thomasverwaal/Robust-Rail-NL/mathematical-models/local_search_plans_discreet_120/plan_33_trains_1_units8.json"
"/home/thomasverwaal/Robust-Rail-NL/mathematical-models/scenarios_solver_types_120/scenario_solver_33_trains_1_units8.json","Cost of next node: Cost = 415.0 : 491.32 | cr=19, dd=0, da=0, tlv=15, sm=66, rd=87.27, cd=0, um=0","Time elapsed: 17.88 seconds","/home/thomasverwaal/Robust-Rail-NL/mathematical-models/local_search_plans_discreet_120/plan_33_trains_1_units8.json"
"/home/thomasverwaal/Robust-Rail-NL/mathematical-models/scenarios_solver_types_120/scenario_solver_33_trains_1_units8.json","Cost of next node: Cost = 405.0 : 481.32 | cr=18, dd=0, da=0, tlv=15, sm=66, rd=87.27, cd=0, um=0","Time elapsed: 20.51 seconds","/home/thomasverwaal/Robust-Rail-NL/mathematical-models/local_search_plans_discreet_120/plan_33_trains_1_units8.json"
"/home/thomasverwaal/Robust-Rail-NL/mathematical-models/scenarios_solver_types_120/scenario_solver_33_trains_1_units8.json","Cost of next node: Cost = 395.0 : 471.32 | cr=17, dd=0, da=0, tlv=15, sm=66, rd=89.09, cd=0, um=0","Time elapsed: 23.03 seconds","/home/thomasverwaal/Robust-Rail-NL/mathematical-models/local_search_plans_discreet_120/plan_33_trains_1_units8.json"
"/home/thomasverwaal/Robust-Rail-NL/mathematical-models/scenarios_solver_types_120/scenario_solver_33_trains_1_units8.json","Cost of next node: Cost = 385.0 : 461.32 | cr=16, dd=0, da=0, tlv=15, sm=66, rd=87.27, cd=0, um=0","Time elapsed: 25.23 seconds","/home/thomasverwaal/Robust-Rail-NL/mathematical-models/local_search_plans_discreet_120/plan_33_trains_1_units8.json"
"/home/thomasverwaal/Robust-Rail-NL/mathematical-models/scenarios_solver_types_120/scenario_solver_33_trains_1_units8.json","Cost of next node: Cost = 375.0 : 451.32 | cr=15, dd=0, da=0, tlv=15, sm=66, rd=83.64, cd=0, um=0","Time elapsed: 27.59 seconds","/home/thomasverwaal/Robust-Rail-NL/mathematical-models/local_search_plans_discreet_120/plan_33_trains_1_units8.json"
"/home/thomasverwaal/Robust-Rail-NL/mathematical-models/scenarios_solver_types_120/scenario_solver_33_trains_1_units8.json","Cost of next node: Cost = 365.0 : 441.32 | cr=14, dd=0, da=0, tlv=15, sm=66, rd=83.64, cd=0, um=0","Time elapsed: 29.88 seconds","/home/thomasverwaal/Robust-Rail-NL/mathematical-models/local_search_plans_discreet_120/plan_33_trains_1_units8.json"
"/home/thomasverwaal/Robust-Rail-NL/mathematical-models/scenarios_solver_types_120/scenario_solver_33_trains_1_units8.json","Cost of next node: Cost = 355.0 : 431.32 | cr=13, dd=0, da=0, tlv=15, sm=66, rd=85.45, cd=0, um=0","Time elapsed: 31.98 seconds","/home/thomasverwaal/Robust-Rail-NL/mathematical-models/local_search_plans_discreet_120/plan_33_trains_1_units8.json"
"/home/thomasverwaal/Robust-Rail-NL/mathematical-models/scenarios_solver_types_120/scenario_solver_33_trains_1_units8.json","Cost of next node: Cost = 345.0 : 421.32 | cr=12, dd=0, da=0, tlv=15, sm=66, rd=85.45, cd=0, um=0","Time elapsed: 34.26 seconds","/home/thomasverwaal/Robust-Rail-NL/mathematical-models/local_search_plans_discreet_120/plan_33_trains_1_units8.json"
"/home/thomasverwaal/Robust-Rail-NL/mathematical-models/scenarios_solver_types_120/scenario_solver_33_trains_1_units8.json","Cost of next node: Cost = 335.0 : 411.32 | cr=11, dd=0, da=0, tlv=15, sm=66, rd=85.45, cd=0, um=0","Time elapsed: 35.94 seconds","/home/thomasverwaal/Robust-Rail-NL/mathematical-models/local_search_plans_discreet_120/plan_33_trains_1_units8.json"
"/home/thomasverwaal/Robust-Rail-NL/mathematical-models/scenarios_solver_types_120/scenario_solver_33_trains_1_units8.json","Cost of next node: Cost = 325.0 : 401.32 | cr=10, dd=0, da=0, tlv=15, sm=66, rd=83.64, cd=0, um=0","Time elapsed: 37.44 seconds","/home/thomasverwaal/Robust-Rail-NL/mathematical-models/local_search_plans_discreet_120/plan_33_trains_1_units8.json"
"/home/thomasverwaal/Robust-Rail-NL/mathematical-models/scenarios_solver_types_120/scenario_solver_33_trains_1_units8.json","Cost of next node: Cost = 315.0 : 391.32 | cr=9, dd=0, da=0, tlv=15, sm=66, rd=83.64, cd=0, um=0","Time elapsed: 39.06 seconds","/home/thomasverwaal/Robust-Rail-NL/mathematical-models/local_search_plans_discreet_120/plan_33_trains_1_units8.json"
"/home/thomasverwaal/Robust-Rail-NL/mathematical-models/scenarios_solver_types_120/scenario_solver_33_trains_1_units8.json","Cost of next node: Cost = 310.0 : 391.32 | cr=7, dd=0, da=0, tlv=16, sm=66, rd=78.18, cd=0, um=0","Time elapsed: 40.45 seconds","/home/thomasverwaal/Robust-Rail-NL/mathematical-models/local_search_plans_discreet_120/plan_33_trains_1_units8.json"
"/home/thomasverwaal/Robust-Rail-NL/mathematical-models/scenarios_solver_types_120/scenario_solver_33_trains_1_units8.json","Cost of next node: Cost = 295.0 : 371.32 | cr=7, dd=0, da=0, tlv=15, sm=66, rd=80.00, cd=0, um=0","Time elapsed: 42.04 seconds","/home/thomasverwaal/Robust-Rail-NL/mathematical-models/local_search_plans_discreet_120/plan_33_trains_1_units8.json"
"/home/thomasverwaal/Robust-Rail-NL/mathematical-models/scenarios_solver_types_120/scenario_solver_33_trains_1_units8.json","Cost of next node: Cost = 285.0 : 361.32 | cr=6, dd=0, da=0, tlv=15, sm=66, rd=80.00, cd=0, um=0","Time elapsed: 46.26 seconds","/home/thomasverwaal/Robust-Rail-NL/mathematical-models/local_search_plans_discreet_120/plan_33_trains_1_units8.json"
"/home/thomasverwaal/Robust-Rail-NL/mathematical-models/scenarios_solver_types_120/scenario_solver_33_trains_1_units8.json","Cost of next node: Cost = 275.0 : 351.32 | cr=5, dd=0, da=0, tlv=15, sm=66, rd=80.00, cd=0, um=0","Time elapsed: 51.91 seconds","/home/thomasverwaal/Robust-Rail-NL/mathematical-models/local_search_plans_discreet_120/plan_33_trains_1_units8.json"
"/home/thomasverwaal/Robust-Rail-NL/mathematical-models/scenarios_solver_types_120/scenario_solver_33_trains_1_units8.json","Cost of next node: Cost = 265.0 : 341.34 | cr=4, dd=0, da=0, tlv=15, sm=67, rd=80.60, cd=0, um=0","Time elapsed: 59.35 seconds","/home/thomasverwaal/Robust-Rail-NL/mathematical-models/local_search_plans_discreet_120/plan_33_trains_1_units8.json"
"/home/thomasverwaal/Robust-Rail-NL/mathematical-models/scenarios_solver_types_120/scenario_solver_33_trains_1_units8.json","Cost of next node: Cost = 255.0 : 331.34 | cr=3, dd=0, da=0, tlv=15, sm=67, rd=80.60, cd=0, um=0","Time elapsed: 79.99 seconds","/home/thomasverwaal/Robust-Rail-NL/mathematical-models/local_search_plans_discreet_120/plan_33_trains_1_units8.json"
"/home/thomasverwaal/Robust-Rail-NL/mathematical-models/scenarios_solver_types_120/scenario_solver_33_trains_1_units8.json","NO_COST_FOUND","NO_TIME_FOUND","NO_PLAN_CREATED"
"/home/thomasverwaal/Robust-Rail-NL/mathematical-models/scenarios_solver_types_120/scenario_solver_33_trains_1_units9.json","Cost of next node: Cost = 2,814.1 : 2,815.39 | cr=41, dd=33, da=31, tlv=0, sm=66, rd=178.18, cd=0, um=0","Time elapsed: 4.34 seconds","/home/thomasverwaal/Robust-Rail-NL/mathematical-models/local_search_plans_discreet_120/plan_33_trains_1_units9.json"
"/home/thomasverwaal/Robust-Rail-NL/mathematical-models/scenarios_solver_types_120/scenario_solver_33_trains_1_units9.json","Cost of next node: Cost = 2,786.7 : 2,788.07 | cr=39, dd=33, da=31, tlv=0, sm=66, rd=176.36, cd=0, um=0","Time elapsed: 4.47 seconds","/home/thomasverwaal/Robust-Rail-NL/mathematical-models/local_search_plans_discreet_120/plan_33_trains_1_units9.json"
"/home/thomasverwaal/Robust-Rail-NL/mathematical-models/scenarios_solver_types_120/scenario_solver_33_trains_1_units9.json","Cost of next node: Cost = 2,766.3 : 2,767.63 | cr=37, dd=33, da=31, tlv=0, sm=66, rd=176.36, cd=0, um=0","Time elapsed: 4.75 seconds","/home/thomasverwaal/Robust-Rail-NL/mathematical-models/local_search_plans_discreet_120/plan_33_trains_1_units9.json"
"/home/thomasverwaal/Robust-Rail-NL/mathematical-models/scenarios_solver_types_120/scenario_solver_33_trains_1_units9.json","Cost of next node: Cost = 2,745.6 : 2,746.92 | cr=35, dd=33, da=31, tlv=0, sm=66, rd=176.36, cd=0, um=0","Time elapsed: 5.07 seconds","/home/thomasverwaal/Robust-Rail-NL/mathematical-models/local_search_plans_discreet_120/plan_33_trains_1_units9.json"
"/home/thomasverwaal/Robust-Rail-NL/mathematical-models/scenarios_solver_types_120/scenario_solver_33_trains_1_units9.json","Cost of next node: Cost = 2,712.9 : 2,714.18 | cr=36, dd=33, da=30, tlv=0, sm=66, rd=171.82, cd=0, um=0","Time elapsed: 5.41 seconds","/home/thomasverwaal/Robust-Rail-NL/mathematical-models/local_search_plans_discreet_120/plan_33_trains_1_units9.json"
"/home/thomasverwaal/Robust-Rail-NL/mathematical-models/scenarios_solver_types_120/scenario_solver_33_trains_1_units9.json","Cost of next node: Cost = 2,657.9 : 2,664.26 | cr=33, dd=33, da=28, tlv=1, sm=66, rd=170.91, cd=0, um=0","Time elapsed: 5.74 seconds","/home/thomasverwaal/Robust-Rail-NL/mathematical-models/local_search_plans_discreet_120/plan_33_trains_1_units9.json"
"/home/thomasverwaal/Robust-Rail-NL/mathematical-models/scenarios_solver_types_120/scenario_solver_33_trains_1_units9.json","Cost of next node: Cost = 2,515.6 : 2,521.90 | cr=33, dd=33, da=21, tlv=1, sm=66, rd=167.27, cd=0, um=0","Time elapsed: 5.99 seconds","/home/thomasverwaal/Robust-Rail-NL/mathematical-models/local_search_plans_discreet_120/plan_33_trains_1_units9.json"
"/home/thomasverwaal/Robust-Rail-NL/mathematical-models/scenarios_solver_types_120/scenario_solver_33_trains_1_units9.json","Cost of next node: Cost = 2,483.7 : 2,495.01 | cr=32, dd=33, da=19, tlv=2, sm=66, rd=166.36, cd=0, um=0","Time elapsed: 6.28 seconds","/home/thomasverwaal/Robust-Rail-NL/mathematical-models/local_search_plans_discreet_120/plan_33_trains_1_units9.json"
"/home/thomasverwaal/Robust-Rail-NL/mathematical-models/scenarios_solver_types_120/scenario_solver_33_trains_1_units9.json","Cost of next node: Cost = 2,445.3 : 2,461.67 | cr=31, dd=33, da=17, tlv=3, sm=66, rd=162.73, cd=0, um=0","Time elapsed: 6.56 seconds","/home/thomasverwaal/Robust-Rail-NL/mathematical-models/local_search_plans_discreet_120/plan_33_trains_1_units9.json"
"/home/thomasverwaal/Robust-Rail-NL/mathematical-models/scenarios_solver_types_120/scenario_solver_33_trains_1_units9.json","Cost of next node: Cost = 2,410.3 : 2,431.67 | cr=26, dd=33, da=17, tlv=4, sm=66, rd=162.73, cd=0, um=0","Time elapsed: 7.51 seconds","/home/thomasverwaal/Robust-Rail-NL/mathematical-models/local_search_plans_discreet_120/plan_33_trains_1_units9.json"
"/home/thomasverwaal/Robust-Rail-NL/mathematical-models/scenarios_solver_types_120/scenario_solver_33_trains_1_units9.json","Cost of next node: Cost = 2,362.2 : 2,388.55 | cr=22, dd=33, da=17, tlv=5, sm=66, rd=152.73, cd=0, um=0","Time elapsed: 8.45 seconds","/home/thomasverwaal/Robust-Rail-NL/mathematical-models/local_search_plans_discreet_120/plan_33_trains_1_units9.json"
"/home/thomasverwaal/Robust-Rail-NL/mathematical-models/scenarios_solver_types_120/scenario_solver_33_trains_1_units9.json","Cost of next node: Cost = 2,333.2 : 2,359.55 | cr=20, dd=33, da=17, tlv=5, sm=66, rd=151.82, cd=0, um=0","Time elapsed: 8.56 seconds","/home/thomasverwaal/Robust-Rail-NL/mathematical-models/local_search_plans_discreet_120/plan_33_trains_1_units9.json"
"/home/thomasverwaal/Robust-Rail-NL/mathematical-models/scenarios_solver_types_120/scenario_solver_33_trains_1_units9.json","Cost of next node: Cost = 2,295.1 : 2,316.39 | cr=19, dd=33, da=17, tlv=4, sm=66, rd=147.27, cd=0, um=0","Time elapsed: 8.96 seconds","/home/thomasverwaal/Robust-Rail-NL/mathematical-models/local_search_plans_discreet_120/plan_33_trains_1_units9.json"
"/home/thomasverwaal/Robust-Rail-NL/mathematical-models/scenarios_solver_types_120/scenario_solver_33_trains_1_units9.json","Cost of next node: Cost = 2,257.3 : 2,283.60 | cr=26, dd=31, da=17, tlv=5, sm=66, rd=140.00, cd=0, um=0","Time elapsed: 9.20 seconds","/home/thomasverwaal/Robust-Rail-NL/mathematical-models/local_search_plans_discreet_120/plan_33_trains_1_units9.json"
"/home/thomasverwaal/Robust-Rail-NL/mathematical-models/scenarios_solver_types_120/scenario_solver_33_trains_1_units9.json","Cost of next node: Cost = 2,235.8 : 2,262.10 | cr=24, dd=31, da=17, tlv=5, sm=66, rd=138.18, cd=0, um=0","Time elapsed: 9.27 seconds","/home/thomasverwaal/Robust-Rail-NL/mathematical-models/local_search_plans_discreet_120/plan_33_trains_1_units9.json"
"/home/thomasverwaal/Robust-Rail-NL/mathematical-models/scenarios_solver_types_120/scenario_solver_33_trains_1_units9.json","Cost of next node: Cost = 2,146.2 : 2,172.50 | cr=25, dd=29, da=17, tlv=5, sm=66, rd=138.18, cd=0, um=0","Time elapsed: 9.40 seconds","/home/thomasverwaal/Robust-Rail-NL/mathematical-models/local_search_plans_discreet_120/plan_33_trains_1_units9.json"
"/home/thomasverwaal/Robust-Rail-NL/mathematical-models/scenarios_solver_types_120/scenario_solver_33_trains_1_units9.json","Cost of next node: Cost = 2,061.6 : 2,092.92 | cr=24, dd=28, da=15, tlv=6, sm=66, rd=132.73, cd=0, um=0","Time elapsed: 9.56 seconds","/home/thomasverwaal/Robust-Rail-NL/mathematical-models/local_search_plans_discreet_120/plan_33_trains_1_units9.json"
"/home/thomasverwaal/Robust-Rail-NL/mathematical-models/scenarios_solver_types_120/scenario_solver_33_trains_1_units9.json","Cost of next node: Cost = 2,021.8 : 2,053.15 | cr=25, dd=27, da=15, tlv=6, sm=66, rd=132.73, cd=0, um=0","Time elapsed: 9.71 seconds","/home/thomasverwaal/Robust-Rail-NL/mathematical-models/local_search_plans_discreet_120/plan_33_trains_1_units9.json"
"/home/thomasverwaal/Robust-Rail-NL/mathematical-models/scenarios_solver_types_120/scenario_solver_33_trains_1_units9.json","Cost of next node: Cost = 1,972.5 : 2,003.86 | cr=25, dd=26, da=15, tlv=6, sm=66, rd=132.73, cd=0, um=0","Time elapsed: 9.88 seconds","/home/thomasverwaal/Robust-Rail-NL/mathematical-models/local_search_plans_discreet_120/plan_33_trains_1_units9.json"
"/home/thomasverwaal/Robust-Rail-NL/mathematical-models/scenarios_solver_types_120/scenario_solver_33_trains_1_units9.json","Cost of next node: Cost = 1,923.3 : 1,954.64 | cr=25, dd=25, da=15, tlv=6, sm=66, rd=132.73, cd=0, um=0","Time elapsed: 10.06 seconds","/home/thomasverwaal/Robust-Rail-NL/mathematical-models/local_search_plans_discreet_120/plan_33_trains_1_units9.json"
"/home/thomasverwaal/Robust-Rail-NL/mathematical-models/scenarios_solver_types_120/scenario_solver_33_trains_1_units9.json","Cost of next node: Cost = 1,883.8 : 1,915.13 | cr=26, dd=24, da=15, tlv=6, sm=66, rd=132.73, cd=0, um=0","Time elapsed: 10.19 seconds","/home/thomasverwaal/Robust-Rail-NL/mathematical-models/local_search_plans_discreet_120/plan_33_trains_1_units9.json"
"/home/thomasverwaal/Robust-Rail-NL/mathematical-models/scenarios_solver_types_120/scenario_solver_33_trains_1_units9.json","Cost of next node: Cost = 1,843.6 : 1,874.91 | cr=27, dd=23, da=15, tlv=6, sm=66, rd=132.73, cd=0, um=0","Time elapsed: 10.37 seconds","/home/thomasverwaal/Robust-Rail-NL/mathematical-models/local_search_plans_discreet_120/plan_33_trains_1_units9.json"
"/home/thomasverwaal/Robust-Rail-NL/mathematical-models/scenarios_solver_types_120/scenario_solver_33_trains_1_units9.json","Cost of next node: Cost = 1,770.0 : 1,806.33 | cr=25, dd=22, da=14, tlv=7, sm=66, rd=129.09, cd=0, um=0","Time elapsed: 10.57 seconds","/home/thomasverwaal/Robust-Rail-NL/mathematical-models/local_search_plans_discreet_120/plan_33_trains_1_units9.json"
"/home/thomasverwaal/Robust-Rail-NL/mathematical-models/scenarios_solver_types_120/scenario_solver_33_trains_1_units9.json","Cost of next node: Cost = 1,745.6 : 1,786.89 | cr=23, dd=22, da=13, tlv=8, sm=66, rd=125.45, cd=0, um=0","Time elapsed: 10.83 seconds","/home/thomasverwaal/Robust-Rail-NL/mathematical-models/local_search_plans_discreet_120/plan_33_trains_1_units9.json"
"/home/thomasverwaal/Robust-Rail-NL/mathematical-models/scenarios_solver_types_120/scenario_solver_33_trains_1_units9.json","Cost of next node: Cost = 1,714.0 : 1,755.31 | cr=25, dd=21, da=13, tlv=8, sm=66, rd=125.45, cd=0, um=0","Time elapsed: 10.95 seconds","/home/thomasverwaal/Robust-Rail-NL/mathematical-models/local_search_plans_discreet_120/plan_33_trains_1_units9.json"
"/home/thomasverwaal/Robust-Rail-NL/mathematical-models/scenarios_solver_types_120/scenario_solver_33_trains_1_units9.json","Cost of next node: Cost = 1,668.6 : 1,714.92 | cr=23, dd=21, da=11, tlv=9, sm=66, rd=121.82, cd=0, um=0","Time elapsed: 11.08 seconds","/home/thomasverwaal/Robust-Rail-NL/mathematical-models/local_search_plans_discreet_120/plan_33_trains_1_units9.json"
"/home/thomasverwaal/Robust-Rail-NL/mathematical-models/scenarios_solver_types_120/scenario_solver_33_trains_1_units9.json","Cost of next node: Cost = 1,638.3 : 1,684.62 | cr=20, dd=21, da=11, tlv=9, sm=66, rd=120.00, cd=0, um=0","Time elapsed: 11.48 seconds","/home/thomasverwaal/Robust-Rail-NL/mathematical-models/local_search_plans_discreet_120/plan_33_trains_1_units9.json"
"/home/thomasverwaal/Robust-Rail-NL/mathematical-models/scenarios_solver_types_120/scenario_solver_33_trains_1_units9.json","Cost of next node: Cost = 1,595.4 : 1,646.76 | cr=23, dd=19, da=12, tlv=10, sm=66, rd=120.00, cd=0, um=0","Time elapsed: 11.79 seconds","/home/thomasverwaal/Robust-Rail-NL/mathematical-models/local_search_plans_discreet_120/plan_33_trains_1_units9.json"
"/home/thomasverwaal/Robust-Rail-NL/mathematical-models/scenarios_solver_types_120/scenario_solver_33_trains_1_units9.json","Cost of next node: Cost = 1,553.5 : 1,604.85 | cr=24, dd=18, da=12, tlv=10, sm=66, rd=120.00, cd=0, um=0","Time elapsed: 11.84 seconds","/home/thomasverwaal/Robust-Rail-NL/mathematical-models/local_search_plans_discreet_120/plan_33_trains_1_units9.json"
"/home/thomasverwaal/Robust-Rail-NL/mathematical-models/scenarios_solver_types_120/scenario_solver_33_trains_1_units9.json","Cost of next node: Cost = 1,458.6 : 1,514.96 | cr=25, dd=16, da=11, tlv=11, sm=66, rd=120.91, cd=0, um=0","Time elapsed: 12.22 seconds","/home/thomasverwaal/Robust-Rail-NL/mathematical-models/local_search_plans_discreet_120/plan_33_trains_1_units9.json"
"/home/thomasverwaal/Robust-Rail-NL/mathematical-models/scenarios_solver_types_120/scenario_solver_33_trains_1_units9.json","Cost of next node: Cost = 1,403.2 : 1,459.55 | cr=25, dd=15, da=11, tlv=11, sm=66, rd=114.55, cd=0, um=0","Time elapsed: 12.26 seconds","/home/thomasverwaal/Robust-Rail-NL/mathematical-models/local_search_plans_discreet_120/plan_33_trains_1_units9.json"
"/home/thomasverwaal/Robust-Rail-NL/mathematical-models/scenarios_solver_types_120/scenario_solver_33_trains_1_units9.json","Cost of next node: Cost = 1,304.2 : 1,360.54 | cr=25, dd=13, da=11, tlv=11, sm=66, rd=114.55, cd=0, um=0","Time elapsed: 12.38 seconds","/home/thomasverwaal/Robust-Rail-NL/mathematical-models/local_search_plans_discreet_120/plan_33_trains_1_units9.json"
"/home/thomasverwaal/Robust-Rail-NL/mathematical-models/scenarios_solver_types_120/scenario_solver_33_trains_1_units9.json","Cost of next node: Cost = 1,274.2 : 1,330.54 | cr=22, dd=13, da=11, tlv=11, sm=66, rd=116.36, cd=0, um=0","Time elapsed: 12.56 seconds","/home/thomasverwaal/Robust-Rail-NL/mathematical-models/local_search_plans_discreet_120/plan_33_trains_1_units9.json"
"/home/thomasverwaal/Robust-Rail-NL/mathematical-models/scenarios_solver_types_120/scenario_solver_33_trains_1_units9.json","Cost of next node: Cost = 1,197.4 : 1,258.70 | cr=22, dd=12, da=9, tlv=12, sm=66, rd=112.73, cd=0, um=0","Time elapsed: 12.79 seconds","/home/thomasverwaal/Robust-Rail-NL/mathematical-models/local_search_plans_discreet_120/plan_33_trains_1_units9.json"
"/home/thomasverwaal/Robust-Rail-NL/mathematical-models/scenarios_solver_types_120/scenario_solver_33_trains_1_units9.json","Cost of next node: Cost = 1,036.2 : 1,097.57 | cr=19, dd=11, da=5, tlv=12, sm=66, rd=107.27, cd=0, um=0","Time elapsed: 13.15 seconds","/home/thomasverwaal/Robust-Rail-NL/mathematical-models/local_search_plans_discreet_120/plan_33_trains_1_units9.json"
"/home/thomasverwaal/Robust-Rail-NL/mathematical-models/scenarios_solver_types_120/scenario_solver_33_trains_1_units9.json","Cost of next node: Cost = 992.5 : 1,058.84 | cr=20, dd=10, da=4, tlv=13, sm=66, rd=103.64, cd=0, um=0","Time elapsed: 13.37 seconds","/home/thomasverwaal/Robust-Rail-NL/mathematical-models/local_search_plans_discreet_120/plan_33_trains_1_units9.json"
"/home/thomasverwaal/Robust-Rail-NL/mathematical-models/scenarios_solver_types_120/scenario_solver_33_trains_1_units9.json","Cost of next node: Cost = 946.5 : 1,017.79 | cr=21, dd=9, da=3, tlv=14, sm=66, rd=100.00, cd=0, um=0","Time elapsed: 13.63 seconds","/home/thomasverwaal/Robust-Rail-NL/mathematical-models/local_search_plans_discreet_120/plan_33_trains_1_units9.json"
"/home/thomasverwaal/Robust-Rail-NL/mathematical-models/scenarios_solver_types_120/scenario_solver_33_trains_1_units9.json","Cost of next node: Cost = 906.5 : 977.79 | cr=17, dd=9, da=3, tlv=14, sm=66, rd=100.00, cd=0, um=0","Time elapsed: 13.70 seconds","/home/thomasverwaal/Robust-Rail-NL/mathematical-models/local_search_plans_discreet_120/plan_33_trains_1_units9.json"
"/home/thomasverwaal/Robust-Rail-NL/mathematical-models/scenarios_solver_types_120/scenario_solver_33_trains_1_units9.json","Cost of next node: Cost = 866.2 : 937.50 | cr=18, dd=8, da=3, tlv=14, sm=66, rd=100.00, cd=0, um=0","Time elapsed: 13.80 seconds","/home/thomasverwaal/Robust-Rail-NL/mathematical-models/local_search_plans_discreet_120/plan_33_trains_1_units9.json"
"/home/thomasverwaal/Robust-Rail-NL/mathematical-models/scenarios_solver_types_120/scenario_solver_33_trains_1_units9.json","Cost of next node: Cost = 838.0 : 914.32 | cr=16, dd=8, da=2, tlv=15, sm=66, rd=94.55, cd=0, um=0","Time elapsed: 14.19 seconds","/home/thomasverwaal/Robust-Rail-NL/mathematical-models/local_search_plans_discreet_120/plan_33_trains_1_units9.json"
"/home/thomasverwaal/Robust-Rail-NL/mathematical-models/scenarios_solver_types_120/scenario_solver_33_trains_1_units9.json","Cost of next node: Cost = 512.4 : 593.72 | cr=20, dd=1, da=1, tlv=16, sm=66, rd=83.64, cd=0, um=0","Time elapsed: 14.47 seconds","/home/thomasverwaal/Robust-Rail-NL/mathematical-models/local_search_plans_discreet_120/plan_33_trains_1_units9.json"
"/home/thomasverwaal/Robust-Rail-NL/mathematical-models/scenarios_solver_types_120/scenario_solver_33_trains_1_units9.json","Cost of next node: Cost = 472.4 : 553.72 | cr=16, dd=1, da=1, tlv=16, sm=66, rd=83.64, cd=0, um=0","Time elapsed: 14.56 seconds","/home/thomasverwaal/Robust-Rail-NL/mathematical-models/local_search_plans_discreet_120/plan_33_trains_1_units9.json"
"/home/thomasverwaal/Robust-Rail-NL/mathematical-models/scenarios_solver_types_120/scenario_solver_33_trains_1_units9.json","Cost of next node: Cost = 446.8 : 533.12 | cr=17, dd=0, da=1, tlv=17, sm=66, rd=81.82, cd=0, um=0","Time elapsed: 14.99 seconds","/home/thomasverwaal/Robust-Rail-NL/mathematical-models/local_search_plans_discreet_120/plan_33_trains_1_units9.json"
"/home/thomasverwaal/Robust-Rail-NL/mathematical-models/scenarios_solver_types_120/scenario_solver_33_trains_1_units9.json","Cost of next node: Cost = 416.8 : 503.12 | cr=14, dd=0, da=1, tlv=17, sm=66, rd=81.82, cd=0, um=0","Time elapsed: 15.12 seconds","/home/thomasverwaal/Robust-Rail-NL/mathematical-models/local_search_plans_discreet_120/plan_33_trains_1_units9.json"
"/home/thomasverwaal/Robust-Rail-NL/mathematical-models/scenarios_solver_types_120/scenario_solver_33_trains_1_units9.json","Cost of next node: Cost = 400.0 : 491.32 | cr=13, dd=0, da=0, tlv=18, sm=66, rd=76.36, cd=0, um=0","Time elapsed: 18.63 seconds","/home/thomasverwaal/Robust-Rail-NL/mathematical-models/local_search_plans_discreet_120/plan_33_trains_1_units9.json"
"/home/thomasverwaal/Robust-Rail-NL/mathematical-models/scenarios_solver_types_120/scenario_solver_33_trains_1_units9.json","Cost of next node: Cost = 385.0 : 471.32 | cr=13, dd=0, da=0, tlv=17, sm=66, rd=78.18, cd=0, um=0","Time elapsed: 22.33 seconds","/home/thomasverwaal/Robust-Rail-NL/mathematical-models/local_search_plans_discreet_120/plan_33_trains_1_units9.json"
"/home/thomasverwaal/Robust-Rail-NL/mathematical-models/scenarios_solver_types_120/scenario_solver_33_trains_1_units9.json","Cost of next node: Cost = 375.0 : 461.32 | cr=12, dd=0, da=0, tlv=17, sm=66, rd=78.18, cd=0, um=0","Time elapsed: 26.23 seconds","/home/thomasverwaal/Robust-Rail-NL/mathematical-models/local_search_plans_discreet_120/plan_33_trains_1_units9.json"
"/home/thomasverwaal/Robust-Rail-NL/mathematical-models/scenarios_solver_types_120/scenario_solver_33_trains_1_units9.json","Cost of next node: Cost = 365.0 : 451.32 | cr=11, dd=0, da=0, tlv=17, sm=66, rd=78.18, cd=0, um=0","Time elapsed: 29.54 seconds","/home/thomasverwaal/Robust-Rail-NL/mathematical-models/local_search_plans_discreet_120/plan_33_trains_1_units9.json"
"/home/thomasverwaal/Robust-Rail-NL/mathematical-models/scenarios_solver_types_120/scenario_solver_33_trains_1_units9.json","Cost of next node: Cost = 355.0 : 441.32 | cr=10, dd=0, da=0, tlv=17, sm=66, rd=78.18, cd=0, um=0","Time elapsed: 33.03 seconds","/home/thomasverwaal/Robust-Rail-NL/mathematical-models/local_search_plans_discreet_120/plan_33_trains_1_units9.json"
"/home/thomasverwaal/Robust-Rail-NL/mathematical-models/scenarios_solver_types_120/scenario_solver_33_trains_1_units9.json","Cost of next node: Cost = 345.0 : 431.32 | cr=9, dd=0, da=0, tlv=17, sm=66, rd=76.36, cd=0, um=0","Time elapsed: 36.27 seconds","/home/thomasverwaal/Robust-Rail-NL/mathematical-models/local_search_plans_discreet_120/plan_33_trains_1_units9.json"
"/home/thomasverwaal/Robust-Rail-NL/mathematical-models/scenarios_solver_types_120/scenario_solver_33_trains_1_units9.json","Cost of next node: Cost = 335.0 : 421.32 | cr=8, dd=0, da=0, tlv=17, sm=66, rd=76.36, cd=0, um=0","Time elapsed: 39.98 seconds","/home/thomasverwaal/Robust-Rail-NL/mathematical-models/local_search_plans_discreet_120/plan_33_trains_1_units9.json"
"/home/thomasverwaal/Robust-Rail-NL/mathematical-models/scenarios_solver_types_120/scenario_solver_33_trains_1_units9.json","Cost of next node: Cost = 325.0 : 411.32 | cr=7, dd=0, da=0, tlv=17, sm=66, rd=76.36, cd=0, um=0","Time elapsed: 43.87 seconds","/home/thomasverwaal/Robust-Rail-NL/mathematical-models/local_search_plans_discreet_120/plan_33_trains_1_units9.json"
"/home/thomasverwaal/Robust-Rail-NL/mathematical-models/scenarios_solver_types_120/scenario_solver_33_trains_1_units9.json","Cost of next node: Cost = 310.0 : 391.32 | cr=7, dd=0, da=0, tlv=16, sm=66, rd=78.18, cd=0, um=0","Time elapsed: 47.58 seconds","/home/thomasverwaal/Robust-Rail-NL/mathematical-models/local_search_plans_discreet_120/plan_33_trains_1_units9.json"
"/home/thomasverwaal/Robust-Rail-NL/mathematical-models/scenarios_solver_types_120/scenario_solver_33_trains_1_units9.json","Cost of next node: Cost = 300.0 : 381.32 | cr=6, dd=0, da=0, tlv=16, sm=66, rd=78.18, cd=0, um=0","Time elapsed: 51.39 seconds","/home/thomasverwaal/Robust-Rail-NL/mathematical-models/local_search_plans_discreet_120/plan_33_trains_1_units9.json"
"/home/thomasverwaal/Robust-Rail-NL/mathematical-models/scenarios_solver_types_120/scenario_solver_33_trains_1_units9.json","Cost of next node: Cost = 290.0 : 371.32 | cr=5, dd=0, da=0, tlv=16, sm=66, rd=78.18, cd=0, um=0","Time elapsed: 54.27 seconds","/home/thomasverwaal/Robust-Rail-NL/mathematical-models/local_search_plans_discreet_120/plan_33_trains_1_units9.json"
"/home/thomasverwaal/Robust-Rail-NL/mathematical-models/scenarios_solver_types_120/scenario_solver_33_trains_1_units9.json","Cost of next node: Cost = 280.0 : 361.32 | cr=4, dd=0, da=0, tlv=16, sm=66, rd=78.18, cd=0, um=0","Time elapsed: 56.63 seconds","/home/thomasverwaal/Robust-Rail-NL/mathematical-models/local_search_plans_discreet_120/plan_33_trains_1_units9.json"
"/home/thomasverwaal/Robust-Rail-NL/mathematical-models/scenarios_solver_types_120/scenario_solver_33_trains_1_units9.json","Cost of next node: Cost = 265.0 : 341.32 | cr=4, dd=0, da=0, tlv=15, sm=66, rd=78.18, cd=0, um=0","Time elapsed: 58.56 seconds","/home/thomasverwaal/Robust-Rail-NL/mathematical-models/local_search_plans_discreet_120/plan_33_trains_1_units9.json"
"/home/thomasverwaal/Robust-Rail-NL/mathematical-models/scenarios_solver_types_120/scenario_solver_33_trains_1_units9.json","Cost of next node: Cost = 255.0 : 331.32 | cr=3, dd=0, da=0, tlv=15, sm=66, rd=78.18, cd=0, um=0","Time elapsed: 60.72 seconds","/home/thomasverwaal/Robust-Rail-NL/mathematical-models/local_search_plans_discreet_120/plan_33_trains_1_units9.json"
"/home/thomasverwaal/Robust-Rail-NL/mathematical-models/scenarios_solver_types_120/scenario_solver_33_trains_1_units9.json","Cost of next node: Cost = 250.0 : 331.32 | cr=1, dd=0, da=0, tlv=16, sm=66, rd=76.36, cd=0, um=0","Time elapsed: 62.19 seconds","/home/thomasverwaal/Robust-Rail-NL/mathematical-models/local_search_plans_discreet_120/plan_33_trains_1_units9.json"
"/home/thomasverwaal/Robust-Rail-NL/mathematical-models/scenarios_solver_types_120/scenario_solver_33_trains_1_units9.json","Cost of next node: Cost = 235.0 : 311.32 | cr=1, dd=0, da=0, tlv=15, sm=66, rd=78.18, cd=0, um=0","Time elapsed: 63.85 seconds","/home/thomasverwaal/Robust-Rail-NL/mathematical-models/local_search_plans_discreet_120/plan_33_trains_1_units9.json"
"/home/thomasverwaal/Robust-Rail-NL/mathematical-models/scenarios_solver_types_120/scenario_solver_33_trains_1_units9.json","Cost of next node: Cost = 230.0 : 301.34 | cr=2, dd=0, da=0, tlv=14, sm=67, rd=80.60, cd=0, um=0","Time elapsed: 249.02 seconds","/home/thomasverwaal/Robust-Rail-NL/mathematical-models/local_search_plans_discreet_120/plan_33_trains_1_units9.json"
"/home/thomasverwaal/Robust-Rail-NL/mathematical-models/scenarios_solver_types_120/scenario_solver_33_trains_1_units9.json","NO_COST_FOUND","NO_TIME_FOUND","NO_PLAN_CREATED"
