scenario,cost_line,time_line,plan_file
"/home/thomasverwaal/Robust-Rail-NL/mathematical-models/scenarios_solver_types_120/scenario_solver_32_trains_32_units1.json","Cost of next node: Cost = 2,799.3 : 2,805.56 | cr=45, dd=32, da=29, tlv=1, sm=64, rd=181.88, cd=0, um=0","Time elapsed: 1.83 seconds","/home/thomasverwaal/Robust-Rail-NL/mathematical-models/local_search_plans_discreet_120/plan_32_trains_32_units1.json"
"/home/thomasverwaal/Robust-Rail-NL/mathematical-models/scenarios_solver_types_120/scenario_solver_32_trains_32_units1.json","Cost of next node: Cost = 2,767.4 : 2,778.68 | cr=41, dd=32, da=28, tlv=2, sm=64, rd=180.94, cd=0, um=0","Time elapsed: 1.90 seconds","/home/thomasverwaal/Robust-Rail-NL/mathematical-models/local_search_plans_discreet_120/plan_32_trains_32_units1.json"
"/home/thomasverwaal/Robust-Rail-NL/mathematical-models/scenarios_solver_types_120/scenario_solver_32_trains_32_units1.json","Cost of next node: Cost = 2,716.7 : 2,732.94 | cr=37, dd=32, da=27, tlv=3, sm=64, rd=179.06, cd=0, um=0","Time elapsed: 2.01 seconds","/home/thomasverwaal/Robust-Rail-NL/mathematical-models/local_search_plans_discreet_120/plan_32_trains_32_units1.json"
"/home/thomasverwaal/Robust-Rail-NL/mathematical-models/scenarios_solver_types_120/scenario_solver_32_trains_32_units1.json","Cost of next node: Cost = 2,681.0 : 2,702.26 | cr=35, dd=32, da=25, tlv=4, sm=64, rd=178.12, cd=0, um=0","Time elapsed: 2.10 seconds","/home/thomasverwaal/Robust-Rail-NL/mathematical-models/local_search_plans_discreet_120/plan_32_trains_32_units1.json"
"/home/thomasverwaal/Robust-Rail-NL/mathematical-models/scenarios_solver_types_120/scenario_solver_32_trains_32_units1.json","Cost of next node: Cost = 2,656.7 : 2,677.97 | cr=38, dd=32, da=23, tlv=4, sm=64, rd=177.19, cd=0, um=0","Time elapsed: 2.26 seconds","/home/thomasverwaal/Robust-Rail-NL/mathematical-models/local_search_plans_discreet_120/plan_32_trains_32_units1.json"
"/home/thomasverwaal/Robust-Rail-NL/mathematical-models/scenarios_solver_types_120/scenario_solver_32_trains_32_units1.json","Cost of next node: Cost = 2,635.5 : 2,661.80 | cr=36, dd=32, da=23, tlv=5, sm=64, rd=172.50, cd=0, um=0","Time elapsed: 2.38 seconds","/home/thomasverwaal/Robust-Rail-NL/mathematical-models/local_search_plans_discreet_120/plan_32_trains_32_units1.json"
"/home/thomasverwaal/Robust-Rail-NL/mathematical-models/scenarios_solver_types_120/scenario_solver_32_trains_32_units1.json","Cost of next node: Cost = 2,579.6 : 2,605.93 | cr=35, dd=32, da=21, tlv=5, sm=64, rd=168.75, cd=0, um=0","Time elapsed: 2.56 seconds","/home/thomasverwaal/Robust-Rail-NL/mathematical-models/local_search_plans_discreet_120/plan_32_trains_32_units1.json"
"/home/thomasverwaal/Robust-Rail-NL/mathematical-models/scenarios_solver_types_120/scenario_solver_32_trains_32_units1.json","Cost of next node: Cost = 2,527.7 : 2,558.96 | cr=35, dd=32, da=18, tlv=6, sm=64, rd=166.88, cd=0, um=0","Time elapsed: 2.65 seconds","/home/thomasverwaal/Robust-Rail-NL/mathematical-models/local_search_plans_discreet_120/plan_32_trains_32_units1.json"
"/home/thomasverwaal/Robust-Rail-NL/mathematical-models/scenarios_solver_types_120/scenario_solver_32_trains_32_units1.json","Cost of next node: Cost = 2,479.7 : 2,511.01 | cr=36, dd=32, da=15, tlv=6, sm=64, rd=168.75, cd=0, um=0","Time elapsed: 2.75 seconds","/home/thomasverwaal/Robust-Rail-NL/mathematical-models/local_search_plans_discreet_120/plan_32_trains_32_units1.json"
"/home/thomasverwaal/Robust-Rail-NL/mathematical-models/scenarios_solver_types_120/scenario_solver_32_trains_32_units1.json","Cost of next node: Cost = 2,433.8 : 2,465.09 | cr=37, dd=32, da=12, tlv=6, sm=64, rd=165.00, cd=0, um=0","Time elapsed: 2.88 seconds","/home/thomasverwaal/Robust-Rail-NL/mathematical-models/local_search_plans_discreet_120/plan_32_trains_32_units1.json"
"/home/thomasverwaal/Robust-Rail-NL/mathematical-models/scenarios_solver_types_120/scenario_solver_32_trains_32_units1.json","Cost of next node: Cost = 2,391.7 : 2,428.02 | cr=35, dd=32, da=11, tlv=7, sm=64, rd=157.50, cd=0, um=0","Time elapsed: 2.94 seconds","/home/thomasverwaal/Robust-Rail-NL/mathematical-models/local_search_plans_discreet_120/plan_32_trains_32_units1.json"
"/home/thomasverwaal/Robust-Rail-NL/mathematical-models/scenarios_solver_types_120/scenario_solver_32_trains_32_units1.json","Cost of next node: Cost = 2,371.2 : 2,412.46 | cr=34, dd=32, da=11, tlv=8, sm=64, rd=151.88, cd=0, um=0","Time elapsed: 3.03 seconds","/home/thomasverwaal/Robust-Rail-NL/mathematical-models/local_search_plans_discreet_120/plan_32_trains_32_units1.json"
"/home/thomasverwaal/Robust-Rail-NL/mathematical-models/scenarios_solver_types_120/scenario_solver_32_trains_32_units1.json","Cost of next node: Cost = 2,346.2 : 2,382.46 | cr=33, dd=32, da=11, tlv=7, sm=64, rd=151.88, cd=0, um=0","Time elapsed: 3.18 seconds","/home/thomasverwaal/Robust-Rail-NL/mathematical-models/local_search_plans_discreet_120/plan_32_trains_32_units1.json"
"/home/thomasverwaal/Robust-Rail-NL/mathematical-models/scenarios_solver_types_120/scenario_solver_32_trains_32_units1.json","Cost of next node: Cost = 2,318.1 : 2,359.39 | cr=31, dd=32, da=10, tlv=8, sm=64, rd=148.12, cd=0, um=0","Time elapsed: 3.22 seconds","/home/thomasverwaal/Robust-Rail-NL/mathematical-models/local_search_plans_discreet_120/plan_32_trains_32_units1.json"
"/home/thomasverwaal/Robust-Rail-NL/mathematical-models/scenarios_solver_types_120/scenario_solver_32_trains_32_units1.json","Cost of next node: Cost = 2,296.4 : 2,337.66 | cr=29, dd=32, da=10, tlv=8, sm=64, rd=146.25, cd=0, um=0","Time elapsed: 3.49 seconds","/home/thomasverwaal/Robust-Rail-NL/mathematical-models/local_search_plans_discreet_120/plan_32_trains_32_units1.json"
"/home/thomasverwaal/Robust-Rail-NL/mathematical-models/scenarios_solver_types_120/scenario_solver_32_trains_32_units1.json","Cost of next node: Cost = 2,275.6 : 2,316.86 | cr=26, dd=32, da=10, tlv=8, sm=64, rd=150.94, cd=0, um=0","Time elapsed: 3.66 seconds","/home/thomasverwaal/Robust-Rail-NL/mathematical-models/local_search_plans_discreet_120/plan_32_trains_32_units1.json"
"/home/thomasverwaal/Robust-Rail-NL/mathematical-models/scenarios_solver_types_120/scenario_solver_32_trains_32_units1.json","Cost of next node: Cost = 2,249.8 : 2,296.08 | cr=19, dd=32, da=10, tlv=9, sm=64, rd=161.25, cd=0, um=0","Time elapsed: 3.88 seconds","/home/thomasverwaal/Robust-Rail-NL/mathematical-models/local_search_plans_discreet_120/plan_32_trains_32_units1.json"
"/home/thomasverwaal/Robust-Rail-NL/mathematical-models/scenarios_solver_types_120/scenario_solver_32_trains_32_units1.json","Cost of next node: Cost = 2,220.2 : 2,266.52 | cr=12, dd=32, da=12, tlv=9, sm=64, rd=170.62, cd=0, um=0","Time elapsed: 3.93 seconds","/home/thomasverwaal/Robust-Rail-NL/mathematical-models/local_search_plans_discreet_120/plan_32_trains_32_units1.json"
"/home/thomasverwaal/Robust-Rail-NL/mathematical-models/scenarios_solver_types_120/scenario_solver_32_trains_32_units1.json","Cost of next node: Cost = 2,191.3 : 2,237.63 | cr=13, dd=32, da=10, tlv=9, sm=64, rd=163.12, cd=0, um=0","Time elapsed: 4.00 seconds","/home/thomasverwaal/Robust-Rail-NL/mathematical-models/local_search_plans_discreet_120/plan_32_trains_32_units1.json"
"/home/thomasverwaal/Robust-Rail-NL/mathematical-models/scenarios_solver_types_120/scenario_solver_32_trains_32_units1.json","Cost of next node: Cost = 2,169.4 : 2,215.72 | cr=11, dd=32, da=10, tlv=9, sm=64, rd=161.25, cd=0, um=0","Time elapsed: 4.08 seconds","/home/thomasverwaal/Robust-Rail-NL/mathematical-models/local_search_plans_discreet_120/plan_32_trains_32_units1.json"
"/home/thomasverwaal/Robust-Rail-NL/mathematical-models/scenarios_solver_types_120/scenario_solver_32_trains_32_units1.json","Cost of next node: Cost = 2,129.2 : 2,180.46 | cr=10, dd=32, da=9, tlv=10, sm=64, rd=153.75, cd=0, um=0","Time elapsed: 4.41 seconds","/home/thomasverwaal/Robust-Rail-NL/mathematical-models/local_search_plans_discreet_120/plan_32_trains_32_units1.json"
"/home/thomasverwaal/Robust-Rail-NL/mathematical-models/scenarios_solver_types_120/scenario_solver_32_trains_32_units1.json","Cost of next node: Cost = 2,101.8 : 2,153.06 | cr=10, dd=32, da=8, tlv=10, sm=64, rd=151.88, cd=0, um=0","Time elapsed: 4.69 seconds","/home/thomasverwaal/Robust-Rail-NL/mathematical-models/local_search_plans_discreet_120/plan_32_trains_32_units1.json"
"/home/thomasverwaal/Robust-Rail-NL/mathematical-models/scenarios_solver_types_120/scenario_solver_32_trains_32_units1.json","Cost of next node: Cost = 2,079.4 : 2,135.70 | cr=9, dd=32, da=7, tlv=11, sm=64, rd=148.12, cd=0, um=0","Time elapsed: 5.16 seconds","/home/thomasverwaal/Robust-Rail-NL/mathematical-models/local_search_plans_discreet_120/plan_32_trains_32_units1.json"
"/home/thomasverwaal/Robust-Rail-NL/mathematical-models/scenarios_solver_types_120/scenario_solver_32_trains_32_units1.json","Cost of next node: Cost = 2,053.6 : 2,114.93 | cr=11, dd=32, da=5, tlv=12, sm=64, rd=138.75, cd=0, um=0","Time elapsed: 5.57 seconds","/home/thomasverwaal/Robust-Rail-NL/mathematical-models/local_search_plans_discreet_120/plan_32_trains_32_units1.json"
"/home/thomasverwaal/Robust-Rail-NL/mathematical-models/scenarios_solver_types_120/scenario_solver_32_trains_32_units1.json","Cost of next node: Cost = 2,026.7 : 2,087.96 | cr=11, dd=32, da=4, tlv=12, sm=64, rd=135.00, cd=0, um=0","Time elapsed: 6.12 seconds","/home/thomasverwaal/Robust-Rail-NL/mathematical-models/local_search_plans_discreet_120/plan_32_trains_32_units1.json"
"/home/thomasverwaal/Robust-Rail-NL/mathematical-models/scenarios_solver_types_120/scenario_solver_32_trains_32_units1.json","Cost of next node: Cost = 1,914.5 : 1,980.79 | cr=8, dd=31, da=3, tlv=13, sm=64, rd=125.62, cd=0, um=0","Time elapsed: 6.65 seconds","/home/thomasverwaal/Robust-Rail-NL/mathematical-models/local_search_plans_discreet_120/plan_32_trains_32_units1.json"
"/home/thomasverwaal/Robust-Rail-NL/mathematical-models/scenarios_solver_types_120/scenario_solver_32_trains_32_units1.json","Cost of next node: Cost = 1,875.1 : 1,941.34 | cr=9, dd=30, da=3, tlv=13, sm=64, rd=123.75, cd=0, um=0","Time elapsed: 6.76 seconds","/home/thomasverwaal/Robust-Rail-NL/mathematical-models/local_search_plans_discreet_120/plan_32_trains_32_units1.json"
"/home/thomasverwaal/Robust-Rail-NL/mathematical-models/scenarios_solver_types_120/scenario_solver_32_trains_32_units1.json","Cost of next node: Cost = 1,825.1 : 1,896.39 | cr=9, dd=28, da=5, tlv=14, sm=64, rd=120.94, cd=0, um=0","Time elapsed: 6.86 seconds","/home/thomasverwaal/Robust-Rail-NL/mathematical-models/local_search_plans_discreet_120/plan_32_trains_32_units1.json"
"/home/thomasverwaal/Robust-Rail-NL/mathematical-models/scenarios_solver_types_120/scenario_solver_32_trains_32_units1.json","Cost of next node: Cost = 1,798.4 : 1,869.66 | cr=10, dd=28, da=3, tlv=14, sm=64, rd=118.12, cd=0, um=0","Time elapsed: 7.02 seconds","/home/thomasverwaal/Robust-Rail-NL/mathematical-models/local_search_plans_discreet_120/plan_32_trains_32_units1.json"
"/home/thomasverwaal/Robust-Rail-NL/mathematical-models/scenarios_solver_types_120/scenario_solver_32_trains_32_units1.json","Cost of next node: Cost = 1,773.1 : 1,849.37 | cr=11, dd=27, da=3, tlv=15, sm=64, rd=114.38, cd=0, um=0","Time elapsed: 7.52 seconds","/home/thomasverwaal/Robust-Rail-NL/mathematical-models/local_search_plans_discreet_120/plan_32_trains_32_units1.json"
"/home/thomasverwaal/Robust-Rail-NL/mathematical-models/scenarios_solver_types_120/scenario_solver_32_trains_32_units1.json","Cost of next node: Cost = 1,748.1 : 1,819.37 | cr=10, dd=27, da=3, tlv=14, sm=64, rd=114.38, cd=0, um=0","Time elapsed: 7.64 seconds","/home/thomasverwaal/Robust-Rail-NL/mathematical-models/local_search_plans_discreet_120/plan_32_trains_32_units1.json"
"/home/thomasverwaal/Robust-Rail-NL/mathematical-models/scenarios_solver_types_120/scenario_solver_32_trains_32_units1.json","Cost of next node: Cost = 1,713.5 : 1,789.73 | cr=10, dd=26, da=3, tlv=15, sm=64, rd=112.50, cd=0, um=0","Time elapsed: 7.79 seconds","/home/thomasverwaal/Robust-Rail-NL/mathematical-models/local_search_plans_discreet_120/plan_32_trains_32_units1.json"
"/home/thomasverwaal/Robust-Rail-NL/mathematical-models/scenarios_solver_types_120/scenario_solver_32_trains_32_units1.json","Cost of next node: Cost = 1,688.5 : 1,759.73 | cr=9, dd=26, da=3, tlv=14, sm=64, rd=112.50, cd=0, um=0","Time elapsed: 7.91 seconds","/home/thomasverwaal/Robust-Rail-NL/mathematical-models/local_search_plans_discreet_120/plan_32_trains_32_units1.json"
"/home/thomasverwaal/Robust-Rail-NL/mathematical-models/scenarios_solver_types_120/scenario_solver_32_trains_32_units1.json","Cost of next node: Cost = 1,663.8 : 1,740.12 | cr=10, dd=25, da=3, tlv=15, sm=64, rd=110.62, cd=0, um=0","Time elapsed: 8.07 seconds","/home/thomasverwaal/Robust-Rail-NL/mathematical-models/local_search_plans_discreet_120/plan_32_trains_32_units1.json"
"/home/thomasverwaal/Robust-Rail-NL/mathematical-models/scenarios_solver_types_120/scenario_solver_32_trains_32_units1.json","Cost of next node: Cost = 1,638.8 : 1,710.12 | cr=9, dd=25, da=3, tlv=14, sm=64, rd=110.62, cd=0, um=0","Time elapsed: 8.22 seconds","/home/thomasverwaal/Robust-Rail-NL/mathematical-models/local_search_plans_discreet_120/plan_32_trains_32_units1.json"
"/home/thomasverwaal/Robust-Rail-NL/mathematical-models/scenarios_solver_types_120/scenario_solver_32_trains_32_units1.json","Cost of next node: Cost = 1,610.5 : 1,676.77 | cr=8, dd=25, da=3, tlv=13, sm=64, rd=109.69, cd=0, um=0","Time elapsed: 8.39 seconds","/home/thomasverwaal/Robust-Rail-NL/mathematical-models/local_search_plans_discreet_120/plan_32_trains_32_units1.json"
"/home/thomasverwaal/Robust-Rail-NL/mathematical-models/scenarios_solver_types_120/scenario_solver_32_trains_32_units1.json","Cost of next node: Cost = 1,436.0 : 1,507.23 | cr=9, dd=21, da=3, tlv=14, sm=64, rd=104.06, cd=0, um=0","Time elapsed: 8.60 seconds","/home/thomasverwaal/Robust-Rail-NL/mathematical-models/local_search_plans_discreet_120/plan_32_trains_32_units1.json"
"/home/thomasverwaal/Robust-Rail-NL/mathematical-models/scenarios_solver_types_120/scenario_solver_32_trains_32_units1.json","Cost of next node: Cost = 1,331.3 : 1,407.59 | cr=14, dd=18, da=2, tlv=15, sm=64, rd=101.25, cd=0, um=0","Time elapsed: 8.76 seconds","/home/thomasverwaal/Robust-Rail-NL/mathematical-models/local_search_plans_discreet_120/plan_32_trains_32_units1.json"
"/home/thomasverwaal/Robust-Rail-NL/mathematical-models/scenarios_solver_types_120/scenario_solver_32_trains_32_units1.json","Cost of next node: Cost = 1,062.1 : 1,143.37 | cr=14, dd=13, da=1, tlv=16, sm=64, rd=90.00, cd=0, um=0","Time elapsed: 9.04 seconds","/home/thomasverwaal/Robust-Rail-NL/mathematical-models/local_search_plans_discreet_120/plan_32_trains_32_units1.json"
"/home/thomasverwaal/Robust-Rail-NL/mathematical-models/scenarios_solver_types_120/scenario_solver_32_trains_32_units1.json","Cost of next node: Cost = 872.9 : 959.20 | cr=15, dd=8, da=3, tlv=17, sm=64, rd=88.12, cd=0, um=0","Time elapsed: 9.25 seconds","/home/thomasverwaal/Robust-Rail-NL/mathematical-models/local_search_plans_discreet_120/plan_32_trains_32_units1.json"
"/home/thomasverwaal/Robust-Rail-NL/mathematical-models/scenarios_solver_types_120/scenario_solver_32_trains_32_units1.json","Cost of next node: Cost = 787.7 : 878.98 | cr=16, dd=5, da=5, tlv=18, sm=64, rd=85.31, cd=0, um=0","Time elapsed: 9.41 seconds","/home/thomasverwaal/Robust-Rail-NL/mathematical-models/local_search_plans_discreet_120/plan_32_trains_32_units1.json"
"/home/thomasverwaal/Robust-Rail-NL/mathematical-models/scenarios_solver_types_120/scenario_solver_32_trains_32_units1.json","Cost of next node: Cost = 700.3 : 786.58 | cr=17, dd=5, da=1, tlv=17, sm=64, rd=78.75, cd=0, um=0","Time elapsed: 9.54 seconds","/home/thomasverwaal/Robust-Rail-NL/mathematical-models/local_search_plans_discreet_120/plan_32_trains_32_units1.json"
"/home/thomasverwaal/Robust-Rail-NL/mathematical-models/scenarios_solver_types_120/scenario_solver_32_trains_32_units1.json","Cost of next node: Cost = 675.3 : 756.58 | cr=16, dd=5, da=1, tlv=16, sm=64, rd=80.62, cd=0, um=0","Time elapsed: 9.97 seconds","/home/thomasverwaal/Robust-Rail-NL/mathematical-models/local_search_plans_discreet_120/plan_32_trains_32_units1.json"
"/home/thomasverwaal/Robust-Rail-NL/mathematical-models/scenarios_solver_types_120/scenario_solver_32_trains_32_units1.json","Cost of next node: Cost = 650.3 : 726.58 | cr=15, dd=5, da=1, tlv=15, sm=64, rd=82.50, cd=0, um=0","Time elapsed: 10.11 seconds","/home/thomasverwaal/Robust-Rail-NL/mathematical-models/local_search_plans_discreet_120/plan_32_trains_32_units1.json"
"/home/thomasverwaal/Robust-Rail-NL/mathematical-models/scenarios_solver_types_120/scenario_solver_32_trains_32_units1.json","Cost of next node: Cost = 431.5 : 512.78 | cr=14, dd=1, da=0, tlv=16, sm=64, rd=76.88, cd=0, um=0","Time elapsed: 10.43 seconds","/home/thomasverwaal/Robust-Rail-NL/mathematical-models/local_search_plans_discreet_120/plan_32_trains_32_units1.json"
"/home/thomasverwaal/Robust-Rail-NL/mathematical-models/scenarios_solver_types_120/scenario_solver_32_trains_32_units1.json","Cost of next node: Cost = 406.5 : 482.78 | cr=13, dd=1, da=0, tlv=15, sm=64, rd=76.88, cd=0, um=0","Time elapsed: 10.57 seconds","/home/thomasverwaal/Robust-Rail-NL/mathematical-models/local_search_plans_discreet_120/plan_32_trains_32_units1.json"
"/home/thomasverwaal/Robust-Rail-NL/mathematical-models/scenarios_solver_types_120/scenario_solver_32_trains_32_units1.json","Cost of next node: Cost = 391.5 : 462.78 | cr=13, dd=1, da=0, tlv=14, sm=64, rd=78.75, cd=0, um=0","Time elapsed: 14.71 seconds","/home/thomasverwaal/Robust-Rail-NL/mathematical-models/local_search_plans_discreet_120/plan_32_trains_32_units1.json"
"/home/thomasverwaal/Robust-Rail-NL/mathematical-models/scenarios_solver_types_120/scenario_solver_32_trains_32_units1.json","Cost of next node: Cost = 376.5 : 442.78 | cr=13, dd=1, da=0, tlv=13, sm=64, rd=80.62, cd=0, um=0","Time elapsed: 18.17 seconds","/home/thomasverwaal/Robust-Rail-NL/mathematical-models/local_search_plans_discreet_120/plan_32_trains_32_units1.json"
"/home/thomasverwaal/Robust-Rail-NL/mathematical-models/scenarios_solver_types_120/scenario_solver_32_trains_32_units1.json","Cost of next node: Cost = 366.5 : 432.78 | cr=12, dd=1, da=0, tlv=13, sm=64, rd=80.62, cd=0, um=0","Time elapsed: 21.61 seconds","/home/thomasverwaal/Robust-Rail-NL/mathematical-models/local_search_plans_discreet_120/plan_32_trains_32_units1.json"
"/home/thomasverwaal/Robust-Rail-NL/mathematical-models/scenarios_solver_types_120/scenario_solver_32_trains_32_units1.json","Cost of next node: Cost = 356.5 : 422.78 | cr=11, dd=1, da=0, tlv=13, sm=64, rd=80.62, cd=0, um=0","Time elapsed: 24.74 seconds","/home/thomasverwaal/Robust-Rail-NL/mathematical-models/local_search_plans_discreet_120/plan_32_trains_32_units1.json"
"/home/thomasverwaal/Robust-Rail-NL/mathematical-models/scenarios_solver_types_120/scenario_solver_32_trains_32_units1.json","Cost of next node: Cost = 346.5 : 412.78 | cr=10, dd=1, da=0, tlv=13, sm=64, rd=80.62, cd=0, um=0","Time elapsed: 27.23 seconds","/home/thomasverwaal/Robust-Rail-NL/mathematical-models/local_search_plans_discreet_120/plan_32_trains_32_units1.json"
"/home/thomasverwaal/Robust-Rail-NL/mathematical-models/scenarios_solver_types_120/scenario_solver_32_trains_32_units1.json","Cost of next node: Cost = 336.5 : 402.78 | cr=9, dd=1, da=0, tlv=13, sm=64, rd=80.62, cd=0, um=0","Time elapsed: 29.24 seconds","/home/thomasverwaal/Robust-Rail-NL/mathematical-models/local_search_plans_discreet_120/plan_32_trains_32_units1.json"
"/home/thomasverwaal/Robust-Rail-NL/mathematical-models/scenarios_solver_types_120/scenario_solver_32_trains_32_units1.json","Cost of next node: Cost = 300.0 : 371.28 | cr=9, dd=0, da=0, tlv=14, sm=64, rd=76.88, cd=0, um=0","Time elapsed: 29.36 seconds","/home/thomasverwaal/Robust-Rail-NL/mathematical-models/local_search_plans_discreet_120/plan_32_trains_32_units1.json"
"/home/thomasverwaal/Robust-Rail-NL/mathematical-models/scenarios_solver_types_120/scenario_solver_32_trains_32_units1.json","Cost of next node: Cost = 290.0 : 361.28 | cr=8, dd=0, da=0, tlv=14, sm=64, rd=76.88, cd=0, um=0","Time elapsed: 31.47 seconds","/home/thomasverwaal/Robust-Rail-NL/mathematical-models/local_search_plans_discreet_120/plan_32_trains_32_units1.json"
"/home/thomasverwaal/Robust-Rail-NL/mathematical-models/scenarios_solver_types_120/scenario_solver_32_trains_32_units1.json","Cost of next node: Cost = 280.0 : 351.28 | cr=7, dd=0, da=0, tlv=14, sm=64, rd=76.88, cd=0, um=0","Time elapsed: 33.24 seconds","/home/thomasverwaal/Robust-Rail-NL/mathematical-models/local_search_plans_discreet_120/plan_32_trains_32_units1.json"
"/home/thomasverwaal/Robust-Rail-NL/mathematical-models/scenarios_solver_types_120/scenario_solver_32_trains_32_units1.json","Cost of next node: Cost = 270.0 : 341.28 | cr=6, dd=0, da=0, tlv=14, sm=64, rd=76.88, cd=0, um=0","Time elapsed: 34.62 seconds","/home/thomasverwaal/Robust-Rail-NL/mathematical-models/local_search_plans_discreet_120/plan_32_trains_32_units1.json"
"/home/thomasverwaal/Robust-Rail-NL/mathematical-models/scenarios_solver_types_120/scenario_solver_32_trains_32_units1.json","Cost of next node: Cost = 260.0 : 331.28 | cr=5, dd=0, da=0, tlv=14, sm=64, rd=78.75, cd=0, um=0","Time elapsed: 60.37 seconds","/home/thomasverwaal/Robust-Rail-NL/mathematical-models/local_search_plans_discreet_120/plan_32_trains_32_units1.json"
"/home/thomasverwaal/Robust-Rail-NL/mathematical-models/scenarios_solver_types_120/scenario_solver_32_trains_32_units1.json","Cost of next node: Cost = 250.0 : 321.28 | cr=4, dd=0, da=0, tlv=14, sm=64, rd=84.38, cd=0, um=0","Time elapsed: 85.69 seconds","/home/thomasverwaal/Robust-Rail-NL/mathematical-models/local_search_plans_discreet_120/plan_32_trains_32_units1.json"
"/home/thomasverwaal/Robust-Rail-NL/mathematical-models/scenarios_solver_types_120/scenario_solver_32_trains_32_units1.json","Cost of next node: Cost = 245.0 : 311.30 | cr=5, dd=0, da=0, tlv=13, sm=65, rd=84.92, cd=0, um=0","Time elapsed: 87.84 seconds","/home/thomasverwaal/Robust-Rail-NL/mathematical-models/local_search_plans_discreet_120/plan_32_trains_32_units1.json"
"/home/thomasverwaal/Robust-Rail-NL/mathematical-models/scenarios_solver_types_120/scenario_solver_32_trains_32_units1.json","Cost of next node: Cost = 240.0 : 311.32 | cr=3, dd=0, da=0, tlv=14, sm=66, rd=83.64, cd=0, um=0","Time elapsed: 134.42 seconds","/home/thomasverwaal/Robust-Rail-NL/mathematical-models/local_search_plans_discreet_120/plan_32_trains_32_units1.json"
"/home/thomasverwaal/Robust-Rail-NL/mathematical-models/scenarios_solver_types_120/scenario_solver_32_trains_32_units1.json","Cost of next node: Cost = 235.0 : 301.32 | cr=4, dd=0, da=0, tlv=13, sm=66, rd=83.64, cd=0, um=0","Time elapsed: 135.64 seconds","/home/thomasverwaal/Robust-Rail-NL/mathematical-models/local_search_plans_discreet_120/plan_32_trains_32_units1.json"
"/home/thomasverwaal/Robust-Rail-NL/mathematical-models/scenarios_solver_types_120/scenario_solver_32_trains_32_units1.json","NO_COST_FOUND","NO_TIME_FOUND","NO_PLAN_CREATED"
"/home/thomasverwaal/Robust-Rail-NL/mathematical-models/scenarios_solver_types_120/scenario_solver_32_trains_32_units10.json","Cost of next node: Cost = 2,883.6 : 2,889.89 | cr=53, dd=32, da=28, tlv=1, sm=64, rd=180.94, cd=0, um=0","Time elapsed: 1.71 seconds","/home/thomasverwaal/Robust-Rail-NL/mathematical-models/local_search_plans_discreet_120/plan_32_trains_32_units10.json"
"/home/thomasverwaal/Robust-Rail-NL/mathematical-models/scenarios_solver_types_120/scenario_solver_32_trains_32_units10.json","Cost of next node: Cost = 2,861.0 : 2,872.29 | cr=51, dd=32, da=28, tlv=2, sm=64, rd=177.19, cd=0, um=0","Time elapsed: 1.84 seconds","/home/thomasverwaal/Robust-Rail-NL/mathematical-models/local_search_plans_discreet_120/plan_32_trains_32_units10.json"
"/home/thomasverwaal/Robust-Rail-NL/mathematical-models/scenarios_solver_types_120/scenario_solver_32_trains_32_units10.json","Cost of next node: Cost = 2,798.7 : 2,815.03 | cr=44, dd=32, da=27, tlv=3, sm=64, rd=179.06, cd=0, um=0","Time elapsed: 1.95 seconds","/home/thomasverwaal/Robust-Rail-NL/mathematical-models/local_search_plans_discreet_120/plan_32_trains_32_units10.json"
"/home/thomasverwaal/Robust-Rail-NL/mathematical-models/scenarios_solver_types_120/scenario_solver_32_trains_32_units10.json","Cost of next node: Cost = 2,774.7 : 2,796.01 | cr=42, dd=32, da=26, tlv=4, sm=64, rd=178.12, cd=0, um=0","Time elapsed: 2.07 seconds","/home/thomasverwaal/Robust-Rail-NL/mathematical-models/local_search_plans_discreet_120/plan_32_trains_32_units10.json"
"/home/thomasverwaal/Robust-Rail-NL/mathematical-models/scenarios_solver_types_120/scenario_solver_32_trains_32_units10.json","Cost of next node: Cost = 2,703.3 : 2,729.57 | cr=41, dd=32, da=23, tlv=5, sm=64, rd=171.56, cd=0, um=0","Time elapsed: 2.20 seconds","/home/thomasverwaal/Robust-Rail-NL/mathematical-models/local_search_plans_discreet_120/plan_32_trains_32_units10.json"
"/home/thomasverwaal/Robust-Rail-NL/mathematical-models/scenarios_solver_types_120/scenario_solver_32_trains_32_units10.json","Cost of next node: Cost = 2,679.5 : 2,705.82 | cr=45, dd=32, da=21, tlv=5, sm=64, rd=166.88, cd=0, um=0","Time elapsed: 2.27 seconds","/home/thomasverwaal/Robust-Rail-NL/mathematical-models/local_search_plans_discreet_120/plan_32_trains_32_units10.json"
"/home/thomasverwaal/Robust-Rail-NL/mathematical-models/scenarios_solver_types_120/scenario_solver_32_trains_32_units10.json","Cost of next node: Cost = 2,609.0 : 2,635.29 | cr=51, dd=32, da=16, tlv=5, sm=64, rd=157.50, cd=0, um=0","Time elapsed: 2.40 seconds","/home/thomasverwaal/Robust-Rail-NL/mathematical-models/local_search_plans_discreet_120/plan_32_trains_32_units10.json"
"/home/thomasverwaal/Robust-Rail-NL/mathematical-models/scenarios_solver_types_120/scenario_solver_32_trains_32_units10.json","Cost of next node: Cost = 2,564.9 : 2,596.14 | cr=45, dd=32, da=16, tlv=6, sm=64, rd=158.44, cd=0, um=0","Time elapsed: 2.49 seconds","/home/thomasverwaal/Robust-Rail-NL/mathematical-models/local_search_plans_discreet_120/plan_32_trains_32_units10.json"
"/home/thomasverwaal/Robust-Rail-NL/mathematical-models/scenarios_solver_types_120/scenario_solver_32_trains_32_units10.json","Cost of next node: Cost = 2,529.0 : 2,565.25 | cr=46, dd=32, da=13, tlv=7, sm=64, rd=151.88, cd=0, um=0","Time elapsed: 2.57 seconds","/home/thomasverwaal/Robust-Rail-NL/mathematical-models/local_search_plans_discreet_120/plan_32_trains_32_units10.json"
"/home/thomasverwaal/Robust-Rail-NL/mathematical-models/scenarios_solver_types_120/scenario_solver_32_trains_32_units10.json","Cost of next node: Cost = 2,504.1 : 2,540.41 | cr=45, dd=32, da=13, tlv=7, sm=64, rd=146.25, cd=0, um=0","Time elapsed: 2.69 seconds","/home/thomasverwaal/Robust-Rail-NL/mathematical-models/local_search_plans_discreet_120/plan_32_trains_32_units10.json"
"/home/thomasverwaal/Robust-Rail-NL/mathematical-models/scenarios_solver_types_120/scenario_solver_32_trains_32_units10.json","Cost of next node: Cost = 2,479.0 : 2,515.33 | cr=45, dd=32, da=12, tlv=7, sm=64, rd=142.50, cd=0, um=0","Time elapsed: 2.79 seconds","/home/thomasverwaal/Robust-Rail-NL/mathematical-models/local_search_plans_discreet_120/plan_32_trains_32_units10.json"
"/home/thomasverwaal/Robust-Rail-NL/mathematical-models/scenarios_solver_types_120/scenario_solver_32_trains_32_units10.json","Cost of next node: Cost = 2,451.4 : 2,492.66 | cr=42, dd=32, da=12, tlv=8, sm=64, rd=138.75, cd=0, um=0","Time elapsed: 2.93 seconds","/home/thomasverwaal/Robust-Rail-NL/mathematical-models/local_search_plans_discreet_120/plan_32_trains_32_units10.json"
"/home/thomasverwaal/Robust-Rail-NL/mathematical-models/scenarios_solver_types_120/scenario_solver_32_trains_32_units10.json","Cost of next node: Cost = 2,426.4 : 2,462.66 | cr=41, dd=32, da=12, tlv=7, sm=64, rd=138.75, cd=0, um=0","Time elapsed: 3.07 seconds","/home/thomasverwaal/Robust-Rail-NL/mathematical-models/local_search_plans_discreet_120/plan_32_trains_32_units10.json"
"/home/thomasverwaal/Robust-Rail-NL/mathematical-models/scenarios_solver_types_120/scenario_solver_32_trains_32_units10.json","Cost of next node: Cost = 2,376.9 : 2,413.20 | cr=32, dd=32, da=12, tlv=7, sm=64, rd=153.75, cd=0, um=0","Time elapsed: 3.27 seconds","/home/thomasverwaal/Robust-Rail-NL/mathematical-models/local_search_plans_discreet_120/plan_32_trains_32_units10.json"
"/home/thomasverwaal/Robust-Rail-NL/mathematical-models/scenarios_solver_types_120/scenario_solver_32_trains_32_units10.json","Cost of next node: Cost = 2,332.2 : 2,373.48 | cr=30, dd=32, da=12, tlv=8, sm=64, rd=138.75, cd=0, um=0","Time elapsed: 3.60 seconds","/home/thomasverwaal/Robust-Rail-NL/mathematical-models/local_search_plans_discreet_120/plan_32_trains_32_units10.json"
"/home/thomasverwaal/Robust-Rail-NL/mathematical-models/scenarios_solver_types_120/scenario_solver_32_trains_32_units10.json","Cost of next node: Cost = 2,305.8 : 2,352.09 | cr=24, dd=32, da=12, tlv=9, sm=64, rd=142.50, cd=0, um=0","Time elapsed: 3.87 seconds","/home/thomasverwaal/Robust-Rail-NL/mathematical-models/local_search_plans_discreet_120/plan_32_trains_32_units10.json"
"/home/thomasverwaal/Robust-Rail-NL/mathematical-models/scenarios_solver_types_120/scenario_solver_32_trains_32_units10.json","Cost of next node: Cost = 2,259.0 : 2,305.26 | cr=22, dd=32, da=11, tlv=9, sm=64, rd=138.75, cd=0, um=0","Time elapsed: 4.36 seconds","/home/thomasverwaal/Robust-Rail-NL/mathematical-models/local_search_plans_discreet_120/plan_32_trains_32_units10.json"
"/home/thomasverwaal/Robust-Rail-NL/mathematical-models/scenarios_solver_types_120/scenario_solver_32_trains_32_units10.json","Cost of next node: Cost = 2,235.6 : 2,281.88 | cr=22, dd=32, da=10, tlv=9, sm=64, rd=140.62, cd=0, um=0","Time elapsed: 4.48 seconds","/home/thomasverwaal/Robust-Rail-NL/mathematical-models/local_search_plans_discreet_120/plan_32_trains_32_units10.json"
"/home/thomasverwaal/Robust-Rail-NL/mathematical-models/scenarios_solver_types_120/scenario_solver_32_trains_32_units10.json","Cost of next node: Cost = 2,202.2 : 2,253.52 | cr=20, dd=32, da=9, tlv=10, sm=64, rd=136.88, cd=0, um=0","Time elapsed: 4.75 seconds","/home/thomasverwaal/Robust-Rail-NL/mathematical-models/local_search_plans_discreet_120/plan_32_trains_32_units10.json"
"/home/thomasverwaal/Robust-Rail-NL/mathematical-models/scenarios_solver_types_120/scenario_solver_32_trains_32_units10.json","Cost of next node: Cost = 2,165.0 : 2,221.32 | cr=21, dd=32, da=7, tlv=11, sm=64, rd=129.38, cd=0, um=0","Time elapsed: 5.02 seconds","/home/thomasverwaal/Robust-Rail-NL/mathematical-models/local_search_plans_discreet_120/plan_32_trains_32_units10.json"
"/home/thomasverwaal/Robust-Rail-NL/mathematical-models/scenarios_solver_types_120/scenario_solver_32_trains_32_units10.json","Cost of next node: Cost = 2,126.1 : 2,187.35 | cr=19, dd=32, da=6, tlv=12, sm=64, rd=124.69, cd=0, um=0","Time elapsed: 5.34 seconds","/home/thomasverwaal/Robust-Rail-NL/mathematical-models/local_search_plans_discreet_120/plan_32_trains_32_units10.json"
"/home/thomasverwaal/Robust-Rail-NL/mathematical-models/scenarios_solver_types_120/scenario_solver_32_trains_32_units10.json","Cost of next node: Cost = 2,084.7 : 2,150.96 | cr=19, dd=31, da=6, tlv=13, sm=64, rd=120.94, cd=0, um=0","Time elapsed: 5.61 seconds","/home/thomasverwaal/Robust-Rail-NL/mathematical-models/local_search_plans_discreet_120/plan_32_trains_32_units10.json"
"/home/thomasverwaal/Robust-Rail-NL/mathematical-models/scenarios_solver_types_120/scenario_solver_32_trains_32_units10.json","Cost of next node: Cost = 2,039.4 : 2,110.65 | cr=18, dd=30, da=6, tlv=14, sm=64, rd=119.06, cd=0, um=0","Time elapsed: 5.75 seconds","/home/thomasverwaal/Robust-Rail-NL/mathematical-models/local_search_plans_discreet_120/plan_32_trains_32_units10.json"
"/home/thomasverwaal/Robust-Rail-NL/mathematical-models/scenarios_solver_types_120/scenario_solver_32_trains_32_units10.json","Cost of next node: Cost = 2,004.7 : 2,081.01 | cr=18, dd=29, da=6, tlv=15, sm=64, rd=117.19, cd=0, um=0","Time elapsed: 6.10 seconds","/home/thomasverwaal/Robust-Rail-NL/mathematical-models/local_search_plans_discreet_120/plan_32_trains_32_units10.json"
"/home/thomasverwaal/Robust-Rail-NL/mathematical-models/scenarios_solver_types_120/scenario_solver_32_trains_32_units10.json","Cost of next node: Cost = 1,983.3 : 2,059.58 | cr=18, dd=29, da=5, tlv=15, sm=64, rd=113.44, cd=0, um=0","Time elapsed: 6.34 seconds","/home/thomasverwaal/Robust-Rail-NL/mathematical-models/local_search_plans_discreet_120/plan_32_trains_32_units10.json"
"/home/thomasverwaal/Robust-Rail-NL/mathematical-models/scenarios_solver_types_120/scenario_solver_32_trains_32_units10.json","Cost of next node: Cost = 1,958.4 : 2,029.68 | cr=17, dd=29, da=5, tlv=14, sm=64, rd=115.31, cd=0, um=0","Time elapsed: 6.73 seconds","/home/thomasverwaal/Robust-Rail-NL/mathematical-models/local_search_plans_discreet_120/plan_32_trains_32_units10.json"
"/home/thomasverwaal/Robust-Rail-NL/mathematical-models/scenarios_solver_types_120/scenario_solver_32_trains_32_units10.json","Cost of next node: Cost = 1,934.0 : 2,000.28 | cr=16, dd=29, da=5, tlv=13, sm=64, rd=117.19, cd=0, um=0","Time elapsed: 6.89 seconds","/home/thomasverwaal/Robust-Rail-NL/mathematical-models/local_search_plans_discreet_120/plan_32_trains_32_units10.json"
"/home/thomasverwaal/Robust-Rail-NL/mathematical-models/scenarios_solver_types_120/scenario_solver_32_trains_32_units10.json","Cost of next node: Cost = 1,912.3 : 1,973.58 | cr=15, dd=29, da=5, tlv=12, sm=64, rd=120.94, cd=0, um=0","Time elapsed: 7.03 seconds","/home/thomasverwaal/Robust-Rail-NL/mathematical-models/local_search_plans_discreet_120/plan_32_trains_32_units10.json"
"/home/thomasverwaal/Robust-Rail-NL/mathematical-models/scenarios_solver_types_120/scenario_solver_32_trains_32_units10.json","Cost of next node: Cost = 1,825.2 : 1,891.52 | cr=15, dd=27, da=5, tlv=13, sm=64, rd=115.31, cd=0, um=0","Time elapsed: 7.31 seconds","/home/thomasverwaal/Robust-Rail-NL/mathematical-models/local_search_plans_discreet_120/plan_32_trains_32_units10.json"
"/home/thomasverwaal/Robust-Rail-NL/mathematical-models/scenarios_solver_types_120/scenario_solver_32_trains_32_units10.json","Cost of next node: Cost = 1,803.2 : 1,864.52 | cr=14, dd=27, da=5, tlv=12, sm=64, rd=119.06, cd=0, um=0","Time elapsed: 7.51 seconds","/home/thomasverwaal/Robust-Rail-NL/mathematical-models/local_search_plans_discreet_120/plan_32_trains_32_units10.json"
"/home/thomasverwaal/Robust-Rail-NL/mathematical-models/scenarios_solver_types_120/scenario_solver_32_trains_32_units10.json","Cost of next node: Cost = 1,591.0 : 1,657.31 | cr=14, dd=23, da=4, tlv=13, sm=64, rd=111.56, cd=0, um=0","Time elapsed: 7.73 seconds","/home/thomasverwaal/Robust-Rail-NL/mathematical-models/local_search_plans_discreet_120/plan_32_trains_32_units10.json"
"/home/thomasverwaal/Robust-Rail-NL/mathematical-models/scenarios_solver_types_120/scenario_solver_32_trains_32_units10.json","Cost of next node: Cost = 1,563.7 : 1,624.99 | cr=17, dd=22, da=4, tlv=12, sm=64, rd=115.31, cd=0, um=0","Time elapsed: 7.84 seconds","/home/thomasverwaal/Robust-Rail-NL/mathematical-models/local_search_plans_discreet_120/plan_32_trains_32_units10.json"
"/home/thomasverwaal/Robust-Rail-NL/mathematical-models/scenarios_solver_types_120/scenario_solver_32_trains_32_units10.json","Cost of next node: Cost = 1,520.8 : 1,587.08 | cr=21, dd=20, da=5, tlv=13, sm=64, rd=103.12, cd=0, um=0","Time elapsed: 8.15 seconds","/home/thomasverwaal/Robust-Rail-NL/mathematical-models/local_search_plans_discreet_120/plan_32_trains_32_units10.json"
"/home/thomasverwaal/Robust-Rail-NL/mathematical-models/scenarios_solver_types_120/scenario_solver_32_trains_32_units10.json","Cost of next node: Cost = 1,496.2 : 1,567.48 | cr=22, dd=19, da=5, tlv=14, sm=64, rd=101.25, cd=0, um=0","Time elapsed: 8.30 seconds","/home/thomasverwaal/Robust-Rail-NL/mathematical-models/local_search_plans_discreet_120/plan_32_trains_32_units10.json"
"/home/thomasverwaal/Robust-Rail-NL/mathematical-models/scenarios_solver_types_120/scenario_solver_32_trains_32_units10.json","Cost of next node: Cost = 1,451.8 : 1,518.08 | cr=21, dd=19, da=4, tlv=13, sm=64, rd=99.38, cd=0, um=0","Time elapsed: 8.41 seconds","/home/thomasverwaal/Robust-Rail-NL/mathematical-models/local_search_plans_discreet_120/plan_32_trains_32_units10.json"
"/home/thomasverwaal/Robust-Rail-NL/mathematical-models/scenarios_solver_types_120/scenario_solver_32_trains_32_units10.json","Cost of next node: Cost = 1,408.1 : 1,479.42 | cr=22, dd=18, da=3, tlv=14, sm=64, rd=95.62, cd=0, um=0","Time elapsed: 8.64 seconds","/home/thomasverwaal/Robust-Rail-NL/mathematical-models/local_search_plans_discreet_120/plan_32_trains_32_units10.json"
"/home/thomasverwaal/Robust-Rail-NL/mathematical-models/scenarios_solver_types_120/scenario_solver_32_trains_32_units10.json","Cost of next node: Cost = 1,383.1 : 1,449.42 | cr=21, dd=18, da=3, tlv=13, sm=64, rd=97.50, cd=0, um=0","Time elapsed: 8.85 seconds","/home/thomasverwaal/Robust-Rail-NL/mathematical-models/local_search_plans_discreet_120/plan_32_trains_32_units10.json"
"/home/thomasverwaal/Robust-Rail-NL/mathematical-models/scenarios_solver_types_120/scenario_solver_32_trains_32_units10.json","Cost of next node: Cost = 1,358.1 : 1,419.42 | cr=20, dd=18, da=3, tlv=12, sm=64, rd=99.38, cd=0, um=0","Time elapsed: 9.04 seconds","/home/thomasverwaal/Robust-Rail-NL/mathematical-models/local_search_plans_discreet_120/plan_32_trains_32_units10.json"
"/home/thomasverwaal/Robust-Rail-NL/mathematical-models/scenarios_solver_types_120/scenario_solver_32_trains_32_units10.json","Cost of next node: Cost = 1,181.6 : 1,247.86 | cr=18, dd=15, da=2, tlv=13, sm=64, rd=93.75, cd=0, um=0","Time elapsed: 9.33 seconds","/home/thomasverwaal/Robust-Rail-NL/mathematical-models/local_search_plans_discreet_120/plan_32_trains_32_units10.json"
"/home/thomasverwaal/Robust-Rail-NL/mathematical-models/scenarios_solver_types_120/scenario_solver_32_trains_32_units10.json","Cost of next node: Cost = 665.3 : 736.58 | cr=18, dd=5, da=1, tlv=14, sm=64, rd=82.50, cd=0, um=0","Time elapsed: 9.53 seconds","/home/thomasverwaal/Robust-Rail-NL/mathematical-models/local_search_plans_discreet_120/plan_32_trains_32_units10.json"
"/home/thomasverwaal/Robust-Rail-NL/mathematical-models/scenarios_solver_types_120/scenario_solver_32_trains_32_units10.json","Cost of next node: Cost = 466.5 : 542.78 | cr=19, dd=1, da=0, tlv=15, sm=64, rd=76.88, cd=0, um=0","Time elapsed: 9.76 seconds","/home/thomasverwaal/Robust-Rail-NL/mathematical-models/local_search_plans_discreet_120/plan_32_trains_32_units10.json"
"/home/thomasverwaal/Robust-Rail-NL/mathematical-models/scenarios_solver_types_120/scenario_solver_32_trains_32_units10.json","Cost of next node: Cost = 446.5 : 522.80 | cr=17, dd=1, da=0, tlv=15, sm=65, rd=77.54, cd=0, um=0","Time elapsed: 14.35 seconds","/home/thomasverwaal/Robust-Rail-NL/mathematical-models/local_search_plans_discreet_120/plan_32_trains_32_units10.json"
"/home/thomasverwaal/Robust-Rail-NL/mathematical-models/scenarios_solver_types_120/scenario_solver_32_trains_32_units10.json","Cost of next node: Cost = 431.5 : 502.80 | cr=17, dd=1, da=0, tlv=14, sm=65, rd=79.38, cd=0, um=0","Time elapsed: 18.41 seconds","/home/thomasverwaal/Robust-Rail-NL/mathematical-models/local_search_plans_discreet_120/plan_32_trains_32_units10.json"
"/home/thomasverwaal/Robust-Rail-NL/mathematical-models/scenarios_solver_types_120/scenario_solver_32_trains_32_units10.json","Cost of next node: Cost = 416.5 : 482.80 | cr=17, dd=1, da=0, tlv=13, sm=65, rd=81.23, cd=0, um=0","Time elapsed: 22.08 seconds","/home/thomasverwaal/Robust-Rail-NL/mathematical-models/local_search_plans_discreet_120/plan_32_trains_32_units10.json"
"/home/thomasverwaal/Robust-Rail-NL/mathematical-models/scenarios_solver_types_120/scenario_solver_32_trains_32_units10.json","Cost of next node: Cost = 406.5 : 472.80 | cr=16, dd=1, da=0, tlv=13, sm=65, rd=81.23, cd=0, um=0","Time elapsed: 25.14 seconds","/home/thomasverwaal/Robust-Rail-NL/mathematical-models/local_search_plans_discreet_120/plan_32_trains_32_units10.json"
"/home/thomasverwaal/Robust-Rail-NL/mathematical-models/scenarios_solver_types_120/scenario_solver_32_trains_32_units10.json","Cost of next node: Cost = 396.5 : 462.80 | cr=15, dd=1, da=0, tlv=13, sm=65, rd=81.23, cd=0, um=0","Time elapsed: 27.94 seconds","/home/thomasverwaal/Robust-Rail-NL/mathematical-models/local_search_plans_discreet_120/plan_32_trains_32_units10.json"
"/home/thomasverwaal/Robust-Rail-NL/mathematical-models/scenarios_solver_types_120/scenario_solver_32_trains_32_units10.json","Cost of next node: Cost = 360.0 : 431.30 | cr=15, dd=0, da=0, tlv=14, sm=65, rd=77.54, cd=0, um=0","Time elapsed: 28.04 seconds","/home/thomasverwaal/Robust-Rail-NL/mathematical-models/local_search_plans_discreet_120/plan_32_trains_32_units10.json"
"/home/thomasverwaal/Robust-Rail-NL/mathematical-models/scenarios_solver_types_120/scenario_solver_32_trains_32_units10.json","Cost of next node: Cost = 350.0 : 421.30 | cr=14, dd=0, da=0, tlv=14, sm=65, rd=77.54, cd=0, um=0","Time elapsed: 31.81 seconds","/home/thomasverwaal/Robust-Rail-NL/mathematical-models/local_search_plans_discreet_120/plan_32_trains_32_units10.json"
"/home/thomasverwaal/Robust-Rail-NL/mathematical-models/scenarios_solver_types_120/scenario_solver_32_trains_32_units10.json","Cost of next node: Cost = 340.0 : 411.30 | cr=13, dd=0, da=0, tlv=14, sm=65, rd=77.54, cd=0, um=0","Time elapsed: 34.53 seconds","/home/thomasverwaal/Robust-Rail-NL/mathematical-models/local_search_plans_discreet_120/plan_32_trains_32_units10.json"
"/home/thomasverwaal/Robust-Rail-NL/mathematical-models/scenarios_solver_types_120/scenario_solver_32_trains_32_units10.json","Cost of next node: Cost = 330.0 : 401.30 | cr=12, dd=0, da=0, tlv=14, sm=65, rd=77.54, cd=0, um=0","Time elapsed: 36.85 seconds","/home/thomasverwaal/Robust-Rail-NL/mathematical-models/local_search_plans_discreet_120/plan_32_trains_32_units10.json"
"/home/thomasverwaal/Robust-Rail-NL/mathematical-models/scenarios_solver_types_120/scenario_solver_32_trains_32_units10.json","Cost of next node: Cost = 320.0 : 391.30 | cr=11, dd=0, da=0, tlv=14, sm=65, rd=77.54, cd=0, um=0","Time elapsed: 38.78 seconds","/home/thomasverwaal/Robust-Rail-NL/mathematical-models/local_search_plans_discreet_120/plan_32_trains_32_units10.json"
"/home/thomasverwaal/Robust-Rail-NL/mathematical-models/scenarios_solver_types_120/scenario_solver_32_trains_32_units10.json","Cost of next node: Cost = 310.0 : 381.30 | cr=10, dd=0, da=0, tlv=14, sm=65, rd=77.54, cd=0, um=0","Time elapsed: 40.65 seconds","/home/thomasverwaal/Robust-Rail-NL/mathematical-models/local_search_plans_discreet_120/plan_32_trains_32_units10.json"
"/home/thomasverwaal/Robust-Rail-NL/mathematical-models/scenarios_solver_types_120/scenario_solver_32_trains_32_units10.json","Cost of next node: Cost = 300.0 : 371.30 | cr=9, dd=0, da=0, tlv=14, sm=65, rd=77.54, cd=0, um=0","Time elapsed: 42.09 seconds","/home/thomasverwaal/Robust-Rail-NL/mathematical-models/local_search_plans_discreet_120/plan_32_trains_32_units10.json"
"/home/thomasverwaal/Robust-Rail-NL/mathematical-models/scenarios_solver_types_120/scenario_solver_32_trains_32_units10.json","Cost of next node: Cost = 290.0 : 361.32 | cr=8, dd=0, da=0, tlv=14, sm=66, rd=78.18, cd=0, um=0","Time elapsed: 59.59 seconds","/home/thomasverwaal/Robust-Rail-NL/mathematical-models/local_search_plans_discreet_120/plan_32_trains_32_units10.json"
"/home/thomasverwaal/Robust-Rail-NL/mathematical-models/scenarios_solver_types_120/scenario_solver_32_trains_32_units10.json","Cost of next node: Cost = 280.0 : 351.30 | cr=7, dd=0, da=0, tlv=14, sm=65, rd=77.54, cd=0, um=0","Time elapsed: 72.61 seconds","/home/thomasverwaal/Robust-Rail-NL/mathematical-models/local_search_plans_discreet_120/plan_32_trains_32_units10.json"
"/home/thomasverwaal/Robust-Rail-NL/mathematical-models/scenarios_solver_types_120/scenario_solver_32_trains_32_units10.json","Cost of next node: Cost = 270.0 : 341.30 | cr=6, dd=0, da=0, tlv=14, sm=65, rd=77.54, cd=0, um=0","Time elapsed: 74.24 seconds","/home/thomasverwaal/Robust-Rail-NL/mathematical-models/local_search_plans_discreet_120/plan_32_trains_32_units10.json"
"/home/thomasverwaal/Robust-Rail-NL/mathematical-models/scenarios_solver_types_120/scenario_solver_32_trains_32_units10.json","Cost of next node: Cost = 260.0 : 331.30 | cr=5, dd=0, da=0, tlv=14, sm=65, rd=79.38, cd=0, um=0","Time elapsed: 75.88 seconds","/home/thomasverwaal/Robust-Rail-NL/mathematical-models/local_search_plans_discreet_120/plan_32_trains_32_units10.json"
"/home/thomasverwaal/Robust-Rail-NL/mathematical-models/scenarios_solver_types_120/scenario_solver_32_trains_32_units10.json","Cost of next node: Cost = 250.0 : 321.30 | cr=4, dd=0, da=0, tlv=14, sm=65, rd=77.54, cd=0, um=0","Time elapsed: 90.27 seconds","/home/thomasverwaal/Robust-Rail-NL/mathematical-models/local_search_plans_discreet_120/plan_32_trains_32_units10.json"
"/home/thomasverwaal/Robust-Rail-NL/mathematical-models/scenarios_solver_types_120/scenario_solver_32_trains_32_units10.json","Cost of next node: Cost = 240.0 : 311.30 | cr=3, dd=0, da=0, tlv=14, sm=65, rd=79.38, cd=0, um=0","Time elapsed: 144.79 seconds","/home/thomasverwaal/Robust-Rail-NL/mathematical-models/local_search_plans_discreet_120/plan_32_trains_32_units10.json"
"/home/thomasverwaal/Robust-Rail-NL/mathematical-models/scenarios_solver_types_120/scenario_solver_32_trains_32_units10.json","Cost of next node: Cost = 230.0 : 301.30 | cr=2, dd=0, da=0, tlv=14, sm=65, rd=79.38, cd=0, um=0","Time elapsed: 151.39 seconds","/home/thomasverwaal/Robust-Rail-NL/mathematical-models/local_search_plans_discreet_120/plan_32_trains_32_units10.json"
"/home/thomasverwaal/Robust-Rail-NL/mathematical-models/scenarios_solver_types_120/scenario_solver_32_trains_32_units10.json","NO_COST_FOUND","NO_TIME_FOUND","NO_PLAN_CREATED"
"/home/thomasverwaal/Robust-Rail-NL/mathematical-models/scenarios_solver_types_120/scenario_solver_32_trains_32_units11.json","Cost of next node: Cost = 2,870.8 : 2,877.06 | cr=49, dd=32, da=28, tlv=1, sm=64, rd=195.94, cd=0, um=0","Time elapsed: 1.44 seconds","/home/thomasverwaal/Robust-Rail-NL/mathematical-models/local_search_plans_discreet_120/plan_32_trains_32_units11.json"
"/home/thomasverwaal/Robust-Rail-NL/mathematical-models/scenarios_solver_types_120/scenario_solver_32_trains_32_units11.json","Cost of next node: Cost = 2,848.2 : 2,859.46 | cr=47, dd=32, da=28, tlv=2, sm=64, rd=192.19, cd=0, um=0","Time elapsed: 1.57 seconds","/home/thomasverwaal/Robust-Rail-NL/mathematical-models/local_search_plans_discreet_120/plan_32_trains_32_units11.json"
"/home/thomasverwaal/Robust-Rail-NL/mathematical-models/scenarios_solver_types_120/scenario_solver_32_trains_32_units11.json","Cost of next node: Cost = 2,747.4 : 2,763.69 | cr=38, dd=32, da=26, tlv=3, sm=64, rd=194.06, cd=0, um=0","Time elapsed: 1.70 seconds","/home/thomasverwaal/Robust-Rail-NL/mathematical-models/local_search_plans_discreet_120/plan_32_trains_32_units11.json"
"/home/thomasverwaal/Robust-Rail-NL/mathematical-models/scenarios_solver_types_120/scenario_solver_32_trains_32_units11.json","Cost of next node: Cost = 2,633.4 : 2,654.71 | cr=33, dd=32, da=23, tlv=4, sm=64, rd=187.50, cd=0, um=0","Time elapsed: 1.89 seconds","/home/thomasverwaal/Robust-Rail-NL/mathematical-models/local_search_plans_discreet_120/plan_32_trains_32_units11.json"
"/home/thomasverwaal/Robust-Rail-NL/mathematical-models/scenarios_solver_types_120/scenario_solver_32_trains_32_units11.json","Cost of next node: Cost = 2,577.5 : 2,603.80 | cr=31, dd=32, da=21, tlv=5, sm=64, rd=188.44, cd=0, um=0","Time elapsed: 2.15 seconds","/home/thomasverwaal/Robust-Rail-NL/mathematical-models/local_search_plans_discreet_120/plan_32_trains_32_units11.json"
"/home/thomasverwaal/Robust-Rail-NL/mathematical-models/scenarios_solver_types_120/scenario_solver_32_trains_32_units11.json","Cost of next node: Cost = 2,553.0 : 2,579.29 | cr=32, dd=32, da=19, tlv=5, sm=64, rd=194.06, cd=0, um=0","Time elapsed: 2.25 seconds","/home/thomasverwaal/Robust-Rail-NL/mathematical-models/local_search_plans_discreet_120/plan_32_trains_32_units11.json"
"/home/thomasverwaal/Robust-Rail-NL/mathematical-models/scenarios_solver_types_120/scenario_solver_32_trains_32_units11.json","Cost of next node: Cost = 2,502.4 : 2,533.72 | cr=34, dd=32, da=15, tlv=6, sm=64, rd=188.44, cd=0, um=0","Time elapsed: 2.40 seconds","/home/thomasverwaal/Robust-Rail-NL/mathematical-models/local_search_plans_discreet_120/plan_32_trains_32_units11.json"
"/home/thomasverwaal/Robust-Rail-NL/mathematical-models/scenarios_solver_types_120/scenario_solver_32_trains_32_units11.json","Cost of next node: Cost = 2,470.0 : 2,506.27 | cr=36, dd=32, da=11, tlv=7, sm=64, rd=190.31, cd=0, um=0","Time elapsed: 2.55 seconds","/home/thomasverwaal/Robust-Rail-NL/mathematical-models/local_search_plans_discreet_120/plan_32_trains_32_units11.json"
"/home/thomasverwaal/Robust-Rail-NL/mathematical-models/scenarios_solver_types_120/scenario_solver_32_trains_32_units11.json","Cost of next node: Cost = 2,444.6 : 2,480.86 | cr=35, dd=32, da=11, tlv=7, sm=64, rd=184.69, cd=0, um=0","Time elapsed: 2.67 seconds","/home/thomasverwaal/Robust-Rail-NL/mathematical-models/local_search_plans_discreet_120/plan_32_trains_32_units11.json"
"/home/thomasverwaal/Robust-Rail-NL/mathematical-models/scenarios_solver_types_120/scenario_solver_32_trains_32_units11.json","Cost of next node: Cost = 2,367.9 : 2,409.14 | cr=27, dd=32, da=11, tlv=8, sm=64, rd=180.00, cd=0, um=0","Time elapsed: 2.82 seconds","/home/thomasverwaal/Robust-Rail-NL/mathematical-models/local_search_plans_discreet_120/plan_32_trains_32_units11.json"
"/home/thomasverwaal/Robust-Rail-NL/mathematical-models/scenarios_solver_types_120/scenario_solver_32_trains_32_units11.json","Cost of next node: Cost = 2,341.1 : 2,387.40 | cr=25, dd=32, da=11, tlv=9, sm=64, rd=176.25, cd=0, um=0","Time elapsed: 2.95 seconds","/home/thomasverwaal/Robust-Rail-NL/mathematical-models/local_search_plans_discreet_120/plan_32_trains_32_units11.json"
"/home/thomasverwaal/Robust-Rail-NL/mathematical-models/scenarios_solver_types_120/scenario_solver_32_trains_32_units11.json","Cost of next node: Cost = 2,315.0 : 2,356.31 | cr=25, dd=32, da=11, tlv=8, sm=64, rd=166.88, cd=0, um=0","Time elapsed: 3.33 seconds","/home/thomasverwaal/Robust-Rail-NL/mathematical-models/local_search_plans_discreet_120/plan_32_trains_32_units11.json"
"/home/thomasverwaal/Robust-Rail-NL/mathematical-models/scenarios_solver_types_120/scenario_solver_32_trains_32_units11.json","Cost of next node: Cost = 2,294.2 : 2,330.49 | cr=25, dd=32, da=11, tlv=7, sm=64, rd=163.12, cd=0, um=0","Time elapsed: 3.72 seconds","/home/thomasverwaal/Robust-Rail-NL/mathematical-models/local_search_plans_discreet_120/plan_32_trains_32_units11.json"
"/home/thomasverwaal/Robust-Rail-NL/mathematical-models/scenarios_solver_types_120/scenario_solver_32_trains_32_units11.json","Cost of next node: Cost = 2,265.0 : 2,306.32 | cr=20, dd=32, da=11, tlv=8, sm=64, rd=163.12, cd=0, um=0","Time elapsed: 4.13 seconds","/home/thomasverwaal/Robust-Rail-NL/mathematical-models/local_search_plans_discreet_120/plan_32_trains_32_units11.json"
"/home/thomasverwaal/Robust-Rail-NL/mathematical-models/scenarios_solver_types_120/scenario_solver_32_trains_32_units11.json","Cost of next node: Cost = 2,231.2 : 2,272.47 | cr=14, dd=32, da=11, tlv=8, sm=64, rd=168.75, cd=0, um=0","Time elapsed: 4.43 seconds","/home/thomasverwaal/Robust-Rail-NL/mathematical-models/local_search_plans_discreet_120/plan_32_trains_32_units11.json"
"/home/thomasverwaal/Robust-Rail-NL/mathematical-models/scenarios_solver_types_120/scenario_solver_32_trains_32_units11.json","Cost of next node: Cost = 2,190.3 : 2,236.57 | cr=13, dd=32, da=10, tlv=9, sm=64, rd=161.25, cd=0, um=0","Time elapsed: 4.77 seconds","/home/thomasverwaal/Robust-Rail-NL/mathematical-models/local_search_plans_discreet_120/plan_32_trains_32_units11.json"
"/home/thomasverwaal/Robust-Rail-NL/mathematical-models/scenarios_solver_types_120/scenario_solver_32_trains_32_units11.json","Cost of next node: Cost = 2,165.9 : 2,217.21 | cr=11, dd=32, da=10, tlv=10, sm=64, rd=155.62, cd=0, um=0","Time elapsed: 5.26 seconds","/home/thomasverwaal/Robust-Rail-NL/mathematical-models/local_search_plans_discreet_120/plan_32_trains_32_units11.json"
"/home/thomasverwaal/Robust-Rail-NL/mathematical-models/scenarios_solver_types_120/scenario_solver_32_trains_32_units11.json","Cost of next node: Cost = 2,141.3 : 2,197.57 | cr=10, dd=32, da=10, tlv=11, sm=64, rd=146.25, cd=0, um=0","Time elapsed: 5.73 seconds","/home/thomasverwaal/Robust-Rail-NL/mathematical-models/local_search_plans_discreet_120/plan_32_trains_32_units11.json"
"/home/thomasverwaal/Robust-Rail-NL/mathematical-models/scenarios_solver_types_120/scenario_solver_32_trains_32_units11.json","Cost of next node: Cost = 2,119.3 : 2,180.58 | cr=11, dd=32, da=9, tlv=12, sm=64, rd=136.88, cd=0, um=0","Time elapsed: 6.22 seconds","/home/thomasverwaal/Robust-Rail-NL/mathematical-models/local_search_plans_discreet_120/plan_32_trains_32_units11.json"
"/home/thomasverwaal/Robust-Rail-NL/mathematical-models/scenarios_solver_types_120/scenario_solver_32_trains_32_units11.json","Cost of next node: Cost = 2,068.9 : 2,125.16 | cr=15, dd=32, da=6, tlv=11, sm=64, rd=126.56, cd=0, um=0","Time elapsed: 6.38 seconds","/home/thomasverwaal/Robust-Rail-NL/mathematical-models/local_search_plans_discreet_120/plan_32_trains_32_units11.json"
"/home/thomasverwaal/Robust-Rail-NL/mathematical-models/scenarios_solver_types_120/scenario_solver_32_trains_32_units11.json","Cost of next node: Cost = 2,046.1 : 2,102.36 | cr=15, dd=32, da=5, tlv=11, sm=64, rd=122.81, cd=0, um=0","Time elapsed: 6.98 seconds","/home/thomasverwaal/Robust-Rail-NL/mathematical-models/local_search_plans_discreet_120/plan_32_trains_32_units11.json"
"/home/thomasverwaal/Robust-Rail-NL/mathematical-models/scenarios_solver_types_120/scenario_solver_32_trains_32_units11.json","Cost of next node: Cost = 1,942.2 : 1,993.50 | cr=24, dd=29, da=4, tlv=10, sm=64, rd=110.62, cd=0, um=0","Time elapsed: 7.30 seconds","/home/thomasverwaal/Robust-Rail-NL/mathematical-models/local_search_plans_discreet_120/plan_32_trains_32_units11.json"
"/home/thomasverwaal/Robust-Rail-NL/mathematical-models/scenarios_solver_types_120/scenario_solver_32_trains_32_units11.json","Cost of next node: Cost = 1,857.3 : 1,913.56 | cr=24, dd=27, da=4, tlv=11, sm=64, rd=108.75, cd=0, um=0","Time elapsed: 7.60 seconds","/home/thomasverwaal/Robust-Rail-NL/mathematical-models/local_search_plans_discreet_120/plan_32_trains_32_units11.json"
"/home/thomasverwaal/Robust-Rail-NL/mathematical-models/scenarios_solver_types_120/scenario_solver_32_trains_32_units11.json","Cost of next node: Cost = 1,832.5 : 1,893.76 | cr=25, dd=26, da=4, tlv=12, sm=64, rd=103.12, cd=0, um=0","Time elapsed: 7.80 seconds","/home/thomasverwaal/Robust-Rail-NL/mathematical-models/local_search_plans_discreet_120/plan_32_trains_32_units11.json"
"/home/thomasverwaal/Robust-Rail-NL/mathematical-models/scenarios_solver_types_120/scenario_solver_32_trains_32_units11.json","Cost of next node: Cost = 1,797.1 : 1,863.39 | cr=25, dd=25, da=4, tlv=13, sm=64, rd=101.25, cd=0, um=0","Time elapsed: 7.99 seconds","/home/thomasverwaal/Robust-Rail-NL/mathematical-models/local_search_plans_discreet_120/plan_32_trains_32_units11.json"
"/home/thomasverwaal/Robust-Rail-NL/mathematical-models/scenarios_solver_types_120/scenario_solver_32_trains_32_units11.json","Cost of next node: Cost = 1,752.3 : 1,823.60 | cr=24, dd=24, da=4, tlv=14, sm=64, rd=99.38, cd=0, um=0","Time elapsed: 8.21 seconds","/home/thomasverwaal/Robust-Rail-NL/mathematical-models/local_search_plans_discreet_120/plan_32_trains_32_units11.json"
"/home/thomasverwaal/Robust-Rail-NL/mathematical-models/scenarios_solver_types_120/scenario_solver_32_trains_32_units11.json","Cost of next node: Cost = 1,657.7 : 1,733.94 | cr=23, dd=22, da=4, tlv=15, sm=64, rd=95.62, cd=0, um=0","Time elapsed: 8.38 seconds","/home/thomasverwaal/Robust-Rail-NL/mathematical-models/local_search_plans_discreet_120/plan_32_trains_32_units11.json"
"/home/thomasverwaal/Robust-Rail-NL/mathematical-models/scenarios_solver_types_120/scenario_solver_32_trains_32_units11.json","Cost of next node: Cost = 1,612.6 : 1,693.93 | cr=22, dd=21, da=4, tlv=16, sm=64, rd=93.75, cd=0, um=0","Time elapsed: 8.67 seconds","/home/thomasverwaal/Robust-Rail-NL/mathematical-models/local_search_plans_discreet_120/plan_32_trains_32_units11.json"
"/home/thomasverwaal/Robust-Rail-NL/mathematical-models/scenarios_solver_types_120/scenario_solver_32_trains_32_units11.json","Cost of next node: Cost = 1,587.6 : 1,663.93 | cr=21, dd=21, da=4, tlv=15, sm=64, rd=95.62, cd=0, um=0","Time elapsed: 8.83 seconds","/home/thomasverwaal/Robust-Rail-NL/mathematical-models/local_search_plans_discreet_120/plan_32_trains_32_units11.json"
"/home/thomasverwaal/Robust-Rail-NL/mathematical-models/scenarios_solver_types_120/scenario_solver_32_trains_32_units11.json","Cost of next node: Cost = 1,532.9 : 1,614.20 | cr=19, dd=20, da=4, tlv=16, sm=64, rd=93.75, cd=0, um=0","Time elapsed: 9.03 seconds","/home/thomasverwaal/Robust-Rail-NL/mathematical-models/local_search_plans_discreet_120/plan_32_trains_32_units11.json"
"/home/thomasverwaal/Robust-Rail-NL/mathematical-models/scenarios_solver_types_120/scenario_solver_32_trains_32_units11.json","Cost of next node: Cost = 1,498.5 : 1,584.80 | cr=19, dd=19, da=4, tlv=17, sm=64, rd=91.88, cd=0, um=0","Time elapsed: 9.47 seconds","/home/thomasverwaal/Robust-Rail-NL/mathematical-models/local_search_plans_discreet_120/plan_32_trains_32_units11.json"
"/home/thomasverwaal/Robust-Rail-NL/mathematical-models/scenarios_solver_types_120/scenario_solver_32_trains_32_units11.json","Cost of next node: Cost = 1,118.3 : 1,209.59 | cr=17, dd=12, da=3, tlv=18, sm=64, rd=84.38, cd=0, um=0","Time elapsed: 9.73 seconds","/home/thomasverwaal/Robust-Rail-NL/mathematical-models/local_search_plans_discreet_120/plan_32_trains_32_units11.json"
"/home/thomasverwaal/Robust-Rail-NL/mathematical-models/scenarios_solver_types_120/scenario_solver_32_trains_32_units11.json","Cost of next node: Cost = 579.8 : 676.08 | cr=15, dd=2, da=2, tlv=19, sm=64, rd=73.12, cd=0, um=0","Time elapsed: 10.14 seconds","/home/thomasverwaal/Robust-Rail-NL/mathematical-models/local_search_plans_discreet_120/plan_32_trains_32_units11.json"
"/home/thomasverwaal/Robust-Rail-NL/mathematical-models/scenarios_solver_types_120/scenario_solver_32_trains_32_units11.json","Cost of next node: Cost = 544.8 : 636.08 | cr=15, dd=2, da=1, tlv=18, sm=64, rd=73.12, cd=0, um=0","Time elapsed: 10.30 seconds","/home/thomasverwaal/Robust-Rail-NL/mathematical-models/local_search_plans_discreet_120/plan_32_trains_32_units11.json"
"/home/thomasverwaal/Robust-Rail-NL/mathematical-models/scenarios_solver_types_120/scenario_solver_32_trains_32_units11.json","Cost of next node: Cost = 415.0 : 511.28 | cr=13, dd=0, da=0, tlv=19, sm=64, rd=67.50, cd=0, um=0","Time elapsed: 10.74 seconds","/home/thomasverwaal/Robust-Rail-NL/mathematical-models/local_search_plans_discreet_120/plan_32_trains_32_units11.json"
"/home/thomasverwaal/Robust-Rail-NL/mathematical-models/scenarios_solver_types_120/scenario_solver_32_trains_32_units11.json","Cost of next node: Cost = 400.0 : 491.28 | cr=13, dd=0, da=0, tlv=18, sm=64, rd=69.38, cd=0, um=0","Time elapsed: 17.60 seconds","/home/thomasverwaal/Robust-Rail-NL/mathematical-models/local_search_plans_discreet_120/plan_32_trains_32_units11.json"
"/home/thomasverwaal/Robust-Rail-NL/mathematical-models/scenarios_solver_types_120/scenario_solver_32_trains_32_units11.json","Cost of next node: Cost = 385.0 : 471.28 | cr=13, dd=0, da=0, tlv=17, sm=64, rd=71.25, cd=0, um=0","Time elapsed: 23.55 seconds","/home/thomasverwaal/Robust-Rail-NL/mathematical-models/local_search_plans_discreet_120/plan_32_trains_32_units11.json"
"/home/thomasverwaal/Robust-Rail-NL/mathematical-models/scenarios_solver_types_120/scenario_solver_32_trains_32_units11.json","Cost of next node: Cost = 370.0 : 451.30 | cr=13, dd=0, da=0, tlv=16, sm=65, rd=72.00, cd=0, um=0","Time elapsed: 29.10 seconds","/home/thomasverwaal/Robust-Rail-NL/mathematical-models/local_search_plans_discreet_120/plan_32_trains_32_units11.json"
"/home/thomasverwaal/Robust-Rail-NL/mathematical-models/scenarios_solver_types_120/scenario_solver_32_trains_32_units11.json","Cost of next node: Cost = 360.0 : 441.30 | cr=12, dd=0, da=0, tlv=16, sm=65, rd=72.00, cd=0, um=0","Time elapsed: 34.88 seconds","/home/thomasverwaal/Robust-Rail-NL/mathematical-models/local_search_plans_discreet_120/plan_32_trains_32_units11.json"
"/home/thomasverwaal/Robust-Rail-NL/mathematical-models/scenarios_solver_types_120/scenario_solver_32_trains_32_units11.json","Cost of next node: Cost = 350.0 : 431.30 | cr=11, dd=0, da=0, tlv=16, sm=65, rd=72.00, cd=0, um=0","Time elapsed: 39.67 seconds","/home/thomasverwaal/Robust-Rail-NL/mathematical-models/local_search_plans_discreet_120/plan_32_trains_32_units11.json"
"/home/thomasverwaal/Robust-Rail-NL/mathematical-models/scenarios_solver_types_120/scenario_solver_32_trains_32_units11.json","Cost of next node: Cost = 335.0 : 411.30 | cr=11, dd=0, da=0, tlv=15, sm=65, rd=73.85, cd=0, um=0","Time elapsed: 44.01 seconds","/home/thomasverwaal/Robust-Rail-NL/mathematical-models/local_search_plans_discreet_120/plan_32_trains_32_units11.json"
"/home/thomasverwaal/Robust-Rail-NL/mathematical-models/scenarios_solver_types_120/scenario_solver_32_trains_32_units11.json","Cost of next node: Cost = 320.0 : 391.30 | cr=11, dd=0, da=0, tlv=14, sm=65, rd=75.69, cd=0, um=0","Time elapsed: 48.23 seconds","/home/thomasverwaal/Robust-Rail-NL/mathematical-models/local_search_plans_discreet_120/plan_32_trains_32_units11.json"
"/home/thomasverwaal/Robust-Rail-NL/mathematical-models/scenarios_solver_types_120/scenario_solver_32_trains_32_units11.json","Cost of next node: Cost = 310.0 : 381.30 | cr=10, dd=0, da=0, tlv=14, sm=65, rd=75.69, cd=0, um=0","Time elapsed: 52.00 seconds","/home/thomasverwaal/Robust-Rail-NL/mathematical-models/local_search_plans_discreet_120/plan_32_trains_32_units11.json"
"/home/thomasverwaal/Robust-Rail-NL/mathematical-models/scenarios_solver_types_120/scenario_solver_32_trains_32_units11.json","Cost of next node: Cost = 300.0 : 371.30 | cr=9, dd=0, da=0, tlv=14, sm=65, rd=75.69, cd=0, um=0","Time elapsed: 56.03 seconds","/home/thomasverwaal/Robust-Rail-NL/mathematical-models/local_search_plans_discreet_120/plan_32_trains_32_units11.json"
"/home/thomasverwaal/Robust-Rail-NL/mathematical-models/scenarios_solver_types_120/scenario_solver_32_trains_32_units11.json","Cost of next node: Cost = 290.0 : 361.30 | cr=8, dd=0, da=0, tlv=14, sm=65, rd=75.69, cd=0, um=0","Time elapsed: 59.50 seconds","/home/thomasverwaal/Robust-Rail-NL/mathematical-models/local_search_plans_discreet_120/plan_32_trains_32_units11.json"
"/home/thomasverwaal/Robust-Rail-NL/mathematical-models/scenarios_solver_types_120/scenario_solver_32_trains_32_units11.json","Cost of next node: Cost = 280.0 : 351.30 | cr=7, dd=0, da=0, tlv=14, sm=65, rd=75.69, cd=0, um=0","Time elapsed: 62.27 seconds","/home/thomasverwaal/Robust-Rail-NL/mathematical-models/local_search_plans_discreet_120/plan_32_trains_32_units11.json"
"/home/thomasverwaal/Robust-Rail-NL/mathematical-models/scenarios_solver_types_120/scenario_solver_32_trains_32_units11.json","Cost of next node: Cost = 270.0 : 341.30 | cr=6, dd=0, da=0, tlv=14, sm=65, rd=75.69, cd=0, um=0","Time elapsed: 64.61 seconds","/home/thomasverwaal/Robust-Rail-NL/mathematical-models/local_search_plans_discreet_120/plan_32_trains_32_units11.json"
"/home/thomasverwaal/Robust-Rail-NL/mathematical-models/scenarios_solver_types_120/scenario_solver_32_trains_32_units11.json","Cost of next node: Cost = 260.0 : 331.30 | cr=5, dd=0, da=0, tlv=14, sm=65, rd=75.69, cd=0, um=0","Time elapsed: 66.51 seconds","/home/thomasverwaal/Robust-Rail-NL/mathematical-models/local_search_plans_discreet_120/plan_32_trains_32_units11.json"
"/home/thomasverwaal/Robust-Rail-NL/mathematical-models/scenarios_solver_types_120/scenario_solver_32_trains_32_units11.json","Cost of next node: Cost = 250.0 : 321.32 | cr=4, dd=0, da=0, tlv=14, sm=66, rd=74.55, cd=0, um=0","Time elapsed: 172.31 seconds","/home/thomasverwaal/Robust-Rail-NL/mathematical-models/local_search_plans_discreet_120/plan_32_trains_32_units11.json"
"/home/thomasverwaal/Robust-Rail-NL/mathematical-models/scenarios_solver_types_120/scenario_solver_32_trains_32_units11.json","NO_COST_FOUND","NO_TIME_FOUND","NO_PLAN_CREATED"
"/home/thomasverwaal/Robust-Rail-NL/mathematical-models/scenarios_solver_types_120/scenario_solver_32_trains_32_units12.json","Cost of next node: Cost = 2,762.1 : 2,768.40 | cr=42, dd=32, da=28, tlv=1, sm=64, rd=182.81, cd=0, um=0","Time elapsed: 1.71 seconds","/home/thomasverwaal/Robust-Rail-NL/mathematical-models/local_search_plans_discreet_120/plan_32_trains_32_units12.json"
"/home/thomasverwaal/Robust-Rail-NL/mathematical-models/scenarios_solver_types_120/scenario_solver_32_trains_32_units12.json","Cost of next node: Cost = 2,725.4 : 2,736.72 | cr=37, dd=32, da=28, tlv=2, sm=64, rd=183.75, cd=0, um=0","Time elapsed: 1.75 seconds","/home/thomasverwaal/Robust-Rail-NL/mathematical-models/local_search_plans_discreet_120/plan_32_trains_32_units12.json"
"/home/thomasverwaal/Robust-Rail-NL/mathematical-models/scenarios_solver_types_120/scenario_solver_32_trains_32_units12.json","Cost of next node: Cost = 2,655.8 : 2,672.06 | cr=33, dd=32, da=26, tlv=3, sm=64, rd=181.88, cd=0, um=0","Time elapsed: 1.87 seconds","/home/thomasverwaal/Robust-Rail-NL/mathematical-models/local_search_plans_discreet_120/plan_32_trains_32_units12.json"
"/home/thomasverwaal/Robust-Rail-NL/mathematical-models/scenarios_solver_types_120/scenario_solver_32_trains_32_units12.json","Cost of next node: Cost = 2,630.2 : 2,646.50 | cr=31, dd=32, da=25, tlv=3, sm=64, rd=180.94, cd=0, um=0","Time elapsed: 2.03 seconds","/home/thomasverwaal/Robust-Rail-NL/mathematical-models/local_search_plans_discreet_120/plan_32_trains_32_units12.json"
"/home/thomasverwaal/Robust-Rail-NL/mathematical-models/scenarios_solver_types_120/scenario_solver_32_trains_32_units12.json","Cost of next node: Cost = 2,601.8 : 2,613.10 | cr=31, dd=32, da=25, tlv=2, sm=64, rd=182.81, cd=0, um=0","Time elapsed: 2.13 seconds","/home/thomasverwaal/Robust-Rail-NL/mathematical-models/local_search_plans_discreet_120/plan_32_trains_32_units12.json"
"/home/thomasverwaal/Robust-Rail-NL/mathematical-models/scenarios_solver_types_120/scenario_solver_32_trains_32_units12.json","Cost of next node: Cost = 2,580.4 : 2,596.71 | cr=30, dd=32, da=24, tlv=3, sm=64, rd=177.19, cd=0, um=0","Time elapsed: 2.26 seconds","/home/thomasverwaal/Robust-Rail-NL/mathematical-models/local_search_plans_discreet_120/plan_32_trains_32_units12.json"
"/home/thomasverwaal/Robust-Rail-NL/mathematical-models/scenarios_solver_types_120/scenario_solver_32_trains_32_units12.json","Cost of next node: Cost = 2,556.8 : 2,578.05 | cr=33, dd=32, da=23, tlv=4, sm=64, rd=165.94, cd=0, um=0","Time elapsed: 2.42 seconds","/home/thomasverwaal/Robust-Rail-NL/mathematical-models/local_search_plans_discreet_120/plan_32_trains_32_units12.json"
"/home/thomasverwaal/Robust-Rail-NL/mathematical-models/scenarios_solver_types_120/scenario_solver_32_trains_32_units12.json","Cost of next node: Cost = 2,519.8 : 2,541.11 | cr=35, dd=32, da=20, tlv=4, sm=64, rd=165.94, cd=0, um=0","Time elapsed: 2.48 seconds","/home/thomasverwaal/Robust-Rail-NL/mathematical-models/local_search_plans_discreet_120/plan_32_trains_32_units12.json"
"/home/thomasverwaal/Robust-Rail-NL/mathematical-models/scenarios_solver_types_120/scenario_solver_32_trains_32_units12.json","Cost of next node: Cost = 2,475.9 : 2,497.20 | cr=40, dd=32, da=16, tlv=4, sm=64, rd=156.56, cd=0, um=0","Time elapsed: 2.52 seconds","/home/thomasverwaal/Robust-Rail-NL/mathematical-models/local_search_plans_discreet_120/plan_32_trains_32_units12.json"
"/home/thomasverwaal/Robust-Rail-NL/mathematical-models/scenarios_solver_types_120/scenario_solver_32_trains_32_units12.json","Cost of next node: Cost = 2,419.2 : 2,445.47 | cr=33, dd=32, da=16, tlv=5, sm=64, rd=154.69, cd=0, um=0","Time elapsed: 2.63 seconds","/home/thomasverwaal/Robust-Rail-NL/mathematical-models/local_search_plans_discreet_120/plan_32_trains_32_units12.json"
"/home/thomasverwaal/Robust-Rail-NL/mathematical-models/scenarios_solver_types_120/scenario_solver_32_trains_32_units12.json","Cost of next node: Cost = 2,378.6 : 2,409.83 | cr=28, dd=32, da=16, tlv=6, sm=64, rd=152.81, cd=0, um=0","Time elapsed: 2.71 seconds","/home/thomasverwaal/Robust-Rail-NL/mathematical-models/local_search_plans_discreet_120/plan_32_trains_32_units12.json"
"/home/thomasverwaal/Robust-Rail-NL/mathematical-models/scenarios_solver_types_120/scenario_solver_32_trains_32_units12.json","Cost of next node: Cost = 2,292.5 : 2,328.77 | cr=28, dd=32, da=12, tlv=7, sm=64, rd=145.31, cd=0, um=0","Time elapsed: 2.77 seconds","/home/thomasverwaal/Robust-Rail-NL/mathematical-models/local_search_plans_discreet_120/plan_32_trains_32_units12.json"
"/home/thomasverwaal/Robust-Rail-NL/mathematical-models/scenarios_solver_types_120/scenario_solver_32_trains_32_units12.json","Cost of next node: Cost = 2,271.2 : 2,307.50 | cr=26, dd=32, da=12, tlv=7, sm=64, rd=143.44, cd=0, um=0","Time elapsed: 2.82 seconds","/home/thomasverwaal/Robust-Rail-NL/mathematical-models/local_search_plans_discreet_120/plan_32_trains_32_units12.json"
"/home/thomasverwaal/Robust-Rail-NL/mathematical-models/scenarios_solver_types_120/scenario_solver_32_trains_32_units12.json","Cost of next node: Cost = 2,249.2 : 2,285.50 | cr=24, dd=32, da=12, tlv=7, sm=64, rd=141.56, cd=0, um=0","Time elapsed: 3.17 seconds","/home/thomasverwaal/Robust-Rail-NL/mathematical-models/local_search_plans_discreet_120/plan_32_trains_32_units12.json"
"/home/thomasverwaal/Robust-Rail-NL/mathematical-models/scenarios_solver_types_120/scenario_solver_32_trains_32_units12.json","Cost of next node: Cost = 2,208.1 : 2,244.34 | cr=19, dd=32, da=12, tlv=7, sm=64, rd=144.38, cd=0, um=0","Time elapsed: 3.47 seconds","/home/thomasverwaal/Robust-Rail-NL/mathematical-models/local_search_plans_discreet_120/plan_32_trains_32_units12.json"
"/home/thomasverwaal/Robust-Rail-NL/mathematical-models/scenarios_solver_types_120/scenario_solver_32_trains_32_units12.json","Cost of next node: Cost = 2,187.1 : 2,228.41 | cr=16, dd=32, da=12, tlv=8, sm=64, rd=144.38, cd=0, um=0","Time elapsed: 3.70 seconds","/home/thomasverwaal/Robust-Rail-NL/mathematical-models/local_search_plans_discreet_120/plan_32_trains_32_units12.json"
"/home/thomasverwaal/Robust-Rail-NL/mathematical-models/scenarios_solver_types_120/scenario_solver_32_trains_32_units12.json","Cost of next node: Cost = 2,139.3 : 2,180.63 | cr=16, dd=32, da=10, tlv=8, sm=64, rd=140.62, cd=0, um=0","Time elapsed: 4.07 seconds","/home/thomasverwaal/Robust-Rail-NL/mathematical-models/local_search_plans_discreet_120/plan_32_trains_32_units12.json"
"/home/thomasverwaal/Robust-Rail-NL/mathematical-models/scenarios_solver_types_120/scenario_solver_32_trains_32_units12.json","Cost of next node: Cost = 2,098.4 : 2,144.71 | cr=13, dd=32, da=9, tlv=9, sm=64, rd=136.88, cd=0, um=0","Time elapsed: 4.48 seconds","/home/thomasverwaal/Robust-Rail-NL/mathematical-models/local_search_plans_discreet_120/plan_32_trains_32_units12.json"
"/home/thomasverwaal/Robust-Rail-NL/mathematical-models/scenarios_solver_types_120/scenario_solver_32_trains_32_units12.json","Cost of next node: Cost = 2,068.4 : 2,119.72 | cr=12, dd=32, da=8, tlv=10, sm=64, rd=131.25, cd=0, um=0","Time elapsed: 4.92 seconds","/home/thomasverwaal/Robust-Rail-NL/mathematical-models/local_search_plans_discreet_120/plan_32_trains_32_units12.json"
"/home/thomasverwaal/Robust-Rail-NL/mathematical-models/scenarios_solver_types_120/scenario_solver_32_trains_32_units12.json","Cost of next node: Cost = 2,047.3 : 2,098.63 | cr=12, dd=32, da=7, tlv=10, sm=64, rd=127.50, cd=0, um=0","Time elapsed: 5.14 seconds","/home/thomasverwaal/Robust-Rail-NL/mathematical-models/local_search_plans_discreet_120/plan_32_trains_32_units12.json"
"/home/thomasverwaal/Robust-Rail-NL/mathematical-models/scenarios_solver_types_120/scenario_solver_32_trains_32_units12.json","Cost of next node: Cost = 2,025.5 : 2,081.81 | cr=12, dd=32, da=5, tlv=11, sm=64, rd=128.44, cd=0, um=0","Time elapsed: 5.64 seconds","/home/thomasverwaal/Robust-Rail-NL/mathematical-models/local_search_plans_discreet_120/plan_32_trains_32_units12.json"
"/home/thomasverwaal/Robust-Rail-NL/mathematical-models/scenarios_solver_types_120/scenario_solver_32_trains_32_units12.json","Cost of next node: Cost = 1,984.0 : 2,045.26 | cr=15, dd=31, da=4, tlv=12, sm=64, rd=119.06, cd=0, um=0","Time elapsed: 6.28 seconds","/home/thomasverwaal/Robust-Rail-NL/mathematical-models/local_search_plans_discreet_120/plan_32_trains_32_units12.json"
"/home/thomasverwaal/Robust-Rail-NL/mathematical-models/scenarios_solver_types_120/scenario_solver_32_trains_32_units12.json","Cost of next node: Cost = 1,944.2 : 2,005.51 | cr=16, dd=30, da=4, tlv=12, sm=64, rd=120.94, cd=0, um=0","Time elapsed: 6.39 seconds","/home/thomasverwaal/Robust-Rail-NL/mathematical-models/local_search_plans_discreet_120/plan_32_trains_32_units12.json"
"/home/thomasverwaal/Robust-Rail-NL/mathematical-models/scenarios_solver_types_120/scenario_solver_32_trains_32_units12.json","Cost of next node: Cost = 1,918.0 : 1,984.28 | cr=17, dd=29, da=4, tlv=13, sm=64, rd=119.06, cd=0, um=0","Time elapsed: 6.60 seconds","/home/thomasverwaal/Robust-Rail-NL/mathematical-models/local_search_plans_discreet_120/plan_32_trains_32_units12.json"
"/home/thomasverwaal/Robust-Rail-NL/mathematical-models/scenarios_solver_types_120/scenario_solver_32_trains_32_units12.json","Cost of next node: Cost = 1,853.6 : 1,924.87 | cr=19, dd=27, da=4, tlv=14, sm=64, rd=117.19, cd=0, um=0","Time elapsed: 6.71 seconds","/home/thomasverwaal/Robust-Rail-NL/mathematical-models/local_search_plans_discreet_120/plan_32_trains_32_units12.json"
"/home/thomasverwaal/Robust-Rail-NL/mathematical-models/scenarios_solver_types_120/scenario_solver_32_trains_32_units12.json","Cost of next node: Cost = 1,823.6 : 1,894.87 | cr=16, dd=27, da=4, tlv=14, sm=64, rd=115.31, cd=0, um=0","Time elapsed: 6.93 seconds","/home/thomasverwaal/Robust-Rail-NL/mathematical-models/local_search_plans_discreet_120/plan_32_trains_32_units12.json"
"/home/thomasverwaal/Robust-Rail-NL/mathematical-models/scenarios_solver_types_120/scenario_solver_32_trains_32_units12.json","Cost of next node: Cost = 1,730.7 : 1,801.95 | cr=19, dd=25, da=3, tlv=14, sm=64, rd=107.81, cd=0, um=0","Time elapsed: 7.06 seconds","/home/thomasverwaal/Robust-Rail-NL/mathematical-models/local_search_plans_discreet_120/plan_32_trains_32_units12.json"
"/home/thomasverwaal/Robust-Rail-NL/mathematical-models/scenarios_solver_types_120/scenario_solver_32_trains_32_units12.json","Cost of next node: Cost = 1,640.4 : 1,711.71 | cr=20, dd=23, da=3, tlv=14, sm=64, rd=107.81, cd=0, um=0","Time elapsed: 7.29 seconds","/home/thomasverwaal/Robust-Rail-NL/mathematical-models/local_search_plans_discreet_120/plan_32_trains_32_units12.json"
"/home/thomasverwaal/Robust-Rail-NL/mathematical-models/scenarios_solver_types_120/scenario_solver_32_trains_32_units12.json","Cost of next node: Cost = 1,616.0 : 1,682.33 | cr=19, dd=23, da=3, tlv=13, sm=64, rd=109.69, cd=0, um=0","Time elapsed: 7.51 seconds","/home/thomasverwaal/Robust-Rail-NL/mathematical-models/local_search_plans_discreet_120/plan_32_trains_32_units12.json"
"/home/thomasverwaal/Robust-Rail-NL/mathematical-models/scenarios_solver_types_120/scenario_solver_32_trains_32_units12.json","Cost of next node: Cost = 1,529.7 : 1,601.01 | cr=19, dd=21, da=3, tlv=14, sm=64, rd=104.06, cd=0, um=0","Time elapsed: 7.76 seconds","/home/thomasverwaal/Robust-Rail-NL/mathematical-models/local_search_plans_discreet_120/plan_32_trains_32_units12.json"
"/home/thomasverwaal/Robust-Rail-NL/mathematical-models/scenarios_solver_types_120/scenario_solver_32_trains_32_units12.json","Cost of next node: Cost = 1,445.1 : 1,521.38 | cr=19, dd=19, da=3, tlv=15, sm=64, rd=102.19, cd=0, um=0","Time elapsed: 8.00 seconds","/home/thomasverwaal/Robust-Rail-NL/mathematical-models/local_search_plans_discreet_120/plan_32_trains_32_units12.json"
"/home/thomasverwaal/Robust-Rail-NL/mathematical-models/scenarios_solver_types_120/scenario_solver_32_trains_32_units12.json","Cost of next node: Cost = 1,057.3 : 1,138.59 | cr=16, dd=12, da=2, tlv=16, sm=64, rd=94.69, cd=0, um=0","Time elapsed: 8.28 seconds","/home/thomasverwaal/Robust-Rail-NL/mathematical-models/local_search_plans_discreet_120/plan_32_trains_32_units12.json"
"/home/thomasverwaal/Robust-Rail-NL/mathematical-models/scenarios_solver_types_120/scenario_solver_32_trains_32_units12.json","Cost of next node: Cost = 1,032.3 : 1,108.59 | cr=15, dd=12, da=2, tlv=15, sm=64, rd=96.56, cd=0, um=0","Time elapsed: 8.45 seconds","/home/thomasverwaal/Robust-Rail-NL/mathematical-models/local_search_plans_discreet_120/plan_32_trains_32_units12.json"
"/home/thomasverwaal/Robust-Rail-NL/mathematical-models/scenarios_solver_types_120/scenario_solver_32_trains_32_units12.json","Cost of next node: Cost = 636.5 : 717.78 | cr=14, dd=5, da=0, tlv=16, sm=64, rd=85.31, cd=0, um=0","Time elapsed: 8.68 seconds","/home/thomasverwaal/Robust-Rail-NL/mathematical-models/local_search_plans_discreet_120/plan_32_trains_32_units12.json"
"/home/thomasverwaal/Robust-Rail-NL/mathematical-models/scenarios_solver_types_120/scenario_solver_32_trains_32_units12.json","Cost of next node: Cost = 542.5 : 628.78 | cr=13, dd=3, da=0, tlv=17, sm=64, rd=79.69, cd=0, um=0","Time elapsed: 9.02 seconds","/home/thomasverwaal/Robust-Rail-NL/mathematical-models/local_search_plans_discreet_120/plan_32_trains_32_units12.json"
"/home/thomasverwaal/Robust-Rail-NL/mathematical-models/scenarios_solver_types_120/scenario_solver_32_trains_32_units12.json","Cost of next node: Cost = 447.4 : 533.70 | cr=15, dd=0, da=2, tlv=17, sm=65, rd=75.69, cd=0, um=0","Time elapsed: 9.38 seconds","/home/thomasverwaal/Robust-Rail-NL/mathematical-models/local_search_plans_discreet_120/plan_32_trains_32_units12.json"
"/home/thomasverwaal/Robust-Rail-NL/mathematical-models/scenarios_solver_types_120/scenario_solver_32_trains_32_units12.json","Cost of next node: Cost = 395.0 : 481.30 | cr=14, dd=0, da=0, tlv=17, sm=65, rd=73.85, cd=0, um=0","Time elapsed: 9.72 seconds","/home/thomasverwaal/Robust-Rail-NL/mathematical-models/local_search_plans_discreet_120/plan_32_trains_32_units12.json"
"/home/thomasverwaal/Robust-Rail-NL/mathematical-models/scenarios_solver_types_120/scenario_solver_32_trains_32_units12.json","Cost of next node: Cost = 380.0 : 461.30 | cr=14, dd=0, da=0, tlv=16, sm=65, rd=75.69, cd=0, um=0","Time elapsed: 14.78 seconds","/home/thomasverwaal/Robust-Rail-NL/mathematical-models/local_search_plans_discreet_120/plan_32_trains_32_units12.json"
"/home/thomasverwaal/Robust-Rail-NL/mathematical-models/scenarios_solver_types_120/scenario_solver_32_trains_32_units12.json","Cost of next node: Cost = 365.0 : 441.30 | cr=14, dd=0, da=0, tlv=15, sm=65, rd=77.54, cd=0, um=0","Time elapsed: 19.30 seconds","/home/thomasverwaal/Robust-Rail-NL/mathematical-models/local_search_plans_discreet_120/plan_32_trains_32_units12.json"
"/home/thomasverwaal/Robust-Rail-NL/mathematical-models/scenarios_solver_types_120/scenario_solver_32_trains_32_units12.json","Cost of next node: Cost = 350.0 : 421.30 | cr=14, dd=0, da=0, tlv=14, sm=65, rd=79.38, cd=0, um=0","Time elapsed: 23.77 seconds","/home/thomasverwaal/Robust-Rail-NL/mathematical-models/local_search_plans_discreet_120/plan_32_trains_32_units12.json"
"/home/thomasverwaal/Robust-Rail-NL/mathematical-models/scenarios_solver_types_120/scenario_solver_32_trains_32_units12.json","Cost of next node: Cost = 340.0 : 411.30 | cr=13, dd=0, da=0, tlv=14, sm=65, rd=81.23, cd=0, um=0","Time elapsed: 27.73 seconds","/home/thomasverwaal/Robust-Rail-NL/mathematical-models/local_search_plans_discreet_120/plan_32_trains_32_units12.json"
"/home/thomasverwaal/Robust-Rail-NL/mathematical-models/scenarios_solver_types_120/scenario_solver_32_trains_32_units12.json","Cost of next node: Cost = 330.0 : 401.30 | cr=12, dd=0, da=0, tlv=14, sm=65, rd=81.23, cd=0, um=0","Time elapsed: 31.20 seconds","/home/thomasverwaal/Robust-Rail-NL/mathematical-models/local_search_plans_discreet_120/plan_32_trains_32_units12.json"
"/home/thomasverwaal/Robust-Rail-NL/mathematical-models/scenarios_solver_types_120/scenario_solver_32_trains_32_units12.json","Cost of next node: Cost = 320.0 : 391.30 | cr=11, dd=0, da=0, tlv=14, sm=65, rd=83.08, cd=0, um=0","Time elapsed: 33.93 seconds","/home/thomasverwaal/Robust-Rail-NL/mathematical-models/local_search_plans_discreet_120/plan_32_trains_32_units12.json"
"/home/thomasverwaal/Robust-Rail-NL/mathematical-models/scenarios_solver_types_120/scenario_solver_32_trains_32_units12.json","Cost of next node: Cost = 310.0 : 381.30 | cr=10, dd=0, da=0, tlv=14, sm=65, rd=88.62, cd=0, um=0","Time elapsed: 36.84 seconds","/home/thomasverwaal/Robust-Rail-NL/mathematical-models/local_search_plans_discreet_120/plan_32_trains_32_units12.json"
"/home/thomasverwaal/Robust-Rail-NL/mathematical-models/scenarios_solver_types_120/scenario_solver_32_trains_32_units12.json","Cost of next node: Cost = 295.0 : 361.30 | cr=10, dd=0, da=0, tlv=13, sm=65, rd=88.62, cd=0, um=0","Time elapsed: 39.54 seconds","/home/thomasverwaal/Robust-Rail-NL/mathematical-models/local_search_plans_discreet_120/plan_32_trains_32_units12.json"
"/home/thomasverwaal/Robust-Rail-NL/mathematical-models/scenarios_solver_types_120/scenario_solver_32_trains_32_units12.json","Cost of next node: Cost = 285.0 : 351.30 | cr=9, dd=0, da=0, tlv=13, sm=65, rd=92.31, cd=0, um=0","Time elapsed: 41.91 seconds","/home/thomasverwaal/Robust-Rail-NL/mathematical-models/local_search_plans_discreet_120/plan_32_trains_32_units12.json"
"/home/thomasverwaal/Robust-Rail-NL/mathematical-models/scenarios_solver_types_120/scenario_solver_32_trains_32_units12.json","Cost of next node: Cost = 275.0 : 341.30 | cr=8, dd=0, da=0, tlv=13, sm=65, rd=92.31, cd=0, um=0","Time elapsed: 43.68 seconds","/home/thomasverwaal/Robust-Rail-NL/mathematical-models/local_search_plans_discreet_120/plan_32_trains_32_units12.json"
"/home/thomasverwaal/Robust-Rail-NL/mathematical-models/scenarios_solver_types_120/scenario_solver_32_trains_32_units12.json","Cost of next node: Cost = 265.0 : 331.30 | cr=7, dd=0, da=0, tlv=13, sm=65, rd=92.31, cd=0, um=0","Time elapsed: 45.26 seconds","/home/thomasverwaal/Robust-Rail-NL/mathematical-models/local_search_plans_discreet_120/plan_32_trains_32_units12.json"
"/home/thomasverwaal/Robust-Rail-NL/mathematical-models/scenarios_solver_types_120/scenario_solver_32_trains_32_units12.json","Cost of next node: Cost = 255.0 : 321.30 | cr=6, dd=0, da=0, tlv=13, sm=65, rd=92.31, cd=0, um=0","Time elapsed: 46.42 seconds","/home/thomasverwaal/Robust-Rail-NL/mathematical-models/local_search_plans_discreet_120/plan_32_trains_32_units12.json"
"/home/thomasverwaal/Robust-Rail-NL/mathematical-models/scenarios_solver_types_120/scenario_solver_32_trains_32_units12.json","Cost of next node: Cost = 250.0 : 311.34 | cr=7, dd=0, da=0, tlv=12, sm=67, rd=94.93, cd=0, um=0","Time elapsed: 123.10 seconds","/home/thomasverwaal/Robust-Rail-NL/mathematical-models/local_search_plans_discreet_120/plan_32_trains_32_units12.json"
"/home/thomasverwaal/Robust-Rail-NL/mathematical-models/scenarios_solver_types_120/scenario_solver_32_trains_32_units12.json","Cost of next node: Cost = 240.0 : 301.34 | cr=6, dd=0, da=0, tlv=12, sm=67, rd=93.13, cd=0, um=0","Time elapsed: 124.08 seconds","/home/thomasverwaal/Robust-Rail-NL/mathematical-models/local_search_plans_discreet_120/plan_32_trains_32_units12.json"
"/home/thomasverwaal/Robust-Rail-NL/mathematical-models/scenarios_solver_types_120/scenario_solver_32_trains_32_units12.json","Cost of next node: Cost = 230.0 : 291.34 | cr=5, dd=0, da=0, tlv=12, sm=67, rd=93.13, cd=0, um=0","Time elapsed: 149.48 seconds","/home/thomasverwaal/Robust-Rail-NL/mathematical-models/local_search_plans_discreet_120/plan_32_trains_32_units12.json"
"/home/thomasverwaal/Robust-Rail-NL/mathematical-models/scenarios_solver_types_120/scenario_solver_32_trains_32_units12.json","Cost of next node: Cost = 225.0 : 291.32 | cr=3, dd=0, da=0, tlv=13, sm=66, rd=90.91, cd=0, um=0","Time elapsed: 155.20 seconds","/home/thomasverwaal/Robust-Rail-NL/mathematical-models/local_search_plans_discreet_120/plan_32_trains_32_units12.json"
"/home/thomasverwaal/Robust-Rail-NL/mathematical-models/scenarios_solver_types_120/scenario_solver_32_trains_32_units12.json","NO_COST_FOUND","NO_TIME_FOUND","NO_PLAN_CREATED"
"/home/thomasverwaal/Robust-Rail-NL/mathematical-models/scenarios_solver_types_120/scenario_solver_32_trains_32_units13.json","Cost of next node: Cost = 2,957.5 : 2,963.79 | cr=59, dd=32, da=28, tlv=1, sm=64, rd=186.56, cd=0, um=0","Time elapsed: 1.75 seconds","/home/thomasverwaal/Robust-Rail-NL/mathematical-models/local_search_plans_discreet_120/plan_32_trains_32_units13.json"
"/home/thomasverwaal/Robust-Rail-NL/mathematical-models/scenarios_solver_types_120/scenario_solver_32_trains_32_units13.json","Cost of next node: Cost = 2,933.1 : 2,934.43 | cr=58, dd=32, da=28, tlv=0, sm=64, rd=188.44, cd=0, um=0","Time elapsed: 1.89 seconds","/home/thomasverwaal/Robust-Rail-NL/mathematical-models/local_search_plans_discreet_120/plan_32_trains_32_units13.json"
"/home/thomasverwaal/Robust-Rail-NL/mathematical-models/scenarios_solver_types_120/scenario_solver_32_trains_32_units13.json","Cost of next node: Cost = 2,910.6 : 2,916.83 | cr=56, dd=32, da=28, tlv=1, sm=64, rd=184.69, cd=0, um=0","Time elapsed: 1.96 seconds","/home/thomasverwaal/Robust-Rail-NL/mathematical-models/local_search_plans_discreet_120/plan_32_trains_32_units13.json"
"/home/thomasverwaal/Robust-Rail-NL/mathematical-models/scenarios_solver_types_120/scenario_solver_32_trains_32_units13.json","Cost of next node: Cost = 2,833.5 : 2,844.75 | cr=47, dd=32, da=27, tlv=2, sm=64, rd=188.44, cd=0, um=0","Time elapsed: 2.02 seconds","/home/thomasverwaal/Robust-Rail-NL/mathematical-models/local_search_plans_discreet_120/plan_32_trains_32_units13.json"
"/home/thomasverwaal/Robust-Rail-NL/mathematical-models/scenarios_solver_types_120/scenario_solver_32_trains_32_units13.json","Cost of next node: Cost = 2,812.2 : 2,828.48 | cr=47, dd=32, da=26, tlv=3, sm=64, rd=183.75, cd=0, um=0","Time elapsed: 2.10 seconds","/home/thomasverwaal/Robust-Rail-NL/mathematical-models/local_search_plans_discreet_120/plan_32_trains_32_units13.json"
"/home/thomasverwaal/Robust-Rail-NL/mathematical-models/scenarios_solver_types_120/scenario_solver_32_trains_32_units13.json","Cost of next node: Cost = 2,671.7 : 2,692.95 | cr=43, dd=32, da=21, tlv=4, sm=64, rd=177.19, cd=0, um=0","Time elapsed: 2.15 seconds","/home/thomasverwaal/Robust-Rail-NL/mathematical-models/local_search_plans_discreet_120/plan_32_trains_32_units13.json"
"/home/thomasverwaal/Robust-Rail-NL/mathematical-models/scenarios_solver_types_120/scenario_solver_32_trains_32_units13.json","Cost of next node: Cost = 2,616.4 : 2,642.70 | cr=40, dd=32, da=18, tlv=5, sm=64, rd=193.12, cd=0, um=0","Time elapsed: 2.28 seconds","/home/thomasverwaal/Robust-Rail-NL/mathematical-models/local_search_plans_discreet_120/plan_32_trains_32_units13.json"
"/home/thomasverwaal/Robust-Rail-NL/mathematical-models/scenarios_solver_types_120/scenario_solver_32_trains_32_units13.json","Cost of next node: Cost = 2,581.4 : 2,612.70 | cr=35, dd=32, da=18, tlv=6, sm=64, rd=193.12, cd=0, um=0","Time elapsed: 2.37 seconds","/home/thomasverwaal/Robust-Rail-NL/mathematical-models/local_search_plans_discreet_120/plan_32_trains_32_units13.json"
"/home/thomasverwaal/Robust-Rail-NL/mathematical-models/scenarios_solver_types_120/scenario_solver_32_trains_32_units13.json","Cost of next node: Cost = 2,543.8 : 2,580.07 | cr=29, dd=32, da=18, tlv=7, sm=64, rd=195.94, cd=0, um=0","Time elapsed: 2.47 seconds","/home/thomasverwaal/Robust-Rail-NL/mathematical-models/local_search_plans_discreet_120/plan_32_trains_32_units13.json"
"/home/thomasverwaal/Robust-Rail-NL/mathematical-models/scenarios_solver_types_120/scenario_solver_32_trains_32_units13.json","Cost of next node: Cost = 2,511.5 : 2,547.77 | cr=28, dd=32, da=17, tlv=7, sm=64, rd=192.19, cd=0, um=0","Time elapsed: 2.56 seconds","/home/thomasverwaal/Robust-Rail-NL/mathematical-models/local_search_plans_discreet_120/plan_32_trains_32_units13.json"
"/home/thomasverwaal/Robust-Rail-NL/mathematical-models/scenarios_solver_types_120/scenario_solver_32_trains_32_units13.json","Cost of next node: Cost = 2,455.3 : 2,491.54 | cr=32, dd=32, da=13, tlv=7, sm=64, rd=186.56, cd=0, um=0","Time elapsed: 2.69 seconds","/home/thomasverwaal/Robust-Rail-NL/mathematical-models/local_search_plans_discreet_120/plan_32_trains_32_units13.json"
"/home/thomasverwaal/Robust-Rail-NL/mathematical-models/scenarios_solver_types_120/scenario_solver_32_trains_32_units13.json","Cost of next node: Cost = 2,427.4 : 2,468.65 | cr=29, dd=32, da=13, tlv=8, sm=64, rd=182.81, cd=0, um=0","Time elapsed: 2.75 seconds","/home/thomasverwaal/Robust-Rail-NL/mathematical-models/local_search_plans_discreet_120/plan_32_trains_32_units13.json"
"/home/thomasverwaal/Robust-Rail-NL/mathematical-models/scenarios_solver_types_120/scenario_solver_32_trains_32_units13.json","Cost of next node: Cost = 2,386.6 : 2,422.85 | cr=28, dd=32, da=12, tlv=7, sm=64, rd=184.69, cd=0, um=0","Time elapsed: 2.92 seconds","/home/thomasverwaal/Robust-Rail-NL/mathematical-models/local_search_plans_discreet_120/plan_32_trains_32_units13.json"
"/home/thomasverwaal/Robust-Rail-NL/mathematical-models/scenarios_solver_types_120/scenario_solver_32_trains_32_units13.json","Cost of next node: Cost = 2,355.1 : 2,396.39 | cr=22, dd=32, da=12, tlv=8, sm=64, rd=184.69, cd=0, um=0","Time elapsed: 3.19 seconds","/home/thomasverwaal/Robust-Rail-NL/mathematical-models/local_search_plans_discreet_120/plan_32_trains_32_units13.json"
"/home/thomasverwaal/Robust-Rail-NL/mathematical-models/scenarios_solver_types_120/scenario_solver_32_trains_32_units13.json","Cost of next node: Cost = 2,324.0 : 2,370.31 | cr=20, dd=32, da=12, tlv=9, sm=64, rd=177.19, cd=0, um=0","Time elapsed: 3.52 seconds","/home/thomasverwaal/Robust-Rail-NL/mathematical-models/local_search_plans_discreet_120/plan_32_trains_32_units13.json"
"/home/thomasverwaal/Robust-Rail-NL/mathematical-models/scenarios_solver_types_120/scenario_solver_32_trains_32_units13.json","Cost of next node: Cost = 2,303.4 : 2,354.66 | cr=13, dd=32, da=13, tlv=10, sm=64, rd=180.94, cd=0, um=0","Time elapsed: 3.81 seconds","/home/thomasverwaal/Robust-Rail-NL/mathematical-models/local_search_plans_discreet_120/plan_32_trains_32_units13.json"
"/home/thomasverwaal/Robust-Rail-NL/mathematical-models/scenarios_solver_types_120/scenario_solver_32_trains_32_units13.json","Cost of next node: Cost = 2,259.7 : 2,311.02 | cr=14, dd=32, da=11, tlv=10, sm=64, rd=173.44, cd=0, um=0","Time elapsed: 4.28 seconds","/home/thomasverwaal/Robust-Rail-NL/mathematical-models/local_search_plans_discreet_120/plan_32_trains_32_units13.json"
"/home/thomasverwaal/Robust-Rail-NL/mathematical-models/scenarios_solver_types_120/scenario_solver_32_trains_32_units13.json","Cost of next node: Cost = 2,236.8 : 2,293.05 | cr=13, dd=32, da=10, tlv=11, sm=64, rd=167.81, cd=0, um=0","Time elapsed: 4.62 seconds","/home/thomasverwaal/Robust-Rail-NL/mathematical-models/local_search_plans_discreet_120/plan_32_trains_32_units13.json"
"/home/thomasverwaal/Robust-Rail-NL/mathematical-models/scenarios_solver_types_120/scenario_solver_32_trains_32_units13.json","Cost of next node: Cost = 2,198.9 : 2,260.15 | cr=12, dd=32, da=9, tlv=12, sm=64, rd=160.31, cd=0, um=0","Time elapsed: 5.00 seconds","/home/thomasverwaal/Robust-Rail-NL/mathematical-models/local_search_plans_discreet_120/plan_32_trains_32_units13.json"
"/home/thomasverwaal/Robust-Rail-NL/mathematical-models/scenarios_solver_types_120/scenario_solver_32_trains_32_units13.json","Cost of next node: Cost = 2,176.8 : 2,238.05 | cr=10, dd=32, da=9, tlv=12, sm=64, rd=158.44, cd=0, um=0","Time elapsed: 5.35 seconds","/home/thomasverwaal/Robust-Rail-NL/mathematical-models/local_search_plans_discreet_120/plan_32_trains_32_units13.json"
"/home/thomasverwaal/Robust-Rail-NL/mathematical-models/scenarios_solver_types_120/scenario_solver_32_trains_32_units13.json","Cost of next node: Cost = 2,152.2 : 2,208.51 | cr=10, dd=32, da=9, tlv=11, sm=64, rd=152.81, cd=0, um=0","Time elapsed: 5.55 seconds","/home/thomasverwaal/Robust-Rail-NL/mathematical-models/local_search_plans_discreet_120/plan_32_trains_32_units13.json"
"/home/thomasverwaal/Robust-Rail-NL/mathematical-models/scenarios_solver_types_120/scenario_solver_32_trains_32_units13.json","Cost of next node: Cost = 2,128.4 : 2,184.70 | cr=11, dd=32, da=8, tlv=11, sm=64, rd=147.19, cd=0, um=0","Time elapsed: 6.04 seconds","/home/thomasverwaal/Robust-Rail-NL/mathematical-models/local_search_plans_discreet_120/plan_32_trains_32_units13.json"
"/home/thomasverwaal/Robust-Rail-NL/mathematical-models/scenarios_solver_types_120/scenario_solver_32_trains_32_units13.json","Cost of next node: Cost = 2,102.3 : 2,163.57 | cr=10, dd=32, da=7, tlv=12, sm=64, rd=141.56, cd=0, um=0","Time elapsed: 6.46 seconds","/home/thomasverwaal/Robust-Rail-NL/mathematical-models/local_search_plans_discreet_120/plan_32_trains_32_units13.json"
"/home/thomasverwaal/Robust-Rail-NL/mathematical-models/scenarios_solver_types_120/scenario_solver_32_trains_32_units13.json","Cost of next node: Cost = 2,080.0 : 2,146.32 | cr=9, dd=32, da=5, tlv=13, sm=64, rd=145.31, cd=0, um=0","Time elapsed: 6.69 seconds","/home/thomasverwaal/Robust-Rail-NL/mathematical-models/local_search_plans_discreet_120/plan_32_trains_32_units13.json"
"/home/thomasverwaal/Robust-Rail-NL/mathematical-models/scenarios_solver_types_120/scenario_solver_32_trains_32_units13.json","Cost of next node: Cost = 2,055.5 : 2,121.79 | cr=7, dd=32, da=5, tlv=13, sm=64, rd=139.69, cd=0, um=0","Time elapsed: 6.98 seconds","/home/thomasverwaal/Robust-Rail-NL/mathematical-models/local_search_plans_discreet_120/plan_32_trains_32_units13.json"
"/home/thomasverwaal/Robust-Rail-NL/mathematical-models/scenarios_solver_types_120/scenario_solver_32_trains_32_units13.json","Cost of next node: Cost = 2,020.8 : 2,087.09 | cr=7, dd=32, da=4, tlv=13, sm=64, rd=141.56, cd=0, um=0","Time elapsed: 7.06 seconds","/home/thomasverwaal/Robust-Rail-NL/mathematical-models/local_search_plans_discreet_120/plan_32_trains_32_units13.json"
"/home/thomasverwaal/Robust-Rail-NL/mathematical-models/scenarios_solver_types_120/scenario_solver_32_trains_32_units13.json","Cost of next node: Cost = 1,992.2 : 2,063.48 | cr=6, dd=32, da=3, tlv=14, sm=64, rd=139.69, cd=0, um=0","Time elapsed: 7.34 seconds","/home/thomasverwaal/Robust-Rail-NL/mathematical-models/local_search_plans_discreet_120/plan_32_trains_32_units13.json"
"/home/thomasverwaal/Robust-Rail-NL/mathematical-models/scenarios_solver_types_120/scenario_solver_32_trains_32_units13.json","Cost of next node: Cost = 1,972.0 : 2,043.28 | cr=6, dd=32, da=2, tlv=14, sm=64, rd=137.81, cd=0, um=0","Time elapsed: 7.49 seconds","/home/thomasverwaal/Robust-Rail-NL/mathematical-models/local_search_plans_discreet_120/plan_32_trains_32_units13.json"
"/home/thomasverwaal/Robust-Rail-NL/mathematical-models/scenarios_solver_types_120/scenario_solver_32_trains_32_units13.json","Cost of next node: Cost = 1,946.6 : 2,017.92 | cr=11, dd=31, da=2, tlv=14, sm=64, rd=126.56, cd=0, um=0","Time elapsed: 7.56 seconds","/home/thomasverwaal/Robust-Rail-NL/mathematical-models/local_search_plans_discreet_120/plan_32_trains_32_units13.json"
"/home/thomasverwaal/Robust-Rail-NL/mathematical-models/scenarios_solver_types_120/scenario_solver_32_trains_32_units13.json","Cost of next node: Cost = 1,809.5 : 1,885.79 | cr=11, dd=28, da=2, tlv=15, sm=64, rd=120.94, cd=0, um=0","Time elapsed: 7.80 seconds","/home/thomasverwaal/Robust-Rail-NL/mathematical-models/local_search_plans_discreet_120/plan_32_trains_32_units13.json"
"/home/thomasverwaal/Robust-Rail-NL/mathematical-models/scenarios_solver_types_120/scenario_solver_32_trains_32_units13.json","Cost of next node: Cost = 1,124.2 : 1,205.52 | cr=8, dd=15, da=1, tlv=16, sm=64, rd=109.69, cd=0, um=0","Time elapsed: 8.04 seconds","/home/thomasverwaal/Robust-Rail-NL/mathematical-models/local_search_plans_discreet_120/plan_32_trains_32_units13.json"
"/home/thomasverwaal/Robust-Rail-NL/mathematical-models/scenarios_solver_types_120/scenario_solver_32_trains_32_units13.json","Cost of next node: Cost = 1,021.4 : 1,107.71 | cr=8, dd=13, da=0, tlv=17, sm=64, rd=104.06, cd=0, um=0","Time elapsed: 8.33 seconds","/home/thomasverwaal/Robust-Rail-NL/mathematical-models/local_search_plans_discreet_120/plan_32_trains_32_units13.json"
"/home/thomasverwaal/Robust-Rail-NL/mathematical-models/scenarios_solver_types_120/scenario_solver_32_trains_32_units13.json","Cost of next node: Cost = 941.7 : 1,028.02 | cr=12, dd=9, da=4, tlv=17, sm=65, rd=98.77, cd=0, um=0","Time elapsed: 8.63 seconds","/home/thomasverwaal/Robust-Rail-NL/mathematical-models/local_search_plans_discreet_120/plan_32_trains_32_units13.json"
"/home/thomasverwaal/Robust-Rail-NL/mathematical-models/scenarios_solver_types_120/scenario_solver_32_trains_32_units13.json","Cost of next node: Cost = 881.6 : 962.87 | cr=16, dd=7, da=6, tlv=16, sm=65, rd=87.69, cd=0, um=0","Time elapsed: 8.83 seconds","/home/thomasverwaal/Robust-Rail-NL/mathematical-models/local_search_plans_discreet_120/plan_32_trains_32_units13.json"
"/home/thomasverwaal/Robust-Rail-NL/mathematical-models/scenarios_solver_types_120/scenario_solver_32_trains_32_units13.json","Cost of next node: Cost = 829.6 : 915.87 | cr=18, dd=5, da=6, tlv=18, sm=65, rd=87.69, cd=0, um=0","Time elapsed: 8.97 seconds","/home/thomasverwaal/Robust-Rail-NL/mathematical-models/local_search_plans_discreet_120/plan_32_trains_32_units13.json"
"/home/thomasverwaal/Robust-Rail-NL/mathematical-models/scenarios_solver_types_120/scenario_solver_32_trains_32_units13.json","Cost of next node: Cost = 697.0 : 783.26 | cr=19, dd=1, da=9, tlv=18, sm=65, rd=89.54, cd=0, um=0","Time elapsed: 9.26 seconds","/home/thomasverwaal/Robust-Rail-NL/mathematical-models/local_search_plans_discreet_120/plan_32_trains_32_units13.json"
"/home/thomasverwaal/Robust-Rail-NL/mathematical-models/scenarios_solver_types_120/scenario_solver_32_trains_32_units13.json","Cost of next node: Cost = 672.0 : 753.26 | cr=18, dd=1, da=9, tlv=17, sm=65, rd=91.38, cd=0, um=0","Time elapsed: 9.53 seconds","/home/thomasverwaal/Robust-Rail-NL/mathematical-models/local_search_plans_discreet_120/plan_32_trains_32_units13.json"
"/home/thomasverwaal/Robust-Rail-NL/mathematical-models/scenarios_solver_types_120/scenario_solver_32_trains_32_units13.json","Cost of next node: Cost = 562.5 : 643.80 | cr=15, dd=1, da=5, tlv=17, sm=65, rd=89.54, cd=0, um=0","Time elapsed: 9.80 seconds","/home/thomasverwaal/Robust-Rail-NL/mathematical-models/local_search_plans_discreet_120/plan_32_trains_32_units13.json"
"/home/thomasverwaal/Robust-Rail-NL/mathematical-models/scenarios_solver_types_120/scenario_solver_32_trains_32_units13.json","Cost of next node: Cost = 547.5 : 623.80 | cr=15, dd=1, da=5, tlv=16, sm=65, rd=91.38, cd=0, um=0","Time elapsed: 14.06 seconds","/home/thomasverwaal/Robust-Rail-NL/mathematical-models/local_search_plans_discreet_120/plan_32_trains_32_units13.json"
"/home/thomasverwaal/Robust-Rail-NL/mathematical-models/scenarios_solver_types_120/scenario_solver_32_trains_32_units13.json","Cost of next node: Cost = 532.5 : 603.80 | cr=15, dd=1, da=5, tlv=15, sm=65, rd=93.23, cd=0, um=0","Time elapsed: 17.65 seconds","/home/thomasverwaal/Robust-Rail-NL/mathematical-models/local_search_plans_discreet_120/plan_32_trains_32_units13.json"
"/home/thomasverwaal/Robust-Rail-NL/mathematical-models/scenarios_solver_types_120/scenario_solver_32_trains_32_units13.json","Cost of next node: Cost = 517.5 : 583.80 | cr=15, dd=1, da=5, tlv=14, sm=65, rd=95.08, cd=0, um=0","Time elapsed: 20.62 seconds","/home/thomasverwaal/Robust-Rail-NL/mathematical-models/local_search_plans_discreet_120/plan_32_trains_32_units13.json"
"/home/thomasverwaal/Robust-Rail-NL/mathematical-models/scenarios_solver_types_120/scenario_solver_32_trains_32_units13.json","Cost of next node: Cost = 487.5 : 553.80 | cr=12, dd=1, da=5, tlv=14, sm=65, rd=93.23, cd=0, um=0","Time elapsed: 21.00 seconds","/home/thomasverwaal/Robust-Rail-NL/mathematical-models/local_search_plans_discreet_120/plan_32_trains_32_units13.json"
"/home/thomasverwaal/Robust-Rail-NL/mathematical-models/scenarios_solver_types_120/scenario_solver_32_trains_32_units13.json","Cost of next node: Cost = 472.5 : 538.78 | cr=12, dd=1, da=5, tlv=13, sm=64, rd=92.81, cd=0, um=0","Time elapsed: 23.71 seconds","/home/thomasverwaal/Robust-Rail-NL/mathematical-models/local_search_plans_discreet_120/plan_32_trains_32_units13.json"
"/home/thomasverwaal/Robust-Rail-NL/mathematical-models/scenarios_solver_types_120/scenario_solver_32_trains_32_units13.json","Cost of next node: Cost = 449.8 : 516.10 | cr=14, dd=1, da=3, tlv=13, sm=65, rd=88.62, cd=0, um=0","Time elapsed: 23.94 seconds","/home/thomasverwaal/Robust-Rail-NL/mathematical-models/local_search_plans_discreet_120/plan_32_trains_32_units13.json"
"/home/thomasverwaal/Robust-Rail-NL/mathematical-models/scenarios_solver_types_120/scenario_solver_32_trains_32_units13.json","Cost of next node: Cost = 429.8 : 496.10 | cr=12, dd=1, da=3, tlv=13, sm=65, rd=86.77, cd=0, um=0","Time elapsed: 26.75 seconds","/home/thomasverwaal/Robust-Rail-NL/mathematical-models/local_search_plans_discreet_120/plan_32_trains_32_units13.json"
"/home/thomasverwaal/Robust-Rail-NL/mathematical-models/scenarios_solver_types_120/scenario_solver_32_trains_32_units13.json","Cost of next node: Cost = 419.8 : 486.10 | cr=11, dd=1, da=3, tlv=13, sm=65, rd=88.62, cd=0, um=0","Time elapsed: 29.40 seconds","/home/thomasverwaal/Robust-Rail-NL/mathematical-models/local_search_plans_discreet_120/plan_32_trains_32_units13.json"
"/home/thomasverwaal/Robust-Rail-NL/mathematical-models/scenarios_solver_types_120/scenario_solver_32_trains_32_units13.json","Cost of next node: Cost = 409.8 : 476.10 | cr=10, dd=1, da=3, tlv=13, sm=65, rd=88.62, cd=0, um=0","Time elapsed: 31.89 seconds","/home/thomasverwaal/Robust-Rail-NL/mathematical-models/local_search_plans_discreet_120/plan_32_trains_32_units13.json"
"/home/thomasverwaal/Robust-Rail-NL/mathematical-models/scenarios_solver_types_120/scenario_solver_32_trains_32_units13.json","Cost of next node: Cost = 389.8 : 456.10 | cr=8, dd=1, da=3, tlv=13, sm=65, rd=88.62, cd=0, um=0","Time elapsed: 33.97 seconds","/home/thomasverwaal/Robust-Rail-NL/mathematical-models/local_search_plans_discreet_120/plan_32_trains_32_units13.json"
"/home/thomasverwaal/Robust-Rail-NL/mathematical-models/scenarios_solver_types_120/scenario_solver_32_trains_32_units13.json","Cost of next node: Cost = 369.8 : 436.10 | cr=6, dd=1, da=3, tlv=13, sm=65, rd=88.62, cd=0, um=0","Time elapsed: 35.73 seconds","/home/thomasverwaal/Robust-Rail-NL/mathematical-models/local_search_plans_discreet_120/plan_32_trains_32_units13.json"
"/home/thomasverwaal/Robust-Rail-NL/mathematical-models/scenarios_solver_types_120/scenario_solver_32_trains_32_units13.json","Cost of next node: Cost = 359.8 : 426.10 | cr=5, dd=1, da=3, tlv=13, sm=65, rd=88.62, cd=0, um=0","Time elapsed: 37.04 seconds","/home/thomasverwaal/Robust-Rail-NL/mathematical-models/local_search_plans_discreet_120/plan_32_trains_32_units13.json"
"/home/thomasverwaal/Robust-Rail-NL/mathematical-models/scenarios_solver_types_120/scenario_solver_32_trains_32_units13.json","Cost of next node: Cost = 290.9 : 362.20 | cr=6, dd=0, da=1, tlv=14, sm=65, rd=83.08, cd=0, um=0","Time elapsed: 37.22 seconds","/home/thomasverwaal/Robust-Rail-NL/mathematical-models/local_search_plans_discreet_120/plan_32_trains_32_units13.json"
"/home/thomasverwaal/Robust-Rail-NL/mathematical-models/scenarios_solver_types_120/scenario_solver_32_trains_32_units13.json","Cost of next node: Cost = 280.9 : 352.20 | cr=5, dd=0, da=1, tlv=14, sm=65, rd=83.08, cd=0, um=0","Time elapsed: 38.64 seconds","/home/thomasverwaal/Robust-Rail-NL/mathematical-models/local_search_plans_discreet_120/plan_32_trains_32_units13.json"
"/home/thomasverwaal/Robust-Rail-NL/mathematical-models/scenarios_solver_types_120/scenario_solver_32_trains_32_units13.json","Cost of next node: Cost = 260.9 : 332.20 | cr=3, dd=0, da=1, tlv=14, sm=65, rd=83.08, cd=0, um=0","Time elapsed: 40.07 seconds","/home/thomasverwaal/Robust-Rail-NL/mathematical-models/local_search_plans_discreet_120/plan_32_trains_32_units13.json"
"/home/thomasverwaal/Robust-Rail-NL/mathematical-models/scenarios_solver_types_120/scenario_solver_32_trains_32_units13.json","Cost of next node: Cost = 240.0 : 311.28 | cr=3, dd=0, da=0, tlv=14, sm=64, rd=82.50, cd=0, um=0","Time elapsed: 40.11 seconds","/home/thomasverwaal/Robust-Rail-NL/mathematical-models/local_search_plans_discreet_120/plan_32_trains_32_units13.json"
"/home/thomasverwaal/Robust-Rail-NL/mathematical-models/scenarios_solver_types_120/scenario_solver_32_trains_32_units13.json","Cost of next node: Cost = 235.0 : 301.32 | cr=4, dd=0, da=0, tlv=13, sm=66, rd=78.18, cd=0, um=0","Time elapsed: 115.09 seconds","/home/thomasverwaal/Robust-Rail-NL/mathematical-models/local_search_plans_discreet_120/plan_32_trains_32_units13.json"
"/home/thomasverwaal/Robust-Rail-NL/mathematical-models/scenarios_solver_types_120/scenario_solver_32_trains_32_units13.json","Cost of next node: Cost = 230.0 : 301.32 | cr=2, dd=0, da=0, tlv=14, sm=66, rd=78.18, cd=0, um=0","Time elapsed: 126.63 seconds","/home/thomasverwaal/Robust-Rail-NL/mathematical-models/local_search_plans_discreet_120/plan_32_trains_32_units13.json"
"/home/thomasverwaal/Robust-Rail-NL/mathematical-models/scenarios_solver_types_120/scenario_solver_32_trains_32_units13.json","Cost of next node: Cost = 215.0 : 281.32 | cr=2, dd=0, da=0, tlv=13, sm=66, rd=80.00, cd=0, um=0","Time elapsed: 127.92 seconds","/home/thomasverwaal/Robust-Rail-NL/mathematical-models/local_search_plans_discreet_120/plan_32_trains_32_units13.json"
"/home/thomasverwaal/Robust-Rail-NL/mathematical-models/scenarios_solver_types_120/scenario_solver_32_trains_32_units13.json","Cost of next node: Cost = 205.0 : 271.32 | cr=1, dd=0, da=0, tlv=13, sm=66, rd=80.00, cd=0, um=0","Time elapsed: 129.24 seconds","/home/thomasverwaal/Robust-Rail-NL/mathematical-models/local_search_plans_discreet_120/plan_32_trains_32_units13.json"
"/home/thomasverwaal/Robust-Rail-NL/mathematical-models/scenarios_solver_types_120/scenario_solver_32_trains_32_units13.json","NO_COST_FOUND","NO_TIME_FOUND","NO_PLAN_CREATED"
