scenario,cost_line,time_line,plan_file
"/home/thomasverwaal/Robust-Rail-NL/mathematical-models/scenarios_solver_types_120/scenario_solver_31_trains_1_units14.json","Cost of next node: Cost = 2,591.4 : 2,592.61 | cr=35, dd=31, da=29, tlv=0, sm=62, rd=172.26, cd=0, um=0","Time elapsed: 4.40 seconds","/home/thomasverwaal/Robust-Rail-NL/mathematical-models/local_search_plans_discreet_120/plan_31_trains_1_units14.json"
"/home/thomasverwaal/Robust-Rail-NL/mathematical-models/scenarios_solver_types_120/scenario_solver_31_trains_1_units14.json","Cost of next node: Cost = 2,564.0 : 2,565.20 | cr=33, dd=31, da=29, tlv=0, sm=62, rd=170.32, cd=0, um=0","Time elapsed: 4.56 seconds","/home/thomasverwaal/Robust-Rail-NL/mathematical-models/local_search_plans_discreet_120/plan_31_trains_1_units14.json"
"/home/thomasverwaal/Robust-Rail-NL/mathematical-models/scenarios_solver_types_120/scenario_solver_31_trains_1_units14.json","Cost of next node: Cost = 2,543.5 : 2,544.73 | cr=31, dd=31, da=29, tlv=0, sm=62, rd=170.32, cd=0, um=0","Time elapsed: 4.80 seconds","/home/thomasverwaal/Robust-Rail-NL/mathematical-models/local_search_plans_discreet_120/plan_31_trains_1_units14.json"
"/home/thomasverwaal/Robust-Rail-NL/mathematical-models/scenarios_solver_types_120/scenario_solver_31_trains_1_units14.json","Cost of next node: Cost = 2,522.7 : 2,523.98 | cr=29, dd=31, da=29, tlv=0, sm=62, rd=170.32, cd=0, um=0","Time elapsed: 5.06 seconds","/home/thomasverwaal/Robust-Rail-NL/mathematical-models/local_search_plans_discreet_120/plan_31_trains_1_units14.json"
"/home/thomasverwaal/Robust-Rail-NL/mathematical-models/scenarios_solver_types_120/scenario_solver_31_trains_1_units14.json","Cost of next node: Cost = 2,488.2 : 2,494.44 | cr=30, dd=31, da=27, tlv=1, sm=62, rd=167.42, cd=0, um=0","Time elapsed: 5.32 seconds","/home/thomasverwaal/Robust-Rail-NL/mathematical-models/local_search_plans_discreet_120/plan_31_trains_1_units14.json"
"/home/thomasverwaal/Robust-Rail-NL/mathematical-models/scenarios_solver_types_120/scenario_solver_31_trains_1_units14.json","Cost of next node: Cost = 2,460.4 : 2,461.63 | cr=29, dd=31, da=27, tlv=0, sm=62, rd=165.48, cd=0, um=0","Time elapsed: 5.57 seconds","/home/thomasverwaal/Robust-Rail-NL/mathematical-models/local_search_plans_discreet_120/plan_31_trains_1_units14.json"
"/home/thomasverwaal/Robust-Rail-NL/mathematical-models/scenarios_solver_types_120/scenario_solver_31_trains_1_units14.json","Cost of next node: Cost = 2,245.3 : 2,246.50 | cr=30, dd=31, da=16, tlv=0, sm=62, rd=158.71, cd=0, um=0","Time elapsed: 5.79 seconds","/home/thomasverwaal/Robust-Rail-NL/mathematical-models/local_search_plans_discreet_120/plan_31_trains_1_units14.json"
"/home/thomasverwaal/Robust-Rail-NL/mathematical-models/scenarios_solver_types_120/scenario_solver_31_trains_1_units14.json","Cost of next node: Cost = 2,222.1 : 2,228.32 | cr=28, dd=31, da=15, tlv=1, sm=62, rd=154.84, cd=0, um=0","Time elapsed: 5.99 seconds","/home/thomasverwaal/Robust-Rail-NL/mathematical-models/local_search_plans_discreet_120/plan_31_trains_1_units14.json"
"/home/thomasverwaal/Robust-Rail-NL/mathematical-models/scenarios_solver_types_120/scenario_solver_31_trains_1_units14.json","Cost of next node: Cost = 2,201.8 : 2,208.04 | cr=26, dd=31, da=15, tlv=1, sm=62, rd=154.84, cd=0, um=0","Time elapsed: 6.04 seconds","/home/thomasverwaal/Robust-Rail-NL/mathematical-models/local_search_plans_discreet_120/plan_31_trains_1_units14.json"
"/home/thomasverwaal/Robust-Rail-NL/mathematical-models/scenarios_solver_types_120/scenario_solver_31_trains_1_units14.json","Cost of next node: Cost = 2,165.2 : 2,176.41 | cr=29, dd=31, da=11, tlv=2, sm=62, rd=148.06, cd=0, um=0","Time elapsed: 6.32 seconds","/home/thomasverwaal/Robust-Rail-NL/mathematical-models/local_search_plans_discreet_120/plan_31_trains_1_units14.json"
"/home/thomasverwaal/Robust-Rail-NL/mathematical-models/scenarios_solver_types_120/scenario_solver_31_trains_1_units14.json","Cost of next node: Cost = 2,128.6 : 2,144.81 | cr=27, dd=31, da=10, tlv=3, sm=62, rd=141.29, cd=0, um=0","Time elapsed: 6.90 seconds","/home/thomasverwaal/Robust-Rail-NL/mathematical-models/local_search_plans_discreet_120/plan_31_trains_1_units14.json"
"/home/thomasverwaal/Robust-Rail-NL/mathematical-models/scenarios_solver_types_120/scenario_solver_31_trains_1_units14.json","Cost of next node: Cost = 2,098.6 : 2,114.89 | cr=26, dd=31, da=9, tlv=3, sm=62, rd=139.35, cd=0, um=0","Time elapsed: 7.58 seconds","/home/thomasverwaal/Robust-Rail-NL/mathematical-models/local_search_plans_discreet_120/plan_31_trains_1_units14.json"
"/home/thomasverwaal/Robust-Rail-NL/mathematical-models/scenarios_solver_types_120/scenario_solver_31_trains_1_units14.json","Cost of next node: Cost = 2,073.6 : 2,094.89 | cr=22, dd=31, da=9, tlv=4, sm=62, rd=139.35, cd=0, um=0","Time elapsed: 7.98 seconds","/home/thomasverwaal/Robust-Rail-NL/mathematical-models/local_search_plans_discreet_120/plan_31_trains_1_units14.json"
"/home/thomasverwaal/Robust-Rail-NL/mathematical-models/scenarios_solver_types_120/scenario_solver_31_trains_1_units14.json","Cost of next node: Cost = 2,038.6 : 2,064.89 | cr=17, dd=31, da=9, tlv=5, sm=62, rd=139.35, cd=0, um=0","Time elapsed: 8.66 seconds","/home/thomasverwaal/Robust-Rail-NL/mathematical-models/local_search_plans_discreet_120/plan_31_trains_1_units14.json"
"/home/thomasverwaal/Robust-Rail-NL/mathematical-models/scenarios_solver_types_120/scenario_solver_31_trains_1_units14.json","Cost of next node: Cost = 2,008.6 : 2,034.89 | cr=14, dd=31, da=9, tlv=5, sm=62, rd=139.35, cd=0, um=0","Time elapsed: 8.74 seconds","/home/thomasverwaal/Robust-Rail-NL/mathematical-models/local_search_plans_discreet_120/plan_31_trains_1_units14.json"
"/home/thomasverwaal/Robust-Rail-NL/mathematical-models/scenarios_solver_types_120/scenario_solver_31_trains_1_units14.json","Cost of next node: Cost = 1,959.0 : 1,985.23 | cr=19, dd=30, da=8, tlv=5, sm=62, rd=129.68, cd=0, um=0","Time elapsed: 9.52 seconds","/home/thomasverwaal/Robust-Rail-NL/mathematical-models/local_search_plans_discreet_120/plan_31_trains_1_units14.json"
"/home/thomasverwaal/Robust-Rail-NL/mathematical-models/scenarios_solver_types_120/scenario_solver_31_trains_1_units14.json","Cost of next node: Cost = 1,909.4 : 1,935.64 | cr=19, dd=29, da=8, tlv=5, sm=62, rd=129.68, cd=0, um=0","Time elapsed: 9.71 seconds","/home/thomasverwaal/Robust-Rail-NL/mathematical-models/local_search_plans_discreet_120/plan_31_trains_1_units14.json"
"/home/thomasverwaal/Robust-Rail-NL/mathematical-models/scenarios_solver_types_120/scenario_solver_31_trains_1_units14.json","Cost of next node: Cost = 1,834.0 : 1,865.23 | cr=21, dd=27, da=8, tlv=6, sm=62, rd=123.87, cd=0, um=0","Time elapsed: 10.48 seconds","/home/thomasverwaal/Robust-Rail-NL/mathematical-models/local_search_plans_discreet_120/plan_31_trains_1_units14.json"
"/home/thomasverwaal/Robust-Rail-NL/mathematical-models/scenarios_solver_types_120/scenario_solver_31_trains_1_units14.json","Cost of next node: Cost = 1,804.0 : 1,835.23 | cr=18, dd=27, da=8, tlv=6, sm=62, rd=123.87, cd=0, um=0","Time elapsed: 10.56 seconds","/home/thomasverwaal/Robust-Rail-NL/mathematical-models/local_search_plans_discreet_120/plan_31_trains_1_units14.json"
"/home/thomasverwaal/Robust-Rail-NL/mathematical-models/scenarios_solver_types_120/scenario_solver_31_trains_1_units14.json","Cost of next node: Cost = 1,713.7 : 1,744.98 | cr=19, dd=25, da=8, tlv=6, sm=62, rd=123.87, cd=0, um=0","Time elapsed: 10.70 seconds","/home/thomasverwaal/Robust-Rail-NL/mathematical-models/local_search_plans_discreet_120/plan_31_trains_1_units14.json"
"/home/thomasverwaal/Robust-Rail-NL/mathematical-models/scenarios_solver_types_120/scenario_solver_31_trains_1_units14.json","Cost of next node: Cost = 1,613.0 : 1,644.19 | cr=19, dd=23, da=8, tlv=6, sm=62, rd=123.87, cd=0, um=0","Time elapsed: 10.81 seconds","/home/thomasverwaal/Robust-Rail-NL/mathematical-models/local_search_plans_discreet_120/plan_31_trains_1_units14.json"
"/home/thomasverwaal/Robust-Rail-NL/mathematical-models/scenarios_solver_types_120/scenario_solver_31_trains_1_units14.json","Cost of next node: Cost = 1,563.0 : 1,594.27 | cr=19, dd=22, da=8, tlv=6, sm=62, rd=123.87, cd=0, um=0","Time elapsed: 10.94 seconds","/home/thomasverwaal/Robust-Rail-NL/mathematical-models/local_search_plans_discreet_120/plan_31_trains_1_units14.json"
"/home/thomasverwaal/Robust-Rail-NL/mathematical-models/scenarios_solver_types_120/scenario_solver_31_trains_1_units14.json","Cost of next node: Cost = 1,523.4 : 1,554.62 | cr=20, dd=21, da=8, tlv=6, sm=62, rd=123.87, cd=0, um=0","Time elapsed: 11.15 seconds","/home/thomasverwaal/Robust-Rail-NL/mathematical-models/local_search_plans_discreet_120/plan_31_trains_1_units14.json"
"/home/thomasverwaal/Robust-Rail-NL/mathematical-models/scenarios_solver_types_120/scenario_solver_31_trains_1_units14.json","Cost of next node: Cost = 1,474.1 : 1,505.30 | cr=20, dd=20, da=8, tlv=6, sm=62, rd=123.87, cd=0, um=0","Time elapsed: 11.26 seconds","/home/thomasverwaal/Robust-Rail-NL/mathematical-models/local_search_plans_discreet_120/plan_31_trains_1_units14.json"
"/home/thomasverwaal/Robust-Rail-NL/mathematical-models/scenarios_solver_types_120/scenario_solver_31_trains_1_units14.json","Cost of next node: Cost = 1,438.6 : 1,474.84 | cr=20, dd=19, da=8, tlv=7, sm=62, rd=121.94, cd=0, um=0","Time elapsed: 11.38 seconds","/home/thomasverwaal/Robust-Rail-NL/mathematical-models/local_search_plans_discreet_120/plan_31_trains_1_units14.json"
"/home/thomasverwaal/Robust-Rail-NL/mathematical-models/scenarios_solver_types_120/scenario_solver_31_trains_1_units14.json","Cost of next node: Cost = 1,355.2 : 1,396.44 | cr=20, dd=17, da=8, tlv=8, sm=62, rd=120.00, cd=0, um=0","Time elapsed: 11.76 seconds","/home/thomasverwaal/Robust-Rail-NL/mathematical-models/local_search_plans_discreet_120/plan_31_trains_1_units14.json"
"/home/thomasverwaal/Robust-Rail-NL/mathematical-models/scenarios_solver_types_120/scenario_solver_31_trains_1_units14.json","Cost of next node: Cost = 1,229.0 : 1,275.20 | cr=22, dd=15, da=5, tlv=9, sm=62, rd=114.19, cd=0, um=0","Time elapsed: 12.62 seconds","/home/thomasverwaal/Robust-Rail-NL/mathematical-models/local_search_plans_discreet_120/plan_31_trains_1_units14.json"
"/home/thomasverwaal/Robust-Rail-NL/mathematical-models/scenarios_solver_types_120/scenario_solver_31_trains_1_units14.json","Cost of next node: Cost = 1,123.1 : 1,174.37 | cr=22, dd=13, da=4, tlv=10, sm=62, rd=110.32, cd=0, um=0","Time elapsed: 12.94 seconds","/home/thomasverwaal/Robust-Rail-NL/mathematical-models/local_search_plans_discreet_120/plan_31_trains_1_units14.json"
"/home/thomasverwaal/Robust-Rail-NL/mathematical-models/scenarios_solver_types_120/scenario_solver_31_trains_1_units14.json","Cost of next node: Cost = 1,093.1 : 1,144.37 | cr=19, dd=13, da=4, tlv=10, sm=62, rd=110.32, cd=0, um=0","Time elapsed: 13.03 seconds","/home/thomasverwaal/Robust-Rail-NL/mathematical-models/local_search_plans_discreet_120/plan_31_trains_1_units14.json"
"/home/thomasverwaal/Robust-Rail-NL/mathematical-models/scenarios_solver_types_120/scenario_solver_31_trains_1_units14.json","Cost of next node: Cost = 838.1 : 894.39 | cr=20, dd=8, da=3, tlv=11, sm=62, rd=100.65, cd=0, um=0","Time elapsed: 13.29 seconds","/home/thomasverwaal/Robust-Rail-NL/mathematical-models/local_search_plans_discreet_120/plan_31_trains_1_units14.json"
"/home/thomasverwaal/Robust-Rail-NL/mathematical-models/scenarios_solver_types_120/scenario_solver_31_trains_1_units14.json","Cost of next node: Cost = 808.1 : 864.39 | cr=17, dd=8, da=3, tlv=11, sm=62, rd=100.65, cd=0, um=0","Time elapsed: 13.36 seconds","/home/thomasverwaal/Robust-Rail-NL/mathematical-models/local_search_plans_discreet_120/plan_31_trains_1_units14.json"
"/home/thomasverwaal/Robust-Rail-NL/mathematical-models/scenarios_solver_types_120/scenario_solver_31_trains_1_units14.json","Cost of next node: Cost = 711.2 : 772.49 | cr=16, dd=6, da=3, tlv=12, sm=62, rd=96.77, cd=0, um=0","Time elapsed: 13.73 seconds","/home/thomasverwaal/Robust-Rail-NL/mathematical-models/local_search_plans_discreet_120/plan_31_trains_1_units14.json"
"/home/thomasverwaal/Robust-Rail-NL/mathematical-models/scenarios_solver_types_120/scenario_solver_31_trains_1_units14.json","Cost of next node: Cost = 643.2 : 709.49 | cr=18, dd=4, da=3, tlv=13, sm=62, rd=89.03, cd=0, um=0","Time elapsed: 14.13 seconds","/home/thomasverwaal/Robust-Rail-NL/mathematical-models/local_search_plans_discreet_120/plan_31_trains_1_units14.json"
"/home/thomasverwaal/Robust-Rail-NL/mathematical-models/scenarios_solver_types_120/scenario_solver_31_trains_1_units14.json","Cost of next node: Cost = 613.2 : 679.49 | cr=15, dd=4, da=3, tlv=13, sm=62, rd=89.03, cd=0, um=0","Time elapsed: 14.24 seconds","/home/thomasverwaal/Robust-Rail-NL/mathematical-models/local_search_plans_discreet_120/plan_31_trains_1_units14.json"
"/home/thomasverwaal/Robust-Rail-NL/mathematical-models/scenarios_solver_types_120/scenario_solver_31_trains_1_units14.json","Cost of next node: Cost = 570.2 : 636.49 | cr=16, dd=3, da=3, tlv=13, sm=62, rd=89.03, cd=0, um=0","Time elapsed: 14.38 seconds","/home/thomasverwaal/Robust-Rail-NL/mathematical-models/local_search_plans_discreet_120/plan_31_trains_1_units14.json"
"/home/thomasverwaal/Robust-Rail-NL/mathematical-models/scenarios_solver_types_120/scenario_solver_31_trains_1_units14.json","Cost of next node: Cost = 546.9 : 608.14 | cr=15, dd=3, da=3, tlv=12, sm=62, rd=90.00, cd=0, um=0","Time elapsed: 14.73 seconds","/home/thomasverwaal/Robust-Rail-NL/mathematical-models/local_search_plans_discreet_120/plan_31_trains_1_units14.json"
"/home/thomasverwaal/Robust-Rail-NL/mathematical-models/scenarios_solver_types_120/scenario_solver_31_trains_1_units14.json","Cost of next node: Cost = 526.9 : 588.14 | cr=13, dd=3, da=3, tlv=12, sm=62, rd=90.00, cd=0, um=0","Time elapsed: 18.12 seconds","/home/thomasverwaal/Robust-Rail-NL/mathematical-models/local_search_plans_discreet_120/plan_31_trains_1_units14.json"
"/home/thomasverwaal/Robust-Rail-NL/mathematical-models/scenarios_solver_types_120/scenario_solver_31_trains_1_units14.json","Cost of next node: Cost = 490.8 : 552.04 | cr=13, dd=3, da=1, tlv=12, sm=62, rd=90.00, cd=0, um=0","Time elapsed: 18.51 seconds","/home/thomasverwaal/Robust-Rail-NL/mathematical-models/local_search_plans_discreet_120/plan_31_trains_1_units14.json"
"/home/thomasverwaal/Robust-Rail-NL/mathematical-models/scenarios_solver_types_120/scenario_solver_31_trains_1_units14.json","Cost of next node: Cost = 351.8 : 413.04 | cr=15, dd=0, da=1, tlv=12, sm=62, rd=87.10, cd=0, um=0","Time elapsed: 18.74 seconds","/home/thomasverwaal/Robust-Rail-NL/mathematical-models/local_search_plans_discreet_120/plan_31_trains_1_units14.json"
"/home/thomasverwaal/Robust-Rail-NL/mathematical-models/scenarios_solver_types_120/scenario_solver_31_trains_1_units14.json","Cost of next node: Cost = 336.8 : 393.06 | cr=15, dd=0, da=1, tlv=11, sm=63, rd=87.62, cd=0, um=0","Time elapsed: 21.49 seconds","/home/thomasverwaal/Robust-Rail-NL/mathematical-models/local_search_plans_discreet_120/plan_31_trains_1_units14.json"
"/home/thomasverwaal/Robust-Rail-NL/mathematical-models/scenarios_solver_types_120/scenario_solver_31_trains_1_units14.json","Cost of next node: Cost = 321.8 : 383.08 | cr=12, dd=0, da=1, tlv=12, sm=64, rd=88.12, cd=0, um=0","Time elapsed: 24.54 seconds","/home/thomasverwaal/Robust-Rail-NL/mathematical-models/local_search_plans_discreet_120/plan_31_trains_1_units14.json"
"/home/thomasverwaal/Robust-Rail-NL/mathematical-models/scenarios_solver_types_120/scenario_solver_31_trains_1_units14.json","Cost of next node: Cost = 301.8 : 363.08 | cr=10, dd=0, da=1, tlv=12, sm=64, rd=88.12, cd=0, um=0","Time elapsed: 27.24 seconds","/home/thomasverwaal/Robust-Rail-NL/mathematical-models/local_search_plans_discreet_120/plan_31_trains_1_units14.json"
"/home/thomasverwaal/Robust-Rail-NL/mathematical-models/scenarios_solver_types_120/scenario_solver_31_trains_1_units14.json","Cost of next node: Cost = 286.8 : 343.06 | cr=10, dd=0, da=1, tlv=11, sm=63, rd=89.52, cd=0, um=0","Time elapsed: 29.97 seconds","/home/thomasverwaal/Robust-Rail-NL/mathematical-models/local_search_plans_discreet_120/plan_31_trains_1_units14.json"
"/home/thomasverwaal/Robust-Rail-NL/mathematical-models/scenarios_solver_types_120/scenario_solver_31_trains_1_units14.json","Cost of next node: Cost = 276.8 : 333.06 | cr=9, dd=0, da=1, tlv=11, sm=63, rd=91.43, cd=0, um=0","Time elapsed: 32.15 seconds","/home/thomasverwaal/Robust-Rail-NL/mathematical-models/local_search_plans_discreet_120/plan_31_trains_1_units14.json"
"/home/thomasverwaal/Robust-Rail-NL/mathematical-models/scenarios_solver_types_120/scenario_solver_31_trains_1_units14.json","Cost of next node: Cost = 266.8 : 323.06 | cr=8, dd=0, da=1, tlv=11, sm=63, rd=91.43, cd=0, um=0","Time elapsed: 34.00 seconds","/home/thomasverwaal/Robust-Rail-NL/mathematical-models/local_search_plans_discreet_120/plan_31_trains_1_units14.json"
"/home/thomasverwaal/Robust-Rail-NL/mathematical-models/scenarios_solver_types_120/scenario_solver_31_trains_1_units14.json","Cost of next node: Cost = 256.8 : 313.06 | cr=7, dd=0, da=1, tlv=11, sm=63, rd=91.43, cd=0, um=0","Time elapsed: 35.44 seconds","/home/thomasverwaal/Robust-Rail-NL/mathematical-models/local_search_plans_discreet_120/plan_31_trains_1_units14.json"
"/home/thomasverwaal/Robust-Rail-NL/mathematical-models/scenarios_solver_types_120/scenario_solver_31_trains_1_units14.json","Cost of next node: Cost = 250.0 : 311.26 | cr=7, dd=0, da=0, tlv=12, sm=63, rd=85.71, cd=0, um=0","Time elapsed: 36.92 seconds","/home/thomasverwaal/Robust-Rail-NL/mathematical-models/local_search_plans_discreet_120/plan_31_trains_1_units14.json"
"/home/thomasverwaal/Robust-Rail-NL/mathematical-models/scenarios_solver_types_120/scenario_solver_31_trains_1_units14.json","Cost of next node: Cost = 240.0 : 301.26 | cr=6, dd=0, da=0, tlv=12, sm=63, rd=85.71, cd=0, um=0","Time elapsed: 43.15 seconds","/home/thomasverwaal/Robust-Rail-NL/mathematical-models/local_search_plans_discreet_120/plan_31_trains_1_units14.json"
"/home/thomasverwaal/Robust-Rail-NL/mathematical-models/scenarios_solver_types_120/scenario_solver_31_trains_1_units14.json","Cost of next node: Cost = 230.0 : 291.26 | cr=5, dd=0, da=0, tlv=12, sm=63, rd=87.62, cd=0, um=0","Time elapsed: 47.67 seconds","/home/thomasverwaal/Robust-Rail-NL/mathematical-models/local_search_plans_discreet_120/plan_31_trains_1_units14.json"
"/home/thomasverwaal/Robust-Rail-NL/mathematical-models/scenarios_solver_types_120/scenario_solver_31_trains_1_units14.json","Cost of next node: Cost = 225.0 : 291.26 | cr=3, dd=0, da=0, tlv=13, sm=63, rd=83.81, cd=0, um=0","Time elapsed: 91.01 seconds","/home/thomasverwaal/Robust-Rail-NL/mathematical-models/local_search_plans_discreet_120/plan_31_trains_1_units14.json"
"/home/thomasverwaal/Robust-Rail-NL/mathematical-models/scenarios_solver_types_120/scenario_solver_31_trains_1_units14.json","Cost of next node: Cost = 220.0 : 281.26 | cr=4, dd=0, da=0, tlv=12, sm=63, rd=83.81, cd=0, um=0","Time elapsed: 92.42 seconds","/home/thomasverwaal/Robust-Rail-NL/mathematical-models/local_search_plans_discreet_120/plan_31_trains_1_units14.json"
"/home/thomasverwaal/Robust-Rail-NL/mathematical-models/scenarios_solver_types_120/scenario_solver_31_trains_1_units14.json","Cost of next node: Cost = 215.9 : 272.18 | cr=3, dd=0, da=1, tlv=11, sm=64, rd=86.25, cd=0, um=0","Time elapsed: 142.79 seconds","/home/thomasverwaal/Robust-Rail-NL/mathematical-models/local_search_plans_discreet_120/plan_31_trains_1_units14.json"
"/home/thomasverwaal/Robust-Rail-NL/mathematical-models/scenarios_solver_types_120/scenario_solver_31_trains_1_units14.json","Cost of next node: Cost = 210.0 : 271.28 | cr=3, dd=0, da=0, tlv=12, sm=64, rd=84.38, cd=0, um=0","Time elapsed: 153.80 seconds","/home/thomasverwaal/Robust-Rail-NL/mathematical-models/local_search_plans_discreet_120/plan_31_trains_1_units14.json"
"/home/thomasverwaal/Robust-Rail-NL/mathematical-models/scenarios_solver_types_120/scenario_solver_31_trains_1_units14.json","Cost of next node: Cost = 200.0 : 261.28 | cr=2, dd=0, da=0, tlv=12, sm=64, rd=84.38, cd=0, um=0","Time elapsed: 169.88 seconds","/home/thomasverwaal/Robust-Rail-NL/mathematical-models/local_search_plans_discreet_120/plan_31_trains_1_units14.json"
"/home/thomasverwaal/Robust-Rail-NL/mathematical-models/scenarios_solver_types_120/scenario_solver_31_trains_1_units14.json","NO_COST_FOUND","NO_TIME_FOUND","NO_PLAN_CREATED"
"/home/thomasverwaal/Robust-Rail-NL/mathematical-models/scenarios_solver_types_120/scenario_solver_31_trains_1_units15.json","Cost of next node: Cost = 2,597.6 : 2,598.89 | cr=35, dd=31, da=29, tlv=0, sm=62, rd=172.26, cd=0, um=0","Time elapsed: 4.39 seconds","/home/thomasverwaal/Robust-Rail-NL/mathematical-models/local_search_plans_discreet_120/plan_31_trains_1_units15.json"
"/home/thomasverwaal/Robust-Rail-NL/mathematical-models/scenarios_solver_types_120/scenario_solver_31_trains_1_units15.json","Cost of next node: Cost = 2,570.2 : 2,571.48 | cr=33, dd=31, da=29, tlv=0, sm=62, rd=170.32, cd=0, um=0","Time elapsed: 4.55 seconds","/home/thomasverwaal/Robust-Rail-NL/mathematical-models/local_search_plans_discreet_120/plan_31_trains_1_units15.json"
"/home/thomasverwaal/Robust-Rail-NL/mathematical-models/scenarios_solver_types_120/scenario_solver_31_trains_1_units15.json","Cost of next node: Cost = 2,549.8 : 2,551.01 | cr=31, dd=31, da=29, tlv=0, sm=62, rd=170.32, cd=0, um=0","Time elapsed: 4.80 seconds","/home/thomasverwaal/Robust-Rail-NL/mathematical-models/local_search_plans_discreet_120/plan_31_trains_1_units15.json"
"/home/thomasverwaal/Robust-Rail-NL/mathematical-models/scenarios_solver_types_120/scenario_solver_31_trains_1_units15.json","Cost of next node: Cost = 2,529.0 : 2,530.26 | cr=29, dd=31, da=29, tlv=0, sm=62, rd=170.32, cd=0, um=0","Time elapsed: 5.07 seconds","/home/thomasverwaal/Robust-Rail-NL/mathematical-models/local_search_plans_discreet_120/plan_31_trains_1_units15.json"
"/home/thomasverwaal/Robust-Rail-NL/mathematical-models/scenarios_solver_types_120/scenario_solver_31_trains_1_units15.json","Cost of next node: Cost = 2,486.3 : 2,487.54 | cr=29, dd=31, da=28, tlv=0, sm=62, rd=165.48, cd=0, um=0","Time elapsed: 5.37 seconds","/home/thomasverwaal/Robust-Rail-NL/mathematical-models/local_search_plans_discreet_120/plan_31_trains_1_units15.json"
"/home/thomasverwaal/Robust-Rail-NL/mathematical-models/scenarios_solver_types_120/scenario_solver_31_trains_1_units15.json","Cost of next node: Cost = 2,457.4 : 2,463.68 | cr=27, dd=31, da=27, tlv=1, sm=62, rd=163.55, cd=0, um=0","Time elapsed: 5.60 seconds","/home/thomasverwaal/Robust-Rail-NL/mathematical-models/local_search_plans_discreet_120/plan_31_trains_1_units15.json"
"/home/thomasverwaal/Robust-Rail-NL/mathematical-models/scenarios_solver_types_120/scenario_solver_31_trains_1_units15.json","Cost of next node: Cost = 2,411.6 : 2,417.81 | cr=27, dd=31, da=25, tlv=1, sm=62, rd=159.68, cd=0, um=0","Time elapsed: 5.82 seconds","/home/thomasverwaal/Robust-Rail-NL/mathematical-models/local_search_plans_discreet_120/plan_31_trains_1_units15.json"
"/home/thomasverwaal/Robust-Rail-NL/mathematical-models/scenarios_solver_types_120/scenario_solver_31_trains_1_units15.json","Cost of next node: Cost = 2,365.9 : 2,377.12 | cr=23, dd=31, da=24, tlv=2, sm=62, rd=158.71, cd=0, um=0","Time elapsed: 6.03 seconds","/home/thomasverwaal/Robust-Rail-NL/mathematical-models/local_search_plans_discreet_120/plan_31_trains_1_units15.json"
"/home/thomasverwaal/Robust-Rail-NL/mathematical-models/scenarios_solver_types_120/scenario_solver_31_trains_1_units15.json","Cost of next node: Cost = 2,308.0 : 2,324.21 | cr=24, dd=31, da=20, tlv=3, sm=62, rd=153.87, cd=0, um=0","Time elapsed: 6.27 seconds","/home/thomasverwaal/Robust-Rail-NL/mathematical-models/local_search_plans_discreet_120/plan_31_trains_1_units15.json"
"/home/thomasverwaal/Robust-Rail-NL/mathematical-models/scenarios_solver_types_120/scenario_solver_31_trains_1_units15.json","Cost of next node: Cost = 2,261.7 : 2,282.90 | cr=24, dd=31, da=17, tlv=4, sm=62, rd=150.00, cd=0, um=0","Time elapsed: 6.54 seconds","/home/thomasverwaal/Robust-Rail-NL/mathematical-models/local_search_plans_discreet_120/plan_31_trains_1_units15.json"
"/home/thomasverwaal/Robust-Rail-NL/mathematical-models/scenarios_solver_types_120/scenario_solver_31_trains_1_units15.json","Cost of next node: Cost = 2,238.4 : 2,264.62 | cr=28, dd=31, da=13, tlv=5, sm=62, rd=150.97, cd=0, um=0","Time elapsed: 6.83 seconds","/home/thomasverwaal/Robust-Rail-NL/mathematical-models/local_search_plans_discreet_120/plan_31_trains_1_units15.json"
"/home/thomasverwaal/Robust-Rail-NL/mathematical-models/scenarios_solver_types_120/scenario_solver_31_trains_1_units15.json","Cost of next node: Cost = 2,216.9 : 2,243.15 | cr=28, dd=31, da=12, tlv=5, sm=62, rd=149.03, cd=0, um=0","Time elapsed: 7.07 seconds","/home/thomasverwaal/Robust-Rail-NL/mathematical-models/local_search_plans_discreet_120/plan_31_trains_1_units15.json"
"/home/thomasverwaal/Robust-Rail-NL/mathematical-models/scenarios_solver_types_120/scenario_solver_31_trains_1_units15.json","Cost of next node: Cost = 2,191.9 : 2,213.15 | cr=27, dd=31, da=12, tlv=4, sm=62, rd=149.03, cd=0, um=0","Time elapsed: 7.29 seconds","/home/thomasverwaal/Robust-Rail-NL/mathematical-models/local_search_plans_discreet_120/plan_31_trains_1_units15.json"
"/home/thomasverwaal/Robust-Rail-NL/mathematical-models/scenarios_solver_types_120/scenario_solver_31_trains_1_units15.json","Cost of next node: Cost = 2,161.3 : 2,182.53 | cr=26, dd=31, da=11, tlv=4, sm=62, rd=147.10, cd=0, um=0","Time elapsed: 7.81 seconds","/home/thomasverwaal/Robust-Rail-NL/mathematical-models/local_search_plans_discreet_120/plan_31_trains_1_units15.json"
"/home/thomasverwaal/Robust-Rail-NL/mathematical-models/scenarios_solver_types_120/scenario_solver_31_trains_1_units15.json","Cost of next node: Cost = 2,139.7 : 2,160.94 | cr=24, dd=31, da=11, tlv=4, sm=62, rd=146.13, cd=0, um=0","Time elapsed: 7.89 seconds","/home/thomasverwaal/Robust-Rail-NL/mathematical-models/local_search_plans_discreet_120/plan_31_trains_1_units15.json"
"/home/thomasverwaal/Robust-Rail-NL/mathematical-models/scenarios_solver_types_120/scenario_solver_31_trains_1_units15.json","Cost of next node: Cost = 2,114.7 : 2,140.94 | cr=20, dd=31, da=11, tlv=5, sm=62, rd=146.13, cd=0, um=0","Time elapsed: 8.48 seconds","/home/thomasverwaal/Robust-Rail-NL/mathematical-models/local_search_plans_discreet_120/plan_31_trains_1_units15.json"
"/home/thomasverwaal/Robust-Rail-NL/mathematical-models/scenarios_solver_types_120/scenario_solver_31_trains_1_units15.json","Cost of next node: Cost = 2,084.7 : 2,110.94 | cr=17, dd=31, da=11, tlv=5, sm=62, rd=146.13, cd=0, um=0","Time elapsed: 8.57 seconds","/home/thomasverwaal/Robust-Rail-NL/mathematical-models/local_search_plans_discreet_120/plan_31_trains_1_units15.json"
"/home/thomasverwaal/Robust-Rail-NL/mathematical-models/scenarios_solver_types_120/scenario_solver_31_trains_1_units15.json","Cost of next node: Cost = 2,054.4 : 2,085.64 | cr=14, dd=31, da=11, tlv=6, sm=62, rd=137.42, cd=0, um=0","Time elapsed: 9.46 seconds","/home/thomasverwaal/Robust-Rail-NL/mathematical-models/local_search_plans_discreet_120/plan_31_trains_1_units15.json"
"/home/thomasverwaal/Robust-Rail-NL/mathematical-models/scenarios_solver_types_120/scenario_solver_31_trains_1_units15.json","Cost of next node: Cost = 2,026.3 : 2,052.55 | cr=14, dd=31, da=11, tlv=5, sm=62, rd=131.61, cd=0, um=0","Time elapsed: 10.41 seconds","/home/thomasverwaal/Robust-Rail-NL/mathematical-models/local_search_plans_discreet_120/plan_31_trains_1_units15.json"
"/home/thomasverwaal/Robust-Rail-NL/mathematical-models/scenarios_solver_types_120/scenario_solver_31_trains_1_units15.json","Cost of next node: Cost = 1,823.5 : 1,849.76 | cr=21, dd=26, da=11, tlv=5, sm=62, rd=123.87, cd=0, um=0","Time elapsed: 10.62 seconds","/home/thomasverwaal/Robust-Rail-NL/mathematical-models/local_search_plans_discreet_120/plan_31_trains_1_units15.json"
"/home/thomasverwaal/Robust-Rail-NL/mathematical-models/scenarios_solver_types_120/scenario_solver_31_trains_1_units15.json","Cost of next node: Cost = 1,782.8 : 1,809.08 | cr=22, dd=25, da=11, tlv=5, sm=62, rd=123.87, cd=0, um=0","Time elapsed: 10.73 seconds","/home/thomasverwaal/Robust-Rail-NL/mathematical-models/local_search_plans_discreet_120/plan_31_trains_1_units15.json"
"/home/thomasverwaal/Robust-Rail-NL/mathematical-models/scenarios_solver_types_120/scenario_solver_31_trains_1_units15.json","Cost of next node: Cost = 1,683.5 : 1,709.79 | cr=22, dd=23, da=11, tlv=5, sm=62, rd=123.87, cd=0, um=0","Time elapsed: 10.85 seconds","/home/thomasverwaal/Robust-Rail-NL/mathematical-models/local_search_plans_discreet_120/plan_31_trains_1_units15.json"
"/home/thomasverwaal/Robust-Rail-NL/mathematical-models/scenarios_solver_types_120/scenario_solver_31_trains_1_units15.json","Cost of next node: Cost = 1,634.7 : 1,660.98 | cr=22, dd=22, da=11, tlv=5, sm=62, rd=123.87, cd=0, um=0","Time elapsed: 11.02 seconds","/home/thomasverwaal/Robust-Rail-NL/mathematical-models/local_search_plans_discreet_120/plan_31_trains_1_units15.json"
"/home/thomasverwaal/Robust-Rail-NL/mathematical-models/scenarios_solver_types_120/scenario_solver_31_trains_1_units15.json","Cost of next node: Cost = 1,595.1 : 1,621.31 | cr=23, dd=21, da=11, tlv=5, sm=62, rd=123.87, cd=0, um=0","Time elapsed: 11.15 seconds","/home/thomasverwaal/Robust-Rail-NL/mathematical-models/local_search_plans_discreet_120/plan_31_trains_1_units15.json"
"/home/thomasverwaal/Robust-Rail-NL/mathematical-models/scenarios_solver_types_120/scenario_solver_31_trains_1_units15.json","Cost of next node: Cost = 1,554.9 : 1,581.11 | cr=24, dd=20, da=11, tlv=5, sm=62, rd=123.87, cd=0, um=0","Time elapsed: 11.26 seconds","/home/thomasverwaal/Robust-Rail-NL/mathematical-models/local_search_plans_discreet_120/plan_31_trains_1_units15.json"
"/home/thomasverwaal/Robust-Rail-NL/mathematical-models/scenarios_solver_types_120/scenario_solver_31_trains_1_units15.json","Cost of next node: Cost = 1,528.2 : 1,559.39 | cr=25, dd=19, da=11, tlv=6, sm=62, rd=123.87, cd=0, um=0","Time elapsed: 11.37 seconds","/home/thomasverwaal/Robust-Rail-NL/mathematical-models/local_search_plans_discreet_120/plan_31_trains_1_units15.json"
"/home/thomasverwaal/Robust-Rail-NL/mathematical-models/scenarios_solver_types_120/scenario_solver_31_trains_1_units15.json","Cost of next node: Cost = 1,482.7 : 1,518.96 | cr=24, dd=18, da=11, tlv=7, sm=62, rd=121.94, cd=0, um=0","Time elapsed: 11.59 seconds","/home/thomasverwaal/Robust-Rail-NL/mathematical-models/local_search_plans_discreet_120/plan_31_trains_1_units15.json"
"/home/thomasverwaal/Robust-Rail-NL/mathematical-models/scenarios_solver_types_120/scenario_solver_31_trains_1_units15.json","Cost of next node: Cost = 1,423.8 : 1,460.01 | cr=24, dd=16, da=13, tlv=7, sm=62, rd=121.94, cd=0, um=0","Time elapsed: 11.78 seconds","/home/thomasverwaal/Robust-Rail-NL/mathematical-models/local_search_plans_discreet_120/plan_31_trains_1_units15.json"
"/home/thomasverwaal/Robust-Rail-NL/mathematical-models/scenarios_solver_types_120/scenario_solver_31_trains_1_units15.json","Cost of next node: Cost = 1,344.2 : 1,380.42 | cr=24, dd=16, da=9, tlv=7, sm=62, rd=118.06, cd=0, um=0","Time elapsed: 11.93 seconds","/home/thomasverwaal/Robust-Rail-NL/mathematical-models/local_search_plans_discreet_120/plan_31_trains_1_units15.json"
"/home/thomasverwaal/Robust-Rail-NL/mathematical-models/scenarios_solver_types_120/scenario_solver_31_trains_1_units15.json","Cost of next node: Cost = 1,279.6 : 1,320.87 | cr=21, dd=15, da=9, tlv=8, sm=62, rd=116.13, cd=0, um=0","Time elapsed: 12.20 seconds","/home/thomasverwaal/Robust-Rail-NL/mathematical-models/local_search_plans_discreet_120/plan_31_trains_1_units15.json"
"/home/thomasverwaal/Robust-Rail-NL/mathematical-models/scenarios_solver_types_120/scenario_solver_31_trains_1_units15.json","Cost of next node: Cost = 1,249.6 : 1,290.87 | cr=18, dd=15, da=9, tlv=8, sm=62, rd=118.06, cd=0, um=0","Time elapsed: 12.40 seconds","/home/thomasverwaal/Robust-Rail-NL/mathematical-models/local_search_plans_discreet_120/plan_31_trains_1_units15.json"
"/home/thomasverwaal/Robust-Rail-NL/mathematical-models/scenarios_solver_types_120/scenario_solver_31_trains_1_units15.json","Cost of next node: Cost = 1,229.0 : 1,270.20 | cr=18, dd=15, da=8, tlv=8, sm=62, rd=116.13, cd=0, um=0","Time elapsed: 12.76 seconds","/home/thomasverwaal/Robust-Rail-NL/mathematical-models/local_search_plans_discreet_120/plan_31_trains_1_units15.json"
"/home/thomasverwaal/Robust-Rail-NL/mathematical-models/scenarios_solver_types_120/scenario_solver_31_trains_1_units15.json","Cost of next node: Cost = 1,146.2 : 1,187.44 | cr=17, dd=14, da=7, tlv=8, sm=62, rd=112.26, cd=0, um=0","Time elapsed: 13.06 seconds","/home/thomasverwaal/Robust-Rail-NL/mathematical-models/local_search_plans_discreet_120/plan_31_trains_1_units15.json"
"/home/thomasverwaal/Robust-Rail-NL/mathematical-models/scenarios_solver_types_120/scenario_solver_31_trains_1_units15.json","Cost of next node: Cost = 1,110.7 : 1,156.93 | cr=17, dd=13, da=7, tlv=9, sm=62, rd=104.52, cd=0, um=0","Time elapsed: 13.27 seconds","/home/thomasverwaal/Robust-Rail-NL/mathematical-models/local_search_plans_discreet_120/plan_31_trains_1_units15.json"
"/home/thomasverwaal/Robust-Rail-NL/mathematical-models/scenarios_solver_types_120/scenario_solver_31_trains_1_units15.json","Cost of next node: Cost = 1,085.4 : 1,136.67 | cr=17, dd=13, da=5, tlv=10, sm=62, rd=103.55, cd=0, um=0","Time elapsed: 13.48 seconds","/home/thomasverwaal/Robust-Rail-NL/mathematical-models/local_search_plans_discreet_120/plan_31_trains_1_units15.json"
"/home/thomasverwaal/Robust-Rail-NL/mathematical-models/scenarios_solver_types_120/scenario_solver_31_trains_1_units15.json","Cost of next node: Cost = 859.3 : 910.54 | cr=15, dd=9, da=5, tlv=10, sm=62, rd=98.71, cd=0, um=0","Time elapsed: 13.51 seconds","/home/thomasverwaal/Robust-Rail-NL/mathematical-models/local_search_plans_discreet_120/plan_31_trains_1_units15.json"
"/home/thomasverwaal/Robust-Rail-NL/mathematical-models/scenarios_solver_types_120/scenario_solver_31_trains_1_units15.json","Cost of next node: Cost = 831.7 : 882.91 | cr=17, dd=8, da=5, tlv=10, sm=62, rd=98.71, cd=0, um=0","Time elapsed: 13.57 seconds","/home/thomasverwaal/Robust-Rail-NL/mathematical-models/local_search_plans_discreet_120/plan_31_trains_1_units15.json"
"/home/thomasverwaal/Robust-Rail-NL/mathematical-models/scenarios_solver_types_120/scenario_solver_31_trains_1_units15.json","Cost of next node: Cost = 668.5 : 719.73 | cr=17, dd=6, da=2, tlv=10, sm=62, rd=94.84, cd=0, um=0","Time elapsed: 13.88 seconds","/home/thomasverwaal/Robust-Rail-NL/mathematical-models/local_search_plans_discreet_120/plan_31_trains_1_units15.json"
"/home/thomasverwaal/Robust-Rail-NL/mathematical-models/scenarios_solver_types_120/scenario_solver_31_trains_1_units15.json","Cost of next node: Cost = 643.2 : 699.43 | cr=15, dd=6, da=1, tlv=11, sm=62, rd=90.97, cd=0, um=0","Time elapsed: 14.09 seconds","/home/thomasverwaal/Robust-Rail-NL/mathematical-models/local_search_plans_discreet_120/plan_31_trains_1_units15.json"
"/home/thomasverwaal/Robust-Rail-NL/mathematical-models/scenarios_solver_types_120/scenario_solver_31_trains_1_units15.json","Cost of next node: Cost = 537.2 : 598.44 | cr=15, dd=4, da=0, tlv=12, sm=62, rd=87.10, cd=0, um=0","Time elapsed: 14.34 seconds","/home/thomasverwaal/Robust-Rail-NL/mathematical-models/local_search_plans_discreet_120/plan_31_trains_1_units15.json"
"/home/thomasverwaal/Robust-Rail-NL/mathematical-models/scenarios_solver_types_120/scenario_solver_31_trains_1_units15.json","Cost of next node: Cost = 405.0 : 471.24 | cr=21, dd=0, da=0, tlv=13, sm=62, rd=79.35, cd=0, um=0","Time elapsed: 14.72 seconds","/home/thomasverwaal/Robust-Rail-NL/mathematical-models/local_search_plans_discreet_120/plan_31_trains_1_units15.json"
"/home/thomasverwaal/Robust-Rail-NL/mathematical-models/scenarios_solver_types_120/scenario_solver_31_trains_1_units15.json","Cost of next node: Cost = 375.0 : 441.24 | cr=18, dd=0, da=0, tlv=13, sm=62, rd=79.35, cd=0, um=0","Time elapsed: 14.81 seconds","/home/thomasverwaal/Robust-Rail-NL/mathematical-models/local_search_plans_discreet_120/plan_31_trains_1_units15.json"
"/home/thomasverwaal/Robust-Rail-NL/mathematical-models/scenarios_solver_types_120/scenario_solver_31_trains_1_units15.json","Cost of next node: Cost = 350.0 : 416.26 | cr=14, dd=0, da=0, tlv=14, sm=63, rd=80.00, cd=0, um=0","Time elapsed: 15.60 seconds","/home/thomasverwaal/Robust-Rail-NL/mathematical-models/local_search_plans_discreet_120/plan_31_trains_1_units15.json"
"/home/thomasverwaal/Robust-Rail-NL/mathematical-models/scenarios_solver_types_120/scenario_solver_31_trains_1_units15.json","Cost of next node: Cost = 335.0 : 401.24 | cr=14, dd=0, da=0, tlv=13, sm=62, rd=81.29, cd=0, um=0","Time elapsed: 17.70 seconds","/home/thomasverwaal/Robust-Rail-NL/mathematical-models/local_search_plans_discreet_120/plan_31_trains_1_units15.json"
"/home/thomasverwaal/Robust-Rail-NL/mathematical-models/scenarios_solver_types_120/scenario_solver_31_trains_1_units15.json","Cost of next node: Cost = 325.0 : 391.24 | cr=13, dd=0, da=0, tlv=13, sm=62, rd=81.29, cd=0, um=0","Time elapsed: 19.78 seconds","/home/thomasverwaal/Robust-Rail-NL/mathematical-models/local_search_plans_discreet_120/plan_31_trains_1_units15.json"
"/home/thomasverwaal/Robust-Rail-NL/mathematical-models/scenarios_solver_types_120/scenario_solver_31_trains_1_units15.json","Cost of next node: Cost = 315.0 : 381.24 | cr=12, dd=0, da=0, tlv=13, sm=62, rd=81.29, cd=0, um=0","Time elapsed: 21.59 seconds","/home/thomasverwaal/Robust-Rail-NL/mathematical-models/local_search_plans_discreet_120/plan_31_trains_1_units15.json"
"/home/thomasverwaal/Robust-Rail-NL/mathematical-models/scenarios_solver_types_120/scenario_solver_31_trains_1_units15.json","Cost of next node: Cost = 305.0 : 371.24 | cr=11, dd=0, da=0, tlv=13, sm=62, rd=81.29, cd=0, um=0","Time elapsed: 23.49 seconds","/home/thomasverwaal/Robust-Rail-NL/mathematical-models/local_search_plans_discreet_120/plan_31_trains_1_units15.json"
"/home/thomasverwaal/Robust-Rail-NL/mathematical-models/scenarios_solver_types_120/scenario_solver_31_trains_1_units15.json","Cost of next node: Cost = 295.0 : 361.24 | cr=10, dd=0, da=0, tlv=13, sm=62, rd=79.35, cd=0, um=0","Time elapsed: 25.36 seconds","/home/thomasverwaal/Robust-Rail-NL/mathematical-models/local_search_plans_discreet_120/plan_31_trains_1_units15.json"
"/home/thomasverwaal/Robust-Rail-NL/mathematical-models/scenarios_solver_types_120/scenario_solver_31_trains_1_units15.json","Cost of next node: Cost = 285.0 : 351.24 | cr=9, dd=0, da=0, tlv=13, sm=62, rd=79.35, cd=0, um=0","Time elapsed: 27.46 seconds","/home/thomasverwaal/Robust-Rail-NL/mathematical-models/local_search_plans_discreet_120/plan_31_trains_1_units15.json"
"/home/thomasverwaal/Robust-Rail-NL/mathematical-models/scenarios_solver_types_120/scenario_solver_31_trains_1_units15.json","Cost of next node: Cost = 275.0 : 341.24 | cr=8, dd=0, da=0, tlv=13, sm=62, rd=77.42, cd=0, um=0","Time elapsed: 29.21 seconds","/home/thomasverwaal/Robust-Rail-NL/mathematical-models/local_search_plans_discreet_120/plan_31_trains_1_units15.json"
"/home/thomasverwaal/Robust-Rail-NL/mathematical-models/scenarios_solver_types_120/scenario_solver_31_trains_1_units15.json","Cost of next node: Cost = 260.0 : 321.24 | cr=8, dd=0, da=0, tlv=12, sm=62, rd=81.29, cd=0, um=0","Time elapsed: 30.70 seconds","/home/thomasverwaal/Robust-Rail-NL/mathematical-models/local_search_plans_discreet_120/plan_31_trains_1_units15.json"
"/home/thomasverwaal/Robust-Rail-NL/mathematical-models/scenarios_solver_types_120/scenario_solver_31_trains_1_units15.json","Cost of next node: Cost = 240.0 : 301.24 | cr=6, dd=0, da=0, tlv=12, sm=62, rd=81.29, cd=0, um=0","Time elapsed: 32.20 seconds","/home/thomasverwaal/Robust-Rail-NL/mathematical-models/local_search_plans_discreet_120/plan_31_trains_1_units15.json"
"/home/thomasverwaal/Robust-Rail-NL/mathematical-models/scenarios_solver_types_120/scenario_solver_31_trains_1_units15.json","Cost of next node: Cost = 230.0 : 291.24 | cr=5, dd=0, da=0, tlv=12, sm=62, rd=81.29, cd=0, um=0","Time elapsed: 33.36 seconds","/home/thomasverwaal/Robust-Rail-NL/mathematical-models/local_search_plans_discreet_120/plan_31_trains_1_units15.json"
"/home/thomasverwaal/Robust-Rail-NL/mathematical-models/scenarios_solver_types_120/scenario_solver_31_trains_1_units15.json","Cost of next node: Cost = 220.0 : 281.24 | cr=4, dd=0, da=0, tlv=12, sm=62, rd=81.29, cd=0, um=0","Time elapsed: 34.77 seconds","/home/thomasverwaal/Robust-Rail-NL/mathematical-models/local_search_plans_discreet_120/plan_31_trains_1_units15.json"
"/home/thomasverwaal/Robust-Rail-NL/mathematical-models/scenarios_solver_types_120/scenario_solver_31_trains_1_units15.json","Cost of next node: Cost = 210.0 : 271.24 | cr=3, dd=0, da=0, tlv=12, sm=62, rd=81.29, cd=0, um=0","Time elapsed: 42.03 seconds","/home/thomasverwaal/Robust-Rail-NL/mathematical-models/local_search_plans_discreet_120/plan_31_trains_1_units15.json"
"/home/thomasverwaal/Robust-Rail-NL/mathematical-models/scenarios_solver_types_120/scenario_solver_31_trains_1_units15.json","Cost of next node: Cost = 200.0 : 261.26 | cr=2, dd=0, da=0, tlv=12, sm=63, rd=80.00, cd=0, um=0","Time elapsed: 144.67 seconds","/home/thomasverwaal/Robust-Rail-NL/mathematical-models/local_search_plans_discreet_120/plan_31_trains_1_units15.json"
"/home/thomasverwaal/Robust-Rail-NL/mathematical-models/scenarios_solver_types_120/scenario_solver_31_trains_1_units15.json","Cost of next node: Cost = 195.0 : 251.28 | cr=3, dd=0, da=0, tlv=11, sm=64, rd=82.50, cd=0, um=0","Time elapsed: 167.63 seconds","/home/thomasverwaal/Robust-Rail-NL/mathematical-models/local_search_plans_discreet_120/plan_31_trains_1_units15.json"
"/home/thomasverwaal/Robust-Rail-NL/mathematical-models/scenarios_solver_types_120/scenario_solver_31_trains_1_units15.json","Cost of next node: Cost = 185.0 : 241.28 | cr=2, dd=0, da=0, tlv=11, sm=64, rd=82.50, cd=0, um=0","Time elapsed: 192.62 seconds","/home/thomasverwaal/Robust-Rail-NL/mathematical-models/local_search_plans_discreet_120/plan_31_trains_1_units15.json"
"/home/thomasverwaal/Robust-Rail-NL/mathematical-models/scenarios_solver_types_120/scenario_solver_31_trains_1_units15.json","NO_COST_FOUND","NO_TIME_FOUND","NO_PLAN_CREATED"
"/home/thomasverwaal/Robust-Rail-NL/mathematical-models/scenarios_solver_types_120/scenario_solver_31_trains_1_units16.json","Cost of next node: Cost = 2,595.6 : 2,596.83 | cr=35, dd=31, da=29, tlv=0, sm=62, rd=172.26, cd=0, um=0","Time elapsed: 4.46 seconds","/home/thomasverwaal/Robust-Rail-NL/mathematical-models/local_search_plans_discreet_120/plan_31_trains_1_units16.json"
"/home/thomasverwaal/Robust-Rail-NL/mathematical-models/scenarios_solver_types_120/scenario_solver_31_trains_1_units16.json","Cost of next node: Cost = 2,568.2 : 2,569.43 | cr=33, dd=31, da=29, tlv=0, sm=62, rd=170.32, cd=0, um=0","Time elapsed: 4.62 seconds","/home/thomasverwaal/Robust-Rail-NL/mathematical-models/local_search_plans_discreet_120/plan_31_trains_1_units16.json"
"/home/thomasverwaal/Robust-Rail-NL/mathematical-models/scenarios_solver_types_120/scenario_solver_31_trains_1_units16.json","Cost of next node: Cost = 2,547.7 : 2,548.96 | cr=31, dd=31, da=29, tlv=0, sm=62, rd=170.32, cd=0, um=0","Time elapsed: 4.86 seconds","/home/thomasverwaal/Robust-Rail-NL/mathematical-models/local_search_plans_discreet_120/plan_31_trains_1_units16.json"
"/home/thomasverwaal/Robust-Rail-NL/mathematical-models/scenarios_solver_types_120/scenario_solver_31_trains_1_units16.json","Cost of next node: Cost = 2,527.0 : 2,528.21 | cr=29, dd=31, da=29, tlv=0, sm=62, rd=170.32, cd=0, um=0","Time elapsed: 5.12 seconds","/home/thomasverwaal/Robust-Rail-NL/mathematical-models/local_search_plans_discreet_120/plan_31_trains_1_units16.json"
"/home/thomasverwaal/Robust-Rail-NL/mathematical-models/scenarios_solver_types_120/scenario_solver_31_trains_1_units16.json","Cost of next node: Cost = 2,421.6 : 2,427.80 | cr=30, dd=31, da=23, tlv=1, sm=62, rd=167.42, cd=0, um=0","Time elapsed: 5.38 seconds","/home/thomasverwaal/Robust-Rail-NL/mathematical-models/local_search_plans_discreet_120/plan_31_trains_1_units16.json"
"/home/thomasverwaal/Robust-Rail-NL/mathematical-models/scenarios_solver_types_120/scenario_solver_31_trains_1_units16.json","Cost of next node: Cost = 2,393.8 : 2,394.99 | cr=29, dd=31, da=23, tlv=0, sm=62, rd=165.48, cd=0, um=0","Time elapsed: 5.64 seconds","/home/thomasverwaal/Robust-Rail-NL/mathematical-models/local_search_plans_discreet_120/plan_31_trains_1_units16.json"
"/home/thomasverwaal/Robust-Rail-NL/mathematical-models/scenarios_solver_types_120/scenario_solver_31_trains_1_units16.json","Cost of next node: Cost = 2,336.4 : 2,337.65 | cr=30, dd=31, da=20, tlv=0, sm=62, rd=158.71, cd=0, um=0","Time elapsed: 5.85 seconds","/home/thomasverwaal/Robust-Rail-NL/mathematical-models/local_search_plans_discreet_120/plan_31_trains_1_units16.json"
"/home/thomasverwaal/Robust-Rail-NL/mathematical-models/scenarios_solver_types_120/scenario_solver_31_trains_1_units16.json","Cost of next node: Cost = 2,312.5 : 2,318.75 | cr=28, dd=31, da=19, tlv=1, sm=62, rd=154.84, cd=0, um=0","Time elapsed: 6.06 seconds","/home/thomasverwaal/Robust-Rail-NL/mathematical-models/local_search_plans_discreet_120/plan_31_trains_1_units16.json"
"/home/thomasverwaal/Robust-Rail-NL/mathematical-models/scenarios_solver_types_120/scenario_solver_31_trains_1_units16.json","Cost of next node: Cost = 2,292.2 : 2,298.47 | cr=26, dd=31, da=19, tlv=1, sm=62, rd=154.84, cd=0, um=0","Time elapsed: 6.11 seconds","/home/thomasverwaal/Robust-Rail-NL/mathematical-models/local_search_plans_discreet_120/plan_31_trains_1_units16.json"
"/home/thomasverwaal/Robust-Rail-NL/mathematical-models/scenarios_solver_types_120/scenario_solver_31_trains_1_units16.json","Cost of next node: Cost = 2,235.7 : 2,246.91 | cr=29, dd=31, da=14, tlv=2, sm=62, rd=150.00, cd=0, um=0","Time elapsed: 6.34 seconds","/home/thomasverwaal/Robust-Rail-NL/mathematical-models/local_search_plans_discreet_120/plan_31_trains_1_units16.json"
"/home/thomasverwaal/Robust-Rail-NL/mathematical-models/scenarios_solver_types_120/scenario_solver_31_trains_1_units16.json","Cost of next node: Cost = 2,190.7 : 2,206.97 | cr=29, dd=31, da=11, tlv=3, sm=62, rd=146.13, cd=0, um=0","Time elapsed: 6.56 seconds","/home/thomasverwaal/Robust-Rail-NL/mathematical-models/local_search_plans_discreet_120/plan_31_trains_1_units16.json"
"/home/thomasverwaal/Robust-Rail-NL/mathematical-models/scenarios_solver_types_120/scenario_solver_31_trains_1_units16.json","Cost of next node: Cost = 2,164.3 : 2,185.58 | cr=28, dd=31, da=10, tlv=4, sm=62, rd=139.35, cd=0, um=0","Time elapsed: 7.08 seconds","/home/thomasverwaal/Robust-Rail-NL/mathematical-models/local_search_plans_discreet_120/plan_31_trains_1_units16.json"
"/home/thomasverwaal/Robust-Rail-NL/mathematical-models/scenarios_solver_types_120/scenario_solver_31_trains_1_units16.json","Cost of next node: Cost = 2,134.7 : 2,155.93 | cr=27, dd=31, da=9, tlv=4, sm=62, rd=137.42, cd=0, um=0","Time elapsed: 7.71 seconds","/home/thomasverwaal/Robust-Rail-NL/mathematical-models/local_search_plans_discreet_120/plan_31_trains_1_units16.json"
"/home/thomasverwaal/Robust-Rail-NL/mathematical-models/scenarios_solver_types_120/scenario_solver_31_trains_1_units16.json","Cost of next node: Cost = 2,109.7 : 2,135.93 | cr=23, dd=31, da=9, tlv=5, sm=62, rd=137.42, cd=0, um=0","Time elapsed: 8.10 seconds","/home/thomasverwaal/Robust-Rail-NL/mathematical-models/local_search_plans_discreet_120/plan_31_trains_1_units16.json"
"/home/thomasverwaal/Robust-Rail-NL/mathematical-models/scenarios_solver_types_120/scenario_solver_31_trains_1_units16.json","Cost of next node: Cost = 2,064.7 : 2,095.93 | cr=17, dd=31, da=9, tlv=6, sm=62, rd=137.42, cd=0, um=0","Time elapsed: 8.76 seconds","/home/thomasverwaal/Robust-Rail-NL/mathematical-models/local_search_plans_discreet_120/plan_31_trains_1_units16.json"
"/home/thomasverwaal/Robust-Rail-NL/mathematical-models/scenarios_solver_types_120/scenario_solver_31_trains_1_units16.json","Cost of next node: Cost = 2,040.6 : 2,076.82 | cr=15, dd=31, da=9, tlv=7, sm=62, rd=127.74, cd=0, um=0","Time elapsed: 9.70 seconds","/home/thomasverwaal/Robust-Rail-NL/mathematical-models/local_search_plans_discreet_120/plan_31_trains_1_units16.json"
"/home/thomasverwaal/Robust-Rail-NL/mathematical-models/scenarios_solver_types_120/scenario_solver_31_trains_1_units16.json","Cost of next node: Cost = 1,984.6 : 2,020.88 | cr=22, dd=29, da=9, tlv=7, sm=62, rd=120.00, cd=0, um=0","Time elapsed: 10.33 seconds","/home/thomasverwaal/Robust-Rail-NL/mathematical-models/local_search_plans_discreet_120/plan_31_trains_1_units16.json"
"/home/thomasverwaal/Robust-Rail-NL/mathematical-models/scenarios_solver_types_120/scenario_solver_31_trains_1_units16.json","Cost of next node: Cost = 1,894.7 : 1,930.97 | cr=23, dd=27, da=9, tlv=7, sm=62, rd=120.00, cd=0, um=0","Time elapsed: 10.48 seconds","/home/thomasverwaal/Robust-Rail-NL/mathematical-models/local_search_plans_discreet_120/plan_31_trains_1_units16.json"
"/home/thomasverwaal/Robust-Rail-NL/mathematical-models/scenarios_solver_types_120/scenario_solver_31_trains_1_units16.json","Cost of next node: Cost = 1,864.7 : 1,900.97 | cr=20, dd=27, da=9, tlv=7, sm=62, rd=120.00, cd=0, um=0","Time elapsed: 10.60 seconds","/home/thomasverwaal/Robust-Rail-NL/mathematical-models/local_search_plans_discreet_120/plan_31_trains_1_units16.json"
"/home/thomasverwaal/Robust-Rail-NL/mathematical-models/scenarios_solver_types_120/scenario_solver_31_trains_1_units16.json","Cost of next node: Cost = 1,814.7 : 1,850.90 | cr=20, dd=26, da=9, tlv=7, sm=62, rd=120.00, cd=0, um=0","Time elapsed: 10.75 seconds","/home/thomasverwaal/Robust-Rail-NL/mathematical-models/local_search_plans_discreet_120/plan_31_trains_1_units16.json"
"/home/thomasverwaal/Robust-Rail-NL/mathematical-models/scenarios_solver_types_120/scenario_solver_31_trains_1_units16.json","Cost of next node: Cost = 1,774.9 : 1,811.18 | cr=21, dd=25, da=9, tlv=7, sm=62, rd=120.00, cd=0, um=0","Time elapsed: 11.03 seconds","/home/thomasverwaal/Robust-Rail-NL/mathematical-models/local_search_plans_discreet_120/plan_31_trains_1_units16.json"
"/home/thomasverwaal/Robust-Rail-NL/mathematical-models/scenarios_solver_types_120/scenario_solver_31_trains_1_units16.json","Cost of next node: Cost = 1,724.0 : 1,765.20 | cr=22, dd=24, da=8, tlv=8, sm=62, rd=116.13, cd=0, um=0","Time elapsed: 11.73 seconds","/home/thomasverwaal/Robust-Rail-NL/mathematical-models/local_search_plans_discreet_120/plan_31_trains_1_units16.json"
"/home/thomasverwaal/Robust-Rail-NL/mathematical-models/scenarios_solver_types_120/scenario_solver_31_trains_1_units16.json","Cost of next node: Cost = 1,624.8 : 1,666.07 | cr=22, dd=22, da=8, tlv=8, sm=62, rd=116.13, cd=0, um=0","Time elapsed: 11.87 seconds","/home/thomasverwaal/Robust-Rail-NL/mathematical-models/local_search_plans_discreet_120/plan_31_trains_1_units16.json"
"/home/thomasverwaal/Robust-Rail-NL/mathematical-models/scenarios_solver_types_120/scenario_solver_31_trains_1_units16.json","Cost of next node: Cost = 1,574.4 : 1,615.60 | cr=22, dd=21, da=8, tlv=8, sm=62, rd=116.13, cd=0, um=0","Time elapsed: 12.03 seconds","/home/thomasverwaal/Robust-Rail-NL/mathematical-models/local_search_plans_discreet_120/plan_31_trains_1_units16.json"
"/home/thomasverwaal/Robust-Rail-NL/mathematical-models/scenarios_solver_types_120/scenario_solver_31_trains_1_units16.json","Cost of next node: Cost = 1,464.2 : 1,505.44 | cr=21, dd=19, da=8, tlv=8, sm=62, rd=116.13, cd=0, um=0","Time elapsed: 12.18 seconds","/home/thomasverwaal/Robust-Rail-NL/mathematical-models/local_search_plans_discreet_120/plan_31_trains_1_units16.json"
"/home/thomasverwaal/Robust-Rail-NL/mathematical-models/scenarios_solver_types_120/scenario_solver_31_trains_1_units16.json","Cost of next node: Cost = 1,413.5 : 1,454.71 | cr=21, dd=18, da=8, tlv=8, sm=62, rd=116.13, cd=0, um=0","Time elapsed: 12.28 seconds","/home/thomasverwaal/Robust-Rail-NL/mathematical-models/local_search_plans_discreet_120/plan_31_trains_1_units16.json"
"/home/thomasverwaal/Robust-Rail-NL/mathematical-models/scenarios_solver_types_120/scenario_solver_31_trains_1_units16.json","Cost of next node: Cost = 1,341.5 : 1,382.77 | cr=21, dd=17, da=7, tlv=8, sm=62, rd=114.19, cd=0, um=0","Time elapsed: 12.80 seconds","/home/thomasverwaal/Robust-Rail-NL/mathematical-models/local_search_plans_discreet_120/plan_31_trains_1_units16.json"
"/home/thomasverwaal/Robust-Rail-NL/mathematical-models/scenarios_solver_types_120/scenario_solver_31_trains_1_units16.json","Cost of next node: Cost = 1,240.7 : 1,286.93 | cr=22, dd=15, da=6, tlv=9, sm=62, rd=108.39, cd=0, um=0","Time elapsed: 13.05 seconds","/home/thomasverwaal/Robust-Rail-NL/mathematical-models/local_search_plans_discreet_120/plan_31_trains_1_units16.json"
"/home/thomasverwaal/Robust-Rail-NL/mathematical-models/scenarios_solver_types_120/scenario_solver_31_trains_1_units16.json","Cost of next node: Cost = 1,071.7 : 1,122.94 | cr=20, dd=13, da=3, tlv=10, sm=62, rd=102.58, cd=0, um=0","Time elapsed: 13.35 seconds","/home/thomasverwaal/Robust-Rail-NL/mathematical-models/local_search_plans_discreet_120/plan_31_trains_1_units16.json"
"/home/thomasverwaal/Robust-Rail-NL/mathematical-models/scenarios_solver_types_120/scenario_solver_31_trains_1_units16.json","Cost of next node: Cost = 971.7 : 1,022.94 | cr=20, dd=11, da=3, tlv=10, sm=62, rd=102.58, cd=0, um=0","Time elapsed: 13.44 seconds","/home/thomasverwaal/Robust-Rail-NL/mathematical-models/local_search_plans_discreet_120/plan_31_trains_1_units16.json"
"/home/thomasverwaal/Robust-Rail-NL/mathematical-models/scenarios_solver_types_120/scenario_solver_31_trains_1_units16.json","Cost of next node: Cost = 947.0 : 1,003.24 | cr=18, dd=11, da=2, tlv=11, sm=62, rd=98.71, cd=0, um=0","Time elapsed: 13.69 seconds","/home/thomasverwaal/Robust-Rail-NL/mathematical-models/local_search_plans_discreet_120/plan_31_trains_1_units16.json"
"/home/thomasverwaal/Robust-Rail-NL/mathematical-models/scenarios_solver_types_120/scenario_solver_31_trains_1_units16.json","Cost of next node: Cost = 891.3 : 952.50 | cr=18, dd=10, da=1, tlv=12, sm=62, rd=99.68, cd=0, um=0","Time elapsed: 14.02 seconds","/home/thomasverwaal/Robust-Rail-NL/mathematical-models/local_search_plans_discreet_120/plan_31_trains_1_units16.json"
"/home/thomasverwaal/Robust-Rail-NL/mathematical-models/scenarios_solver_types_120/scenario_solver_31_trains_1_units16.json","Cost of next node: Cost = 857.0 : 918.23 | cr=14, dd=10, da=1, tlv=12, sm=62, rd=106.45, cd=0, um=0","Time elapsed: 14.10 seconds","/home/thomasverwaal/Robust-Rail-NL/mathematical-models/local_search_plans_discreet_120/plan_31_trains_1_units16.json"
"/home/thomasverwaal/Robust-Rail-NL/mathematical-models/scenarios_solver_types_120/scenario_solver_31_trains_1_units16.json","Cost of next node: Cost = 801.4 : 862.64 | cr=14, dd=9, da=1, tlv=12, sm=62, rd=101.61, cd=0, um=0","Time elapsed: 14.19 seconds","/home/thomasverwaal/Robust-Rail-NL/mathematical-models/local_search_plans_discreet_120/plan_31_trains_1_units16.json"
"/home/thomasverwaal/Robust-Rail-NL/mathematical-models/scenarios_solver_types_120/scenario_solver_31_trains_1_units16.json","Cost of next node: Cost = 698.0 : 759.27 | cr=14, dd=7, da=1, tlv=12, sm=62, rd=96.77, cd=0, um=0","Time elapsed: 14.26 seconds","/home/thomasverwaal/Robust-Rail-NL/mathematical-models/local_search_plans_discreet_120/plan_31_trains_1_units16.json"
"/home/thomasverwaal/Robust-Rail-NL/mathematical-models/scenarios_solver_types_120/scenario_solver_31_trains_1_units16.json","Cost of next node: Cost = 601.5 : 667.74 | cr=15, dd=5, da=0, tlv=13, sm=62, rd=92.90, cd=0, um=0","Time elapsed: 14.52 seconds","/home/thomasverwaal/Robust-Rail-NL/mathematical-models/local_search_plans_discreet_120/plan_31_trains_1_units16.json"
"/home/thomasverwaal/Robust-Rail-NL/mathematical-models/scenarios_solver_types_120/scenario_solver_31_trains_1_units16.json","Cost of next node: Cost = 481.0 : 552.24 | cr=16, dd=2, da=0, tlv=14, sm=62, rd=91.94, cd=0, um=0","Time elapsed: 14.87 seconds","/home/thomasverwaal/Robust-Rail-NL/mathematical-models/local_search_plans_discreet_120/plan_31_trains_1_units16.json"
"/home/thomasverwaal/Robust-Rail-NL/mathematical-models/scenarios_solver_types_120/scenario_solver_31_trains_1_units16.json","Cost of next node: Cost = 360.0 : 431.24 | cr=15, dd=0, da=0, tlv=14, sm=62, rd=85.16, cd=0, um=0","Time elapsed: 14.95 seconds","/home/thomasverwaal/Robust-Rail-NL/mathematical-models/local_search_plans_discreet_120/plan_31_trains_1_units16.json"
"/home/thomasverwaal/Robust-Rail-NL/mathematical-models/scenarios_solver_types_120/scenario_solver_31_trains_1_units16.json","Cost of next node: Cost = 335.0 : 401.24 | cr=14, dd=0, da=0, tlv=13, sm=62, rd=85.16, cd=0, um=0","Time elapsed: 15.23 seconds","/home/thomasverwaal/Robust-Rail-NL/mathematical-models/local_search_plans_discreet_120/plan_31_trains_1_units16.json"
"/home/thomasverwaal/Robust-Rail-NL/mathematical-models/scenarios_solver_types_120/scenario_solver_31_trains_1_units16.json","Cost of next node: Cost = 315.0 : 381.24 | cr=12, dd=0, da=0, tlv=13, sm=62, rd=85.16, cd=0, um=0","Time elapsed: 17.47 seconds","/home/thomasverwaal/Robust-Rail-NL/mathematical-models/local_search_plans_discreet_120/plan_31_trains_1_units16.json"
"/home/thomasverwaal/Robust-Rail-NL/mathematical-models/scenarios_solver_types_120/scenario_solver_31_trains_1_units16.json","Cost of next node: Cost = 305.0 : 371.24 | cr=11, dd=0, da=0, tlv=13, sm=62, rd=85.16, cd=0, um=0","Time elapsed: 19.57 seconds","/home/thomasverwaal/Robust-Rail-NL/mathematical-models/local_search_plans_discreet_120/plan_31_trains_1_units16.json"
"/home/thomasverwaal/Robust-Rail-NL/mathematical-models/scenarios_solver_types_120/scenario_solver_31_trains_1_units16.json","Cost of next node: Cost = 295.0 : 361.24 | cr=10, dd=0, da=0, tlv=13, sm=62, rd=85.16, cd=0, um=0","Time elapsed: 21.50 seconds","/home/thomasverwaal/Robust-Rail-NL/mathematical-models/local_search_plans_discreet_120/plan_31_trains_1_units16.json"
"/home/thomasverwaal/Robust-Rail-NL/mathematical-models/scenarios_solver_types_120/scenario_solver_31_trains_1_units16.json","Cost of next node: Cost = 285.0 : 351.24 | cr=9, dd=0, da=0, tlv=13, sm=62, rd=85.16, cd=0, um=0","Time elapsed: 23.16 seconds","/home/thomasverwaal/Robust-Rail-NL/mathematical-models/local_search_plans_discreet_120/plan_31_trains_1_units16.json"
"/home/thomasverwaal/Robust-Rail-NL/mathematical-models/scenarios_solver_types_120/scenario_solver_31_trains_1_units16.json","Cost of next node: Cost = 275.0 : 341.24 | cr=8, dd=0, da=0, tlv=13, sm=62, rd=85.16, cd=0, um=0","Time elapsed: 24.93 seconds","/home/thomasverwaal/Robust-Rail-NL/mathematical-models/local_search_plans_discreet_120/plan_31_trains_1_units16.json"
"/home/thomasverwaal/Robust-Rail-NL/mathematical-models/scenarios_solver_types_120/scenario_solver_31_trains_1_units16.json","Cost of next node: Cost = 265.0 : 331.24 | cr=7, dd=0, da=0, tlv=13, sm=62, rd=85.16, cd=0, um=0","Time elapsed: 26.24 seconds","/home/thomasverwaal/Robust-Rail-NL/mathematical-models/local_search_plans_discreet_120/plan_31_trains_1_units16.json"
"/home/thomasverwaal/Robust-Rail-NL/mathematical-models/scenarios_solver_types_120/scenario_solver_31_trains_1_units16.json","Cost of next node: Cost = 260.0 : 331.24 | cr=5, dd=0, da=0, tlv=14, sm=62, rd=85.16, cd=0, um=0","Time elapsed: 27.59 seconds","/home/thomasverwaal/Robust-Rail-NL/mathematical-models/local_search_plans_discreet_120/plan_31_trains_1_units16.json"
"/home/thomasverwaal/Robust-Rail-NL/mathematical-models/scenarios_solver_types_120/scenario_solver_31_trains_1_units16.json","Cost of next node: Cost = 245.0 : 311.24 | cr=5, dd=0, da=0, tlv=13, sm=62, rd=83.23, cd=0, um=0","Time elapsed: 28.91 seconds","/home/thomasverwaal/Robust-Rail-NL/mathematical-models/local_search_plans_discreet_120/plan_31_trains_1_units16.json"
"/home/thomasverwaal/Robust-Rail-NL/mathematical-models/scenarios_solver_types_120/scenario_solver_31_trains_1_units16.json","Cost of next node: Cost = 240.0 : 311.24 | cr=3, dd=0, da=0, tlv=14, sm=62, rd=81.29, cd=0, um=0","Time elapsed: 30.30 seconds","/home/thomasverwaal/Robust-Rail-NL/mathematical-models/local_search_plans_discreet_120/plan_31_trains_1_units16.json"
"/home/thomasverwaal/Robust-Rail-NL/mathematical-models/scenarios_solver_types_120/scenario_solver_31_trains_1_units16.json","Cost of next node: Cost = 225.0 : 291.24 | cr=3, dd=0, da=0, tlv=13, sm=62, rd=83.23, cd=0, um=0","Time elapsed: 31.48 seconds","/home/thomasverwaal/Robust-Rail-NL/mathematical-models/local_search_plans_discreet_120/plan_31_trains_1_units16.json"
"/home/thomasverwaal/Robust-Rail-NL/mathematical-models/scenarios_solver_types_120/scenario_solver_31_trains_1_units16.json","Cost of next node: Cost = 215.0 : 281.24 | cr=2, dd=0, da=0, tlv=13, sm=62, rd=83.23, cd=0, um=0","Time elapsed: 32.75 seconds","/home/thomasverwaal/Robust-Rail-NL/mathematical-models/local_search_plans_discreet_120/plan_31_trains_1_units16.json"
"/home/thomasverwaal/Robust-Rail-NL/mathematical-models/scenarios_solver_types_120/scenario_solver_31_trains_1_units16.json","Cost of next node: Cost = 205.0 : 271.24 | cr=1, dd=0, da=0, tlv=13, sm=62, rd=83.23, cd=0, um=0","Time elapsed: 37.70 seconds","/home/thomasverwaal/Robust-Rail-NL/mathematical-models/local_search_plans_discreet_120/plan_31_trains_1_units16.json"
"/home/thomasverwaal/Robust-Rail-NL/mathematical-models/scenarios_solver_types_120/scenario_solver_31_trains_1_units16.json","Cost of next node: Cost = 195.0 : 261.24 | cr=0, dd=0, da=0, tlv=13, sm=62, rd=89.03, cd=0, um=0","Time elapsed: 59.13 seconds","/home/thomasverwaal/Robust-Rail-NL/mathematical-models/local_search_plans_discreet_120/plan_31_trains_1_units16.json"
"/home/thomasverwaal/Robust-Rail-NL/mathematical-models/scenarios_solver_types_120/scenario_solver_31_trains_1_units16.json","NO_COST_FOUND","NO_TIME_FOUND","NO_PLAN_CREATED"
"/home/thomasverwaal/Robust-Rail-NL/mathematical-models/scenarios_solver_types_120/scenario_solver_31_trains_1_units17.json","Cost of next node: Cost = 2,589.4 : 2,590.67 | cr=35, dd=31, da=29, tlv=0, sm=62, rd=172.26, cd=0, um=0","Time elapsed: 4.49 seconds","/home/thomasverwaal/Robust-Rail-NL/mathematical-models/local_search_plans_discreet_120/plan_31_trains_1_units17.json"
"/home/thomasverwaal/Robust-Rail-NL/mathematical-models/scenarios_solver_types_120/scenario_solver_31_trains_1_units17.json","Cost of next node: Cost = 2,562.0 : 2,563.27 | cr=33, dd=31, da=29, tlv=0, sm=62, rd=170.32, cd=0, um=0","Time elapsed: 4.65 seconds","/home/thomasverwaal/Robust-Rail-NL/mathematical-models/local_search_plans_discreet_120/plan_31_trains_1_units17.json"
"/home/thomasverwaal/Robust-Rail-NL/mathematical-models/scenarios_solver_types_120/scenario_solver_31_trains_1_units17.json","Cost of next node: Cost = 2,541.6 : 2,542.80 | cr=31, dd=31, da=29, tlv=0, sm=62, rd=170.32, cd=0, um=0","Time elapsed: 4.89 seconds","/home/thomasverwaal/Robust-Rail-NL/mathematical-models/local_search_plans_discreet_120/plan_31_trains_1_units17.json"
"/home/thomasverwaal/Robust-Rail-NL/mathematical-models/scenarios_solver_types_120/scenario_solver_31_trains_1_units17.json","Cost of next node: Cost = 2,520.8 : 2,522.05 | cr=29, dd=31, da=29, tlv=0, sm=62, rd=170.32, cd=0, um=0","Time elapsed: 5.15 seconds","/home/thomasverwaal/Robust-Rail-NL/mathematical-models/local_search_plans_discreet_120/plan_31_trains_1_units17.json"
"/home/thomasverwaal/Robust-Rail-NL/mathematical-models/scenarios_solver_types_120/scenario_solver_31_trains_1_units17.json","Cost of next node: Cost = 2,383.3 : 2,389.55 | cr=35, dd=31, da=19, tlv=1, sm=62, rd=167.42, cd=0, um=0","Time elapsed: 5.40 seconds","/home/thomasverwaal/Robust-Rail-NL/mathematical-models/local_search_plans_discreet_120/plan_31_trains_1_units17.json"
"/home/thomasverwaal/Robust-Rail-NL/mathematical-models/scenarios_solver_types_120/scenario_solver_31_trains_1_units17.json","Cost of next node: Cost = 2,351.6 : 2,357.86 | cr=32, dd=31, da=19, tlv=1, sm=62, rd=167.42, cd=0, um=0","Time elapsed: 5.44 seconds","/home/thomasverwaal/Robust-Rail-NL/mathematical-models/local_search_plans_discreet_120/plan_31_trains_1_units17.json"
"/home/thomasverwaal/Robust-Rail-NL/mathematical-models/scenarios_solver_types_120/scenario_solver_31_trains_1_units17.json","Cost of next node: Cost = 2,308.0 : 2,314.22 | cr=27, dd=31, da=19, tlv=1, sm=62, rd=168.39, cd=0, um=0","Time elapsed: 5.69 seconds","/home/thomasverwaal/Robust-Rail-NL/mathematical-models/local_search_plans_discreet_120/plan_31_trains_1_units17.json"
"/home/thomasverwaal/Robust-Rail-NL/mathematical-models/scenarios_solver_types_120/scenario_solver_31_trains_1_units17.json","Cost of next node: Cost = 2,263.2 : 2,269.40 | cr=27, dd=31, da=17, tlv=1, sm=62, rd=164.52, cd=0, um=0","Time elapsed: 5.89 seconds","/home/thomasverwaal/Robust-Rail-NL/mathematical-models/local_search_plans_discreet_120/plan_31_trains_1_units17.json"
"/home/thomasverwaal/Robust-Rail-NL/mathematical-models/scenarios_solver_types_120/scenario_solver_31_trains_1_units17.json","Cost of next node: Cost = 2,197.1 : 2,203.30 | cr=27, dd=31, da=14, tlv=1, sm=62, rd=158.71, cd=0, um=0","Time elapsed: 6.10 seconds","/home/thomasverwaal/Robust-Rail-NL/mathematical-models/local_search_plans_discreet_120/plan_31_trains_1_units17.json"
"/home/thomasverwaal/Robust-Rail-NL/mathematical-models/scenarios_solver_types_120/scenario_solver_31_trains_1_units17.json","Cost of next node: Cost = 2,170.4 : 2,181.62 | cr=27, dd=31, da=12, tlv=2, sm=62, rd=153.87, cd=0, um=0","Time elapsed: 6.34 seconds","/home/thomasverwaal/Robust-Rail-NL/mathematical-models/local_search_plans_discreet_120/plan_31_trains_1_units17.json"
"/home/thomasverwaal/Robust-Rail-NL/mathematical-models/scenarios_solver_types_120/scenario_solver_31_trains_1_units17.json","Cost of next node: Cost = 2,140.4 : 2,151.63 | cr=27, dd=31, da=11, tlv=2, sm=62, rd=149.03, cd=0, um=0","Time elapsed: 6.93 seconds","/home/thomasverwaal/Robust-Rail-NL/mathematical-models/local_search_plans_discreet_120/plan_31_trains_1_units17.json"
"/home/thomasverwaal/Robust-Rail-NL/mathematical-models/scenarios_solver_types_120/scenario_solver_31_trains_1_units17.json","Cost of next node: Cost = 2,110.3 : 2,121.53 | cr=26, dd=31, da=10, tlv=2, sm=62, rd=147.10, cd=0, um=0","Time elapsed: 7.60 seconds","/home/thomasverwaal/Robust-Rail-NL/mathematical-models/local_search_plans_discreet_120/plan_31_trains_1_units17.json"
"/home/thomasverwaal/Robust-Rail-NL/mathematical-models/scenarios_solver_types_120/scenario_solver_31_trains_1_units17.json","Cost of next node: Cost = 2,085.3 : 2,101.53 | cr=22, dd=31, da=10, tlv=3, sm=62, rd=147.10, cd=0, um=0","Time elapsed: 8.43 seconds","/home/thomasverwaal/Robust-Rail-NL/mathematical-models/local_search_plans_discreet_120/plan_31_trains_1_units17.json"
"/home/thomasverwaal/Robust-Rail-NL/mathematical-models/scenarios_solver_types_120/scenario_solver_31_trains_1_units17.json","Cost of next node: Cost = 2,060.7 : 2,081.91 | cr=18, dd=31, da=10, tlv=4, sm=62, rd=146.13, cd=0, um=0","Time elapsed: 8.61 seconds","/home/thomasverwaal/Robust-Rail-NL/mathematical-models/local_search_plans_discreet_120/plan_31_trains_1_units17.json"
"/home/thomasverwaal/Robust-Rail-NL/mathematical-models/scenarios_solver_types_120/scenario_solver_31_trains_1_units17.json","Cost of next node: Cost = 2,036.8 : 2,063.05 | cr=16, dd=31, da=10, tlv=5, sm=62, rd=136.45, cd=0, um=0","Time elapsed: 8.92 seconds","/home/thomasverwaal/Robust-Rail-NL/mathematical-models/local_search_plans_discreet_120/plan_31_trains_1_units17.json"
"/home/thomasverwaal/Robust-Rail-NL/mathematical-models/scenarios_solver_types_120/scenario_solver_31_trains_1_units17.json","Cost of next node: Cost = 2,015.5 : 2,041.73 | cr=14, dd=31, da=10, tlv=5, sm=62, rd=136.45, cd=0, um=0","Time elapsed: 9.10 seconds","/home/thomasverwaal/Robust-Rail-NL/mathematical-models/local_search_plans_discreet_120/plan_31_trains_1_units17.json"
"/home/thomasverwaal/Robust-Rail-NL/mathematical-models/scenarios_solver_types_120/scenario_solver_31_trains_1_units17.json","Cost of next node: Cost = 1,910.8 : 1,936.99 | cr=21, dd=28, da=10, tlv=5, sm=62, rd=128.71, cd=0, um=0","Time elapsed: 9.28 seconds","/home/thomasverwaal/Robust-Rail-NL/mathematical-models/local_search_plans_discreet_120/plan_31_trains_1_units17.json"
"/home/thomasverwaal/Robust-Rail-NL/mathematical-models/scenarios_solver_types_120/scenario_solver_31_trains_1_units17.json","Cost of next node: Cost = 1,821.0 : 1,847.21 | cr=22, dd=26, da=10, tlv=5, sm=62, rd=127.74, cd=0, um=0","Time elapsed: 9.37 seconds","/home/thomasverwaal/Robust-Rail-NL/mathematical-models/local_search_plans_discreet_120/plan_31_trains_1_units17.json"
"/home/thomasverwaal/Robust-Rail-NL/mathematical-models/scenarios_solver_types_120/scenario_solver_31_trains_1_units17.json","Cost of next node: Cost = 1,770.7 : 1,796.98 | cr=22, dd=25, da=10, tlv=5, sm=62, rd=127.74, cd=0, um=0","Time elapsed: 9.47 seconds","/home/thomasverwaal/Robust-Rail-NL/mathematical-models/local_search_plans_discreet_120/plan_31_trains_1_units17.json"
"/home/thomasverwaal/Robust-Rail-NL/mathematical-models/scenarios_solver_types_120/scenario_solver_31_trains_1_units17.json","Cost of next node: Cost = 1,731.0 : 1,757.22 | cr=23, dd=24, da=10, tlv=5, sm=62, rd=127.74, cd=0, um=0","Time elapsed: 9.64 seconds","/home/thomasverwaal/Robust-Rail-NL/mathematical-models/local_search_plans_discreet_120/plan_31_trains_1_units17.json"
"/home/thomasverwaal/Robust-Rail-NL/mathematical-models/scenarios_solver_types_120/scenario_solver_31_trains_1_units17.json","Cost of next node: Cost = 1,692.4 : 1,718.60 | cr=24, dd=23, da=10, tlv=5, sm=62, rd=127.74, cd=0, um=0","Time elapsed: 9.77 seconds","/home/thomasverwaal/Robust-Rail-NL/mathematical-models/local_search_plans_discreet_120/plan_31_trains_1_units17.json"
"/home/thomasverwaal/Robust-Rail-NL/mathematical-models/scenarios_solver_types_120/scenario_solver_31_trains_1_units17.json","Cost of next node: Cost = 1,576.4 : 1,607.66 | cr=23, dd=21, da=9, tlv=6, sm=62, rd=121.94, cd=0, um=0","Time elapsed: 9.92 seconds","/home/thomasverwaal/Robust-Rail-NL/mathematical-models/local_search_plans_discreet_120/plan_31_trains_1_units17.json"
"/home/thomasverwaal/Robust-Rail-NL/mathematical-models/scenarios_solver_types_120/scenario_solver_31_trains_1_units17.json","Cost of next node: Cost = 1,525.0 : 1,556.24 | cr=23, dd=20, da=9, tlv=6, sm=62, rd=121.94, cd=0, um=0","Time elapsed: 10.05 seconds","/home/thomasverwaal/Robust-Rail-NL/mathematical-models/local_search_plans_discreet_120/plan_31_trains_1_units17.json"
"/home/thomasverwaal/Robust-Rail-NL/mathematical-models/scenarios_solver_types_120/scenario_solver_31_trains_1_units17.json","Cost of next node: Cost = 1,490.7 : 1,526.92 | cr=23, dd=19, da=9, tlv=7, sm=62, rd=120.00, cd=0, um=0","Time elapsed: 10.25 seconds","/home/thomasverwaal/Robust-Rail-NL/mathematical-models/local_search_plans_discreet_120/plan_31_trains_1_units17.json"
"/home/thomasverwaal/Robust-Rail-NL/mathematical-models/scenarios_solver_types_120/scenario_solver_31_trains_1_units17.json","Cost of next node: Cost = 1,440.3 : 1,476.57 | cr=23, dd=18, da=9, tlv=7, sm=62, rd=118.06, cd=0, um=0","Time elapsed: 10.43 seconds","/home/thomasverwaal/Robust-Rail-NL/mathematical-models/local_search_plans_discreet_120/plan_31_trains_1_units17.json"
"/home/thomasverwaal/Robust-Rail-NL/mathematical-models/scenarios_solver_types_120/scenario_solver_31_trains_1_units17.json","Cost of next node: Cost = 1,340.2 : 1,381.49 | cr=24, dd=16, da=8, tlv=8, sm=62, rd=114.19, cd=0, um=0","Time elapsed: 10.88 seconds","/home/thomasverwaal/Robust-Rail-NL/mathematical-models/local_search_plans_discreet_120/plan_31_trains_1_units17.json"
"/home/thomasverwaal/Robust-Rail-NL/mathematical-models/scenarios_solver_types_120/scenario_solver_31_trains_1_units17.json","Cost of next node: Cost = 1,289.3 : 1,330.53 | cr=24, dd=15, da=8, tlv=8, sm=62, rd=114.19, cd=0, um=0","Time elapsed: 11.00 seconds","/home/thomasverwaal/Robust-Rail-NL/mathematical-models/local_search_plans_discreet_120/plan_31_trains_1_units17.json"
"/home/thomasverwaal/Robust-Rail-NL/mathematical-models/scenarios_solver_types_120/scenario_solver_31_trains_1_units17.json","Cost of next node: Cost = 1,168.2 : 1,209.46 | cr=24, dd=13, da=7, tlv=8, sm=62, rd=112.26, cd=0, um=0","Time elapsed: 11.22 seconds","/home/thomasverwaal/Robust-Rail-NL/mathematical-models/local_search_plans_discreet_120/plan_31_trains_1_units17.json"
"/home/thomasverwaal/Robust-Rail-NL/mathematical-models/scenarios_solver_types_120/scenario_solver_31_trains_1_units17.json","Cost of next node: Cost = 1,009.5 : 1,055.71 | cr=20, dd=12, da=3, tlv=9, sm=62, rd=106.45, cd=0, um=0","Time elapsed: 11.52 seconds","/home/thomasverwaal/Robust-Rail-NL/mathematical-models/local_search_plans_discreet_120/plan_31_trains_1_units17.json"
"/home/thomasverwaal/Robust-Rail-NL/mathematical-models/scenarios_solver_types_120/scenario_solver_31_trains_1_units17.json","Cost of next node: Cost = 970.2 : 1,016.44 | cr=21, dd=11, da=3, tlv=9, sm=62, rd=106.45, cd=0, um=0","Time elapsed: 11.57 seconds","/home/thomasverwaal/Robust-Rail-NL/mathematical-models/local_search_plans_discreet_120/plan_31_trains_1_units17.json"
"/home/thomasverwaal/Robust-Rail-NL/mathematical-models/scenarios_solver_types_120/scenario_solver_31_trains_1_units17.json","Cost of next node: Cost = 919.7 : 965.94 | cr=21, dd=10, da=3, tlv=9, sm=62, rd=106.45, cd=0, um=0","Time elapsed: 11.69 seconds","/home/thomasverwaal/Robust-Rail-NL/mathematical-models/local_search_plans_discreet_120/plan_31_trains_1_units17.json"
"/home/thomasverwaal/Robust-Rail-NL/mathematical-models/scenarios_solver_types_120/scenario_solver_31_trains_1_units17.json","Cost of next node: Cost = 884.7 : 935.94 | cr=21, dd=9, da=3, tlv=10, sm=62, rd=100.65, cd=0, um=0","Time elapsed: 11.89 seconds","/home/thomasverwaal/Robust-Rail-NL/mathematical-models/local_search_plans_discreet_120/plan_31_trains_1_units17.json"
"/home/thomasverwaal/Robust-Rail-NL/mathematical-models/scenarios_solver_types_120/scenario_solver_31_trains_1_units17.json","Cost of next node: Cost = 798.3 : 854.57 | cr=18, dd=8, da=2, tlv=11, sm=62, rd=96.77, cd=0, um=0","Time elapsed: 12.27 seconds","/home/thomasverwaal/Robust-Rail-NL/mathematical-models/local_search_plans_discreet_120/plan_31_trains_1_units17.json"
"/home/thomasverwaal/Robust-Rail-NL/mathematical-models/scenarios_solver_types_120/scenario_solver_31_trains_1_units17.json","Cost of next node: Cost = 728.0 : 789.27 | cr=17, dd=7, da=1, tlv=12, sm=62, rd=90.97, cd=0, um=0","Time elapsed: 12.53 seconds","/home/thomasverwaal/Robust-Rail-NL/mathematical-models/local_search_plans_discreet_120/plan_31_trains_1_units17.json"
"/home/thomasverwaal/Robust-Rail-NL/mathematical-models/scenarios_solver_types_120/scenario_solver_31_trains_1_units17.json","Cost of next node: Cost = 631.5 : 697.74 | cr=18, dd=5, da=0, tlv=13, sm=62, rd=87.10, cd=0, um=0","Time elapsed: 12.79 seconds","/home/thomasverwaal/Robust-Rail-NL/mathematical-models/local_search_plans_discreet_120/plan_31_trains_1_units17.json"
"/home/thomasverwaal/Robust-Rail-NL/mathematical-models/scenarios_solver_types_120/scenario_solver_31_trains_1_units17.json","Cost of next node: Cost = 610.2 : 681.44 | cr=19, dd=4, da=0, tlv=14, sm=62, rd=84.19, cd=0, um=0","Time elapsed: 13.22 seconds","/home/thomasverwaal/Robust-Rail-NL/mathematical-models/local_search_plans_discreet_120/plan_31_trains_1_units17.json"
"/home/thomasverwaal/Robust-Rail-NL/mathematical-models/scenarios_solver_types_120/scenario_solver_31_trains_1_units17.json","Cost of next node: Cost = 370.0 : 441.24 | cr=16, dd=0, da=0, tlv=14, sm=62, rd=79.35, cd=0, um=0","Time elapsed: 13.31 seconds","/home/thomasverwaal/Robust-Rail-NL/mathematical-models/local_search_plans_discreet_120/plan_31_trains_1_units17.json"
"/home/thomasverwaal/Robust-Rail-NL/mathematical-models/scenarios_solver_types_120/scenario_solver_31_trains_1_units17.json","Cost of next node: Cost = 330.0 : 401.24 | cr=12, dd=0, da=0, tlv=14, sm=62, rd=79.35, cd=0, um=0","Time elapsed: 13.42 seconds","/home/thomasverwaal/Robust-Rail-NL/mathematical-models/local_search_plans_discreet_120/plan_31_trains_1_units17.json"
"/home/thomasverwaal/Robust-Rail-NL/mathematical-models/scenarios_solver_types_120/scenario_solver_31_trains_1_units17.json","Cost of next node: Cost = 315.0 : 381.24 | cr=12, dd=0, da=0, tlv=13, sm=62, rd=81.29, cd=0, um=0","Time elapsed: 16.34 seconds","/home/thomasverwaal/Robust-Rail-NL/mathematical-models/local_search_plans_discreet_120/plan_31_trains_1_units17.json"
"/home/thomasverwaal/Robust-Rail-NL/mathematical-models/scenarios_solver_types_120/scenario_solver_31_trains_1_units17.json","Cost of next node: Cost = 305.0 : 371.24 | cr=11, dd=0, da=0, tlv=13, sm=62, rd=81.29, cd=0, um=0","Time elapsed: 18.76 seconds","/home/thomasverwaal/Robust-Rail-NL/mathematical-models/local_search_plans_discreet_120/plan_31_trains_1_units17.json"
"/home/thomasverwaal/Robust-Rail-NL/mathematical-models/scenarios_solver_types_120/scenario_solver_31_trains_1_units17.json","Cost of next node: Cost = 295.0 : 361.24 | cr=10, dd=0, da=0, tlv=13, sm=62, rd=79.35, cd=0, um=0","Time elapsed: 21.28 seconds","/home/thomasverwaal/Robust-Rail-NL/mathematical-models/local_search_plans_discreet_120/plan_31_trains_1_units17.json"
"/home/thomasverwaal/Robust-Rail-NL/mathematical-models/scenarios_solver_types_120/scenario_solver_31_trains_1_units17.json","Cost of next node: Cost = 285.0 : 351.24 | cr=9, dd=0, da=0, tlv=13, sm=62, rd=77.42, cd=0, um=0","Time elapsed: 23.53 seconds","/home/thomasverwaal/Robust-Rail-NL/mathematical-models/local_search_plans_discreet_120/plan_31_trains_1_units17.json"
"/home/thomasverwaal/Robust-Rail-NL/mathematical-models/scenarios_solver_types_120/scenario_solver_31_trains_1_units17.json","Cost of next node: Cost = 275.0 : 341.24 | cr=8, dd=0, da=0, tlv=13, sm=62, rd=77.42, cd=0, um=0","Time elapsed: 25.75 seconds","/home/thomasverwaal/Robust-Rail-NL/mathematical-models/local_search_plans_discreet_120/plan_31_trains_1_units17.json"
"/home/thomasverwaal/Robust-Rail-NL/mathematical-models/scenarios_solver_types_120/scenario_solver_31_trains_1_units17.json","Cost of next node: Cost = 265.0 : 331.24 | cr=7, dd=0, da=0, tlv=13, sm=62, rd=77.42, cd=0, um=0","Time elapsed: 27.95 seconds","/home/thomasverwaal/Robust-Rail-NL/mathematical-models/local_search_plans_discreet_120/plan_31_trains_1_units17.json"
"/home/thomasverwaal/Robust-Rail-NL/mathematical-models/scenarios_solver_types_120/scenario_solver_31_trains_1_units17.json","Cost of next node: Cost = 255.0 : 321.24 | cr=6, dd=0, da=0, tlv=13, sm=62, rd=79.35, cd=0, um=0","Time elapsed: 30.02 seconds","/home/thomasverwaal/Robust-Rail-NL/mathematical-models/local_search_plans_discreet_120/plan_31_trains_1_units17.json"
"/home/thomasverwaal/Robust-Rail-NL/mathematical-models/scenarios_solver_types_120/scenario_solver_31_trains_1_units17.json","Cost of next node: Cost = 245.0 : 311.24 | cr=5, dd=0, da=0, tlv=13, sm=62, rd=79.35, cd=0, um=0","Time elapsed: 32.06 seconds","/home/thomasverwaal/Robust-Rail-NL/mathematical-models/local_search_plans_discreet_120/plan_31_trains_1_units17.json"
"/home/thomasverwaal/Robust-Rail-NL/mathematical-models/scenarios_solver_types_120/scenario_solver_31_trains_1_units17.json","Cost of next node: Cost = 235.0 : 301.24 | cr=4, dd=0, da=0, tlv=13, sm=62, rd=77.42, cd=0, um=0","Time elapsed: 33.83 seconds","/home/thomasverwaal/Robust-Rail-NL/mathematical-models/local_search_plans_discreet_120/plan_31_trains_1_units17.json"
"/home/thomasverwaal/Robust-Rail-NL/mathematical-models/scenarios_solver_types_120/scenario_solver_31_trains_1_units17.json","Cost of next node: Cost = 225.0 : 291.24 | cr=3, dd=0, da=0, tlv=13, sm=62, rd=77.42, cd=0, um=0","Time elapsed: 38.55 seconds","/home/thomasverwaal/Robust-Rail-NL/mathematical-models/local_search_plans_discreet_120/plan_31_trains_1_units17.json"
"/home/thomasverwaal/Robust-Rail-NL/mathematical-models/scenarios_solver_types_120/scenario_solver_31_trains_1_units17.json","Cost of next node: Cost = 215.0 : 281.24 | cr=2, dd=0, da=0, tlv=13, sm=62, rd=77.42, cd=0, um=0","Time elapsed: 42.61 seconds","/home/thomasverwaal/Robust-Rail-NL/mathematical-models/local_search_plans_discreet_120/plan_31_trains_1_units17.json"
"/home/thomasverwaal/Robust-Rail-NL/mathematical-models/scenarios_solver_types_120/scenario_solver_31_trains_1_units17.json","Cost of next node: Cost = 200.0 : 261.24 | cr=2, dd=0, da=0, tlv=12, sm=62, rd=81.29, cd=0, um=0","Time elapsed: 108.25 seconds","/home/thomasverwaal/Robust-Rail-NL/mathematical-models/local_search_plans_discreet_120/plan_31_trains_1_units17.json"
"/home/thomasverwaal/Robust-Rail-NL/mathematical-models/scenarios_solver_types_120/scenario_solver_31_trains_1_units17.json","NO_COST_FOUND","NO_TIME_FOUND","NO_PLAN_CREATED"
"/home/thomasverwaal/Robust-Rail-NL/mathematical-models/scenarios_solver_types_120/scenario_solver_31_trains_1_units18.json","Cost of next node: Cost = 2,594.4 : 2,595.69 | cr=35, dd=31, da=29, tlv=0, sm=62, rd=172.26, cd=0, um=0","Time elapsed: 4.46 seconds","/home/thomasverwaal/Robust-Rail-NL/mathematical-models/local_search_plans_discreet_120/plan_31_trains_1_units18.json"
"/home/thomasverwaal/Robust-Rail-NL/mathematical-models/scenarios_solver_types_120/scenario_solver_31_trains_1_units18.json","Cost of next node: Cost = 2,567.0 : 2,568.29 | cr=33, dd=31, da=29, tlv=0, sm=62, rd=170.32, cd=0, um=0","Time elapsed: 4.62 seconds","/home/thomasverwaal/Robust-Rail-NL/mathematical-models/local_search_plans_discreet_120/plan_31_trains_1_units18.json"
"/home/thomasverwaal/Robust-Rail-NL/mathematical-models/scenarios_solver_types_120/scenario_solver_31_trains_1_units18.json","Cost of next node: Cost = 2,546.6 : 2,547.82 | cr=31, dd=31, da=29, tlv=0, sm=62, rd=170.32, cd=0, um=0","Time elapsed: 4.86 seconds","/home/thomasverwaal/Robust-Rail-NL/mathematical-models/local_search_plans_discreet_120/plan_31_trains_1_units18.json"
"/home/thomasverwaal/Robust-Rail-NL/mathematical-models/scenarios_solver_types_120/scenario_solver_31_trains_1_units18.json","Cost of next node: Cost = 2,525.8 : 2,527.07 | cr=29, dd=31, da=29, tlv=0, sm=62, rd=170.32, cd=0, um=0","Time elapsed: 5.12 seconds","/home/thomasverwaal/Robust-Rail-NL/mathematical-models/local_search_plans_discreet_120/plan_31_trains_1_units18.json"
"/home/thomasverwaal/Robust-Rail-NL/mathematical-models/scenarios_solver_types_120/scenario_solver_31_trains_1_units18.json","Cost of next node: Cost = 2,500.8 : 2,507.03 | cr=30, dd=31, da=27, tlv=1, sm=62, rd=167.42, cd=0, um=0","Time elapsed: 5.37 seconds","/home/thomasverwaal/Robust-Rail-NL/mathematical-models/local_search_plans_discreet_120/plan_31_trains_1_units18.json"
"/home/thomasverwaal/Robust-Rail-NL/mathematical-models/scenarios_solver_types_120/scenario_solver_31_trains_1_units18.json","Cost of next node: Cost = 2,473.0 : 2,474.22 | cr=29, dd=31, da=27, tlv=0, sm=62, rd=165.48, cd=0, um=0","Time elapsed: 5.63 seconds","/home/thomasverwaal/Robust-Rail-NL/mathematical-models/local_search_plans_discreet_120/plan_31_trains_1_units18.json"
"/home/thomasverwaal/Robust-Rail-NL/mathematical-models/scenarios_solver_types_120/scenario_solver_31_trains_1_units18.json","Cost of next node: Cost = 2,394.9 : 2,396.10 | cr=30, dd=31, da=23, tlv=0, sm=62, rd=158.71, cd=0, um=0","Time elapsed: 5.84 seconds","/home/thomasverwaal/Robust-Rail-NL/mathematical-models/local_search_plans_discreet_120/plan_31_trains_1_units18.json"
"/home/thomasverwaal/Robust-Rail-NL/mathematical-models/scenarios_solver_types_120/scenario_solver_31_trains_1_units18.json","Cost of next node: Cost = 2,233.6 : 2,239.84 | cr=28, dd=31, da=15, tlv=1, sm=62, rd=154.84, cd=0, um=0","Time elapsed: 6.05 seconds","/home/thomasverwaal/Robust-Rail-NL/mathematical-models/local_search_plans_discreet_120/plan_31_trains_1_units18.json"
"/home/thomasverwaal/Robust-Rail-NL/mathematical-models/scenarios_solver_types_120/scenario_solver_31_trains_1_units18.json","Cost of next node: Cost = 2,213.3 : 2,219.55 | cr=26, dd=31, da=15, tlv=1, sm=62, rd=154.84, cd=0, um=0","Time elapsed: 6.10 seconds","/home/thomasverwaal/Robust-Rail-NL/mathematical-models/local_search_plans_discreet_120/plan_31_trains_1_units18.json"
"/home/thomasverwaal/Robust-Rail-NL/mathematical-models/scenarios_solver_types_120/scenario_solver_31_trains_1_units18.json","Cost of next node: Cost = 2,185.7 : 2,196.89 | cr=28, dd=31, da=12, tlv=2, sm=62, rd=148.06, cd=0, um=0","Time elapsed: 6.38 seconds","/home/thomasverwaal/Robust-Rail-NL/mathematical-models/local_search_plans_discreet_120/plan_31_trains_1_units18.json"
"/home/thomasverwaal/Robust-Rail-NL/mathematical-models/scenarios_solver_types_120/scenario_solver_31_trains_1_units18.json","Cost of next node: Cost = 2,159.1 : 2,175.34 | cr=27, dd=31, da=11, tlv=3, sm=62, rd=141.29, cd=0, um=0","Time elapsed: 6.96 seconds","/home/thomasverwaal/Robust-Rail-NL/mathematical-models/local_search_plans_discreet_120/plan_31_trains_1_units18.json"
"/home/thomasverwaal/Robust-Rail-NL/mathematical-models/scenarios_solver_types_120/scenario_solver_31_trains_1_units18.json","Cost of next node: Cost = 2,135.7 : 2,151.98 | cr=22, dd=31, da=12, tlv=3, sm=62, rd=150.00, cd=0, um=0","Time elapsed: 7.31 seconds","/home/thomasverwaal/Robust-Rail-NL/mathematical-models/local_search_plans_discreet_120/plan_31_trains_1_units18.json"
"/home/thomasverwaal/Robust-Rail-NL/mathematical-models/scenarios_solver_types_120/scenario_solver_31_trains_1_units18.json","Cost of next node: Cost = 2,115.3 : 2,131.53 | cr=22, dd=31, da=11, tlv=3, sm=62, rd=146.13, cd=0, um=0","Time elapsed: 7.95 seconds","/home/thomasverwaal/Robust-Rail-NL/mathematical-models/local_search_plans_discreet_120/plan_31_trains_1_units18.json"
"/home/thomasverwaal/Robust-Rail-NL/mathematical-models/scenarios_solver_types_120/scenario_solver_31_trains_1_units18.json","Cost of next node: Cost = 2,090.3 : 2,111.53 | cr=18, dd=31, da=11, tlv=4, sm=62, rd=146.13, cd=0, um=0","Time elapsed: 8.64 seconds","/home/thomasverwaal/Robust-Rail-NL/mathematical-models/local_search_plans_discreet_120/plan_31_trains_1_units18.json"
"/home/thomasverwaal/Robust-Rail-NL/mathematical-models/scenarios_solver_types_120/scenario_solver_31_trains_1_units18.json","Cost of next node: Cost = 2,066.6 : 2,092.87 | cr=16, dd=31, da=11, tlv=5, sm=62, rd=136.45, cd=0, um=0","Time elapsed: 9.63 seconds","/home/thomasverwaal/Robust-Rail-NL/mathematical-models/local_search_plans_discreet_120/plan_31_trains_1_units18.json"
"/home/thomasverwaal/Robust-Rail-NL/mathematical-models/scenarios_solver_types_120/scenario_solver_31_trains_1_units18.json","Cost of next node: Cost = 2,044.6 : 2,070.87 | cr=15, dd=31, da=11, tlv=5, sm=62, rd=128.71, cd=0, um=0","Time elapsed: 10.55 seconds","/home/thomasverwaal/Robust-Rail-NL/mathematical-models/local_search_plans_discreet_120/plan_31_trains_1_units18.json"
"/home/thomasverwaal/Robust-Rail-NL/mathematical-models/scenarios_solver_types_120/scenario_solver_31_trains_1_units18.json","Cost of next node: Cost = 1,989.8 : 2,016.04 | cr=22, dd=29, da=11, tlv=5, sm=62, rd=120.97, cd=0, um=0","Time elapsed: 10.73 seconds","/home/thomasverwaal/Robust-Rail-NL/mathematical-models/local_search_plans_discreet_120/plan_31_trains_1_units18.json"
"/home/thomasverwaal/Robust-Rail-NL/mathematical-models/scenarios_solver_types_120/scenario_solver_31_trains_1_units18.json","Cost of next node: Cost = 1,937.9 : 1,964.10 | cr=22, dd=28, da=11, tlv=5, sm=62, rd=120.97, cd=0, um=0","Time elapsed: 10.80 seconds","/home/thomasverwaal/Robust-Rail-NL/mathematical-models/local_search_plans_discreet_120/plan_31_trains_1_units18.json"
"/home/thomasverwaal/Robust-Rail-NL/mathematical-models/scenarios_solver_types_120/scenario_solver_31_trains_1_units18.json","Cost of next node: Cost = 1,897.9 : 1,924.17 | cr=23, dd=27, da=11, tlv=5, sm=62, rd=120.97, cd=0, um=0","Time elapsed: 10.87 seconds","/home/thomasverwaal/Robust-Rail-NL/mathematical-models/local_search_plans_discreet_120/plan_31_trains_1_units18.json"
"/home/thomasverwaal/Robust-Rail-NL/mathematical-models/scenarios_solver_types_120/scenario_solver_31_trains_1_units18.json","Cost of next node: Cost = 1,847.3 : 1,873.57 | cr=23, dd=26, da=11, tlv=5, sm=62, rd=120.97, cd=0, um=0","Time elapsed: 11.02 seconds","/home/thomasverwaal/Robust-Rail-NL/mathematical-models/local_search_plans_discreet_120/plan_31_trains_1_units18.json"
"/home/thomasverwaal/Robust-Rail-NL/mathematical-models/scenarios_solver_types_120/scenario_solver_31_trains_1_units18.json","Cost of next node: Cost = 1,748.2 : 1,774.40 | cr=23, dd=24, da=11, tlv=5, sm=62, rd=120.97, cd=0, um=0","Time elapsed: 11.12 seconds","/home/thomasverwaal/Robust-Rail-NL/mathematical-models/local_search_plans_discreet_120/plan_31_trains_1_units18.json"
"/home/thomasverwaal/Robust-Rail-NL/mathematical-models/scenarios_solver_types_120/scenario_solver_31_trains_1_units18.json","Cost of next node: Cost = 1,698.6 : 1,724.87 | cr=23, dd=23, da=11, tlv=5, sm=62, rd=120.97, cd=0, um=0","Time elapsed: 11.21 seconds","/home/thomasverwaal/Robust-Rail-NL/mathematical-models/local_search_plans_discreet_120/plan_31_trains_1_units18.json"
"/home/thomasverwaal/Robust-Rail-NL/mathematical-models/scenarios_solver_types_120/scenario_solver_31_trains_1_units18.json","Cost of next node: Cost = 1,658.7 : 1,684.98 | cr=24, dd=22, da=11, tlv=5, sm=62, rd=120.97, cd=0, um=0","Time elapsed: 11.28 seconds","/home/thomasverwaal/Robust-Rail-NL/mathematical-models/local_search_plans_discreet_120/plan_31_trains_1_units18.json"
"/home/thomasverwaal/Robust-Rail-NL/mathematical-models/scenarios_solver_types_120/scenario_solver_31_trains_1_units18.json","Cost of next node: Cost = 1,618.5 : 1,644.70 | cr=25, dd=21, da=11, tlv=5, sm=62, rd=120.97, cd=0, um=0","Time elapsed: 11.36 seconds","/home/thomasverwaal/Robust-Rail-NL/mathematical-models/local_search_plans_discreet_120/plan_31_trains_1_units18.json"
"/home/thomasverwaal/Robust-Rail-NL/mathematical-models/scenarios_solver_types_120/scenario_solver_31_trains_1_units18.json","Cost of next node: Cost = 1,564.7 : 1,595.90 | cr=25, dd=20, da=10, tlv=6, sm=62, rd=119.03, cd=0, um=0","Time elapsed: 11.55 seconds","/home/thomasverwaal/Robust-Rail-NL/mathematical-models/local_search_plans_discreet_120/plan_31_trains_1_units18.json"
"/home/thomasverwaal/Robust-Rail-NL/mathematical-models/scenarios_solver_types_120/scenario_solver_31_trains_1_units18.json","Cost of next node: Cost = 1,494.4 : 1,525.60 | cr=23, dd=19, da=10, tlv=6, sm=62, rd=119.03, cd=0, um=0","Time elapsed: 11.61 seconds","/home/thomasverwaal/Robust-Rail-NL/mathematical-models/local_search_plans_discreet_120/plan_31_trains_1_units18.json"
"/home/thomasverwaal/Robust-Rail-NL/mathematical-models/scenarios_solver_types_120/scenario_solver_31_trains_1_units18.json","Cost of next node: Cost = 1,473.8 : 1,505.00 | cr=21, dd=19, da=10, tlv=6, sm=62, rd=117.10, cd=0, um=0","Time elapsed: 11.77 seconds","/home/thomasverwaal/Robust-Rail-NL/mathematical-models/local_search_plans_discreet_120/plan_31_trains_1_units18.json"
"/home/thomasverwaal/Robust-Rail-NL/mathematical-models/scenarios_solver_types_120/scenario_solver_31_trains_1_units18.json","Cost of next node: Cost = 1,385.3 : 1,421.59 | cr=21, dd=17, da=10, tlv=7, sm=62, rd=113.23, cd=0, um=0","Time elapsed: 12.02 seconds","/home/thomasverwaal/Robust-Rail-NL/mathematical-models/local_search_plans_discreet_120/plan_31_trains_1_units18.json"
"/home/thomasverwaal/Robust-Rail-NL/mathematical-models/scenarios_solver_types_120/scenario_solver_31_trains_1_units18.json","Cost of next node: Cost = 1,281.9 : 1,323.19 | cr=21, dd=15, da=9, tlv=8, sm=62, rd=106.45, cd=0, um=0","Time elapsed: 12.18 seconds","/home/thomasverwaal/Robust-Rail-NL/mathematical-models/local_search_plans_discreet_120/plan_31_trains_1_units18.json"
"/home/thomasverwaal/Robust-Rail-NL/mathematical-models/scenarios_solver_types_120/scenario_solver_31_trains_1_units18.json","Cost of next node: Cost = 1,191.2 : 1,237.42 | cr=20, dd=14, da=7, tlv=9, sm=62, rd=100.65, cd=0, um=0","Time elapsed: 12.53 seconds","/home/thomasverwaal/Robust-Rail-NL/mathematical-models/local_search_plans_discreet_120/plan_31_trains_1_units18.json"
"/home/thomasverwaal/Robust-Rail-NL/mathematical-models/scenarios_solver_types_120/scenario_solver_31_trains_1_units18.json","Cost of next node: Cost = 1,160.5 : 1,206.79 | cr=22, dd=13, da=7, tlv=9, sm=62, rd=100.65, cd=0, um=0","Time elapsed: 12.63 seconds","/home/thomasverwaal/Robust-Rail-NL/mathematical-models/local_search_plans_discreet_120/plan_31_trains_1_units18.json"
"/home/thomasverwaal/Robust-Rail-NL/mathematical-models/scenarios_solver_types_120/scenario_solver_31_trains_1_units18.json","Cost of next node: Cost = 1,110.7 : 1,156.99 | cr=22, dd=12, da=7, tlv=9, sm=62, rd=100.65, cd=0, um=0","Time elapsed: 12.78 seconds","/home/thomasverwaal/Robust-Rail-NL/mathematical-models/local_search_plans_discreet_120/plan_31_trains_1_units18.json"
"/home/thomasverwaal/Robust-Rail-NL/mathematical-models/scenarios_solver_types_120/scenario_solver_31_trains_1_units18.json","Cost of next node: Cost = 1,076.3 : 1,122.52 | cr=24, dd=11, da=7, tlv=9, sm=62, rd=100.65, cd=0, um=0","Time elapsed: 12.95 seconds","/home/thomasverwaal/Robust-Rail-NL/mathematical-models/local_search_plans_discreet_120/plan_31_trains_1_units18.json"
"/home/thomasverwaal/Robust-Rail-NL/mathematical-models/scenarios_solver_types_120/scenario_solver_31_trains_1_units18.json","Cost of next node: Cost = 1,015.5 : 1,061.79 | cr=23, dd=10, da=7, tlv=9, sm=62, rd=100.65, cd=0, um=0","Time elapsed: 13.07 seconds","/home/thomasverwaal/Robust-Rail-NL/mathematical-models/local_search_plans_discreet_120/plan_31_trains_1_units18.json"
"/home/thomasverwaal/Robust-Rail-NL/mathematical-models/scenarios_solver_types_120/scenario_solver_31_trains_1_units18.json","Cost of next node: Cost = 965.6 : 1,011.82 | cr=23, dd=9, da=7, tlv=9, sm=62, rd=100.65, cd=0, um=0","Time elapsed: 13.12 seconds","/home/thomasverwaal/Robust-Rail-NL/mathematical-models/local_search_plans_discreet_120/plan_31_trains_1_units18.json"
"/home/thomasverwaal/Robust-Rail-NL/mathematical-models/scenarios_solver_types_120/scenario_solver_31_trains_1_units18.json","Cost of next node: Cost = 891.3 : 942.54 | cr=21, dd=8, da=6, tlv=10, sm=62, rd=96.77, cd=0, um=0","Time elapsed: 13.37 seconds","/home/thomasverwaal/Robust-Rail-NL/mathematical-models/local_search_plans_discreet_120/plan_31_trains_1_units18.json"
"/home/thomasverwaal/Robust-Rail-NL/mathematical-models/scenarios_solver_types_120/scenario_solver_31_trains_1_units18.json","Cost of next node: Cost = 727.4 : 778.66 | cr=21, dd=6, da=3, tlv=10, sm=62, rd=92.90, cd=0, um=0","Time elapsed: 13.70 seconds","/home/thomasverwaal/Robust-Rail-NL/mathematical-models/local_search_plans_discreet_120/plan_31_trains_1_units18.json"
"/home/thomasverwaal/Robust-Rail-NL/mathematical-models/scenarios_solver_types_120/scenario_solver_31_trains_1_units18.json","Cost of next node: Cost = 663.0 : 719.24 | cr=20, dd=5, da=2, tlv=11, sm=62, rd=89.03, cd=0, um=0","Time elapsed: 13.92 seconds","/home/thomasverwaal/Robust-Rail-NL/mathematical-models/local_search_plans_discreet_120/plan_31_trains_1_units18.json"
"/home/thomasverwaal/Robust-Rail-NL/mathematical-models/scenarios_solver_types_120/scenario_solver_31_trains_1_units18.json","Cost of next node: Cost = 492.9 : 554.14 | cr=19, dd=2, da=1, tlv=12, sm=62, rd=83.23, cd=0, um=0","Time elapsed: 14.20 seconds","/home/thomasverwaal/Robust-Rail-NL/mathematical-models/local_search_plans_discreet_120/plan_31_trains_1_units18.json"
"/home/thomasverwaal/Robust-Rail-NL/mathematical-models/scenarios_solver_types_120/scenario_solver_31_trains_1_units18.json","Cost of next node: Cost = 442.4 : 503.64 | cr=19, dd=1, da=1, tlv=12, sm=62, rd=83.23, cd=0, um=0","Time elapsed: 14.42 seconds","/home/thomasverwaal/Robust-Rail-NL/mathematical-models/local_search_plans_discreet_120/plan_31_trains_1_units18.json"
"/home/thomasverwaal/Robust-Rail-NL/mathematical-models/scenarios_solver_types_120/scenario_solver_31_trains_1_units18.json","Cost of next node: Cost = 375.0 : 441.24 | cr=18, dd=0, da=0, tlv=13, sm=62, rd=79.35, cd=0, um=0","Time elapsed: 14.71 seconds","/home/thomasverwaal/Robust-Rail-NL/mathematical-models/local_search_plans_discreet_120/plan_31_trains_1_units18.json"
"/home/thomasverwaal/Robust-Rail-NL/mathematical-models/scenarios_solver_types_120/scenario_solver_31_trains_1_units18.json","Cost of next node: Cost = 355.0 : 421.24 | cr=16, dd=0, da=0, tlv=13, sm=62, rd=79.35, cd=0, um=0","Time elapsed: 17.93 seconds","/home/thomasverwaal/Robust-Rail-NL/mathematical-models/local_search_plans_discreet_120/plan_31_trains_1_units18.json"
"/home/thomasverwaal/Robust-Rail-NL/mathematical-models/scenarios_solver_types_120/scenario_solver_31_trains_1_units18.json","Cost of next node: Cost = 335.0 : 401.24 | cr=14, dd=0, da=0, tlv=13, sm=62, rd=79.35, cd=0, um=0","Time elapsed: 20.26 seconds","/home/thomasverwaal/Robust-Rail-NL/mathematical-models/local_search_plans_discreet_120/plan_31_trains_1_units18.json"
"/home/thomasverwaal/Robust-Rail-NL/mathematical-models/scenarios_solver_types_120/scenario_solver_31_trains_1_units18.json","Cost of next node: Cost = 325.0 : 391.24 | cr=13, dd=0, da=0, tlv=13, sm=62, rd=79.35, cd=0, um=0","Time elapsed: 22.30 seconds","/home/thomasverwaal/Robust-Rail-NL/mathematical-models/local_search_plans_discreet_120/plan_31_trains_1_units18.json"
"/home/thomasverwaal/Robust-Rail-NL/mathematical-models/scenarios_solver_types_120/scenario_solver_31_trains_1_units18.json","Cost of next node: Cost = 305.0 : 371.24 | cr=11, dd=0, da=0, tlv=13, sm=62, rd=77.42, cd=0, um=0","Time elapsed: 24.53 seconds","/home/thomasverwaal/Robust-Rail-NL/mathematical-models/local_search_plans_discreet_120/plan_31_trains_1_units18.json"
"/home/thomasverwaal/Robust-Rail-NL/mathematical-models/scenarios_solver_types_120/scenario_solver_31_trains_1_units18.json","Cost of next node: Cost = 295.0 : 361.24 | cr=10, dd=0, da=0, tlv=13, sm=62, rd=77.42, cd=0, um=0","Time elapsed: 26.51 seconds","/home/thomasverwaal/Robust-Rail-NL/mathematical-models/local_search_plans_discreet_120/plan_31_trains_1_units18.json"
"/home/thomasverwaal/Robust-Rail-NL/mathematical-models/scenarios_solver_types_120/scenario_solver_31_trains_1_units18.json","Cost of next node: Cost = 285.0 : 351.24 | cr=9, dd=0, da=0, tlv=13, sm=62, rd=79.35, cd=0, um=0","Time elapsed: 28.14 seconds","/home/thomasverwaal/Robust-Rail-NL/mathematical-models/local_search_plans_discreet_120/plan_31_trains_1_units18.json"
"/home/thomasverwaal/Robust-Rail-NL/mathematical-models/scenarios_solver_types_120/scenario_solver_31_trains_1_units18.json","Cost of next node: Cost = 275.0 : 341.24 | cr=8, dd=0, da=0, tlv=13, sm=62, rd=81.29, cd=0, um=0","Time elapsed: 29.95 seconds","/home/thomasverwaal/Robust-Rail-NL/mathematical-models/local_search_plans_discreet_120/plan_31_trains_1_units18.json"
"/home/thomasverwaal/Robust-Rail-NL/mathematical-models/scenarios_solver_types_120/scenario_solver_31_trains_1_units18.json","Cost of next node: Cost = 265.0 : 331.24 | cr=7, dd=0, da=0, tlv=13, sm=62, rd=81.29, cd=0, um=0","Time elapsed: 31.32 seconds","/home/thomasverwaal/Robust-Rail-NL/mathematical-models/local_search_plans_discreet_120/plan_31_trains_1_units18.json"
"/home/thomasverwaal/Robust-Rail-NL/mathematical-models/scenarios_solver_types_120/scenario_solver_31_trains_1_units18.json","Cost of next node: Cost = 255.0 : 321.24 | cr=6, dd=0, da=0, tlv=13, sm=62, rd=83.23, cd=0, um=0","Time elapsed: 32.65 seconds","/home/thomasverwaal/Robust-Rail-NL/mathematical-models/local_search_plans_discreet_120/plan_31_trains_1_units18.json"
"/home/thomasverwaal/Robust-Rail-NL/mathematical-models/scenarios_solver_types_120/scenario_solver_31_trains_1_units18.json","Cost of next node: Cost = 245.0 : 311.24 | cr=5, dd=0, da=0, tlv=13, sm=62, rd=81.29, cd=0, um=0","Time elapsed: 41.55 seconds","/home/thomasverwaal/Robust-Rail-NL/mathematical-models/local_search_plans_discreet_120/plan_31_trains_1_units18.json"
"/home/thomasverwaal/Robust-Rail-NL/mathematical-models/scenarios_solver_types_120/scenario_solver_31_trains_1_units18.json","Cost of next node: Cost = 225.0 : 291.24 | cr=3, dd=0, da=0, tlv=13, sm=62, rd=81.29, cd=0, um=0","Time elapsed: 42.76 seconds","/home/thomasverwaal/Robust-Rail-NL/mathematical-models/local_search_plans_discreet_120/plan_31_trains_1_units18.json"
"/home/thomasverwaal/Robust-Rail-NL/mathematical-models/scenarios_solver_types_120/scenario_solver_31_trains_1_units18.json","Cost of next node: Cost = 220.0 : 281.24 | cr=4, dd=0, da=0, tlv=12, sm=62, rd=85.16, cd=0, um=0","Time elapsed: 52.28 seconds","/home/thomasverwaal/Robust-Rail-NL/mathematical-models/local_search_plans_discreet_120/plan_31_trains_1_units18.json"
"/home/thomasverwaal/Robust-Rail-NL/mathematical-models/scenarios_solver_types_120/scenario_solver_31_trains_1_units18.json","Cost of next node: Cost = 210.0 : 271.24 | cr=3, dd=0, da=0, tlv=12, sm=62, rd=85.16, cd=0, um=0","Time elapsed: 53.31 seconds","/home/thomasverwaal/Robust-Rail-NL/mathematical-models/local_search_plans_discreet_120/plan_31_trains_1_units18.json"
"/home/thomasverwaal/Robust-Rail-NL/mathematical-models/scenarios_solver_types_120/scenario_solver_31_trains_1_units18.json","Cost of next node: Cost = 200.0 : 261.24 | cr=2, dd=0, da=0, tlv=12, sm=62, rd=85.16, cd=0, um=0","Time elapsed: 64.32 seconds","/home/thomasverwaal/Robust-Rail-NL/mathematical-models/local_search_plans_discreet_120/plan_31_trains_1_units18.json"
"/home/thomasverwaal/Robust-Rail-NL/mathematical-models/scenarios_solver_types_120/scenario_solver_31_trains_1_units18.json","Cost of next node: Cost = 195.0 : 251.26 | cr=3, dd=0, da=0, tlv=11, sm=63, rd=90.48, cd=0, um=0","Time elapsed: 85.03 seconds","/home/thomasverwaal/Robust-Rail-NL/mathematical-models/local_search_plans_discreet_120/plan_31_trains_1_units18.json"
"/home/thomasverwaal/Robust-Rail-NL/mathematical-models/scenarios_solver_types_120/scenario_solver_31_trains_1_units18.json","Cost of next node: Cost = 190.0 : 251.26 | cr=1, dd=0, da=0, tlv=12, sm=63, rd=88.57, cd=0, um=0","Time elapsed: 86.09 seconds","/home/thomasverwaal/Robust-Rail-NL/mathematical-models/local_search_plans_discreet_120/plan_31_trains_1_units18.json"
"/home/thomasverwaal/Robust-Rail-NL/mathematical-models/scenarios_solver_types_120/scenario_solver_31_trains_1_units18.json","Cost of next node: Cost = 185.0 : 241.26 | cr=2, dd=0, da=0, tlv=11, sm=63, rd=88.57, cd=0, um=0","Time elapsed: 87.02 seconds","/home/thomasverwaal/Robust-Rail-NL/mathematical-models/local_search_plans_discreet_120/plan_31_trains_1_units18.json"
"/home/thomasverwaal/Robust-Rail-NL/mathematical-models/scenarios_solver_types_120/scenario_solver_31_trains_1_units18.json","Cost of next node: Cost = 175.0 : 231.26 | cr=1, dd=0, da=0, tlv=11, sm=63, rd=88.57, cd=0, um=0","Time elapsed: 87.85 seconds","/home/thomasverwaal/Robust-Rail-NL/mathematical-models/local_search_plans_discreet_120/plan_31_trains_1_units18.json"
"/home/thomasverwaal/Robust-Rail-NL/mathematical-models/scenarios_solver_types_120/scenario_solver_31_trains_1_units18.json","NO_COST_FOUND","NO_TIME_FOUND","NO_PLAN_CREATED"
