scenario,cost_line,time_line,plan_file
"/home/thomasverwaal/Robust-Rail-NL/mathematical-models/scenarios_solver_types_120/scenario_solver_32_trains_11_units5.json","Cost of next node: Cost = 2,888.3 : 2,889.58 | cr=54, dd=32, da=30, tlv=0, sm=64, rd=180.94, cd=0, um=0","Time elapsed: 4.65 seconds","/home/thomasverwaal/Robust-Rail-NL/mathematical-models/local_search_plans_discreet_120/plan_32_trains_11_units5.json"
"/home/thomasverwaal/Robust-Rail-NL/mathematical-models/scenarios_solver_types_120/scenario_solver_32_trains_11_units5.json","Cost of next node: Cost = 2,863.1 : 2,869.37 | cr=54, dd=32, da=29, tlv=1, sm=64, rd=178.12, cd=0, um=0","Time elapsed: 4.77 seconds","/home/thomasverwaal/Robust-Rail-NL/mathematical-models/local_search_plans_discreet_120/plan_32_trains_11_units5.json"
"/home/thomasverwaal/Robust-Rail-NL/mathematical-models/scenarios_solver_types_120/scenario_solver_32_trains_11_units5.json","Cost of next node: Cost = 2,841.3 : 2,847.55 | cr=52, dd=32, da=29, tlv=1, sm=64, rd=178.12, cd=0, um=0","Time elapsed: 4.84 seconds","/home/thomasverwaal/Robust-Rail-NL/mathematical-models/local_search_plans_discreet_120/plan_32_trains_11_units5.json"
"/home/thomasverwaal/Robust-Rail-NL/mathematical-models/scenarios_solver_types_120/scenario_solver_32_trains_11_units5.json","Cost of next node: Cost = 2,658.2 : 2,664.50 | cr=51, dd=32, da=21, tlv=1, sm=64, rd=171.56, cd=0, um=0","Time elapsed: 5.03 seconds","/home/thomasverwaal/Robust-Rail-NL/mathematical-models/local_search_plans_discreet_120/plan_32_trains_11_units5.json"
"/home/thomasverwaal/Robust-Rail-NL/mathematical-models/scenarios_solver_types_120/scenario_solver_32_trains_11_units5.json","Cost of next node: Cost = 2,539.8 : 2,551.07 | cr=47, dd=32, da=16, tlv=2, sm=64, rd=168.75, cd=0, um=0","Time elapsed: 5.14 seconds","/home/thomasverwaal/Robust-Rail-NL/mathematical-models/local_search_plans_discreet_120/plan_32_trains_11_units5.json"
"/home/thomasverwaal/Robust-Rail-NL/mathematical-models/scenarios_solver_types_120/scenario_solver_32_trains_11_units5.json","Cost of next node: Cost = 2,509.2 : 2,525.46 | cr=45, dd=32, da=15, tlv=3, sm=64, rd=164.06, cd=0, um=0","Time elapsed: 5.35 seconds","/home/thomasverwaal/Robust-Rail-NL/mathematical-models/local_search_plans_discreet_120/plan_32_trains_11_units5.json"
"/home/thomasverwaal/Robust-Rail-NL/mathematical-models/scenarios_solver_types_120/scenario_solver_32_trains_11_units5.json","Cost of next node: Cost = 2,464.4 : 2,485.71 | cr=45, dd=32, da=12, tlv=4, sm=64, rd=160.31, cd=0, um=0","Time elapsed: 5.47 seconds","/home/thomasverwaal/Robust-Rail-NL/mathematical-models/local_search_plans_discreet_120/plan_32_trains_11_units5.json"
"/home/thomasverwaal/Robust-Rail-NL/mathematical-models/scenarios_solver_types_120/scenario_solver_32_trains_11_units5.json","Cost of next node: Cost = 2,442.2 : 2,463.44 | cr=43, dd=32, da=12, tlv=4, sm=64, rd=158.44, cd=0, um=0","Time elapsed: 5.69 seconds","/home/thomasverwaal/Robust-Rail-NL/mathematical-models/local_search_plans_discreet_120/plan_32_trains_11_units5.json"
"/home/thomasverwaal/Robust-Rail-NL/mathematical-models/scenarios_solver_types_120/scenario_solver_32_trains_11_units5.json","Cost of next node: Cost = 2,409.4 : 2,430.69 | cr=41, dd=32, da=12, tlv=4, sm=64, rd=154.69, cd=0, um=0","Time elapsed: 5.93 seconds","/home/thomasverwaal/Robust-Rail-NL/mathematical-models/local_search_plans_discreet_120/plan_32_trains_11_units5.json"
"/home/thomasverwaal/Robust-Rail-NL/mathematical-models/scenarios_solver_types_120/scenario_solver_32_trains_11_units5.json","Cost of next node: Cost = 2,383.5 : 2,409.78 | cr=37, dd=32, da=12, tlv=5, sm=64, rd=155.62, cd=0, um=0","Time elapsed: 6.13 seconds","/home/thomasverwaal/Robust-Rail-NL/mathematical-models/local_search_plans_discreet_120/plan_32_trains_11_units5.json"
"/home/thomasverwaal/Robust-Rail-NL/mathematical-models/scenarios_solver_types_120/scenario_solver_32_trains_11_units5.json","Cost of next node: Cost = 2,363.5 : 2,389.78 | cr=35, dd=32, da=12, tlv=5, sm=64, rd=155.62, cd=0, um=0","Time elapsed: 6.23 seconds","/home/thomasverwaal/Robust-Rail-NL/mathematical-models/local_search_plans_discreet_120/plan_32_trains_11_units5.json"
"/home/thomasverwaal/Robust-Rail-NL/mathematical-models/scenarios_solver_types_120/scenario_solver_32_trains_11_units5.json","Cost of next node: Cost = 2,340.9 : 2,372.16 | cr=29, dd=32, da=13, tlv=6, sm=64, rd=158.44, cd=0, um=0","Time elapsed: 6.49 seconds","/home/thomasverwaal/Robust-Rail-NL/mathematical-models/local_search_plans_discreet_120/plan_32_trains_11_units5.json"
"/home/thomasverwaal/Robust-Rail-NL/mathematical-models/scenarios_solver_types_120/scenario_solver_32_trains_11_units5.json","Cost of next node: Cost = 2,319.5 : 2,350.78 | cr=29, dd=32, da=12, tlv=6, sm=64, rd=155.62, cd=0, um=0","Time elapsed: 6.83 seconds","/home/thomasverwaal/Robust-Rail-NL/mathematical-models/local_search_plans_discreet_120/plan_32_trains_11_units5.json"
"/home/thomasverwaal/Robust-Rail-NL/mathematical-models/scenarios_solver_types_120/scenario_solver_32_trains_11_units5.json","Cost of next node: Cost = 2,295.1 : 2,326.41 | cr=29, dd=32, da=12, tlv=6, sm=64, rd=150.00, cd=0, um=0","Time elapsed: 7.18 seconds","/home/thomasverwaal/Robust-Rail-NL/mathematical-models/local_search_plans_discreet_120/plan_32_trains_11_units5.json"
"/home/thomasverwaal/Robust-Rail-NL/mathematical-models/scenarios_solver_types_120/scenario_solver_32_trains_11_units5.json","Cost of next node: Cost = 2,273.8 : 2,305.10 | cr=29, dd=32, da=11, tlv=6, sm=64, rd=148.12, cd=0, um=0","Time elapsed: 7.50 seconds","/home/thomasverwaal/Robust-Rail-NL/mathematical-models/local_search_plans_discreet_120/plan_32_trains_11_units5.json"
"/home/thomasverwaal/Robust-Rail-NL/mathematical-models/scenarios_solver_types_120/scenario_solver_32_trains_11_units5.json","Cost of next node: Cost = 2,243.8 : 2,280.05 | cr=22, dd=32, da=11, tlv=7, sm=64, rd=153.75, cd=0, um=0","Time elapsed: 7.84 seconds","/home/thomasverwaal/Robust-Rail-NL/mathematical-models/local_search_plans_discreet_120/plan_32_trains_11_units5.json"
"/home/thomasverwaal/Robust-Rail-NL/mathematical-models/scenarios_solver_types_120/scenario_solver_32_trains_11_units5.json","Cost of next node: Cost = 2,221.0 : 2,262.28 | cr=21, dd=32, da=10, tlv=8, sm=64, rd=150.00, cd=0, um=0","Time elapsed: 8.28 seconds","/home/thomasverwaal/Robust-Rail-NL/mathematical-models/local_search_plans_discreet_120/plan_32_trains_11_units5.json"
"/home/thomasverwaal/Robust-Rail-NL/mathematical-models/scenarios_solver_types_120/scenario_solver_32_trains_11_units5.json","Cost of next node: Cost = 2,200.6 : 2,241.92 | cr=19, dd=32, da=10, tlv=8, sm=64, rd=150.00, cd=0, um=0","Time elapsed: 8.35 seconds","/home/thomasverwaal/Robust-Rail-NL/mathematical-models/local_search_plans_discreet_120/plan_32_trains_11_units5.json"
"/home/thomasverwaal/Robust-Rail-NL/mathematical-models/scenarios_solver_types_120/scenario_solver_32_trains_11_units5.json","Cost of next node: Cost = 2,169.1 : 2,210.35 | cr=20, dd=32, da=9, tlv=8, sm=64, rd=142.50, cd=0, um=0","Time elapsed: 8.86 seconds","/home/thomasverwaal/Robust-Rail-NL/mathematical-models/local_search_plans_discreet_120/plan_32_trains_11_units5.json"
"/home/thomasverwaal/Robust-Rail-NL/mathematical-models/scenarios_solver_types_120/scenario_solver_32_trains_11_units5.json","Cost of next node: Cost = 2,147.3 : 2,193.54 | cr=20, dd=32, da=8, tlv=9, sm=64, rd=135.00, cd=0, um=0","Time elapsed: 9.33 seconds","/home/thomasverwaal/Robust-Rail-NL/mathematical-models/local_search_plans_discreet_120/plan_32_trains_11_units5.json"
"/home/thomasverwaal/Robust-Rail-NL/mathematical-models/scenarios_solver_types_120/scenario_solver_32_trains_11_units5.json","Cost of next node: Cost = 2,119.9 : 2,171.14 | cr=22, dd=32, da=6, tlv=10, sm=64, rd=125.62, cd=0, um=0","Time elapsed: 9.85 seconds","/home/thomasverwaal/Robust-Rail-NL/mathematical-models/local_search_plans_discreet_120/plan_32_trains_11_units5.json"
"/home/thomasverwaal/Robust-Rail-NL/mathematical-models/scenarios_solver_types_120/scenario_solver_32_trains_11_units5.json","Cost of next node: Cost = 2,092.4 : 2,148.72 | cr=20, dd=32, da=5, tlv=11, sm=64, rd=123.75, cd=0, um=0","Time elapsed: 10.64 seconds","/home/thomasverwaal/Robust-Rail-NL/mathematical-models/local_search_plans_discreet_120/plan_32_trains_11_units5.json"
"/home/thomasverwaal/Robust-Rail-NL/mathematical-models/scenarios_solver_types_120/scenario_solver_32_trains_11_units5.json","Cost of next node: Cost = 2,047.5 : 2,103.80 | cr=21, dd=31, da=5, tlv=11, sm=64, rd=121.88, cd=0, um=0","Time elapsed: 10.74 seconds","/home/thomasverwaal/Robust-Rail-NL/mathematical-models/local_search_plans_discreet_120/plan_32_trains_11_units5.json"
"/home/thomasverwaal/Robust-Rail-NL/mathematical-models/scenarios_solver_types_120/scenario_solver_32_trains_11_units5.json","Cost of next node: Cost = 2,007.8 : 2,064.08 | cr=22, dd=30, da=5, tlv=11, sm=64, rd=121.88, cd=0, um=0","Time elapsed: 10.90 seconds","/home/thomasverwaal/Robust-Rail-NL/mathematical-models/local_search_plans_discreet_120/plan_32_trains_11_units5.json"
"/home/thomasverwaal/Robust-Rail-NL/mathematical-models/scenarios_solver_types_120/scenario_solver_32_trains_11_units5.json","Cost of next node: Cost = 1,958.3 : 2,014.58 | cr=22, dd=29, da=5, tlv=11, sm=64, rd=121.88, cd=0, um=0","Time elapsed: 10.99 seconds","/home/thomasverwaal/Robust-Rail-NL/mathematical-models/local_search_plans_discreet_120/plan_32_trains_11_units5.json"
"/home/thomasverwaal/Robust-Rail-NL/mathematical-models/scenarios_solver_types_120/scenario_solver_32_trains_11_units5.json","Cost of next node: Cost = 1,909.0 : 1,965.32 | cr=22, dd=28, da=5, tlv=11, sm=64, rd=121.88, cd=0, um=0","Time elapsed: 11.09 seconds","/home/thomasverwaal/Robust-Rail-NL/mathematical-models/local_search_plans_discreet_120/plan_32_trains_11_units5.json"
"/home/thomasverwaal/Robust-Rail-NL/mathematical-models/scenarios_solver_types_120/scenario_solver_32_trains_11_units5.json","Cost of next node: Cost = 1,874.4 : 1,935.69 | cr=22, dd=27, da=5, tlv=12, sm=64, rd=120.00, cd=0, um=0","Time elapsed: 11.30 seconds","/home/thomasverwaal/Robust-Rail-NL/mathematical-models/local_search_plans_discreet_120/plan_32_trains_11_units5.json"
"/home/thomasverwaal/Robust-Rail-NL/mathematical-models/scenarios_solver_types_120/scenario_solver_32_trains_11_units5.json","Cost of next node: Cost = 1,774.0 : 1,835.24 | cr=22, dd=25, da=5, tlv=12, sm=64, rd=120.00, cd=0, um=0","Time elapsed: 11.43 seconds","/home/thomasverwaal/Robust-Rail-NL/mathematical-models/local_search_plans_discreet_120/plan_32_trains_11_units5.json"
"/home/thomasverwaal/Robust-Rail-NL/mathematical-models/scenarios_solver_types_120/scenario_solver_32_trains_11_units5.json","Cost of next node: Cost = 1,753.2 : 1,814.45 | cr=22, dd=25, da=4, tlv=12, sm=64, rd=116.25, cd=0, um=0","Time elapsed: 11.81 seconds","/home/thomasverwaal/Robust-Rail-NL/mathematical-models/local_search_plans_discreet_120/plan_32_trains_11_units5.json"
"/home/thomasverwaal/Robust-Rail-NL/mathematical-models/scenarios_solver_types_120/scenario_solver_32_trains_11_units5.json","Cost of next node: Cost = 1,718.3 : 1,784.56 | cr=22, dd=24, da=4, tlv=13, sm=64, rd=114.38, cd=0, um=0","Time elapsed: 12.16 seconds","/home/thomasverwaal/Robust-Rail-NL/mathematical-models/local_search_plans_discreet_120/plan_32_trains_11_units5.json"
"/home/thomasverwaal/Robust-Rail-NL/mathematical-models/scenarios_solver_types_120/scenario_solver_32_trains_11_units5.json","Cost of next node: Cost = 1,418.3 : 1,489.58 | cr=18, dd=19, da=3, tlv=14, sm=64, rd=105.00, cd=0, um=0","Time elapsed: 12.70 seconds","/home/thomasverwaal/Robust-Rail-NL/mathematical-models/local_search_plans_discreet_120/plan_32_trains_11_units5.json"
"/home/thomasverwaal/Robust-Rail-NL/mathematical-models/scenarios_solver_types_120/scenario_solver_32_trains_11_units5.json","Cost of next node: Cost = 1,391.6 : 1,462.88 | cr=15, dd=19, da=3, tlv=14, sm=64, rd=105.94, cd=0, um=0","Time elapsed: 13.13 seconds","/home/thomasverwaal/Robust-Rail-NL/mathematical-models/local_search_plans_discreet_120/plan_32_trains_11_units5.json"
"/home/thomasverwaal/Robust-Rail-NL/mathematical-models/scenarios_solver_types_120/scenario_solver_32_trains_11_units5.json","Cost of next node: Cost = 1,366.8 : 1,438.08 | cr=15, dd=19, da=2, tlv=14, sm=64, rd=102.19, cd=0, um=0","Time elapsed: 13.46 seconds","/home/thomasverwaal/Robust-Rail-NL/mathematical-models/local_search_plans_discreet_120/plan_32_trains_11_units5.json"
"/home/thomasverwaal/Robust-Rail-NL/mathematical-models/scenarios_solver_types_120/scenario_solver_32_trains_11_units5.json","Cost of next node: Cost = 1,326.1 : 1,397.35 | cr=16, dd=18, da=2, tlv=14, sm=64, rd=102.19, cd=0, um=0","Time elapsed: 13.51 seconds","/home/thomasverwaal/Robust-Rail-NL/mathematical-models/local_search_plans_discreet_120/plan_32_trains_11_units5.json"
"/home/thomasverwaal/Robust-Rail-NL/mathematical-models/scenarios_solver_types_120/scenario_solver_32_trains_11_units5.json","Cost of next node: Cost = 1,256.9 : 1,328.21 | cr=14, dd=17, da=2, tlv=14, sm=64, rd=102.19, cd=0, um=0","Time elapsed: 13.59 seconds","/home/thomasverwaal/Robust-Rail-NL/mathematical-models/local_search_plans_discreet_120/plan_32_trains_11_units5.json"
"/home/thomasverwaal/Robust-Rail-NL/mathematical-models/scenarios_solver_types_120/scenario_solver_32_trains_11_units5.json","Cost of next node: Cost = 1,165.2 : 1,241.46 | cr=13, dd=15, da=2, tlv=15, sm=64, rd=100.31, cd=0, um=0","Time elapsed: 13.87 seconds","/home/thomasverwaal/Robust-Rail-NL/mathematical-models/local_search_plans_discreet_120/plan_32_trains_11_units5.json"
"/home/thomasverwaal/Robust-Rail-NL/mathematical-models/scenarios_solver_types_120/scenario_solver_32_trains_11_units5.json","Cost of next node: Cost = 927.3 : 1,003.62 | cr=13, dd=10, da=3, tlv=15, sm=64, rd=95.62, cd=0, um=0","Time elapsed: 13.93 seconds","/home/thomasverwaal/Robust-Rail-NL/mathematical-models/local_search_plans_discreet_120/plan_32_trains_11_units5.json"
"/home/thomasverwaal/Robust-Rail-NL/mathematical-models/scenarios_solver_types_120/scenario_solver_32_trains_11_units5.json","Cost of next node: Cost = 877.8 : 954.07 | cr=12, dd=10, da=1, tlv=15, sm=64, rd=93.75, cd=0, um=0","Time elapsed: 14.31 seconds","/home/thomasverwaal/Robust-Rail-NL/mathematical-models/local_search_plans_discreet_120/plan_32_trains_11_units5.json"
"/home/thomasverwaal/Robust-Rail-NL/mathematical-models/scenarios_solver_types_120/scenario_solver_32_trains_11_units5.json","Cost of next node: Cost = 843.2 : 924.48 | cr=12, dd=9, da=1, tlv=16, sm=64, rd=88.12, cd=0, um=0","Time elapsed: 14.65 seconds","/home/thomasverwaal/Robust-Rail-NL/mathematical-models/local_search_plans_discreet_120/plan_32_trains_11_units5.json"
"/home/thomasverwaal/Robust-Rail-NL/mathematical-models/scenarios_solver_types_120/scenario_solver_32_trains_11_units5.json","Cost of next node: Cost = 714.3 : 795.55 | cr=14, dd=6, da=1, tlv=16, sm=64, rd=88.12, cd=0, um=0","Time elapsed: 14.77 seconds","/home/thomasverwaal/Robust-Rail-NL/mathematical-models/local_search_plans_discreet_120/plan_32_trains_11_units5.json"
"/home/thomasverwaal/Robust-Rail-NL/mathematical-models/scenarios_solver_types_120/scenario_solver_32_trains_11_units5.json","Cost of next node: Cost = 689.3 : 765.55 | cr=13, dd=6, da=1, tlv=15, sm=64, rd=88.12, cd=0, um=0","Time elapsed: 14.88 seconds","/home/thomasverwaal/Robust-Rail-NL/mathematical-models/local_search_plans_discreet_120/plan_32_trains_11_units5.json"
"/home/thomasverwaal/Robust-Rail-NL/mathematical-models/scenarios_solver_types_120/scenario_solver_32_trains_11_units5.json","Cost of next node: Cost = 449.2 : 525.48 | cr=15, dd=1, da=1, tlv=15, sm=64, rd=82.50, cd=0, um=0","Time elapsed: 15.09 seconds","/home/thomasverwaal/Robust-Rail-NL/mathematical-models/local_search_plans_discreet_120/plan_32_trains_11_units5.json"
"/home/thomasverwaal/Robust-Rail-NL/mathematical-models/scenarios_solver_types_120/scenario_solver_32_trains_11_units5.json","Cost of next node: Cost = 434.2 : 505.48 | cr=15, dd=1, da=1, tlv=14, sm=64, rd=84.38, cd=0, um=0","Time elapsed: 19.52 seconds","/home/thomasverwaal/Robust-Rail-NL/mathematical-models/local_search_plans_discreet_120/plan_32_trains_11_units5.json"
"/home/thomasverwaal/Robust-Rail-NL/mathematical-models/scenarios_solver_types_120/scenario_solver_32_trains_11_units5.json","Cost of next node: Cost = 424.2 : 495.48 | cr=14, dd=1, da=1, tlv=14, sm=64, rd=84.38, cd=0, um=0","Time elapsed: 23.18 seconds","/home/thomasverwaal/Robust-Rail-NL/mathematical-models/local_search_plans_discreet_120/plan_32_trains_11_units5.json"
"/home/thomasverwaal/Robust-Rail-NL/mathematical-models/scenarios_solver_types_120/scenario_solver_32_trains_11_units5.json","Cost of next node: Cost = 414.2 : 485.48 | cr=13, dd=1, da=1, tlv=14, sm=64, rd=84.38, cd=0, um=0","Time elapsed: 26.81 seconds","/home/thomasverwaal/Robust-Rail-NL/mathematical-models/local_search_plans_discreet_120/plan_32_trains_11_units5.json"
"/home/thomasverwaal/Robust-Rail-NL/mathematical-models/scenarios_solver_types_120/scenario_solver_32_trains_11_units5.json","Cost of next node: Cost = 404.2 : 475.48 | cr=12, dd=1, da=1, tlv=14, sm=64, rd=84.38, cd=0, um=0","Time elapsed: 30.14 seconds","/home/thomasverwaal/Robust-Rail-NL/mathematical-models/local_search_plans_discreet_120/plan_32_trains_11_units5.json"
"/home/thomasverwaal/Robust-Rail-NL/mathematical-models/scenarios_solver_types_120/scenario_solver_32_trains_11_units5.json","Cost of next node: Cost = 394.2 : 465.48 | cr=11, dd=1, da=1, tlv=14, sm=64, rd=84.38, cd=0, um=0","Time elapsed: 33.08 seconds","/home/thomasverwaal/Robust-Rail-NL/mathematical-models/local_search_plans_discreet_120/plan_32_trains_11_units5.json"
"/home/thomasverwaal/Robust-Rail-NL/mathematical-models/scenarios_solver_types_120/scenario_solver_32_trains_11_units5.json","Cost of next node: Cost = 384.2 : 455.48 | cr=10, dd=1, da=1, tlv=14, sm=64, rd=84.38, cd=0, um=0","Time elapsed: 35.45 seconds","/home/thomasverwaal/Robust-Rail-NL/mathematical-models/local_search_plans_discreet_120/plan_32_trains_11_units5.json"
"/home/thomasverwaal/Robust-Rail-NL/mathematical-models/scenarios_solver_types_120/scenario_solver_32_trains_11_units5.json","Cost of next node: Cost = 355.0 : 431.28 | cr=13, dd=0, da=0, tlv=15, sm=64, rd=78.75, cd=0, um=0","Time elapsed: 35.68 seconds","/home/thomasverwaal/Robust-Rail-NL/mathematical-models/local_search_plans_discreet_120/plan_32_trains_11_units5.json"
"/home/thomasverwaal/Robust-Rail-NL/mathematical-models/scenarios_solver_types_120/scenario_solver_32_trains_11_units5.json","Cost of next node: Cost = 340.0 : 411.28 | cr=13, dd=0, da=0, tlv=14, sm=64, rd=80.62, cd=0, um=0","Time elapsed: 38.56 seconds","/home/thomasverwaal/Robust-Rail-NL/mathematical-models/local_search_plans_discreet_120/plan_32_trains_11_units5.json"
"/home/thomasverwaal/Robust-Rail-NL/mathematical-models/scenarios_solver_types_120/scenario_solver_32_trains_11_units5.json","Cost of next node: Cost = 310.0 : 381.28 | cr=10, dd=0, da=0, tlv=14, sm=64, rd=80.62, cd=0, um=0","Time elapsed: 38.64 seconds","/home/thomasverwaal/Robust-Rail-NL/mathematical-models/local_search_plans_discreet_120/plan_32_trains_11_units5.json"
"/home/thomasverwaal/Robust-Rail-NL/mathematical-models/scenarios_solver_types_120/scenario_solver_32_trains_11_units5.json","Cost of next node: Cost = 300.0 : 371.28 | cr=9, dd=0, da=0, tlv=14, sm=64, rd=80.62, cd=0, um=0","Time elapsed: 41.38 seconds","/home/thomasverwaal/Robust-Rail-NL/mathematical-models/local_search_plans_discreet_120/plan_32_trains_11_units5.json"
"/home/thomasverwaal/Robust-Rail-NL/mathematical-models/scenarios_solver_types_120/scenario_solver_32_trains_11_units5.json","Cost of next node: Cost = 290.0 : 361.28 | cr=8, dd=0, da=0, tlv=14, sm=64, rd=80.62, cd=0, um=0","Time elapsed: 43.36 seconds","/home/thomasverwaal/Robust-Rail-NL/mathematical-models/local_search_plans_discreet_120/plan_32_trains_11_units5.json"
"/home/thomasverwaal/Robust-Rail-NL/mathematical-models/scenarios_solver_types_120/scenario_solver_32_trains_11_units5.json","Cost of next node: Cost = 280.0 : 351.28 | cr=7, dd=0, da=0, tlv=14, sm=64, rd=82.50, cd=0, um=0","Time elapsed: 44.98 seconds","/home/thomasverwaal/Robust-Rail-NL/mathematical-models/local_search_plans_discreet_120/plan_32_trains_11_units5.json"
"/home/thomasverwaal/Robust-Rail-NL/mathematical-models/scenarios_solver_types_120/scenario_solver_32_trains_11_units5.json","Cost of next node: Cost = 270.0 : 341.28 | cr=6, dd=0, da=0, tlv=14, sm=64, rd=80.62, cd=0, um=0","Time elapsed: 46.29 seconds","/home/thomasverwaal/Robust-Rail-NL/mathematical-models/local_search_plans_discreet_120/plan_32_trains_11_units5.json"
"/home/thomasverwaal/Robust-Rail-NL/mathematical-models/scenarios_solver_types_120/scenario_solver_32_trains_11_units5.json","Cost of next node: Cost = 260.0 : 331.28 | cr=5, dd=0, da=0, tlv=14, sm=64, rd=80.62, cd=0, um=0","Time elapsed: 47.80 seconds","/home/thomasverwaal/Robust-Rail-NL/mathematical-models/local_search_plans_discreet_120/plan_32_trains_11_units5.json"
"/home/thomasverwaal/Robust-Rail-NL/mathematical-models/scenarios_solver_types_120/scenario_solver_32_trains_11_units5.json","Cost of next node: Cost = 245.0 : 311.30 | cr=5, dd=0, da=0, tlv=13, sm=65, rd=84.92, cd=0, um=0","Time elapsed: 65.44 seconds","/home/thomasverwaal/Robust-Rail-NL/mathematical-models/local_search_plans_discreet_120/plan_32_trains_11_units5.json"
"/home/thomasverwaal/Robust-Rail-NL/mathematical-models/scenarios_solver_types_120/scenario_solver_32_trains_11_units5.json","Cost of next node: Cost = 235.0 : 301.30 | cr=4, dd=0, da=0, tlv=13, sm=65, rd=84.92, cd=0, um=0","Time elapsed: 66.74 seconds","/home/thomasverwaal/Robust-Rail-NL/mathematical-models/local_search_plans_discreet_120/plan_32_trains_11_units5.json"
"/home/thomasverwaal/Robust-Rail-NL/mathematical-models/scenarios_solver_types_120/scenario_solver_32_trains_11_units5.json","Cost of next node: Cost = 225.0 : 291.30 | cr=3, dd=0, da=0, tlv=13, sm=65, rd=84.92, cd=0, um=0","Time elapsed: 68.65 seconds","/home/thomasverwaal/Robust-Rail-NL/mathematical-models/local_search_plans_discreet_120/plan_32_trains_11_units5.json"
"/home/thomasverwaal/Robust-Rail-NL/mathematical-models/scenarios_solver_types_120/scenario_solver_32_trains_11_units5.json","Cost of next node: Cost = 220.0 : 291.30 | cr=1, dd=0, da=0, tlv=14, sm=65, rd=83.08, cd=0, um=0","Time elapsed: 100.27 seconds","/home/thomasverwaal/Robust-Rail-NL/mathematical-models/local_search_plans_discreet_120/plan_32_trains_11_units5.json"
"/home/thomasverwaal/Robust-Rail-NL/mathematical-models/scenarios_solver_types_120/scenario_solver_32_trains_11_units5.json","Cost of next node: Cost = 205.0 : 271.30 | cr=1, dd=0, da=0, tlv=13, sm=65, rd=84.92, cd=0, um=0","Time elapsed: 101.04 seconds","/home/thomasverwaal/Robust-Rail-NL/mathematical-models/local_search_plans_discreet_120/plan_32_trains_11_units5.json"
"/home/thomasverwaal/Robust-Rail-NL/mathematical-models/scenarios_solver_types_120/scenario_solver_32_trains_11_units5.json","Cost of next node: Cost = 195.0 : 261.30 | cr=0, dd=0, da=0, tlv=13, sm=65, rd=83.08, cd=0, um=0","Time elapsed: 104.11 seconds","/home/thomasverwaal/Robust-Rail-NL/mathematical-models/local_search_plans_discreet_120/plan_32_trains_11_units5.json"
"/home/thomasverwaal/Robust-Rail-NL/mathematical-models/scenarios_solver_types_120/scenario_solver_32_trains_11_units5.json","NO_COST_FOUND","NO_TIME_FOUND","NO_PLAN_CREATED"
"/home/thomasverwaal/Robust-Rail-NL/mathematical-models/scenarios_solver_types_120/scenario_solver_32_trains_11_units6.json","Cost of next node: Cost = 2,788.6 : 2,789.86 | cr=45, dd=32, da=30, tlv=0, sm=64, rd=183.75, cd=0, um=0","Time elapsed: 4.53 seconds","/home/thomasverwaal/Robust-Rail-NL/mathematical-models/local_search_plans_discreet_120/plan_32_trains_11_units6.json"
"/home/thomasverwaal/Robust-Rail-NL/mathematical-models/scenarios_solver_types_120/scenario_solver_32_trains_11_units6.json","Cost of next node: Cost = 2,733.7 : 2,739.93 | cr=44, dd=32, da=28, tlv=1, sm=64, rd=180.94, cd=0, um=0","Time elapsed: 4.63 seconds","/home/thomasverwaal/Robust-Rail-NL/mathematical-models/local_search_plans_discreet_120/plan_32_trains_11_units6.json"
"/home/thomasverwaal/Robust-Rail-NL/mathematical-models/scenarios_solver_types_120/scenario_solver_32_trains_11_units6.json","Cost of next node: Cost = 2,702.1 : 2,708.39 | cr=41, dd=32, da=28, tlv=1, sm=64, rd=179.06, cd=0, um=0","Time elapsed: 4.73 seconds","/home/thomasverwaal/Robust-Rail-NL/mathematical-models/local_search_plans_discreet_120/plan_32_trains_11_units6.json"
"/home/thomasverwaal/Robust-Rail-NL/mathematical-models/scenarios_solver_types_120/scenario_solver_32_trains_11_units6.json","Cost of next node: Cost = 2,526.9 : 2,533.17 | cr=40, dd=32, da=20, tlv=1, sm=64, rd=172.50, cd=0, um=0","Time elapsed: 4.84 seconds","/home/thomasverwaal/Robust-Rail-NL/mathematical-models/local_search_plans_discreet_120/plan_32_trains_11_units6.json"
"/home/thomasverwaal/Robust-Rail-NL/mathematical-models/scenarios_solver_types_120/scenario_solver_32_trains_11_units6.json","Cost of next node: Cost = 2,427.1 : 2,438.41 | cr=36, dd=32, da=16, tlv=2, sm=64, rd=169.69, cd=0, um=0","Time elapsed: 4.92 seconds","/home/thomasverwaal/Robust-Rail-NL/mathematical-models/local_search_plans_discreet_120/plan_32_trains_11_units6.json"
"/home/thomasverwaal/Robust-Rail-NL/mathematical-models/scenarios_solver_types_120/scenario_solver_32_trains_11_units6.json","Cost of next node: Cost = 2,402.7 : 2,419.02 | cr=36, dd=32, da=14, tlv=3, sm=64, rd=167.81, cd=0, um=0","Time elapsed: 5.01 seconds","/home/thomasverwaal/Robust-Rail-NL/mathematical-models/local_search_plans_discreet_120/plan_32_trains_11_units6.json"
"/home/thomasverwaal/Robust-Rail-NL/mathematical-models/scenarios_solver_types_120/scenario_solver_32_trains_11_units6.json","Cost of next node: Cost = 2,377.2 : 2,398.53 | cr=36, dd=32, da=12, tlv=4, sm=64, rd=161.25, cd=0, um=0","Time elapsed: 5.17 seconds","/home/thomasverwaal/Robust-Rail-NL/mathematical-models/local_search_plans_discreet_120/plan_32_trains_11_units6.json"
"/home/thomasverwaal/Robust-Rail-NL/mathematical-models/scenarios_solver_types_120/scenario_solver_32_trains_11_units6.json","Cost of next node: Cost = 2,351.1 : 2,367.35 | cr=35, dd=32, da=12, tlv=3, sm=64, rd=159.38, cd=0, um=0","Time elapsed: 5.40 seconds","/home/thomasverwaal/Robust-Rail-NL/mathematical-models/local_search_plans_discreet_120/plan_32_trains_11_units6.json"
"/home/thomasverwaal/Robust-Rail-NL/mathematical-models/scenarios_solver_types_120/scenario_solver_32_trains_11_units6.json","Cost of next node: Cost = 2,328.3 : 2,344.60 | cr=34, dd=32, da=12, tlv=3, sm=64, rd=155.62, cd=0, um=0","Time elapsed: 5.70 seconds","/home/thomasverwaal/Robust-Rail-NL/mathematical-models/local_search_plans_discreet_120/plan_32_trains_11_units6.json"
"/home/thomasverwaal/Robust-Rail-NL/mathematical-models/scenarios_solver_types_120/scenario_solver_32_trains_11_units6.json","Cost of next node: Cost = 2,306.4 : 2,327.68 | cr=33, dd=32, da=12, tlv=4, sm=64, rd=148.12, cd=0, um=0","Time elapsed: 6.02 seconds","/home/thomasverwaal/Robust-Rail-NL/mathematical-models/local_search_plans_discreet_120/plan_32_trains_11_units6.json"
"/home/thomasverwaal/Robust-Rail-NL/mathematical-models/scenarios_solver_types_120/scenario_solver_32_trains_11_units6.json","Cost of next node: Cost = 2,282.6 : 2,308.92 | cr=31, dd=32, da=11, tlv=5, sm=64, rd=146.25, cd=0, um=0","Time elapsed: 6.41 seconds","/home/thomasverwaal/Robust-Rail-NL/mathematical-models/local_search_plans_discreet_120/plan_32_trains_11_units6.json"
"/home/thomasverwaal/Robust-Rail-NL/mathematical-models/scenarios_solver_types_120/scenario_solver_32_trains_11_units6.json","Cost of next node: Cost = 2,248.9 : 2,280.19 | cr=27, dd=32, da=11, tlv=6, sm=64, rd=139.69, cd=0, um=0","Time elapsed: 6.68 seconds","/home/thomasverwaal/Robust-Rail-NL/mathematical-models/local_search_plans_discreet_120/plan_32_trains_11_units6.json"
"/home/thomasverwaal/Robust-Rail-NL/mathematical-models/scenarios_solver_types_120/scenario_solver_32_trains_11_units6.json","Cost of next node: Cost = 2,228.1 : 2,259.39 | cr=27, dd=32, da=10, tlv=6, sm=64, rd=136.88, cd=0, um=0","Time elapsed: 6.90 seconds","/home/thomasverwaal/Robust-Rail-NL/mathematical-models/local_search_plans_discreet_120/plan_32_trains_11_units6.json"
"/home/thomasverwaal/Robust-Rail-NL/mathematical-models/scenarios_solver_types_120/scenario_solver_32_trains_11_units6.json","Cost of next node: Cost = 2,203.7 : 2,240.03 | cr=20, dd=32, da=10, tlv=7, sm=64, rd=147.19, cd=0, um=0","Time elapsed: 7.56 seconds","/home/thomasverwaal/Robust-Rail-NL/mathematical-models/local_search_plans_discreet_120/plan_32_trains_11_units6.json"
"/home/thomasverwaal/Robust-Rail-NL/mathematical-models/scenarios_solver_types_120/scenario_solver_32_trains_11_units6.json","Cost of next node: Cost = 2,174.4 : 2,215.72 | cr=18, dd=32, da=9, tlv=8, sm=64, rd=143.44, cd=0, um=0","Time elapsed: 7.81 seconds","/home/thomasverwaal/Robust-Rail-NL/mathematical-models/local_search_plans_discreet_120/plan_32_trains_11_units6.json"
"/home/thomasverwaal/Robust-Rail-NL/mathematical-models/scenarios_solver_types_120/scenario_solver_32_trains_11_units6.json","Cost of next node: Cost = 2,142.4 : 2,188.72 | cr=18, dd=32, da=8, tlv=9, sm=64, rd=134.06, cd=0, um=0","Time elapsed: 8.03 seconds","/home/thomasverwaal/Robust-Rail-NL/mathematical-models/local_search_plans_discreet_120/plan_32_trains_11_units6.json"
"/home/thomasverwaal/Robust-Rail-NL/mathematical-models/scenarios_solver_types_120/scenario_solver_32_trains_11_units6.json","Cost of next node: Cost = 2,111.0 : 2,162.30 | cr=19, dd=32, da=6, tlv=10, sm=64, rd=128.44, cd=0, um=0","Time elapsed: 8.33 seconds","/home/thomasverwaal/Robust-Rail-NL/mathematical-models/local_search_plans_discreet_120/plan_32_trains_11_units6.json"
"/home/thomasverwaal/Robust-Rail-NL/mathematical-models/scenarios_solver_types_120/scenario_solver_32_trains_11_units6.json","Cost of next node: Cost = 2,088.1 : 2,139.34 | cr=19, dd=32, da=5, tlv=10, sm=64, rd=124.69, cd=0, um=0","Time elapsed: 8.59 seconds","/home/thomasverwaal/Robust-Rail-NL/mathematical-models/local_search_plans_discreet_120/plan_32_trains_11_units6.json"
"/home/thomasverwaal/Robust-Rail-NL/mathematical-models/scenarios_solver_types_120/scenario_solver_32_trains_11_units6.json","Cost of next node: Cost = 2,066.3 : 2,122.55 | cr=18, dd=32, da=4, tlv=11, sm=64, rd=120.94, cd=0, um=0","Time elapsed: 8.87 seconds","/home/thomasverwaal/Robust-Rail-NL/mathematical-models/local_search_plans_discreet_120/plan_32_trains_11_units6.json"
"/home/thomasverwaal/Robust-Rail-NL/mathematical-models/scenarios_solver_types_120/scenario_solver_32_trains_11_units6.json","Cost of next node: Cost = 1,791.5 : 1,852.73 | cr=18, dd=27, da=3, tlv=12, sm=64, rd=109.69, cd=0, um=0","Time elapsed: 9.15 seconds","/home/thomasverwaal/Robust-Rail-NL/mathematical-models/local_search_plans_discreet_120/plan_32_trains_11_units6.json"
"/home/thomasverwaal/Robust-Rail-NL/mathematical-models/scenarios_solver_types_120/scenario_solver_32_trains_11_units6.json","Cost of next node: Cost = 1,741.5 : 1,802.79 | cr=18, dd=26, da=3, tlv=12, sm=64, rd=109.69, cd=0, um=0","Time elapsed: 9.22 seconds","/home/thomasverwaal/Robust-Rail-NL/mathematical-models/local_search_plans_discreet_120/plan_32_trains_11_units6.json"
"/home/thomasverwaal/Robust-Rail-NL/mathematical-models/scenarios_solver_types_120/scenario_solver_32_trains_11_units6.json","Cost of next node: Cost = 1,642.5 : 1,703.75 | cr=18, dd=24, da=3, tlv=12, sm=64, rd=109.69, cd=0, um=0","Time elapsed: 9.35 seconds","/home/thomasverwaal/Robust-Rail-NL/mathematical-models/local_search_plans_discreet_120/plan_32_trains_11_units6.json"
"/home/thomasverwaal/Robust-Rail-NL/mathematical-models/scenarios_solver_types_120/scenario_solver_32_trains_11_units6.json","Cost of next node: Cost = 1,592.7 : 1,653.98 | cr=18, dd=23, da=3, tlv=12, sm=64, rd=109.69, cd=0, um=0","Time elapsed: 9.53 seconds","/home/thomasverwaal/Robust-Rail-NL/mathematical-models/local_search_plans_discreet_120/plan_32_trains_11_units6.json"
"/home/thomasverwaal/Robust-Rail-NL/mathematical-models/scenarios_solver_types_120/scenario_solver_32_trains_11_units6.json","Cost of next node: Cost = 1,543.2 : 1,604.49 | cr=18, dd=22, da=3, tlv=12, sm=64, rd=109.69, cd=0, um=0","Time elapsed: 9.66 seconds","/home/thomasverwaal/Robust-Rail-NL/mathematical-models/local_search_plans_discreet_120/plan_32_trains_11_units6.json"
"/home/thomasverwaal/Robust-Rail-NL/mathematical-models/scenarios_solver_types_120/scenario_solver_32_trains_11_units6.json","Cost of next node: Cost = 1,388.1 : 1,449.34 | cr=23, dd=18, da=3, tlv=12, sm=64, rd=105.00, cd=0, um=0","Time elapsed: 9.85 seconds","/home/thomasverwaal/Robust-Rail-NL/mathematical-models/local_search_plans_discreet_120/plan_32_trains_11_units6.json"
"/home/thomasverwaal/Robust-Rail-NL/mathematical-models/scenarios_solver_types_120/scenario_solver_32_trains_11_units6.json","Cost of next node: Cost = 1,338.3 : 1,399.56 | cr=23, dd=17, da=3, tlv=12, sm=64, rd=105.00, cd=0, um=0","Time elapsed: 10.03 seconds","/home/thomasverwaal/Robust-Rail-NL/mathematical-models/local_search_plans_discreet_120/plan_32_trains_11_units6.json"
"/home/thomasverwaal/Robust-Rail-NL/mathematical-models/scenarios_solver_types_120/scenario_solver_32_trains_11_units6.json","Cost of next node: Cost = 1,308.3 : 1,369.56 | cr=20, dd=17, da=3, tlv=12, sm=64, rd=105.00, cd=0, um=0","Time elapsed: 10.25 seconds","/home/thomasverwaal/Robust-Rail-NL/mathematical-models/local_search_plans_discreet_120/plan_32_trains_11_units6.json"
"/home/thomasverwaal/Robust-Rail-NL/mathematical-models/scenarios_solver_types_120/scenario_solver_32_trains_11_units6.json","Cost of next node: Cost = 1,169.4 : 1,235.72 | cr=17, dd=15, da=2, tlv=13, sm=64, rd=99.38, cd=0, um=0","Time elapsed: 10.56 seconds","/home/thomasverwaal/Robust-Rail-NL/mathematical-models/local_search_plans_discreet_120/plan_32_trains_11_units6.json"
"/home/thomasverwaal/Robust-Rail-NL/mathematical-models/scenarios_solver_types_120/scenario_solver_32_trains_11_units6.json","Cost of next node: Cost = 993.8 : 1,065.06 | cr=15, dd=12, da=1, tlv=14, sm=64, rd=95.62, cd=0, um=0","Time elapsed: 10.84 seconds","/home/thomasverwaal/Robust-Rail-NL/mathematical-models/local_search_plans_discreet_120/plan_32_trains_11_units6.json"
"/home/thomasverwaal/Robust-Rail-NL/mathematical-models/scenarios_solver_types_120/scenario_solver_32_trains_11_units6.json","Cost of next node: Cost = 833.7 : 909.98 | cr=15, dd=9, da=0, tlv=15, sm=64, rd=88.12, cd=0, um=0","Time elapsed: 11.08 seconds","/home/thomasverwaal/Robust-Rail-NL/mathematical-models/local_search_plans_discreet_120/plan_32_trains_11_units6.json"
"/home/thomasverwaal/Robust-Rail-NL/mathematical-models/scenarios_solver_types_120/scenario_solver_32_trains_11_units6.json","Cost of next node: Cost = 380.0 : 461.28 | cr=14, dd=0, da=0, tlv=16, sm=64, rd=76.88, cd=0, um=0","Time elapsed: 11.36 seconds","/home/thomasverwaal/Robust-Rail-NL/mathematical-models/local_search_plans_discreet_120/plan_32_trains_11_units6.json"
"/home/thomasverwaal/Robust-Rail-NL/mathematical-models/scenarios_solver_types_120/scenario_solver_32_trains_11_units6.json","Cost of next node: Cost = 365.0 : 441.28 | cr=14, dd=0, da=0, tlv=15, sm=64, rd=78.75, cd=0, um=0","Time elapsed: 14.38 seconds","/home/thomasverwaal/Robust-Rail-NL/mathematical-models/local_search_plans_discreet_120/plan_32_trains_11_units6.json"
"/home/thomasverwaal/Robust-Rail-NL/mathematical-models/scenarios_solver_types_120/scenario_solver_32_trains_11_units6.json","Cost of next node: Cost = 350.0 : 421.28 | cr=14, dd=0, da=0, tlv=14, sm=64, rd=76.88, cd=0, um=0","Time elapsed: 17.33 seconds","/home/thomasverwaal/Robust-Rail-NL/mathematical-models/local_search_plans_discreet_120/plan_32_trains_11_units6.json"
"/home/thomasverwaal/Robust-Rail-NL/mathematical-models/scenarios_solver_types_120/scenario_solver_32_trains_11_units6.json","Cost of next node: Cost = 340.0 : 411.28 | cr=13, dd=0, da=0, tlv=14, sm=64, rd=76.88, cd=0, um=0","Time elapsed: 20.21 seconds","/home/thomasverwaal/Robust-Rail-NL/mathematical-models/local_search_plans_discreet_120/plan_32_trains_11_units6.json"
"/home/thomasverwaal/Robust-Rail-NL/mathematical-models/scenarios_solver_types_120/scenario_solver_32_trains_11_units6.json","Cost of next node: Cost = 330.0 : 401.28 | cr=12, dd=0, da=0, tlv=14, sm=64, rd=76.88, cd=0, um=0","Time elapsed: 22.96 seconds","/home/thomasverwaal/Robust-Rail-NL/mathematical-models/local_search_plans_discreet_120/plan_32_trains_11_units6.json"
"/home/thomasverwaal/Robust-Rail-NL/mathematical-models/scenarios_solver_types_120/scenario_solver_32_trains_11_units6.json","Cost of next node: Cost = 320.0 : 391.28 | cr=11, dd=0, da=0, tlv=14, sm=64, rd=76.88, cd=0, um=0","Time elapsed: 25.48 seconds","/home/thomasverwaal/Robust-Rail-NL/mathematical-models/local_search_plans_discreet_120/plan_32_trains_11_units6.json"
"/home/thomasverwaal/Robust-Rail-NL/mathematical-models/scenarios_solver_types_120/scenario_solver_32_trains_11_units6.json","Cost of next node: Cost = 310.0 : 381.28 | cr=10, dd=0, da=0, tlv=14, sm=64, rd=76.88, cd=0, um=0","Time elapsed: 27.64 seconds","/home/thomasverwaal/Robust-Rail-NL/mathematical-models/local_search_plans_discreet_120/plan_32_trains_11_units6.json"
"/home/thomasverwaal/Robust-Rail-NL/mathematical-models/scenarios_solver_types_120/scenario_solver_32_trains_11_units6.json","Cost of next node: Cost = 300.0 : 371.28 | cr=9, dd=0, da=0, tlv=14, sm=64, rd=78.75, cd=0, um=0","Time elapsed: 31.55 seconds","/home/thomasverwaal/Robust-Rail-NL/mathematical-models/local_search_plans_discreet_120/plan_32_trains_11_units6.json"
"/home/thomasverwaal/Robust-Rail-NL/mathematical-models/scenarios_solver_types_120/scenario_solver_32_trains_11_units6.json","Cost of next node: Cost = 290.0 : 361.28 | cr=8, dd=0, da=0, tlv=14, sm=64, rd=80.62, cd=0, um=0","Time elapsed: 33.39 seconds","/home/thomasverwaal/Robust-Rail-NL/mathematical-models/local_search_plans_discreet_120/plan_32_trains_11_units6.json"
"/home/thomasverwaal/Robust-Rail-NL/mathematical-models/scenarios_solver_types_120/scenario_solver_32_trains_11_units6.json","Cost of next node: Cost = 280.0 : 351.28 | cr=7, dd=0, da=0, tlv=14, sm=64, rd=78.75, cd=0, um=0","Time elapsed: 35.35 seconds","/home/thomasverwaal/Robust-Rail-NL/mathematical-models/local_search_plans_discreet_120/plan_32_trains_11_units6.json"
"/home/thomasverwaal/Robust-Rail-NL/mathematical-models/scenarios_solver_types_120/scenario_solver_32_trains_11_units6.json","Cost of next node: Cost = 270.0 : 341.32 | cr=6, dd=0, da=0, tlv=14, sm=66, rd=80.00, cd=0, um=0","Time elapsed: 40.86 seconds","/home/thomasverwaal/Robust-Rail-NL/mathematical-models/local_search_plans_discreet_120/plan_32_trains_11_units6.json"
"/home/thomasverwaal/Robust-Rail-NL/mathematical-models/scenarios_solver_types_120/scenario_solver_32_trains_11_units6.json","Cost of next node: Cost = 260.0 : 331.32 | cr=5, dd=0, da=0, tlv=14, sm=66, rd=80.00, cd=0, um=0","Time elapsed: 42.82 seconds","/home/thomasverwaal/Robust-Rail-NL/mathematical-models/local_search_plans_discreet_120/plan_32_trains_11_units6.json"
"/home/thomasverwaal/Robust-Rail-NL/mathematical-models/scenarios_solver_types_120/scenario_solver_32_trains_11_units6.json","Cost of next node: Cost = 250.0 : 321.32 | cr=4, dd=0, da=0, tlv=14, sm=66, rd=81.82, cd=0, um=0","Time elapsed: 44.35 seconds","/home/thomasverwaal/Robust-Rail-NL/mathematical-models/local_search_plans_discreet_120/plan_32_trains_11_units6.json"
"/home/thomasverwaal/Robust-Rail-NL/mathematical-models/scenarios_solver_types_120/scenario_solver_32_trains_11_units6.json","Cost of next node: Cost = 240.0 : 311.32 | cr=3, dd=0, da=0, tlv=14, sm=66, rd=81.82, cd=0, um=0","Time elapsed: 46.10 seconds","/home/thomasverwaal/Robust-Rail-NL/mathematical-models/local_search_plans_discreet_120/plan_32_trains_11_units6.json"
"/home/thomasverwaal/Robust-Rail-NL/mathematical-models/scenarios_solver_types_120/scenario_solver_32_trains_11_units6.json","Cost of next node: Cost = 230.0 : 301.32 | cr=2, dd=0, da=0, tlv=14, sm=66, rd=81.82, cd=0, um=0","Time elapsed: 47.44 seconds","/home/thomasverwaal/Robust-Rail-NL/mathematical-models/local_search_plans_discreet_120/plan_32_trains_11_units6.json"
"/home/thomasverwaal/Robust-Rail-NL/mathematical-models/scenarios_solver_types_120/scenario_solver_32_trains_11_units6.json","Cost of next node: Cost = 220.0 : 291.32 | cr=1, dd=0, da=0, tlv=14, sm=66, rd=81.82, cd=0, um=0","Time elapsed: 194.50 seconds","/home/thomasverwaal/Robust-Rail-NL/mathematical-models/local_search_plans_discreet_120/plan_32_trains_11_units6.json"
"/home/thomasverwaal/Robust-Rail-NL/mathematical-models/scenarios_solver_types_120/scenario_solver_32_trains_11_units6.json","Cost of next node: Cost = 210.0 : 281.34 | cr=0, dd=0, da=0, tlv=14, sm=67, rd=82.39, cd=0, um=0","Time elapsed: 240.25 seconds","/home/thomasverwaal/Robust-Rail-NL/mathematical-models/local_search_plans_discreet_120/plan_32_trains_11_units6.json"
"/home/thomasverwaal/Robust-Rail-NL/mathematical-models/scenarios_solver_types_120/scenario_solver_32_trains_11_units6.json","NO_COST_FOUND","NO_TIME_FOUND","NO_PLAN_CREATED"
"/home/thomasverwaal/Robust-Rail-NL/mathematical-models/scenarios_solver_types_120/scenario_solver_32_trains_11_units7.json","Cost of next node: Cost = 2,840.8 : 2,842.06 | cr=49, dd=32, da=30, tlv=0, sm=64, rd=184.69, cd=0, um=0","Time elapsed: 4.41 seconds","/home/thomasverwaal/Robust-Rail-NL/mathematical-models/local_search_plans_discreet_120/plan_32_trains_11_units7.json"
"/home/thomasverwaal/Robust-Rail-NL/mathematical-models/scenarios_solver_types_120/scenario_solver_32_trains_11_units7.json","Cost of next node: Cost = 2,795.5 : 2,801.77 | cr=47, dd=32, da=29, tlv=1, sm=64, rd=181.88, cd=0, um=0","Time elapsed: 4.51 seconds","/home/thomasverwaal/Robust-Rail-NL/mathematical-models/local_search_plans_discreet_120/plan_32_trains_11_units7.json"
"/home/thomasverwaal/Robust-Rail-NL/mathematical-models/scenarios_solver_types_120/scenario_solver_32_trains_11_units7.json","Cost of next node: Cost = 2,631.8 : 2,638.10 | cr=46, dd=32, da=22, tlv=1, sm=64, rd=175.31, cd=0, um=0","Time elapsed: 4.65 seconds","/home/thomasverwaal/Robust-Rail-NL/mathematical-models/local_search_plans_discreet_120/plan_32_trains_11_units7.json"
"/home/thomasverwaal/Robust-Rail-NL/mathematical-models/scenarios_solver_types_120/scenario_solver_32_trains_11_units7.json","Cost of next node: Cost = 2,523.1 : 2,534.41 | cr=44, dd=32, da=16, tlv=2, sm=64, rd=173.44, cd=0, um=0","Time elapsed: 4.84 seconds","/home/thomasverwaal/Robust-Rail-NL/mathematical-models/local_search_plans_discreet_120/plan_32_trains_11_units7.json"
"/home/thomasverwaal/Robust-Rail-NL/mathematical-models/scenarios_solver_types_120/scenario_solver_32_trains_11_units7.json","Cost of next node: Cost = 2,495.5 : 2,501.77 | cr=43, dd=32, da=16, tlv=1, sm=64, rd=171.56, cd=0, um=0","Time elapsed: 4.96 seconds","/home/thomasverwaal/Robust-Rail-NL/mathematical-models/local_search_plans_discreet_120/plan_32_trains_11_units7.json"
"/home/thomasverwaal/Robust-Rail-NL/mathematical-models/scenarios_solver_types_120/scenario_solver_32_trains_11_units7.json","Cost of next node: Cost = 2,473.3 : 2,484.56 | cr=42, dd=32, da=15, tlv=2, sm=64, rd=165.00, cd=0, um=0","Time elapsed: 5.06 seconds","/home/thomasverwaal/Robust-Rail-NL/mathematical-models/local_search_plans_discreet_120/plan_32_trains_11_units7.json"
"/home/thomasverwaal/Robust-Rail-NL/mathematical-models/scenarios_solver_types_120/scenario_solver_32_trains_11_units7.json","Cost of next node: Cost = 2,427.6 : 2,443.84 | cr=42, dd=32, da=12, tlv=3, sm=64, rd=161.25, cd=0, um=0","Time elapsed: 5.18 seconds","/home/thomasverwaal/Robust-Rail-NL/mathematical-models/local_search_plans_discreet_120/plan_32_trains_11_units7.json"
"/home/thomasverwaal/Robust-Rail-NL/mathematical-models/scenarios_solver_types_120/scenario_solver_32_trains_11_units7.json","Cost of next node: Cost = 2,404.7 : 2,420.93 | cr=40, dd=32, da=12, tlv=3, sm=64, rd=159.38, cd=0, um=0","Time elapsed: 5.34 seconds","/home/thomasverwaal/Robust-Rail-NL/mathematical-models/local_search_plans_discreet_120/plan_32_trains_11_units7.json"
"/home/thomasverwaal/Robust-Rail-NL/mathematical-models/scenarios_solver_types_120/scenario_solver_32_trains_11_units7.json","Cost of next node: Cost = 2,384.1 : 2,405.37 | cr=38, dd=32, da=12, tlv=4, sm=64, rd=154.69, cd=0, um=0","Time elapsed: 5.54 seconds","/home/thomasverwaal/Robust-Rail-NL/mathematical-models/local_search_plans_discreet_120/plan_32_trains_11_units7.json"
"/home/thomasverwaal/Robust-Rail-NL/mathematical-models/scenarios_solver_types_120/scenario_solver_32_trains_11_units7.json","Cost of next node: Cost = 2,358.8 : 2,380.10 | cr=36, dd=32, da=12, tlv=4, sm=64, rd=151.88, cd=0, um=0","Time elapsed: 5.81 seconds","/home/thomasverwaal/Robust-Rail-NL/mathematical-models/local_search_plans_discreet_120/plan_32_trains_11_units7.json"
"/home/thomasverwaal/Robust-Rail-NL/mathematical-models/scenarios_solver_types_120/scenario_solver_32_trains_11_units7.json","Cost of next node: Cost = 2,328.8 : 2,350.10 | cr=33, dd=32, da=12, tlv=4, sm=64, rd=151.88, cd=0, um=0","Time elapsed: 5.94 seconds","/home/thomasverwaal/Robust-Rail-NL/mathematical-models/local_search_plans_discreet_120/plan_32_trains_11_units7.json"
"/home/thomasverwaal/Robust-Rail-NL/mathematical-models/scenarios_solver_types_120/scenario_solver_32_trains_11_units7.json","Cost of next node: Cost = 2,273.8 : 2,300.10 | cr=26, dd=32, da=12, tlv=5, sm=64, rd=151.88, cd=0, um=0","Time elapsed: 6.06 seconds","/home/thomasverwaal/Robust-Rail-NL/mathematical-models/local_search_plans_discreet_120/plan_32_trains_11_units7.json"
"/home/thomasverwaal/Robust-Rail-NL/mathematical-models/scenarios_solver_types_120/scenario_solver_32_trains_11_units7.json","Cost of next node: Cost = 2,252.6 : 2,278.92 | cr=23, dd=32, da=12, tlv=5, sm=64, rd=160.31, cd=0, um=0","Time elapsed: 6.16 seconds","/home/thomasverwaal/Robust-Rail-NL/mathematical-models/local_search_plans_discreet_120/plan_32_trains_11_units7.json"
"/home/thomasverwaal/Robust-Rail-NL/mathematical-models/scenarios_solver_types_120/scenario_solver_32_trains_11_units7.json","Cost of next node: Cost = 2,231.4 : 2,262.64 | cr=22, dd=32, da=12, tlv=6, sm=64, rd=152.81, cd=0, um=0","Time elapsed: 6.49 seconds","/home/thomasverwaal/Robust-Rail-NL/mathematical-models/local_search_plans_discreet_120/plan_32_trains_11_units7.json"
"/home/thomasverwaal/Robust-Rail-NL/mathematical-models/scenarios_solver_types_120/scenario_solver_32_trains_11_units7.json","Cost of next node: Cost = 2,175.0 : 2,211.31 | cr=16, dd=32, da=11, tlv=7, sm=64, rd=153.75, cd=0, um=0","Time elapsed: 6.84 seconds","/home/thomasverwaal/Robust-Rail-NL/mathematical-models/local_search_plans_discreet_120/plan_32_trains_11_units7.json"
"/home/thomasverwaal/Robust-Rail-NL/mathematical-models/scenarios_solver_types_120/scenario_solver_32_trains_11_units7.json","Cost of next node: Cost = 2,145.0 : 2,186.26 | cr=9, dd=32, da=11, tlv=8, sm=64, rd=159.38, cd=0, um=0","Time elapsed: 7.24 seconds","/home/thomasverwaal/Robust-Rail-NL/mathematical-models/local_search_plans_discreet_120/plan_32_trains_11_units7.json"
"/home/thomasverwaal/Robust-Rail-NL/mathematical-models/scenarios_solver_types_120/scenario_solver_32_trains_11_units7.json","Cost of next node: Cost = 2,118.8 : 2,165.05 | cr=8, dd=32, da=10, tlv=9, sm=64, rd=153.75, cd=0, um=0","Time elapsed: 7.70 seconds","/home/thomasverwaal/Robust-Rail-NL/mathematical-models/local_search_plans_discreet_120/plan_32_trains_11_units7.json"
"/home/thomasverwaal/Robust-Rail-NL/mathematical-models/scenarios_solver_types_120/scenario_solver_32_trains_11_units7.json","Cost of next node: Cost = 2,085.2 : 2,131.52 | cr=9, dd=32, da=9, tlv=9, sm=64, rd=146.25, cd=0, um=0","Time elapsed: 8.24 seconds","/home/thomasverwaal/Robust-Rail-NL/mathematical-models/local_search_plans_discreet_120/plan_32_trains_11_units7.json"
"/home/thomasverwaal/Robust-Rail-NL/mathematical-models/scenarios_solver_types_120/scenario_solver_32_trains_11_units7.json","Cost of next node: Cost = 2,061.4 : 2,112.72 | cr=7, dd=32, da=9, tlv=10, sm=64, rd=140.62, cd=0, um=0","Time elapsed: 9.07 seconds","/home/thomasverwaal/Robust-Rail-NL/mathematical-models/local_search_plans_discreet_120/plan_32_trains_11_units7.json"
"/home/thomasverwaal/Robust-Rail-NL/mathematical-models/scenarios_solver_types_120/scenario_solver_32_trains_11_units7.json","Cost of next node: Cost = 1,965.7 : 2,017.02 | cr=11, dd=30, da=8, tlv=10, sm=64, rd=128.44, cd=0, um=0","Time elapsed: 9.40 seconds","/home/thomasverwaal/Robust-Rail-NL/mathematical-models/local_search_plans_discreet_120/plan_32_trains_11_units7.json"
"/home/thomasverwaal/Robust-Rail-NL/mathematical-models/scenarios_solver_types_120/scenario_solver_32_trains_11_units7.json","Cost of next node: Cost = 1,930.7 : 1,986.94 | cr=11, dd=29, da=8, tlv=11, sm=64, rd=126.56, cd=0, um=0","Time elapsed: 9.57 seconds","/home/thomasverwaal/Robust-Rail-NL/mathematical-models/local_search_plans_discreet_120/plan_32_trains_11_units7.json"
"/home/thomasverwaal/Robust-Rail-NL/mathematical-models/scenarios_solver_types_120/scenario_solver_32_trains_11_units7.json","Cost of next node: Cost = 1,900.7 : 1,951.98 | cr=15, dd=28, da=8, tlv=10, sm=64, rd=124.69, cd=0, um=0","Time elapsed: 9.78 seconds","/home/thomasverwaal/Robust-Rail-NL/mathematical-models/local_search_plans_discreet_120/plan_32_trains_11_units7.json"
"/home/thomasverwaal/Robust-Rail-NL/mathematical-models/scenarios_solver_types_120/scenario_solver_32_trains_11_units7.json","Cost of next node: Cost = 1,822.1 : 1,878.41 | cr=16, dd=26, da=8, tlv=11, sm=64, rd=120.94, cd=0, um=0","Time elapsed: 10.46 seconds","/home/thomasverwaal/Robust-Rail-NL/mathematical-models/local_search_plans_discreet_120/plan_32_trains_11_units7.json"
"/home/thomasverwaal/Robust-Rail-NL/mathematical-models/scenarios_solver_types_120/scenario_solver_32_trains_11_units7.json","Cost of next node: Cost = 1,771.7 : 1,828.01 | cr=16, dd=25, da=8, tlv=11, sm=64, rd=120.94, cd=0, um=0","Time elapsed: 10.59 seconds","/home/thomasverwaal/Robust-Rail-NL/mathematical-models/local_search_plans_discreet_120/plan_32_trains_11_units7.json"
"/home/thomasverwaal/Robust-Rail-NL/mathematical-models/scenarios_solver_types_120/scenario_solver_32_trains_11_units7.json","Cost of next node: Cost = 1,662.8 : 1,724.06 | cr=16, dd=23, da=7, tlv=12, sm=64, rd=115.31, cd=0, um=0","Time elapsed: 11.48 seconds","/home/thomasverwaal/Robust-Rail-NL/mathematical-models/local_search_plans_discreet_120/plan_32_trains_11_units7.json"
"/home/thomasverwaal/Robust-Rail-NL/mathematical-models/scenarios_solver_types_120/scenario_solver_32_trains_11_units7.json","Cost of next node: Cost = 1,500.9 : 1,562.17 | cr=16, dd=21, da=4, tlv=12, sm=64, rd=111.56, cd=0, um=0","Time elapsed: 11.90 seconds","/home/thomasverwaal/Robust-Rail-NL/mathematical-models/local_search_plans_discreet_120/plan_32_trains_11_units7.json"
"/home/thomasverwaal/Robust-Rail-NL/mathematical-models/scenarios_solver_types_120/scenario_solver_32_trains_11_units7.json","Cost of next node: Cost = 1,457.0 : 1,523.25 | cr=15, dd=20, da=4, tlv=13, sm=64, rd=109.69, cd=0, um=0","Time elapsed: 12.25 seconds","/home/thomasverwaal/Robust-Rail-NL/mathematical-models/local_search_plans_discreet_120/plan_32_trains_11_units7.json"
"/home/thomasverwaal/Robust-Rail-NL/mathematical-models/scenarios_solver_types_120/scenario_solver_32_trains_11_units7.json","Cost of next node: Cost = 1,260.6 : 1,331.88 | cr=14, dd=17, da=2, tlv=14, sm=64, rd=100.31, cd=0, um=0","Time elapsed: 12.69 seconds","/home/thomasverwaal/Robust-Rail-NL/mathematical-models/local_search_plans_discreet_120/plan_32_trains_11_units7.json"
"/home/thomasverwaal/Robust-Rail-NL/mathematical-models/scenarios_solver_types_120/scenario_solver_32_trains_11_units7.json","Cost of next node: Cost = 1,171.3 : 1,242.58 | cr=15, dd=15, da=2, tlv=14, sm=64, rd=100.31, cd=0, um=0","Time elapsed: 12.85 seconds","/home/thomasverwaal/Robust-Rail-NL/mathematical-models/local_search_plans_discreet_120/plan_32_trains_11_units7.json"
"/home/thomasverwaal/Robust-Rail-NL/mathematical-models/scenarios_solver_types_120/scenario_solver_32_trains_11_units7.json","Cost of next node: Cost = 1,116.1 : 1,192.38 | cr=15, dd=14, da=1, tlv=15, sm=64, rd=96.56, cd=0, um=0","Time elapsed: 13.35 seconds","/home/thomasverwaal/Robust-Rail-NL/mathematical-models/local_search_plans_discreet_120/plan_32_trains_11_units7.json"
"/home/thomasverwaal/Robust-Rail-NL/mathematical-models/scenarios_solver_types_120/scenario_solver_32_trains_11_units7.json","Cost of next node: Cost = 890.0 : 971.30 | cr=13, dd=10, da=0, tlv=16, sm=64, rd=89.06, cd=0, um=0","Time elapsed: 13.80 seconds","/home/thomasverwaal/Robust-Rail-NL/mathematical-models/local_search_plans_discreet_120/plan_32_trains_11_units7.json"
"/home/thomasverwaal/Robust-Rail-NL/mathematical-models/scenarios_solver_types_120/scenario_solver_32_trains_11_units7.json","Cost of next node: Cost = 658.5 : 744.78 | cr=14, dd=5, da=0, tlv=17, sm=64, rd=77.81, cd=0, um=0","Time elapsed: 14.23 seconds","/home/thomasverwaal/Robust-Rail-NL/mathematical-models/local_search_plans_discreet_120/plan_32_trains_11_units7.json"
"/home/thomasverwaal/Robust-Rail-NL/mathematical-models/scenarios_solver_types_120/scenario_solver_32_trains_11_units7.json","Cost of next node: Cost = 395.0 : 481.28 | cr=14, dd=0, da=0, tlv=17, sm=64, rd=71.25, cd=0, um=0","Time elapsed: 14.43 seconds","/home/thomasverwaal/Robust-Rail-NL/mathematical-models/local_search_plans_discreet_120/plan_32_trains_11_units7.json"
"/home/thomasverwaal/Robust-Rail-NL/mathematical-models/scenarios_solver_types_120/scenario_solver_32_trains_11_units7.json","Cost of next node: Cost = 380.0 : 461.28 | cr=14, dd=0, da=0, tlv=16, sm=64, rd=73.12, cd=0, um=0","Time elapsed: 21.36 seconds","/home/thomasverwaal/Robust-Rail-NL/mathematical-models/local_search_plans_discreet_120/plan_32_trains_11_units7.json"
"/home/thomasverwaal/Robust-Rail-NL/mathematical-models/scenarios_solver_types_120/scenario_solver_32_trains_11_units7.json","Cost of next node: Cost = 365.0 : 441.28 | cr=14, dd=0, da=0, tlv=15, sm=64, rd=76.88, cd=0, um=0","Time elapsed: 27.50 seconds","/home/thomasverwaal/Robust-Rail-NL/mathematical-models/local_search_plans_discreet_120/plan_32_trains_11_units7.json"
"/home/thomasverwaal/Robust-Rail-NL/mathematical-models/scenarios_solver_types_120/scenario_solver_32_trains_11_units7.json","Cost of next node: Cost = 350.0 : 421.30 | cr=14, dd=0, da=0, tlv=14, sm=65, rd=77.54, cd=0, um=0","Time elapsed: 33.03 seconds","/home/thomasverwaal/Robust-Rail-NL/mathematical-models/local_search_plans_discreet_120/plan_32_trains_11_units7.json"
"/home/thomasverwaal/Robust-Rail-NL/mathematical-models/scenarios_solver_types_120/scenario_solver_32_trains_11_units7.json","Cost of next node: Cost = 340.0 : 411.30 | cr=13, dd=0, da=0, tlv=14, sm=65, rd=77.54, cd=0, um=0","Time elapsed: 38.02 seconds","/home/thomasverwaal/Robust-Rail-NL/mathematical-models/local_search_plans_discreet_120/plan_32_trains_11_units7.json"
"/home/thomasverwaal/Robust-Rail-NL/mathematical-models/scenarios_solver_types_120/scenario_solver_32_trains_11_units7.json","Cost of next node: Cost = 330.0 : 401.30 | cr=12, dd=0, da=0, tlv=14, sm=65, rd=77.54, cd=0, um=0","Time elapsed: 42.22 seconds","/home/thomasverwaal/Robust-Rail-NL/mathematical-models/local_search_plans_discreet_120/plan_32_trains_11_units7.json"
"/home/thomasverwaal/Robust-Rail-NL/mathematical-models/scenarios_solver_types_120/scenario_solver_32_trains_11_units7.json","Cost of next node: Cost = 320.0 : 391.30 | cr=11, dd=0, da=0, tlv=14, sm=65, rd=77.54, cd=0, um=0","Time elapsed: 46.03 seconds","/home/thomasverwaal/Robust-Rail-NL/mathematical-models/local_search_plans_discreet_120/plan_32_trains_11_units7.json"
"/home/thomasverwaal/Robust-Rail-NL/mathematical-models/scenarios_solver_types_120/scenario_solver_32_trains_11_units7.json","Cost of next node: Cost = 310.0 : 381.30 | cr=10, dd=0, da=0, tlv=14, sm=65, rd=77.54, cd=0, um=0","Time elapsed: 49.28 seconds","/home/thomasverwaal/Robust-Rail-NL/mathematical-models/local_search_plans_discreet_120/plan_32_trains_11_units7.json"
"/home/thomasverwaal/Robust-Rail-NL/mathematical-models/scenarios_solver_types_120/scenario_solver_32_trains_11_units7.json","Cost of next node: Cost = 300.0 : 371.30 | cr=9, dd=0, da=0, tlv=14, sm=65, rd=77.54, cd=0, um=0","Time elapsed: 51.91 seconds","/home/thomasverwaal/Robust-Rail-NL/mathematical-models/local_search_plans_discreet_120/plan_32_trains_11_units7.json"
"/home/thomasverwaal/Robust-Rail-NL/mathematical-models/scenarios_solver_types_120/scenario_solver_32_trains_11_units7.json","Cost of next node: Cost = 290.0 : 361.32 | cr=8, dd=0, da=0, tlv=14, sm=66, rd=78.18, cd=0, um=0","Time elapsed: 54.19 seconds","/home/thomasverwaal/Robust-Rail-NL/mathematical-models/local_search_plans_discreet_120/plan_32_trains_11_units7.json"
"/home/thomasverwaal/Robust-Rail-NL/mathematical-models/scenarios_solver_types_120/scenario_solver_32_trains_11_units7.json","Cost of next node: Cost = 280.0 : 351.32 | cr=7, dd=0, da=0, tlv=14, sm=66, rd=78.18, cd=0, um=0","Time elapsed: 56.57 seconds","/home/thomasverwaal/Robust-Rail-NL/mathematical-models/local_search_plans_discreet_120/plan_32_trains_11_units7.json"
"/home/thomasverwaal/Robust-Rail-NL/mathematical-models/scenarios_solver_types_120/scenario_solver_32_trains_11_units7.json","Cost of next node: Cost = 270.0 : 341.32 | cr=6, dd=0, da=0, tlv=14, sm=66, rd=78.18, cd=0, um=0","Time elapsed: 58.59 seconds","/home/thomasverwaal/Robust-Rail-NL/mathematical-models/local_search_plans_discreet_120/plan_32_trains_11_units7.json"
"/home/thomasverwaal/Robust-Rail-NL/mathematical-models/scenarios_solver_types_120/scenario_solver_32_trains_11_units7.json","Cost of next node: Cost = 265.0 : 341.32 | cr=4, dd=0, da=0, tlv=15, sm=66, rd=76.36, cd=0, um=0","Time elapsed: 65.55 seconds","/home/thomasverwaal/Robust-Rail-NL/mathematical-models/local_search_plans_discreet_120/plan_32_trains_11_units7.json"
"/home/thomasverwaal/Robust-Rail-NL/mathematical-models/scenarios_solver_types_120/scenario_solver_32_trains_11_units7.json","Cost of next node: Cost = 250.0 : 321.32 | cr=4, dd=0, da=0, tlv=14, sm=66, rd=78.18, cd=0, um=0","Time elapsed: 67.17 seconds","/home/thomasverwaal/Robust-Rail-NL/mathematical-models/local_search_plans_discreet_120/plan_32_trains_11_units7.json"
"/home/thomasverwaal/Robust-Rail-NL/mathematical-models/scenarios_solver_types_120/scenario_solver_32_trains_11_units7.json","Cost of next node: Cost = 240.0 : 311.32 | cr=3, dd=0, da=0, tlv=14, sm=66, rd=78.18, cd=0, um=0","Time elapsed: 68.68 seconds","/home/thomasverwaal/Robust-Rail-NL/mathematical-models/local_search_plans_discreet_120/plan_32_trains_11_units7.json"
"/home/thomasverwaal/Robust-Rail-NL/mathematical-models/scenarios_solver_types_120/scenario_solver_32_trains_11_units7.json","Cost of next node: Cost = 230.0 : 301.32 | cr=2, dd=0, da=0, tlv=14, sm=66, rd=78.18, cd=0, um=0","Time elapsed: 69.92 seconds","/home/thomasverwaal/Robust-Rail-NL/mathematical-models/local_search_plans_discreet_120/plan_32_trains_11_units7.json"
"/home/thomasverwaal/Robust-Rail-NL/mathematical-models/scenarios_solver_types_120/scenario_solver_32_trains_11_units7.json","NO_COST_FOUND","NO_TIME_FOUND","NO_PLAN_CREATED"
"/home/thomasverwaal/Robust-Rail-NL/mathematical-models/scenarios_solver_types_120/scenario_solver_32_trains_11_units8.json","Cost of next node: Cost = 2,839.9 : 2,841.20 | cr=50, dd=32, da=30, tlv=0, sm=64, rd=180.00, cd=0, um=0","Time elapsed: 4.99 seconds","/home/thomasverwaal/Robust-Rail-NL/mathematical-models/local_search_plans_discreet_120/plan_32_trains_11_units8.json"
"/home/thomasverwaal/Robust-Rail-NL/mathematical-models/scenarios_solver_types_120/scenario_solver_32_trains_11_units8.json","Cost of next node: Cost = 2,808.5 : 2,809.74 | cr=47, dd=32, da=30, tlv=0, sm=64, rd=180.00, cd=0, um=0","Time elapsed: 5.12 seconds","/home/thomasverwaal/Robust-Rail-NL/mathematical-models/local_search_plans_discreet_120/plan_32_trains_11_units8.json"
"/home/thomasverwaal/Robust-Rail-NL/mathematical-models/scenarios_solver_types_120/scenario_solver_32_trains_11_units8.json","Cost of next node: Cost = 2,786.3 : 2,787.56 | cr=45, dd=32, da=30, tlv=0, sm=64, rd=181.88, cd=0, um=0","Time elapsed: 5.20 seconds","/home/thomasverwaal/Robust-Rail-NL/mathematical-models/local_search_plans_discreet_120/plan_32_trains_11_units8.json"
"/home/thomasverwaal/Robust-Rail-NL/mathematical-models/scenarios_solver_types_120/scenario_solver_32_trains_11_units8.json","Cost of next node: Cost = 2,751.7 : 2,757.95 | cr=46, dd=32, da=28, tlv=1, sm=64, rd=179.06, cd=0, um=0","Time elapsed: 5.27 seconds","/home/thomasverwaal/Robust-Rail-NL/mathematical-models/local_search_plans_discreet_120/plan_32_trains_11_units8.json"
"/home/thomasverwaal/Robust-Rail-NL/mathematical-models/scenarios_solver_types_120/scenario_solver_32_trains_11_units8.json","Cost of next node: Cost = 2,724.6 : 2,725.86 | cr=45, dd=32, da=28, tlv=0, sm=64, rd=177.19, cd=0, um=0","Time elapsed: 5.42 seconds","/home/thomasverwaal/Robust-Rail-NL/mathematical-models/local_search_plans_discreet_120/plan_32_trains_11_units8.json"
"/home/thomasverwaal/Robust-Rail-NL/mathematical-models/scenarios_solver_types_120/scenario_solver_32_trains_11_units8.json","Cost of next node: Cost = 2,531.7 : 2,532.99 | cr=46, dd=32, da=18, tlv=0, sm=64, rd=170.62, cd=0, um=0","Time elapsed: 5.51 seconds","/home/thomasverwaal/Robust-Rail-NL/mathematical-models/local_search_plans_discreet_120/plan_32_trains_11_units8.json"
"/home/thomasverwaal/Robust-Rail-NL/mathematical-models/scenarios_solver_types_120/scenario_solver_32_trains_11_units8.json","Cost of next node: Cost = 2,447.0 : 2,453.27 | cr=43, dd=32, da=14, tlv=1, sm=64, rd=167.81, cd=0, um=0","Time elapsed: 5.63 seconds","/home/thomasverwaal/Robust-Rail-NL/mathematical-models/local_search_plans_discreet_120/plan_32_trains_11_units8.json"
"/home/thomasverwaal/Robust-Rail-NL/mathematical-models/scenarios_solver_types_120/scenario_solver_32_trains_11_units8.json","Cost of next node: Cost = 2,423.6 : 2,434.92 | cr=43, dd=32, da=12, tlv=2, sm=64, rd=161.25, cd=0, um=0","Time elapsed: 5.80 seconds","/home/thomasverwaal/Robust-Rail-NL/mathematical-models/local_search_plans_discreet_120/plan_32_trains_11_units8.json"
"/home/thomasverwaal/Robust-Rail-NL/mathematical-models/scenarios_solver_types_120/scenario_solver_32_trains_11_units8.json","Cost of next node: Cost = 2,395.9 : 2,412.17 | cr=40, dd=32, da=12, tlv=3, sm=64, rd=157.50, cd=0, um=0","Time elapsed: 6.07 seconds","/home/thomasverwaal/Robust-Rail-NL/mathematical-models/local_search_plans_discreet_120/plan_32_trains_11_units8.json"
"/home/thomasverwaal/Robust-Rail-NL/mathematical-models/scenarios_solver_types_120/scenario_solver_32_trains_11_units8.json","Cost of next node: Cost = 2,374.3 : 2,395.61 | cr=39, dd=32, da=12, tlv=4, sm=64, rd=150.00, cd=0, um=0","Time elapsed: 6.44 seconds","/home/thomasverwaal/Robust-Rail-NL/mathematical-models/local_search_plans_discreet_120/plan_32_trains_11_units8.json"
"/home/thomasverwaal/Robust-Rail-NL/mathematical-models/scenarios_solver_types_120/scenario_solver_32_trains_11_units8.json","Cost of next node: Cost = 2,333.2 : 2,359.52 | cr=32, dd=32, da=13, tlv=5, sm=64, rd=148.12, cd=0, um=0","Time elapsed: 6.80 seconds","/home/thomasverwaal/Robust-Rail-NL/mathematical-models/local_search_plans_discreet_120/plan_32_trains_11_units8.json"
"/home/thomasverwaal/Robust-Rail-NL/mathematical-models/scenarios_solver_types_120/scenario_solver_32_trains_11_units8.json","Cost of next node: Cost = 2,309.4 : 2,340.72 | cr=32, dd=32, da=11, tlv=6, sm=64, rd=146.25, cd=0, um=0","Time elapsed: 7.05 seconds","/home/thomasverwaal/Robust-Rail-NL/mathematical-models/local_search_plans_discreet_120/plan_32_trains_11_units8.json"
"/home/thomasverwaal/Robust-Rail-NL/mathematical-models/scenarios_solver_types_120/scenario_solver_32_trains_11_units8.json","Cost of next node: Cost = 2,278.2 : 2,309.45 | cr=31, dd=32, da=10, tlv=6, sm=64, rd=142.50, cd=0, um=0","Time elapsed: 7.53 seconds","/home/thomasverwaal/Robust-Rail-NL/mathematical-models/local_search_plans_discreet_120/plan_32_trains_11_units8.json"
"/home/thomasverwaal/Robust-Rail-NL/mathematical-models/scenarios_solver_types_120/scenario_solver_32_trains_11_units8.json","Cost of next node: Cost = 2,252.1 : 2,288.35 | cr=27, dd=32, da=10, tlv=7, sm=64, rd=140.62, cd=0, um=0","Time elapsed: 7.86 seconds","/home/thomasverwaal/Robust-Rail-NL/mathematical-models/local_search_plans_discreet_120/plan_32_trains_11_units8.json"
"/home/thomasverwaal/Robust-Rail-NL/mathematical-models/scenarios_solver_types_120/scenario_solver_32_trains_11_units8.json","Cost of next node: Cost = 2,223.1 : 2,259.38 | cr=22, dd=32, da=11, tlv=7, sm=64, rd=145.31, cd=0, um=0","Time elapsed: 8.27 seconds","/home/thomasverwaal/Robust-Rail-NL/mathematical-models/local_search_plans_discreet_120/plan_32_trains_11_units8.json"
"/home/thomasverwaal/Robust-Rail-NL/mathematical-models/scenarios_solver_types_120/scenario_solver_32_trains_11_units8.json","Cost of next node: Cost = 2,200.7 : 2,241.95 | cr=15, dd=32, da=11, tlv=8, sm=64, rd=152.81, cd=0, um=0","Time elapsed: 8.93 seconds","/home/thomasverwaal/Robust-Rail-NL/mathematical-models/local_search_plans_discreet_120/plan_32_trains_11_units8.json"
"/home/thomasverwaal/Robust-Rail-NL/mathematical-models/scenarios_solver_types_120/scenario_solver_32_trains_11_units8.json","Cost of next node: Cost = 2,174.1 : 2,220.35 | cr=14, dd=32, da=10, tlv=9, sm=64, rd=147.19, cd=0, um=0","Time elapsed: 9.18 seconds","/home/thomasverwaal/Robust-Rail-NL/mathematical-models/local_search_plans_discreet_120/plan_32_trains_11_units8.json"
"/home/thomasverwaal/Robust-Rail-NL/mathematical-models/scenarios_solver_types_120/scenario_solver_32_trains_11_units8.json","Cost of next node: Cost = 2,145.7 : 2,197.03 | cr=14, dd=32, da=9, tlv=10, sm=64, rd=139.69, cd=0, um=0","Time elapsed: 9.36 seconds","/home/thomasverwaal/Robust-Rail-NL/mathematical-models/local_search_plans_discreet_120/plan_32_trains_11_units8.json"
"/home/thomasverwaal/Robust-Rail-NL/mathematical-models/scenarios_solver_types_120/scenario_solver_32_trains_11_units8.json","Cost of next node: Cost = 2,125.7 : 2,181.94 | cr=11, dd=32, da=9, tlv=11, sm=64, rd=136.88, cd=0, um=0","Time elapsed: 9.63 seconds","/home/thomasverwaal/Robust-Rail-NL/mathematical-models/local_search_plans_discreet_120/plan_32_trains_11_units8.json"
"/home/thomasverwaal/Robust-Rail-NL/mathematical-models/scenarios_solver_types_120/scenario_solver_32_trains_11_units8.json","Cost of next node: Cost = 2,104.8 : 2,161.12 | cr=8, dd=32, da=9, tlv=11, sm=64, rd=142.50, cd=0, um=0","Time elapsed: 9.88 seconds","/home/thomasverwaal/Robust-Rail-NL/mathematical-models/local_search_plans_discreet_120/plan_32_trains_11_units8.json"
"/home/thomasverwaal/Robust-Rail-NL/mathematical-models/scenarios_solver_types_120/scenario_solver_32_trains_11_units8.json","Cost of next node: Cost = 2,082.8 : 2,139.12 | cr=7, dd=32, da=9, tlv=11, sm=64, rd=133.12, cd=0, um=0","Time elapsed: 10.13 seconds","/home/thomasverwaal/Robust-Rail-NL/mathematical-models/local_search_plans_discreet_120/plan_32_trains_11_units8.json"
"/home/thomasverwaal/Robust-Rail-NL/mathematical-models/scenarios_solver_types_120/scenario_solver_32_trains_11_units8.json","Cost of next node: Cost = 2,064.0 : 2,120.26 | cr=8, dd=32, da=8, tlv=11, sm=64, rd=129.38, cd=0, um=0","Time elapsed: 11.69 seconds","/home/thomasverwaal/Robust-Rail-NL/mathematical-models/local_search_plans_discreet_120/plan_32_trains_11_units8.json"
"/home/thomasverwaal/Robust-Rail-NL/mathematical-models/scenarios_solver_types_120/scenario_solver_32_trains_11_units8.json","Cost of next node: Cost = 2,041.5 : 2,102.81 | cr=8, dd=32, da=7, tlv=12, sm=64, rd=121.88, cd=0, um=0","Time elapsed: 11.90 seconds","/home/thomasverwaal/Robust-Rail-NL/mathematical-models/local_search_plans_discreet_120/plan_32_trains_11_units8.json"
"/home/thomasverwaal/Robust-Rail-NL/mathematical-models/scenarios_solver_types_120/scenario_solver_32_trains_11_units8.json","Cost of next node: Cost = 2,019.8 : 2,081.12 | cr=8, dd=32, da=6, tlv=12, sm=64, rd=123.75, cd=0, um=0","Time elapsed: 12.03 seconds","/home/thomasverwaal/Robust-Rail-NL/mathematical-models/local_search_plans_discreet_120/plan_32_trains_11_units8.json"
"/home/thomasverwaal/Robust-Rail-NL/mathematical-models/scenarios_solver_types_120/scenario_solver_32_trains_11_units8.json","Cost of next node: Cost = 2,002.3 : 2,063.62 | cr=9, dd=32, da=5, tlv=12, sm=64, rd=120.00, cd=0, um=0","Time elapsed: 13.61 seconds","/home/thomasverwaal/Robust-Rail-NL/mathematical-models/local_search_plans_discreet_120/plan_32_trains_11_units8.json"
"/home/thomasverwaal/Robust-Rail-NL/mathematical-models/scenarios_solver_types_120/scenario_solver_32_trains_11_units8.json","Cost of next node: Cost = 1,940.0 : 2,001.26 | cr=8, dd=31, da=5, tlv=12, sm=64, rd=122.81, cd=0, um=0","Time elapsed: 13.65 seconds","/home/thomasverwaal/Robust-Rail-NL/mathematical-models/local_search_plans_discreet_120/plan_32_trains_11_units8.json"
"/home/thomasverwaal/Robust-Rail-NL/mathematical-models/scenarios_solver_types_120/scenario_solver_32_trains_11_units8.json","Cost of next node: Cost = 1,882.4 : 1,943.68 | cr=12, dd=29, da=5, tlv=12, sm=64, rd=120.94, cd=0, um=0","Time elapsed: 13.71 seconds","/home/thomasverwaal/Robust-Rail-NL/mathematical-models/local_search_plans_discreet_120/plan_32_trains_11_units8.json"
"/home/thomasverwaal/Robust-Rail-NL/mathematical-models/scenarios_solver_types_120/scenario_solver_32_trains_11_units8.json","Cost of next node: Cost = 1,797.3 : 1,863.55 | cr=12, dd=27, da=5, tlv=13, sm=64, rd=119.06, cd=0, um=0","Time elapsed: 13.76 seconds","/home/thomasverwaal/Robust-Rail-NL/mathematical-models/local_search_plans_discreet_120/plan_32_trains_11_units8.json"
"/home/thomasverwaal/Robust-Rail-NL/mathematical-models/scenarios_solver_types_120/scenario_solver_32_trains_11_units8.json","Cost of next node: Cost = 1,733.0 : 1,799.30 | cr=14, dd=25, da=6, tlv=13, sm=64, rd=118.12, cd=0, um=0","Time elapsed: 13.88 seconds","/home/thomasverwaal/Robust-Rail-NL/mathematical-models/local_search_plans_discreet_120/plan_32_trains_11_units8.json"
"/home/thomasverwaal/Robust-Rail-NL/mathematical-models/scenarios_solver_types_120/scenario_solver_32_trains_11_units8.json","Cost of next node: Cost = 1,682.4 : 1,748.68 | cr=14, dd=24, da=6, tlv=13, sm=64, rd=118.12, cd=0, um=0","Time elapsed: 13.95 seconds","/home/thomasverwaal/Robust-Rail-NL/mathematical-models/local_search_plans_discreet_120/plan_32_trains_11_units8.json"
"/home/thomasverwaal/Robust-Rail-NL/mathematical-models/scenarios_solver_types_120/scenario_solver_32_trains_11_units8.json","Cost of next node: Cost = 1,636.6 : 1,707.87 | cr=13, dd=23, da=6, tlv=14, sm=64, rd=116.25, cd=0, um=0","Time elapsed: 14.14 seconds","/home/thomasverwaal/Robust-Rail-NL/mathematical-models/local_search_plans_discreet_120/plan_32_trains_11_units8.json"
"/home/thomasverwaal/Robust-Rail-NL/mathematical-models/scenarios_solver_types_120/scenario_solver_32_trains_11_units8.json","Cost of next node: Cost = 1,611.6 : 1,677.87 | cr=12, dd=23, da=6, tlv=13, sm=64, rd=118.12, cd=0, um=0","Time elapsed: 14.26 seconds","/home/thomasverwaal/Robust-Rail-NL/mathematical-models/local_search_plans_discreet_120/plan_32_trains_11_units8.json"
"/home/thomasverwaal/Robust-Rail-NL/mathematical-models/scenarios_solver_types_120/scenario_solver_32_trains_11_units8.json","Cost of next node: Cost = 1,584.7 : 1,655.96 | cr=13, dd=22, da=6, tlv=14, sm=64, rd=118.12, cd=0, um=0","Time elapsed: 14.33 seconds","/home/thomasverwaal/Robust-Rail-NL/mathematical-models/local_search_plans_discreet_120/plan_32_trains_11_units8.json"
"/home/thomasverwaal/Robust-Rail-NL/mathematical-models/scenarios_solver_types_120/scenario_solver_32_trains_11_units8.json","Cost of next node: Cost = 1,489.7 : 1,565.94 | cr=12, dd=20, da=6, tlv=15, sm=64, rd=116.25, cd=0, um=0","Time elapsed: 14.47 seconds","/home/thomasverwaal/Robust-Rail-NL/mathematical-models/local_search_plans_discreet_120/plan_32_trains_11_units8.json"
"/home/thomasverwaal/Robust-Rail-NL/mathematical-models/scenarios_solver_types_120/scenario_solver_32_trains_11_units8.json","Cost of next node: Cost = 1,388.6 : 1,464.90 | cr=14, dd=18, da=5, tlv=15, sm=64, rd=109.69, cd=0, um=0","Time elapsed: 14.61 seconds","/home/thomasverwaal/Robust-Rail-NL/mathematical-models/local_search_plans_discreet_120/plan_32_trains_11_units8.json"
"/home/thomasverwaal/Robust-Rail-NL/mathematical-models/scenarios_solver_types_120/scenario_solver_32_trains_11_units8.json","Cost of next node: Cost = 1,346.8 : 1,423.11 | cr=15, dd=17, da=5, tlv=15, sm=64, rd=108.75, cd=0, um=0","Time elapsed: 14.66 seconds","/home/thomasverwaal/Robust-Rail-NL/mathematical-models/local_search_plans_discreet_120/plan_32_trains_11_units8.json"
"/home/thomasverwaal/Robust-Rail-NL/mathematical-models/scenarios_solver_types_120/scenario_solver_32_trains_11_units8.json","Cost of next node: Cost = 1,258.1 : 1,339.39 | cr=15, dd=15, da=5, tlv=16, sm=64, rd=105.00, cd=0, um=0","Time elapsed: 15.05 seconds","/home/thomasverwaal/Robust-Rail-NL/mathematical-models/local_search_plans_discreet_120/plan_32_trains_11_units8.json"
"/home/thomasverwaal/Robust-Rail-NL/mathematical-models/scenarios_solver_types_120/scenario_solver_32_trains_11_units8.json","Cost of next node: Cost = 1,231.5 : 1,307.79 | cr=16, dd=15, da=4, tlv=15, sm=64, rd=105.00, cd=0, um=0","Time elapsed: 15.16 seconds","/home/thomasverwaal/Robust-Rail-NL/mathematical-models/local_search_plans_discreet_120/plan_32_trains_11_units8.json"
"/home/thomasverwaal/Robust-Rail-NL/mathematical-models/scenarios_solver_types_120/scenario_solver_32_trains_11_units8.json","Cost of next node: Cost = 1,114.8 : 1,191.12 | cr=16, dd=13, da=3, tlv=15, sm=64, rd=105.94, cd=0, um=0","Time elapsed: 15.38 seconds","/home/thomasverwaal/Robust-Rail-NL/mathematical-models/local_search_plans_discreet_120/plan_32_trains_11_units8.json"
"/home/thomasverwaal/Robust-Rail-NL/mathematical-models/scenarios_solver_types_120/scenario_solver_32_trains_11_units8.json","Cost of next node: Cost = 987.5 : 1,063.73 | cr=14, dd=11, da=3, tlv=15, sm=64, rd=99.38, cd=0, um=0","Time elapsed: 15.57 seconds","/home/thomasverwaal/Robust-Rail-NL/mathematical-models/local_search_plans_discreet_120/plan_32_trains_11_units8.json"
"/home/thomasverwaal/Robust-Rail-NL/mathematical-models/scenarios_solver_types_120/scenario_solver_32_trains_11_units8.json","Cost of next node: Cost = 955.1 : 1,031.34 | cr=16, dd=10, da=3, tlv=15, sm=64, rd=97.50, cd=0, um=0","Time elapsed: 15.82 seconds","/home/thomasverwaal/Robust-Rail-NL/mathematical-models/local_search_plans_discreet_120/plan_32_trains_11_units8.json"
"/home/thomasverwaal/Robust-Rail-NL/mathematical-models/scenarios_solver_types_120/scenario_solver_32_trains_11_units8.json","Cost of next node: Cost = 932.5 : 1,003.80 | cr=15, dd=10, da=3, tlv=14, sm=64, rd=100.31, cd=0, um=0","Time elapsed: 16.09 seconds","/home/thomasverwaal/Robust-Rail-NL/mathematical-models/local_search_plans_discreet_120/plan_32_trains_11_units8.json"
"/home/thomasverwaal/Robust-Rail-NL/mathematical-models/scenarios_solver_types_120/scenario_solver_32_trains_11_units8.json","Cost of next node: Cost = 817.7 : 894.01 | cr=14, dd=8, da=2, tlv=15, sm=64, rd=96.56, cd=0, um=0","Time elapsed: 16.35 seconds","/home/thomasverwaal/Robust-Rail-NL/mathematical-models/local_search_plans_discreet_120/plan_32_trains_11_units8.json"
"/home/thomasverwaal/Robust-Rail-NL/mathematical-models/scenarios_solver_types_120/scenario_solver_32_trains_11_units8.json","Cost of next node: Cost = 792.7 : 864.01 | cr=13, dd=8, da=2, tlv=14, sm=64, rd=98.44, cd=0, um=0","Time elapsed: 16.46 seconds","/home/thomasverwaal/Robust-Rail-NL/mathematical-models/local_search_plans_discreet_120/plan_32_trains_11_units8.json"
"/home/thomasverwaal/Robust-Rail-NL/mathematical-models/scenarios_solver_types_120/scenario_solver_32_trains_11_units8.json","Cost of next node: Cost = 733.4 : 809.68 | cr=13, dd=7, da=1, tlv=15, sm=64, rd=90.94, cd=0, um=0","Time elapsed: 16.73 seconds","/home/thomasverwaal/Robust-Rail-NL/mathematical-models/local_search_plans_discreet_120/plan_32_trains_11_units8.json"
"/home/thomasverwaal/Robust-Rail-NL/mathematical-models/scenarios_solver_types_120/scenario_solver_32_trains_11_units8.json","Cost of next node: Cost = 705.5 : 781.78 | cr=12, dd=7, da=0, tlv=15, sm=64, rd=92.81, cd=0, um=0","Time elapsed: 16.97 seconds","/home/thomasverwaal/Robust-Rail-NL/mathematical-models/local_search_plans_discreet_120/plan_32_trains_11_units8.json"
"/home/thomasverwaal/Robust-Rail-NL/mathematical-models/scenarios_solver_types_120/scenario_solver_32_trains_11_units8.json","Cost of next node: Cost = 596.0 : 677.28 | cr=15, dd=4, da=0, tlv=16, sm=64, rd=85.31, cd=0, um=0","Time elapsed: 17.23 seconds","/home/thomasverwaal/Robust-Rail-NL/mathematical-models/local_search_plans_discreet_120/plan_32_trains_11_units8.json"
"/home/thomasverwaal/Robust-Rail-NL/mathematical-models/scenarios_solver_types_120/scenario_solver_32_trains_11_units8.json","Cost of next node: Cost = 576.0 : 657.28 | cr=13, dd=4, da=0, tlv=16, sm=64, rd=85.31, cd=0, um=0","Time elapsed: 21.08 seconds","/home/thomasverwaal/Robust-Rail-NL/mathematical-models/local_search_plans_discreet_120/plan_32_trains_11_units8.json"
"/home/thomasverwaal/Robust-Rail-NL/mathematical-models/scenarios_solver_types_120/scenario_solver_32_trains_11_units8.json","Cost of next node: Cost = 561.0 : 637.28 | cr=13, dd=4, da=0, tlv=15, sm=64, rd=87.19, cd=0, um=0","Time elapsed: 24.39 seconds","/home/thomasverwaal/Robust-Rail-NL/mathematical-models/local_search_plans_discreet_120/plan_32_trains_11_units8.json"
"/home/thomasverwaal/Robust-Rail-NL/mathematical-models/scenarios_solver_types_120/scenario_solver_32_trains_11_units8.json","Cost of next node: Cost = 380.0 : 461.28 | cr=14, dd=0, da=0, tlv=16, sm=64, rd=80.62, cd=0, um=0","Time elapsed: 24.51 seconds","/home/thomasverwaal/Robust-Rail-NL/mathematical-models/local_search_plans_discreet_120/plan_32_trains_11_units8.json"
"/home/thomasverwaal/Robust-Rail-NL/mathematical-models/scenarios_solver_types_120/scenario_solver_32_trains_11_units8.json","Cost of next node: Cost = 365.0 : 441.28 | cr=14, dd=0, da=0, tlv=15, sm=64, rd=80.62, cd=0, um=0","Time elapsed: 28.28 seconds","/home/thomasverwaal/Robust-Rail-NL/mathematical-models/local_search_plans_discreet_120/plan_32_trains_11_units8.json"
"/home/thomasverwaal/Robust-Rail-NL/mathematical-models/scenarios_solver_types_120/scenario_solver_32_trains_11_units8.json","Cost of next node: Cost = 350.0 : 421.28 | cr=14, dd=0, da=0, tlv=14, sm=64, rd=80.62, cd=0, um=0","Time elapsed: 31.80 seconds","/home/thomasverwaal/Robust-Rail-NL/mathematical-models/local_search_plans_discreet_120/plan_32_trains_11_units8.json"
"/home/thomasverwaal/Robust-Rail-NL/mathematical-models/scenarios_solver_types_120/scenario_solver_32_trains_11_units8.json","Cost of next node: Cost = 340.0 : 411.28 | cr=13, dd=0, da=0, tlv=14, sm=64, rd=80.62, cd=0, um=0","Time elapsed: 34.94 seconds","/home/thomasverwaal/Robust-Rail-NL/mathematical-models/local_search_plans_discreet_120/plan_32_trains_11_units8.json"
"/home/thomasverwaal/Robust-Rail-NL/mathematical-models/scenarios_solver_types_120/scenario_solver_32_trains_11_units8.json","Cost of next node: Cost = 330.0 : 401.28 | cr=12, dd=0, da=0, tlv=14, sm=64, rd=80.62, cd=0, um=0","Time elapsed: 37.72 seconds","/home/thomasverwaal/Robust-Rail-NL/mathematical-models/local_search_plans_discreet_120/plan_32_trains_11_units8.json"
"/home/thomasverwaal/Robust-Rail-NL/mathematical-models/scenarios_solver_types_120/scenario_solver_32_trains_11_units8.json","Cost of next node: Cost = 320.0 : 391.28 | cr=11, dd=0, da=0, tlv=14, sm=64, rd=80.62, cd=0, um=0","Time elapsed: 39.98 seconds","/home/thomasverwaal/Robust-Rail-NL/mathematical-models/local_search_plans_discreet_120/plan_32_trains_11_units8.json"
"/home/thomasverwaal/Robust-Rail-NL/mathematical-models/scenarios_solver_types_120/scenario_solver_32_trains_11_units8.json","Cost of next node: Cost = 310.0 : 381.28 | cr=10, dd=0, da=0, tlv=14, sm=64, rd=80.62, cd=0, um=0","Time elapsed: 41.87 seconds","/home/thomasverwaal/Robust-Rail-NL/mathematical-models/local_search_plans_discreet_120/plan_32_trains_11_units8.json"
"/home/thomasverwaal/Robust-Rail-NL/mathematical-models/scenarios_solver_types_120/scenario_solver_32_trains_11_units8.json","Cost of next node: Cost = 300.0 : 371.28 | cr=9, dd=0, da=0, tlv=14, sm=64, rd=80.62, cd=0, um=0","Time elapsed: 44.03 seconds","/home/thomasverwaal/Robust-Rail-NL/mathematical-models/local_search_plans_discreet_120/plan_32_trains_11_units8.json"
"/home/thomasverwaal/Robust-Rail-NL/mathematical-models/scenarios_solver_types_120/scenario_solver_32_trains_11_units8.json","Cost of next node: Cost = 290.0 : 361.28 | cr=8, dd=0, da=0, tlv=14, sm=64, rd=80.62, cd=0, um=0","Time elapsed: 45.85 seconds","/home/thomasverwaal/Robust-Rail-NL/mathematical-models/local_search_plans_discreet_120/plan_32_trains_11_units8.json"
"/home/thomasverwaal/Robust-Rail-NL/mathematical-models/scenarios_solver_types_120/scenario_solver_32_trains_11_units8.json","Cost of next node: Cost = 280.0 : 351.28 | cr=7, dd=0, da=0, tlv=14, sm=64, rd=80.62, cd=0, um=0","Time elapsed: 52.03 seconds","/home/thomasverwaal/Robust-Rail-NL/mathematical-models/local_search_plans_discreet_120/plan_32_trains_11_units8.json"
"/home/thomasverwaal/Robust-Rail-NL/mathematical-models/scenarios_solver_types_120/scenario_solver_32_trains_11_units8.json","Cost of next node: Cost = 270.0 : 341.28 | cr=6, dd=0, da=0, tlv=14, sm=64, rd=80.62, cd=0, um=0","Time elapsed: 57.53 seconds","/home/thomasverwaal/Robust-Rail-NL/mathematical-models/local_search_plans_discreet_120/plan_32_trains_11_units8.json"
"/home/thomasverwaal/Robust-Rail-NL/mathematical-models/scenarios_solver_types_120/scenario_solver_32_trains_11_units8.json","Cost of next node: Cost = 260.0 : 331.28 | cr=5, dd=0, da=0, tlv=14, sm=64, rd=80.62, cd=0, um=0","Time elapsed: 63.51 seconds","/home/thomasverwaal/Robust-Rail-NL/mathematical-models/local_search_plans_discreet_120/plan_32_trains_11_units8.json"
"/home/thomasverwaal/Robust-Rail-NL/mathematical-models/scenarios_solver_types_120/scenario_solver_32_trains_11_units8.json","NO_COST_FOUND","NO_TIME_FOUND","NO_PLAN_CREATED"
"/home/thomasverwaal/Robust-Rail-NL/mathematical-models/scenarios_solver_types_120/scenario_solver_32_trains_11_units9.json","Cost of next node: Cost = 2,677.1 : 2,683.39 | cr=39, dd=32, da=28, tlv=1, sm=64, rd=177.19, cd=0, um=0","Time elapsed: 5.57 seconds","/home/thomasverwaal/Robust-Rail-NL/mathematical-models/local_search_plans_discreet_120/plan_32_trains_11_units9.json"
"/home/thomasverwaal/Robust-Rail-NL/mathematical-models/scenarios_solver_types_120/scenario_solver_32_trains_11_units9.json","Cost of next node: Cost = 2,632.3 : 2,638.58 | cr=44, dd=32, da=23, tlv=1, sm=64, rd=178.12, cd=0, um=0","Time elapsed: 5.72 seconds","/home/thomasverwaal/Robust-Rail-NL/mathematical-models/local_search_plans_discreet_120/plan_32_trains_11_units9.json"
"/home/thomasverwaal/Robust-Rail-NL/mathematical-models/scenarios_solver_types_120/scenario_solver_32_trains_11_units9.json","Cost of next node: Cost = 2,549.7 : 2,555.96 | cr=42, dd=32, da=20, tlv=1, sm=64, rd=174.38, cd=0, um=0","Time elapsed: 5.81 seconds","/home/thomasverwaal/Robust-Rail-NL/mathematical-models/local_search_plans_discreet_120/plan_32_trains_11_units9.json"
"/home/thomasverwaal/Robust-Rail-NL/mathematical-models/scenarios_solver_types_120/scenario_solver_32_trains_11_units9.json","Cost of next node: Cost = 2,463.3 : 2,474.56 | cr=38, dd=32, da=16, tlv=2, sm=64, rd=177.19, cd=0, um=0","Time elapsed: 5.91 seconds","/home/thomasverwaal/Robust-Rail-NL/mathematical-models/local_search_plans_discreet_120/plan_32_trains_11_units9.json"
"/home/thomasverwaal/Robust-Rail-NL/mathematical-models/scenarios_solver_types_120/scenario_solver_32_trains_11_units9.json","Cost of next node: Cost = 2,429.3 : 2,440.61 | cr=37, dd=32, da=15, tlv=2, sm=64, rd=173.44, cd=0, um=0","Time elapsed: 6.06 seconds","/home/thomasverwaal/Robust-Rail-NL/mathematical-models/local_search_plans_discreet_120/plan_32_trains_11_units9.json"
"/home/thomasverwaal/Robust-Rail-NL/mathematical-models/scenarios_solver_types_120/scenario_solver_32_trains_11_units9.json","Cost of next node: Cost = 2,399.5 : 2,415.77 | cr=35, dd=32, da=14, tlv=3, sm=64, rd=167.81, cd=0, um=0","Time elapsed: 6.16 seconds","/home/thomasverwaal/Robust-Rail-NL/mathematical-models/local_search_plans_discreet_120/plan_32_trains_11_units9.json"
"/home/thomasverwaal/Robust-Rail-NL/mathematical-models/scenarios_solver_types_120/scenario_solver_32_trains_11_units9.json","Cost of next node: Cost = 2,364.5 : 2,385.77 | cr=30, dd=32, da=14, tlv=4, sm=64, rd=167.81, cd=0, um=0","Time elapsed: 6.24 seconds","/home/thomasverwaal/Robust-Rail-NL/mathematical-models/local_search_plans_discreet_120/plan_32_trains_11_units9.json"
"/home/thomasverwaal/Robust-Rail-NL/mathematical-models/scenarios_solver_types_120/scenario_solver_32_trains_11_units9.json","Cost of next node: Cost = 2,335.4 : 2,361.73 | cr=28, dd=32, da=13, tlv=5, sm=64, rd=162.19, cd=0, um=0","Time elapsed: 6.69 seconds","/home/thomasverwaal/Robust-Rail-NL/mathematical-models/local_search_plans_discreet_120/plan_32_trains_11_units9.json"
"/home/thomasverwaal/Robust-Rail-NL/mathematical-models/scenarios_solver_types_120/scenario_solver_32_trains_11_units9.json","Cost of next node: Cost = 2,313.7 : 2,344.93 | cr=27, dd=32, da=13, tlv=6, sm=64, rd=154.69, cd=0, um=0","Time elapsed: 7.12 seconds","/home/thomasverwaal/Robust-Rail-NL/mathematical-models/local_search_plans_discreet_120/plan_32_trains_11_units9.json"
"/home/thomasverwaal/Robust-Rail-NL/mathematical-models/scenarios_solver_types_120/scenario_solver_32_trains_11_units9.json","Cost of next node: Cost = 2,288.9 : 2,325.21 | cr=25, dd=32, da=12, tlv=7, sm=64, rd=150.94, cd=0, um=0","Time elapsed: 7.53 seconds","/home/thomasverwaal/Robust-Rail-NL/mathematical-models/local_search_plans_discreet_120/plan_32_trains_11_units9.json"
"/home/thomasverwaal/Robust-Rail-NL/mathematical-models/scenarios_solver_types_120/scenario_solver_32_trains_11_units9.json","Cost of next node: Cost = 2,261.2 : 2,302.48 | cr=21, dd=32, da=12, tlv=8, sm=64, rd=149.06, cd=0, um=0","Time elapsed: 7.64 seconds","/home/thomasverwaal/Robust-Rail-NL/mathematical-models/local_search_plans_discreet_120/plan_32_trains_11_units9.json"
"/home/thomasverwaal/Robust-Rail-NL/mathematical-models/scenarios_solver_types_120/scenario_solver_32_trains_11_units9.json","Cost of next node: Cost = 2,230.6 : 2,276.86 | cr=14, dd=32, da=12, tlv=9, sm=64, rd=154.69, cd=0, um=0","Time elapsed: 8.33 seconds","/home/thomasverwaal/Robust-Rail-NL/mathematical-models/local_search_plans_discreet_120/plan_32_trains_11_units9.json"
"/home/thomasverwaal/Robust-Rail-NL/mathematical-models/scenarios_solver_types_120/scenario_solver_32_trains_11_units9.json","Cost of next node: Cost = 2,208.4 : 2,259.73 | cr=13, dd=32, da=11, tlv=10, sm=64, rd=150.94, cd=0, um=0","Time elapsed: 8.57 seconds","/home/thomasverwaal/Robust-Rail-NL/mathematical-models/local_search_plans_discreet_120/plan_32_trains_11_units9.json"
"/home/thomasverwaal/Robust-Rail-NL/mathematical-models/scenarios_solver_types_120/scenario_solver_32_trains_11_units9.json","Cost of next node: Cost = 2,178.1 : 2,229.35 | cr=14, dd=32, da=10, tlv=10, sm=64, rd=145.31, cd=0, um=0","Time elapsed: 8.78 seconds","/home/thomasverwaal/Robust-Rail-NL/mathematical-models/local_search_plans_discreet_120/plan_32_trains_11_units9.json"
"/home/thomasverwaal/Robust-Rail-NL/mathematical-models/scenarios_solver_types_120/scenario_solver_32_trains_11_units9.json","Cost of next node: Cost = 2,139.7 : 2,195.97 | cr=12, dd=32, da=10, tlv=11, sm=64, rd=134.06, cd=0, um=0","Time elapsed: 9.07 seconds","/home/thomasverwaal/Robust-Rail-NL/mathematical-models/local_search_plans_discreet_120/plan_32_trains_11_units9.json"
"/home/thomasverwaal/Robust-Rail-NL/mathematical-models/scenarios_solver_types_120/scenario_solver_32_trains_11_units9.json","Cost of next node: Cost = 2,067.8 : 2,124.05 | cr=12, dd=31, da=10, tlv=11, sm=64, rd=126.56, cd=0, um=0","Time elapsed: 9.36 seconds","/home/thomasverwaal/Robust-Rail-NL/mathematical-models/local_search_plans_discreet_120/plan_32_trains_11_units9.json"
"/home/thomasverwaal/Robust-Rail-NL/mathematical-models/scenarios_solver_types_120/scenario_solver_32_trains_11_units9.json","Cost of next node: Cost = 1,945.1 : 2,001.40 | cr=15, dd=28, da=10, tlv=11, sm=64, rd=121.88, cd=0, um=0","Time elapsed: 9.44 seconds","/home/thomasverwaal/Robust-Rail-NL/mathematical-models/local_search_plans_discreet_120/plan_32_trains_11_units9.json"
"/home/thomasverwaal/Robust-Rail-NL/mathematical-models/scenarios_solver_types_120/scenario_solver_32_trains_11_units9.json","Cost of next node: Cost = 1,876.1 : 1,927.35 | cr=20, dd=26, da=10, tlv=10, sm=64, rd=120.00, cd=0, um=0","Time elapsed: 9.59 seconds","/home/thomasverwaal/Robust-Rail-NL/mathematical-models/local_search_plans_discreet_120/plan_32_trains_11_units9.json"
"/home/thomasverwaal/Robust-Rail-NL/mathematical-models/scenarios_solver_types_120/scenario_solver_32_trains_11_units9.json","Cost of next node: Cost = 1,686.3 : 1,737.58 | cr=21, dd=22, da=10, tlv=10, sm=64, rd=118.12, cd=0, um=0","Time elapsed: 9.77 seconds","/home/thomasverwaal/Robust-Rail-NL/mathematical-models/local_search_plans_discreet_120/plan_32_trains_11_units9.json"
"/home/thomasverwaal/Robust-Rail-NL/mathematical-models/scenarios_solver_types_120/scenario_solver_32_trains_11_units9.json","Cost of next node: Cost = 1,553.5 : 1,609.82 | cr=21, dd=20, da=8, tlv=11, sm=64, rd=110.62, cd=0, um=0","Time elapsed: 10.03 seconds","/home/thomasverwaal/Robust-Rail-NL/mathematical-models/local_search_plans_discreet_120/plan_32_trains_11_units9.json"
"/home/thomasverwaal/Robust-Rail-NL/mathematical-models/scenarios_solver_types_120/scenario_solver_32_trains_11_units9.json","Cost of next node: Cost = 1,502.8 : 1,559.08 | cr=21, dd=19, da=8, tlv=11, sm=64, rd=110.62, cd=0, um=0","Time elapsed: 10.13 seconds","/home/thomasverwaal/Robust-Rail-NL/mathematical-models/local_search_plans_discreet_120/plan_32_trains_11_units9.json"
"/home/thomasverwaal/Robust-Rail-NL/mathematical-models/scenarios_solver_types_120/scenario_solver_32_trains_11_units9.json","Cost of next node: Cost = 1,477.6 : 1,538.89 | cr=22, dd=18, da=8, tlv=12, sm=64, rd=108.75, cd=0, um=0","Time elapsed: 10.41 seconds","/home/thomasverwaal/Robust-Rail-NL/mathematical-models/local_search_plans_discreet_120/plan_32_trains_11_units9.json"
"/home/thomasverwaal/Robust-Rail-NL/mathematical-models/scenarios_solver_types_120/scenario_solver_32_trains_11_units9.json","Cost of next node: Cost = 1,412.0 : 1,478.25 | cr=19, dd=17, da=8, tlv=13, sm=64, rd=106.88, cd=0, um=0","Time elapsed: 10.71 seconds","/home/thomasverwaal/Robust-Rail-NL/mathematical-models/local_search_plans_discreet_120/plan_32_trains_11_units9.json"
"/home/thomasverwaal/Robust-Rail-NL/mathematical-models/scenarios_solver_types_120/scenario_solver_32_trains_11_units9.json","Cost of next node: Cost = 1,366.4 : 1,437.65 | cr=19, dd=17, da=5, tlv=14, sm=64, rd=101.25, cd=0, um=0","Time elapsed: 11.05 seconds","/home/thomasverwaal/Robust-Rail-NL/mathematical-models/local_search_plans_discreet_120/plan_32_trains_11_units9.json"
"/home/thomasverwaal/Robust-Rail-NL/mathematical-models/scenarios_solver_types_120/scenario_solver_32_trains_11_units9.json","Cost of next node: Cost = 1,271.2 : 1,347.49 | cr=20, dd=15, da=4, tlv=15, sm=64, rd=97.50, cd=0, um=0","Time elapsed: 11.39 seconds","/home/thomasverwaal/Robust-Rail-NL/mathematical-models/local_search_plans_discreet_120/plan_32_trains_11_units9.json"
"/home/thomasverwaal/Robust-Rail-NL/mathematical-models/scenarios_solver_types_120/scenario_solver_32_trains_11_units9.json","Cost of next node: Cost = 1,246.4 : 1,327.67 | cr=18, dd=15, da=3, tlv=16, sm=64, rd=93.75, cd=0, um=0","Time elapsed: 11.96 seconds","/home/thomasverwaal/Robust-Rail-NL/mathematical-models/local_search_plans_discreet_120/plan_32_trains_11_units9.json"
"/home/thomasverwaal/Robust-Rail-NL/mathematical-models/scenarios_solver_types_120/scenario_solver_32_trains_11_units9.json","Cost of next node: Cost = 990.2 : 1,076.44 | cr=18, dd=10, da=2, tlv=17, sm=64, rd=86.25, cd=0, um=0","Time elapsed: 12.22 seconds","/home/thomasverwaal/Robust-Rail-NL/mathematical-models/local_search_plans_discreet_120/plan_32_trains_11_units9.json"
"/home/thomasverwaal/Robust-Rail-NL/mathematical-models/scenarios_solver_types_120/scenario_solver_32_trains_11_units9.json","Cost of next node: Cost = 950.2 : 1,036.44 | cr=14, dd=10, da=2, tlv=17, sm=64, rd=86.25, cd=0, um=0","Time elapsed: 12.35 seconds","/home/thomasverwaal/Robust-Rail-NL/mathematical-models/local_search_plans_discreet_120/plan_32_trains_11_units9.json"
"/home/thomasverwaal/Robust-Rail-NL/mathematical-models/scenarios_solver_types_120/scenario_solver_32_trains_11_units9.json","Cost of next node: Cost = 926.5 : 1,007.81 | cr=13, dd=10, da=2, tlv=16, sm=64, rd=87.19, cd=0, um=0","Time elapsed: 12.64 seconds","/home/thomasverwaal/Robust-Rail-NL/mathematical-models/local_search_plans_discreet_120/plan_32_trains_11_units9.json"
"/home/thomasverwaal/Robust-Rail-NL/mathematical-models/scenarios_solver_types_120/scenario_solver_32_trains_11_units9.json","Cost of next node: Cost = 629.8 : 716.08 | cr=18, dd=3, da=2, tlv=17, sm=64, rd=75.00, cd=0, um=0","Time elapsed: 12.91 seconds","/home/thomasverwaal/Robust-Rail-NL/mathematical-models/local_search_plans_discreet_120/plan_32_trains_11_units9.json"
"/home/thomasverwaal/Robust-Rail-NL/mathematical-models/scenarios_solver_types_120/scenario_solver_32_trains_11_units9.json","Cost of next node: Cost = 579.8 : 666.08 | cr=18, dd=2, da=2, tlv=17, sm=64, rd=75.00, cd=0, um=0","Time elapsed: 13.04 seconds","/home/thomasverwaal/Robust-Rail-NL/mathematical-models/local_search_plans_discreet_120/plan_32_trains_11_units9.json"
"/home/thomasverwaal/Robust-Rail-NL/mathematical-models/scenarios_solver_types_120/scenario_solver_32_trains_11_units9.json","Cost of next node: Cost = 554.8 : 641.10 | cr=14, dd=2, da=2, tlv=18, sm=65, rd=75.69, cd=0, um=0","Time elapsed: 15.80 seconds","/home/thomasverwaal/Robust-Rail-NL/mathematical-models/local_search_plans_discreet_120/plan_32_trains_11_units9.json"
"/home/thomasverwaal/Robust-Rail-NL/mathematical-models/scenarios_solver_types_120/scenario_solver_32_trains_11_units9.json","Cost of next node: Cost = 529.8 : 616.10 | cr=13, dd=2, da=2, tlv=17, sm=65, rd=75.69, cd=0, um=0","Time elapsed: 16.07 seconds","/home/thomasverwaal/Robust-Rail-NL/mathematical-models/local_search_plans_discreet_120/plan_32_trains_11_units9.json"
"/home/thomasverwaal/Robust-Rail-NL/mathematical-models/scenarios_solver_types_120/scenario_solver_32_trains_11_units9.json","Cost of next node: Cost = 479.8 : 566.10 | cr=13, dd=1, da=2, tlv=17, sm=65, rd=75.69, cd=0, um=0","Time elapsed: 16.18 seconds","/home/thomasverwaal/Robust-Rail-NL/mathematical-models/local_search_plans_discreet_120/plan_32_trains_11_units9.json"
"/home/thomasverwaal/Robust-Rail-NL/mathematical-models/scenarios_solver_types_120/scenario_solver_32_trains_11_units9.json","Cost of next node: Cost = 400.0 : 491.30 | cr=13, dd=0, da=0, tlv=18, sm=65, rd=72.00, cd=0, um=0","Time elapsed: 16.30 seconds","/home/thomasverwaal/Robust-Rail-NL/mathematical-models/local_search_plans_discreet_120/plan_32_trains_11_units9.json"
"/home/thomasverwaal/Robust-Rail-NL/mathematical-models/scenarios_solver_types_120/scenario_solver_32_trains_11_units9.json","Cost of next node: Cost = 370.0 : 461.30 | cr=10, dd=0, da=0, tlv=18, sm=65, rd=72.00, cd=0, um=0","Time elapsed: 16.87 seconds","/home/thomasverwaal/Robust-Rail-NL/mathematical-models/local_search_plans_discreet_120/plan_32_trains_11_units9.json"
"/home/thomasverwaal/Robust-Rail-NL/mathematical-models/scenarios_solver_types_120/scenario_solver_32_trains_11_units9.json","Cost of next node: Cost = 355.0 : 441.30 | cr=10, dd=0, da=0, tlv=17, sm=65, rd=73.85, cd=0, um=0","Time elapsed: 20.52 seconds","/home/thomasverwaal/Robust-Rail-NL/mathematical-models/local_search_plans_discreet_120/plan_32_trains_11_units9.json"
"/home/thomasverwaal/Robust-Rail-NL/mathematical-models/scenarios_solver_types_120/scenario_solver_32_trains_11_units9.json","Cost of next node: Cost = 340.0 : 421.30 | cr=10, dd=0, da=0, tlv=16, sm=65, rd=75.69, cd=0, um=0","Time elapsed: 23.66 seconds","/home/thomasverwaal/Robust-Rail-NL/mathematical-models/local_search_plans_discreet_120/plan_32_trains_11_units9.json"
"/home/thomasverwaal/Robust-Rail-NL/mathematical-models/scenarios_solver_types_120/scenario_solver_32_trains_11_units9.json","Cost of next node: Cost = 325.0 : 401.30 | cr=10, dd=0, da=0, tlv=15, sm=65, rd=77.54, cd=0, um=0","Time elapsed: 26.39 seconds","/home/thomasverwaal/Robust-Rail-NL/mathematical-models/local_search_plans_discreet_120/plan_32_trains_11_units9.json"
"/home/thomasverwaal/Robust-Rail-NL/mathematical-models/scenarios_solver_types_120/scenario_solver_32_trains_11_units9.json","Cost of next node: Cost = 310.0 : 381.30 | cr=10, dd=0, da=0, tlv=14, sm=65, rd=79.38, cd=0, um=0","Time elapsed: 28.62 seconds","/home/thomasverwaal/Robust-Rail-NL/mathematical-models/local_search_plans_discreet_120/plan_32_trains_11_units9.json"
"/home/thomasverwaal/Robust-Rail-NL/mathematical-models/scenarios_solver_types_120/scenario_solver_32_trains_11_units9.json","Cost of next node: Cost = 300.0 : 371.30 | cr=9, dd=0, da=0, tlv=14, sm=65, rd=79.38, cd=0, um=0","Time elapsed: 30.72 seconds","/home/thomasverwaal/Robust-Rail-NL/mathematical-models/local_search_plans_discreet_120/plan_32_trains_11_units9.json"
"/home/thomasverwaal/Robust-Rail-NL/mathematical-models/scenarios_solver_types_120/scenario_solver_32_trains_11_units9.json","Cost of next node: Cost = 290.0 : 361.30 | cr=8, dd=0, da=0, tlv=14, sm=65, rd=79.38, cd=0, um=0","Time elapsed: 32.72 seconds","/home/thomasverwaal/Robust-Rail-NL/mathematical-models/local_search_plans_discreet_120/plan_32_trains_11_units9.json"
"/home/thomasverwaal/Robust-Rail-NL/mathematical-models/scenarios_solver_types_120/scenario_solver_32_trains_11_units9.json","Cost of next node: Cost = 280.0 : 351.30 | cr=7, dd=0, da=0, tlv=14, sm=65, rd=79.38, cd=0, um=0","Time elapsed: 34.70 seconds","/home/thomasverwaal/Robust-Rail-NL/mathematical-models/local_search_plans_discreet_120/plan_32_trains_11_units9.json"
"/home/thomasverwaal/Robust-Rail-NL/mathematical-models/scenarios_solver_types_120/scenario_solver_32_trains_11_units9.json","Cost of next node: Cost = 270.0 : 341.30 | cr=6, dd=0, da=0, tlv=14, sm=65, rd=79.38, cd=0, um=0","Time elapsed: 36.88 seconds","/home/thomasverwaal/Robust-Rail-NL/mathematical-models/local_search_plans_discreet_120/plan_32_trains_11_units9.json"
"/home/thomasverwaal/Robust-Rail-NL/mathematical-models/scenarios_solver_types_120/scenario_solver_32_trains_11_units9.json","Cost of next node: Cost = 260.0 : 331.30 | cr=5, dd=0, da=0, tlv=14, sm=65, rd=79.38, cd=0, um=0","Time elapsed: 38.49 seconds","/home/thomasverwaal/Robust-Rail-NL/mathematical-models/local_search_plans_discreet_120/plan_32_trains_11_units9.json"
"/home/thomasverwaal/Robust-Rail-NL/mathematical-models/scenarios_solver_types_120/scenario_solver_32_trains_11_units9.json","Cost of next node: Cost = 250.0 : 321.30 | cr=4, dd=0, da=0, tlv=14, sm=65, rd=79.38, cd=0, um=0","Time elapsed: 40.00 seconds","/home/thomasverwaal/Robust-Rail-NL/mathematical-models/local_search_plans_discreet_120/plan_32_trains_11_units9.json"
"/home/thomasverwaal/Robust-Rail-NL/mathematical-models/scenarios_solver_types_120/scenario_solver_32_trains_11_units9.json","Cost of next node: Cost = 240.0 : 311.34 | cr=3, dd=0, da=0, tlv=14, sm=67, rd=80.60, cd=0, um=0","Time elapsed: 50.59 seconds","/home/thomasverwaal/Robust-Rail-NL/mathematical-models/local_search_plans_discreet_120/plan_32_trains_11_units9.json"
"/home/thomasverwaal/Robust-Rail-NL/mathematical-models/scenarios_solver_types_120/scenario_solver_32_trains_11_units9.json","Cost of next node: Cost = 230.0 : 301.32 | cr=2, dd=0, da=0, tlv=14, sm=66, rd=78.18, cd=0, um=0","Time elapsed: 97.19 seconds","/home/thomasverwaal/Robust-Rail-NL/mathematical-models/local_search_plans_discreet_120/plan_32_trains_11_units9.json"
"/home/thomasverwaal/Robust-Rail-NL/mathematical-models/scenarios_solver_types_120/scenario_solver_32_trains_11_units9.json","NO_COST_FOUND","NO_TIME_FOUND","NO_PLAN_CREATED"
